{"type":"FeatureCollection","features":[{"type":"Feature","id":270,"geometry":{"type":"MultiPolygon","coordinates":[[[[100.17448052145897,-1.1358811208170323],[100.17444125975641,-1.135845429423],[100.1743734463775,-1.1358025992105354],[100.17431633942761,-1.1357990289019995],[100.17429135446253,-1.1358025992105354],[100.17426280098755,-1.1358025992105354],[100.17423424661325,-1.1358275832762956],[100.17421640136587,-1.1358704125894405],[100.17421640136587,-1.1359132437011681],[100.17427707772504,-1.1359132437011681],[100.17431633942761,-1.1359061048827925],[100.1743770148874,-1.1359132437011681],[100.17441627569065,-1.1359417971761445],[100.17444125975641,-1.135970350651121],[100.17445553739321,-1.1359881967977685],[100.17446624472149,-1.1360417352378249],[100.17446624472149,-1.1360809960410734],[100.17446267621159,-1.1361202568443218],[100.17443769124651,-1.1361452409100821],[100.17442919085454,-1.1361498175600104],[100.17439129162489,-1.1361702249758423],[100.17425923157833,-1.1362094866784105],[100.17416286292587,-1.1362487483809787],[100.1740450796168,-1.1362915776941236],[100.17393086571695,-1.1363415467249638],[100.17364890037652,-1.1364450532965407],[100.17335979531833,-1.1365806818529336],[100.17281370898553,-1.1367805570769747],[100.17251032808923,-1.1368697869110633],[100.17231045286519,-1.136912617123528],[100.17225691532445,-1.136912617123528],[100.17219623896534,-1.1368840636485515],[100.1721284237878,-1.1368340946177113],[100.172067748328,-1.1368055420421115],[100.17199636374124,-1.1367984032236791],[100.17195710293799,-1.1368162493703835],[100.17194996501894,-1.1368519407644158],[100.17196067234721,-1.1369054792044722],[100.1719749490847,-1.136934031780072],[100.172003503459,-1.1369661546642646],[100.17203562544381,-1.1369982775484004],[100.17207131683784,-1.137019693104321],[100.17211057764109,-1.1370304013319128],[100.17218910104623,-1.1370375392509686],[100.17226762265273,-1.1370268310233769],[100.1723711292243,-1.1369982775484004],[100.17245322113928,-1.1369697240734808],[100.17258171177662,-1.1369304632702324],[100.17277087877312,-1.1368697869110633],[100.17308496789701,-1.1367662803395433],[100.17324558141848,-1.1367056039803742],[100.17353111706745,-1.1366092362272298],[100.17367031503306,-1.1365342831306293],[100.17373455990207,-1.1364914529181647],[100.17394157394455,-1.1364057915939725],[100.17409861805686,-1.1363772390183158],[100.17423781602247,-1.1363379773157476],[100.17436273814991,-1.1362844397750109],[100.17444839857478,-1.1362487483809787],[100.17451792875949,-1.1362081880573669],[100.17453405899965,-1.1361987793501385],[100.17458402803055,-1.1361488103192983],[100.17459830476798,-1.1361095486167301],[100.17458402803055,-1.1360524416667772],[100.17454833573714,-1.1359774885701768],[100.17448052145897,-1.1358811208170323]]],[[[100.1720534706912,-1.1348960241321606],[100.17204276426224,-1.1348460551013204],[100.17202491811554,-1.1348389171822078],[100.17199636374124,-1.1348210710355602],[100.17194282620051,-1.1348139331164475],[100.1718999959881,-1.134806794298072],[100.1718714416138,-1.1347960869697999],[100.17180005882574,-1.1347960869697999],[100.17171082899165,-1.1348103628079684],[100.1716537220417,-1.1348317792631519],[100.17161446123845,-1.134853193919696],[100.17158590686415,-1.1348853159045689],[100.17153236932347,-1.1349602690011693],[100.17148240119189,-1.1350673449819624],[100.17145741622681,-1.1351351601594502],[100.17136461698357,-1.1353742961867965],[100.1713217867711,-1.135492078596485],[100.1713039406244,-1.1355955860673816],[100.17127538714948,-1.1356598309363903],[100.17122541901796,-1.1357383525428872],[100.1711718805779,-1.1357918909829436],[100.17106837400632,-1.1358632746703279],[100.17100769764721,-1.1359168131103843],[100.17091489930323,-1.135970350651121],[100.17086493027239,-1.1360096123536891],[100.17078283925667,-1.136088133960186],[100.17075071637254,-1.1361452409100821],[100.17074357845343,-1.1361987793501385],[100.17075785519091,-1.1362915776941236],[100.17077213102908,-1.1363522540532358],[100.17077926984746,-1.1364093610031318],[100.17077926984746,-1.1364236377406201],[100.17081139273165,-1.1364807446905729],[100.17085065443422,-1.1365342831306293],[100.17090419197496,-1.136587820671366],[100.17096129892485,-1.1366020983081171],[100.17103982143067,-1.1365699754239813],[100.17103625202145,-1.1365235749030376],[100.17102554379386,-1.1364807446905729],[100.17100412913732,-1.1364521921149162],[100.1709220381216,-1.1364343459682686],[100.17087563760066,-1.1364057915939725],[100.17083637679741,-1.1363272699874756],[100.17081853065071,-1.1362808703658516],[100.17081139273165,-1.1362237634158987],[100.17082566856982,-1.1361952099409223],[100.17088991523747,-1.1361452409100821],[100.17096129892485,-1.1361095486167301],[100.17103982143067,-1.136088133960186],[100.17112548095622,-1.1360310270102332],[100.17116474265879,-1.1359846273886092],[100.17118258880549,-1.1359346592570887],[100.17120400436136,-1.1358811208170323],[100.17126467982115,-1.1358347211953514],[100.17135747906445,-1.135784753063831],[100.17142172393346,-1.1357312146238314],[100.17145384681766,-1.135666968855503],[100.17146455504525,-1.1356312765620942],[100.17147526237352,-1.1355456170365414],[100.17147526237352,-1.1354599557123493],[100.1715002473386,-1.1353814341058523],[100.17152523140436,-1.1352922042717637],[100.1715752004352,-1.1351672830436428],[100.1715966150918,-1.1351208834219619],[100.17168584492589,-1.1350031001129537],[100.17171796691071,-1.1349709772287611],[100.1718036282349,-1.1349352849354091],[100.1718785813315,-1.1349103008696488],[100.1719285503624,-1.1349174387887047],[100.17196781116559,-1.1349388543446253],[100.17198208700376,-1.1349566995919531],[100.17199279523135,-1.1349923918853051],[100.17199636374124,-1.135013806541906],[100.172003503459,-1.1350280841787139],[100.1720320560346,-1.1350173768504419],[100.1720499021813,-1.1349709772287611],[100.1720499021813,-1.1349245776071371],[100.1720534706912,-1.1348960241321606]]],[[[100.35199560471347,-1.133448620157651],[100.35203632061979,-1.1334139683798981],[100.35202906219155,-1.1333766159380048],[100.35193579620011,-1.1333365646307243],[100.35180178912134,-1.1333019946912373],[100.35167591820914,-1.1332318862425268],[100.35155092503521,-1.1331225925335957],[100.35148206394615,-1.1330032533973622],[100.35148137326684,-1.13299784667322],[100.35148106479937,-1.1329954355908285],[100.35147779486442,-1.132969850777954],[100.35146843831785,-1.1328966486613581],[100.35148649130861,-1.1327809041154069],[100.35157876714646,-1.132623220585117],[100.35168891611067,-1.1324966643895209],[100.35173349370581,-1.1324454453010162],[100.35191448406624,-1.1322786021756883],[100.35213348517226,-1.1320916897795996],[100.35229547735446,-1.1319412619795912],[100.35247645962096,-1.1317589262334309],[100.35256320462827,-1.1316549673028362],[100.35264438463071,-1.1315576777445813],[100.35264837402332,-1.1315528969485626],[100.35265393003488,-1.1315434117989867],[100.35272225782597,-1.1314267679309751],[100.35275783500612,-1.1313660349145493],[100.35283198320951,-1.1311819302018762],[100.35288893637539,-1.130987804343647],[100.35298751106484,-1.1307717871881664],[100.3531069347373,-1.1305985966478715],[100.35323993277672,-1.130398056824788],[100.35342902962606,-1.130155569923545],[100.35381989567173,-1.1296405335837107],[100.35399453142253,-1.1294308566486961],[100.35418455727154,-1.1292175392579793],[100.35442434530734,-1.1289613601786073],[100.35456822064691,-1.1287872460345056],[100.35472293191782,-1.1285739349390838],[100.35486225398989,-1.1283697465664773],[100.35496721026863,-1.1282357448836819],[100.35502872659453,-1.1281354740728489],[100.35503503533869,-1.1280580208609194],[100.35499786725785,-1.1279550646744383],[100.35489278597333,-1.1278193335953119],[100.35472614069892,-1.1276836330931701],[100.35457760597177,-1.12755522069682],[100.35456195237225,-1.1275224332136986],[100.35452323386022,-1.1274413368481646],[100.35451229810411,-1.1272873378403006],[100.35455927868782,-1.1270749899188104],[100.35466529166996,-1.1268656862023931],[100.35469223805637,-1.1268124859074646],[100.35473159059052,-1.1267040906212173],[100.35478356421015,-1.1265609365379419],[100.35484954387141,-1.1263221611387735],[100.35494717697071,-1.1260122880366339],[100.35504571928459,-1.1257242846479585],[100.3551433460886,-1.1254007445486991],[100.35521116576274,-1.1252139040983593],[100.35529348790419,-1.1250817298379161],[100.3554002590148,-1.1249650401044846],[100.35553057527591,-1.1248528955446204],[100.35569709194732,-1.1247133936082037],[100.35584805304529,-1.1245658040685385],[100.35584900093073,-1.1245648768675096],[100.35588079915959,-1.1245337891030545],[100.35597942241247,-1.1244207470198262],[100.35608256925525,-1.1242803700429818],[100.35613774985734,-1.1241801001314684],[100.35616667295363,-1.1240771223612569],[100.35616753180619,-1.1239878142861812],[100.3561403147238,-1.1238575187094852],[100.3561202121781,-1.1238127477600415],[100.35608140643183,-1.1237263256093684],[100.35600983928271,-1.1236224710002034],[100.35591564519092,-1.1235368618366692],[100.35578615720544,-1.123476774533458],[100.35576443588008,-1.1234741700968129],[100.3556802251623,-1.1234640707102699],[100.35556434302009,-1.1234641246695674],[100.35538146857999,-1.1234815220545329],[100.35521490424452,-1.1235162331875586],[100.35505559204199,-1.1235737142554854],[100.35492977508909,-1.1236220708019005],[100.35482981544368,-1.1236484856889888],[100.3547985154392,-1.12365675675386],[100.35476737731267,-1.1236604205918752],[100.35466634837331,-1.1236723114279812],[100.35450611526505,-1.1236997200659857],[100.35436808372015,-1.1237471970754314],[100.35435223586705,-1.123752647866354],[100.35431214678823,-1.1237674803848563],[100.35418979402385,-1.1238127477600415],[100.3541820634515,-1.1238156076041719],[100.35402184203446,-1.1238721758601855],[100.35381274875942,-1.1239515500239463],[100.35361359569094,-1.1239944791618086],[100.35341894462863,-1.1240009461866975],[100.35322779462706,-1.1240035002612672],[100.35320710302545,-1.1240037763531632],[100.35320691596644,-1.1240037808497618],[100.35299978231416,-1.1240093458545743],[100.35280605035899,-1.1240194569323307],[100.35251001062852,-1.1240460238049081],[100.35190196280541,-1.1241352212634297],[100.35189135979846,-1.1241367761912215],[100.35181204678861,-1.1241484107205224],[100.35164276200391,-1.1241712642923858],[100.35146896262256,-1.1242251147971842],[100.35132323557895,-1.1242989878080039],[100.35122550895017,-1.1244065674090962],[100.35117034273719,-1.1245405448102588],[100.35115411806817,-1.1246827087399538],[100.35113508571567,-1.1248254455378515],[100.35113225464988,-1.1248466776320356],[100.35111802917379,-1.1249533723002401],[100.35108198434614,-1.1253215367594862],[100.35108195736649,-1.1253220205947514],[100.35108104905123,-1.1253383477864531],[100.35107570078304,-1.1254345356752538],[100.35107303789044,-1.1255648447417457],[100.35106767343444,-1.125699714270354],[100.35106674173682,-1.1257063197907655],[100.35103609104283,-1.1259239035652513],[100.35100359404072,-1.1261271269652866],[100.35094939459896,-1.1263923262447975],[100.35082017191348,-1.1269282061717263],[100.35074784843454,-1.127151499741899],[100.35065924992449,-1.1274103390159098],[100.35061586932699,-1.127575298960835],[100.35058067705666,-1.1278231781970476],[100.35046056000692,-1.1284602021765409],[100.35040458800137,-1.128816527960339],[100.35034590184193,-1.1291500811113337],[100.35031706508056,-1.1294380512250086],[100.3503035941356,-1.1296913839501599],[100.35020246537152,-1.1302728181360067],[100.35016906095348,-1.130460548015833],[100.35011845340398,-1.1306555866859185],[100.35009951997694,-1.1308305560852432],[100.35007784901359,-1.1309572300920649],[100.35000999876252,-1.1310611395599039],[100.34988602272182,-1.1311823987486491],[100.34963767943543,-1.1313610211941523],[100.34959287071445,-1.1313932492989807],[100.34956654216228,-1.1314121863233026],[100.34942263624572,-1.131499732626537],[100.34926243821104,-1.1316055135835654],[100.34918462796827,-1.1317003210129428],[100.34918294263878,-1.1317273816133024],[100.34918265305703,-1.1317320436988325],[100.349178330016,-1.1318014722600651],[100.34922182123012,-1.1318770935529869],[100.34933049800412,-1.131954492805562],[100.34935026959931,-1.13196256961686],[100.34936068374861,-1.1319668243094725],[100.34949983494948,-1.1320236677580056],[100.34966193684897,-1.1321292994275609],[100.34984397312093,-1.1322613486822206],[100.34991289896118,-1.1323364375764982],[100.34994179777578,-1.1323679219419773],[100.34997804315225,-1.1324344286059613],[100.35002517212405,-1.1325455767169501],[100.35002984859869,-1.1325528810106107],[100.35008239058993,-1.1326349315568223],[100.3501021747756,-1.1326658259670239],[100.35021993200434,-1.1327951736582804],[100.35037027077146,-1.1329181217738551],[100.35052784458441,-1.1330064316014727],[100.35071076129265,-1.1330965688514993],[100.35085562588648,-1.1331229198867732],[100.35103036865667,-1.1331456205738846],[100.35116346472216,-1.1331747199373012],[100.3513427742497,-1.1332757830509195],[100.35165969893603,-1.1334077675543881],[100.35178827590829,-1.1334405127694254],[100.3518932987368,-1.1334495815328864],[100.35199560471347,-1.133448620157651]]],[[[100.33823385590779,-1.1235039241666982],[100.33834010361295,-1.1234556377674494],[100.33839426618249,-1.1234241560998726],[100.33850258142905,-1.123361181972939],[100.33861505693937,-1.1232772392531274],[100.33871920023097,-1.1231912020123218],[100.338727482987,-1.1230674660906175],[100.3387244109029,-1.1230545086585835],[100.33871703916009,-1.1230234226927678],[100.33869827300697,-1.1229961687381547],[100.33866075778781,-1.1229605331020593],[100.33862949915215,-1.1229479650764915],[100.33858365081488,-1.1229437913228821],[100.3385023925714,-1.1229480235323877],[100.33843363490439,-1.1229543511623206],[100.33838898446413,-1.1229642032353695],[100.33836696546314,-1.1229690613730554],[100.33830446617822,-1.1229837706844137],[100.33823571480644,-1.1230068661739097],[100.33821580291703,-1.1230121721739579],[100.33820326906567,-1.1230155122560177],[100.33812529964291,-1.1230362856960028],[100.33803571097934,-1.1230614891963455],[100.33798154301388,-1.1230782921294349],[100.33794336139709,-1.1231150842936586],[100.33793364062507,-1.123124450732746],[100.33792708007076,-1.1231332658874749],[100.33791489875364,-1.1231496326493584],[100.33790870422337,-1.1232586880379927],[100.33791255332176,-1.1232908765726393],[100.33791447157569,-1.1233069258738624],[100.33791497339735,-1.1233111176139232],[100.3379420807625,-1.1233467613438961],[100.33800253858635,-1.1234243359642733],[100.3380183441713,-1.123446005128983],[100.33802547579512,-1.1234557843569064],[100.33805466419147,-1.1234977116500318],[100.33810676371621,-1.1235165641380718],[100.33813861500516,-1.1235176945858711],[100.33816510183806,-1.1235186352767528],[100.33823385590779,-1.1235039241666982]]],[[[100.34127987766431,-1.1246414766227986],[100.34128072572497,-1.1246414190661653],[100.34132870725409,-1.1246215872164385],[100.34133197179312,-1.1246202346360974],[100.34141705305461,-1.1245850702447342],[100.34146314960475,-1.1245570419738442],[100.34159472941332,-1.1244770382846241],[100.34162650246117,-1.1244495550029114],[100.34175170697574,-1.1243412568434792],[100.34194694259736,-1.1241013617883482],[100.34221565642747,-1.1237195582110076],[100.3423656651434,-1.1234180083343972],[100.3424237136835,-1.1232580153450726],[100.34244092221087,-1.1231189342913126],[100.34244299065153,-1.1229277078473956],[100.34243858487287,-1.1227256229890372],[100.34241903541022,-1.1224561798088075],[100.34239732127941,-1.1221910767567351],[100.34234968419065,-1.1218716735388625],[100.34228259566532,-1.1215196725947862],[100.34212259907872,-1.1210025759081077],[100.34193022240191,-1.1204789627338982],[100.34185791780874,-1.1203709820351264],[100.34177743478085,-1.1202838817956717],[100.34173854539762,-1.1202497228463812],[100.34171689871596,-1.1202307093797117],[100.34163871975119,-1.1201505537050593],[100.3415429095777,-1.1200264589538733],[100.34139346293802,-1.1198846511557008],[100.34132219975976,-1.1198376498875859],[100.34118353329347,-1.1198068723891765],[100.34106555213356,-1.1197999790857125],[100.34104180283697,-1.1198015367115204],[100.34095984761893,-1.1198139122821544],[100.3408778924009,-1.1198455621229186],[100.34054471336788,-1.1199698538256371],[100.3401809429962,-1.1202075113674823],[100.34013926481526,-1.1202507004094286],[100.34010524795889,-1.1202859502363935],[100.34007374470764,-1.1203185947273369],[100.33992367933439,-1.1204975517205753],[100.33980119077239,-1.1206734105493865],[100.33960141087647,-1.1210197187849644],[100.33950119132697,-1.1213189403167689],[100.33941934942351,-1.1215795953220322],[100.33926027014542,-1.1221564276769413],[100.33911963326454,-1.1228512232053163],[100.33911430927799,-1.1229406688767085],[100.33911893359198,-1.1230146893763617],[100.33915193511376,-1.1231411286601087],[100.33917417085138,-1.1231815981522004],[100.33921250535292,-1.1232513657578806],[100.33938958366241,-1.1235103642118816],[100.33952524369511,-1.1236645152051778],[100.33969615175607,-1.1238294499690937],[100.33991687146653,-1.1240367616871367],[100.34008549704811,-1.1241899549024765],[100.34014145466443,-1.1242407908797531],[100.34021038500134,-1.1243034115731234],[100.3404701613689,-1.1244806427674234],[100.34064102806104,-1.1245569007803056],[100.34077970262126,-1.1246015539185237],[100.34090304643848,-1.1246246341195274],[100.34104248272445,-1.1246476972333994],[100.34117883703374,-1.1246484032012063],[100.34127987766431,-1.1246414766227986]]],[[[100.35568314795898,-1.1197608037180657],[100.35572282694699,-1.1197359032892678],[100.35578339179017,-1.1196759445891189],[100.35582272543849,-1.1196405256896469],[100.35588920872004,-1.1195959849666792],[100.35596127679156,-1.1195749237436985],[100.3560260333748,-1.1195461490355001],[100.35607580545411,-1.1195044195932269],[100.35614367009435,-1.1194342922587452],[100.35621607721026,-1.1193907992459344],[100.35632505525717,-1.1193658655421928],[100.35642777042534,-1.1193577590532868],[100.35650889287115,-1.119335290391291],[100.35658024778024,-1.1192686614195395],[100.35661852022861,-1.119214319884918],[100.3566265116043,-1.1191820728943185],[100.3566049233786,-1.1191729645606188],[100.35649559819336,-1.1192059660824043],[100.35611226486918,-1.1192769369810094],[100.35598134696164,-1.1192945277202284],[100.35592355292971,-1.1193201422107677],[100.35573598672647,-1.1195690682578743],[100.35567926918299,-1.119647954989091],[100.35563436333524,-1.1196826706187153],[100.35557029563267,-1.1196872598591199],[100.35548986296686,-1.1196872967312856],[100.35535406623723,-1.1197010275803336],[100.35528199906508,-1.1197231392114304],[100.35526703884284,-1.1197434782788491],[100.35527018017473,-1.1197767711810229],[100.35530677358878,-1.1198422921879683],[100.35534753086392,-1.119874870129081],[100.35539175412623,-1.1198818596600404],[100.35542482489581,-1.1198678248401848],[100.35555571312574,-1.1197871556526593],[100.35558426120474,-1.1197685648673428],[100.35560376120469,-1.1197671538310487],[100.3556455464049,-1.1197681835547542],[100.35568314795898,-1.1197608037180657]]],[[[100.38288863810021,-1.1212251626110969],[100.38294532326813,-1.1212112536963446],[100.38299203135722,-1.1211711358391767],[100.38300043372311,-1.1211156161926965],[100.38294981807968,-1.1210046083759266],[100.38284557046677,-1.1208627843899421],[100.38277535230071,-1.1207845973312374],[100.38268845171075,-1.1206878356750281],[100.38254588758269,-1.1205267464121675],[100.382481883732,-1.1204560641959347],[100.38237420700409,-1.1203371531370863],[100.38229294606265,-1.1202014859097744],[100.38228676861951,-1.120096624959217],[100.38230662205302,-1.1199701631924199],[100.3823532959679,-1.1198390573266011],[100.38234942438646,-1.1197650368269478],[100.38228196174322,-1.1196555839380267],[100.38218618214665,-1.1195993457331497],[100.38205364995605,-1.1195801254224307],[100.38193949271346,-1.11953854706627],[100.38183372434696,-1.1194298801847822],[100.38180916206323,-1.1193265660681391],[100.38180832299577,-1.1191646485296474],[100.38180213566011,-1.1190397371940435],[100.38175229343364,-1.1189279595576522],[100.38161739602606,-1.1187707292856999],[100.38160681640153,-1.118755817626834],[100.38152387282855,-1.1186389201499765],[100.38144415692238,-1.1185340951723219],[100.38134914624618,-1.1184878763144184],[100.38118061059674,-1.1184763883745745],[100.38094161576299,-1.1184980908141711],[100.38073785816567,-1.1185074401661836],[100.38058235009544,-1.1185075130112523],[100.38049541173393,-1.1185106660343536],[100.38043358424255,-1.1185129089435577],[100.38040999592465,-1.1185137641988376],[100.38028360880156,-1.1185516121670958],[100.38022235327907,-1.1186086939360393],[100.38017182846716,-1.1186719486514676],[100.38014428403153,-1.1187227126829953],[100.38012827969641,-1.118755817626834],[100.38002565086316,-1.1189681043944688],[100.3799874008979,-1.1190729851301171],[100.37997440299637,-1.1191400673601493],[100.37996449336674,-1.1192372292147184],[100.37994997111434,-1.1193127956489661],[100.37990940629413,-1.1193852980929933],[100.37990542139812,-1.1193916194276312],[100.37989497037665,-1.1194081975302197],[100.37989022465422,-1.1194157248557417],[100.37987342801637,-1.1194423690700432],[100.37986042741687,-1.1194847855943522],[100.37986580446335,-1.1195125395719856],[100.37988343567207,-1.1195364372567269],[100.37988889545625,-1.1195409410615298],[100.37994320641388,-1.1195857569770737],[100.37994353196848,-1.1195859818075746],[100.38001140380328,-1.1196327555471726],[100.38010105631878,-1.1196720388334711],[100.38020218328421,-1.1196928131727191],[100.38030177420757,-1.1197143555330058],[100.38039449071323,-1.1197721333771824],[100.38048644279513,-1.1198330048892444],[100.38059909727059,-1.1199239416365572],[100.38072475864078,-1.1199917343310517],[100.38085500925132,-1.1200325356729195],[100.38094332267627,-1.1200475669415937],[100.38098600719854,-1.1200548316651293],[100.38099085814167,-1.1200556500481866],[100.38100816019852,-1.1200585665495737],[100.3810863688409,-1.1200717533087072],[100.38115380900115,-1.1201326266193519],[100.38120134986247,-1.1202212781893763],[100.3812071675768,-1.1202400236581411],[100.38120923601747,-1.1202466876345056],[100.3812274293025,-1.1203053090427488],[100.38126805437724,-1.120361583220415],[100.38132440499737,-1.12043534741332],[100.38134930902345,-1.1204679460388434],[100.38147116266407,-1.1205789187820301],[100.38160986870054,-1.120695284759563],[100.38175161264684,-1.1207553558749055],[100.38177224219527,-1.1207576095759464],[100.38177516499195,-1.1207579288353031],[100.38187112085558,-1.1207684140310334],[100.38199675524612,-1.1207745231257036],[100.38207873744386,-1.1208037798704709],[100.3821545979564,-1.1208484689815919],[100.38227491285699,-1.1209517291389375],[100.38261131146294,-1.1211720954158295],[100.3827300633418,-1.1212190697042388],[100.38280284187772,-1.1212259737995964],[100.38288863810021,-1.1212251626110969]]],[[[100.3682074476157,-1.1175055252597303],[100.36818979212529,-1.1174120209479383],[100.36814407239109,-1.1172758105302023],[100.36812960769532,-1.1172059727773558],[100.36812613271491,-1.117189194125956],[100.368123206321,-1.1171750630786619],[100.3681231343752,-1.1171737257867562],[100.36811754958529,-1.1170702641812795],[100.36807345582537,-1.116973551987769],[100.3679692909501,-1.1168551076770541],[100.36780344427359,-1.1167100892991471],[100.36765362171735,-1.1165723095643898],[100.36758670766051,-1.1165309389515983],[100.36751422859885,-1.1164861257340704],[100.36740609861261,-1.1164603808418292],[100.36728276828518,-1.1164588286119965],[100.36712900310107,-1.1164621201306772],[100.36694160327244,-1.1164630131574995],[100.36678543420049,-1.1164743733935438],[100.36667974407499,-1.1165171505460307],[100.36642118269151,-1.1167679633707621],[100.36616021202423,-1.1170115321564253],[100.36603293007573,-1.1171357303296645],[100.3659538922584,-1.1172506061305398],[100.36594249425076,-1.117267172541915],[100.36594030709955,-1.1172700818487442],[100.36584244287451,-1.1174002227420488],[100.36574077002058,-1.117482495420802],[100.36573106093977,-1.1174858741737239],[100.36564165483856,-1.1175169871191883],[100.36560624583166,-1.1175293096299015],[100.36548292179947,-1.1175414612693544],[100.36531632958503,-1.1175157433568188],[100.36514649891183,-1.1174053866492386],[100.36511052423134,-1.1173776596511971],[100.36508932811006,-1.1173613225669214],[100.3650127049724,-1.1173022667861119],[100.36494378992404,-1.1172442623127949],[100.36493819434224,-1.1172395516639426],[100.3649045453086,-1.1172112293147052],[100.36484442023385,-1.1171827288997633],[100.36484254964404,-1.117181842168236],[100.3648060110886,-1.1171645230242575],[100.36472431577459,-1.1171355360760913],[100.36467145902066,-1.1171492642271232],[100.36464667010779,-1.1172129587110362],[100.36464751187322,-1.1173072778085498],[100.36466027235377,-1.1173947683538472],[100.36466197117306,-1.1174064190709601],[100.36469245819046,-1.1174585293875907],[100.36471807897624,-1.1175023209752908],[100.36478779532058,-1.1175885470737512],[100.36482476285261,-1.1176279652583503],[100.36484870100679,-1.1176534898166324],[100.36488073845538,-1.1176876505645623],[100.36488735746565,-1.117697159096565],[100.36496488262327,-1.1178085311387349],[100.36505303686823,-1.1179293991224313],[100.36516519941449,-1.1180285026132424],[100.36529578906948,-1.1181211417772374],[100.36542636613393,-1.1182089488838187],[100.36553531360391,-1.118271777320615],[100.36568509299269,-1.118295077855521],[100.36574758868034,-1.1182936515307347],[100.36575254484416,-1.1182935391154842],[100.36575716735945,-1.1182934338947916],[100.36582603114647,-1.1182643785981554],[100.36587484724646,-1.1181966461582533],[100.36591807585859,-1.1181555183624141],[100.36612770423022,-1.1181094640804758],[100.36620392716958,-1.1180978691212999],[100.36624605411214,-1.1181017029311988],[100.36629126932667,-1.1181367647998286],[100.36632653624071,-1.1181887923788167],[100.36637749722377,-1.1182311792255177],[100.36643994794531,-1.1182712449219707],[100.36648167019297,-1.1182842392262273],[100.366484750371,-1.1182851979035036],[100.36653265096112,-1.1183001167569273],[100.36662745479327,-1.1183091720305924],[100.36663301080489,-1.1183097026305973],[100.36671842121825,-1.1183115984014762],[100.3668229916878,-1.1183146327140889],[100.3669061160245,-1.1183454371921471],[100.36698734818765,-1.1184036098386514],[100.36708659826797,-1.1185030289915403],[100.36716094522149,-1.1185928253985367],[100.36723683001577,-1.1186903271968163],[100.36733288660349,-1.1188369976292734],[100.36736101379978,-1.1188799447535871],[100.36736316407882,-1.1188837407919436],[100.3674097030954,-1.1189659010554465],[100.36745492280653,-1.1190325758926178],[100.36752812222511,-1.1191084903645105],[100.36757870279496,-1.1191674562130629],[100.36761550125442,-1.1192283457115195],[100.36764617263282,-1.1192927200829104],[100.36769025739954,-1.1193682577388699],[100.36774007984087,-1.1194353201838112],[100.3677929698697,-1.1194942842337809],[100.36782694176003,-1.119527781282045],[100.36785197978509,-1.1195524685714986],[100.36788302528146,-1.1196060438837776],[100.36790130580067,-1.1196404681330705],[100.36791331624659,-1.1196630833845234],[100.36795967809672,-1.1197101017397699],[100.36800564334584,-1.1197460692256413],[100.36804436365651,-1.1197763691840237],[100.36813478059571,-1.1198372433940449],[100.36822865093154,-1.1199038948488464],[100.3683198502809,-1.1199817266752916],[100.36839112694901,-1.1200611143289052],[100.36846815298293,-1.1201389515513256],[100.36849048944458,-1.1201579892997415],[100.36850759185194,-1.1201725664107585],[100.36855359757055,-1.1202117768519884],[100.36864363589513,-1.1202707238148264],[100.36871567159102,-1.1203192683195198],[100.36879190802017,-1.120355853639694],[100.36889840303894,-1.1203854889990907],[100.3690079521553,-1.1204070277620986],[100.36907422679417,-1.1204177953449062],[100.36914431725648,-1.1204192999107363],[100.36919985938607,-1.12041773688901],[100.36921033828656,-1.1204137843686226],[100.36926227323539,-1.1203941899398728],[100.36937097968701,-1.120345572590054],[100.3693813731519,-1.1203409248936964],[100.36948247223836,-1.1202988564070324],[100.36957591719488,-1.1202830112518996],[100.36960764078003,-1.1202812207017132],[100.36960907699739,-1.120281139762767],[100.36967244232943,-1.1202775649576324],[100.3697367888218,-1.1202748400118026],[100.36979384540967,-1.1202474349710769],[100.36984936235825,-1.1201957446378401],[100.36989988267351,-1.1201236351975581],[100.3699534768715,-1.1200488116033398],[100.36998715198553,-1.1199851845685771],[100.37000321117932,-1.1199273437718489],[100.37000212659694,-1.1198771750915171],[100.37000203576542,-1.1198729860494154],[100.36999774869719,-1.1198636996499545],[100.36997481598502,-1.1198140193014865],[100.36995659392176,-1.1197920299781572],[100.36994932290298,-1.1197832561922496],[100.36992307439044,-1.1197515811704761],[100.36988251766411,-1.1197143995997862],[100.36987095957716,-1.1197038037874449],[100.36986308241541,-1.1196971002409555],[100.36981118973466,-1.1196529381325604],[100.36974297705683,-1.1195939902704026],[100.36969675819887,-1.1195560092024266],[100.36969287222831,-1.1195528157098238],[100.36968014322412,-1.1195423556951027],[100.36963722577741,-1.1195049771729373],[100.36960580526375,-1.1194699162036272],[100.36960490774038,-1.1194685168585465],[100.36948404785056,-1.1192799721929418],[100.36941349693541,-1.1191171742181609],[100.36939102197812,-1.1189994952304687],[100.36938862618422,-1.1188985130559104],[100.36938857402356,-1.1188963142134867],[100.3694125256676,-1.1187503947148798],[100.36942527265825,-1.1186060975932719],[100.36942388140704,-1.1185654950015191],[100.36942290744128,-1.1185370764249001],[100.36942040912464,-1.118464225943228],[100.3693995250681,-1.1183473518487403],[100.36933300041767,-1.1182256591867485],[100.36923140310682,-1.1181050708922839],[100.36921759581543,-1.1180886816472935],[100.36918636146146,-1.1180516088945751],[100.36911507040423,-1.1180065276790856],[100.36898127916277,-1.1179219230582476],[100.36878023841734,-1.1178623582611635],[100.36859363538804,-1.1178576170353267],[100.36845027086338,-1.1178512345467766],[100.36833814428996,-1.1178271021390174],[100.36823478790518,-1.1177304169251556],[100.36821310704931,-1.1176183730893854],[100.3682074476157,-1.1175055252597303]]],[[[100.29731926237412,-1.0771030875374095],[100.29732600189351,-1.0771020901892712],[100.29749942985484,-1.0769905643630295],[100.29762855361491,-1.0768307575334006],[100.29766185011437,-1.076761505239233],[100.29785903096956,-1.0763513928025077],[100.29803786565503,-1.0758015131293064],[100.29804150611068,-1.0757903201670729],[100.29808388396413,-1.0756379759118317],[100.29811886759171,-1.0754521957621819],[100.29809850783994,-1.0753091675839528],[100.29808880865164,-1.0752639982349024],[100.29806302688723,-1.0751439216546146],[100.29805782880584,-1.0751197119051312],[100.29779176887507,-1.0743897897569354],[100.29771973677651,-1.0742616453586038],[100.29764587545685,-1.0741613691517955],[100.29754620179585,-1.0741186819315658],[100.29745576866884,-1.0741020058028994],[100.29742156835079,-1.0741061732612138],[100.29740957139467,-1.0741076346595833],[100.29734873315755,-1.0741150486705351],[100.29726652343135,-1.0741398070064179],[100.29720664656952,-1.0741578393127611],[100.29709779262907,-1.0742266167649177],[100.2970226317891,-1.0742776146201436],[100.29691698393174,-1.0743492986811134],[100.29682098939719,-1.0744687592257947],[100.29676019702555,-1.0745444110956441],[100.2965997579725,-1.0748156933894961],[100.29648727616694,-1.075040508612517],[100.29635084991185,-1.0753805126005318],[100.29625503883904,-1.0757372134016236],[100.29621085334827,-1.0759861493412473],[100.29622200314299,-1.0761756176106019],[100.29623357471974,-1.0762916130674398],[100.29623868107035,-1.0763427979816811],[100.29629597867654,-1.0765433899654226],[100.29635510100718,-1.0766994088505726],[100.29643819746491,-1.0768108258588995],[100.29650708733226,-1.0768739052065257],[100.29652475181592,-1.0768900804128521],[100.29656189201773,-1.0769240873767103],[100.29670957508688,-1.0770243411004117],[100.29686093728247,-1.0770948641365976],[100.29701596691342,-1.0771208005844528],[100.29718759892859,-1.077122582141385],[100.29731926237412,-1.0771030875374095]]],[[[100.39682806596255,-1.0421304964252158],[100.39690353886726,-1.0421178006959053],[100.39701045297011,-1.0420860968957868],[100.3972148050193,-1.0419308900984561],[100.39725251629068,-1.0418675607392629],[100.39726506093388,-1.0417884168019214],[100.39726504024947,-1.0417409325979179],[100.39722727771675,-1.0416871342537775],[100.39715178772491,-1.0416618417205541],[100.39707630672626,-1.0416555455669254],[100.39696624319765,-1.0416745869126203],[100.39687505014354,-1.0416999540895517],[100.39677129266107,-1.0417569809998213],[100.39667069179905,-1.0418424957345565],[100.39660469145343,-1.0419374947195479],[100.39658270482801,-1.0420039806991213],[100.39658901537081,-1.042048296591588],[100.39666137302402,-1.0421052452608137],[100.39678403695382,-1.0421305162103067],[100.39682806596255,-1.0421304964252158]]],[[[100.17429700040628,-1.040576000282158],[100.17456600022081,-1.040576000282158],[100.1746700068154,-1.0405650933043376],[100.17483299994308,-1.0405479998902365],[100.17507400026494,-1.040494000097965],[100.17523440514373,-1.0404299575764071],[100.17534200003331,-1.0403869996602566],[100.17566399959395,-1.040225000283499],[100.17579700033139,-1.0401440001454603],[100.17606500009975,-1.0399009997312874],[100.17607505721816,-1.0398592226249548],[100.17609100039942,-1.0397930001468012],[100.17630500037552,-1.0396049995710541],[100.17635696859929,-1.0395010631235095],[100.17635900016779,-1.0394969999865111],[100.17635906671762,-1.039496925342803],[100.17652000039777,-1.0393080002639294],[100.17652941899757,-1.0392297457561313],[100.17654599979812,-1.0390920001955806],[100.17654599979812,-1.0389039996198335],[100.17649813877813,-1.0387263160665725],[100.17646599970618,-1.0386070003127656],[100.17635900016779,-1.0383379995989799],[100.17628212521998,-1.0380048754246332],[100.17627812323684,-1.0379875328982848],[100.17627800002975,-1.0379869996003208],[100.17617540357207,-1.0377396968294761],[100.17614407299061,-1.0376641762607051],[100.17614400014554,-1.0376639999935833],[100.17603443394205,-1.0375294290398642],[100.17591867680557,-1.0373872552175953],[100.17590299982362,-1.0373679998332932],[100.17586683628554,-1.0373274853751013],[100.17585873699119,-1.0373184121149848],[100.17566200040108,-1.0370979999726728],[100.17536700028688,-1.0367480000201112],[100.17536332205975,-1.0367433766055001],[100.17515300031079,-1.0364790002056452],[100.17495448845892,-1.0361990088771336],[100.1748849996431,-1.036100999861219],[100.17468133377662,-1.035990974104152],[100.17453699978279,-1.0359130001847348],[100.17423833762922,-1.0356539288856652],[100.17375999992413,-1.0352389996800184],[100.17356998037036,-1.0351874694261483],[100.17346499980994,-1.0351589995881341],[100.17306300015741,-1.0350780003494151],[100.17299455275645,-1.0350461373693065],[100.1727150002971,-1.0349160000732809],[100.17263500020516,-1.034807999589475],[100.17236430876591,-1.0347459499655542],[100.17228600029875,-1.0347280003968535],[100.17207300036875,-1.0347280003968535],[100.17195156131555,-1.0347280003968535],[100.1719423063924,-1.0347280003968535],[100.17180399965491,-1.0347280003968535],[100.17174622990467,-1.0347446819214952],[100.1716404111761,-1.0347752399852652],[100.17161700002458,-1.034782000189125],[100.1715882370076,-1.0348001449107187],[100.17140300004849,-1.0349170001194352],[100.17126900016427,-1.0350249997039214],[100.17118616001335,-1.0351197369862462],[100.17108099958853,-1.0352399997261728],[100.17101366015237,-1.0353767047710676],[100.17094799975047,-1.0355099995867363],[100.17090484128545,-1.0357681526780311],[100.1708939999582,-1.0358330000928504],[100.1708939999582,-1.0362109995379569],[100.1708939999582,-1.0365879998362857],[100.17102480904776,-1.036948789854705],[100.17110899998045,-1.0371810002029633],[100.17110899998045,-1.0375579996019724],[100.17127000021043,-1.0377739996703212],[100.17132188389786,-1.037841144852905],[100.17145700074008,-1.0380160045349385],[100.17149495123107,-1.0381551539371685],[100.1715379999788,-1.0383130002447274],[100.1715379999788,-1.0384233776367182],[100.1715379999788,-1.0385009999211547],[100.17155998390621,-1.0385905939807003],[100.17159099972491,-1.0387169999895036],[100.17172499601179,-1.0389408817162575],[100.17175199995489,-1.0389859998040265],[100.17247600006743,-1.0396600003087428],[100.1727439998358,-1.0399019997774417],[100.17317130461208,-1.0401555654269714],[100.17319900013382,-1.0401719996380052],[100.17332839998573,-1.0402609776619443],[100.17370800022411,-1.0405219995905668],[100.17397031717644,-1.0405700170925911],[100.17400300033825,-1.040576000282158],[100.17429700040628,-1.040576000282158]]],[[[100.36274845397804,-1.0197302395588395],[100.36282811142826,-1.019706299606014],[100.36285176269877,-1.019689827623381],[100.36289014666301,-1.0196630952755754],[100.36292364101325,-1.0196298185612136],[100.36294527870172,-1.0196083229656665],[100.36298271837779,-1.0195523338730368],[100.3629932026742,-1.0195366550925087],[100.36304326793254,-1.019461783834231],[100.3631159718247,-1.0193191090895652],[100.36313509860599,-1.0192466165380552],[100.36314270776978,-1.0191324970670621],[100.3631441916512,-1.0190091262701344],[100.36313492233887,-1.0188248443910197],[100.36313104805947,-1.0187377189704989],[100.3631179944,-1.0186575327189189],[100.36309038881046,-1.0185889225406868],[100.36304440017898,-1.0185210893767476],[100.36301757160373,-1.0184864052233706],[100.36297807787605,-1.0184560324199197],[100.36296546488438,-1.018446332332303],[100.36289038498336,-1.0184093531091207],[100.36280764825443,-1.0183962733692624],[100.3627049951395,-1.0183940097757045],[100.36252576565164,-1.0184303208026222],[100.36243079274692,-1.0184635183766204],[100.36236722416811,-1.0184936186855111],[100.36231898543286,-1.01854684056417],[100.36228530582224,-1.0186077705321281],[100.36226006634905,-1.0186956783628034],[100.3622455755729,-1.018855297234154],[100.36226637059656,-1.019118216732295],[100.36228635802905,-1.0192755063594632],[100.36232394879124,-1.0194104271494666],[100.36235232959638,-1.0195091106568839],[100.3623532720859,-1.0195108607375687],[100.36236187140332,-1.0195268362944034],[100.3623876001077,-1.0195746343618453],[100.3624213237851,-1.0196231986516295],[100.36246883317017,-1.0196694417912795],[100.36252323765734,-1.0197048930663186],[100.36258682692056,-1.0197225926235092],[100.36267339026483,-1.0197333566090947],[100.36274845397804,-1.0197302395588395]]],[[[100.33886796608385,-0.99082119694065796],[100.3387792884335,-0.99073479187711655],[100.33874812602528,-0.99066998942839746],[100.33873931896449,-0.99063989181752277],[100.33871978389095,-0.99057313064542996],[100.33871055684676,-0.99048837493847941],[100.33870271475854,-0.99036158941578378],[100.33869960220494,-0.99034379273177819],[100.3386821544579,-0.99024406870876192],[100.33865451919075,-0.99016430513853493],[100.33859151718485,-0.99009096902295823],[100.33851648584721,-0.9900425630138443],[100.33843155926911,-0.99001125941202872],[100.33834452108283,-0.98999989827666468],[100.33833637862102,-0.99000020134815259],[100.33824757686426,-0.99000350096076772],[100.33815630017318,-0.99002348119864791],[100.33807988837623,-0.99005200319732012],[100.33786906300691,-0.9901539431498918],[100.33781741134453,-0.99016749503380197],[100.33776222534647,-0.99017606467361929],[100.33773122661489,-0.99017854770175973],[100.33769075622348,-0.99018179065706136],[100.33764759326186,-0.99019320575177971],[100.33761505489093,-0.99021459073071583],[100.33758676671596,-0.99025449095194062],[100.33755140177584,-0.99030650414181309],[100.3375390486882,-0.99032937839803026],[100.33738312782913,-0.99061808415723362],[100.33735000130156,-0.99069298779107839],[100.33732091722663,-0.99076463587920216],[100.33730395871078,-0.99082894999600057],[100.33721843588216,-0.9913271726108519],[100.33719260105778,-0.99143300842655435],[100.33715947902681,-0.99152093784095996],[100.33711826399673,-0.99159421729922315],[100.33707434560461,-0.99184962386101461],[100.33706872574118,-0.99195124455422956],[100.33709045695906,-0.9920262633013408],[100.33716041701967,-0.99210319310782324],[100.3371612497919,-0.9921041086176956],[100.33721034378237,-0.99218671314622497],[100.33723020620909,-0.99230826821195706],[100.33723214784538,-0.99244312604935203],[100.33723127010711,-0.99261027404486413],[100.3372303932681,-0.99277267272060499],[100.33723945843434,-0.99290325787899292],[100.33724947778126,-0.99330735025398553],[100.33727122788491,-0.99343080288917918],[100.33731280803971,-0.99359698411348063],[100.33732792924059,-0.99365870908212628],[100.33739219389469,-0.99392934836066615],[100.33741017224173,-0.9940556518467929],[100.33744705074088,-0.99426172339974528],[100.33751982567946,-0.99457699513214948],[100.33756990892419,-0.9947678645452811],[100.33760584673252,-0.9949824841542636],[100.33762571815242,-0.9951230320022546],[100.33761443435873,-0.9952208548585304],[100.3375616477519,-0.99534243870255068],[100.33745318411724,-0.99543270635427916],[100.33730603794334,-0.99553153465257083],[100.33729432517305,-0.99554169069642739],[100.33718647307734,-0.9956352102966548],[100.33717327462699,-0.99570819837458657],[100.33716373192073,-0.99579542092186557],[100.33716011214949,-0.99586473257130592],[100.33716698117132,-0.99591935199646286],[100.33719323867706,-0.99597127255611895],[100.33719390417542,-0.99597258826429425],[100.33723815621602,-0.99600837768446127],[100.33731982544964,-0.99606147815467239],[100.33732846613589,-0.99606709621946266],[100.33741557896587,-0.99610423372337209],[100.3374662080991,-0.9961115587014433],[100.33752548781109,-0.99611704276725277],[100.33757428682395,-0.99613584489327422],[100.33760288436571,-0.99616547215879336],[100.33760440242128,-0.99616704507303666],[100.3376331582437,-0.99623726683637415],[100.33766372709937,-0.99628178237833254],[100.33770113170192,-0.99629920584362708],[100.33776953413673,-0.99630698228133951],[100.33784752064662,-0.9963097000325547],[100.33798842282749,-0.99630597054408554],[100.33807267671273,-0.99625062806399001],[100.33820000632528,-0.99614800822394045],[100.33835706392739,-0.99605392295012507],[100.33850775163148,-0.99598334685390455],[100.33866693523095,-0.99590207871790426],[100.33882610983716,-0.99579731129682614],[100.33883946926613,-0.99578477474750571],[100.3389810180596,-0.99565194308263472],[100.33909135408277,-0.99552582215892471],[100.33919110238753,-0.99545313355520193],[100.33934817258017,-0.99541246621231494],[100.3395158808533,-0.9954166678448928],[100.33973029092027,-0.99542512776736203],[100.34001475008068,-0.99540791654209215],[100.34033952944577,-0.99536719074319535],[100.34061548371767,-0.99531792768016203],[100.34068341131047,-0.99530935264448317],[100.34084046891257,-0.99523663166519327],[100.34102723022255,-0.99511475823948103],[100.34121185114606,-0.99493946598352068],[100.34127139615805,-0.99487447917380223],[100.3413646288746,-0.99477272717956566],[100.34146858240922,-0.99461242032691644],[100.34148662011148,-0.994578667871167],[100.3415873711603,-0.99439014119201374],[100.34168914743628,-0.99409094304252221],[100.34169966500758,-0.99385802492787434],[100.34168892890102,-0.99355032638641205],[100.34167403163133,-0.99346485931573625],[100.34162079176616,-0.99304179304425588],[100.34156978401836,-0.99289436628191652],[100.34141869611597,-0.99248307033735728],[100.34107461460184,-0.99202450422745869],[100.34073974664204,-0.99167929316479331],[100.34065688220943,-0.99159386926163506],[100.34050757676334,-0.99143995209209379],[100.34010975985757,-0.99111531661850449],[100.33972661539104,-0.99084933942543785],[100.33965959071759,-0.99080281120075142],[100.33952229301946,-0.99074375092334321],[100.33945915431656,-0.99072902812207531],[100.33939420078178,-0.99071388263951121],[100.33931919642384,-0.99070964503403047],[100.33922932177586,-0.99071039596793753],[100.33909700991916,-0.99073394831299311],[100.33905385774938,-0.99076958394908843],[100.33901212470983,-0.99080663871535535],[100.33898170424231,-0.99081733255383142],[100.33895198164868,-0.99082232918709678],[100.33886796608385,-0.99082119694065796]]],[[[100.35430462305999,-0.9906423262822841],[100.35441556522619,-0.99049589596876331],[100.35453069193795,-0.99033954613310016],[100.35462186880426,-0.99022515416749002],[100.35467536767413,-0.99017461316782374],[100.35468642483869,-0.99016416754227521],[100.35473011660167,-0.99010696886148253],[100.35475103932907,-0.9900611897720637],[100.35475489831998,-0.99001347803954332],[100.35473600536244,-0.98996382557004381],[100.35471139721329,-0.9899332522177815],[100.35467737046434,-0.98985876586931454],[100.35461102387973,-0.98984340185148767],[100.3545635927357,-0.98986242161339533],[100.35452883213998,-0.98990289560208566],[100.3545161112296,-0.98991770653685762],[100.35450454864605,-0.98995245993802428],[100.35448945262618,-0.98999783433254152],[100.35445523342236,-0.99006077158730932],[100.35441722987133,-0.9901179792612993],[100.35438490374037,-0.99018282757538145],[100.35427470441414,-0.99034109296701445],[100.35411160876379,-0.99049298486329462],[100.35393563212381,-0.99061339599137455],[100.35392370711344,-0.99062155464099533],[100.35381843157541,-0.99064717272881353],[100.353777617643,-0.99064789128709663],[100.35366768181814,-0.99064982303087845],[100.35356442525807,-0.99065454896822303],[100.35348563565361,-0.99065815524960499],[100.35334344564359,-0.99064077495177116],[100.3531500473369,-0.99063191303230269],[100.35305046540674,-0.99065467577264599],[100.35291393213231,-0.99066020930115428],[100.35283142832782,-0.99067440689833575],[100.35278586687434,-0.99071156238863978],[100.35275983599769,-0.99077325318302201],[100.35275447603829,-0.9907859561069472],[100.35273444633771,-0.99087181797995072],[100.35271444901269,-0.99093477591912915],[100.35269723059275,-0.99104354712193299],[100.35268845860554,-0.99112846290819334],[100.35268569768687,-0.99115518806144109],[100.352671372386,-0.99122960606143806],[100.35264852241141,-0.99129828638677964],[100.35263992129541,-0.99130576784688174],[100.3526058064129,-0.99133544457504286],[100.35258866443536,-0.99138981758596856],[100.35259988887384,-0.99149862835895419],[100.35257703530198,-0.99157017212570508],[100.35249732659042,-0.99161873012025126],[100.3524829518268,-0.99163315884317171],[100.35245745244953,-0.99165875624657929],[100.35240336991967,-0.99168730882217915],[100.35236918668869,-0.99172447960103227],[100.35236549227369,-0.99172596168375549],[100.35229804042228,-0.99175300879426231],[100.3522780736742,-0.99179306279955881],[100.35227804129863,-0.99181669068769907],[100.35227800982233,-0.99183887156664241],[100.35229218313782,-0.9918732481518191],[100.35237750811558,-0.99187623210235643],[100.35247714940101,-0.99181052313707596],[100.35257957139015,-0.99179062653615802],[100.35266211926148,-0.99174493558024324],[100.35270300064303,-0.9917260138444135],[100.35273611907667,-0.99171068490011294],[100.35277878291458,-0.99171074515470536],[100.35287261637819,-0.99173091874683905],[100.35299769318902,-0.99178212164753177],[100.35311520760081,-0.99181664392295943],[100.35333136325187,-0.99182458493658032],[100.3535248487928,-0.99177141611789921],[100.35365006140125,-0.9917257854166337],[100.35379806013242,-0.99165728225773364],[100.35393855402111,-0.99153150757297226],[100.35403732116549,-0.99141330967643171],[100.35409440383376,-0.99127214759147364],[100.35413330400883,-0.99118437915569757],[100.35414005611875,-0.99116914374093312],[100.35415912534341,-0.99109282277549937],[100.35412905741015,-0.99101684894839082],[100.35412889193486,-0.9910164325622759],[100.35411759465131,-0.99095915653981592],[100.35413668006379,-0.9908713836074412],[100.35419524481478,-0.99075516511874184],[100.35430462305999,-0.9906423262822841]]],[[[100.20916524677875,-0.9850848191090904],[100.20945873962921,-0.98503326277483438],[100.20969235291983,-0.98496262372606225],[100.20987192504936,-0.98487436785774207],[100.21003250439662,-0.98474496171058945],[100.2101667722788,-0.98454207285834627],[100.21029956077615,-0.9842759850486118],[100.21039583769783,-0.98400108298352507],[100.2103983378131,-0.9839933452166747],[100.21047752042131,-0.98374823679165502],[100.21048938967363,-0.98370515836631967],[100.21049717060799,-0.98367691875472474],[100.21052855604808,-0.98356301781899447],[100.2105197408934,-0.98341457032609014],[100.2104481296775,-0.98323527428840407],[100.21034436859782,-0.98301335937895828],[100.21021579522284,-0.98281056675421041],[100.21011109435159,-0.98269002702306807],[100.21007083260292,-0.9826436741661837],[100.21006615882624,-0.9826382926230508],[100.20997329663038,-0.98253138301686249],[100.20971766703678,-0.98227278116388561],[100.20951316570012,-0.98208031005822249],[100.20926194368383,-0.98190842353488961],[100.20903553576142,-0.9817174237200561],[100.20846739625341,-0.98140014290220279],[100.20824540310292,-0.98129586830964399],[100.20804679502362,-0.98125330969241986],[100.20786572012696,-0.9812342728433805],[100.20778686936859,-0.98123723970678611],[100.2076321050377,-0.98129609134150542],[100.20755618696853,-0.98133433411220494],[100.20751514460829,-0.98135951692813705],[100.20739559682937,-0.98143286923146889],[100.20726274537947,-0.98153140255215021],[100.20712699181729,-0.98165344415110667],[100.20703065913767,-0.98176812929568769],[100.20693141984918,-0.9819283839876789],[100.20690423604174,-0.98198015525991877],[100.20682489065626,-0.98213126294740505],[100.20674027164625,-0.98234001268139082],[100.20666297581573,-0.98259432207026975],[100.2066294823648,-0.98286184789589015],[100.2066237114152,-0.98305587123144278],[100.20662672324477,-0.98331456481525947],[100.2066384647934,-0.98348065880531976],[100.20667066591858,-0.98369230615497827],[100.20672914793187,-0.98389071098745262],[100.20679492074908,-0.98405531120357637],[100.20690012344198,-0.98423459375146649],[100.20704621111383,-0.98441239871317521],[100.20709834841011,-0.98445776501381488],[100.20723025826987,-0.98457254098991598],[100.20781301805641,-0.98493832764165745],[100.20803501210617,-0.98504260133495336],[100.20825114707282,-0.98510131717199556],[100.20852422531283,-0.98512767360318776],[100.20882941114849,-0.9851319768591793],[100.20916524677875,-0.9850848191090904]]],[[[100.23093797830512,-0.95681286342284011],[100.23100683040099,-0.95678046174884912],[100.23107163284965,-0.9567318596875225],[100.23110390592058,-0.9566731816219658],[100.23111618436445,-0.95665085685152462],[100.23116073587931,-0.95651315176047547],[100.23119718720051,-0.95642404873080977],[100.23121338758784,-0.95634709554195751],[100.23121338758784,-0.95622559173762056],[100.23121338758784,-0.95607573590643824],[100.23120933794064,-0.9559906834232379],[100.23119799209371,-0.95593584456355529],[100.23118503735964,-0.95587322926604656],[100.2311420146923,-0.95575981036688518],[100.23114048494546,-0.95575577510891208],[100.23109188288413,-0.95565857098620199],[100.23103518062914,-0.95559376853753975],[100.23100742035621,-0.95556746876360421],[100.23078524374404,-0.95544294503582705],[100.23069495900523,-0.95538332268216664],[100.23069091925061,-0.95538316080416053],[100.23058156528708,-0.95539936209081588],[100.23050461209823,-0.95543176286554399],[100.23047407022221,-0.95545212531527568],[100.23045601093622,-0.95546416364021525],[100.23037500810022,-0.9555087160543394],[100.23033855587971,-0.95553301663534285],[100.23030210545784,-0.95558566924319166],[100.23020085078872,-0.95569502320671518],[100.23014009888652,-0.95574767491524426],[100.23007124679066,-0.9558003266237165],[100.22998619430746,-0.95586917871958121],[100.22992949115314,-0.95592588097457565],[100.22988493963834,-0.9559906834232379],[100.22983228792981,-0.95612028832061924],[100.22981608664315,-0.95623369193128838],[100.22983228792981,-0.95633089605394161],[100.22990114002567,-0.95642809927733197],[100.230030744923,-0.95655770417465646],[100.23014819908019,-0.95662250572399898],[100.23033045568604,-0.95671160875372152],[100.23052891267923,-0.95678451229537131],[100.23070306909142,-0.95682096271718819],[100.23083672363595,-0.95682501416303012],[100.23093797830512,-0.95681286342284011]]],[[[100.23578172774461,-0.95490063135900982],[100.23582897992355,-0.95489433070872565],[100.23588253185341,-0.95487858088176836],[100.23592509586655,-0.95486033903335965],[100.23592663280795,-0.95485967983029241],[100.23596443491078,-0.95482502895185917],[100.23599278603831,-0.95477462734714891],[100.23601168619041,-0.95473052459396968],[100.23601483561623,-0.95467697266411733],[100.23602215699702,-0.95463061171329855],[100.2360242865916,-0.95461712098330054],[100.2360242865916,-0.95457880177025345],[100.2360242865916,-0.95454781922643406],[100.23602113716584,-0.95447851567092812],[100.23600853586532,-0.95439661261355013],[100.23599278603831,-0.95435566198415245],[100.23597692469536,-0.95430279263973716],[100.23597388498689,-0.95429265997825041],[100.23596970583731,-0.95428095799974244],[100.23595813426056,-0.95424855812439091],[100.23588568217855,-0.95413515361440204],[100.2358321302487,-0.95407215160844316],[100.23574077711521,-0.95398394790083785],[100.2356651738088,-0.95394929702240461],[100.23556122027418,-0.95394614669726252],[100.23552971882151,-0.95396504774868163],[100.23547616689166,-0.95403435040492468],[100.23542802528323,-0.95409948290478042],[100.23542261496175,-0.95410680338619613],[100.23541444641961,-0.95412586271834243],[100.23539426383428,-0.95417295481797737],[100.23538166433241,-0.95425170755021327],[100.23537089135363,-0.95430126379221747],[100.23537707239404,-0.9543254528572902],[100.23537771720794,-0.95432797815362846],[100.23540041969369,-0.95441212771748951],[100.23542450533671,-0.95450140341699807],[100.23545379175914,-0.9547350922506439],[100.23548543530467,-0.95483435582082166],[100.23548561696771,-0.95483447902790886],[100.23550451801913,-0.95485653040452689],[100.23550467809849,-0.95485674264449472],[100.23555806994904,-0.95487543055662627],[100.23564312333156,-0.95489748103386773],[100.23568389139854,-0.95490155766071894],[100.23570612533746,-0.95490378168415191],[100.23578172774461,-0.95490063135900982]]],[[[100.13972864466126,-0.95140379924589524],[100.13988488298105,-0.95138757367755034],[100.14054486035707,-0.95121390739586786],[100.14078283895691,-0.95106977934676706],[100.14093613289629,-0.95098300915850587],[100.14112008472421,-0.95085947558430917],[100.14133031294364,-0.9507094767608919],[100.14151425937564,-0.95056977337628723],[100.14167483782359,-0.95042272882579937],[100.14179307079365,-0.95026247593244761],[100.14187771318598,-0.95010075984214382],[100.14195943458031,-0.94994198453491663],[100.14202800968496,-0.94978467961919932],[100.14204094913055,-0.94974345199864274],[100.14205537245755,-0.94969749484346266],[100.14206133766066,-0.94967848497407203],[100.14208198699419,-0.94961268877449356],[100.14210822201687,-0.94946127711619965],[100.14211547235124,-0.94931722461018353],[100.14211542918378,-0.94918493523653069],[100.14210263992493,-0.9490811660629106],[100.14209785822965,-0.94904236661187724],[100.14207566476017,-0.94897661807641498],[100.14204378199503,-0.94888216228190458],[100.14197071657537,-0.94872343823601568],[100.14190203445139,-0.94858088489985448],[100.1418697227096,-0.94852392813675124],[100.14180800313687,-0.94841512995424182],[100.14177369310153,-0.94835464874796571],[100.14175446739483,-0.9483207586960134],[100.14170663065653,-0.94823376187855501],[100.1416478006056,-0.94812676953472419],[100.1415703599842,-0.94797098717128847],[100.14150535428871,-0.94786662354579221],[100.14150269409413,-0.94786235266536778],[100.14149438705635,-0.94784901571944147],[100.14140235673341,-0.94775791259752395],[100.14137801388432,-0.94773867160233749],[100.14130011370935,-0.94767709771986119],[100.14118911218782,-0.94760951906403079],[100.14106643476822,-0.9475595851067169],[100.14096478439734,-0.9475438136959724],[100.14092921710971,-0.94753829635521925],[100.14052757718599,-0.94747598412931211],[100.1403231397012,-0.94747017091162888],[100.14013038890636,-0.9474790553140906],[100.1399434846042,-0.94750409963444326],[100.13971278062041,-0.94755121421712829],[100.13946456144043,-0.94762626533980665],[100.13919006227161,-0.94771454908709529],[100.1389827316678,-0.94779105261494578],[100.13881482734246,-0.94787782729986247],[100.1386294240088,-0.94801459259934973],[100.13854037313979,-0.94810428108763745],[100.13838856128314,-0.94827189852924221],[100.13825426732063,-0.9484248129547268],[100.13812144734698,-0.94860271774120974],[100.1379886309706,-0.94882324499673132],[100.13793172996543,-0.94896143482230855],[100.1378952768456,-0.94913783414369846],[100.13788073840539,-0.94933186467375208],[100.13787642705552,-0.94952883059102078],[100.13787795500366,-0.94974931467908164],[100.13789118223235,-0.94999625232514973],[100.13791459788047,-0.95015351767062839],[100.13793025597658,-0.95020429339336943],[100.13797306910192,-0.95034311903964408],[100.13805927811325,-0.95051800390268681],[100.13817616389889,-0.95072081091666405],[100.13819611535848,-0.95074912697060654],[100.13828281809765,-0.95087217760885778],[100.13838944891398,-0.95098679530428853],[100.13852090821342,-0.9510955233396885],[100.13873749463971,-0.95119151067962093],[100.13895175092262,-0.95128646559788876],[100.13909341213133,-0.9513540343611453],[100.13925843862609,-0.9513921970921615],[100.13940154774332,-0.95140390806386677],[100.13956071245696,-0.95140679398832617],[100.13972864466126,-0.95140379924589524]]],[[[100.20526674146703,-0.87592330421705356],[100.20536608867411,-0.87588517116364528],[100.20542004619824,-0.87586446067626866],[100.20553537615672,-0.8757997490591265],[100.20568719970458,-0.87568505222333215],[100.20583464894997,-0.87557477015946006],[100.20594267011819,-0.87547036966179803],[100.20604336630839,-0.87530718767652615],[100.20605910624283,-0.87527608282493929],[100.20611924840466,-0.87515723831586456],[100.20617761620406,-0.87503669139016438],[100.20621261242218,-0.87488233894873702],[100.20624009300593,-0.87468008321923207],[100.20626214168453,-0.87451779875738112],[100.20624895672404,-0.87436935306317309],[100.20622702585661,-0.87429586676080362],[100.20618757709508,-0.87420768823415074],[100.20613643894558,-0.8741224531885905],[100.20606632060429,-0.8740298688832695],[100.20598160446752,-0.8739475863119992],[100.20588959123171,-0.87387118260892294],[100.20577420731388,-0.87379038122105612],[100.20567781527899,-0.87373308541350525],[100.20552301587452,-0.87367140091436113],[100.20541349913373,-0.87364645282150377],[100.2052718532135,-0.87363767903559619],[100.20509078461208,-0.87362597795646479],[100.20495790618247,-0.87360838361996684],[100.20485569103738,-0.87360253712733993],[100.20475785738927,-0.87360991336674942],[100.20467171942437,-0.8736408131729263],[100.20466512559511,-0.87364660840421493],[100.20465853446387,-0.87365240273612699],[100.2045914279521,-0.87371139196710601],[100.20451407096766,-0.87380107416021247],[100.20442795728445,-0.87393338871487458],[100.20439619502844,-0.87399583583908225],[100.20433748099003,-0.87411127461558635],[100.20425868059368,-0.87426563065429264],[100.20417258939352,-0.87443910268240188],[100.20413321617502,-0.87461549840645603],[100.20412781304822,-0.87471007111287236],[100.20412305473525,-0.87479335912615852],[100.20412164729623,-0.8749682682708908],[100.20413629005782,-0.87509614467131769],[100.2041932863911,-0.87523575902298489],[100.20426049722425,-0.87536802501426791],[100.20434084445446,-0.87549588073028417],[100.20441972668908,-0.87560021108083674],[100.20451175071679,-0.87568543263654419],[100.20463588863544,-0.87576917930414311],[100.20477171684132,-0.87584850670316428],[100.20492505035088,-0.87590283834526872],[100.20504918017559,-0.87593072991921872],[100.20516015471742,-0.87593363293075299],[100.20526674146703,-0.87592330421705356]]],[[[100.10091318029907,-0.87558636691727543],[100.10105918343464,-0.87551429434915917],[100.10120100562199,-0.87537992664226749],[100.10120662278746,-0.87537460535372702],[100.10121315186552,-0.87536627853086202],[100.10136573444117,-0.87517171020618889],[100.10153795461298,-0.8748673922163448],[100.10173934159741,-0.87443517894030265],[100.10182776563892,-0.87406019312334138],[100.10182806781114,-0.8740589115894295],[100.10182836908405,-0.87405763635081257],[100.10185893344311,-0.87392801796363528],[100.10187493328158,-0.87372370008864664],[100.10188364141698,-0.87353995420545516],[100.10188358386034,-0.87334298738892358],[100.10188207929457,-0.87317689160022383],[100.10186011695089,-0.87299022381972691],[100.10181918340862,-0.87282854640022833],[100.10176949226832,-0.87268597507761569],[100.10172712520671,-0.87259632615945293],[100.10163362539157,-0.87244494867536559],[100.10151092908615,-0.87232151312730366],[100.10141014925904,-0.8722583411494611],[100.1013137572242,-0.87220251303551777],[100.10118670640145,-0.872154038677877],[100.10104651828226,-0.87213938062785701],[100.10087129077749,-0.87214825064120305],[100.10081358218116,-0.87216167482137053],[100.10081165493398,-0.87216212268378968],[100.10080972768685,-0.87216257054615198],[100.10064350869101,-0.87220123599820454],[100.10039528501443,-0.87225863882508747],[100.10016165643538,-0.87229545077440207],[100.0999397199422,-0.87236607183672277],[100.09973677443264,-0.87248078486027225],[100.09959953788842,-0.87257196082725841],[100.09942288405892,-0.87268226087758194],[100.09926959641479,-0.87282341756662163],[100.09912654845152,-0.87301748766685705],[100.09898642238556,-0.8732159626464977],[100.09887257271112,-0.87338504058709532],[100.0988054599041,-0.87358790875492787],[100.09877992095664,-0.87375966307791941],[100.09877374621146,-0.87380118657546291],[100.09876611546395,-0.87385250369004552],[100.09872968122988,-0.87408916658171165],[100.09872243898945,-0.8743052511863425],[100.09874440942701,-0.87452131600588245],[100.09882040034125,-0.87471826303737998],[100.09895041802741,-0.87492401263301645],[100.09910086471319,-0.87508565857621079],[100.09926591998629,-0.87523260060396524],[100.09945578665531,-0.8753530782818757],[100.09973035327323,-0.87548822929829839],[100.09999029241811,-0.87554106896510575],[100.10026336616147,-0.87558508538336355],[100.10050869312175,-0.87560559082533018],[100.10075840157901,-0.8756128627433668],[100.10091318029907,-0.87558636691727543]]],[[[100.30229013817939,-0.85948980361149552],[100.30238546721557,-0.85947929503339537],[100.30249497136589,-0.8594354926538017],[100.30254972299139,-0.85939716714551651],[100.30262089983472,-0.85935336476592283],[100.30272492891243,-0.85928766299520021],[100.30275778024742,-0.85926028673281962],[100.3028070568003,-0.85921101017993351],[100.30287275857103,-0.85915078258250333],[100.30293298616846,-0.85909603095700504],[100.30297678764867,-0.85902485411367024],[100.30303154017349,-0.85893725025385947],[100.30306439060922,-0.85884417222069942],[100.30307534165377,-0.85877299357872516],[100.30307534165377,-0.85869086569084629],[100.30305891643593,-0.85858683841183847],[100.30304796629065,-0.85848828440674652],[100.30302059002827,-0.8584335318819285],[100.30297924459654,-0.8583702124153092],[100.30296599218684,-0.85835342387139235],[100.30293846214039,-0.85831855265905688],[100.30286932316079,-0.85825965695755713],[100.30280139017208,-0.85820178828186044],[100.30279063068309,-0.85819262329090407],[100.30263185087927,-0.858044792732926],[100.30246759510351,-0.85795171469982279],[100.30239522665846,-0.85792457675773903],[100.30235809095319,-0.8578969630743245],[100.30228691321054,-0.85788601202978043],[100.30213908265262,-0.85786958681194392],[100.30198030194941,-0.85786958681194392],[100.30178866991128,-0.85790791321954885],[100.30162988920807,-0.85795718977243496],[100.30140540583488,-0.85803931766031383],[100.30130137675718,-0.85809954525774401],[100.30127933797115,-0.85811578521526144],[100.30119734857885,-0.85817619807301071],[100.30109332040047,-0.85828022715071484],[100.30100571743998,-0.85841163069216009],[100.30097456312564,-0.85852066989292553],[100.30097286610493,-0.85852661081440829],[100.30097286610493,-0.85860966860127519],[100.30097286610493,-0.85866896629971734],[100.30101119161327,-0.85887702265642929],[100.30105499399286,-0.85906317962201229],[100.30109898702869,-0.85913822714741173],[100.30114807202597,-0.85922196122447758],[100.30131232780172,-0.85933693954808632],[100.3015860877278,-0.85945191877101479],[100.30196387583226,-0.85951214636838813],[100.30218876120244,-0.85949536411970939],[100.30221833540793,-0.85949771854484425],[100.30229013817939,-0.85948980361149552]]],[[[100.10384068939635,-0.67089742987246836],[100.1038085188481,-0.67084009899133434],[100.10378367597593,-0.670746049690365],[100.10375734922235,-0.67064024355232732],[100.10373405228472,-0.6705020600219882],[100.10369890677919,-0.67039471874124956],[100.10365359533722,-0.67021249720892229],[100.103614144777,-0.67007287026672202],[100.103602405027,-0.6699243742104386],[100.10361704958723,-0.66980680224207845],[100.10366080160475,-0.6696406578899996],[100.10365929883761,-0.6695437091747749],[100.10364180072855,-0.66949216273309275],[100.103611117659,-0.669455452407135],[100.1035804462806,-0.66947020128873191],[100.10355126597818,-0.66953197572007639],[100.10351482814684,-0.66960541975424803],[100.10346660829737,-0.669675971568779],[100.10341409508447,-0.66976126686893167],[100.10337906918875,-0.66985532965969696],[100.10336004762814,-0.66995092669384348],[100.10335281168295,-0.67006406590388679],[100.10334846705814,-0.67018317391432447],[100.10334997971785,-0.67032127200906189],[100.10337039073102,-0.67047862908543721],[100.10340693738033,-0.67055793400140828],[100.10347416979715,-0.6706843508021052],[100.10354280605571,-0.67079756375653687],[100.10359973673854,-0.67091511953708505],[100.10362903215417,-0.67103855958180247],[100.10366113705192,-0.67113559283330915],[100.10372243034595,-0.6712119992343446],[100.10384514643641,-0.67127961835967653],[100.10398534175016,-0.67131928925374496],[100.10412990057449,-0.67132061215647809],[100.10428757331294,-0.67131922000595523],[100.10443650284242,-0.67131764889035139],[100.10460439997314,-0.67131028524141811],[100.10474317615672,-0.67130003386944281],[100.10488920627193,-0.67125433032305182],[100.10504241837299,-0.67118520033665163],[100.10518554907389,-0.67109708206464802],[100.1053315719945,-0.67102062889887293],[100.10562493804053,-0.67080730970951663],[100.10575926707656,-0.67045448228850546],[100.10575191511884,-0.67038394216513097],[100.10571974816793,-0.67033990686115885],[100.10568040192908,-0.67032815901728782],[100.10563505901081,-0.670342819765267],[100.10558987077599,-0.67038551687807058],[100.10556506297735,-0.67044430735887772],[100.1055314409233,-0.67051928653580717],[100.10547158474589,-0.67057808511049188],[100.10539861105713,-0.67061780366867652],[100.10533289939383,-0.67066032541362119],[100.10525844272303,-0.67070013390400618],[100.10517820610937,-0.6707309923413618],[100.10507299532253,-0.67074720441991076],[100.10499853415507,-0.67076630332218201],[100.10491096536884,-0.67081344128723686],[100.10480731490571,-0.67085018219012227],[100.10470951003595,-0.67085020467317236],[100.10453715676442,-0.67080909486378459],[100.10439696234999,-0.67077231798805315],[100.10422468012496,-0.67071800433240014],[100.10415162279924,-0.67071503656961795],[100.10407138618558,-0.6707474310490511],[100.1039735246585,-0.67083119930038038],[100.10391077895935,-0.67088267199767415],[100.10387714431482,-0.6709003148975512],[100.10384068939635,-0.67089742987246836]]],[[[100.11158801967144,-0.65927499014861723],[100.11157100000173,-0.6591000000648819],[100.11155291193739,-0.65905105985848422],[100.11152911767471,-0.6590147740125758],[100.11150770301816,-0.65899752321706728],[100.11148331340422,-0.6589880047925476],[100.11145059606821,-0.65898502983520757],[100.1114150000023,-0.65898800029594895],[100.11132500034853,-0.65901699983464823],[100.11126640502061,-0.65905008319475655],[100.11111599970366,-0.65913499988027979],[100.11066694212576,-0.65937344163097578],[100.11065766382018,-0.65937903001815812],[100.11065146569263,-0.65938247981756604],[100.11064694929735,-0.65938448170840047],[100.11064506791558,-0.65938492057756548],[100.11064400042034,-0.65938499971792908],[100.11059908737803,-0.65938298253854555],[100.11057412669464,-0.65938457164060083],[100.11054859763971,-0.65938964201831141],[100.1103970303987,-0.65945997979417825],[100.11033160292118,-0.65949308293937747],[100.11027354358924,-0.65954781118250594],[100.11023737645382,-0.6595963520899204],[100.11020977536089,-0.65962585704761523],[100.110165999961,-0.65966199990134555],[100.11015166836484,-0.659685819345043],[100.11010701972322,-0.65980798954700504],[100.11006899009186,-0.65994666770450294],[100.11004599982311,-0.66006699969221927],[100.11002099956954,-0.66019999953033448],[100.11002279191837,-0.66028565995520694],[100.11004599982311,-0.66040402962221378],[100.11004958002417,-0.66041722717324092],[100.11009201003827,-0.66051902952955288],[100.11012665102419,-0.66057997568526616],[100.1101689173617,-0.66064506321902172],[100.11022201963056,-0.66071700988203474],[100.11024498022169,-0.66076595998100629],[100.1103129599752,-0.66087299998889648],[100.11038978366167,-0.66096348887384693],[100.11047306537972,-0.66103368275821595],[100.11054595363294,-0.66108709709180857],[100.11056953925288,-0.66110785884058032],[100.11058001005949,-0.661119009534616],[100.11059601979053,-0.66113401022636253],[100.11064102995965,-0.66116703962711654],[100.11069316635661,-0.66120143509812124],[100.11078239529138,-0.66123831719454529],[100.1108700198356,-0.66124599021020458],[100.11090506191914,-0.66123975880776698],[100.1109727520909,-0.66121095262332119],[100.1110286701371,-0.66116693260778447],[100.1111310003954,-0.66107999964219744],[100.11118880701787,-0.66102940018663503],[100.11122097037156,-0.6609780201195008],[100.11123877604871,-0.66095944372329996],[100.11129732910854,-0.66086518937692063],[100.11134007388534,-0.66081418792435898],[100.11136883870103,-0.66078079429814807],[100.11138439877107,-0.66074701396348701],[100.11138903027961,-0.66071388293931932],[100.11138903027961,-0.66064904002115554],[100.11140100025602,-0.66060500022052793],[100.11144997014009,-0.66049745839092111],[100.11154656991835,-0.6601405849199864],[100.11158699984026,-0.6600139999461021],[100.11161800037047,-0.65986800040786875],[100.11162399974785,-0.65969000029321023],[100.11160885786256,-0.65955319812155722],[100.1115971801658,-0.65944769685370375],[100.11159500020915,-0.65942799990222056],[100.11159496963222,-0.65942796932529291],[100.11158801967144,-0.65927499014861723]]],[[[100.1022019771396,-0.64861944483146772],[100.10230952886172,-0.64858137383129133],[100.10236853877711,-0.64854044658432031],[100.10241400040587,-0.64849800038234662],[100.10255033043347,-0.64837198198131318],[100.10262552095111,-0.6482986935298527],[100.10270356681622,-0.64821017775744849],[100.10274600042766,-0.64813499983034717],[100.10283383990986,-0.64798095315842374],[100.10288000031181,-0.64789999978512469],[100.10290059478666,-0.64781358392968968],[100.10292118926151,-0.64772716717499179],[100.10293099996574,-0.64768599980897079],[100.10291902729136,-0.64765207558275506],[100.1028790488291,-0.64758899263784997],[100.10284728657308,-0.6475296517719471],[100.10282400042735,-0.64746400036329987],[100.10282961939146,-0.64739059499993346],[100.10283345410068,-0.64720216724617785],[100.10282155696933,-0.64705702026520839],[100.10278200028915,-0.64683500013512685],[100.10267699994364,-0.64650800034388567],[100.10263599985154,-0.64643199953712838],[100.10259299966725,-0.6463870001599048],[100.1023769995989,-0.64627899967604208],[100.10214599973818,-0.64623600039107032],[100.10190849328239,-0.6462000877638161],[100.10165899976306,-0.64619100011452701],[100.10141600024826,-0.64615700034522661],[100.10118400034139,-0.64617899956112979],[100.10106550027268,-0.6462269999760224],[100.10091410390282,-0.64629116210738857],[100.1007170003893,-0.64638800020600229],[100.10064099958254,-0.64649699983664277],[100.10056841799815,-0.64661410235891026],[100.10054852319587,-0.64665644783673315],[100.10052457874639,-0.64673718717142492],[100.10051199992893,-0.64687800031941833],[100.10051199992893,-0.64714299994943758],[100.10055500011322,-0.64737499985631075],[100.10069353437916,-0.64757721061971552],[100.10083999976621,-0.64779100015448421],[100.10088508008243,-0.64789395993824428],[100.10090036316132,-0.64794023095686271],[100.10094106917506,-0.64799900075325922],[100.10100550200235,-0.64806672509922691],[100.10109932017752,-0.64814592029796358],[100.10113401512274,-0.64816022401510054],[100.1011420002032,-0.64816600036056116],[100.10120552021863,-0.64823551975337068],[100.10121749199374,-0.64825133433157589],[100.10127383002327,-0.64834188976635687],[100.10129754964225,-0.64836485035749547],[100.10133082995389,-0.64838496999033168],[100.1013773500847,-0.648395910243039],[100.10145302533692,-0.64841993293350697],[100.10148217865969,-0.64843301537132447],[100.10151013768279,-0.64844988665288383],[100.10154399985578,-0.64847600026712371],[100.10156999206157,-0.64850713479637534],[100.10162628962161,-0.64856685967276917],[100.10167233311176,-0.64860082256984697],[100.10169238529539,-0.64860897582354937],[100.10178224015834,-0.64862420404375598],[100.1018764666257,-0.64862706029055062],[100.10200000019989,-0.64862900012821001],[100.10209442541748,-0.64863372156895593],[100.1022019771396,-0.64861944483146772]]],[[[100.10002145212837,-0.63404575930428564],[100.10011668493712,-0.63396987001345906],[100.10020380046507,-0.63388494973060006],[100.10022106834771,-0.63385664356917459],[100.1002719996531,-0.63377799965491022],[100.1003041180407,-0.63372051319106504],[100.10033053922308,-0.63361596340592996],[100.10032160625718,-0.63355279322678371],[100.10028884935099,-0.63348349416787642],[100.10025499976848,-0.63342599961015367],[100.10019295823849,-0.63333550263126881],[100.10013531978922,-0.63325589014715433],[100.10002234875247,-0.63310658739902692],[100.09998900009236,-0.63303799970390173],[100.09997979283321,-0.6329773062576578],[100.099973807845,-0.63285912275028977],[100.09995801934718,-0.63278852866761781],[100.09990337564034,-0.63266115229032494],[100.09979700023143,-0.63249799998266099],[100.09969343430458,-0.63243687935846538],[100.09953900002489,-0.6323890003520205],[100.09939699977178,-0.63237100042130123],[100.09919000011848,-0.63239099954495259],[100.09887399993522,-0.63247099963689379],[100.09848700007507,-0.63279800032739786],[100.0981780002146,-0.6332010000260766],[100.09809708011619,-0.63337903521426142],[100.09808280337876,-0.63349562872025444],[100.09808899970761,-0.63367899958609541],[100.09814893412607,-0.63383891973029449],[100.09823187320245,-0.63396443361165211],[100.09836299975268,-0.63408200018409389],[100.09860600016685,-0.63419700009143298],[100.09884200025817,-0.63426899981442375],[100.09896747007275,-0.63430743953665569],[100.09910568957599,-0.63432893962880144],[100.09923650406148,-0.63431630055680444],[100.09931799972594,-0.63431099995261775],[100.09939522001343,-0.63431103322756144],[100.09943148067833,-0.63431416376761263],[100.0994800215858,-0.63430083941216253],[100.09952856339254,-0.63427038207242958],[100.09958655977198,-0.63422970034037007],[100.09961231995266,-0.63421232274043859],[100.09970083572506,-0.63416949162871106],[100.09978200043901,-0.6341230002761904],[100.09981504962491,-0.63411083874416363],[100.0998411047832,-0.63410726933494743],[100.09985859389906,-0.63410834042753095],[100.09989000272151,-0.63411048171332141],[100.0999170759124,-0.63410889440990559],[100.10002145212837,-0.63404575930428564]]],[[[100.07532799958756,-0.59674699977415457],[100.0754089997256,-0.59671500009710599],[100.07547299997901,-0.59667500005116381],[100.07556699981723,-0.59658400035129944],[100.07563999958637,-0.59647799995968853],[100.07572299981666,-0.59627699968376646],[100.07572016065694,-0.59621331509237052],[100.07571600039319,-0.59611999963823337],[100.07568723198023,-0.5959993618810131],[100.07565400023196,-0.5958600002387584],[100.07561600027827,-0.59573299977807892],[100.07548599967919,-0.59555899984792404],[100.07528600034868,-0.59545100026338105],[100.07516300007245,-0.59543599957169135],[100.07507301031126,-0.59544595956333524],[100.07499698971935,-0.59545602027907307],[100.07487300018886,-0.59552500007862363],[100.07479900037362,-0.59557403021727851],[100.07477603978248,-0.59559598986299989],[100.07472197973561,-0.59565701965567541],[100.07468699970531,-0.59570300019328215],[100.07462719209133,-0.59584200930123643],[100.07457800007472,-0.5960130000998447],[100.0745619597667,-0.59612397014507224],[100.07458300030527,-0.59631799977580613],[100.07467600009738,-0.59650100012100893],[100.07480000041977,-0.5966529999359409],[100.07491500032705,-0.5967210003738046],[100.07508500007276,-0.59675400009700752],[100.07532799958756,-0.59674699977415457]]],[[[100.10255198698468,-0.32212133053491243],[100.10256319793331,-0.32163748987818508],[100.10245916525832,-0.3211320187276101],[100.10244235692932,-0.3210503512926266],[100.10243657878516,-0.32102227805563643],[100.1024364843563,-0.32102235899463949],[100.10238505032987,-0.32106582232978553],[100.10227475657484,-0.32115902536867225],[100.10185628134235,-0.32151265768294479],[100.10174436880766,-0.32160722859066482],[100.10161407772756,-0.3217173307901362],[100.10066603131236,-0.32205602986186932],[100.09968073138072,-0.32240803889982317],[100.09621719576705,-0.32238562509650137],[100.09583979527042,-0.32238318253780562],[100.09318597595211,-0.32215655518081121],[100.08837295185032,-0.32174553712678744],[100.08780624766024,-0.32283016987639712],[100.08726889644248,-0.32289416473389565],[100.08260688559938,-0.32344937918543337],[100.08091639037917,-0.32365070591527001],[100.07753698364496,-0.32375823875167953],[100.07740381383502,-0.32376247635716027],[100.076585410988,-0.32339147093961174],[100.07591417859652,-0.32298560420224476],[100.07493987287688,-0.32323760503140875],[100.07245318986287,-0.32388077767569712],[100.07047395470931,-0.32432228094847915],[100.06938745586643,-0.32455121686513166],[100.06708779136852,-0.32541553639782705],[100.06662027700423,-0.32657231366130191],[100.06655265697958,-0.32673962713204219],[100.0665932919469,-0.32788593358890239],[100.06665142232532,-0.32811441354931503],[100.0667911356025,-0.32866355397976577],[100.06694712840732,-0.32927667667723881],[100.06695136061688,-0.32929331413509999],[100.06704120918454,-0.32964645721818897],[100.06687858028232,-0.3307110117037837],[100.06598325212542,-0.33193941097499646],[100.06547564508503,-0.33230911507354222],[100.06479748521582,-0.33277116335847268],[100.06377013388465,-0.33375322303277244],[100.06282833865697,-0.3342380583396789],[100.06236148979099,-0.33447839136459834],[100.06173561110961,-0.33585356898697682],[100.06161860031818,-0.33641863191428456],[100.06143144240718,-0.33732244787262289],[100.06134915893659,-0.33788607458262732],[100.06126500577545,-0.33846250494059404],[100.06116777557247,-0.33978431769207873],[100.06116374481104,-0.34209544494876809],[100.06111589368362,-0.34227791379464634],[100.06072090604505,-0.34378409835738921],[100.06022108533489,-0.34483109088210995],[100.059888855986,-0.34552702225420262],[100.05930453227842,-0.34635245240372114],[100.05868184888828,-0.3469931060469662],[100.05737245937155,-0.34834028597538236],[100.05598488639345,-0.34958479030575518],[100.05583159605135,-0.34972227416358237],[100.0557945376878,-0.34974583280387606],[100.05462385600623,-0.35049008564885753],[100.05341761872819,-0.35104430724891245],[100.05339932292048,-0.3510527132120842],[100.05210826338572,-0.35165304125479224],[100.0518334386623,-0.35176509228512032],[100.05080024443578,-0.35218634462404452],[100.05005366414537,-0.35249073905629302],[100.04878719207534,-0.35305372814696057],[100.04761367213331,-0.35359473510891348],[100.04686390914213,-0.35379149867867454],[100.04572750961694,-0.35406451486539936],[100.04439191025853,-0.35454229589021224],[100.04237686140311,-0.35444439479294942],[100.0417512417265,-0.35441400040576809],[100.04150724576283,-0.3543770040953973],[100.0410032486011,-0.354188002574233],[100.04068324283747,-0.35397999927749879],[100.04029324193965,-0.35380800033891546],[100.03999566706642,-0.35379295468106875],[100.03975924609239,-0.35378100089241116],[100.03835624164731,-0.35348200059382862],[100.03761966181798,-0.35365341677169226],[100.03611615004036,-0.35456216731012091],[100.03561439578777,-0.355416072693572],[100.0354412466163,-0.35672099977426797],[100.03581524407832,-0.35772500290653397],[100.03640831459211,-0.35818814656568065],[100.0364684909282,-0.35821918936403563],[100.03715824305851,-0.35857499983632124],[100.03988224187202,-0.35956999715762095],[100.04103982492802,-0.35990733285706256],[100.04118624175169,-0.35995000119157794],[100.04174324675347,-0.36042000128196605],[100.04210224442312,-0.36055500391023543],[100.04336824434904,-0.36089000227173074],[100.04427624305424,-0.36107099982672253],[100.04479775091551,-0.36135488971632412],[100.04642759585693,-0.36224211767955694],[100.04671180770384,-0.36328936381306676],[100.04653759373502,-0.36350872194992689],[100.04623403387365,-0.36389094191338245],[100.04517537983997,-0.3641041118152657],[100.04438277404586,-0.36411201685604055],[100.04375930374891,-0.36411823476868221],[100.04082382126239,-0.36392322577620462],[100.03850533395405,-0.36389557971716613],[100.03711706580003,-0.36396596695578864],[100.03629792640822,-0.36400749764783313],[100.03500351060359,-0.36411930855916808],[100.03439806361979,-0.36426371359942777],[100.03231025061763,-0.36476167990753083],[100.03058879173943,-0.3652364437068627],[100.02964474910596,-0.36534821594733558],[100.0289228111389,-0.36525059363992796],[100.02881477558151,-0.36519131842453589],[100.02815271087894,-0.36482806156573133],[100.027194684687,-0.36406049019939246],[100.02658589941979,-0.36369123935918424],[100.02638940474731,-0.36357205760430134],[100.02498713324968,-0.36297203173381831],[100.02391980345624,-0.3626810192135963],[100.02369953340678,-0.36262096068873007],[100.02319614688474,-0.36248370975533817],[100.02236811229858,-0.3621909138795445],[100.02195931377139,-0.36204636135045121],[100.0203321622995,-0.36179333439480388],[100.019096828356,-0.36273960374967373],[100.01828324407649,-0.36350959968820007],[100.01808983138068,-0.36369265039547827],[100.01789422074177,-0.36387778123457792],[100.01682036007162,-0.36415976096412805],[100.01554013916615,-0.36434071175438021],[100.01416566571294,-0.36406171057944903],[100.01354810126389,-0.36387581441726979],[100.01198262619732,-0.36340458225561179],[100.00970564440001,-0.36226029028011908],[100.00798092188211,-0.3615054811929781],[100.00638896088191,-0.36080877370591224],[100.006062229988,-0.3606657832992255],[100.00417401611799,-0.35985643302791459],[100.00178605708095,-0.35952170716103637],[99.999861835255558,-0.35944970923662822],[99.99882385123982,-0.35941087111478964],[99.995714028879377,-0.35976016240152831],[99.995110712389533,-0.35990631482451363],[99.993717194892668,-0.36024389334096441],[99.99306238322248,-0.36040252026003827],[99.992062819143825,-0.36070970528862745],[99.991590832451038,-0.3611424545605928],[99.990526118785397,-0.36178099030041722],[99.990499711992186,-0.36179682736167251],[99.990255871611225,-0.36194306432093981],[99.990197537986035,-0.36200889559398775],[99.990172037709442,-0.36203767479878479],[99.989886055097429,-0.3623604252933319],[99.988353737135299,-0.36408974154829821],[99.988185316599129,-0.36427981416204602],[99.987844052660989,-0.36470373658812605],[99.987601614323125,-0.36500489885696652],[99.987434329630673,-0.36521270340347201],[99.987343170750762,-0.36532594153891296],[99.987241377387704,-0.36545239161455356],[99.986755549229258,-0.36628992484008904],[99.986585375015125,-0.36664911856195204],[99.986018571000329,-0.36784550016966477],[99.985877123830278,-0.36821865586620106],[99.985542077804723,-0.36910255633785027],[99.985501101994316,-0.36917293278457919],[99.984904499842855,-0.37019761762587677],[99.984477856068281,-0.37093039422228458],[99.984576286866229,-0.37174716210182623],[99.985412293942261,-0.37250292177236588],[99.985931111032016,-0.37297193890378821],[99.987288617875492,-0.374649092681409],[99.987367463237888,-0.37474650364816853],[99.987730908954347,-0.37519525185933844],[99.988584967222494,-0.37624975911904812],[99.99005030187999,-0.37802693009871291],[99.990422962949424,-0.3782621648669533],[99.99135717509364,-0.37885186741971211],[99.9920419917446,-0.37919267540161172],[99.992787243736359,-0.37956355941071251],[99.994343995379154,-0.37967558436065474],[99.994344066425583,-0.37967614553764406],[99.994443508061522,-0.3804590017814462],[99.994462884854329,-0.38061154928351471],[99.994399438583287,-0.38098653959707462],[99.994174927331073,-0.38231350276589637],[99.994135088263761,-0.38255590513085735],[99.994079091976573,-0.3828966195832777],[99.993907209949839,-0.3839424582777724],[99.993774043737176,-0.38475271956230017],[99.994288324646504,-0.38693578605762013],[99.994792963924226,-0.38773590838542304],[99.995274225325318,-0.38849896335642597],[99.995968350858789,-0.38948229916871924],[99.997440157037659,-0.39094771026856279],[99.997577913390046,-0.39109760207264799],[99.998677579206969,-0.39229415095422837],[99.998818350986141,-0.39254617786377821],[99.999121939625866,-0.39308970112875841],[99.999662463651816,-0.39573773061175643],[99.999831383311744,-0.39657219085387396],[99.999870948985176,-0.39676764770871387],[99.999802066312384,-0.39771581463310213],[99.999774386978459,-0.39809681691451715],[99.999766760727482,-0.39820179477698048],[99.99906131902469,-0.39939344415205369],[99.998184551076235,-0.40007435954402126],[99.997511489463704,-0.40037053777007259],[99.996940622311911,-0.40062174539718853],[99.995137414160411,-0.40108866710824032],[99.993262727892613,-0.40105299639861869],[99.992155707420011,-0.40047872891017278],[99.990883389756675,-0.39954867433181107],[99.990780817580742,-0.39947369515488163],[99.990404972911222,-0.39923444491364535],[99.989709489401491,-0.39879172305950306],[99.988173998631169,-0.39850470712650576],[99.986763534309716,-0.39857667897052806],[99.985835156966971,-0.39889989081723343],[99.984386804207702,-0.39972868533050132],[99.983311358032779,-0.40078067268984796],[99.982423075164832,-0.40164958056362821],[99.982325356629985,-0.40176280341057691],[99.981065458604064,-0.40322260633814722],[99.98076265597183,-0.40377346357445276],[99.979814099641032,-0.40549907102524685],[99.979813161648167,-0.40550077793852779],[99.979891685053303,-0.40602388659306143],[99.979891822649563,-0.4060248065994756],[99.980045032052658,-0.407045459780079],[99.980202597771722,-0.40809513857971069],[99.980254468868679,-0.40844069408274208],[99.980335757689147,-0.40898222804736406],[99.98063457542537,-0.41097289987936847],[99.980652662590387,-0.41287560902208043],[99.98060963542639,-0.41309584759522977],[99.98047551413373,-0.41378233698520717],[99.980205953142274,-0.41516206697576763],[99.979395500302132,-0.41661432728932368],[99.979224190244224,-0.41692129917856846],[99.977987750134616,-0.41807734079657166],[99.976988014285496,-0.41886727200693485],[99.976059630647512,-0.41919049014893517],[99.975038736448596,-0.41916336929398312],[99.974042096065943,-0.41913689235366292],[99.971747238444379,-0.41913718013671541],[99.971506791205513,-0.41913720981432334],[99.970257034834333,-0.41947841889384563],[99.968864494900572,-0.42023249953018649],[99.967272882837335,-0.42192686813041291],[99.966867583572196,-0.42247030955707032],[99.966148250041783,-0.42343482255898834],[99.96572711011811,-0.4248853255972449],[99.965559310114145,-0.42546326681627988],[99.965474407817737,-0.42581597192952358],[99.965044048044433,-0.42760381156659832],[99.964836773198556,-0.42846488904336866],[99.964728205242523,-0.42885854568527293],[99.964316929083054,-0.43034978891159881],[99.963959411697545,-0.4314089807398318],[99.963857924103991,-0.43170965107947268],[99.963702253256429,-0.43217084770640213],[99.963072002071272,-0.43291562305751086],[99.962266943364796,-0.4338669690853294],[99.962175459829666,-0.43397507478982789],[99.962140778374305,-0.43401605869411242],[99.962291850988208,-0.43417123761247467],[99.9623287654602,-0.43421081677570328],[99.962497641053346,-0.43439188897446002],[99.962567299841055,-0.43447282615994709],[99.962649112066913,-0.43456099569334583],[99.962743890718059,-0.43465603784579798],[99.962850822807297,-0.43475279680410495],[99.962942042841064,-0.434827400064421],[99.96303504263318,-0.43491104690724569],[99.963116778416634,-0.43498076684886655],[99.963189160351533,-0.43503878391271655],[99.963214816210836,-0.43505934781057931],[99.963327601087997,-0.43516433736425597],[99.963407558911797,-0.43523532265197673],[99.963474549410989,-0.43530359828235987],[99.963634912021632,-0.43546908612938751],[99.963802087896113,-0.43561512793576185],[99.963914873672536,-0.43571921187208318],[99.963960272348743,-0.43576279121981543],[99.964011431182655,-0.43581190229741651],[99.964107173007676,-0.43589961767315799],[99.964203729618475,-0.43598869102521576],[99.964324665051322,-0.4360872567214642],[99.964402844016092,-0.43615245577115047],[99.964502217303561,-0.43624378911954409],[99.964662577216245,-0.43639127883437823],[99.964798262429952,-0.43652638128742183],[99.964951507805893,-0.43666889775136042],[99.965027020280843,-0.43673816623334005],[99.965109201228699,-0.43681403573913258],[99.96520983446635,-0.43691586057843779],[99.965279936619822,-0.43698856716861201],[99.965363971969794,-0.43707140102429776],[99.96544170666948,-0.43715143079384688],[99.965519888332267,-0.43723417561665201],[99.96567091508075,-0.43740020665416068],[99.965838910237551,-0.43757383336566136],[99.965933761733766,-0.4376575701406864],[99.966002457347599,-0.43773163290848061],[99.966152150401456,-0.43789721158697148],[99.96627879383135,-0.43802245836968723],[99.966410034595469,-0.43816407191434337],[99.966521269940699,-0.43828317722682186],[99.966543053319299,-0.43830650114404079],[99.966721054333277,-0.43850454534845085],[99.966887715795508,-0.43868052288775061],[99.967072385282393,-0.43887133114697008],[99.967257127614403,-0.4390576167156155],[99.96741793269149,-0.43921270300381821],[99.967516342805027,-0.43930503190165382],[99.96760527046689,-0.43940314883622023],[99.967675002999044,-0.4394801056223514],[99.96788753708023,-0.43971251292208535],[99.968052423280767,-0.43990920184813831],[99.968196633168134,-0.44007387760728989],[99.968282967185246,-0.4401774219504091],[99.968352552228566,-0.4402592629545552],[99.968420878221025,-0.44033802917664389],[99.968499578792603,-0.44043379618267409],[99.968569164735243,-0.44051617857871861],[99.968645568438319,-0.44060832941084982],[99.96873946215652,-0.44072643377785425],[99.968818088983653,-0.44082681430597859],[99.968899015377303,-0.44093307190371434],[99.968992018766698,-0.4410511771700385],[99.969074723120059,-0.44116105274036954],[99.969078830323838,-0.44116693970244114],[99.96918929495007,-0.44132527973783908],[99.969325430724098,-0.44151383339664108],[99.969390646860916,-0.44160978296508802],[99.969457122048595,-0.44170193379716238],[99.969519520609424,-0.44178386563282857],[99.969580288699433,-0.44186525517733344],[99.969632830690671,-0.44193579260269189],[99.969687597604604,-0.44201455972410031],[99.969747847685085,-0.44210309528159542],[99.969851228351558,-0.44223612119998279],[99.969902510392615,-0.44230032829744914],[99.969906414349623,-0.44230437075003692],[99.969934820335766,-0.44233378667485113],[99.969950083629499,-0.44233921138544474],[99.969957716175713,-0.44233966194576624],[99.970375593358995,-0.44271442473086609],[99.970442130599906,-0.44277923527346275],[99.970504526462776,-0.4428348493487988],[99.970579148608863,-0.44290954433995466],[99.970644806312805,-0.44297817969919606],[99.9707103875744,-0.44304509825263949],[99.970777305228523,-0.4431134629159601],[99.970848741076622,-0.4431803805700838],[99.970945816596213,-0.44327397481401931],[99.97104422760907,-0.44337073377232628],[99.971145751175527,-0.44347201632047017],[99.971262170213038,-0.44359500130821061],[99.971365025675482,-0.44369320727565764],[99.971540356602247,-0.44386646976170141],[99.971616683862919,-0.44393917455323617],[99.971709685453675,-0.44402517222385995],[99.971802758990179,-0.44410791434870589],[99.971887680172358,-0.44417709109984571],[99.971969861120272,-0.44424717166958771],[99.972052114913254,-0.44431689071188885],[99.972135703300125,-0.44439050022134552],[99.972241226151709,-0.44447920934800322],[99.972348157341628,-0.44457008853868274],[99.972448418259944,-0.44465463830084673],[99.97253963919303,-0.44473285773517546],[99.97263308325023,-0.44481650367868042],[99.972740461403248,-0.444924657946558],[99.972846949227403,-0.44502729487373927],[99.972934984761821,-0.44511546440708116],[99.973120167761579,-0.44527063703020531],[99.973255110135312,-0.44538882593354856],[99.97343170101226,-0.44556661021084665],[99.97350647244582,-0.4456378679931845],[99.973589469078775,-0.44571563686707805],[99.973668093208005,-0.44578924637659156],[99.973746198428387,-0.44586113728161081],[99.973824897201325,-0.44593827303282296],[99.973909228428226,-0.4460222823024651],[99.973993262878821,-0.44611415884128292],[99.974077667850167,-0.44619563562002895],[99.974217429690668,-0.44634032304742277],[99.974290719041505,-0.44641547129691617],[99.974365491374385,-0.4464931502386662],[99.974443599292727,-0.44658258601748457],[99.974665840656087,-0.44682475905534602],[99.974848365259902,-0.44703772391176244],[99.975013767671328,-0.44721894719663169],[99.975105067744721,-0.44733469983646046],[99.975248239814448,-0.44749150562842033],[99.975385113032587,-0.44764098734162872],[99.975503533061669,-0.44776686634776297],[99.975655894404042,-0.44793786973684746],[99.975784024413258,-0.44808690088973435],[99.975926676674874,-0.44824216974029696],[99.976076665605717,-0.4484081998784859],[99.976200868275498,-0.44854746259528611],[99.976376054411446,-0.4487452352043988],[99.976517820840797,-0.44892501417803032],[99.976645951749333,-0.44908426432726856],[99.976720651237144,-0.44916872595587165],[99.976808910702744,-0.44927227029899086],[99.97688175758708,-0.44936315398632587],[99.976961349386841,-0.44945738315163908],[99.977035604609512,-0.4495555918170453],[99.977114232336021,-0.44964991181393543],[99.977166625939105,-0.44972406721188918],[99.977237547374955,-0.44981395624904508],[99.977303056690801,-0.44989208934839553],[99.977371382683202,-0.4499697691894653],[99.977415772320114,-0.4500212913494579],[99.977456383005745,-0.45006842931451274],[99.977523375303576,-0.45015054101463647],[99.977596150242221,-0.4502501067569824],[99.977659215200674,-0.45032778659805217],[99.97772428025138,-0.45040836225604153],[99.977820844056794,-0.45054753773860057],[99.977977062591435,-0.45074929164644573],[99.978046947108965,-0.45084162324229737],[99.978114904379368,-0.45093639559814847],[99.978190642584138,-0.45104184110800816],[99.978257636680667,-0.45113715665439713],[99.978327002289404,-0.45122650429971145],[99.978399775429352,-0.45131250376897469],[99.978482254952155,-0.45141007931164268],[99.978565774091237,-0.45151814454669648],[99.978644402717066,-0.45162214214809637],[99.978723030443575,-0.45171980762296471],[99.978817665203167,-0.45183601172249155],[99.978883175418275,-0.45191170316252283],[99.978948164925953,-0.4519840473258796],[99.97910786473625,-0.45217259558876322],[99.979278681066319,-0.45237769407526685],[99.979423780383229,-0.45254092012731917],[99.979499961054444,-0.45262682876506233],[99.979590296155322,-0.45272838290850359],[99.979657288453154,-0.45280660504073467],[99.97974747516588,-0.45291005765301406],[99.979846555274378,-0.45302581029284283],[99.979934815639297,-0.4531254641688065],[99.980026040169662,-0.45322611269489244],[99.980112965041371,-0.45332043089314311],[99.980203151754097,-0.45341854782765267],[99.980290597333237,-0.45351766031171792],[99.980367223168855,-0.45360754755023436],[99.980508469790095,-0.45377810127831708],[99.980669577039407,-0.45396456940932239],[99.980753541342892,-0.45407254381279927],[99.980837503847795,-0.4541750926063628],[99.980932138607386,-0.45429039288728745],[99.981020473616013,-0.45439881964978213],[99.981131559673827,-0.45453112071459145],[99.98123501138673,-0.45463619930109189],[99.981316972000741,-0.45472653889862613],[99.981416938840709,-0.45482818117557144],[99.981513570994593,-0.45492394458432273],[99.981622208198417,-0.45502739539790582],[99.981715356378629,-0.45510651865089358],[99.981866305785445,-0.45524822032905377],[99.982003694315097,-0.45536930235135742],[99.982130338644254,-0.455499248091769],[99.982278324784943,-0.45563787498787178],[99.982400672153346,-0.45576239601768975],[99.982543842424434,-0.45590066138635166],[99.982681083465309,-0.45602771220910654],[99.98275437101745,-0.4560892015553577],[99.982840331815908,-0.45617031590728629],[99.982907322315157,-0.45623433864375329],[99.98299320936917,-0.45631635681434091],[99.983073759846206,-0.4563930402065921],[99.983145047306152,-0.45645507274338115],[99.983438720020956,-0.45671487069466821],[99.983592485205065,-0.45685259107415277],[99.983678890268607,-0.45692873127586608],[99.983750252372317,-0.45699275401233308],[99.983838583783665,-0.45707431892464001],[99.983945292841042,-0.45716664512451644],[99.984054448054394,-0.45726828560282229],[99.98415500484964,-0.45734939815616826],[99.984327734037777,-0.45745283907723433],[99.98437330358513,-0.45746558516856339],[99.984424281655322,-0.45747091365171855],[99.984482965116797,-0.45747379957612111],[99.984546464447817,-0.45747189211408568],[99.984622705373624,-0.45745614498503073],[99.984652902809273,-0.45744763380122322],[99.984688202998257,-0.45743768640005555],[99.9847338417934,-0.4574171485825218],[99.984754215934402,-0.45740050482936567],[99.98477607125875,-0.45738395100846674],[99.985125895843453,-0.45755827379525726],[99.985197258846483,-0.45763206406843437],[99.985239946066713,-0.45769111625196501],[99.985282632387623,-0.45775071072665696],[99.985288352075827,-0.4577578432497944],[99.985337026982279,-0.45781853399807915],[99.985384602017803,-0.45786302525834799],[99.985436992922928,-0.45790796707899517],[99.985482120903214,-0.45793681103492645],[99.98570486588693,-0.45805987066643183],[99.985990227067362,-0.4582219923510138],[99.9861241271268,-0.4583088875450585],[99.986265807221287,-0.45839044616212732],[99.986413786167361,-0.45847245623883737],[99.986556949243891,-0.45856477614347568],[99.986721008967436,-0.45866975580452163],[99.986881662059091,-0.45878359918373235],[99.987050540350197,-0.45890576129181682],[99.987162582387327,-0.45898244018741252],[99.98741104258562,-0.4591415824180558],[99.987562432660184,-0.45925443114703057],[99.98771678869889,-0.45937804296227114],[99.987863362004589,-0.45947316695304607],[99.9880181587111,-0.45957570495477285],[99.988139461966682,-0.45964903567443116],[99.988264176350697,-0.45974036362684956],[99.98838496339539,-0.45983314038704748],[99.988483964363525,-0.4599103633725008],[99.988596081044363,-0.45999391488720676],[99.988683967291308,-0.46006508003938507],[99.988772741169157,-0.46013398429590779],[99.98893139416856,-0.46024773594422186],[99.989061517974733,-0.46034982608358632],[99.989154665255683,-0.46042306956894663],[99.989247882683685,-0.46047641825202845],[99.989331766048224,-0.46053645879050009],[99.989443880930423,-0.4606028269588478],[99.989548213079615,-0.46065508656295151],[99.989638465442908,-0.46069025635017624],[99.989730717898397,-0.46072985709719205],[99.989850019263031,-0.46078799287153061],[99.989959687089936,-0.46084947772118312],[99.9900863988683,-0.46092362232724327],[99.990203331418684,-0.4609993947062776],[99.99032122534436,-0.46107263639299845],[99.9904532736997,-0.46116106942776014],[99.990577913440006,-0.46124751316216361],[99.990698327266045,-0.46132419025911986],[99.990814740907638,-0.46140376227378965],[99.990917149406982,-0.46147166918211724],[99.990993769846682,-0.46152538029201651],[99.991242749853086,-0.46168551627351917],[99.991355457388522,-0.4617526083961252],[99.99158102264613,-0.46191021458469095],[99.991699437279294,-0.46198888188132514],[99.99181585002151,-0.46206555897833823],[99.991938116450967,-0.46214069913389721],[99.992049787068083,-0.46221303610269615],[99.992205103582705,-0.46232289998181386],[99.992321073858534,-0.4624103401650359],[99.992464238733703,-0.4625143269745422],[99.992601030113519,-0.4626046575788223],[99.992735968889917,-0.46269896858245829],[99.992956273113577,-0.4628440058461365],[99.993163981432645,-0.46299591662818784],[99.993284320614976,-0.46307349934249942],[99.993404142687098,-0.46315406510797175],[99.993509959617029,-0.46322640207677068],[99.993617185784558,-0.46330452798150645],[99.99373804567432,-0.46338807859689268],[99.993874393688372,-0.46349260859693686],[99.993992809220856,-0.46357860177101884],[99.994129158134228,-0.46368693140669848],[99.994265507047544,-0.46379290841593956],[99.994409636895284,-0.46391064226230583],[99.994561101613613,-0.46402837520929552],[99.994671738010368,-0.46411572456099748],[99.994797414668994,-0.46421148437246984],[99.995005122988118,-0.46436185821312392],[99.995140954791282,-0.46447914059979212],[99.995282195117284,-0.46459578896445919],[99.995406910400675,-0.46469254432543039],[99.995533551132553,-0.46479264426506006],[99.995669900045925,-0.46489527489694638],[99.995802395364308,-0.46500215662416622],[99.995952897808024,-0.46511988957121275],[99.996107624367426,-0.46524006417757846],[99.996247900620176,-0.46535526553304862],[99.996392031367236,-0.46546811516134312],[99.996536603681363,-0.46557363891224668],[99.996673988613736,-0.46567663197095044],[99.99675878928673,-0.46574217905828164],[99.996918602411654,-0.46586570903519942],[99.997042330239424,-0.46596404540434833],[99.997151951301589,-0.46605116992549256],[99.99733831960782,-0.46620019028648585],[99.997443620326862,-0.46628329034155058],[99.997553736016187,-0.46636765574265837],[99.997651848454097,-0.46644930968784593],[99.997759518886767,-0.46653186655237278],[99.997894903726888,-0.4666299762923245],[99.998019173845876,-0.46672618666411836],[99.99814151941564,-0.46683216637131864],[99.998247264399765,-0.46692060210403952],[99.998361309227107,-0.46701771989182816],[99.998476318127643,-0.46712180113019031],[99.998827715626646,-0.46742065663795529],[99.999052325804257,-0.46762927237296026],[99.999366305210856,-0.46792080829862925],[99.999580834887695,-0.46811034131917495],[99.999757941076155,-0.46825483988891392],[99.999958909875829,-0.46842529199358296],[99.999999963027904,-0.46846101126658368],[100.0003541781029,-0.46876628793381769],[100.00094722073771,-0.46923206300925813],[100.00139472968311,-0.46960352887970203],[100.00155903761953,-0.46974690239756001],[100.00199215381491,-0.47012483439357311],[100.00255822578157,-0.47058202004416216],[100.00286294396977,-0.47087373763281448],[100.00316084259885,-0.4711505336701407],[100.00356930298102,-0.47151549294557071],[100.00376212122495,-0.47168368505396074],[100.00394678621529,-0.47183568936554821],[100.00428506890086,-0.47213554132213176],[100.00471917345118,-0.47254653059786733],[100.0048095058541,-0.47263198417869035],[100.00487419858547,-0.4726903987428841],[100.00495371124487,-0.47274727456704113],[100.00501580763347,-0.47279212375747193],[100.00506420015279,-0.47285180816436423],[100.00512897022588,-0.47293048175629337],[100.0052273839367,-0.47304306608458546],[100.00536625634771,-0.47317744098609182],[100.00549564270977,-0.47330358709081111],[100.00561828505585,-0.47341481074488456],[100.00574100024704,-0.4735206078896681],[100.00590410489059,-0.47367795057692774],[100.00651315545781,-0.47414444241201181],[100.00660370729531,-0.47421379992687207],[100.00726285099984,-0.47473346597661248],[100.00793015515262,-0.47531679953061712],[100.00858530676658,-0.4759002257147813],[100.00902881642679,-0.47627865413653581],[100.00938332558007,-0.47656900655437084],[100.01006945344255,-0.47717142012487557],[100.01036601837711,-0.47744541117674544],[100.01071786283916,-0.47783075808297326],[100.01073269535766,-0.47784700253708934],[100.01083110726984,-0.47794873384691527],[100.01094026068455,-0.47803825416207246],[100.01106234635029,-0.47813675870440875],[100.01106297587569,-0.47813726772068321],[100.01115997495293,-0.47820788788368418],[100.01134063975877,-0.47834216116177686],[100.01134068832215,-0.47834217555089253],[100.01137027511817,-0.47834894384862992],[100.011426884743,-0.47835571754228567],[100.01148356631359,-0.47835435327073128],[100.01149343007779,-0.47835373004056692],[100.01152661506131,-0.47835163372087663],[100.01159036440384,-0.47836106131387623],[100.01159137524184,-0.47836121060134928],[100.01159185817778,-0.47836153435730466],[100.01166414208654,-0.4784099466616567],[100.01170460258538,-0.47844675141641346],[100.01179341603336,-0.47852734865819002],[100.0118254669718,-0.47855643722976993],[100.0120011657213,-0.47870708536362372],[100.01208608780274,-0.47876811875363501],[100.01218308688004,-0.47883457865282253],[100.01220591167356,-0.47886668175192426],[100.01223163228406,-0.47892944363889001],[100.01225401820841,-0.47899039698916113],[100.012274106365,-0.47904972256657175],[100.01229330509204,-0.47910742127044159],[100.01231250291971,-0.47916349130201752],[100.01233310998509,-0.47921784272921286],[100.01234696404123,-0.47924942781878599],[100.0123562351522,-0.47927056638349086],[100.01238306372744,-0.4793215705340117],[100.01241470997093,-0.47937139927063299],[100.01245228274672,-0.47942122620855798],[100.01249674702728,-0.47947276995233779],[100.01254921437481,-0.47952793076933631],[100.01261064706375,-0.47958824560100766],[100.01268208381117,-0.47965543215241269],[100.01276448779095,-0.47973120902804567],[100.01285896966579,-0.4798173847644307],[100.01296582890996,-0.47991486407966022],[100.01308306183387,-0.48002201830144031],[100.01320785266034,-0.48013631583825145],[100.01333761044242,-0.48025558842459759],[100.01346951490626,-0.48037721004016021],[100.0136009022599,-0.48049892428588237],[100.01372902867178,-0.48061819507358905],[100.01385115300837,-0.48073276510496044],[100.01396512588991,-0.48084055334879849],[100.01407146622523,-0.48094182960170428],[100.01417091505573,-0.48103713975217488],[100.01426436091157,-0.48112720415707599],[100.01435298999854,-0.48121238614265849],[100.01443754335799,-0.48129340786442754],[100.01451898416383,-0.48137081341224075],[100.01459827559,-0.48144532404239726],[100.01467623422087,-0.4815173930132346],[100.01475315413484,-0.48158729191993643],[100.01482925926297,-0.48165520062696032],[100.01490477083854,-0.48172148335970633],[100.01497991189348,-0.48178613562163264],[100.01505475707143,-0.48184961426824202],[100.01512974883889,-0.48191200653383248],[100.01520488989382,-0.48197358491296427],[100.01528032682569,-0.4820345310687344],[100.01535643015518,-0.48209502396611015],[100.01543312703723,-0.48215524616762195],[100.01551078709321,-0.48221555830133411],[100.01558926103564,-0.48227605119876671],[100.01566892208314,-0.48233690472432045],[100.01574991592594,-0.48239839227193215],[100.01583224436263,-0.4824606928066828],[100.01591612772717,-0.48252389895873193],[100.01600156781814,-0.48258846038908132],[100.01608863838004,-0.48265410730118674],[100.016177264769,-0.48272129115463258],[100.01626752162889,-0.48278992111789876],[100.01635955734776,-0.4828602696856592],[100.01645314889379,-0.48293242679000059],[100.01652621431339,-0.48298912185043719],[100.01654859304318,-0.48300657409407677],[100.01664574230722,-0.48308289056291187],[100.01674511379605,-0.48316183035416316],[100.0168470060845,-0.48324411562339264],[100.01695193628291,-0.48333038039271514],[100.01706034865623,-0.4834210752223953],[100.01717246803503,-0.48351710572978845],[100.0172888852739,-0.48361883434171204],[100.01740997089348,-0.48372680065125451],[100.01753572579315,-0.48384146061488309],[100.01766444485833,-0.48396064057106969],[100.01779397960854,-0.48408199328929413],[100.01792218066419,-0.48420289184991816],[100.01804697328924,-0.48432125971828555],[100.01816620810411,-0.48443429190899678],[100.01827773482967,-0.48453972842565918],[100.01837940678428,-0.48463512670969067],[100.01846974008652,-0.48471868092235582],[100.01854940203333,-0.48479120225215411],[100.01861965257496,-0.48485413680890588],[100.01868175166157,-0.48490884436762371],[100.01873710673215,-0.48495695000320893],[100.01878690489178,-0.48499981079260124],[100.01883247893579,-0.48503869388059684],[100.01887508791503,-0.48507540600513721],[100.01891591983389,-0.48511103264797839],[100.01895549090324,-0.48514593713525755],[100.01899402505427,-0.48518029933131857],[100.0190321886846,-0.48521447896496284],[100.01907020392684,-0.48524856956578333],[100.01910829381279,-0.48528284093032426],[100.01914719758514,-0.48531738299078597],[100.01918699168635,-0.48535255817398593],[100.01922834161473,-0.48538863807516464],[100.01927228608719,-0.48542670637732499],[100.01928119117412,-0.48543437129916356],[100.01932008325531,-0.48546784856233671],[100.01937306681361,-0.48551333267408836],[100.0194322763785,-0.4855642423958102],[100.01949919133466,-0.48562184217422555],[100.01957485129839,-0.48568730922187342],[100.01966066280943,-0.48576163818898976],[100.02054227630509,-0.48652816634177043],[100.02072787838893,-0.48670024621935681],[100.02114081829421,-0.48708310560078871],[100.02145761257884,-0.48736658809752953],[100.02204267283116,-0.48794187901444275],[100.02264514215966,-0.48849537126432097],[100.02309139745012,-0.48889423408161292],[100.02322759977397,-0.48900952357058713],[100.02338528780086,-0.48911802767480594],[100.02357802870313,-0.48926324480288486],[100.02386111369952,-0.48956174507844707],[100.02402718070988,-0.48971157842657931],[100.02425164789531,-0.48994949227517282],[100.02441586679885,-0.49011949381952036],[100.02457526263834,-0.49025151159793268],[100.02465810099062,-0.49032432340874266],[100.024687605049,-0.49035025535994237],[100.02479416661754,-0.49045089938942965],[100.0249188108545,-0.49056302506352267],[100.02505086460576,-0.49068175266069147],[100.02518017542479,-0.49078908494828966],[100.02545377077496,-0.49105403241759404],[100.02560568515429,-0.49119364766863782],[100.02575004073185,-0.49132747668164711],[100.02586994284366,-0.49144711079549097],[100.02602660024746,-0.49158962006487172],[100.02636804315074,-0.49188605459767132],[100.02644654587147,-0.49195420971898329],[100.02653421178451,-0.49203685831429311],[100.02662106111313,-0.49210431286371659],[100.02673050770682,-0.49217257770226297],[100.02683521397398,-0.49224391912150622],[100.02694377293682,-0.49231987226426099],[100.0270183204392,-0.49236914971646684],[100.02711643107847,-0.49244139675300858],[100.02720046373048,-0.49250975602035396],[100.02729027992257,-0.49259656487953407],[100.02732851909593,-0.49264177919468466],[100.02744042623476,-0.49280654308745397],[100.02752920910575,-0.49292337761175986],[100.02760464783631,-0.49299463269608168],[100.02770750599666,-0.49309717609372683],[100.0282416403395,-0.4935150164048423],[100.0285001891325,-0.49374478419440493],[100.02885395544575,-0.49400790873795586],[100.02898986189268,-0.49413224270875844],[100.02913703414686,-0.49426996039028381],[100.02948806472244,-0.49458147115791462],[100.02959759225513,-0.49468401275692031],[100.02977588464944,-0.4948312209839969],[100.0299420281022,-0.49498702313258036],[100.03009201703304,-0.49513315127387614],[100.0302165893242,-0.49526616819906621],[100.03031848431067,-0.49536871069739163],[100.03042423199275,-0.49546935382755919],[100.03052516290603,-0.49556429975257288],[100.03089678615783,-0.49583094963855956],[100.03100831018543,-0.49591757323736374],[100.03125908074202,-0.49615086906732131],[100.03160825601628,-0.49643578958000489],[100.03198027227182,-0.49685220806287589],[100.03233790836782,-0.49724448424552747],[100.03262603676222,-0.49756052220027414],[100.03279862565608,-0.49771786039087829],[100.03306680618823,-0.49793080276430146],[100.03335796259995,-0.49820216689641939],[100.0336329617918,-0.4984369061382381],[100.03385087471815,-0.49861228113184097],[100.03409810914047,-0.49881125253722303],[100.03432315998589,-0.49898893159388535],[100.03454561988451,-0.49918298011039042],[100.03474103357189,-0.499364823927408],[100.03494867713982,-0.49956421081964208],[100.03511319281967,-0.49973792026878527],[100.03540368193444,-0.49999996832383431],[100.03575229333376,-0.50034097955250445],[100.03602913073985,-0.50061178430632935],[100.03629494695429,-0.50087446908145239],[100.03643967664982,-0.50102954997367988],[100.03660945246435,-0.50119737965530931],[100.03669600861394,-0.50129549299253995],[100.03685481539748,-0.50143953830399823],[100.03696967501054,-0.50152661336244364],[100.03704985406756,-0.50158827987519317],[100.03716938296071,-0.50168638781650543],[100.03722755740591,-0.50175131527095118],[100.03728580469618,-0.50181931570881488],[100.03732508168724,-0.50186534391042414],[100.03741163963554,-0.50196824973488674],[100.03749175214273,-0.50207260526644859],[100.03755000303028,-0.50215182114959589],[100.03768688434229,-0.5023401850514233],[100.0377906373281,-0.50247628035600655],[100.03796049318225,-0.50268363074491162],[100.03809418010241,-0.50282442500713387],[100.03825143285741,-0.50298438741947393],[100.03838045229611,-0.50312038829525818],[100.03914631764849,-0.50378680571645873],[100.03994524567662,-0.50455279157802124],[100.04054609802404,-0.505177994868518],[100.04116725706331,-0.50582851677256713],[100.04193788972191,-0.50664840799760213],[100.04272430368371,-0.50746513091098677],[100.04334386462773,-0.50812963367559405],[100.04360973030487,-0.5084147844146969],[100.04458644890553,-0.50942148821104638],[100.04481602963614,-0.50966201998619454],[100.04547816988168,-0.5103521462345384],[100.04586175591538,-0.51082435775788326],[100.04606799744016,-0.51106281299837519],[100.04624096764661,-0.51128282404306447],[100.04642497613179,-0.51148863389329335],[100.04661053504822,-0.51166107080172196],[100.04679461098254,-0.51182726911315513],[100.04696601456999,-0.51198397238238158],[100.04739487067678,-0.51244469056996422],[100.04756204924922,-0.51258538680610854],[100.04762400534361,-0.51265012720153891],[100.0476243668711,-0.51265051121208671],[100.04784599129954,-0.51288215228942136],[100.04784824769854,-0.51288451300979432],[100.04825725486847,-0.51339579018349468],[100.04849469297574,-0.51365061038728754],[100.04864572062354,-0.51379944818592094],[100.04919618125882,-0.51436442208034805],[100.04939745762664,-0.51459392367058854],[100.04961614666792,-0.51482821594936468],[100.04980326500873,-0.51502443902660389],[100.04995585208098,-0.51519380564957373],[100.05018388327966,-0.51546608079496536],[100.05038041122708,-0.51565280613203868],[100.05054084938075,-0.51580797335924444],[100.05070447383247,-0.51596458669627054],[100.05082662065206,-0.51608759056978215],[100.05083341772809,-0.51609443620924367],[100.05103157614639,-0.51628432626057474],[100.05117468076696,-0.51646472936374721],[100.0512656094204,-0.51659299876780551],[100.05133513061185,-0.51669107163559147],[100.05157731624018,-0.51697600473880811],[100.05174609830385,-0.51714467078988946],[100.05180697071518,-0.51720550183239311],[100.05189768892728,-0.51731650065590884],[100.05196741606346,-0.51740181933843132],[100.05209792477945,-0.51758538895450101],[100.05220487035854,-0.51775476367134843],[100.0523149968397,-0.5178972783367044],[100.05242512242154,-0.51802857665745705],[100.05260127532864,-0.51822009807904124],[100.05283590305453,-0.51850810776289791],[100.05304074073763,-0.51876871960070048],[100.05319918689304,-0.5189701920206744],[100.05405608791818,-0.51991052585003672],[100.0542101588718,-0.52008776064161566],[100.05439735365502,-0.52029827214749957],[100.0545907762434,-0.52051990556913097],[100.05475908616296,-0.52077943822047246],[100.05495415361133,-0.52110236408276478],[100.0552042101063,-0.52148379354218832],[100.05583488037547,-0.52227674917259037],[100.0561519849262,-0.52262615287457947],[100.05617257130717,-0.52263739889679073],[100.05622430660651,-0.52266566189075547],[100.05630766476696,-0.52268301161166164],[100.05636901471831,-0.52268309165128812],[100.05644444445562,-0.52269094812868389],[100.05651995333324,-0.52273841614493222],[100.05660332138621,-0.52281283324560945],[100.05664897457058,-0.52288409102794731],[100.05670241228654,-0.52298211803025652],[100.0567543706178,-0.52309769080574142],[100.05681411258126,-0.5232290889512683],[100.05688178116935,-0.52335098935662927],[100.05695255781433,-0.52345543392107174],[100.05707210019733,-0.52362643461219704],[100.05716636983215,-0.52376243908526021],[100.05730325204348,-0.52395080118844817],[100.05747941304452,-0.52418826357745729],[100.05764615904309,-0.52439715000843989],[100.05780505126216,-0.52461092065743742],[100.05827062039288,-0.52527565994370207],[100.0585227408319,-0.525650195200285],[100.0585231203458,-0.52565075817591378],[100.05885409963707,-0.52611293596316955],[100.05946431122902,-0.52684421159102612],[100.06016895433385,-0.52779388308118769],[100.06079806877591,-0.52857896694570172],[100.06133543798012,-0.52918611724544462],[100.06146314081138,-0.52933040357521577],[100.06160495490479,-0.52949063398551743],[100.06276880443681,-0.53071099781425346],[100.06286479357544,-0.53082116656355538],[100.06391058910248,-0.53202144133638285],[100.064476032443,-0.53260277389887278],[100.06447691197997,-0.53260367861685154],[100.06462219565788,-0.53274352679227377],[100.06462223432874,-0.53274356276517665],[100.06570981325734,-0.53379572099566985],[100.06598504627294,-0.53408381071926669],[100.06626338734549,-0.53434802524111547],[100.06673841374686,-0.53485132542829206],[100.06697429602701,-0.53509356861326296],[100.06718979607228,-0.53530407292458904],[100.06743041598099,-0.53552406868078606],[100.06760811662133,-0.53566177557041783],[100.06805007585041,-0.53604000434268073],[100.06823563836406,-0.53622202532613983],[100.06842594030496,-0.53639291989730964],[100.06866181539056,-0.53659392377051063],[100.06882543894289,-0.53674113019894776],[100.06908237615079,-0.53700242642077001],[100.06912268106691,-0.53704341482171003],[100.06932558430833,-0.53724758970446373],[100.06963534499522,-0.53753404535984828],[100.06976006567453,-0.53764961633669373],[100.07052868744904,-0.53836185421613436],[100.07135214898256,-0.5391278148966876],[100.07273762474165,-0.54057657235085799],[100.07306468029083,-0.54091856563923102],[100.07322594672013,-0.54108719931474525],[100.07323626374261,-0.5410981269769195],[100.07421520636672,-0.54213502461163898],[100.07452499763059,-0.5424733396728243],[100.0749470000041,-0.54283700032726756],[100.07497133745733,-0.54285430328343409],[100.07511999988816,-0.54295999970418052],[100.07528600034868,-0.54316099998010259],[100.07558899993245,-0.54350200041693597],[100.07592200000033,-0.54381200032349852],[100.07615499995336,-0.54404100009202239],[100.07628899983752,-0.54420599960712934],[100.07634448890713,-0.54429367721138533],[100.07643065744895,-0.54442982917322524],[100.07657000020538,-0.54465000029722432],[100.07681699990468,-0.5449319998119222],[100.07709500013419,-0.54523000006440725],[100.07738500001778,-0.54552700027079482],[100.07764700040877,-0.54584100036180416],[100.0779160002233,-0.54613899971502633],[100.07809999971528,-0.54634999955277408],[100.07826700022196,-0.54651700005945258],[100.07859600010539,-0.54691100024240313],[100.07891999975823,-0.54725599996436358],[100.07896964863045,-0.54731274089022008],[100.07903599881234,-0.54738856902719135],[100.07913300688284,-0.54749943565036574],[100.07923499989539,-0.54761600037807057],[100.07943750203913,-0.54786269790514552],[100.07948699982524,-0.54792300014628381],[100.07963000012444,-0.54808999975364259],[100.07983510580556,-0.54833431587593395],[100.08059476043991,-0.54923919393360165],[100.0810499999576,-0.54987999956227895],[100.08142300007148,-0.55035199974491888],[100.08168699965535,-0.55067899953616006],[100.08184000041575,-0.55084900018118788],[100.08206800013818,-0.5511770000184697],[100.08223152296648,-0.551432439855148],[100.08238999969876,-0.55167999983206073],[100.08291798807477,-0.55232778779713954],[100.08293733878719,-0.55235152899979312],[100.08298490662821,-0.55240562591887965],[100.0831800442237,-0.55262754622424382],[100.08331329407332,-0.55269417069939664],[100.08339372044389,-0.55281171658742778],[100.083427124862,-0.55286053898265664],[100.08343702639769,-0.55287500997366124],[100.08352744603485,-0.5531224737231355],[100.0837599999241,-0.55370000035469502],[100.08414000036078,-0.55421099963785991],[100.08470200019718,-0.5551649995650223],[100.08496399159498,-0.555588009179246],[100.08498999998858,-0.55563000032418586],[100.08509741501376,-0.55580625485475821],[100.08517100024153,-0.55592699963125369],[100.08522701811245,-0.5560229420051428],[100.08526032180646,-0.55607998240520828],[100.08535199959516,-0.55623699953787309],[100.08604600012285,-0.55740899962557933],[100.08613999996106,-0.5576099999015014],[100.08627810345178,-0.55792898493467646],[100.08637328140185,-0.55810030668374111],[100.08649701282695,-0.55834301212024684],[100.08659741673745,-0.55860238828955744],[100.08661874775709,-0.55866106185845865],[100.086575966108,-0.55866106185845865],[100.08656506542548,-0.55866195218732173],[100.08657467378225,-0.5586782146278324],[100.08643161142976,-0.55873684592864947],[100.08648513008472,-0.55886824317485662],[100.08663286171725,-0.55881286741987424],[100.08695856378677,-0.55954888337424791],[100.08685795573012,-0.55960578797669314],[100.08689568588727,-0.55969766631420725],[100.08700259639278,-0.55966119880525866],[100.08746565011973,-0.5607301527742834],[100.08756619882109,-0.56093124118376636],[100.08826022363047,-0.56235725118614255],[100.0882635870949,-0.56236482977300284],[100.08878311914572,-0.56353608522209697],[100.08889521604146,-0.56390397269012738],[100.08895722519583,-0.56410748207457573],[100.08915389973276,-0.56475294619144734],[100.08917838917137,-0.56488354753764725],[100.08918242083212,-0.5649050539250311],[100.08935086385134,-0.56508928004620884],[100.08939007878917,-0.56513216871456962],[100.08941135405081,-0.56515543777317134],[100.08948665068846,-0.56523778869296848],[100.08944862285574,-0.5654944713926966],[100.08945838769449,-0.56569301472080724],[100.08947714395509,-0.56607438122767917],[100.08955739585718,-0.56633920099329771],[100.08957221578521,-0.56638810342820989],[100.0898289101761,-0.56692998722905941],[100.09025673386122,-0.56804227323226542],[100.09106517042136,-0.56952897758020526],[100.09108385923275,-0.56956334787014384],[100.09153395462835,-0.57038721229997691],[100.09164478258072,-0.57059007417251451],[100.09164183280438,-0.57061474887149188],[100.09160727905277,-0.57090372982321469],[100.09188102458967,-0.57142031569497931],[100.09207886734589,-0.57183873966607734],[100.09226508816334,-0.57223258606495619],[100.09226718538235,-0.57223702062196935],[100.09229560305971,-0.57229712321361603],[100.09242212418172,-0.57256470569654994],[100.09265186589096,-0.573210145531732],[100.09281563783151,-0.57367025038172414],[100.09555332342717,-0.57906889771140868],[100.09642596888341,-0.58078973425875802],[100.09649345041248,-0.58082879990911351],[100.09653962610292,-0.58094279077710098],[100.0966293451682,-0.58116427221335698],[100.09679768026876,-0.58157982914576678],[100.09685094441562,-0.5817780792948497],[100.09732547798848,-0.58262362727850814],[100.09803639296524,-0.58371109379191921],[100.09905094244709,-0.58517029057640002],[100.09927612998945,-0.58546922432520887],[100.10045552430307,-0.58703484238401415],[100.1017877557004,-0.58870939532226885],[100.10191355916351,-0.5888863396328361],[100.10267334330024,-0.58995499862425049],[100.10353365995053,-0.59117844982557699],[100.10461900945978,-0.59282139519120847],[100.10577354831065,-0.59476349284085472],[100.10672600769914,-0.59660867235231763],[100.1067866480854,-0.59672614809323932],[100.1071468976113,-0.59750799799564902],[100.10721614091221,-0.59770595226785872],[100.10727442687335,-0.59794813160095828],[100.10711055330944,-0.59805189807656234],[100.10648980346173,-0.59844533708258041],[100.10654642837505,-0.59853549231905845],[100.1065464508581,-0.59853553818447836],[100.10655157069851,-0.59854474724227202],[100.10655279557511,-0.59854695058123752],[100.10655286122562,-0.59854706839246319],[100.10655291968158,-0.59854717361309895],[100.10658778729663,-0.59860991391633434],[100.10660840785181,-0.59864687335448252],[100.10660843033486,-0.59864691202534459],[100.10663455743895,-0.59869373972424],[100.10669068592648,-0.59878977382896892],[100.10670215408123,-0.59880939613668716],[100.10728090828735,-0.59849328893409393],[100.10738313962025,-0.59843745272621618],[100.10789396443499,-0.59815845514856392],[100.10804652362822,-0.59853997993604935],[100.10790027767575,-0.59861127459060981],[100.10782487401877,-0.59872370423551047],[100.10782956398327,-0.59883611679327942],[100.10784692269738,-0.59893894077941923],[100.10857906527173,-0.60054017019263028],[100.10922549705913,-0.60175383856875442],[100.10947096881023,-0.60221471054040876],[100.10957251036314,-0.60237485461578899],[100.10958710366197,-0.60239881075648327],[100.10996963389152,-0.60302673809343332],[100.11006842981425,-0.60317422061376647],[100.1104006438747,-0.60379916579881865],[100.11050284193266,-0.60391617209364767],[100.11083165925373,-0.60459845535439172],[100.11090422734827,-0.6046809339778747],[100.11092911518659,-0.60470922125352899],[100.11131775271218,-0.60552904682799635],[100.11140579993776,-0.60564469874378801],[100.1118289813225,-0.60653578210059322],[100.11185730636964,-0.60664339677526868],[100.11222859867092,-0.6074221682983989],[100.11226315422124,-0.60755826899884369],[100.11259510118305,-0.60832122054785032],[100.11274544534609,-0.60872327415972904],[100.11277042491525,-0.6087864245537844],[100.11296643215519,-0.60928195100120774],[100.11298689982561,-0.60937066642304671],[100.11335818043574,-0.61008287372561654],[100.11351814194876,-0.6104150167395801],[100.11366646623446,-0.61072238253188971],[100.11373724467813,-0.61081895622982074],[100.11410980592285,-0.61163344792521457],[100.11414318695859,-0.61181929012809633],[100.11446408395039,-0.61252843254106892],[100.11449707108301,-0.61260746766043894],[100.1146416146189,-0.61326347093239519],[100.11472341245559,-0.61356778082836172],[100.11475024642681,-0.6136676118707669],[100.11493464162049,-0.61427748261968418],[100.11496445234764,-0.61439151935309155],[100.11510338591256,-0.61479502087348692],[100.11523203033397,-0.61523515268009987],[100.11538098504451,-0.61572547295219238],[100.1154475843386,-0.61602498676370487],[100.11559400565892,-0.61680380325287842],[100.11560818437027,-0.61693041160913253],[100.11571370722186,-0.61770769925090008],[100.11572943996174,-0.61782788734706173],[100.11583651504321,-0.61858455353427644],[100.11584913163216,-0.61868692606071818],[100.11595466617496,-0.61951476729262822],[100.11595942089065,-0.6195749975880176],[100.1160122830405,-0.62009530215641462],[100.11605237661593,-0.62048993276414421],[100.11605250072239,-0.62108193488336383],[100.11600797618723,-0.62139984432729989],[100.11597866728175,-0.6216091102721748],[100.11587503120779,-0.62206339920646769],[100.11577128991314,-0.62236738084988019],[100.11568174801431,-0.62254149229596578],[100.11559049110832,-0.62266812403464655],[100.11558121280279,-0.62267445706049784],[100.11553707677473,-0.62270458165107812],[100.11549773862981,-0.62272837501444656],[100.11545847782656,-0.62276953338721341],[100.11537077324266,-0.62287545283982126],[100.11531699468361,-0.62294048911223854],[100.11525565822211,-0.622999015192363],[100.11520691226923,-0.62303547190947484],[100.11513460407878,-0.62307193402250505],[100.11489084014022,-0.62308781155320503],[100.11485001002001,-0.62306720089054579],[100.11458419560421,-0.62287417400386857],[100.11444665958572,-0.62303148431550426],[100.1143876730527,-0.62309895325404341],[100.11375012836578,-0.62277898616122229],[100.11370986841575,-0.62275878109284122],[100.11367838045294,-0.62277144894318326],[100.11366267918936,-0.62280319591070565],[100.11365957922624,-0.62285845385451921],[100.11370995295204,-0.62316403089528194],[100.11372092108371,-0.62317831842460691],[100.1137602691212,-0.62319730131434881],[100.11379642816269,-0.62320199577544599],[100.11380917605271,-0.62319807293266649],[100.11390963482182,-0.62316715424071845],[100.11394741893827,-0.62314498865026735],[100.11400239179699,-0.62312589514391448],[100.11405588706958,-0.623124345612041],[100.11410782741439,-0.62312759036598209],[100.11416511872528,-0.62315450887342649],[100.11418170582112,-0.62316230329759037],[100.1143106479181,-0.62325325533339537],[100.1143660893236,-0.62329233357428393],[100.11489103529311,-0.62366236052946533],[100.1149901828507,-0.62441740074240215],[100.11499176385888,-0.62453777319962001],[100.1151224290569,-0.62507123484954263],[100.11515779309775,-0.62516862872917045],[100.1151957417901,-0.62523183578053931],[100.11526295532121,-0.62528183358972456],[100.115309712873,-0.62530524653982411],[100.11533306017265,-0.62533906554540408],[100.11534915803725,-0.62543166963581598],[100.11549046401376,-0.62688026611135683],[100.11551887989248,-0.62705887326831089],[100.11564751891791,-0.62781725266404464],[100.11570453413702,-0.62799513137014173],[100.11579064602154,-0.62806411656566752],[100.11585786944516,-0.62815824680558308],[100.11610766423735,-0.62863154291130741],[100.11621566472121,-0.62884902056578085],[100.11649758689418,-0.62917679557261863],[100.11655888558414,-0.62928838165345269],[100.11657654916849,-0.6294221351233773],[100.1165867933459,-0.62951184699409168],[100.11666418810188,-0.62970880301878651],[100.1167999884288,-0.62999093833110464],[100.11692124402026,-0.63017477054916071],[100.11706584241477,-0.6303701752433426],[100.1175061792668,-0.6309537893858419],[100.11760917592278,-0.6310903001771635],[100.11820505142202,-0.63185309974073789],[100.11845339740643,-0.63212354386638481],[100.11859650112768,-0.63225862563501778],[100.11880730940987,-0.63252003966806569],[100.11898055570816,-0.63273487601367151],[100.11968493980817,-0.63345263483120107],[100.11977516069516,-0.63354456892665212],[100.11999415011002,-0.63374592533415353],[100.12020158233719,-0.6339516236684517],[100.12066939257846,-0.63456550089711072],[100.1208479961382,-0.63481314630962515],[100.12091251260244,-0.63490260277285415],[100.1209587989095,-0.63504876059175785],[100.12098515713933,-0.63513199284716393],[100.12094237459098,-0.63528172187392329],[100.12074272419744,-0.6354385807258609],[100.12066428982519,-0.63535302192440213],[100.12060011600261,-0.63539580087547165],[100.12077837602129,-0.63568812910381212],[100.12084254894455,-0.63563822032756434],[100.12078550584647,-0.63554552990223101],[100.12094950531548,-0.63543145090068265],[100.121092112611,-0.6354385807258609],[100.12122920436434,-0.6354842752790546],[100.12126324280445,-0.63549562112598323],[100.12136874677032,-0.63554543907071093],[100.12162467763682,-0.63592637120501649],[100.12182182611645,-0.63619972014095083],[100.1218657211262,-0.63626931777474738],[100.12191923888184,-0.6365080742881446],[100.12190044574902,-0.63665370510437924],[100.12189071688312,-0.63672910156674334],[100.12178376141151,-0.63685744111796794],[100.12167680504058,-0.63690022096835719],[100.12160550139282,-0.63682179199207667],[100.12155558901929,-0.63684318236693116],[100.12173384813866,-0.63716402899666491],[100.121790892136,-0.63714264042044988],[100.12174810868834,-0.6370214297950838],[100.12182654395991,-0.63696439119365778],[100.12194063015602,-0.6369144806187137],[100.12207610672698,-0.63695726136847952],[100.12208944187432,-0.63696526083805338],[100.12221871492181,-0.63704282016999514],[100.1223470616676,-0.6371497693463084],[100.12242644662325,-0.63726090126954205],[100.1228071467325,-0.63802371162495319],[100.12281436469124,-0.63803520675935488],[100.12283905917531,-0.6380909233573675],[100.12288897244815,-0.63829769098560973],[100.12288897244815,-0.63834047083599899],[100.1228860235712,-0.63834232164077775],[100.12258236478436,-0.63853297971320444],[100.12261088678304,-0.63857575866427396],[100.12286045044948,-0.6384616796627256],[100.12299592791982,-0.63856149991323718],[100.12310111262633,-0.63869297180315243],[100.1231385361146,-0.6387397482407664],[100.12335244705787,-0.63907485631949612],[100.12348792542747,-0.63930301432259284],[100.12360914144875,-0.6395311732250093],[100.12362249728051,-0.63958162699043442],[100.12367331527133,-0.63977359087846253],[100.12367331527133,-0.63992331990522189],[100.12353783780105,-0.64005878928162474],[100.12348079380365,-0.63998035940602449],[100.12343088232939,-0.63996609885634825],[100.12342375070557,-0.63998748923120274],[100.1235806203494,-0.64027268673504523],[100.12362340199849,-0.64023703670983423],[100.12363053272298,-0.64011582788310761],[100.12378027074294,-0.64012295770828587],[100.12393713858813,-0.64020851830844094],[100.1240298353087,-0.64032259730998931],[100.12407611981712,-0.64036226820405773],[100.12417957332872,-0.64045093596189417],[100.12433644117385,-0.64065770359007956],[100.12445052826934,-0.640821693166572],[100.12452896174227,-0.64101420114440089],[100.1245860048403,-0.64117105999639534],[100.1246216566642,-0.64127087934753035],[100.12461867631094,-0.64127862970497063],[100.1245860048403,-0.64136356887354395],[100.12450043974354,-0.64144199784988132],[100.12440774482161,-0.64147764787509232],[100.12436496317258,-0.64148477770027057],[100.12431504989968,-0.64142060837434656],[100.12424374625192,-0.64143486802470306],[100.12441487644543,-0.64172719625304353],[100.12445052826934,-0.64170580587818904],[100.12442913699516,-0.64159172687664068],[100.12466443921255,-0.64161311725149517],[100.12483556940606,-0.64167015585297804],[100.12484678395197,-0.64167627304152575],[100.12498562398741,-0.64175199955508333],[100.12525523624021,-0.64228293860668373],[100.12542402639775,-0.64264446876717329],[100.12546792770274,-0.64272053522449824],[100.12549156458408,-0.64282520731740078],[100.1254773040344,-0.64295354596930565],[100.12545474723885,-0.64298362199650683],[100.1254479582567,-0.6429926727735733],[100.12543452238538,-0.64301058636942798],[100.1253369153664,-0.6430733275719831],[100.12533469583963,-0.64307475479603227],[100.12534298399157,-0.64309057566947558],[100.12549156458408,-0.64337421284960783],[100.12544743664995,-0.64338745087013649],[100.12534895728862,-0.64341699269999708],[100.12515643582094,-0.64345264182588835],[100.12510652434668,-0.64348829185115619],[100.12507087162351,-0.64354533135190195],[100.12507087162351,-0.6435952410275263],[100.12517069726994,-0.64360950067788281],[100.12523487109246,-0.64353820242604343],[100.12542026093638,-0.64349542167633444],[100.12552721730731,-0.64347403220079968],[100.12561991222924,-0.6434455120007101],[100.12565387692496,-0.64344943124621068],[100.1258053020731,-0.64346690237562143],[100.12599069191697,-0.6436308910527373],[100.12599973729812,-0.64363715213283967],[100.12603523263994,-0.64369819631468772],[100.12664000603149,-0.64467503812244331],[100.12667948267205,-0.64473880185420285],[100.12689412746209,-0.64505410776081362],[100.12712418483335,-0.64538026308861163],[100.12742213742177,-0.6458146563213063],[100.12777800724928,-0.64620381095704715],[100.12779468068004,-0.64624757916237741],[100.12770911738193,-0.64636165816392577],[100.12768059538325,-0.64642582659058689],[100.12769485593293,-0.64644008714026313],[100.12781607285353,-0.64636878798910402],[100.12791236416433,-0.64635073409903043],[100.12812760430558,-0.64658610556426765],[100.1283339600443,-0.64675760358051093],[100.12885703992049,-0.64719232326706333],[100.12916725836232,-0.64741052397647536],[100.12913519483345,-0.64748105780449805],[100.12908528245987,-0.64755235695565716],[100.12906389118569,-0.64760226663122467],[100.12911380445854,-0.64764504738099049],[100.12919936865597,-0.64752383765494415],[100.12928159726795,-0.64749094764908932],[100.13025458817879,-0.64817532992748284],[100.1306457078332,-0.6484555460865522],[100.13066109883073,-0.64847211879322231],[100.13063970845582,-0.64856480831917906],[100.13051849063589,-0.64874305664670828],[100.13039727371529,-0.64889278477414791],[100.13041866588878,-0.64896408482462675],[100.13049710026104,-0.64889278477414791],[100.13061831718164,-0.64872166717117352],[100.13069675065458,-0.64861471799480341],[100.13073240337775,-0.64856480831917906],[100.13080550297167,-0.64857002888368243],[100.13162375743053,-0.64915626185194242],[100.13212852081466,-0.64953998638122812],[100.13212995972992,-0.64956299913308158],[100.13206578590734,-0.64966281758489686],[100.13202300425831,-0.64973411673605597],[100.13203726480799,-0.64980541678653481],[100.13210856935507,-0.6497483772857322],[100.132187002828,-0.6496556877597186],[100.13224841123525,-0.64963112727463113],[100.13310239485969,-0.65028032897396315],[100.13353944379037,-0.65062694118034869],[100.13354890825559,-0.6506610092981191],[100.13351325643168,-0.65073230754990163],[100.13344908170978,-0.65083212690109349],[100.13346334315884,-0.65088203657666099],[100.13352751608204,-0.65086777692630449],[100.13360595135362,-0.65074656809957787],[100.13365074658475,-0.65071521323648085],[100.13420865810315,-0.6511576778844983],[100.13489223998494,-0.65173182396443963],[100.13490368205936,-0.65176614838901514],[100.13488229078513,-0.65185883701565217],[100.13480385731225,-0.65193726599198953],[100.1347895958632,-0.65197291601720053],[100.13481811696261,-0.65200856604246837],[100.13489655223418,-0.65195865636684402],[100.13498924715611,-0.65187309666600868],[100.13504865277315,-0.65186319692895722],[100.13519006217172,-0.65198196679426701],[100.13723397746617,-0.65384241769339724],[100.13864917581884,-0.65522243007103498],[100.14058137373149,-0.65714448812758519],[100.14147630169003,-0.6580097906193032],[100.14248954895356,-0.65898949586846811],[100.14368159762768,-0.66020010295233078],[100.14396538319596,-0.66048830599049779],[100.14461014764026,-0.66114311136544757],[100.14704404944337,-0.66376194525753363],[100.14879666623324,-0.66575032022103642],[100.1511210629867,-0.6680538176295272],[100.1511388839524,-0.66807180586908999],[100.15324603867379,-0.6701986431527871],[100.1540917350456,-0.67112658792166258],[100.1550841639031,-0.67217803388911079],[100.15605024622192,-0.67304210071233683],[100.15640706933084,-0.67334896198497063],[100.15702943885759,-0.67388418900407032],[100.15776698905535,-0.67462477441375768],[100.15849437331673,-0.67529780454998445],[100.15850312372027,-0.67533316319486403],[100.15848995045093,-0.67539330715533197],[100.15845027865748,-0.67549162823598863],[100.15835791918266,-0.67572053627367268],[100.15829297823842,-0.67588143667893519],[100.15828424941861,-0.67594166877296402],[100.15829877796631,-0.67597105771807264],[100.15848287008845,-0.67615921117862854],[100.15851502444889,-0.6761473563153686],[100.15855583928061,-0.67610628787485894],[100.15856549440213,-0.67610055109952327],[100.15855875668132,-0.67608033973584725],[100.15864690103371,-0.6760574888619999],[100.1589437978181,-0.67598052128397512],[100.15895264714703,-0.67599309560483789],[100.1589587139735,-0.67599193997602924],[100.15898948427736,-0.67600914580538074],[100.15899821399643,-0.67602150608757938],[100.15961748625807,-0.67689825155304106],[100.16001338490986,-0.67728766429422649],[100.16024408799433,-0.67750365986597672],[100.16029910222187,-0.6775461042692541],[100.16048904623256,-0.67769264609870561],[100.1606384101346,-0.67780788162838235],[100.16090700975076,-0.67800066300014805],[100.16133648728913,-0.67830890922874687],[100.161543840376,-0.6784779736794917],[100.16174541531871,-0.67864984401506945],[100.16196738508683,-0.67890563278865557],[100.16217779586867,-0.67915835127683977],[100.16235595516326,-0.67932434814008502],[100.16311490203117,-0.68003097784730926],[100.16390907084701,-0.68077040223221275],[100.16487302806786,-0.68172046672611941],[100.16516658387081,-0.68202462103937478],[100.16547992116148,-0.68231999796950049],[100.1657559060103,-0.68258011518014428],[100.16611517167792,-0.68284011997548077],[100.16646135131037,-0.68321272079037954],[100.16671763201316,-0.68348821640802271],[100.16687321382784,-0.68374175957450234],[100.16701122019174,-0.68392467808138235],[100.16717337425189,-0.68408561356017117],[100.16732448193937,-0.68421571398397418],[100.16784146711007,-0.68468069765600603],[100.16846532771274,-0.68527814337159043],[100.16908127967736,-0.68591224365508197],[100.16929396934125,-0.6861311997949997],[100.16965324040478,-0.68641110029199126],[100.1700737867759,-0.68669324639614615],[100.17051189870523,-0.68699510294158017],[100.17088650860552,-0.68728395169296164],[100.17125889718039,-0.6875726205799424],[100.17162038867008,-0.68784374819040295],[100.1719270475952,-0.68809725268602051],[100.17321147732787,-0.68941747453675362],[100.17502920863114,-0.69110343897250459],[100.17521970572488,-0.69128012697620989],[100.17555077314972,-0.69162438295887796],[100.17655587345484,-0.69266952557808281],[100.17711912065096,-0.69325521535586176],[100.1781633207807,-0.69440932073354134],[100.17954225397193,-0.69593339191243331],[100.17969851207675,-0.69610425590661862],[100.18112783338285,-0.69766718679119322],[100.18122760237202,-0.6977762808506327],[100.18156280398028,-0.69814281933560096],[100.18157754836523,-0.69815894238121246],[100.18256741235626,-0.69933487700291153],[100.18263546495479,-0.69941572425619825],[100.18274927146177,-0.69955202640483094],[100.18292316976851,-0.69976030129680566],[100.18298811071281,-0.69983808006327308],[100.18299284834131,-0.6998437529867374],[100.18299339692777,-0.6998443879081151],[100.18390638237372,-0.70089971265156237],[100.18443402810794,-0.7014827521272764],[100.1856020253133,-0.70277336829627757],[100.18774896873998,-0.70493801397810785],[100.18926873306566,-0.70657531070196455],[100.18955006528336,-0.70687114089037095],[100.18982813476066,-0.70716317504042081],[100.1908686872402,-0.70829506086829497],[100.19108337969431,-0.70847587496160713],[100.19135283546507,-0.70868525332173249],[100.19163985229739,-0.70890122730975236],[100.19192020245544,-0.70912163495546565],[100.19218313994003,-0.70934421716185625],[100.19239124306148,-0.70954040696415177],[100.19267383163208,-0.70982701190700936],[100.19375610276199,-0.71097091267745327],[100.1946148851689,-0.71170707971788261],[100.19489523442758,-0.71194740195096529],[100.19616365532846,-0.71320158208732209],[100.19616742798445,-0.71320532686428351],[100.19678234303075,-0.71381575429359145],[100.197804564629,-0.71483051421682831],[100.19890649673749,-0.71583934760775492],[100.19945855996463,-0.71634476929563107],[100.20052461362008,-0.71751516409352689],[100.20057716190655,-0.71757691694114101],[100.20057865208321,-0.71760929163542642],[100.20056117375924,-0.71764013478434663],[100.20049963405091,-0.71771826878301681],[100.20035385664522,-0.71790335375669656],[100.20034949583265,-0.71794007217653188],[100.20036409632604,-0.71795770338525244],[100.20038743822977,-0.71796646907722561],[100.20041811410476,-0.71797233895222234],[100.20045167410552,-0.71795768000288263],[100.20053047000522,-0.71786415500667999],[100.2005430002593,-0.71784546889324474],[100.20056708590238,-0.71786205958630944],[100.2007436057329,-0.71798274320900646],[100.20084476597322,-0.71805197661740294],[100.20090871406597,-0.71809574302409374],[100.20090711866862,-0.71810304012313964],[100.20090582814152,-0.71810894687035898],[100.20078035742762,-0.71826923034063839],[100.2007715539641,-0.71832349363427284],[100.20079638334647,-0.71835595286489706],[100.2008475134021,-0.71837800514077799],[100.20088403576972,-0.71835882440018395],[100.20104461961358,-0.71817212424406307],[100.20107922192858,-0.71816698641725907],[100.20110441014049,-0.71816324613683946],[100.20116139478262,-0.71819117458301207],[100.20149787073024,-0.71848412963879582],[100.20172298003155,-0.7186801233889355],[100.202024437278,-0.71887972072249795],[100.20218404176018,-0.71898636412936412],[100.20270116902378,-0.71933663207988729],[100.20308999990363,-0.71960000033971028],[100.20321900045656,-0.71971600029314686],[100.20349499969456,-0.71993200036149574],[100.20360653091672,-0.72001464266156745],[100.20368481510218,-0.72007265073222015],[100.20393900038459,-0.72026100024493189],[100.20424199097516,-0.72047905976074844],[100.20435670489809,-0.72056408076764455],[100.20784586219685,-0.72315004264032723],[100.20804399993074,-0.7232870003946914],[100.20834600036767,-0.723498000232496],[100.20865900041258,-0.72373100018546666],[100.20891000029633,-0.72389999988502041],[100.20912500031858,-0.72406799953847667],[100.20965300038574,-0.72446900004428016],[100.21004655630361,-0.72475898913597803],[100.21004894220499,-0.72476060611705861],[100.21008892336516,-0.72478254777632856],[100.21032109414324,-0.7249294421399668],[100.21052242087308,-0.72507925030708975],[100.21059566076121,-0.72513374922311868],[100.21093596602208,-0.72540405575250588],[100.21123825694008,-0.72565538209016722],[100.21153039181416,-0.72589043159808853],[100.21185792310473,-0.72612605217551618],[100.21187358030153,-0.7261373152848023],[100.2122810181545,-0.72642677557519164],[100.21250913838611,-0.72659129934891098],[100.21343619462476,-0.72725990482069847],[100.21372832320361,-0.72747125179677141],[100.21481917746314,-0.72826045455627764],[100.2152675992204,-0.72858951289566676],[100.21573344534227,-0.72896577395124496],[100.21725667835307,-0.73021615175395027],[100.21752318434756,-0.73044613178348072],[100.21828346670867,-0.73110221599444003],[100.21913929304401,-0.73186479342541588],[100.22040405910013,-0.7329918858667952],[100.22090645456927,-0.73344880082146346],[100.22149644940168,-0.73397930460117777],[100.22315421379597,-0.73569410759694165],[100.22429490758395,-0.73683991403078153],[100.22484724420502,-0.73739472468673739],[100.22492291316195,-0.73747073268810936],[100.22618828446184,-0.73878419703299869],[100.22671645899743,-0.73933244713470003],[100.22715731295966,-0.73978394637197198],[100.22814187814521,-0.74079228333715719],[100.2302729557324,-0.74306337907165698],[100.23186789978382,-0.74478704668479168],[100.23337955042598,-0.74645493834469789],[100.23388331736129,-0.74699893285441021],[100.23388333534768,-0.74699895174018138],[100.2344124298898,-0.74757029823064158],[100.23441244967489,-0.74757031891505221],[100.23445599125108,-0.74761733727024193],[100.23490769823172,-0.74811025478436477],[100.23533528989179,-0.7485768581354364],[100.2354130209942,-0.74866041504606073],[100.23541321974437,-0.74866062908472486],[100.23636146401043,-0.74967994407410288],[100.23665396670725,-0.75000000019980462],[100.23730409560761,-0.75066895011190127],[100.23885004909056,-0.75231473014065386],[100.24047684263223,-0.7538609875944644],[100.24133069225769,-0.75469289825861097],[100.2421126186025,-0.7553891497893801],[100.24302038618191,-0.75623913412869115],[100.24378433957565,-0.75692634477496767],[100.24435101498739,-0.75744960001895834],[100.24444044716898,-0.757532180265855],[100.24455544078103,-0.75764208731243343],[100.24469976937894,-0.75778003072377942],[100.24479996104941,-0.75787579233389124],[100.24489652485482,-0.75797028140328848],[100.24545607763594,-0.7585178075507315],[100.24711881797913,-0.76006404521945115],[100.2478468578463,-0.76084171507307019],[100.24870967101458,-0.76159221011238287],[100.25026456285934,-0.76304802184870368],[100.25185541499548,-0.76456713686383182],[100.25322839377543,-0.76586210305356417],[100.25326975719361,-0.76590111564394192],[100.25372417023431,-0.76632970914869247],[100.25372488699401,-0.76633038633821116],[100.25383513578294,-0.76643642809864332],[100.25430285159541,-0.76688629326775981],[100.25536068364869,-0.76790375295576041],[100.25647518198411,-0.76897074640277197],[100.2569695447088,-0.76954044083862527],[100.2581290046499,-0.77072500625399698],[100.25854246346398,-0.77116809323285906],[100.25938731087575,-0.7719276291567212],[100.26014236188058,-0.77287713876887665],[100.2616523928437,-0.77453193899771122],[100.2631804012546,-0.77620482189496443],[100.26444774117039,-0.77756120188792011],[100.26468145518504,-0.77787771018813601],[100.26615555913179,-0.77956869374020243],[100.26759372886755,-0.78127777614838578],[100.26904088283055,-0.7829778077795595],[100.27046110119892,-0.78474116067599198],[100.27189029570064,-0.78646832934987287],[100.27332849601333,-0.78825880669853632],[100.2747038013394,-0.79004930203359436],[100.2760431688572,-0.79184885084373491],[100.27737355304708,-0.79364839965387546],[100.27870394083425,-0.79545699204652465],[100.28003433671535,-0.79728367160413427],[100.28135574567119,-0.79910130667991552],[100.28265919786372,-0.80095512597824836],[100.28390873659896,-0.80279991428454878],[100.28518525319691,-0.80470800586971336],[100.28545437262125,-0.80518217971376771],[100.2858432691516,-0.80580308154691238],[100.28641687563834,-0.80671560564064748],[100.28653413374332,-0.80693527584224967],[100.28665807111315,-0.80716746011012219],[100.2868244636781,-0.80747918041981848],[100.28727044017876,-0.80816826795114594],[100.28756761305493,-0.80865991382393076],[100.28766075763792,-0.80883113754691749],[100.28770170736794,-0.80890641260083385],[100.28772895232936,-0.80895649674488368],[100.2878966300255,-0.80926473308090863],[100.28841402798508,-0.81026969489045086],[100.28862851539373,-0.81065851767641561],[100.2891455311414,-0.8117203130419739],[100.28946373466368,-0.81244414138399179],[100.28958160970359,-0.8127023799108315],[100.28993360165447,-0.81349997064705803],[100.29010487663879,-0.81403888668523905],[100.29022910359032,-0.81442976532139255],[100.29033706090672,-0.81484579889445286],[100.29035012895537,-0.81502547534535097],[100.29036207734805,-0.81521692392186651],[100.2903740149489,-0.81537845834913014],[100.29055298273403,-0.81570500308339433],[100.29070580902595,-0.81594012273842509],[100.29075486074828,-0.81609149572591377],[100.29078482436023,-0.81620157364363877],[100.29080348619198,-0.81627013435917206],[100.29106588498269,-0.81663430492920952],[100.29108679511955,-0.81666332425294286],[100.29157356127092,-0.81733888238346708],[100.29159252707353,-0.81764507186250057],[100.29149915046548,-0.81811060142308634],[100.2914564947215,-0.81854138297836698],[100.29156356170904,-0.81880459475621592],[100.29173116296283,-0.81914171641705025],[100.29204884937496,-0.81974734056728948],[100.29236943969795,-0.82012741115107701],[100.29316940374503,-0.82095928854027989],[100.29338066978215,-0.8212641677071133],[100.29385631581636,-0.82179050672647236],[100.29425108402035,-0.82217328337026174],[100.29444719108506,-0.82237288430110311],[100.29465537064891,-0.82258477356839421],[100.29481551202633,-0.82273501161142804],[100.29492942465328,-0.82284187984885193],[100.29507867344211,-0.82298189889547757],[100.2952990289271,-0.82316428590303303],[100.2954544003004,-0.82329288625766139],[100.29547260167931,-0.82330749934158121],[100.29570665923501,-0.82349540908580821],[100.29594902292911,-0.82368998730299836],[100.29651975428328,-0.82418278880459184],[100.29740910914313,-0.82484779429023547],[100.29829369399886,-0.82546493605792648],[100.29842975872646,-0.82556547936331981],[100.29906415039028,-0.82603425187915036],[100.2999551941769,-0.8266734827949449],[100.30036860532692,-0.82693564956053933],[100.30118999122516,-0.82746465417039872],[100.30224696712389,-0.82823750185917788],[100.3032539946762,-0.82881370558800427],[100.30417022037943,-0.82943079699361988],[100.30505171876189,-0.83011976581451563],[100.30598570337759,-0.83078693416962324],[100.30633769442909,-0.83101655716831146],[100.30664967644145,-0.83122008004261261],[100.30666627342981,-0.83123173975292275],[100.30724891270722,-0.83164107337677251],[100.30729975857707,-0.83168014442310323],[100.30751929927629,-0.83184884284975169],[100.30774918397771,-0.83202549218265176],[100.30785508724256,-0.83210687003600015],[100.3078780073642,-0.83212457319046962],[100.3081494470394,-0.83233421864923685],[100.30865191985026,-0.83272230399109048],[100.3089657634593,-0.83297162663922109],[100.30926432938537,-0.8332088129363342],[100.309652617974,-0.83351727680081922],[100.30970380198892,-0.83356861010321381],[100.31005353484284,-0.83391936458696136],[100.31000524304761,-0.83397875671420252],[100.30984916840447,-0.83417070981033703],[100.30995617693605,-0.83425443399488586],[100.31012440231939,-0.83404261487470421],[100.31016529898943,-0.83399111879504062],[100.31026953131391,-0.8340953610120323],[100.31073120188353,-0.83455708104440873],[100.31051742673793,-0.83482859896059836],[100.31060066708716,-0.83492429671889568],[100.31083007334928,-0.83465654066679917],[100.31131542486702,-0.83509053370113406],[100.31141619839889,-0.83520162695344879],[100.31117853276311,-0.83541948232317509],[100.31125939080829,-0.83550082240498114],[100.31150417817537,-0.83525424628641076],[100.31154011778227,-0.83527135678764353],[100.31161716270196,-0.83533237039250707],[100.31162514508446,-0.83533869082788215],[100.31171952533589,-0.83541343168445792],[100.31196253923986,-0.83560587670979203],[100.31208918446833,-0.83577336015241599],[100.31208869883443,-0.83577386377277207],[100.31185628164212,-0.83601514468313098],[100.31191573941987,-0.83608452558036106],[100.31216029386252,-0.83584097837842819],[100.31239597559386,-0.83610829556135968],[100.312647926061,-0.83634154462652077],[100.31272415439628,-0.83641211442750318],[100.31269816039185,-0.83644125785770029],[100.31245085762106,-0.8367185269383981],[100.31251031719745,-0.83679030183094483],[100.31281214406528,-0.83649345091197347],[100.31299998905831,-0.83666751739195888],[100.31311304822867,-0.83677228211507781],[100.31315354559973,-0.83680939983389635],[100.31327136398232,-0.8369173841299471],[100.3135175111243,-0.83714298715909763],[100.313418897764,-0.83724608453911742],[100.31321186483575,-0.83746253606716436],[100.31327607642982,-0.83752952206975806],[100.31330697713537,-0.83751275960611338],[100.31350901702757,-0.83734402430724231],[100.31365231770036,-0.83722434522729827],[100.31414670110945,-0.83779400728758446],[100.31403462130078,-0.83790282255716875],[100.31383019460787,-0.83810129483885021],[100.31389203289109,-0.83818264031657463],[100.31408681525437,-0.83798420580637867],[100.31410117113222,-0.83796958103130237],[100.31417968464478,-0.83804726716761024],[100.31468144069601,-0.83854373700381757],[100.31441524496762,-0.838752028982924],[100.31447232673656,-0.83882859006735089],[100.31474089487648,-0.83860115242117672],[100.31516246107878,-0.83905090517509962],[100.31485999209502,-0.83928794128541995],[100.31492657969795,-0.83935253329275383],[100.31518088459023,-0.83912988633511532],[100.31572310293893,-0.83966097827146768],[100.31545216508539,-0.83990756158465274],[100.31553777514824,-0.83998171968056567],[100.31580065237824,-0.83974714591403199],[100.31625905661025,-0.84020827958840982],[100.31635333613764,-0.84034759266722858],[100.31607527565353,-0.84062529072451753],[100.31614424106391,-0.8406874887365916],[100.31646579635947,-0.84043433227856212],[100.31692888246204,-0.84101268808501572],[100.31662941811322,-0.84126406928135111],[100.31670314273589,-0.84134301716647997],[100.31698834833367,-0.84110599994187396],[100.31722855545354,-0.84138112863615788],[100.31750442788712,-0.84167539040691963],[100.31740935335904,-0.8417328579849368],[100.31723586784108,-0.84191958062410777],[100.31727154394667,-0.8419674308522076],[100.3173167231883,-0.84199373961934043],[100.31758940932383,-0.84177259363025314],[100.31768758111701,-0.84195771727479496],[100.31783265615223,-0.84212279413156921],[100.31806336013602,-0.84241707029150348],[100.31788512709699,-0.84262533439164145],[100.31788751209905,-0.84264926355263015],[100.31791129377126,-0.84267318731770047],[100.31795170840468,-0.84266838673659095],[100.31804202461979,-0.84260134857333924],[100.31816086013566,-0.8425007971740115],[100.31858180400712,-0.84294577632647361],[100.31845109833955,-0.84309180104571624],[100.31842734364704,-0.8431492443421007],[100.3184344878614,-0.84318513898290348],[100.3184725309826,-0.84320187806417835],[100.31851769763369,-0.84319229039186894],[100.31869125509741,-0.84304998796653763],[100.31872209644763,-0.84302470082923264],[100.31896942260084,-0.84326393038605829],[100.31911211713054,-0.84341943485895854],[100.31907243724322,-0.84345940522734963],[100.319017055193,-0.84351519197247171],[100.31902419581007,-0.84354151422945733],[100.31905273039922,-0.84355825600863454],[100.31909076362791,-0.84354867103428433],[100.31912777612604,-0.84351884411933042],[100.31916206637635,-0.843491210650825],[100.31968048326775,-0.84393854962434034],[100.31959691286727,-0.84402273066444877],[100.3195378903614,-0.84408218574424154],[100.3195379011533,-0.84411568998706343],[100.3195569317071,-0.84415158013126756],[100.31960686026844,-0.84416113632732959],[100.31966533598654,-0.84409622056409717],[100.31972330808424,-0.84403186687711695],[100.32016115111628,-0.84449464091488835],[100.32009705643407,-0.84455992090357768],[100.32000231825242,-0.84465641006522674],[100.31998943276619,-0.84468178533609262],[100.31998944445735,-0.84471188654430307],[100.32000879516983,-0.84473312583304505],[100.32003752221397,-0.84473606391816247],[100.32006215104747,-0.84473665297412026],[100.3201733639097,-0.84464188241690863],[100.32019781197948,-0.84462104782306824],[100.32024853374287,-0.84457782460685848],[100.32037578871171,-0.84466808506402913],[100.32058573364475,-0.844813780631398],[100.32071358666275,-0.8449465331559054],[100.32059464682555,-0.84507156500069414],[100.32058391521559,-0.84508284609643169],[100.32048501766951,-0.84518680772492871],[100.32048854391121,-0.84522457655293692],[100.320527256128,-0.84525879935404191],[100.32056712667162,-0.84526764058909976],[100.32063629712746,-0.84524873054442651],[100.32069203530926,-0.8451989746529307],[100.32083206514773,-0.845073971586487],[100.32117288122356,-0.84561445784089528],[100.32111925644858,-0.84565783753913593],[100.32083058036704,-0.84589136629347195],[100.32082179399066,-0.84592559538987189],[100.32083881995561,-0.84597103993149858],[100.32088279410573,-0.84599758072374698],[100.32093263363419,-0.8459934285538111],[100.32100356136533,-0.84595858342186148],[100.32119698575235,-0.8458215950905128],[100.32135184990801,-0.84606705604977606],[100.32156417804447,-0.84631721866463749],[100.32165449336026,-0.84640866712624074],[100.32137433026116,-0.84664483359216547],[100.32136437296748,-0.84667021785622865],[100.32137259007305,-0.84670739942691853],[100.32140601517551,-0.84673630363744223],[100.32147227812322,-0.8467474965996189],[100.32149220440175,-0.84673804742288894],[100.3217295741606,-0.84651369804868182],[100.32203925930446,-0.84687831738040131],[100.32220348270459,-0.84706298416932668],[100.3219127633634,-0.84729975228168541],[100.32189401429736,-0.84733575663983629],[100.32189637411841,-0.84738238289060064],[100.32192043098314,-0.84741837285957899],[100.32196499868581,-0.8474443245958696],[100.32198727399356,-0.84744373014399343],[100.32231609131463,-0.84717921704719856],[100.32252667476627,-0.84748426438721935],[100.32254588518452,-0.84750850291504776],[100.32275952992842,-0.84777808818819267],[100.3224453742547,-0.84805912093162306],[100.3224383514488,-0.84809689425622992],[100.32244657574893,-0.84813466398350101],[100.32246358372748,-0.8481565004221352],[100.32249114525024,-0.84816416084731827],[100.32251517963192,-0.84816296834628702],[100.32284693144078,-0.84788311461397825],[100.32308069581751,-0.84818831034220921],[100.32315017564014,-0.84827902135970135],[100.32331145825725,-0.84842591842135562],[100.32332891769545,-0.84843537389332369],[100.3234334297091,-0.84849197542428101],[100.32340683585687,-0.84850879364586262],[100.32319720298858,-0.84864136990324823],[100.32318607207964,-0.84867442358574863],[100.32319957719881,-0.8487269421945598],[100.32324296678956,-0.84875466829328161],[100.3232887018122,-0.84875583741194305],[100.32333676697829,-0.84873338853498126],[100.32347786701001,-0.84862130063248742],[100.32355305572901,-0.8485615712594381],[100.32380583267309,-0.84883120239800292],[100.32405160030117,-0.84914921616336869],[100.3239875164108,-0.84920374026035006],[100.32375737000666,-0.84939955234739273],[100.32373451643485,-0.84943674381065648],[100.32373921898983,-0.84947274097419267],[100.3237744112601,-0.84951758207068906],[100.32381075825992,-0.84952052735042116],[100.32384124078072,-0.84950694039292785],[100.3240902738471,-0.8493387051170771],[100.32413842444879,-0.84930617753803972],[100.32422357405875,-0.84941537591879523],[100.32453316927041,-0.84981240861571905],[100.32420844296536,-0.85003147896952669],[100.32419673469161,-0.85008636729196496],[100.3242248933642,-0.8501341689566857],[100.3242934909519,-0.85014771184739857],[100.32432046521734,-0.85014357856323386],[100.3246337980114,-0.84991078455499292],[100.32463756617079,-0.84990798586483152],[100.32471544206408,-0.85003177124917784],[100.32504701490785,-0.85055881173974512],[100.32474220319017,-0.85073361026786642],[100.32471056593994,-0.85079086560591577],[100.32471527209219,-0.85083335677393279],[100.32474166089901,-0.8508557696779917],[100.32480321859373,-0.85085810971395404],[100.32510979208331,-0.85068449559292958],[100.32536965658443,-0.85106278911638356],[100.32553213260189,-0.85129930991519132],[100.32552102327668,-0.85130841824883419],[100.32521738517426,-0.85155733260478428],[100.32519395064037,-0.85161163726718314],[100.32520393311506,-0.85166120879767959],[100.32522857004255,-0.85168420985837656],[100.32527312965129,-0.85168832785399218],[100.32560551368357,-0.85144552259276907],[100.32565060659027,-0.85141258312415857],[100.325832421629,-0.85174156412182356],[100.32598617332332,-0.8520197649002057],[100.32596832627729,-0.85203428265594994],[100.32572417203295,-0.85223290782238337],[100.3256995593872,-0.85228130573761973],[100.32570133644759,-0.85232793198844092],[100.32571834802343,-0.85235920321463254],[100.32575705394493,-0.85237807458844372],[100.32579692089126,-0.85237511312089964],[100.32585495774015,-0.85235148523281623],[100.32590933075107,-0.85231808621068694],[100.32607125188684,-0.85221862299101758],[100.32636924944137,-0.85268830022482689],[100.32642774944117,-0.85277981433694094],[100.32652396790684,-0.85293033476710889],[100.32675699304087,-0.85329486776390695],[100.32641937495424,-0.85354522013574297],[100.32641113266772,-0.85357985662506053],[100.32640894731514,-0.85358904319974727],[100.32640884119513,-0.85358948926347011],[100.32643581995717,-0.85363433305798253],[100.32644182742843,-0.85363659755091703],[100.3264616296006,-0.85364406462184661],[100.32647334776686,-0.85364848389036752],[100.32650207301231,-0.85364256814995088],[100.32683225640358,-0.85341892114627171],[100.32684380279932,-0.85341109974240226],[100.32721802509184,-0.85388547233662848],[100.32730422241201,-0.85394209904859508],[100.32736754907319,-0.85396627192585584],[100.32744379899219,-0.85404592128219292],[100.32752650964079,-0.85417750468803888],[100.32759456493727,-0.85430790728406691],[100.32764033593281,-0.85441412441224429],[100.32764798376752,-0.85449438440826953],[100.32765504884151,-0.85458114020741505],[100.3275259439672,-0.85466105036715589],[100.32733521125107,-0.85477910437214177],[100.3273297226886,-0.8547825011115151],[100.32732323857664,-0.85482330515134208],[100.32731978068341,-0.85484506784553105],[100.32735673472558,-0.85489403323299484],[100.3273790199259,-0.85490412002906169],[100.32739191890198,-0.85490995842781103],[100.32743376165882,-0.85490104075040563],[100.3274640211477,-0.85489459261128786],[100.32761287603347,-0.8548167122214636],[100.32784328593897,-0.85469616169842766],[100.32795353382858,-0.854773429650038],[100.32801631010472,-0.85488849430851133],[100.32809553138372,-0.85509031116885126],[100.32815829776729,-0.85521068542476542],[100.32825332013465,-0.85531864813702896],[100.32830376310824,-0.85539535760960916],[100.32832489178037,-0.85546262599933698],[100.32833898865346,-0.85553816365529656],[100.32812113058577,-0.85572679555514242],[100.32809281902843,-0.85575131017475314],[100.32807466441432,-0.85578672637626596],[100.3280858061151,-0.85581386611698917],[100.32813682645343,-0.85584631095844088],[100.3281860058795,-0.85584296637972557],[100.32820659495843,-0.85584156523600541],[100.32842463828649,-0.85567210598287602],[100.32858228944116,-0.85594607095436004],[100.32866164202125,-0.85608397119824531],[100.32883116692489,-0.85634240397871508],[100.32870010332715,-0.85641069669622993],[100.3285474775841,-0.85649022374479955],[100.32845600843808,-0.85653788601456426],[100.32844371110843,-0.85658038257855651],[100.32846952974506,-0.85664175231494255],[100.32852582011054,-0.85665766941588117],[100.32861423066225,-0.85660974814129531],[100.32892676935501,-0.8564403446461597],[100.32927994031706,-0.85710357936665105],[100.32899356919791,-0.85728899619016374],[100.32895345044142,-0.8573149722081439],[100.32894408310301,-0.85735274553275076],[100.32895640561367,-0.85739287418175536],[100.32898338437576,-0.85740349157782703],[100.32903263125098,-0.85739756864285255],[100.32904872911564,-0.85738776693187901],[100.32932747488314,-0.85721805227126424],[100.32956975404096,-0.8576305029453124],[100.32979503241489,-0.8580417746081821],[100.32950884026081,-0.85821164934810668],[100.32946970536267,-0.85823487793720687],[100.32944041084636,-0.85828446295755612],[100.32944218520873,-0.85834642894451463],[100.32946975482537,-0.85837829282388611],[100.32950962716762,-0.85839125834985452],[100.32955183504919,-0.85837649058254328],[100.32958879178938,-0.85835480972662026],[100.32989005298361,-0.85817807405879876],[100.33003611277644,-0.858366291371226],[100.33018219775028,-0.85866132835758435],[100.33023735137272,-0.85879291086411058],[100.32993784115848,-0.8589909523705046],[100.32987745528038,-0.85903087957137814],[100.32987277610778,-0.85906688033219325],[100.32988099770995,-0.85911527554947043],[100.32990445742485,-0.85913887555858537],[100.32993084713092,-0.85914181454307936],[100.32999336080502,-0.85910802431584443],[100.33032417012441,-0.85892921391206301],[100.33053655761609,-0.85935288992385495],[100.33073840685205,-0.85982613566756072],[100.33041200241206,-0.85999081232608887],[100.3303544502977,-0.86001984783763419],[100.3303310148645,-0.86006825474612469],[100.33033044829159,-0.86011605731016516],[100.33035390800649,-0.86014378970406824],[100.33040961021538,-0.8601461306393503],[100.3304736059722,-0.86012071579835947],[100.330808233813,-0.85998782387889605],[100.33091885312263,-0.86027193140444069],[100.33104462061283,-0.86059494540035075],[100.33110691934888,-0.86075494738287261],[100.33122078071455,-0.86111668258877216],[100.33098997870462,-0.86120958975072881],[100.33076002475542,-0.86130215517027864],[100.33074889474574,-0.86133816672298735],[100.33076415893885,-0.86138419042799796],[100.33079347503889,-0.86139952926481556],[100.33083275832519,-0.86139891772580768],[100.33103575509608,-0.86132112277152828],[100.33127359070369,-0.86122997738152662],[100.33154939209084,-0.8619481220081866],[100.33132410742166,-0.86204200763251038],[100.33115253206375,-0.86211351092975974],[100.33113378299777,-0.86214833987395423],[100.3311467044569,-0.86219790960581122],[100.33116605427006,-0.86221029506901914],[100.33136045532081,-0.86213287782999259],[100.33155764157198,-0.86205435082757731],[100.33177303279928,-0.86268280876458903],[100.33188804889443,-0.86297904094993783],[100.33171464341615,-0.86301834312200754],[100.33145774038246,-0.86307656972786617],[100.33140030068341,-0.86311377288228641],[100.33138975613241,-0.86315036359837904],[100.33140501942614,-0.86319580814000574],[100.33145427079802,-0.86320818191200033],[100.33173066573767,-0.86327637390547807],[100.33175765259364,-0.86336681332772969],[100.33177565522237,-0.86345725454862077],[100.33178467542251,-0.86355674474793886],[100.33178470689876,-0.86364719316338778],[100.3317937226023,-0.86373763798155778],[100.33181088706283,-0.86382386857661686],[100.33181172523098,-0.86382808010176859],[100.33182074543112,-0.86392757030108669],[100.33182976473194,-0.86396836085111772],[100.33179627577755,-0.86397874622213067],[100.33164434970701,-0.86402586080475885],[100.33163366845912,-0.86407253112236049],[100.33164794519655,-0.86410842216588435],[100.33172197918606,-0.86413563565099594],[100.33176693089922,-0.86420797891503298],[100.33177368840506,-0.86421817542839108],[100.33182087133622,-0.86428936396293921],[100.33183888026019,-0.86439789504674991],[100.33186587071344,-0.8644973789508299],[100.33188387604008,-0.86459686555286908],[100.33191985161994,-0.8646963458596133],[100.33195582540105,-0.864786781684586],[100.33200976763675,-0.86487721121426375],[100.33204575041111,-0.86499478138398445],[100.33208170710515,-0.86503999300123269],[100.33204578818265,-0.8651033187630901],[100.33204074298595,-0.86510736841029257],[100.33198436268827,-0.86515262499358414],[100.33197264811929,-0.8651815462912964],[100.33200608311432,-0.86521222396493158],[100.33205987336453,-0.86521273927644415],[100.33208015757327,-0.86520624886924224],[100.3321357059981,-0.8653254612010528],[100.33241095160417,-0.8659161727931064],[100.33242349804607,-0.86594309759584576],[100.3323402181266,-0.86598507794894886],[100.33236248264251,-0.86605175728271888],[100.33245384117191,-0.86608591533268964],[100.33248641641507,-0.86609809485116784],[100.33249869216098,-0.86614334154194239],[100.33251340686832,-0.86619757785587126],[100.33254039372423,-0.86628801727812288],[100.33257636660608,-0.86637845310309558],[100.33260335795865,-0.866477936107799],[100.33265730199292,-0.86656836563753359],[100.33271124512794,-0.86665879516721134],[100.33278315941533,-0.86674921840165098],[100.33283710344961,-0.866839647032009],[100.33290901413977,-0.86692102488535738],[100.33296295727473,-0.86701145441503513],[100.33303486886416,-0.86709283226832667],[100.33307982687256,-0.86718326359670073],[100.33312478218301,-0.86726465224188587],[100.33315176274374,-0.86733700090184129],[100.33316974288937,-0.86736412895135118],[100.33323265586245,-0.86740933067602555],[100.33328659719876,-0.8674907148245552],[100.33334053673644,-0.86757209897314169],[100.33343943608116,-0.86774391624868485],[100.33353832193609,-0.8678795528990122],[100.33363722667673,-0.86806946003747498],[100.33368218198717,-0.86815084688402067],[100.33372713729761,-0.86823223462988608],[100.33378107773461,-0.86831361877841573],[100.33382603574302,-0.86840405100610951],[100.33387997707933,-0.86848543515463916],[100.33393392021429,-0.86857586468437376],[100.33399684307989,-0.86864820075379612],[100.33404180108829,-0.8687386329814899],[100.3341047266519,-0.86882001353274063],[100.33414070043301,-0.86891045025703306],[100.33418565484413,-0.86899183710357875],[100.33424858400502,-0.86908226303597758],[100.33429354201343,-0.86917269526361451],[100.33436546259605,-0.86928120656239116],[100.33442839535422,-0.86938067787593809],[100.33450931994923,-0.86954345606557126],[100.33458126031695,-0.86970623695322047],[100.33466218760992,-0.86987805962468201],[100.33482399722976,-0.87008603324380829],[100.33497682711891,-0.87031210032313311],[100.3351027043264,-0.87054721997816387],[100.33523757295569,-0.8708004267982119],[100.33539939246805,-0.87103553476208617],[100.33544125231202,-0.87110031113041941],[100.33551626476384,-0.87121638932484302],[100.33561439788622,-0.87139733921577545],[100.33562415912769,-0.8714153373479121],[100.33574105660455,-0.87166854956387851],[100.33589389998355,-0.87193079457045997],[100.33608270005664,-0.87223825119428966],[100.33621755429675,-0.87244623380661324],[100.33636331731333,-0.8726820891070588],[100.33642433361615,-0.87278081758063308],[100.33655199417927,-0.87301353784442881],[100.33656819186859,-0.87304306708381318],[100.33662212870831,-0.87311540585125158],[100.33663706195091,-0.87316279292849686],[100.33664910836973,-0.87317871002937864],[100.33669235676689,-0.87322080639506794],[100.33673899560824,-0.87327817055108881],[100.33681992469985,-0.87344999322255035],[100.33693679070041,-0.87361275792238757],[100.33702670941517,-0.87379362237771829],[100.33713459298713,-0.87396543515666281],[100.33723348873457,-0.87412820615173814],[100.33734137410516,-0.87430001893068265],[100.33743128472605,-0.87446279262371718],[100.33752119894422,-0.8746346116978998],[100.33762009828894,-0.87480642807412323],[100.33770102738055,-0.87497825074564162],[100.3377819402844,-0.8751048492093787],[100.33787184371067,-0.87524953393881333],[100.33801569566788,-0.8754936917803775],[100.33813256346707,-0.875656455580895],[100.33820450293553,-0.87581923736786393],[100.33827644690058,-0.87599106273728466],[100.33839800466427,-0.8762510702306372],[100.33855912000746,-0.87664650123497267],[100.33857348937511,-0.87668176724969271],[100.33862815916228,-0.87687689315407624],[100.33836958518827,-0.87704348267055821],[100.33835740926708,-0.87706968082108006],[100.33836130333157,-0.87710033241438623],[100.33837127231641,-0.87711259377113038],[100.33838123770403,-0.87711761018948664],[100.33841257008407,-0.87711729992338405],[100.33868124164604,-0.876971464961116],[100.33903143585212,-0.87767890495746315],[100.33878720066883,-0.87784227939761195],[100.33878396221013,-0.87788096373543567],[100.33879700417845,-0.87791637004437462],[100.33882241632153,-0.87794783732277892],[100.33884847327846,-0.87794848663332914],[100.33913504764439,-0.87778640901552762],[100.33947405698223,-0.87852466068449075],[100.33921418978309,-0.87866705573998161],[100.33920398427654,-0.87869491673694711],[100.33919992113948,-0.87871524321383276],[100.33920253277074,-0.87873311454154646],[100.33922452569135,-0.87875114235129104],[100.33924699795068,-0.87875228269166428],[100.33953397791083,-0.878616271923363],[100.33983016962668,-0.87932089973969596],[100.33942539466631,-0.87956341092262846],[100.33940534068398,-0.87959046073115132],[100.33941000996407,-0.87963121620759921],[100.33943402545998,-0.87964851916376574],[100.33947199573606,-0.87964778171971147],[100.33989720689067,-0.87941536632604311],[100.34019705435065,-0.88011412336805961],[100.33980170068799,-0.88032016974000271],[100.33979324706075,-0.88034771417562752],[100.33980498411279,-0.88038049896078974],[100.33983299799451,-0.8803995007363028],[100.3398740430527,-0.88039948454854766],[100.34027134914351,-0.88020065523602398],[100.34027180599912,-0.88020157883971706],[100.34052298394863,-0.88071007530970746],[100.3406618248834,-0.88096052121102275],[100.34024107526545,-0.88117510664579868],[100.34021894025193,-0.88121839371382293],[100.34021895374178,-0.88125511663025691],[100.34024111393632,-0.88128789601955759],[100.34028672125527,-0.88130295606651998],[100.34073482375317,-0.88106410242636457],[100.34109791873402,-0.88173939076023089],[100.3406542876653,-0.8819701037372738],[100.34062283837335,-0.8820146057893794],[100.34062659574084,-0.88204401811691469],[100.34064682599029,-0.88205984888287503],[100.34069477064719,-0.8820553010112917],[100.34115991799587,-0.88183794836260176],[100.34146583408102,-0.88257158740879049],[100.3410351388606,-0.88277007677754682],[100.34103591407626,-0.88282512428003201],[100.34105764169686,-0.8828552812461794],[100.34109734946315,-0.88285752775266246],[100.3414943425899,-0.88269223505852779],[100.34168114257074,-0.88343119899059275],[100.34130959666061,-0.88352106734333802],[100.3412751580222,-0.883576135530177],[100.34127366964418,-0.88361459503749984],[100.34130140203814,-0.88364625926737972],[100.34135833991553,-0.88364396869417305],[100.34171639239764,-0.88352997332953009],[100.34193838195085,-0.88419878204808811],[100.34159606760448,-0.88432409627995412],[100.34155637063009,-0.88435125400712877],[100.34155188840896,-0.88437840813696766],[100.34156312993457,-0.88440931783571841],[100.34158636391965,-0.8844251468030393],[100.34163281120533,-0.88443041323296256],[100.34200060244592,-0.88431640527784339],[100.34222938727646,-0.88511718411069751],[100.34194174991188,-0.8852236197741945],[100.3419132881678,-0.88525605472307234],[100.34191105605044,-0.88529527505687611],[100.34194628429367,-0.8853359819699449],[100.34199198514204,-0.88534048667406751],[100.34228935766777,-0.88522575386542712],[100.3423997143754,-0.88559492196804968],[100.34244137277119,-0.88573428091228834],[100.34251678002545,-0.88598653804825744],[100.34225258888591,-0.88607056980089283],[100.34223982660677,-0.88608998436524189],[100.34224087791426,-0.88611542708525803],[100.34225365368326,-0.88613535696111967],[100.34228232227139,-0.88614898618669713],[100.34233261236022,-0.88614503276698997],[100.34254730031773,-0.88607518332298696],[100.34278842114878,-0.88677517063757705],[100.34253872618132,-0.88686666856187912],[100.34250495663849,-0.88688842406145341],[100.34248615181451,-0.88694082755711179],[100.34249391746039,-0.88697091797342864],[100.34253601112806,-0.88701382013164221],[100.34259027532102,-0.88701825918525401],[100.34266890484616,-0.88701433184587586],[100.34283737664367,-0.88694364693174066],[100.34284440574481,-0.88694069805472964],[100.34286438508337,-0.88700264065931833],[100.34298131583512,-0.88736517806046322],[100.34303937966371,-0.88754519985104707],[100.34307556928218,-0.88765740286680739],[100.34273562644807,-0.88777737062912365],[100.34269742864348,-0.88779911983345983],[100.34267750686149,-0.88781975028120996],[100.34267862471881,-0.8878582079898365],[100.34270964503418,-0.88789164298486867],[100.34275947556938,-0.88788438095934907],[100.34309223102173,-0.88778727216481457],[100.34323812983587,-0.88854414879335764],[100.34285444397744,-0.88866077827225354],[100.34283617514944,-0.88868420201424669],[100.34283176037752,-0.88872210124395679],[100.34284617740923,-0.8887594419945799],[100.34286943567599,-0.88877503533956315],[100.34326862674578,-0.88867233096323162],[100.34327213140381,-0.88869317994624453],[100.34337739525063,-0.88931941835642192],[100.34338462759854,-0.88942030070626288],[100.34302476118387,-0.88955699226136176],[100.34298268100599,-0.88957707682061482],[100.34296996369295,-0.88961888720183424],[100.34298603098063,-0.8896450736611996],[100.34304029877086,-0.88966232985256966],[100.3434073912382,-0.88957636096023407],[100.34351667595388,-0.89013593892241261],[100.34355828398765,-0.89035497060535818],[100.34318066225779,-0.89041865879403304],[100.34316628119899,-0.8904521027822625],[100.34316795393801,-0.89048442801390593],[100.34318623715518,-0.89050449188874836],[100.34321946080951,-0.89051562279769314],[100.34357271181125,-0.89044359609505364],[100.34370755166225,-0.89123056853588878],[100.34329284818648,-0.89132046386828279],[100.34327015109665,-0.89134332013804851],[100.3432524488415,-0.89139404999536964],[100.34326907640678,-0.89142749128563992],[100.34329787000075,-0.8914397445485065],[100.34373361221651,-0.89133702578305929],[100.34374842944652,-0.89147300417573661],[100.3438163903142,-0.89209670379977979],[100.3437535366964,-0.89211169190099326],[100.34340667717646,-0.89219440254959181],[100.3433884083484,-0.89221335756036524],[100.34338676168977,-0.89225906200607596],[100.34340504940354,-0.89228971719666106],[100.34346208081047,-0.89229303389635106],[100.34376427640029,-0.89224501009908863],[100.34383471669889,-0.89223381623759224],[100.34385449099204,-0.89251964956213214],[100.34389093601794,-0.89304646072554306],[100.34384008745013,-0.89304833491269164],[100.34355483598694,-0.89305884888671017],[100.34352216991226,-0.893075585269969],[100.34350833743986,-0.89311070199727283],[100.34351610578369,-0.89314860572352472],[100.34354213396239,-0.89316643208513824],[100.34384978843707,-0.89314541582825768],[100.34390315600592,-0.89314176997663708],[100.3439536817171,-0.89351743568107622],[100.34400089432586,-0.89392096058384141],[100.34392772278625,-0.89392524225610259],[100.34360775659275,-0.89394396164448153],[100.34360555775032,-0.89397239011367446],[100.34361774446342,-0.89400526393171731],[100.34366039211346,-0.89403925560714015],[100.34370248218386,-0.89404648525703578],[100.34393755687279,-0.89402363977910682],[100.34401919463016,-0.89401570595998692],[100.3440244322818,-0.89407426801301426],[100.34406979138782,-0.89458143978157523],[100.34406447369656,-0.8951778368876262],[100.34406298082195,-0.89564492767124193],[100.34406412745756,-0.89570175313338041],[100.34407312967124,-0.89614824764345258],[100.34409379878986,-0.89662702691572349],[100.3441281537913,-0.89671229793412977],[100.34417636824486,-0.89680815487241716],[100.34422181728308,-0.89693019737063651],[100.34423570821144,-0.89705616810761057],[100.34423851499554,-0.89716373511822667],[100.34421301471889,-0.89723461518531167],[100.34420642628561,-0.89725292987878902],[100.34413245704729,-0.89730113893637053],[100.34411082295617,-0.89734358064168873],[100.34411018983343,-0.89734482440405827],[100.34410629936627,-0.89739242821792686],[100.34410632724524,-0.89746915477763878],[100.3440841014002,-0.89747177090544028],[100.34395546057613,-0.89748691189140573],[100.34393201525035,-0.89750384342755751],[100.34392929929777,-0.89754633639427084],[100.34393751730266,-0.89758606664361196],[100.34397231297191,-0.89759864366243391],[100.34408141062863,-0.89758969720674031],[100.34412942633202,-0.89758575997478829],[100.344145388399,-0.89796907261455772],[100.34414994886112,-0.89840107814717385],[100.3440627739779,-0.8984067627618515],[100.34389052232979,-0.89841799709284942],[100.34386238973758,-0.89844456306610709],[100.34385888328092,-0.89848794276429089],[100.34389670876618,-0.89850651556321282],[100.34406066326903,-0.89849925533633268],[100.34411832060408,-0.89849670216102595],[100.34410980582294,-0.8992456323799729],[100.34404080983558,-0.89924487784878693],[100.34385108076282,-0.89924280581078619],[100.34381826000475,-0.89927233055357192],[100.34381593166,-0.8993222959871332],[100.34384252281421,-0.89935612218721417],[100.34403638786904,-0.8993573245808193],[100.34408173258595,-0.89935760606863369],[100.34409409106951,-0.90017885976652678],[100.34400380093473,-0.90018595811540081],[100.34384521268646,-0.90019842631625124],[100.34381092783212,-0.90023031267872966],[100.34381094312062,-0.90027103218233151],[100.34383469871244,-0.90029404223622578],[100.34399988078991,-0.90028564076965267],[100.34411523503013,-0.90027977359261513],[100.34411222230131,-0.90085447455430767],[100.34411112782635,-0.90106322608698974],[100.34399576189497,-0.90106845924196932],[100.34389140276608,-0.90107319327319146],[100.34385779330256,-0.90108619387268618],[100.3438277163761,-0.90112476309730027],[100.34382538443401,-0.90116096170896753],[100.34386252643452,-0.90119910825217175],[100.3439082632558,-0.90120223789290321],[100.34400197800892,-0.90119517281891603],[100.34412323180175,-0.9011860321096492],[100.34413269266969,-0.90160788969228634],[100.34414190262675,-0.90201856060804175],[100.34404250505764,-0.90202125857416604],[100.34386282860669,-0.90202613469830339],[100.34382687730857,-0.90204543235074652],[100.34382025290239,-0.90209028783647227],[100.34385895432735,-0.90211662987849195],[100.34395120228623,-0.90212879770581367],[100.3440474450336,-0.90212197095212332],[100.34413529890497,-0.90211573954968571],[100.34413403445819,-0.90293017908442152],[100.34408396290462,-0.90292883369869514],[100.34388856900233,-0.90292358615454305],[100.34386160103213,-0.90293776036929785],[100.34385027766825,-0.90295979735674337],[100.3438627953318,-0.90298614929133691],[100.34390032404076,-0.90300069762406565],[100.3440871599945,-0.90300290186240773],[100.34412624273199,-0.90300336321456598],[100.34414296562545,-0.90366427858356246],[100.3441443793597,-0.90372012828123616],[100.34412037645427,-0.9037223909755312],[100.34384274134948,-0.90374856934096215],[100.34382692677133,-0.90379549056939368],[100.34383837783895,-0.90383089687833262],[100.34390083305703,-0.90387336556329956],[100.34399229680713,-0.90387864098642012],[100.34411128430838,-0.90389115595201019],[100.34433617057789,-0.90391480992047946],[100.34435245460213,-0.90450050599349652],[100.34435257241336,-0.90450466805594942],[100.34436558380469,-0.904972686040594],[100.34363394934735,-0.90514204187167024],[100.34347694120794,-0.90518729305910028],[100.3430280751856,-0.90531665963607111],[100.34263591141826,-0.90549563101848207],[100.34237652715507,-0.9056338226427556],[100.34223497746228,-0.90574542581072137],[100.34207353566518,-0.90593830340992554],[100.34206495703222,-0.90599673596057073],[100.34205318130932,-0.90612549279722998],[100.34204463685057,-0.90627806278234857],[100.3420425567187,-0.90646091384007832],[100.3420501685805,-0.90670760776981751],[100.34207926884324,-0.90691858512457202],[100.34213522286228,-0.90709168123606787],[100.34222235637668,-0.90726908869743284],[100.34236756720952,-0.90755684027590178],[100.34266874386748,-0.90813126154841939],[100.34288379245311,-0.90847310824727856],[100.34307636338355,-0.90877922308260395],[100.34345920208057,-0.90925947454508105],[100.34399687705428,-0.90991170965764923],[100.34376658406069,-0.91006708732618335],[100.34375311491436,-0.91011607879397616],[100.34375841461917,-0.91015915721925467],[100.34378715065651,-0.91018511255288104],[100.34381529404067,-0.91018628706746085],[100.34407731241811,-0.91002861163104853],[100.34417311179971,-0.9102128962081224],[100.34431258225993,-0.91048118735687922],[100.34442521605092,-0.91065406403379257],[100.344222409037,-0.91080935716604472],[100.34421481066505,-0.91086365553320547],[100.34424590742276,-0.91093091942633464],[100.34430864862532,-0.91094919365031046],[100.34435203371942,-0.91093383682704143],[100.34452083466886,-0.91079213335024178],[100.34492091786615,-0.91142346192316381],[100.34466477475962,-0.9115982478608089],[100.34465717998495,-0.91166553603562761],[100.34468650417887,-0.91170211056390826],[100.34474865902348,-0.91171211821961151],[100.34498721588739,-0.91155504802696896],[100.34524668198884,-0.91198238158159484],[100.34539025065959,-0.91221883672989179],[100.3451452492539,-0.91239361907020111],[100.3451435027705,-0.91243670019349565],[100.34516638781861,-0.91248154578664753],[100.34521330005384,-0.91250337053406838],[100.34528012597707,-0.91248268792566023],[100.3454735620553,-0.91235867321415753],[100.34580208889537,-0.91300546113308201],[100.34580564391541,-0.91301245965723865],[100.34580527609268,-0.91301266829992755],[100.34571338876196,-0.91306462213458417],[100.34568375340257,-0.91308137920225363],[100.34555183275091,-0.91315596807339716],[100.34555184714009,-0.9131955130624192],[100.34558470207241,-0.91325274411877899],[100.34563161160963,-0.91327161189531125],[100.34564595939355,-0.91326385074609107],[100.34586959560539,-0.91314287034714425],[100.3461958273756,-0.91381258558232048],[100.34595959435984,-0.91391536909895876],[100.34593322174084,-0.91396376881283459],[100.34595025220244,-0.91401805818679804],[100.3460147488816,-0.91404164020946155],[100.346092720103,-0.9140339411134164],[100.34623575097919,-0.91396542716267959],[100.34629140732267,-0.91407476134111221],[100.3465502367041,-0.91458322093882316],[100.34634566162305,-0.91469247687626876],[100.34633630507648,-0.91475444556118646],[100.34636739374031,-0.91480400809842877],[100.34644890469326,-0.91483821291313916],[100.34661772812569,-0.91475670106086682],[100.34675186021025,-0.9150241657326319],[100.34694472971557,-0.91540875810767375],[100.34695921059915,-0.91543763533854872],[100.34695501975841,-0.91543963003482531],[100.34666142438527,-0.91557938827810403],[100.34663799434804,-0.9156336929405029],[100.34665618763302,-0.91570155758074634],[100.34669724258373,-0.9157304590933677],[100.34701422842397,-0.91558936175960071],[100.34703431028527,-0.91558042339778467],[100.3471335900432,-0.91583823204871351],[100.34719497866541,-0.91599764677391704],[100.34729722528675,-0.91626315901754651],[100.34705160874483,-0.91637774074007439],[100.34701292710497,-0.916426153943803],[100.34702526940072,-0.91648870269142435],[100.34707979979299,-0.91650875217715111],[100.34734125069821,-0.9164218947545919],[100.34760475745367,-0.917094592141666],[100.34736265276428,-0.91721389440567691],[100.3473374636531,-0.91725285933193845],[100.34734744972508,-0.91731010028087212],[100.34740901731237,-0.91733014616926312],[100.34748992302161,-0.91730945726561686],[100.34750715043469,-0.91730251270075769],[100.3476657854477,-0.91723856910465429],[100.34791639502566,-0.91795376305566379],[100.34769421931281,-0.91801758614263917],[100.34766401558193,-0.91804703354370076],[100.34762095244508,-0.91808902199073827],[100.34762215124135,-0.91814803910068576],[100.34766027260355,-0.9181863825954224],[100.34774294188333,-0.91819579489998659],[100.34796336841475,-0.918140826537865],[100.34818906227548,-0.91866517625680899],[100.3482280209065,-0.91875568942350583],[100.34794253472029,-0.91886792571415299],[100.3479191091796,-0.91893758000526304],[100.34794434505557,-0.91899894794306647],[100.34801177981984,-0.91902370537962952],[100.34829435400127,-0.91897815561736707],[100.34835182517668,-0.91916716523246578],[100.34849746678475,-0.91964615314742559],[100.34840770724998,-0.91968520171064938],[100.34828990235718,-0.91973645137608173],[100.34820553515738,-0.91977315360810508],[100.34817800061427,-0.9198156555680157],[100.34819774522981,-0.91985345497289472],[100.34820851011472,-0.91987406473623423],[100.3482823858235,-0.91989233356429168],[100.34836504611008,-0.91987813866512624],[100.34853038017297,-0.91985801453569138],[100.34874696120335,-0.92049590366298162],[100.34857637240174,-0.92056560561815104],[100.3485517804404,-0.92064056770800562],[100.34858463627199,-0.92070075753389347],[100.34866378920259,-0.92070603835293241],[100.34883380333741,-0.92068236459937225],[100.3489466682542,-0.92105559493973033],[100.34902634818746,-0.92131908820533681],[100.34880301414785,-0.92143366273330685],[100.34875086066376,-0.92150214161051736],[100.34876377942493,-0.92156528930661352],[100.34882944882008,-0.92158001570510351],[100.34895608415604,-0.92156639996932199],[100.34908384634247,-0.92150936496517488],[100.34908973780119,-0.92150673534752059],[100.34910058632306,-0.92154411117172685],[100.34912242725829,-0.92161935654803528],[100.34922021324229,-0.92195624978103297],[100.34923473189741,-0.92200627187190776],[100.34927675541797,-0.92215104923150193],[100.34930812377098,-0.92225912166111357],[100.34919870145899,-0.92228579555296619],[100.34919183063852,-0.9222874709899429],[100.34904138125478,-0.92232414714163724],[100.34903847284733,-0.92237962002337781],[100.34906018428012,-0.92243449395670041],[100.34906096758965,-0.92243468011633922],[100.34911472096763,-0.92244746307989089],[100.34915371197428,-0.92243468101565895],[100.34933279667126,-0.92237597057453513],[100.34934631707893,-0.92243468011633922],[100.34936668582395,-0.92252313293619181],[100.34941097563609,-0.92271545655302134],[100.34941192891745,-0.92271959703174389],[100.34947037405857,-0.92297339020973368],[100.34948734786286,-0.92304709684600539],[100.34949546424434,-0.92308234127699507],[100.3495069261038,-0.92322736684945994],[100.34950949816488,-0.92331161174143972],[100.34951207562187,-0.923396076068002],[100.34952083591793,-0.92348220593902397],[100.34956706466835,-0.92357051306868243],[100.34960476964449,-0.92379131911405921],[100.34961320708391,-0.9241218109727356],[100.3496262886224,-0.92427019461376858],[100.34962647208408,-0.92431089703023872],[100.34963031308854,-0.92433357973089869],[100.34965682510244,-0.92449016069230083],[100.34965753376821,-0.92449966113042592],[100.34971752034733,-0.92530346618195836],[100.34972017064939,-0.92533899569804134],[100.3497231599959,-0.92551371688449535],[100.34976543172934,-0.92615096389579321],[100.3495602217269,-0.92614955915479413],[100.34950355994141,-0.92617467092429706],[100.34948013260208,-0.92623860822516235],[100.3494791784214,-0.92630303475721121],[100.34948708166354,-0.92653320274507678],[100.34952276406437,-0.92656121842543371],[100.3495520792651,-0.92656957402658691],[100.34960437394278,-0.92661676774957868],[100.34966258436083,-0.92679035039429891],[100.3496812336021,-0.92701903000420316],[100.34967882701631,-0.92717913271076213],[100.34967853383733,-0.92719861832154038],[100.34967847718002,-0.92720239817208494],[100.34967456512913,-0.92746265207966871],[100.34966917189485,-0.92753040520398145],[100.34963266841299,-0.92798901268275813],[100.34965765517671,-0.9282797572049617],[100.34980026337149,-0.92916796812716029],[100.34985968337776,-0.92945908676739464],[100.3498923638416,-0.92957494103063709],[100.34995475520782,-0.92993141430326887],[100.34998149385092,-0.93029085713732229],[100.34995178384781,-0.93050771066225479],[100.34991613202391,-0.93065624089274479],[100.34985077019695,-0.93074535921090273],[100.34968272737603,-0.93073191794360355],[100.34966917189485,-0.93075940392333223],[100.34965431509465,-0.93078953121187169],[100.34964964941184,-0.93085051423980758],[100.34966882115924,-0.93089339571361052],[100.34966917189485,-0.93089348024989249],[100.34970165810512,-0.93090125309032601],[100.35028795582457,-0.93089921702517131],[100.35028795492525,-0.93089926468928752],[100.35028163628857,-0.93112357809059176],[100.35028151398075,-0.93112793800389682],[100.35027723320781,-0.93127989734932726],[100.35027638604646,-0.93130998057108627],[100.35012002631822,-0.93130834020769271],[100.34999461765756,-0.93130702270087795],[100.34939796694266,-0.93130075982213611],[100.34932760038851,-0.93126931053018325],[100.34925566361807,-0.93122369781536918],[100.3491758964505,-0.93114425260512235],[100.34910628622617,-0.93104906476247606],[100.34898949127205,-0.93085558911411681],[100.3489572217984,-0.9308007178787534],[100.34893140945707,-0.93075764754735246],[100.34890032798779,-0.93073109506394758],[100.34887188692812,-0.93072756972151183],[100.34884374804062,-0.93073819880879682],[100.348815617247,-0.9307647737752518],[100.34880215259733,-0.93080283937950981],[100.34880188010277,-0.93086687560577275],[100.34881747074974,-0.93100968794669825],[100.34891273683337,-0.93139336571118747],[100.34899079708765,-0.93161779962173341],[100.34909551144875,-0.93177749853271052],[100.34914750935013,-0.93179812898040382],[100.34921658987378,-0.93180017313943608],[100.34929456918906,-0.93178981384880899],[100.34935953171708,-0.93175948781004081],[100.34942176120535,-0.93170438185171633],[100.34946278917641,-0.93167820888220376],[100.34951409190188,-0.931670609610876],[100.34956060663677,-0.93168780284975128],[100.34961261892727,-0.93174631274206376],[100.34966600897917,-0.93185851935515984],[100.34987960875702,-0.93235211765608028],[100.34999461765756,-0.9327333312781434],[100.3500385009761,-0.93287878672657598],[100.35014473069481,-0.93324753484580469],[100.34987018026465,-0.93333275460287268],[100.34973707970255,-0.93336127300432281],[100.34973707970255,-0.93340880217442646],[100.34991771573004,-0.9333897914057161],[100.35011261410591,-0.93334701425322919],[100.35017227962709,-0.9333431651548949],[100.35024116589716,-0.93358228319578984],[100.35040612224481,-0.93407044509490333],[100.35041464511983,-0.9340956692796567],[100.35024632620707,-0.93412167137796587],[100.35021466827237,-0.93412656099195601],[100.35019383997377,-0.9341698489593],[100.3502010147651,-0.93420656827845505],[100.35021795619377,-0.93421836468576203],[100.35045246430985,-0.93418877069518658],[100.3506409999822,-0.93495367467232882],[100.35064559192057,-0.93497230682646659],[100.35041025912619,-0.93499229605754408],[100.35031206395064,-0.93500063726952476],[100.35028341065095,-0.93502950011128405],[100.35028213001635,-0.93508917012906068],[100.35029778001859,-0.93512719616313689],[100.35033296419499,-0.93514160959756509],[100.35068602993641,-0.93509885402886539],[100.35074930713489,-0.93531653672874882],[100.3507754081586,-0.9354822071380795],[100.35078587716657,-0.93554865714475],[100.35079830309928,-0.93569029317245622],[100.35046216259877,-0.93570156617431621],[100.350436036394,-0.93571367104902947],[100.3504055017126,-0.93572781828413554],[100.35039118720357,-0.93576979054336107],[100.35041268999373,-0.93579536186638279],[100.3504381039354,-0.93580518336244722],[100.35059495379414,-0.9358022299888944],[100.35079379030122,-0.9357984870105156],[100.35079504035889,-0.93584199980841731],[100.35080618026109,-0.9362296480797454],[100.35081095566113,-0.93639586977354838],[100.35054569342907,-0.93640025306916641],[100.35048588221775,-0.93640124142410741],[100.35042922313022,-0.93642814374379668],[100.35042207441927,-0.93648585323950329],[100.3504396858429,-0.93653305955302812],[100.35048008069123,-0.93654878240033668],[100.3507564135777,-0.9365358483506725],[100.35083315632517,-0.93653225555908648],[100.35083507907569,-0.93661585024125316],[100.35084583226939,-0.9370831469695986],[100.35084773073822,-0.93716570023684653],[100.3505758000332,-0.93716874534129602],[100.35054480669754,-0.93716909158024464],[100.35051875693512,-0.93719139656565176],[100.35050640114957,-0.9372359930466132],[100.35052009422702,-0.93727795541326486],[100.35054355124396,-0.93729434375893561],[100.35087057171955,-0.93728306536115724],[100.35090067202844,-0.93763256888792057],[100.35092546184063,-0.93790026378610492],[100.35092685668917,-0.93791532563170676],[100.35092243202467,-0.93792818054106419],[100.35091253228762,-0.93793159436751239],[100.35076039037978,-0.93794828398608843],[100.35064857677048,-0.93796054983943122],[100.35063451137364,-0.93797157193046132],[100.35062644265628,-0.93799675474639344],[100.35062671065424,-0.93801878813650319],[100.3506340284377,-0.93807255680297885],[100.35064602089722,-0.93809065026323424],[100.35064967034606,-0.93809117366868122],[100.35095271309729,-0.9380708588830089],[100.35099340112464,-0.93868508594789546],[100.35099595879655,-0.93872370193724919],[100.35060219603457,-0.93873855154288322],[100.35059733699757,-0.93874206159682672],[100.35056250085881,-0.93876722192970874],[100.35056269511233,-0.93882814740101139],[100.35056879431448,-0.93884617071415732],[100.35059209035273,-0.9388609501726819],[100.35100447987293,-0.9388452866805892],[100.35102114341112,-0.93937771680811011],[100.35102261829928,-0.9394248592697636],[100.35095963877637,-0.93943306468412402],[100.35077003291076,-0.93945777085940563],[100.35074783044809,-0.93948051021732226],[100.35074300018937,-0.93950310838170026],[100.35074262697071,-0.93950485486510615],[100.35073781110117,-0.93952739187557199],[100.35074786192433,-0.93956237370451845],[100.35077724277562,-0.93958364536888439],[100.35083457005942,-0.93958578395671566],[100.35105921980721,-0.93957235617926926],[100.3511144813483,-0.9397858453404524],[100.35112863397933,-0.93999347721717186],[100.35113517564793,-0.94008945736254645],[100.35097301439316,-0.94011047541806647],[100.35097301439316,-0.9401532516711768],[100.35114065971374,-0.94016990891412888],[100.35117128342807,-0.94061918772530362],[100.35117444724301,-0.94066560533337906],[100.35087542176336,-0.940700985561989],[100.35076965339687,-0.9407135014268988],[100.35074341837412,-0.94074334902626333],[100.35075613119056,-0.94078426368275814],[100.35077222815585,-0.94079704664630981],[100.3511728041816,-0.94080177438235069],[100.35119143723512,-0.94080199381693319],[100.35119285096937,-0.94082934130102558],[100.35121632417406,-0.94128319586275211],[100.35122020834598,-0.94135828925357146],[100.35100153639183,-0.94140327783895827],[100.35103481130756,-0.94145080790843849],[100.35122445224675,-0.94144034519570141],[100.3512486134328,-0.94190750162982795],[100.35124945699692,-0.94192381892906951],[100.35123345266175,-0.94192617155550806],[100.35094714089792,-0.94196826612255791],[100.35089887518302,-0.94200579213355695],[100.35089720604128,-0.94205438160440735],[100.35092347703687,-0.94209443920698277],[100.35097682572001,-0.94210294859215082],[100.35127444465996,-0.94208685432482753],[100.35129440061615,-0.94208577513836644],[100.35131301568316,-0.94271321684141185],[100.35131604999577,-0.94281546526144666],[100.35132872234271,-0.9432425586970794],[100.35126432728691,-0.94324933598801408],[100.35096288622827,-0.94328106137186296],[100.35094439526767,-0.94333868093531237],[100.35094428105378,-0.94333903616751513],[100.35096039600552,-0.94341745704997493],[100.35097377971624,-0.94343022202707516],[100.35100953586146,-0.9434643261176916],[100.35130384619561,-0.9434387386068579],[100.35130508546138,-0.9434386306882061],[100.35130513312544,-0.94343980340414646],[100.35133247071701,-0.94410757790234356],[100.35133554819703,-0.94418272615183696],[100.3513478374328,-0.94448289556913778],[100.35138549744283,-0.94488616686305704],[100.35138779880793,-0.94491081458238568],[100.35127477561048,-0.94492711389511896],[100.3510922662951,-0.94497656761444659],[100.35105382477423,-0.94492521542628083],[100.35108234677296,-0.94484441493773375],[100.35103956512387,-0.94477787320022344],[100.35098252202584,-0.94480639070229699],[100.35098727494284,-0.94523415593153004],[100.35104907185723,-0.94525316759956013],[100.35109185440564,-0.94517712092732609],[100.35107284003959,-0.94507730877074891],[100.35114142233886,-0.94506094470676771],[100.35140210702167,-0.94505158905951703],[100.35140564315594,-0.94505146225515091],[100.35140683475765,-0.94506043299253406],[100.35146233821638,-0.94547802059412334],[100.35148206304683,-0.94562642941610875],[100.35152879811562,-0.94597804994697299],[100.35136924489478,-0.9460087501037151],[100.35131088968586,-0.94601997813941807],[100.35121801310089,-0.9460378476684923],[100.35120279117592,-0.94608218334604999],[100.35121550669032,-0.946129915762981],[100.35125617043599,-0.94616399916918681],[100.35132900922645,-0.94617164070859872],[100.35153856565233,-0.94612561880222756],[100.35153901711203,-0.94612551987677307],[100.35153911873539,-0.94612606936254906],[100.35168328365666,-0.94690547400836067],[100.35171964504565,-0.9471885212332154],[100.35173935099033,-0.94734191499730969],[100.35146326002149,-0.94737515753746493],[100.3513912989693,-0.94738382160602441],[100.35137268480162,-0.94741707673665587],[100.35137185292871,-0.94747334461908395],[100.35139135202934,-0.94752448636592135],[100.35172204083955,-0.94749648687331955],[100.3517555037136,-0.94749365400889474],[100.35179635541755,-0.94801107894807046],[100.3517889908693,-0.94869561501059252],[100.35147299608195,-0.9487210847102574],[100.35136387594218,-0.94872988097915822],[100.35131646638189,-0.94876996915871814],[100.35131139780282,-0.94881600005828659],[100.35132157722904,-0.9488586234267018],[100.351352071441,-0.94887395237094552],[100.35176828487852,-0.94886308856064261],[100.35178313538347,-0.94886270095281589],[100.35181195415839,-0.94915211537778532],[100.35182813386137,-0.94931460038844762],[100.35183839422655,-0.94941763931257128],[100.35186744412732,-0.94964870932045642],[100.35190730208041,-0.94996574822067714],[100.35191994834702,-0.95006633289489173],[100.35167397027755,-0.95009411475155048],[100.35151854044835,-0.95011167041718636],[100.35148553173195,-0.95014749131360077],[100.35148392194549,-0.95018819283080802],[100.35149898918706,-0.95023087825239827],[100.35151860070295,-0.95024417562814278],[100.35192721846641,-0.95021566891796283],[100.35194860614331,-0.95021417694266574],[100.35200475801321,-0.95070425259910962],[100.35201930544667,-0.95083672183722001],[100.35194750087652,-0.95085213621706544],[100.35189045777844,-0.95083312364971562],[100.35188570396213,-0.95079510121291833],[100.35186193577977,-0.9508093599639551],[100.35186668959614,-0.9508854066361323],[100.35188570396213,-0.95092818288929948],[100.35191897977717,-0.9509139241382627],[100.35194274795953,-0.95087114788509552],[100.35202179926671,-0.95085943781276683],[100.35204499008427,-0.95107063640068645],[100.35207557872502,-0.95134920500174758],[100.35207954833254,-0.9513853478554779],[100.35175267894306,-0.95144173624709083],[100.35173912975711,-0.95146331278158414],[100.35172644032303,-0.95148352414526016],[100.35173831766929,-0.95155171703805763],[100.35177983577086,-0.95158579774630425],[100.35190178743761,-0.95158830055959243],[100.35208063831089,-0.95154613404679367],[100.35213719397638,-0.95153279979882655],[100.35225036376335,-0.95212006698744744],[100.3522752668901,-0.95224929506883882],[100.35236080230925,-0.9526931527667557],[100.35237734893559,-0.95277901823703814],[100.35206402603404,-0.95284904035088402],[100.35202868807357,-0.95287850393975759],[100.35202849382,-0.95287866581770686],[100.3520149266476,-0.95288997659110919],[100.3520098589679,-0.95293430777201138],[100.35202849382,-0.95297627103803961],[100.35203105508918,-0.95298203839030293],[100.35205646363494,-0.95299907694578678],[100.35239753421888,-0.9529522987095902],[100.35243669070076,-0.95294692885761378],[100.35248712288245,-0.95332323398002927],[100.35248750059776,-0.95332605065664211],[100.35252211190601,-0.95358430177407172],[100.35257724844132,-0.95399570114062726],[100.35258703396448,-0.95406871709758434],[100.3523321310231,-0.95410717570553061],[100.35232762631898,-0.95411197358868094],[100.35230250915356,-0.95413872841953662],[100.35230167458269,-0.95418987556223556],[100.35233387211059,-0.95421629224802018],[100.35243698298046,-0.95422350391152122],[100.3526184167066,-0.95420083919731269],[100.35271254784584,-0.95473018105298024],[100.35274151860625,-0.95489309863756944],[100.35283352194955,-0.95541047501336607],[100.35284078397507,-0.95545131502609593],[100.35250681174006,-0.95550998140049614],[100.35242245892937,-0.95552479773118648],[100.35240638084986,-0.95556572228019832],[100.35241995521682,-0.95562453524405555],[100.35247671682708,-0.95567225057385485],[100.35253599024384,-0.95566540673308964],[100.35285825960108,-0.95559570837519914],[100.35287556795316,-0.95559196539682034],[100.35289634409105,-0.95574041468836413],[100.35301441158589,-0.95658404441809353],[100.35302588423724,-0.95666601492462178],[100.35278747216415,-0.95668702938286287],[100.35267613609489,-0.9566968427849929],[100.35264059308895,-0.9567718741226372],[100.3526482319304,-0.95682045909688895],[100.35268127032441,-0.95684090518358289],[100.35304286433677,-0.95677341466131338],[100.35312365673144,-0.95731038726449924],[100.3531523936681,-0.95750138168335752],[100.353172851446,-0.95783554097738488],[100.35316276015334,-0.9580179693537616],[100.35283093370072,-0.95805484605426727],[100.35273933685096,-0.95806502637981339],[100.35271733583642,-0.95809742355720573],[100.35271904005174,-0.95813408172244863],[100.35274360593274,-0.95815538126578303],[100.35279442032629,-0.95816048042178181],[100.35309820321959,-0.95813474901939344],[100.35312808499322,-0.95813221832719364],[100.3531262710606,-0.95818233394749086],[100.35311132792549,-0.9585951083774944],[100.35304547776667,-0.95912963302612297],[100.35302822607184,-0.95939460297847745],[100.35301606184186,-0.95958143803289886],[100.35301517331163,-0.95959509693614109],[100.3529950311958,-0.9600613981149877],[100.35296258635435,-0.96034492827578788],[100.3529055738332,-0.96084315538723786],[100.35284655402529,-0.96152174153507985],[100.35275523416681,-0.96188748412004088],[100.35263260081393,-0.96230012904766227],[100.35245406020675,-0.96268977471328299],[100.35235171016336,-0.96284042554515281],[100.35230387972035,-0.96291082807221073],[100.35221538283372,-0.96304108767600383],[100.35177184709312,-0.96362776311070775],[100.35168887114457,-0.96368661384610732],[100.35158726484048,-0.9637361008403218],[100.35151108326994,-0.96381796972349321],[100.35131787022357,-0.96414394878416942],[100.35129781084538,-0.9641777920713821],[100.35130969898347,-0.96426985387063269],[100.35131787022357,-0.9642814731114413],[100.35135221533255,-0.96433030989584267],[100.35131787022357,-0.96435409786329274],[100.35115760563906,-0.96446510028408738],[100.35097598845118,-0.96459088935802129],[100.35095839681264,-0.96460307337309814],[100.35095832576616,-0.96460312193647724],[100.35088964184354,-0.9644907903176545],[100.35081185768115,-0.96436357491899116],[100.35063247440922,-0.96415924715148549],[100.35062113665617,-0.96414633378623193],[100.35061888745173,-0.96414377071840818],[100.35054839319383,-0.96406347474953691],[100.35052627167016,-0.96404337400247186],[100.35051930192429,-0.96403704007730084],[100.35051604997579,-0.96403408580437144],[100.35050478326917,-0.96402384882151182],[100.350400051821,-0.96392868615987481],[100.35030753136755,-0.96384461663569709],[100.35006393110558,-0.96362989180602199],[100.34992845273598,-0.96352942224501703],[100.34980599924751,-0.96348609200947521],[100.34970066345494,-0.96348889339765265],[100.34957275288031,-0.96350959219387278],[100.34942366776812,-0.96358333030639187],[100.3491665183202,-0.96368946559630331],[100.34870140694443,-0.9637488667167986],[100.34842121866438,-0.96379040640209723],[100.34836146860692,-0.96379926382491021],[100.34815353995396,-0.96383239574839763],[100.34805240129737,-0.96385904176133863],[100.34795724403165,-0.9638841121620203],[100.34775549731842,-0.96398609887933162],[100.34758590136829,-0.96409219909565991],[100.34740948136255,-0.96423342233453013],[100.34726930223655,-0.96435672208502865],[100.34712708075023,-0.96449930599811751],[100.34696162617814,-0.96469284909568387],[100.34691789484503,-0.96481198588440975],[100.34691335686597,-0.9648604152758935],[100.34690563618619,-0.96494280396717613],[100.34689958015156,-0.96519137478207995],[100.34689948572276,-0.96524597442214599],[100.34689940658239,-0.96529220676990235],[100.34689931844883,-0.96534366957462225],[100.34689902437054,-0.9655142925504947],[100.34691280917883,-0.96579452130009713],[100.3469374649921,-0.96585854853316278],[100.34696826227554,-0.96591499358203237],[100.34703054032724,-0.96598038059005376],[100.34707845440721,-0.96608088522464186],[100.34708192668961,-0.96620619855718815],[100.34708222526456,-0.96623018617412981],[100.34708333772591,-0.96631980091802916],[100.34710458870586,-0.96643546632367361],[100.34713709919782,-0.96649093111153661],[100.3471812514137,-0.96656625922543071],[100.34725586366721,-0.96666645809051488],[100.34729965345628,-0.96672526385981428],[100.34750424742316,-0.96691452528506261],[100.34758839788634,-0.96696269027586368],[100.3476492918814,-0.96698677142234146],[100.34774918317834,-0.9670500720031896],[100.34783745883169,-0.96714987156929055],[100.34793190473368,-0.96728272122055614],[100.34800308427498,-0.96738528710125138],[100.34805511275329,-0.96748235182900544],[100.3480934661406,-0.96760420636900335],[100.34809580078064,-0.96763087756289679],[100.34810377416989,-0.96772193841667331],[100.34810034235699,-0.96781619096441318],[100.34809971193221,-0.96783347953140719],[100.34805254878614,-0.96792989764662707],[100.34786810772704,-0.9680827230391742],[100.34777902807974,-0.96815653399681878],[100.34767851445196,-0.968240572944012],[100.34762177892202,-0.96835489296387323],[100.34759653045558,-0.96849123558200745],[100.3475918728667,-0.96852153194311086],[100.34757023158096,-0.96866232710465283],[100.34756300103174,-0.96870937064090867],[100.34755218398618,-0.96877974618826102],[100.34755563288621,-0.96886856413289024],[100.34757275597798,-0.96892846077980721],[100.34760629889166,-0.96897045012610761],[100.34764460731282,-0.96898145333136654],[100.34770137521838,-0.96897523362008542],[100.34776224223373,-0.96894973064553369],[100.34783347483506,-0.96890916312730724],[100.3478566152906,-0.968895985361371],[100.34820845435672,-0.96874090806642243],[100.34825533241769,-0.96872024704174464],[100.34849292880568,-0.96865321877100996],[100.34862192845929,-0.96861682770440893],[100.34877842758243,-0.96858627323786095],[100.34896117611743,-0.9685505926357223],[100.34913421467235,-0.96849474473663122],[100.34913998562189,-0.96849144782203211],[100.34928740159239,-0.96840724789615251],[100.34938314521605,-0.9683700258559611],[100.34949873777657,-0.9683541429292859],[100.34950824630857,-0.96835385874351232],[100.34961570989714,-0.96835064996247411],[100.3497265126685,-0.96833339197240775],[100.34982156921012,-0.96828653819312649],[100.34987869594511,-0.96821694595524832],[100.34988036958345,-0.96821490719219128],[100.34992410990981,-0.96812262505903846],[100.34999451513482,-0.96799453102272537],[100.35008682065029,-0.9678980949211109],[100.3501989876932,-0.96787739342693158],[100.350309805753,-0.96787734756151167],[100.35045961032284,-0.96789381324884971],[100.3505854929262,-0.9679516027841828],[100.35063327930249,-0.96798312582058088],[100.35071275239164,-0.96803555179923251],[100.3508197258497,-0.96812150900041161],[100.35084207670053,-0.96813946936094908],[100.35097616202034,-0.9681944979776631],[100.35102652045759,-0.96819447819257221],[100.35107466116676,-0.96819445840748131],[100.35115879544213,-0.96817996223541058],[100.35124703062604,-0.96817235576958183],[100.35136126790826,-0.9681833265992168],[100.35146320066622,-0.96823148619409949],[100.3515200081419,-0.96830238154961989],[100.35153781921503,-0.96837466995498289],[100.35154400745006,-0.96845660358934538],[100.35153451690451,-0.9686817587561336],[100.35153454028688,-0.96873895473891025],[100.35153454388416,-0.96874992017262684],[100.35154962641417,-0.96882909108961712],[100.35158797080828,-0.96892822515741273],[100.35159279657034,-0.96902393460686653],[100.35158805534456,-0.96914236003186716],[100.35157099610467,-0.96924288984746454],[100.35154405061752,-0.96932714463196135],[100.35153752243878,-0.96934756104104736],[100.3515115464208,-0.96939714426275714],[100.35149174245004,-0.96946532366570182],[100.351493817186,-0.96953142203744846],[100.35152105585212,-0.96958739224430701],[100.35152530964541,-0.9695961327552709],[100.35152752737355,-0.96959739270545242],[100.35153590365911,-0.96960215461569987],[100.35158824959808,-0.96963190688694567],[100.35162906802714,-0.96963081960660702],[100.35166691689477,-0.96962981326521458],[100.35174692058399,-0.96957676135838256],[100.35182076661516,-0.96949410736709751],[100.35187270695991,-0.96939011606093572],[100.35194860074739,-0.96930471194286838],[100.35205391765425,-0.96925440926355577],[100.35210761077769,-0.96924267940607933],[100.35216130300176,-0.96923094864934001],[100.35224749582534,-0.96924193117013147],[100.35230155407351,-0.96928873278875471],[100.35232620359147,-0.96936515178026639],[100.35232966688068,-0.96946498641995049],[100.35232897530204,-0.96954738590306988],[100.35232835476984,-0.96962127959830013],[100.35234414866358,-0.96977344308987767],[100.35240718214578,-0.97002266411459459],[100.35242160007687,-0.97017138140409998],[100.3524257747298,-0.97034489390171075],[100.3524365081384,-0.97046171493616384],[100.35244584489988,-0.9705633356293788],[100.35245389473152,-0.97065094758312398],[100.35243142157293,-0.97078555091241014],[100.35242538172605,-0.97107542039429973],[100.35242830812001,-0.97113342756557586],[100.35243021018613,-0.97117112984369669],[100.35245828612108,-0.97125167132753631],[100.3525034608661,-0.97133152842724257],[100.35250930735873,-0.97133976801580957],[100.35258696381737,-0.97144922899866515],[100.3526617181638,-0.97152231780069087],[100.35295511029017,-0.97180917994967331],[100.35307279287514,-0.97190002316750679],[100.35312821359622,-0.97194200441992962],[100.35316860214931,-0.97200670254721899],[100.35320626845458,-0.97211479116464261],[100.35323163743016,-0.97228002810078351],[100.35328573614788,-0.97242872920242007],[100.3533651489825,-0.97258430292316689],[100.35342879220508,-0.97267309658610657],[100.35351706426115,-0.97275775606556181],[100.35354650986358,-0.97278542730555273],[100.35365255342265,-0.97288507938287694],[100.35402205877108,-0.97320991630454046],[100.35414730105714,-0.97337304163249883],[100.35426022712784,-0.97354168969718557],[100.35440945343356,-0.97382323685286565],[100.35445326030975,-0.97389895976914431],[100.35453331436105,-0.97394712655858484],[100.35464892310938,-0.97397186331079411],[100.35477820784809,-0.97397663061695994],[100.35495811092812,-0.97398551322083904],[100.35519889631206,-0.97401088579368889],[100.35551563124147,-0.97408925721339301],[100.35575050178431,-0.97417830358580204],[100.35583853731868,-0.97421168102420097],[100.35613476680612,-0.97433411832486172],[100.35637352062156,-0.97442491118067665],[100.35664169935501,-0.97452738892781099],[100.35681805730758,-0.97456240942761951],[100.35687702135749,-0.97457411770130875],[100.35700630699552,-0.97457888680611404],[100.35712121786997,-0.97457125965587466],[100.35721422575597,-0.97452371969387741],[100.35729355045703,-0.97447686321663696],[100.35732615627717,-0.97445153111323179],[100.35739818118117,-0.97439557169821001],[100.35749256772789,-0.97438314216822164],[100.35761500143121,-0.97437483513050438],[100.35762538500359,-0.97437615173794256],[100.35773402940197,-0.974389926653771],[100.35782296695641,-0.97443189531566077],[100.3578777185819,-0.97450967498144792],[100.35790923622233,-0.97463153132008529],[100.35792503191476,-0.97479057732323326],[100.35799212943328,-0.97495097590677915],[100.35808383959755,-0.97507694034845827],[100.35820267061683,-0.97519403927344683],[100.35821933235638,-0.97521045819604524],[100.35831456336649,-0.97529893979418603],[100.35844377526007,-0.97541899299210399],[100.3585621683095,-0.97557593278304466],[100.3586381574251,-0.9757294452576275],[100.35868337533753,-0.97591670838932032],[100.35872721818663,-0.97608193723158365],[100.35880868777076,-0.97625609724104834],[100.35892639283884,-0.97637516837926341],[100.35906732739528,-0.97645704715495185],[100.35912960544698,-0.97652243326365351],[100.35914605404724,-0.97660435340816321],[100.35913445099419,-0.97666633288491767],[100.35911050744403,-0.97671703126593457],[100.35908729144541,-0.97676618730963582],[100.35908938057054,-0.97686808409474679],[100.35912909733003,-0.9769589587888845],[100.35919549877332,-0.97709044236995624],[100.35928722332676,-0.9772494559975371],[100.35931804489189,-0.97736441903265359],[100.35938171869145,-0.97750348389860164],[100.35942875683173,-0.97756537074519656],[100.35949942915539,-0.97765835434950077],[100.35959280216616,-0.97778631078955414],[100.35965179229646,-0.97786715084828302],[100.35975766228637,-0.97805272954980182],[100.35977681874527,-0.97808630933565155],[100.35996303056947,-0.97841271557433629],[100.35999287097428,-0.97871782226962978],[100.36004214392983,-0.97888501253322602],[100.35999731812177,-0.97913828410446513],[100.35998842382674,-0.979364406042464],[100.35996154758743,-0.97956339993089614],[100.35994366007191,-0.97977143560319746],[100.35992578424759,-0.98000660562030362],[100.35991683509394,-0.98009705673371172],[100.3598899552573,-0.9802870079390118],[100.35988999932408,-0.98039554441879773],[100.35989910226181,-0.98068497233356311],[100.35988689576368,-0.9807030810822539],[100.35986836613228,-0.98073826705734746],[100.35984626799092,-0.98076627554314655],[100.35983624684536,-0.98079353399435831],[100.35982730128899,-0.98089302958959479],[100.35980937420334,-0.98100157416325828],[100.35979144262103,-0.98110107335583052],[100.35977351283742,-0.98120057164902619],[100.35975558215443,-0.98130007084154158],[100.35973765506878,-0.98140861631452481],[100.35972871310969,-0.98151715639158965],[100.35972875267987,-0.98161664838954721],[100.35974679667737,-0.98179753532792802],[100.35973785202032,-0.98189703092316449],[100.35969296415902,-0.98199654090757349],[100.35969300462853,-0.98209603290553105],[100.35967507394554,-0.98219553209810329],[100.35966612928848,-0.98229502769333976],[100.35964819770624,-0.98239452688585516],[100.35965723139617,-0.98251210514951026],[100.35963030029819,-0.98257542911272822],[100.35958541333622,-0.98267493909713721],[100.35953153225449,-0.98275636371516839],[100.35952260198655,-0.98289203813698123],[100.35953163837445,-0.9830186608824647],[100.35951372208069,-0.98315433890155646],[100.35951106728197,-0.98333345957144047],[100.35949443881736,-0.98337886454294221],[100.35948305699753,-0.98345161969643868],[100.35946976501771,-0.983505230082244],[100.3594529953595,-0.98362562412319221],[100.35944985942353,-0.98366299095420118],[100.35944133564919,-0.98375105976356281],[100.35942044979396,-0.98384009084747959],[100.35939861335538,-0.98392625129542921],[100.35938533126807,-0.98400475041887603],[100.35936634298241,-0.98408229356294896],[100.35933688838674,-0.984143568870536],[100.35932549307711,-0.98418377755922393],[100.35932075724719,-0.98423164127717655],[100.35932934577272,-0.98430630209412584],[100.35933413915927,-0.98440010857808602],[100.35933513470877,-0.98451114787110328],[100.35933232162938,-0.98460878726569945],[100.35932190208416,-0.98471025867144135],[100.35929056880474,-0.98483088293886567],[100.35926302796645,-0.98492183227671148],[100.35921838112347,-0.98504150506136057],[100.35920129580325,-0.9851238343973705],[100.35914904968894,-0.98526361242574012],[100.35912340372215,-0.98533828583316563],[100.35910345945717,-0.98540147220012386],[100.35908637233825,-0.98547710068760352],[100.35907497882727,-0.98552209556822845],[100.3590588332986,-0.98557187754005326],[100.35904363745396,-0.98562166131057438],[100.35903509929045,-0.98567239836245335],[100.35902846589107,-0.98573079224223648],[100.35901898164076,-0.98579397321321949],[100.35899712901437,-0.98584088724709318],[100.35898098528429,-0.98589737006750511],[100.35896578584243,-0.98593853833284584],[100.35895249206391,-0.98598640474875765],[100.35893540404572,-0.98605820482225681],[100.35890691082534,-0.98614915416010263],[100.35888791894234,-0.98621616804166479],[100.35886038439929,-0.98632147505600187],[100.3588512670724,-0.9863528757845188],[100.35883758658542,-0.98638676763516742],[100.35882675515069,-0.98641032087954272],[100.35881307196576,-0.98643559722501095],[100.358798816812,-0.98646087357042234],[100.358781712606,-0.98649304411861749],[100.35876689267803,-0.98653038307065799],[100.35875492270156,-0.98656140158738026],[100.3587406783397,-0.98660907824631749],[100.35872985589822,-0.98665445623811365],[100.35871674468206,-0.98668605032094092],[100.35870078261507,-0.98672166527256877],[100.35868481964877,-0.9867532611540355],[100.3586795307358,-0.98676208080536298],[100.35866828381432,-0.98678083616658796],[100.35865802614705,-0.98681070624905942],[100.35864605976792,-0.98685206337199816],[100.35862041110317,-0.98691927240645327],[100.3586074698589,-0.9869539655530275],[100.35859191338614,-0.98699567071361116],[100.35856512438107,-0.9870651766165679],[100.3585428904421,-0.98711228220599878],[100.35852685373135,-0.98714632424344018],[100.35850013397408,-0.98720304628352551],[100.35847618772596,-0.98725015187295639],[100.35845224417579,-0.9872989805634802],[100.35844027240068,-0.98732598000992766],[100.35843172614329,-0.98735699762727336],[100.35843226843451,-0.98737077524106098],[100.35843287907414,-0.98738628854630406],[100.35843859426575,-0.98740811059576572],[100.35843917163055,-0.98742591627296861],[100.35843461746367,-0.98745118812178134],[100.35842322215404,-0.98749197057793481],[100.35840554687854,-0.98752414202550653],[100.35837704376564,-0.98758675732295842],[100.35836222113966,-0.98761777673894358],[100.35832801722427,-0.98769475331016565],[100.35830464114633,-0.98773841269752438],[100.35828526165557,-0.98778953735723007],[100.35826416895628,-0.98783549271377069],[100.35822939577008,-0.98791534082027965],[100.35819404881636,-0.98798772185585904],[100.35810161020123,-0.98820969522120095],[100.35803509904065,-0.98834947864548894],[100.35794958070863,-0.98851990197186979],[100.3578811566901,-0.98863479935647547],[100.35780512620568,-0.9887477838830705],[100.35776380865292,-0.98880559680083024],[100.35773669499252,-0.98884353560066529],[100.35768156115518,-0.98889907773019559],[100.35763973998206,-0.98895270070653396],[100.35756890757909,-0.98906417617075704],[100.35743224390302,-0.98927925713195464],[100.35737228070627,-0.98937919429431531],[100.3573494379263,-0.9894505779817564],[100.35733801743561,-0.98951625097413398],[100.35736569227294,-0.98960388900820817],[100.3574065448762,-0.98964474161147109],[100.3575509562117,-0.98973048567330579],[100.3576383999922,-0.98974353663487591],[100.35773890822412,-0.98976485686262095],[100.35782875679178,-0.98978160853437203],[100.35793078757587,-0.98980597476588628],[100.35801606758753,-0.98983643210561922],[100.35815617117044,-0.98988973222532195],[100.35825058829408,-0.98993084922926755],[100.35835109562663,-0.98996892022944394],[100.35848035428501,-0.99001785683856269],[100.35923121085176,-0.99030213253735155],[100.3594808644504,-0.99039665218367645],[100.35957497670387,-0.99042375864951282],[100.35964959705132,-0.99046487565345842],[100.35972269394722,-0.99049837899696058],[100.35978360772737,-0.99053644999713697],[100.35983995385084,-0.9905638613331007],[100.35989782162721,-0.99060193323259682],[100.35993284842226,-0.99064609624031164],[100.35996432739188,-0.99070179485192966],[100.36044178645932,-0.99112324414232944],[100.36104712102787,-0.99154812074914389],[100.36117476360454,-0.99164240297449169],[100.36122727411947,-0.99165422636139056],[100.36128514279517,-0.99165879401806478],[100.36132321379534,-0.99164965690607687],[100.3613734688106,-0.99164508835008291],[100.36139174303457,-0.99162833667833183],[100.36142676803098,-0.99155067122643459],[100.3614511342625,-0.99149280255073791],[100.36146636338202,-0.99150803167026424],[100.36146027137448,-0.99155828578619776],[100.36145265681472,-0.99161615356257471],[100.36145874792294,-0.99168011424580982],[100.36149834327398,-0.99180346525764662],[100.36154966308652,-0.99191931682298673],[100.36183088468766,-0.99228028041056859],[100.36209850584146,-0.99258946103475409],[100.36215233206451,-0.99265164735561484],[100.36225352917711,-0.9927259142694993],[100.36305157946686,-0.99331158696014654],[100.36371973078099,-0.99366793522699481],[100.36394981962854,-0.99379343831645883],[100.36408110535876,-0.99383876055031806],[100.36418770469885,-0.99386826640733261],[100.36426099225105,-0.99387588096709578],[100.36434855564141,-0.99387588096709578],[100.36440185576112,-0.99387112175480752],[100.3644524066533,-0.99385992069875329],[100.36450845600052,-0.99384542362736283],[100.36460363395059,-0.99379878568538516],[100.36466158086733,-0.99376602518185564],[100.36474144785961,-0.99372961702817975],[100.36479088179379,-0.99368939215167984],[100.36483841276259,-0.99364725441722612],[100.36485931120831,-0.99358981202016139],[100.36487829589669,-0.99350748178483173],[100.36487256901393,-0.99345579414955409],[100.36486633671211,-0.99342762018846997],[100.36489394859689,-0.99341337942388463],[100.36495480302182,-0.99339420857580762],[100.36502327290577,-0.99339418069683916],[100.36509599298574,-0.99341610796693658],[100.36513740316866,-0.99342859415423845],[100.36515133636516,-0.99344515516975207],[100.36517926571059,-0.99347835184443056],[100.36518691714258,-0.99348537734823594],[100.36522302762069,-0.9935185380500684],[100.36523255323982,-0.99355682308885207],[100.36522307258679,-0.99362957734308566],[100.36517936463605,-0.99371957519821308],[100.36515276808586,-0.99379233574762793],[100.36512046623659,-0.99386701365170893],[100.36505392899568,-0.99394361970223599],[100.36498548069545,-0.99399533881376101],[100.36487140798914,-0.99410259555827452],[100.36486000368626,-0.99411887418665401],[100.36488093720556,-0.99414758234502187],[100.36482104505524,-0.99419546854596774],[100.36475925173812,-0.99424335564629018],[100.36476116369681,-0.99426728570659861],[100.36474311340402,-0.99431036862858946],[100.36471841172539,-0.99437068525884342],[100.36470606223503,-0.99440132156371419],[100.36468513770899,-0.99439462970832437],[100.36465470644958,-0.99439177076357055],[100.36463378731946,-0.99439752282734162],[100.36461857888435,-0.99441571701169096],[100.3645862554514,-0.99443678902656529],[100.36456628690468,-0.99444349796902998],[100.36454822132339,-0.99445020691149466],[100.36453205600964,-0.99445308474201966],[100.36452540372449,-0.99446553225845946],[100.36452731208584,-0.994479889035631],[100.36452351514816,-0.99449712094531151],[100.36452637319366,-0.99450956396515267],[100.36452447742278,-0.99452392254096367],[100.36450927258494,-0.99455168910913017],[100.36449406684778,-0.99457371170740316],[100.36446934808203,-0.99458903795368769],[100.36444748376442,-0.99461010637128311],[100.36444506908475,-0.9946154600353907],[100.36442848198891,-0.99465223331384323],[100.36440947481748,-0.99468287231667318],[100.36439997258071,-0.99470202068164326],[100.36438952065993,-0.9947230837033203],[100.36438426682054,-0.99474050806793457],[100.3643857507019,-0.99474758932973373],[100.36438731642158,-0.99475505729998304],[100.36439416835623,-0.99476883761172985],[100.36440634787471,-0.99478644633740032],[100.36441776566738,-0.9948017572951926],[100.36442918076216,-0.99481094207129672],[100.3644466869651,-0.99482931342203074],[100.36446266791785,-0.99484155859101975],[100.36447788984282,-0.99485686864954914],[100.36448398185036,-0.99487218230530061],[100.364480185812,-0.99488979642688946],[100.36447336625292,-0.99492879282945523],[100.36447335546103,-0.99492885398336739],[100.36446651701618,-0.9949510645399755],[100.36445891684559,-0.99497021290494558],[100.364451316675,-0.99498936126997251],[100.36445056574109,-0.9950138659970662],[100.36445742307166,-0.99503760270317798],[100.36447118269899,-0.99507473840839111],[100.36448603410327,-0.99511263763804436],[100.36450202764649,-0.99515513240339715],[100.36451573781113,-0.99519418186594066],[100.36453286629882,-0.99522059405512664],[100.36453743665345,-0.99523552459970688],[100.36455342300212,-0.99526078925396178],[100.36456826811116,-0.99528490637328559],[100.36458995975892,-0.99530672122813257],[100.3646082276876,-0.9953308356494972],[100.36462992293264,-0.99536184067636668],[100.36464362500334,-0.99538136315931069],[100.364656190331,-0.99541122424852801],[100.36466304406429,-0.99542845076234698],[100.3646710426346,-0.9954537190138808],[100.36468589313949,-0.99549046980928324],[100.3646904733867,-0.99552722600060406],[100.36469048417854,-0.99555479381865553],[100.36469505723119,-0.995575469232449],[100.36470077512075,-0.99560418278673524],[100.36470649031236,-0.99562600573551663],[100.36471791080299,-0.99564897531990937],[100.36473731997143,-0.99567194040770346],[100.36475673093844,-0.99569950013176367],[100.36479441073351,-0.99575232361081589],[100.36483551514698,-0.99580629462474235],[100.36488917769344,-0.99587519258602697],[100.36493028030827,-0.99592342052937965],[100.36495768265098,-0.99596016682818345],[100.36498736657376,-0.99599346602559535],[100.36503988518263,-0.99605317561349693],[100.36506271986866,-0.99608073533761399],[100.36508669939172,-0.9961163341014867],[100.36511068071343,-0.99615882526950372],[100.36513351989606,-0.99619787023544859],[100.36514951074139,-0.99623232416240626],[100.36516664012839,-0.99626103411935674],[100.36520203384686,-0.99630466922508276],[100.36523057383198,-0.99633107691761325],[100.36525454705975,-0.99635174333820942],[100.36528080366622,-0.99637700259654594],[100.36531162343272,-0.99639307168285995],[100.36533901408427,-0.99640110083009858],[100.36536868811453,-0.99641142684583883],[100.36541091937846,-0.99643093673830663],[100.36543489170697,-0.99645045382533226],[100.36544745523594,-0.99647572027822662],[100.36545546100081,-0.99651936617573256],[100.36545889641098,-0.99654578376083691],[100.36545776506387,-0.99657105560970649],[100.36544864773697,-0.99660092479280138],[100.36542355845052,-0.99663999134247661],[100.3653950391498,-0.99666297621530475],[100.3653722242488,-0.99668366242104867],[100.36534712866711,-0.99670894416237843],[100.36533344368354,-0.99673077430571766],[100.3653174879118,-0.99678017406574781],[100.36531749690499,-0.99680199881316867],[100.36531736830199,-0.99680299706062669],[100.36531408397786,-0.99682841999555194],[100.36531068004393,-0.99687551659178553],[100.36530042777258,-0.99691917058322588],[100.36527078611795,-0.99698810541667626],[100.36525025639429,-0.9970156813286053],[100.36522972936859,-0.99704900210969072],[100.36521719012131,-0.99708346682848514],[100.36521264314905,-0.9971259696877155],[100.36521151539915,-0.997156984607102],[100.36519669097459,-0.99718570805396212],[100.36518414723065,-0.99720638976305054],[100.36517730968518,-0.99723051497625192],[100.36517846621331,-0.99726727206689247],[100.36517961914416,-0.99729598921845763],[100.36518191421402,-0.99732700233926153],[100.36517964792245,-0.99736605809704315],[100.36516939385251,-0.99740626588641135],[100.36516826430403,-0.99743268616947489],[100.36515230403569,-0.99747289665680228],[100.36514318760806,-0.99750391517352455],[100.36513179679503,-0.99755561000336002],[100.36511127696394,-0.99760501156197279],[100.36509303241758,-0.99763947987804613],[100.36505995175543,-0.99767280605510678],[100.36503485617374,-0.99769579002861519],[100.36501318610971,-0.99772566370836557],[100.3650052100225,-0.99775438535652938],[100.36498468839272,-0.99779919227887603],[100.36496530260666,-0.99783595836271388],[100.36492652743738,-0.9978934079543933],[100.36489800813661,-0.99791754216079198],[100.36488090123265,-0.99794396873909363],[100.36487292424613,-0.99797154015442402],[100.36486380691923,-0.9980002609032681],[100.36486040028728,-0.99804161532824764],[100.36484443642166,-0.99807033877505091],[100.3648410243938,-0.998097908391685],[100.36483875360568,-0.99812777487687754],[100.3648387679948,-0.99816223509901647],[100.36483193764388,-0.99820244198906494],[100.36482168177525,-0.99823920357636098],[100.36481371288261,-0.99828400600205214],[100.36480345971194,-0.99832765999349249],[100.36480347679907,-0.99836786418552492],[100.36481033682765,-0.99840002394188332],[100.36482175911692,-0.99842529039477768],[100.36483774726429,-0.99845400125110473],[100.36486742758979,-0.99848040804437233],[100.36489368509552,-0.99850336953483065],[100.36492336811898,-0.99853552119731148],[100.36494049660672,-0.99856193338649746],[100.36495990577509,-0.99858489937355444],[100.36498273326657,-0.99859293031943253],[100.36500669660182,-0.9985929204269155],[100.36503294601368,-0.99859750427134486],[100.36505349102583,-0.9986078329850443],[100.36507518177427,-0.99862850120433677],[100.36508660136565,-0.99864802278796105],[100.36510979308252,-0.998679124042269],[100.36511400370836,-0.99868476998608458],[100.36513227073777,-0.99870428977112624],[100.36513798503006,-0.99872381495202944],[100.36512430364377,-0.99875598280232225],[100.3651026317811,-0.99878011521008148],[100.3650672767335,-0.99883067059892028],[100.3650355603429,-0.99886068727084876],[100.36502963291127,-0.99886629634244173],[100.36499654595389,-0.99888353994339241],[100.3649910627874,-0.99888825239088419],[100.36495776089203,-0.99891686791909251],[100.36492696001125,-0.99894330079263227],[100.36489844160985,-0.99897088120115995],[100.36488703910561,-0.99899156201092865],[100.36488020335878,-0.99901683565838084],[100.36487565188986,-0.99905129767921608],[100.36488023033843,-0.99908460766846474],[100.36488367114458,-0.99912481006191456],[100.36486999065761,-0.99915927567997187],[100.3648437619301,-0.99920293686597006],[100.36483350066561,-0.99922591454429721],[100.36482324299834,-0.99925578462671183],[100.36481184678934,-0.99929484488114895],[100.3648027321604,-0.99932816026631599],[100.36479590720541,-0.99938215106539019],[100.36478678628123,-0.99940168254158834],[100.36477081881827,-0.99942466291781784],[100.36476170059206,-0.99945108589884057],[100.36476855702335,-0.99947520571612358],[100.36478225999338,-0.99949702506762605],[100.36478113134422,-0.99952459378494041],[100.36478113763945,-0.99954182389598145],[100.36479255902941,-0.99956479258105446],[100.3648119663992,-0.99958316303252559],[100.36483138186281,-0.99962220979710992],[100.36483595941206,-0.99965207358428643],[100.36483482986358,-0.99968079163517132],[100.36482799411669,-0.99970836305044486],[100.36482344444647,-0.99974282507128009],[100.36482802019702,-0.99976924265638445],[100.36483944068772,-0.99979221224077719],[100.36484059271925,-0.99981977915945208],[100.36483376236828,-0.99985768918094209],[100.36481893524575,-0.99987722155645997],[100.36480753543947,-0.99990479566974955],[100.36478472323643,-0.9999323733802612],[100.36477677682683,-0.99994190259667448],[100.36476076979375,-0.99996110042440023],[100.36472996801365,-0.99998523553017549],[100.36468546686086,-0.99999559212284339],[100.36465009472613,-1.0000059451182324],[100.36461015493478,-1.0000071106396149],[100.36457135728239,-1.000010573029499],[100.36452799467128,-1.0000174834200948],[100.36448463565745,-1.0000289875476938],[100.36444127844231,-1.0000439387766846],[100.36443237245606,-1.0000497070283245],[100.36440933362388,-1.0000646285797075],[100.36437739240279,-1.0000922098875549],[100.36435800481814,-1.0001232329008189],[100.36434888479323,-1.0001450621448384],[100.36434661310579,-1.0001691846600806],[100.36433749577884,-1.0001990538432324],[100.36432609867057,-1.0002346678955405],[100.36431355672534,-1.0002610926752595],[100.36428389528561,-1.0002829300131566],[100.36425080832822,-1.0002990260791194],[100.36421772676675,-1.0003300535890389],[100.36419947772379,-1.000353034864645],[100.36417324360036,-1.0003829121416175],[100.36415613309913,-1.0004001485479534],[100.36412533131903,-1.0004219867852271],[100.36410137607771,-1.0004449707587355],[100.36409225605286,-1.0004679475376861],[100.36407743882279,-1.0005127526613364],[100.36407744871536,-1.0005368751765786],[100.36407518332311,-1.0005770802679876],[100.36407519681296,-1.000610391156556],[100.36407520940344,-1.000639108308178],[100.36406609297586,-1.0006712752590943],[100.36406606419757,-1.0006712779570535],[100.36403300242119,-1.000682770393496],[100.36403297544155,-1.0006827730914551],[100.36399876073426,-1.0006701618984266],[100.36399873375461,-1.0006701529051725],[100.36396909030134,-1.0006644278210501],[100.36396906242237,-1.0006644269217304],[100.36393714098631,-1.0006736215902947],[100.36393711400666,-1.0006736305835489],[100.36387438719328,-1.0007023630236063],[100.36387436201227,-1.0007023729161233],[100.36385157409092,-1.0007207577567101],[100.36380593979237,-1.0007517915618678],[100.36377850687268,-1.0007709255377222],[100.36374661691292,-1.0007931693692171],[100.36372836607131,-1.0008115560084434],[100.36371193186022,-1.0008293383032765],[100.36369756788849,-1.0008448803868646],[100.36365536180557,-1.0008873985345872],[100.363641676822,-1.0009080811429953],[100.3636371217558,-1.0009310570226262],[100.36362458070988,-1.0009609280043605],[100.36362455103227,-1.000960929803],[100.3635903480162,-1.0009678303010787],[100.36356980390337,-1.0009575042853385],[100.36356977422577,-1.0009575042853385],[100.36353442727204,-1.000957518674511],[100.36353439669512,-1.0009575195738307],[100.36351274641618,-1.0009598236368902],[100.36348650779615,-1.0009805125405933],[100.36344771284172,-1.0010000512113493],[100.36344768676139,-1.0010000602045466],[100.3634157662247,-1.0010126992766004],[100.36341574014438,-1.0010127082697977],[100.36339295042438,-1.0010242016055599],[100.36337584172179,-1.0010471828811092],[100.36336786203725,-1.0010667143573073],[100.36335646223102,-1.0010954351062082],[100.36334392028573,-1.0011207123509394],[100.36334389060812,-1.0011207150488985],[100.36330284105333,-1.0011356545867329],[100.363302814973,-1.0011356653786265],[100.36328344537475,-1.0011425559841314],[100.36328341929442,-1.0011425649773287],[100.36325834889374,-1.0011598031823041],[100.36324922617092,-1.0011770368906809],[100.36325151944214,-1.0012023069408542],[100.36324924685533,-1.0012264303554161],[100.36324012862912,-1.0012540017706897],[100.36321161112699,-1.0012804337449666],[100.36319449972643,-1.0012965217170517],[100.36318766128159,-1.0013160531932499],[100.36317739911772,-1.0013367331036989],[100.36317284405158,-1.0013597089833297],[100.36317399698243,-1.0013884252355751],[100.36317743509062,-1.0014251823262725],[100.36317287282986,-1.0014596425484115],[100.36317973195912,-1.0014883561026977],[100.36318759742971,-1.0015048910378255],[100.36318761002025,-1.0015049306080073],[100.36319228289761,-1.0015147314196611],[100.36319230627998,-1.0015147727884823],[100.36320598137098,-1.0015377019033735],[100.36320599935743,-1.0015377387755962],[100.36321286837921,-1.0015618603915186],[100.36321515895247,-1.0015836842395629],[100.363216310984,-1.001610102723987],[100.36321974099832,-1.0016284812693357],[100.36323341608932,-1.001647963282835],[100.36323344486766,-1.0016480019536971],[100.36324369174304,-1.0016617426952052],[100.36324372142064,-1.001661782265387],[100.36325691627371,-1.0016954555807729],[100.3632585719256,-1.00169968239436],[100.36328023659371,-1.0017283509825461],[100.36328026806996,-1.0017283878547687],[100.36329507540745,-1.0017432806278634],[100.36329510688375,-1.0017433166007095],[100.36330097406079,-1.0017463760943315],[100.36332589607332,-1.0017593829890643],[100.36332592215365,-1.0017593919823184],[100.36334644198479,-1.0017685623691932],[100.36334646536716,-1.0017685731610868],[100.36337041431324,-1.0017846278582283],[100.36337044129289,-1.0017846377508022],[100.36337500535228,-1.0018122028708376],[100.36338301921103,-1.0018443644258355],[100.36338531158293,-1.001869633576689],[100.36337619515535,-1.0019006520933544],[100.36337847493672,-1.0019236243757064],[100.36339105285487,-1.0019603787684446],[100.3634115771826,-1.0019867495887524],[100.36341161045749,-1.0019867846623356],[100.36343668895211,-1.0020108649094368],[100.36343672132767,-1.0020109026809791],[100.36346522444063,-1.0020154811294901],[100.36346525321892,-1.0020154856260888],[100.36349033081416,-1.0020189165397255],[100.36349036139114,-1.002018918338365],[100.36351432832367,-1.0020338425877071],[100.36352458329293,-1.0020521761669556],[100.36352460937326,-1.0020522157371374],[100.36352550060144,-1.0020564731277091],[100.36352918332523,-1.002074038685862],[100.36352919411706,-1.0021004580696626],[100.36352692332889,-1.0021268792520459],[100.36352236466547,-1.0021441111617264],[100.36352008758206,-1.0021636417386048],[100.36353148558965,-1.0021854197212861],[100.36353151616657,-1.0021854547948692],[100.36355659196323,-1.0022049431036066],[100.36355661264764,-1.0022049763784935],[100.3635611686131,-1.0022221660200898],[100.36356118480091,-1.0022222037916322],[100.36356919326374,-1.0022405805383414],[100.36357262597596,-1.0022635528206365],[100.36357492104582,-1.0022945659414404],[100.36357150811864,-1.0023186902553221],[100.36356733616367,-1.0023493229628571],[100.36355821703813,-1.0023753637320283],[100.36355669178795,-1.002395273822799],[100.3635627999833,-1.0024151803162908],[100.36357798683468,-1.0024274003042137],[100.36357801921025,-1.0024274290825588],[100.36357802640487,-1.0024442760824286],[100.3635704253349,-1.0024687862054975],[100.36358563826667,-1.0024993757455718],[100.36358565715244,-1.0024994099197784],[100.36360848284528,-1.0025147181796683],[100.36362063628337,-1.0025361157490806],[100.36362065067254,-1.0025361544199427],[100.36363435274325,-1.0025728647458436],[100.36363437432698,-1.0025729070139846],[100.36365109901908,-1.002601957814079],[100.36365112240145,-1.0026020000821632],[100.36366937324306,-1.0026371761646828],[100.36366939932338,-1.0026372157348646],[100.36367397687258,-1.0026693772898625],[100.36367399126175,-1.0027015397442369],[100.36367551291465,-1.0027321697537559],[100.36368436314291,-1.0027599875833175],[100.36368438112936,-1.0027600262541796],[100.3636876843392,-1.0027704161217343],[100.36368770142633,-1.002770452993957],[100.36369987105229,-1.0027964460990688],[100.3636998962333,-1.0027964865685703],[100.36371661193215,-1.0028178841379827],[100.3637166389118,-1.0028179237081645],[100.36373945471212,-1.0028576926283677],[100.36373947899381,-1.0028577348965086],[100.36375772713745,-1.0028898487874471],[100.3637577541171,-1.0028898892569487],[100.36378208167781,-1.0029204716024083],[100.36378210775814,-1.0029205120719098],[100.36380949840969,-1.0029771261933433],[100.3638095190941,-1.0029771693608041],[100.36383081593948,-1.003016939180327],[100.36383084381845,-1.0030169769518693],[100.36387190866174,-1.0030582783168711],[100.36387193833934,-1.0030583151890369],[100.3638917081359,-1.0030919597261345],[100.36389173691418,-1.0030919983969397],[100.36391453742601,-1.0031164590573098],[100.36391457070096,-1.0031164923321967],[100.36393584506328,-1.0031348322066833],[100.36393587833817,-1.0031348672802665],[100.36396475826706,-1.0031363835371963],[100.36396478794467,-1.0031363853358926],[100.36399214622065,-1.0031363736446792],[100.36399217499894,-1.00313637094672],[100.36402410003222,-1.0031317682164627],[100.36402412701193,-1.0031317664178232],[100.36404540137426,-1.0031439756139093],[100.36404543824642,-1.0031440052915741],[100.36408649679447,-1.0031776534258938],[100.36408651298223,-1.0031776876001572],[100.36410325116418,-1.0032128672799558],[100.36410326375466,-1.0032129068501376],[100.3641215568644,-1.0032542495839039],[100.36412765966384,-1.0032940688661256],[100.36412463344516,-1.0033338908463634],[100.36411856661863,-1.0033829038978297],[100.36411858640372,-1.0034273196150707],[100.36412621625192,-1.0034824525531008],[100.36413383530834,-1.0035375845918111],[100.36414600673288,-1.0035773634045313],[100.36414602382001,-1.0035774011760736],[100.36415974297779,-1.0036110906792715],[100.36417950737842,-1.0036386117324696],[100.36417953166011,-1.0036386531012909],[100.36420234386316,-1.0036814887096739],[100.36420236544689,-1.0036815246825768],[100.3642160567257,-1.0037213025959772],[100.36421607471215,-1.0037213403675196],[100.36422824523737,-1.0037580551900191],[100.36422826322382,-1.0037580920622418],[100.36424198687826,-1.0038009717374052],[100.36426176207073,-1.0038499344269098],[100.36426178365446,-1.0038499757956743],[100.36428611930904,-1.0038928096054178],[100.36428613819476,-1.0038928455783207],[100.36430135472381,-1.003938749673523],[100.36430137271026,-1.0039387865456888],[100.36430900705511,-1.0039694138573054],[100.36433484817474,-1.0039923438715164],[100.36433488144968,-1.0039923789450995],[100.36437749492552,-1.0040153341403197],[100.36439573317659,-1.0040367344076913],[100.36439576195494,-1.0040367685819547],[100.36440642431711,-1.0040643328026704],[100.36441557132162,-1.0041072133771536],[100.36441862362062,-1.0041378451853689],[100.36443839431649,-1.0041714897224097],[100.36443842399416,-1.0041715256953125],[100.36446274166224,-1.0041929268620606],[100.36446277313854,-1.0041929628349067],[100.36448101858417,-1.0042235451804231],[100.3644810419666,-1.0042235865492444],[100.3644819008191,-1.0042253150461988],[100.36448192240283,-1.0042253573143398],[100.36449929460684,-1.0042602950765058],[100.36449931978785,-1.0042603346466876],[100.36450237928142,-1.0042970917373282],[100.36450239097263,-1.0043277226462237],[100.36450392431669,-1.0043552913635381],[100.36451760660231,-1.0043858764070137],[100.36451762818604,-1.0043859186751547],[100.36453282493,-1.0044134433256886],[100.36453284561441,-1.0044134783992718],[100.36454961527261,-1.004460950012799],[100.36455419462044,-1.0044946413145794],[100.36457547168072,-1.0045160397833683],[100.36457550315703,-1.004516076655591],[100.3646059263225,-1.0045604402121171],[100.36460595420147,-1.0045604788829223],[100.36461357685516,-1.0045987648210826],[100.36461359034496,-1.0046293957299781],[100.36460448021268,-1.0046768790347187],[100.36461058211273,-1.0047136343267198],[100.36461515696396,-1.0047427327908167],[100.3646349213646,-1.004770252944752],[100.36463495014289,-1.004770291615614],[100.36465014239025,-1.0047901603375635],[100.36465016217528,-1.0047901954111467],[100.36465931907236,-1.0048284822486266],[100.36466389842025,-1.0048621735504071],[100.36466238935782,-1.00489127471252],[100.36466239835107,-1.0049203767738959],[100.36467912304317,-1.0049494275739903],[100.36467915182146,-1.0049494671441721],[100.36469738557594,-1.0049693331681624],[100.36469741795156,-1.0049693691410084],[100.3647171760569,-1.0049922982558996],[100.36471720663383,-1.004992336027442],[100.36471264976905,-1.0050122479168522],[100.36469440432336,-1.0050428869196253],[100.36468072833298,-1.0050857773866824],[100.36467312996103,-1.0051102848117353],[100.36465489260928,-1.0051623672493974],[100.36464273557385,-1.0051991288366935],[100.36463818590363,-1.0052343570798712],[100.36463667863984,-1.0052772439495925],[100.364647315821,-1.0052971081749433],[100.36464734190139,-1.0052971477451251],[100.36465039599904,-1.0053247146638],[100.3646412768735,-1.0053492238875492],[100.36463366860897,-1.0053890485656893],[100.36464737787423,-1.0054196381057636],[100.36464739046477,-1.0054196803739046],[100.36467323608105,-1.0054288471635004],[100.36467326306069,-1.0054288516601559],[100.36469303015929,-1.0053966811119039],[100.36472039832779,-1.0053491906126055],[100.36473712661717,-1.005329273327277],[100.36477055981356,-1.005255772635735],[100.36477055981356,-1.0052557420588073],[100.36478042087975,-1.005274325649566],[100.36478272674151,-1.0052786720730182],[100.36478275282184,-1.0052787116432],[100.36478276181509,-1.0053016857241914],[100.36478277620421,-1.0053353797239311],[100.36476910021389,-1.0053782701909881],[100.36475694857438,-1.0054303490313146],[100.3647524007028,-1.0054701719108721],[100.3647432833759,-1.0054977442254653],[100.36473569579579,-1.0055482888224105],[100.36471136733581,-1.0055850567049447],[100.36470072745669,-1.0056126299189145],[100.36469159663994,-1.0056402013341881],[100.36469771023121,-1.0056646988667239],[100.36472963436518,-1.0056860991340955],[100.36472966404284,-1.005686126113801],[100.36476158637817,-1.0056723386074964],[100.36476161425713,-1.0056723368088569],[100.36479201673825,-1.0056753846112656],[100.36479204641586,-1.0056753828126261],[100.36480242729027,-1.0056735338064868],[100.3648178812403,-1.0056707818810082],[100.36481790821995,-1.0056707728878109],[100.36484008819957,-1.005661830928716],[100.3648401142799,-1.0056618210361421],[100.36485591536825,-1.005655451138125],[100.36485594414654,-1.0056554475408461],[100.36486658402572,-1.0056309392164167],[100.36489548104169,-1.0056002948177252],[100.36491067958423,-1.005558935896147],[100.36491979691118,-1.0055298329353946],[100.36495477424347,-1.005483871283559],[100.36498215230455,-1.0054593539659891],[100.36499583459016,-1.0054333113981784],[100.3650066147635,-1.0054043379398081],[100.36500951327849,-1.0053965480122429],[100.36501406384804,-1.0053613197690652],[100.36502096704407,-1.0053414411545418],[100.36502470192852,-1.005330684363571],[100.36504903758311,-1.0053107625815869],[100.3650688118762,-1.0052954390332616],[100.3651357439195,-1.0052540594272728],[100.36517985566587,-1.0052234087332863],[100.3652148410921,-1.0051973571722215],[100.36526656290164,-1.0051712993159754],[100.36530611508522,-1.0051498396932743],[100.3653624009541,-1.0051222475935901],[100.36539282411962,-1.0051038555584455],[100.36542628699362,-1.0050762742505981],[100.36544149003282,-1.0050456361471447],[100.36547495560478,-1.0050272423133606],[100.36550687883943,-1.0050256981774055],[100.36550690671845,-1.0050256927814303],[100.36555252033259,-1.0050118980805678],[100.36555254821161,-1.0050118899866902],[100.3655844687483,-1.0050026953180691],[100.36558449482862,-1.0050026863248718],[100.36563619235648,-1.0049781672086056],[100.3656362184368,-1.0049781582154083],[100.36568639611033,-1.0049567057873219],[100.36568642398936,-1.0049567003913467],[100.36573812511443,-1.0049520859699328],[100.36573815389272,-1.0049520895672117],[100.36580051738002,-1.0049704348376736],[100.36580054615831,-1.0049704375356328],[100.36584920577627,-1.0049704168512221],[100.36584923545394,-1.0049704141532629],[100.36588876425515,-1.0049642762803046],[100.36588879393275,-1.0049642735822886],[100.3659222541088,-1.0049305660926962],[100.36595875219473,-1.0048830719961188],[100.36598308425198,-1.0048524302953865],[100.36601350831683,-1.0048355698056639],[100.36604088457921,-1.0048095218419348],[100.36606682642298,-1.0047849460683551],[100.36612758641905,-1.0047420960708564],[100.36614729686033,-1.0047316918140723],[100.36615953123743,-1.0047252346818141],[100.36618691109715,-1.0047037822537277],[100.36619907083053,-1.0046746765950161],[100.36620970711238,-1.0046394456538223],[100.36620970621306,-1.004636119960935],[100.3662096972198,-1.0046149409267287],[100.36621228367,-1.0045668298952251],[100.36621422710493,-1.0045307032293067],[100.36624007002325,-1.0044755550028412],[100.36627960332112,-1.0044081490167969],[100.36634652187456,-1.004339199794174],[100.36635833896622,-1.0043258079895736],[100.36639945417153,-1.0042792096177777],[100.36641952344229,-1.0042564648639427],[100.36644359919279,-1.0042124952104245],[100.36644384920436,-1.0042120392541847],[100.36644969209965,-1.0042020531821549],[100.36648250386452,-1.0041459687614065],[100.36650898799945,-1.004100702285541],[100.36651549909107,-1.0040895740745555],[100.3665289916197,-1.0040665109606834],[100.36653823305306,-1.0040729033417506],[100.36655182720511,-1.0040823219415529],[100.36659747409419,-1.0041139501985867],[100.36662636301628,-1.0040802499035522],[100.36693684495947,-1.004320538861748],[100.36693686564388,-1.0043205721366348],[100.36694754689182,-1.004363452711118],[100.36689278717245,-1.004429328950323],[100.366906502733,-1.004453832778097],[100.36685479980923,-1.0045151107837],[100.36687454892137,-1.0045303911645647],[100.36687458219626,-1.0045304253388281],[100.36679830619693,-1.0046295540106485],[100.3667225113349,-1.0047280567543453],[100.36674989389257,-1.0047525506896022],[100.36681290579105,-1.0046694560305127],[100.36689741058711,-1.0045579895595438],[100.36691719027618,-1.0045717545827415],[100.3671693080172,-1.0042633527714884],[100.36721527596427,-1.0042071199625866],[100.3672152435887,-1.0042070848890035],[100.36719054820531,-1.0041848617419191],[100.36719051313173,-1.0041848302656717],[100.36718635106928,-1.0041810827906943],[100.36719054191002,-1.00417635595403],[100.36733387675707,-1.0040140921765897],[100.36733383628757,-1.0040140669955235],[100.36731102768186,-1.0039957253223974],[100.36719052302431,-1.0041315670181348],[100.3671574288723,-1.0041688511115581],[100.36713459418621,-1.0041566158350861],[100.36703575959268,-1.0042730528590482],[100.36703572991507,-1.0042730519597285],[100.3669703312159,-1.0042700176471726],[100.36697029794095,-1.0042699825735895],[100.36695266313495,-1.0042557768825304],[100.36695262626273,-1.0042557472049225],[100.36687978117703,-1.0041970646427671],[100.36687974430481,-1.0041970349651592],[100.36666439984225,-1.0040235575410748],[100.36668872920154,-1.0039944527817397],[100.36668869772529,-1.0039944159095171],[100.36666121894018,-1.003964147427439],[100.36665676279944,-1.0039592389276777],[100.36666969145318,-1.0039433649942566],[100.366705426914,-1.0038994879709549],[100.36670539633701,-1.0038994510987322],[100.36667976116212,-1.0038714273244409],[100.36667972788717,-1.0038713913515949],[100.36667624481288,-1.0038675827227053],[100.36667621243731,-1.0038675467498592],[100.36667041001147,-1.0038612047307538],[100.3666977907705,-1.003836691010406],[100.36670596920516,-1.0038340775805636],[100.36670599618486,-1.0038340685873663],[100.36676013986863,-1.0038167629332406],[100.36676016864692,-1.0038167602352246],[100.36678602505509,-1.0037937762617162],[100.36679370886264,-1.003788053875553],[100.366821009582,-1.0037677238013885],[100.36682708630104,-1.0037416848308567],[100.36682127218404,-1.0037241705339852],[100.36681641044902,-1.003709525973818],[100.36681639246262,-1.0037094891015954],[100.36681143989608,-1.003694539671244],[100.36681142190963,-1.0036945027990214],[100.36681031574352,-1.0036911492271088],[100.36681467205955,-1.0036634959735125],[100.36683005586247,-1.0035655526081086],[100.36687568026849,-1.0035103971870285],[100.36708862533987,-1.0033372399216205],[100.3672118837215,-1.0032425799810198],[100.36727419594746,-1.0031947261556411],[100.36731679863141,-1.0031577784087062],[100.36744911228675,-1.0030430267142378],[100.36810316762717,-1.0025327387947982],[100.36818378285534,-1.0024668472671578],[100.36835918842587,-1.0023234125953877],[100.36839509295925,-1.0022940533278302],[100.36841802297346,-1.0022753015638841],[100.36841798700056,-1.0022752691882602],[100.36821130300928,-1.0020108703053552],[100.36821127333167,-1.00201083163455],[100.36811294325781,-1.0018850506544936],[100.36811291268083,-1.0018850128830081],[100.36804076187173,-1.0017927235552975],[100.36791410764999,-1.0016307205812609],[100.36797039531757,-1.0015801633937826],[100.36803580211063,-1.0015954437746473],[100.36803582909027,-1.0015954401773683],[100.36821227607572,-1.0015325802643247],[100.36821230395475,-1.0015325730697668],[100.36828986778323,-1.0015172306356135],[100.36828989836016,-1.0015172279376543],[100.36836138007368,-1.0015156676139441],[100.36836141424794,-1.0015156622179688],[100.3685211976952,-1.00163198862532],[100.36852122197689,-1.0016319994172136],[100.368550161261,-1.0017039712612359],[100.36847563534235,-1.0017759862727189],[100.36848631209369,-1.0018372435938545],[100.36853348333364,-1.0018892936559496],[100.36869321641888,-1.0017728323502979],[100.36869318044597,-1.0017727990753542],[100.36868102520918,-1.0017575186944896],[100.36913542296145,-1.001396840192001],[100.36913544814246,-1.0013968302994272],[100.36915653004991,-1.0013870681586354],[100.36915655613024,-1.0013870582660616],[100.36917478538811,-1.001380742327342],[100.36917481146844,-1.0013807315355052],[100.36919697795821,-1.0013722320428542],[100.36919700583724,-1.0013722239489198],[100.3692175157758,-1.0013664799790263],[100.36921754545341,-1.0013664772810671],[100.36923348863468,-1.0013561341781951],[100.36923351381569,-1.0013561251849978],[100.36925802034142,-1.001345212811259],[100.36925804822039,-1.0013452092139801],[100.36927515872168,-1.001330268776826],[100.36929569384125,-1.0013170505413882],[100.36931851233953,-1.0013032567398454],[100.36933673800013,-1.0012911923346337],[100.36933676318114,-1.0012911815427401],[100.36936925388801,-1.001277967803901],[100.36936928086766,-1.0012779588107037],[100.36940633743257,-1.0012658908081562],[100.36940636261363,-1.0012658809156392],[100.36942576188943,-1.0012555423093659],[100.3694485507101,-1.0012434734074986],[100.36944857679043,-1.0012434644143013],[100.36947479382673,-1.0012314027070488],[100.36947481810842,-1.0012313919151552],[100.36949649806502,-1.0012181799749555],[100.36952501916437,-1.0011980657380946],[100.36953642526589,-1.001185425766721],[100.36955239542675,-1.001168189360385],[100.36956950682736,-1.001154972024267],[100.36960202001728,-1.0011314106860141],[100.36962027265753,-1.0011176186831108],[100.36964936572571,-1.0011015253151072],[100.36967671860572,-1.0010883061803497],[100.36967674558542,-1.0010882980864153],[100.36972236009888,-1.001073354951302],[100.36972238707858,-1.0010733459581047],[100.36975944184485,-1.0010607041880917],[100.36975946972382,-1.0010606960942141],[100.36977430673892,-1.0010568415999046],[100.36977433461789,-1.0010568353046665],[100.36979709735823,-1.0010509231615288],[100.3697971252372,-1.0010509159669709],[100.36984958359147,-1.0010359692345219],[100.36984961236976,-1.0010359611406443],[100.36988267414614,-1.0010273402394887],[100.36988270292449,-1.0010273348435703],[100.36992261213891,-1.001022152949929],[100.3699226409172,-1.0010221466546909],[100.36995513162407,-1.0010129519860698],[100.36995516130173,-1.0010129456908317],[100.36998765290792,-1.0010089158287769],[100.36998768168621,-1.0010089122314412],[100.37001218641331,-1.0010054588348112],[100.37001221609097,-1.0010054552375323],[100.37004071380795,-1.0010020009415257],[100.37004074438488,-1.001002000042206],[100.37007609043928,-1.0010019847537706],[100.37007612011689,-1.0010019829550743],[100.37010404676442,-1.0009991033259098],[100.37010407644203,-1.0009990979299914],[100.37010592994477,-1.000998705825566],[100.37010595872306,-1.0009986995303279],[100.37012858026981,-1.0009939241302277],[100.37012860814883,-1.0009939160363501],[100.37016737612356,-1.0009818480338026],[100.37016740400253,-1.0009818417385645],[100.3701981841989,-1.0009760905740563],[100.37019821207787,-1.0009760833794985],[100.37023355633363,-1.0009640162762707],[100.37023358241396,-1.0009640063837537],[100.37025295201221,-1.0009565411114636],[100.37025297989118,-1.0009565348161686],[100.37026835560022,-1.0009542352497078],[100.37026838617714,-1.0009542361490276],[100.37029003915404,-1.0009565222256924],[100.37029006883165,-1.0009565240243319],[100.37030943932922,-1.0009570887985433],[100.37030946900683,-1.0009570878992236],[100.3703328333936,-1.0009565051385607],[100.37033286307121,-1.000956504239241],[100.37035565638848,-1.0009559205792016],[100.37035568606609,-1.000955922377841],[100.37039502690902,-1.0009582003606283],[100.37039505658663,-1.0009582030585875],[100.37043497029771,-1.0009627779098196],[100.37043499727736,-1.0009627860036971],[100.37046293471673,-1.000975398995422],[100.37046296709229,-1.0009753998947417],[100.37048633507635,-1.0009994783432035],[100.37048636925061,-1.0009995134167866],[100.37050174945625,-1.0010155528254359],[100.37050178273114,-1.0010155861003796],[100.3705182987805,-1.0010293331371827],[100.37051833565272,-1.0010293619154709],[100.37053200264984,-1.0010396969244084],[100.3705320278309,-1.0010397068169823],[100.37054569932462,-1.0010460083665293],[100.37054572540495,-1.0010460182591032],[100.37056395915943,-1.0010517442425453],[100.37056398613913,-1.0010517532357994],[100.3705782260044,-1.0010563325836301],[100.37057825298405,-1.0010563415768274],[100.37061588871234,-1.0010683781031275],[100.37061591659136,-1.0010683852976854],[100.37065012590267,-1.0010758307849414],[100.37065015468096,-1.0010758379794993],[100.37068265438103,-1.0010838581334838],[100.37068268226005,-1.001083863529459],[100.37070604844541,-1.0010884428772897],[100.37070607542512,-1.001088451870487],[100.37073743568419,-1.001099916427961],[100.37073746895908,-1.0010999146293216],[100.37075284466812,-1.0011142345342705],[100.370752877943,-1.0011142696077968],[100.37079109193542,-1.0011567194070494],[100.37079112341166,-1.0011567562792152],[100.37082020838596,-1.0011940376746793],[100.37082023806357,-1.0011940763454845],[100.37085274945485,-1.0012353759118469],[100.37085277913252,-1.0012354136833324],[100.3708830071451,-1.0012749928466178],[100.37088303682276,-1.0012750297187836],[100.37092353509314,-1.0013197745878983],[100.37092356656939,-1.0013198105607444],[100.37095607526271,-1.0013588150572446],[100.3709561058397,-1.0013588519294103],[100.37099146718253,-1.0013995786276269],[100.37099149865878,-1.0013996163991123],[100.37105540628204,-1.0014776622642785],[100.37105543326169,-1.0014777018344034],[100.37107368320397,-1.0015115379270583],[100.37107370838498,-1.0015115783965598],[100.37109537395241,-1.0015413954189967],[100.37109540363002,-1.001541433190539],[100.37111934897882,-1.0015695289105793],[100.37111938045513,-1.0015695657828019],[100.37113761690756,-1.0015913455641225],[100.37113764568585,-1.0015913851342475],[100.37115303398537,-1.0016143115511795],[100.37115306186439,-1.0016143511213613],[100.37116730532694,-1.0016326855999296],[100.3711673332059,-1.0016327251701114],[100.3711798688559,-1.0016533547184849],[100.37117989943289,-1.0016533915907075],[100.37119641728088,-1.0016682861624417],[100.37119644875719,-1.0016683212359681],[100.3712141177374,-1.0016918223196853],[100.371214147415,-1.0016918609905474],[100.371251223765,-1.0017383289606414],[100.3712512552413,-1.001738365832864],[100.37129118514014,-1.0017865560047312],[100.37129121481775,-1.0017865937762167],[100.37132543941755,-1.0018313395446512],[100.37132546819583,-1.0018313782154564],[100.37135683744816,-1.001872104913673],[100.37135686622645,-1.001872143584535],[100.37138709693704,-1.0019151671511963],[100.37138712661465,-1.0019152058220584],[100.37142534510366,-1.0019622466602982],[100.37142537478127,-1.0019622853311603],[100.37144589461241,-1.0019903819505203],[100.37144591529682,-1.0019904179234231],[100.37145506679798,-1.0020168346092078],[100.37145964794445,-1.0020541645679941],[100.37146251498314,-1.0020886238908133],[100.37145981072177,-1.0021015030818603],[100.3714522654098,-1.0021374471854188],[100.37143971896791,-1.0021546826923782],[100.37141949231579,-1.0021832127849848],[100.37141405771263,-1.0021908768074468],[100.37138040238375,-1.0022109928430041],[100.37135473483323,-1.0022339768165125],[100.37134218569338,-1.0022431723844534],[100.37130169102028,-1.0022805212290109],[100.37126860676085,-1.0023052310015714],[100.37124693399886,-1.002326490974724],[100.37122354892767,-1.0023477509478766],[100.37120415774575,-1.0023690100217664],[100.37120016835314,-1.0023896899322153],[100.37120699780479,-1.0024034297744038],[100.3712070229858,-1.002403474740504],[100.37121324719368,-1.0024055602683575],[100.37121327417333,-1.0024055692615548],[100.37121493612045,-1.0024061259418886],[100.37122925242812,-1.0024109229257192],[100.37122928120641,-1.0024109229257192],[100.37125207272504,-1.0024080459944571],[100.37125210240265,-1.0024080423971782],[100.37127945888,-1.0024040143337629],[100.37127948585965,-1.0024040062398285],[100.37130570289594,-1.0023936667342923],[100.37130573167423,-1.0023936640363331],[100.37132740533553,-1.0023729787299089],[100.37135877728582,-1.0023482689574053],[100.37139756234768,-1.0023132178806691],[100.37142779305827,-1.0022902312091446],[100.37146486581099,-1.0022534579306921],[100.37148368502409,-1.0022293282208921],[100.37150421564712,-1.0022080646504037],[100.37152073169648,-1.0022046175490118],[100.37152075867613,-1.0022046229449302],[100.37154356098659,-1.0022137933318618],[100.37154358976494,-1.002213796029821],[100.37157381058296,-1.0022356045894298],[100.37157383666329,-1.0022356135826271],[100.37160348461316,-1.0022459297058504],[100.37160351339151,-1.0022459360010885],[100.37162516816704,-1.0022499433801499],[100.37162519784465,-1.0022499469774289],[100.37166739313574,-1.0022539462625559],[100.37166741921607,-1.0022539543564335],[100.37169938561823,-1.0022700108522713],[100.37171030788448,-1.002278869174404],[100.37171991174461,-1.0022866591019692],[100.37174559908021,-1.002269995563779],[100.37179237281981,-1.0022383870918361],[100.37182431583955,-1.0022142519861177],[100.37186937906864,-1.0021826444134376],[100.37191498638759,-1.0021585048111206],[100.37191501246792,-1.0021584958178664],[100.37195206813351,-1.0021418349776354],[100.37195209601248,-1.0021418313803565],[100.37198289779258,-1.0021196100319116],[100.37200647441932,-1.0020996900486239],[100.37204830638427,-1.0020744020119992],[100.37210154535012,-1.0020360899935099],[100.37213576994986,-1.0020138677457453],[100.37217379598394,-1.0019816891036157],[100.37219584646118,-1.0019525798476252],[100.37222170197003,-1.0019272981062954],[100.37224527859678,-1.0019096749914524],[100.37226581101845,-1.0018889896850851],[100.372296228788,-1.0018583461856565],[100.37231904368895,-1.0018407185742717],[100.37233207216747,-1.0018372615803059],[100.37233210094575,-1.0018372588823468],[100.37240535792097,-1.0017574080778786],[100.37242565292161,-1.0017407175600397],[100.37246125618208,-1.001711436533526],[100.37249075664317,-1.0016907008650833],[100.37251031240106,-1.0016769556269765],[100.37256278424513,-1.0016263930435798],[100.37262164127577,-1.0015957963088908],[100.3726216089002,-1.0015957612353645],[100.37258735911939,-1.0015640430461303],[100.37258732404581,-1.0015640106705064],[100.37256713696388,-1.001545315563817],[100.3725607418848,-1.001539394427482],[100.37256070681121,-1.001539362051858],[100.37253125671219,-1.0015120856141948],[100.37264619186834,-1.0014119380105058],[100.37274957972937,-1.0013218385319647],[100.37277918271315,-1.0012960405797457],[100.3727791467403,-1.0012960082041786],[100.37246405307366,-1.0008903078413596],[100.37246402429537,-1.0008902700698741],[100.37214891983683,-1.0004769182751261],[100.37214889015922,-1.000476879604264],[100.37164044674927,-0.99981549478923171],[100.37163435024513,-0.99978792787049997],[100.3716343196682,-0.99978789009901448],[100.37109390805745,-0.99908516614743803],[100.37109387837984,-0.99908512837595254],[100.37093037983323,-0.99887706302598644],[100.37093035015562,-0.99887702525444411],[100.37088897234827,-0.99882438163984943],[100.37088305031256,-0.99881684711976959],[100.37102778180673,-0.99870702371015341],[100.37122932077659,-0.9985540832043398],[100.37123442982511,-0.99855020622698021],[100.37172268885109,-0.99817016891813637],[100.37175308863419,-0.99816556618787899],[100.37175311921112,-0.99816556528855926],[100.37215771790443,-0.9978452969228897],[100.37244215098457,-0.99761237880818499],[100.37299429964725,-0.9971944116927034],[100.37363314205589,-0.99669255581676452],[100.37400389296533,-0.9963860866485561],[100.37400385699249,-0.99638605517225187],[100.37393930815261,-0.99631093390240721],[100.37393927577699,-0.99631089703024145],[100.37393765969529,-0.99630901924581394],[100.37392872043415,-0.99629862668024316],[100.37396901186048,-0.99627257691781779],[100.37396903884013,-0.99627256882394022],[100.37399281421705,-0.99626593362586391],[100.37412844007548,-0.99622808475822922],[100.37412846795451,-0.99622807666435165],[100.37437218063167,-0.99616006453527461],[100.37437221030933,-0.99616006183731542],[100.3744689207042,-0.99608927979636519],[100.37446894588521,-0.99608926990384816],[100.37466950459401,-0.99601521792789072],[100.37466953337236,-0.99601521073333288],[100.37476450357906,-0.99599646976122358],[100.37476453235735,-0.99599646166734601],[100.37567927507854,-0.99569233613237884],[100.37567930115887,-0.99569232623980497],[100.37589937695475,-0.99559121006626583],[100.37589940213576,-0.99559119927437223],[100.37600645113685,-0.99554956875755352],[100.37600647991519,-0.9955495651602746],[100.37610299335853,-0.99554611805882587],[100.37610302303614,-0.99554611715950614],[100.37617301277436,-0.995543617044234],[100.37617304065338,-0.99554362333947211],[100.37633075565992,-0.99559864116429253],[100.37633078084093,-0.9955986510568664],[100.37667867817851,-0.99580535753119648],[100.37697793298526,-0.99599368905745678],[100.37713074668665,-0.99607899425012647],[100.37713077276703,-0.99607900324338061],[100.37720213037409,-0.99610873483021578],[100.37720215645442,-0.99610874562205254],[100.37732892668868,-0.99615504541895916],[100.37732895366833,-0.99615504182168024],[100.37755904971044,-0.99607899874672512],[100.37755907579077,-0.99607898885420809],[100.37772951980156,-0.99600660422134979],[100.37786147462742,-0.99595056386738179],[100.37786150160707,-0.99595055577350422],[100.37798775113384,-0.99592600428161404],[100.37798777991219,-0.99592599888569566],[100.37821292428708,-0.99588838474113572],[100.37821295396469,-0.99588838024448023],[100.37834909513469,-0.99587071396223337],[100.37834912391298,-0.99587071036495445],[100.37850227216217,-0.99584934427178951],[100.37850230094051,-0.99584933977519086],[100.37851150999825,-0.99584805464394321],[100.37851153877654,-0.9958480510466643],[100.37857714072254,-0.99583913876517727],[100.37857717040015,-0.99583913516789835],[100.37872356294213,-0.99581924935881716],[100.37872359172042,-0.99581924486221851],[100.37890043170961,-0.99579332999815051],[100.37890046138722,-0.99579332640087159],[100.37903165718529,-0.9957741303717853],[100.37903168596358,-0.99577412587518666],[100.37915337322966,-0.99575493524201875],[100.37915340200794,-0.99575492984610037],[100.37925131479642,-0.99573862064079321],[100.37925134357471,-0.99573861614419457],[100.37936639204543,-0.99572134016767677],[100.37936786693359,-0.99572555798806661],[100.37936788491999,-0.99572559486028922],[100.37938044485173,-0.99576138877699805],[100.3793885045759,-0.99578435656275133],[100.37938851087114,-0.99578439253565421],[100.37954606939564,-0.99577840395011208],[100.37957389891636,-0.99577734634738135],[100.37957392769465,-0.99577734095146297],[100.37973934809253,-0.99573133253494461],[100.37973937687082,-0.99573132983692858],[100.3797327308809,-0.99569499542764106],[100.37973079913712,-0.99568442929290768],[100.37973077215747,-0.99568442659494849],[100.37969466167937,-0.99568253082406954],[100.37969465808209,-0.99568249395190378],[100.3796851252684,-0.99564520086528319],[100.37969306718139,-0.995624902267366],[100.37969748644991,-0.99561360588313619],[100.37974690419634,-0.99560784482611098],[100.37974693297463,-0.99560783853087287],[100.37979472924343,-0.99559640095310442],[100.37979594692547,-0.995596109572773],[100.37979597480444,-0.99559610327747805],[100.37980300570422,-0.9955944206459435],[100.37980303358319,-0.99559441525002512],[100.37992757080082,-0.99556852376832694],[100.37992760137774,-0.99556852017104802],[100.37995339033677,-0.99556562435401474],[100.37995342001437,-0.99556562075673583],[100.37995812886459,-0.99556509195537046],[100.37999603708749,-0.99556083636343828],[100.3799960667651,-0.99556083456479882],[100.38005594812358,-0.99556081028310928],[100.38005597690187,-0.99556080668583036],[100.3801053946483,-0.99555313277079449],[100.38010542522528,-0.99555312917351557],[100.38025469110119,-0.9955406249998191],[100.38025471898015,-0.99554061780520442],[100.38029462729526,-0.99552816669148569],[100.3802946560736,-0.99552816129556732],[100.38034122117045,-0.99552240203718156],[100.38034124904948,-0.99552239484262373],[100.38037754298927,-0.99550943830990946],[100.38037756996891,-0.99550942931665531],[100.38038686086497,-0.99550611171764558],[100.38038688964332,-0.99550610901968639],[100.38039259044575,-0.99549270102727405],[100.38043154727814,-0.99548407473020006],[100.38043157695574,-0.99548407023360141],[100.38043628670533,-0.99548349376817669],[100.38043631728226,-0.99548349017089777],[100.38046292912094,-0.99548023282642362],[100.38046295699991,-0.99548023102778416],[100.38048004591747,-0.99549167759880675],[100.38048008099099,-0.99549170907505413],[100.38050668203783,-0.99551846930188503],[100.3805067054202,-0.99551850077813242],[100.38051479032538,-0.99554806868837886],[100.38051591357862,-0.99555217769079718],[100.38051593066575,-0.99555221636165925],[100.38051718791797,-0.99555675254202924],[100.38051719331389,-0.99555679031357158],[100.38053808636363,-0.99555964835906252],[100.38053811604129,-0.99555965015770198],[100.38053620138464,-0.99552901924880643],[100.38056470809488,-0.99547731272775764],[100.38108386422903,-0.99537850601319633],[100.38108389300731,-0.99537850061727795],[100.38123125501846,-0.9953571920806894],[100.38123128469607,-0.99535719118136967],[100.38123926887721,-0.99534742364465956],[100.38124667929088,-0.99533076460306802],[100.3812461001275,-0.99531066385600298],[100.38124437972442,-0.99529113687640347],[100.38124208105728,-0.99525093358369077],[100.38124205317825,-0.99525093178505131],[100.38122039570476,-0.99524577866969821],[100.38122036692647,-0.99524577507241929],[100.3811941507895,-0.9952475080659724],[100.38119412201121,-0.99524751076398843],[100.38103383314495,-0.99528432900854114],[100.38103380436667,-0.99528433440445951],[100.38099959865264,-0.9952843478943123],[100.38099956897497,-0.99528434879363203],[100.38096536595896,-0.99528780668686068],[100.38096533628129,-0.99528781118351617],[100.38092200514649,-0.99529643837985304],[100.3809219763682,-0.99529644377582827],[100.38088434963311,-0.99530449360742068],[100.38088432175408,-0.99530449990271563],[100.38083528621956,-0.99531714886728651],[100.38083525744122,-0.99531715516252461],[100.38076853224203,-0.99532464741452031],[100.3807685016651,-0.9953246501124795],[100.38068808338841,-0.99533157309355147],[100.38068805281142,-0.99533157489224777],[100.3806527076564,-0.99533216394814872],[100.38065267887811,-0.99533216214950926],[100.38063958205112,-0.99532872853797016],[100.38063955327283,-0.99532868626982918],[100.38062930639745,-0.99531437086147889],[100.38062071877124,-0.99524487934763783],[100.38060414786321,-0.99513537519737838],[100.38060012159838,-0.99510876965393891],[100.38058638265551,-0.99500079974706068],[100.38057379394547,-0.99491293238588696],[100.38055778061715,-0.9948250650246564],[100.38054176099354,-0.99472054311854663],[100.38053374173887,-0.99464588320091707],[100.38052514332077,-0.99454824920229612],[100.38051027393004,-0.99446669957848144],[100.38051482809692,-0.99444085306288343],[100.38051075057075,-0.99441323218485422],[100.38050567299848,-0.99437882772065223],[100.3805171330593,-0.99436881556835033],[100.38064870567331,-0.99434196540931907],[100.38064873535092,-0.99434195911408096],[100.38086626876333,-0.99429975482979671],[100.38086629844099,-0.99429974853450176],[100.38105720742425,-0.9942621505777538],[100.38105723620254,-0.99426214608115515],[100.38129683088408,-0.99421763503579541],[100.38129685966243,-0.99421762963982019],[100.38139268242639,-0.99420074756642407],[100.38139271120474,-0.99420074306976858],[100.38142458227873,-0.99419548023718107],[100.38142461105701,-0.99419547484126269],[100.38156003996392,-0.99417310870194342],[100.38156006874226,-0.99417310420534477],[100.38172131088987,-0.99414317566697719],[100.38172133966816,-0.99414317117037854],[100.38192974586116,-0.99410556511969617],[100.38192977463945,-0.99410555882445806],[100.38207275875089,-0.99407640460236735],[100.3820727884285,-0.9940763983070724],[100.38212777207906,-0.99406381589233206],[100.3821278008574,-0.99406380869777422],[100.38215139906788,-0.99405840916818988],[100.38216328181005,-0.99405568961833524],[100.38216331238704,-0.99405568781969578],[100.38211299441923,-0.99379764084841327],[100.3820891578884,-0.9936485161660471],[100.38208990162769,-0.99361022573128821],[100.38210206495842,-0.99358571560821929],[100.38212944391876,-0.99356502940253222],[100.38215149799328,-0.99354664096466649],[100.38220854199068,-0.99351292178386075],[100.38224961043124,-0.99347921069698941],[100.38228307240593,-0.99345009694434339],[100.3823081670883,-0.99342634674843566],[100.38234923373022,-0.99339110411614229],[100.38238799540972,-0.99336658499987607],[100.38238802238936,-0.99336657690594166],[100.38243211435065,-0.99335507907358078],[100.38243214312894,-0.99335507817426105],[100.38246078743543,-0.99335593972477909],[100.3824608171131,-0.99335594062409882],[100.38248232529912,-0.99335658813600958],[100.38248235407741,-0.99335659083396877],[100.38253710300495,-0.99336422068216734],[100.38253713178324,-0.99336422697746229],[100.38256297380224,-0.99337186581891501],[100.38256300258058,-0.99337186941619393],[100.38257060095253,-0.99337722308035836],[100.38258584536055,-0.99341933833176199],[100.3826010349099,-0.99343461061874905],[100.38260106728546,-0.99343464659159508],[100.3825705433959,-0.99348754471435541],[100.38256306013716,-0.99350051473692247],[100.38261234568324,-0.99353769091163713],[100.38261238345478,-0.99353771879066244],[100.38262694797533,-0.99354870490873282],[100.38262698484755,-0.99354873278775813],[100.38263467584966,-0.99355482389597682],[100.3826878293799,-0.99359692206024874],[100.38268786535275,-0.99359695173785667],[100.38275101394822,-0.99364287202087098],[100.38277001932101,-0.99362372725317982],[100.3828148010623,-0.99364702509006975],[100.38283471385103,-0.99365738528007341],[100.38285902792188,-0.99364895953181076],[100.38285905670017,-0.99364895683385157],[100.38288287794251,-0.9936015104013336],[100.38289174345925,-0.9935838522129643],[100.38291378584262,-0.99353636441162507],[100.38292137072472,-0.99352564539219657],[100.38292976319809,-0.99353096578141731],[100.38297081724949,-0.99355699935597386],[100.38297085232301,-0.99355701554378584],[100.38294120617178,-0.99360296910168699],[100.38300585033977,-0.99364964301656755],[100.38300588631267,-0.99364966100301899],[100.38297243423051,-0.99369332218901718],[100.3830256731963,-0.99374151056218807],[100.3830257091692,-0.9937415420384923],[100.38312079988509,-0.9938188162852839],[100.38312083585794,-0.9938188468622684],[100.38315659200316,-0.99385252467425289],[100.38320068576309,-0.99379584670089116],[100.3832669037447,-0.99385401035425502],[100.38329579446543,-0.99382414027178356],[100.3833406796287,-0.99386084070516745],[100.38334071560161,-0.99386087128215195],[100.38341984335113,-0.99392899222914366],[100.38344265825214,-0.993909078541094],[100.38351037360491,-0.99396185255739056],[100.38351040687985,-0.99396188673165398],[100.38347771472479,-0.99400554611901271],[100.38355758801231,-0.99407363558975703],[100.38355762128725,-0.99407367066334018],[100.38357464995022,-0.99408335905974354],[100.38358174020522,-0.99408739341839691],[100.38361545309073,-0.99410657505836753],[100.38361828685453,-0.99410853737907701],[100.38366187429614,-0.99413871772759421],[100.38368090125266,-0.99415785530072753],[100.38370905992525,-0.99418311365974432],[100.38373037475702,-0.99421603334320707],[100.38374713002611,-0.99425967474417121],[100.38375018232512,-0.99428111638036398],[100.38376236723951,-0.99431097567094184],[100.38377303229964,-0.99434466607345939],[100.38378901684973,-0.99436686673743679],[100.38380652934791,-0.99439978821959585],[100.38382556080103,-0.99443117725695629],[100.38383469521506,-0.99444265980088176],[100.38381130834529,-0.99446668159203],[100.38380054525902,-0.99447773785726667],[100.38379591195184,-0.99448249706955494],[100.38388952688024,-0.99457741421622359],[100.38399150640294,-0.99466543626084558],[100.38402367335391,-0.99462876640438935],[100.38404929683765,-0.99459955372640252],[100.38406991109758,-0.99457754731588466],[100.38410024612949,-0.99454516272902538],[100.38412383264881,-0.99455204524065266],[100.38413829015002,-0.99455816512715955],[100.38415731260994,-0.99456658008352861],[100.38419993058238,-0.99460255386469498],[100.38420754514215,-0.99461786572186384],[100.38421363984764,-0.99463777401399511],[100.38422810094619,-0.99465384939560408],[100.38424864775698,-0.99466762521069541],[100.38430192179629,-0.99471661218183272],[100.38432170867998,-0.99473345108782496],[100.38437498271935,-0.9947809074129168],[100.38440085801324,-0.99480310268097583],[100.38442978110959,-0.99483678588893554],[100.38445033061834,-0.99485898475427348],[100.38449143772971,-0.99491869793951082],[100.38452340323255,-0.99494855003553084],[100.3845439482447,-0.99496002808280082],[100.38452797808378,-0.9949753498324867],[100.38451149980591,-0.99498872365063562],[100.3845006000227,-0.99499757028161184],[100.38455689488484,-0.99504491329207667],[100.38458888017271,-0.99507181291380675],[100.38460028897219,-0.99506491601300695],[100.38461626542835,-0.99506490881844911],[100.38463452616253,-0.99507102780563628],[100.38466420379001,-0.99508939376045191],[100.38468323074659,-0.99510852953494577],[100.3847113993117,-0.99515599665187437],[100.38474032330731,-0.99519044518285682],[100.38476467604903,-0.99521111070413326],[100.38477685286955,-0.99522259234868216],[100.38479436087113,-0.99524632365887555],[100.38481111074424,-0.99527771359555572],[100.38481594010364,-0.99529712456262587],[100.38481644462325,-0.99529915253378931],[100.38482710518679,-0.99532059057276001],[100.38484765199757,-0.99533513171093091],[100.38486625717206,-0.99534067153473416],[100.38488873842459,-0.99534736698734605],[100.3849206913369,-0.99534735259817353],[100.38494275170666,-0.99534351519105257],[100.38496329671881,-0.99535422701592324],[100.38497699878951,-0.9953741317107756],[100.38498537867235,-0.99540093060841173],[100.38498463223505,-0.99543386018444835],[100.3849837041347,-0.99543854205501248],[100.3849800771689,-0.99545683516475947],[100.38498617097508,-0.99547674255757101],[100.38499986944845,-0.99548592553497883],[100.38502878894752,-0.99551348166181697],[100.38505161733832,-0.99552342816360806],[100.38508661535508,-0.99553107060239654],[100.38511324338151,-0.99553182513358252],[100.3851444354674,-0.99553334318920861],[100.3851581312428,-0.99554023019743454],[100.38517030986196,-0.99555477403356463],[100.38518020869975,-0.99557697829487779],[100.3851779343143,-0.99559382619406733],[100.38516424393475,-0.99560455330743025],[100.38513990558226,-0.99561834710897301],[100.38513914925238,-0.99562830170469852],[100.38514829086097,-0.99565892991563487],[100.38514677820132,-0.99568037155188449],[100.3851384199022,-0.99570488077557684],[100.38513690634323,-0.99572249399784596],[100.38514223842361,-0.99573780765365427],[100.38513691893371,-0.99575389112914081],[100.38513160843706,-0.99578911937231851],[100.38513390530557,-0.99582434401821729],[100.38513847925748,-0.99584501763342814],[100.3851392508758,-0.99587182012834319],[100.38514002159479,-0.99589709107783619],[100.38513546922661,-0.99592542601754985],[100.38514612529349,-0.99593767388449805],[100.38515145377664,-0.99594609603548179],[100.38515754758282,-0.99596447188281445],[100.38515907463164,-0.99597748956944088],[100.38515375424242,-0.99598744686312557],[100.3851088762737,-0.99600737583966747],[100.38511575788596,-0.99609007839433161],[100.38515075680203,-0.99609848615614283],[100.38517588745731,-0.99615820563661828],[100.38521164090457,-0.99615359661112279],[100.38529004469984,-0.99626000709361051],[100.38533340191503,-0.99624237588488995],[100.38536081235168,-0.9962967336073234],[100.38541790131518,-0.99637022530561126],[100.3854749938759,-0.99645443692270419],[100.38551454426084,-0.9964322119769804],[100.3855518454414,-0.99648809764755697],[100.38556021093507,-0.99648196876779593],[100.38561121238757,-0.99655086672908055],[100.38557698868715,-0.99657998138098947],[100.38559145877883,-0.99661520063096987],[100.38553441568081,-0.99665121668027723],[100.3855808791543,-0.99678520936987525],[100.38561535376562,-0.99684139631335711],[100.38562503406814,-0.99685717312001998],[100.38565542665668,-0.99684284961779213],[100.38567427195017,-0.99688074794812565],[100.38567142199861,-0.99688878968584049],[100.38569654995587,-0.9969427669950619],[100.38569042107611,-0.99694894174024284],[100.38567944035395,-0.99696000430071763],[100.38568172732994,-0.99697263797679625],[100.38567374224948,-0.99697953397827632],[100.38570629500958,-0.99705016313447459],[100.3857599647506,-0.99713686497426579],[100.3858019019363,-0.9971250271981944],[100.38580275359425,-0.99712478617988154],[100.38580395059188,-0.99712738162332926],[100.38580961901874,-0.99713967715433682],[100.38584273025788,-0.99721149341564796],[100.38589470387757,-0.99733437857867102],[100.38589813479115,-0.99735218155785788],[100.38589814288503,-0.99737113476999184],[100.38590100182984,-0.99738664088073392],[100.38590500201428,-0.99740099765784862],[100.38591642880021,-0.99743602715091129],[100.38592785108949,-0.99746244203799961],[100.38594555874062,-0.99751010430782117],[100.38594733939823,-0.99751670802959325],[100.38595298804,-0.9975376694278566],[100.38597011832638,-0.99756695315232946],[100.38598268365399,-0.99759968397819421],[100.38598839794628,-0.9976180607248466],[100.38600324665259,-0.99765308931858954],[100.38601010218451,-0.9976708895998172],[100.386017528786,-0.99769443475031494],[100.38602438791526,-0.99772429673885199],[100.38603981308694,-0.99776966303949166],[100.38605009413658,-0.99779550415911444],[100.38605923214789,-0.99781617597568584],[100.38607065263858,-0.99783914466075885],[100.38608087972887,-0.9978535428066948],[100.3860820722299,-0.99785522094163071],[100.38609519963381,-0.99786670168685987],[100.38610433404784,-0.99787875889757061],[100.38613002228277,-0.99790746525724217],[100.38614657700299,-0.99792813437585437],[100.38615571231634,-0.99794076625329353],[100.38616370818863,-0.99795971496882885],[100.38617626991896,-0.99798096055286578],[100.38618426938859,-0.99800737723859356],[100.38619740668503,-0.99804412803405285],[100.38620353826275,-0.99806453994654021],[100.38620654919293,-0.99807456379005544],[100.38621398029102,-0.99810557511216302],[100.38622026565281,-0.99812797182840995],[100.38623168614345,-0.99814864274560477],[100.38624424607514,-0.99816758966250063],[100.38625423394581,-0.99817529055718524],[100.3862613691669,-0.99818079260944614],[100.38628077293936,-0.99819112312178504],[100.38630360133021,-0.99820145093616475],[100.38631501822357,-0.9982163787827858],[100.38632415443624,-0.99823245596303423],[100.38633443278792,-0.99825312777954878],[100.38634528490701,-0.99827781956565786],[100.38635441932104,-0.99829045054383414],[100.38636697835341,-0.99830537928977492],[100.38638010665665,-0.9983191569035057],[100.38638467970924,-0.99833753365021494],[100.38639610289789,-0.99836567073907645],[100.38640467073901,-0.99838749278853811],[100.38640925278486,-0.99842999115111297],[100.38641002170522,-0.99845309563380624],[100.38639803284298,-0.99847823528227764],[100.38639539962804,-0.99847981898841454],[100.38634347457173,-0.99851105873830193],[100.38628728762831,-0.99855144639207083],[100.38628949546393,-0.99860107727783998],[100.38630371644342,-0.99863511391930615],[100.38630385763696,-0.99863545476239324],[100.38631215028556,-0.9986728791499786],[100.38630908359738,-0.99869577858726188],[100.38629919824945,-0.9987133261590202],[100.38629725931111,-0.99871350692274063],[100.38628379016484,-0.99871476417496297],[100.38626125675165,-0.99871686589062847],[100.38623471595946,-0.99871934262353079],[100.38623503162148,-0.99872786369991218],[100.38623678889672,-0.99877519142188476],[100.38623957229851,-0.99880572610334184],[100.3862451301087,-0.99886671542651584],[100.38623567373742,-0.99890997461557163],[100.38622625963421,-0.99894733515134249],[100.38623983400117,-0.99901203597664789],[100.38626055887772,-0.99910047620596742],[100.38627938978209,-0.9991413701780516],[100.38630307882408,-0.99919281409705718],[100.38632576512202,-0.99924247466043425],[100.38635074199323,-0.99928144857994994],[100.38638104734753,-0.99930668805313871],[100.38642575084776,-0.99934110870515269],[100.38644694606978,-0.99937244288389593],[100.38648557375029,-0.99941220011288578],[100.3865209449857,-0.9994524510697147],[100.38653978578253,-0.9994814146355111],[100.38656376260764,-0.99951127032881004],[100.38658887617578,-0.99953078741583568],[100.38660258094444,-0.99955719960502165],[100.38660829883401,-0.99958591495794735],[100.38661059660183,-0.99962267114932501],[100.38660832671297,-0.99965253673514098],[100.38659122430562,-0.99968815258614541],[100.38656955783887,-0.99972606890293036],[100.38654446225718,-0.99974790354286824],[100.38652791113424,-0.99975673308671276],[100.3865056717994,-0.99976859694317],[100.38648856129811,-0.99978468491525518],[100.38648058431158,-0.99981225722984846],[100.38648630220115,-0.99983982234988389],[100.38649202099003,-0.99987083367199148],[100.38650686879703,-0.99990298983107095],[100.38650917016213,-0.99994663932591266],[100.38650690836721,-0.99999488435639705],[100.38650806399602,-1.0000304921134671],[100.38650922142347,-1.0000695460726661],[100.38650810986144,-1.0001407642848221],[100.38651156595608,-1.0002177237689125],[100.38651503733917,-1.0003314412429631],[100.38651963827073,-1.0004175891004365],[100.38653107315059,-1.0004738686740779],[100.38654593894398,-1.0005466112370982],[100.38656497579308,-1.0005896779712202],[100.3865802049126,-1.0006222181407907],[100.3866001860498,-1.0006480538645519],[100.38662491830542,-1.0006652740830759],[100.38665249961321,-1.0006748338764169],[100.38671336572929,-1.0006834233013251],[100.3867542606007,-1.000692020820054],[100.38682273677995,-1.0007092221528069],[100.38685127136915,-1.0007206957034782],[100.38688127724919,-1.000732762806706],[100.38688632334521,-1.0007347907779263],[100.38691309436388,-1.0007455583607907],[100.38695494341596,-1.0007627695861174],[100.38700440432984,-1.0007885936186653],[100.38706718240462,-1.0008220699825188],[100.38710618420311,-1.0008526847036023],[100.38713187423667,-1.0008861772552109],[100.38714709975892,-1.0009110578989748],[100.38715307845189,-1.0009198442753586],[100.38717184100773,-1.0009474219858703],[100.38715771085975,-1.0009570312419669],[100.38713381317501,-1.0009732828906408],[100.38714664020534,-1.0010171131492029],[100.38716714474799,-1.0010871793298293],[100.38712721934576,-1.0011235703964303],[100.38709869734708,-1.0011379406633978],[100.38706350687539,-1.0011293413459725],[100.38705495792004,-1.0011215253380783],[100.38704257785275,-1.0011102046721589],[100.38702545296235,-1.0010929817556757],[100.38701023733267,-1.0010901174149467],[100.38698551676822,-1.0011025721259443],[100.38695699836683,-1.0011265138774661],[100.38694179262967,-1.0011514089103457],[100.38692278635756,-1.0011791763778319],[100.38689618261282,-1.0012375783514926],[100.38688764714726,-1.0012911860393388],[100.38686674330563,-1.0013313992246253],[100.38685343963459,-1.0013572493375591],[100.38684204522428,-1.0013965011475534],[100.38684111082864,-1.0014357466623096],[100.38686396529982,-1.001509444305384],[100.38688372340516,-1.0015478966180922],[100.3868934693582,-1.0015668651186616],[100.38689392171716,-1.0015677563468444],[100.38689617361956,-1.0015721828099231],[100.38689772225212,-1.0015752279143726],[100.38690489704345,-1.0015712349244836],[100.387040433869,-1.0014958033885932],[100.38708648005706,-1.0014854180175803],[100.3870963743982,-1.0014860979050582],[100.38721106044216,-1.0014939795634632],[100.38725863008176,-1.0015456501116091],[100.38731666603138,-1.0016107169609541],[100.38733949801946,-1.0016317655934586],[100.38736328238963,-1.0016547288825564],[100.38738326082887,-1.0016757793137003],[100.38740323836879,-1.0016930013309207],[100.3874194126758,-1.0017140526613275],[100.38743178195125,-1.0017293627198569],[100.38743324694684,-1.0017319815456744],[100.38744034709441,-1.0017446745770258],[100.38744664234872,-1.0017546228775132],[100.38746033092957,-1.0017762551700002],[100.38747080083687,-1.0017992238550733],[100.38747556814303,-1.001827939207999],[100.38748319079667,-1.0018643095901894],[100.38748224920647,-1.0018853690145306],[100.38748036332817,-1.0019227016712762],[100.38748068798344,-1.0019368587989561],[100.3874813309987,-1.0019648187213761],[100.38748515221806,-1.0020050211147691],[100.38748421512452,-1.002036609801678],[100.38748327173568,-1.0020576692260192],[100.38748709025708,-1.0020911698715622],[100.38748995189979,-1.0021122283965838],[100.38749662486941,-1.002150514334744],[100.38749188724086,-1.0021907203254159],[100.38748715590759,-1.0022462408712727],[100.38748433113705,-1.0023122897803205],[100.38747292323688,-1.0023218666607931],[100.38747783803188,-1.0023727628926622],[100.38747865371698,-1.0023812129226144],[100.3874853248879,-1.0024147126687808],[100.3874631862771,-1.0024111567494174],[100.38743128372681,-1.0024060333117291],[100.38741399785778,-1.0024032562052412],[100.38741228105198,-1.0024267204167927],[100.3874121065835,-1.0024291018215195],[100.38743035023055,-1.00243322611243],[100.38745014880539,-1.0024377011389447],[100.38744355227817,-1.002579373139497],[100.38745212641459,-1.0026167012997007],[100.38746355320046,-1.0026530707825714],[100.38746793379818,-1.0026610010043555],[100.38747782813931,-1.0026789101035547],[100.38748829984524,-1.0027047503239146],[100.38749496472093,-1.0027248492723402],[100.38750162599928,-1.0027363327155285],[100.38751589464289,-1.0027468556828012],[100.38753491710281,-1.0027516337808038],[100.38755774459429,-1.002763110928754],[100.38756250740386,-1.002781297019169],[100.38755395664987,-1.0028014022628327],[100.38752733222066,-1.0028071570246198],[100.38748453798109,-1.0028052603544211],[100.38744840412062,-1.0028110187134871],[100.38741607439238,-1.0028167761732334],[100.38739991357522,-1.002832098822239],[100.38739849894165,-1.0028375217341932],[100.38739516695347,-1.0028502876106131],[100.38739042213035,-1.0028742212682573],[100.38739043831811,-1.0029125099043767],[100.38738759376253,-1.002932613349401],[100.3873809450746,-1.0029527167944252],[100.38737049405313,-1.0029747375940019],[100.38735814276413,-1.0030034601415423],[100.38734483729445,-1.0030206947492388],[100.38734009067269,-1.0030417559722196],[100.38733439706482,-1.0030695180437874],[100.38732965763762,-1.0031058947212159],[100.38732112217212,-1.0031604601870185],[100.38731258220997,-1.003205453269004],[100.38730595420645,-1.0032734186333414],[100.38730406293223,-1.0032992651489394],[100.38730445593598,-1.0033277898455708],[100.38730751722818,-1.0033706722186935],[100.38730676719359,-1.0033967093905858],[100.3873067833814,-1.0034349980267052],[100.38730757208685,-1.003500855380139],[100.38731214873673,-1.0035307182679958],[100.38731596186221,-1.003553689651028],[100.38732282099147,-1.0035827872158052],[100.38732967832203,-1.0036057568001979],[100.38733881903136,-1.0036325547985143],[100.38734034877814,-1.0036524648892851],[100.3873441699975,-1.0036930503939061],[100.3873380950771,-1.0037213862329395],[100.38733126202817,-1.003753552284536],[100.38731302737438,-1.0038094613375392],[100.38730891207672,-1.0038322978222141],[100.38730847320755,-1.0038347340856717],[100.38731000745094,-1.0038638325497686],[100.38731156957334,-1.0039618523575768],[100.3873182488382,-1.0039627831558846],[100.38733895932558,-1.003965669080344],[100.38735341502814,-1.0039679605528704],[100.3873640719944,-1.00398250618764],[100.38737092842564,-1.0040039451259304],[100.38737017659241,-1.0040284498530241],[100.38734662334804,-1.0040989117353547],[100.38732181824736,-1.0040971580573341],[100.38729980644098,-1.0040956022302225],[100.38730512323292,-1.004162013566031],[100.38730523115157,-1.004163096349771],[100.38730523115157,-1.0041634533806132],[100.3873085604418,-1.0042647467206507],[100.38735620922176,-1.0042791772422106],[100.38739311110328,-1.0042903531172556],[100.38738020043598,-1.0043416657352395],[100.38735421992135,-1.0044027566818272],[100.38733915897507,-1.0044381719840203],[100.38729860224873,-1.0045369022561772],[100.38728063919018,-1.0045806317907022],[100.38723273770074,-1.0046457427068276],[100.38719137787984,-1.004621872001735],[100.38715126541865,-1.0045987198549824],[100.3871101124418,-1.0046396587931667],[100.3871032757956,-1.004646154596287],[100.3870890233398,-1.0046600032565038],[100.38708222536445,-1.0046665943877997],[100.38705099280912,-1.0046963763366534],[100.38704951792096,-1.0046977334135931],[100.38704823278977,-1.0046989699814048],[100.38704349785922,-1.0047034665916499],[100.38704226039204,-1.0047046806764115],[100.38704003277138,-1.0047067464191741],[100.38701817025242,-1.0047289362913148],[100.38699637428329,-1.0047502556197401],[100.38696572628731,-1.0047801418899667],[100.3869434320938,-1.0048015097818279],[100.38694238528291,-1.0048023191716311],[100.38690366856952,-1.0048399980673821],[100.38688214689364,-1.0048610916659868],[100.38686562185103,-1.004876795627581],[100.38685841558345,-1.0048808866435479],[100.38685525176851,-1.0048826241337565],[100.38683802435543,-1.004892497790479],[100.38683181363734,-1.0048959008250904],[100.38682883957932,-1.0048973757132558],[100.38682510379556,-1.0048994702343066],[100.3868217727067,-1.0049013983808095],[100.38681022091504,-1.0049081289069477],[100.38680631875667,-1.0049180268454165],[100.38680193995765,-1.004929734219786],[100.38679139900393,-1.0049595251618939],[100.38677236395347,-1.0049774900190869],[100.38675975276044,-1.0049891497294539],[100.38674567027653,-1.0050019470821212],[100.38673677058557,-1.0050100328866733],[100.3867362058113,-1.0050096173998782],[100.3867351652957,-1.0050089330158016],[100.38673162196682,-1.0050067323747385],[100.38673155271903,-1.0050066901065975],[100.38672892400069,-1.0050051037025014],[100.38672843926611,-1.0050047763493239],[100.38672392736743,-1.0050016637957242],[100.38669926166165,-1.0050175404271044],[100.38668717926998,-1.0050253168648169],[100.38668594180285,-1.0050261406438494],[100.38667254460233,-1.0050350727103705],[100.38666029133941,-1.0050425676603254],[100.3866426826138,-1.0050544656909892],[100.38660116091489,-1.0050801638184339],[100.38659747279519,-1.0050824238147698],[100.38659604557108,-1.0050881354090961],[100.38659533240872,-1.0050914655986389],[100.38659473705752,-1.0050933703627152],[100.3865917629995,-1.0051061002662891],[100.38654393525445,-1.0051433393935554],[100.38653703475643,-1.0051483360268207],[100.38651954564057,-1.0051463125522559],[100.38651776138562,-1.0051463125522559],[100.38649510926194,-1.0051605209412173],[100.38649296617751,-1.0051618987026245],[100.38649293290257,-1.0051619211856746],[100.38648800191982,-1.0051652873480634],[100.3864873157371,-1.0051657055328178],[100.3864865360249,-1.0051662199450675],[100.38648569785676,-1.0051667532430315],[100.3864811490858,-1.0051698370183431],[100.38648059690206,-1.0051701221033795],[100.38646146562422,-1.0051827054174964],[100.38645699329567,-1.005185597637194],[100.38645617401329,-1.0051861498209291],[100.38645523781901,-1.005186664233122],[100.38644832922705,-1.0051914063582785],[100.38644687412398,-1.0051922508216649],[100.38644400528665,-1.0051940926332463],[100.38644253399582,-1.0051951502359202],[100.38644097816865,-1.0051961349935823],[100.38642196380266,-1.0052088244276547],[100.38641977485281,-1.0052103469798794],[100.38640330916547,-1.0052208159877978],[100.38639245884497,-1.0052281445631479],[100.38638446387199,-1.0052331888605295],[100.38637808677936,-1.00523613953618],[100.38635724319226,-1.005248014184474],[100.38635557674854,-1.0052493217987148],[100.38633023565194,-1.0052637181460113],[100.38632857010748,-1.0052646696287297],[100.38632428663658,-1.0052672866559078],[100.38629725661315,-1.005282496889663],[100.3863003017176,-1.0052862092910573],[100.38631134809032,-1.0053030679821404],[100.38632481004203,-1.0053215859223883],[100.38631334188727,-1.0053319892798527],[100.38627270062472,-1.0053690143684548],[100.38626851338125,-1.0053722501291986],[100.38625299917663,-1.0053851940713798],[100.38622139969789,-1.0054108921988814],[100.38621863877921,-1.0054145092721569],[100.38620236374817,-1.0054329741523702],[100.38619551091415,-1.0054409691254023],[100.38617866391428,-1.0054610509866393],[100.38616372077917,-1.0054788503686041],[100.38614183038123,-1.005513053384675],[100.3861259042871,-1.005542037634882],[100.3861189147562,-1.0055547567465624],[100.38610157582713,-1.0055863939968503],[100.38609938058198,-1.0055903986778958],[100.38609538309549,-1.0055974421681526],[100.38608316220825,-1.0056203568939281],[100.38607840299596,-1.0056289822916256],[100.38607482459355,-1.0056358935815979],[100.38607377778266,-1.0056377030175554],[100.38606844840024,-1.0056475056278487],[100.38605635971328,-1.0056737748247997],[100.38604846006842,-1.005690431168432],[100.38604493922264,-1.0056972840023946],[100.38603970426902,-1.0057099428595393],[100.38603180372485,-1.0057258383766907],[100.38602952034614,-1.005730692017778],[100.3860234283386,-1.0057402095429779],[100.38600972267062,-1.0057611493575109],[100.38600115662814,-1.0057734269020671],[100.38599725357045,-1.005779422682167],[100.3859789802458,-1.005813307338201],[100.38596203791775,-1.0058445246050951],[100.38596136792285,-1.0058453789609985],[100.38594661904131,-1.0058705087169528],[100.38593633979031,-1.0058877361300915],[100.38591616170157,-1.0059185738830365],[100.38590616933431,-1.0059338030025629],[100.38590131389458,-1.0059413222342073],[100.38588932233444,-1.0059531240373758],[100.38587076212605,-1.0059720637597138],[100.38584896615691,-1.0059975721301839],[100.38583973371681,-1.0060073756398538],[100.38583887666289,-1.0060085177788096],[100.38582993110651,-1.0060179399758908],[100.38582659911833,-1.0060235562420985],[100.38581879480159,-1.0060369759256673],[100.3858142262456,-1.0060567727018679],[100.38581298877847,-1.0060688613887692],[100.38581032408723,-1.0061024591611272],[100.38581022875911,-1.0061084549411703],[100.38581060917232,-1.0061185435359334],[100.38581108491371,-1.0061485251342788],[100.38581118024183,-1.0061504289990353],[100.38581251303708,-1.0061672750996422],[100.38581260836526,-1.006168797651867],[100.38581308410659,-1.0061727007094987],[100.38580380490174,-1.0061902581738309],[100.38580241994578,-1.0061931378029954],[100.38580184887627,-1.00619413694983],[100.38580173016578,-1.0061943986525534],[100.38579904119285,-1.0061997999807204],[100.38579885143588,-1.0062001327298731],[100.38579604734974,-1.0062116287635945],[100.38579471545381,-1.0062161019914697],[100.38579119280934,-1.0062290459336509],[100.38579043198291,-1.0062578853930404],[100.38579090682492,-1.0062605500842778],[100.38579214519143,-1.0062675935745347],[100.38579557070909,-1.0062857733697115],[100.3858016950922,-1.0063039630574053],[100.38581051384421,-1.006326698818043],[100.385813370091,-1.0063369780690437],[100.38581774799076,-1.0063547765516319],[100.3858237437708,-1.0063762865363515],[100.38582431484031,-1.0063781913004277],[100.38583126300244,-1.0064022706482092],[100.38583221538448,-1.006404079184847],[100.38583868690591,-1.0064177848528288],[100.38584658745009,-1.0064345356252602],[100.38584059077073,-1.006468420281351],[100.38583681002081,-1.0064947911016588],[100.38583668411576,-1.0064955087606791],[100.38583288268143,-1.0065030010126179],[100.38582990862346,-1.0065086640435652],[100.38582781410241,-1.0065126003761407],[100.3858247303271,-1.006518698678974],[100.38582281567045,-1.0065225729583176],[100.38582157910264,-1.0065250119197344],[100.38582093608738,-1.0065262727692357],[100.38582056736533,-1.0065271181319417],[100.38581999629588,-1.0065279032401122],[100.38580011318476,-1.006553857674362],[100.38579576226465,-1.0065596061408542],[100.38579569571482,-1.0065596762879636],[100.38578646777131,-1.0065674680141683],[100.38578620157199,-1.0065676955426852],[100.38578498299063,-1.0065686856962657],[100.38577489439592,-1.0065769855394251],[100.38577134117452,-1.0065931418599803],[100.3857692637406,-1.0066024219641463],[100.38576916391582,-1.0066027789949885],[100.3857683131572,-1.0066064266452486],[100.38576184523305,-1.0066366852348096],[100.38576232097438,-1.0066479870149578],[100.38576357013272,-1.0066719008874543],[100.38576458097072,-1.0067103882737456],[100.38576523477781,-1.0067146123894304],[100.38577011270058,-1.0067413213548662],[100.38577130340298,-1.0067478045674534],[100.38577107587452,-1.0067482722149634],[100.38576820703719,-1.0067540008963647],[100.3857680568504,-1.0067543075651884],[100.38576749837142,-1.0067554937709815],[100.38576499735683,-1.0067607736907007],[100.38576071388587,-1.0067692803779664],[100.38573632517131,-1.0067916474165486],[100.38572463578339,-1.0068066849804609],[100.38572061671317,-1.0068197593244008],[100.3857194269101,-1.0068236461942774],[100.3857188360555,-1.0068255536563129],[100.38571457506765,-1.0068376819134528],[100.38570943993875,-1.0068522716150028],[100.38571413709781,-1.0068798664126462],[100.38572062031045,-1.0068997881946302],[100.38572871061155,-1.0069031246794111],[100.38573983522525,-1.0069074666062647],[100.38575030423323,-1.0069228153355994],[100.38575268383937,-1.0069482157874745],[100.38575333764646,-1.0069539255831614],[100.38574756759624,-1.0069758168804128],[100.38573745471984,-1.0069963996640467],[100.38573257679707,-1.007006810216069],[100.38572121476233,-1.0070305451234844],[100.38570866382383,-1.0070448812162454],[100.38570844079197,-1.0070450439935144],[100.38570598744144,-1.0070468435369548],[100.38569177635446,-1.007056486967258],[100.38568759001032,-1.0070594277503346],[100.38568350079299,-1.0070849747917237],[100.3856803639577,-1.0071069758062663],[100.38568005099364,-1.0071402381314556],[100.38568016970413,-1.0071656979385466],[100.38568005099364,-1.0071814621547333],[100.38568182715466,-1.007198367610556],[100.38568385782384,-1.007217714725698],[100.38569611198602,-1.0072376176219109],[100.38570122822915,-1.0072512396529305],[100.3857041429319,-1.0072776518421165],[100.38570497570413,-1.0072838976337266],[100.38570164371595,-1.0073207797301507],[100.38570033610171,-1.0073383282012287],[100.38569236361172,-1.0073699753440337],[100.38568512496857,-1.007401680043472],[100.38567570816747,-1.0074240479813739],[100.38567546984711,-1.0074248222976507],[100.38567457771967,-1.0074267252630875],[100.38567267385486,-1.0074447503748729],[100.38567558945692,-1.007453493583796],[100.38567927487867,-1.0074668674019449],[100.38568879510188,-1.0074926356765559],[100.38569069896664,-1.0075120286571746],[100.3856926388043,-1.0075327688221591],[100.38569071695309,-1.007553348008571],[100.3856898068392,-1.0075641992283408],[100.38569438708635,-1.0075860896262725],[100.38570324990513,-1.0076014365570245],[100.38570432099766,-1.0076237451396537],[100.385702886579,-1.0076485556363082],[100.38570231640881,-1.0076641049144541],[100.38570329217328,-1.0076697211806618],[100.38570441003054,-1.0076770263736421],[100.38570700007807,-1.0076927779992388],[100.38570038286645,-1.0077121907649484],[100.38569599057757,-1.007719621863032],[100.38569105329952,-1.0077282175831215],[100.38569092559578,-1.0077335685493267],[100.38569095527345,-1.0077397666768206],[100.3856910631921,-1.007748225700027],[100.38568378587809,-1.0077728734192988],[100.38568306821907,-1.0077753033875183],[100.38568304213874,-1.0077753951183581],[100.38568289824724,-1.007775879852943],[100.38568221116515,-1.0077782072983723],[100.38567671360948,-1.007793377062626],[100.38567307405316,-1.0077996228542361],[100.38566912962671,-1.0078059990475481],[100.38566814936564,-1.0078075449821426],[100.3856694282016,-1.0078164087002506],[100.38567192561891,-1.0078343735574435],[100.38568242520381,-1.0078515056424067],[100.38568049166145,-1.0078678049551968],[100.385690962468,-1.0078905892792136],[100.38570354308411,-1.0079134608375284],[100.38571481608597,-1.0079431753372319],[100.38573658777335,-1.0079984971329168],[100.38576166087199,-1.0080270209302284],[100.38577891346614,-1.0080579836889569],[100.38580514579093,-1.0080924861792369],[100.38582221402402,-1.0081122685663217],[100.38583480543201,-1.0081421998026485],[100.38583153459768,-1.0081540070017923],[100.38582803983223,-1.0081674941345113],[100.38582796338989,-1.0081805495926233],[100.38582804073155,-1.008193647318933],[100.3858320004465,-1.0081969208511623],[100.38585307246137,-1.0082130645812413],[100.38588611715062,-1.0082280266021257],[100.38589104273751,-1.0082378543934283],[100.38589654299113,-1.0082490851271473],[100.38588632399473,-1.0082663368219187],[100.38588876295609,-1.0082848340777559],[100.38588965238563,-1.0082914710744717],[100.38589075225644,-1.0082993833098612],[100.38589873014234,-1.0083086652126667],[100.38589956291457,-1.0083097057282657],[100.38590444083735,-1.0083152977127838],[100.38591381896765,-1.0083333659919731],[100.38592004227621,-1.0083453701426492],[100.38592005666533,-1.0083453971223548],[100.38592007645042,-1.0083454321958811],[100.38592009533619,-1.0083454663701445],[100.38592010882604,-1.0083454933497933],[100.3859340429218,-1.0083673783518066],[100.38593554209166,-1.0083740450261303],[100.38593595577981,-1.0083754155929228],[100.38593692524898,-1.0083802107780571],[100.38593991459544,-1.0083925251948358],[100.38593818160189,-1.0084062713323192],[100.38593763481407,-1.0084109109347423],[100.38594368635211,-1.0084246246966018],[100.38594867309286,-1.0084357493103084],[100.38594915872676,-1.0084368338927447],[100.38594947259014,-1.0084374337405393],[100.38594993034508,-1.008438504833066],[100.38596347683307,-1.0084533589352986],[100.38598402814046,-1.008476323123773],[100.38598631511638,-1.0084781892169872],[100.38603928428557,-1.008521408835918],[100.38604453003109,-1.0085256896088595],[100.38608334477061,-1.0085624314110078],[100.38611530667612,-1.0085853911028835],[100.38615069499866,-1.0086140920666367],[100.38620150489561,-1.0086562271031312],[100.38621576364665,-1.0086680522887264],[100.38628311567334,-1.0087243075806782],[100.38632877785085,-1.0087610457856044],[100.38636207524962,-1.0087847222370669],[100.3864076681794,-1.0088171400988699],[100.38642331458436,-1.0088288330841237],[100.38642761334376,-1.0088320310733252],[100.38644767182268,-1.0088470515501626],[100.38644897134299,-1.0088477233437061],[100.38646916022361,-1.0088570672997434],[100.38649917689554,-1.0088882620835875],[100.38651845026635,-1.0089031449641084],[100.38656286328558,-1.0089354576052187],[100.38659027192358,-1.0089492307223509],[100.38659399781483,-1.0089512730827437],[100.38660135876574,-1.008955424353303],[100.38662113575685,-1.0089664770212607],[100.38665865817057,-1.0089711211202825],[100.38665885692075,-1.0089711597911446],[100.38665889109501,-1.0089711669857024],[100.38665892526927,-1.0089711750796369],[100.38671454294189,-1.0089837170248757],[100.38671458071337,-1.0089837251187532],[100.386714613089,-1.0089837314140482],[100.38676479525913,-1.0089917479707537],[100.38680651930548,-1.0089966735575899],[100.38684239685921,-1.009000906666472],[100.38688120440412,-1.0090065193353439],[100.38691885901818,-1.0090020128325818],[100.38695309171186,-1.0089974038070864],[100.38699189116289,-1.0089973867199546],[100.38702383867928,-1.0089858861896346],[100.38707063759989,-1.0089800369990485],[100.38711056300212,-1.008984710775735],[100.38715735472817,-1.0089858286330582],[100.38719158922055,-1.0089858142438857],[100.3872269649525,-1.0089857989553934],[100.38722901091018,-1.0089861011276184],[100.38725891606617,-1.0089903890951177],[100.38725911571566,-1.0089904250680206],[100.38725915078925,-1.0089904313632587],[100.38725918586277,-1.0089904376584968],[100.38729311458565,-1.008997255418933],[100.38729315325645,-1.0089972626135477],[100.38733081596445,-1.0089983903633879],[100.38738968018964,-1.0089953002928382],[100.38739700157043,-1.0089949162822904],[100.38745975806142,-1.0089776591915438],[100.3875293610912,-1.008960399402838],[100.38758070158815,-1.0089339566367244],[100.38761720507,-1.008900629560344],[100.38765028843011,-1.008875345121055],[100.38769249900969,-1.0088466108823582],[100.38772900608882,-1.0088236224121943],[100.38776780104325,-1.0088121182845953],[100.38780658790375,-1.0087833849452181],[100.38783738968385,-1.008762696041515],[100.38788758984043,-1.0087362550740409],[100.38794121191745,-1.0087075145401059],[100.38802493520268,-1.0086562271031312],[100.38808382011229,-1.0086201552958869],[100.38812607385927,-1.0085887185944671],[100.38815161010876,-1.0085697204162329],[100.38815797191296,-1.0085649872842737],[100.38817964287625,-1.0085397073415834],[100.38820815857969,-1.0085086807309835],[100.38824692385651,-1.008457005686239],[100.38824694094365,-1.0084569769078939],[100.38827429292434,-1.0084167898029364],[100.38827431091079,-1.0084167619239679],[100.38831649720862,-1.0083696761196279],[100.38831651519507,-1.0083696482406026],[100.38833930401574,-1.0083340593693038],[100.3883393220022,-1.0083340296916958],[100.38838608135262,-1.0082765729054586],[100.38846818765677,-1.0081708926725241],[100.3884682047439,-1.0081708629948594],[100.38847879246237,-1.0081530833980423],[100.3884788050529,-1.0081530519217381],[100.38853403691633,-1.0081455533745611],[100.38861459458792,-1.0081346149204933],[100.38866080894923,-1.0081190899240369],[100.38867658665521,-1.0080920706924417],[100.38868591532281,-1.0080597103872719],[100.38870495037321,-1.0079434019663722],[100.38871053426379,-1.0079102961232138],[100.38871941776699,-1.0078731604179438],[100.38872703232676,-1.0078482231169801],[100.38872665101417,-1.0078358502442484],[100.38872523907855,-1.0078169725751991],[100.38871001085835,-1.0078007928722741],[100.38869609115176,-1.0077873489069589],[100.3886895467852,-1.0077690270189237],[100.38868657272718,-1.0077562971153498],[100.38867919738709,-1.0077366658144342],[100.38867360540263,-1.0077152511578902],[100.38867146411684,-1.0076996659067845],[100.38867182114768,-1.0076836040150852],[100.3886849080821,-1.0076626650998719],[100.38873248041972,-1.0076038791156634],[100.38876043134889,-1.0075860626466238],[100.38878153933661,-1.0075785883810795],[100.38879408667782,-1.0075665212779086],[100.38880378226878,-1.0075556053068908],[100.38881405162726,-1.0075561745777577],[100.38881410468724,-1.0075562276377354],[100.38881413346553,-1.0075562438255474],[100.38884179841034,-1.0075861157066015],[100.38884375983173,-1.0075882336100221],[100.38889225667236,-1.0076405678578908],[100.38889234660456,-1.0076404788250102],[100.38899196091035,-1.0075573535889362],[100.38899205713778,-1.0075572735493097],[100.3889920733256,-1.0075572465696041],[100.38898463503295,-1.0075371170442509],[100.38897975711018,-1.0075239131979856],[100.38896940321547,-1.0074969955898041],[100.38896243077164,-1.0074831945937035],[100.3889572443814,-1.0074721059528997],[100.38895034028604,-1.0074582096286235],[100.38894754339447,-1.007443072239937],[100.38894753080399,-1.0074424876806347],[100.38894752360937,-1.0074424292246817],[100.3889475200121,-1.0074423986477541],[100.38900799222512,-1.00742227182036],[100.38903880030045,-1.0074136428253269],[100.38907645491452,-1.0074067351326903],[100.38910726568781,-1.0074049985418014],[100.38913807736043,-1.0074044121838028],[100.38913834266043,-1.007404473337715],[100.38916314236519,-1.0074095661984757],[100.38916318013673,-1.007409575191673],[100.38916321970686,-1.0074095868828863],[100.3891633069411,-1.0074096111645758],[100.38916341396043,-1.0074096417415035],[100.38919926993043,-1.0074225685966098],[100.38922684314434,-1.0074415856606151],[100.38923917374893,-1.0074515996116133],[100.38924536827921,-1.0074566304190853],[100.38925210959724,-1.0074614588791633],[100.38926429541095,-1.0074701850010115],[100.38928511921296,-1.0074771016868453],[100.38930989463597,-1.0074816225787799],[100.38932727133658,-1.007484512999838],[100.38934101207809,-1.0074906517721161],[100.38934632976935,-1.0075049276102845],[100.38934693681176,-1.0075198482623478],[100.38934897107822,-1.0075359803012134],[100.38934997112432,-1.0075428331351759],[100.38935069777654,-1.0075441452460723],[100.3893571459156,-1.0075557806746929],[100.38936009838989,-1.0075611091577912],[100.38938007413117,-1.0075748849729393],[100.38939491384428,-1.007585216384598],[100.38939518633885,-1.0075855491337506],[100.389402103924,-1.0076017872926286],[100.38940503481456,-1.0076198303908086],[100.38941113671467,-1.0076380092866657],[100.38941124373395,-1.0076382350164863],[100.38942118663851,-1.0076483820671456],[100.3894365983204,-1.0076615850140911],[100.38945086696401,-1.0076707679914989],[100.38945522327998,-1.0076729083779696],[100.38946114081904,-1.0076758167854791],[100.38947083910801,-1.0076759292007296],[100.38949137782487,-1.0076724740054033],[100.38950963136443,-1.0076592557699655],[100.38952845237623,-1.0076391460297032],[100.38953028609387,-1.0076385911480088],[100.38954556737411,-1.0076339695320371],[100.38956154472959,-1.0076374085395514],[100.3895769528142,-1.0076442946484576],[100.38960719971254,-1.0076586397344158],[100.38964714759783,-1.0076758527583252],[100.38968024714575,-1.0076884738439276],[100.38971391686385,-1.0077022442631005],[100.38973674705329,-1.0077188889155195],[100.38975786583291,-1.0077372593669907],[100.38982235801546,-1.0077768601139496],[100.38985831740746,-1.0078061357445449],[100.38987315622126,-1.0078164680555233],[100.38988172406238,-1.0078382892056084],[100.38988287429527,-1.0078572406191029],[100.38988744375058,-1.0078721720630597],[100.38990000008499,-1.0078790581719659],[100.38990271423893,-1.0078809341577539],[100.38991826441645,-1.0078916855528064],[100.38993024788272,-1.0078951272582799],[100.38994736377987,-1.0078922476290586],[100.38999697488055,-1.0078238811671554],[100.3900022673908,-1.0078164977331312],[100.39001180110381,-1.0078031976593707],[100.39002548968466,-1.0077917061223047],[100.39004203361304,-1.0077842318567605],[100.39005233804505,-1.0077796893810955],[100.39006028895125,-1.0077761838237507],[100.39007969092506,-1.0077824925679124],[100.39009395776998,-1.0077888049093531],[100.39010651590303,-1.0078002856546391],[100.39012021707441,-1.0078175103697617],[100.39013220323864,-1.0078249711454532],[100.39014532974323,-1.0078347287896463],[100.39015503342813,-1.007841616697192],[100.39017501096805,-1.0078594133811976],[100.39018871303875,-1.0078800833990726],[100.39020127297044,-1.0078973081142522],[100.39021040828379,-1.0079099390923716],[100.39021840235745,-1.0079231447372763],[100.39023152976137,-1.0079352010486673],[100.39023724135569,-1.0079472591586409],[100.39023781961976,-1.0079685092392765],[100.39024239087371,-1.0079834397838567],[100.39025323669756,-1.0079931992266893],[100.39027092816087,-1.0080006582037413],[100.3902926117147,-1.0080069660485833],[100.39031201728585,-1.0080178703283877],[100.39032685699891,-1.008030498608548],[100.39033656338177,-1.0080460020213309],[100.39034399178183,-1.0080729915752613],[100.3903514129874,-1.0080816043824825],[100.39036511146077,-1.0080907882592101],[100.39038223275389,-1.0081005441047637],[100.39039707066831,-1.008108577748601],[100.39040791739154,-1.0081200602925264],[100.39041590966656,-1.0081315437357148],[100.3904227633999,-1.00814589871419],[100.3904564466078,-1.0081924053552029],[100.39047528830395,-1.0082205397460484],[100.39049698714632,-1.0082607340455638],[100.39052210790902,-1.0082969056775823],[100.39054265382049,-1.0083101068259452],[100.39055178913384,-1.0083221640365991],[100.39056549120454,-1.0083416847209037],[100.39057576865684,-1.0083606343357587],[100.39058433559865,-1.008379583051294],[100.39060031924942,-1.0083968059677773],[100.39060489140269,-1.0084123111791428],[100.39060661180577,-1.0084347096940292],[100.3905997724616,-1.0084507940688354],[100.3905866549502,-1.0084657318080303],[100.39057524974805,-1.0084823926482613],[100.39057039071105,-1.0084893039381768],[100.39056555595567,-1.0084961810538857],[100.39056499208078,-1.0085116880638907],[100.3905735599219,-1.0085323607797818],[100.39059468319812,-1.0085610680388299],[100.39060895184173,-1.0085702510162378],[100.39061751518625,-1.0085817335601064],[100.39063349074308,-1.0085817272648683],[100.39064204689299,-1.0085748321627079],[100.39064502814557,-1.0085737502782877],[100.39065630924136,-1.0085696565643616],[100.3906774181284,-1.0085621813994976],[100.3906933918866,-1.0085581542354021],[100.39070537715151,-1.008565041243628],[100.39071165801664,-1.0085759509193508],[100.39072650132704,-1.0085948969368701],[100.39073563574107,-1.0086081025818316],[100.39074876584294,-1.0086236041959182],[100.39076760484113,-1.0086477177179631],[100.39078244815153,-1.0086666646348021],[100.39079500898254,-1.0086844640167669],[100.39080699784472,-1.0087005402976388],[100.39082126918629,-1.0087177641134986],[100.39083496945835,-1.0087315417272293],[100.39084410567102,-1.0087504913420275],[100.39086523344383,-1.0087866647726855],[100.39088864999127,-1.0088417914154775],[100.39090007317992,-1.0088687800700882],[100.39091583469809,-1.0089013175416994],[100.39092268933069,-1.008917397419907],[100.39093467819288,-1.0089328990339936],[100.39094096265535,-1.00895414641667],[100.39094668324287,-1.0089886039408498],[100.39094897561478,-1.0090127246574525],[100.39094042486079,-1.0090311068000801],[100.39093243978033,-1.0090385765690257],[100.39092845038772,-1.0090471938728456],[100.39092674527313,-1.0090644239839435],[100.39093017438807,-1.009075910125091],[100.39093279321389,-1.009087309931374],[100.39093360440239,-1.0090908406697281],[100.39093532300683,-1.0091092192150199],[100.39093875212177,-1.0091230013254062],[100.3909484576053,-1.0091367807377765],[100.39096101663768,-1.0091517076851346],[100.39097316198189,-1.0091614788191237],[100.39097528707987,-1.0091631893296835],[100.39099411888355,-1.0091712211748813],[100.39101694277775,-1.0091740828175944],[100.39103862633158,-1.0091752231579676],[100.39106772299709,-1.0091706150317918],[100.39108198624473,-1.0091660149995505],[100.39109738983274,-1.009163710936491],[100.39111850321643,-1.0091659988117385],[100.39113847895771,-1.0091809230610806],[100.39115674508776,-1.0091969957447304],[100.39117615245755,-1.0092147915293594],[100.39118985632689,-1.0092377602144325],[100.39119841787277,-1.0092457965562289],[100.39121782074591,-1.009254403068212],[100.3912366507509,-1.0092572674089411],[100.39124749477611,-1.0092624313161309],[100.39126518803806,-1.0092744849295059],[100.39127717510161,-1.0092871150083056],[100.39129772461035,-1.009308356095687],[100.39131370736175,-1.0093209852752238],[100.39132626279684,-1.0093295935858464],[100.39134452532966,-1.0093382018964689],[100.39137876521789,-1.0093502483152861],[100.3913993084314,-1.009356557059391],[100.39142726925314,-1.009361713772023],[100.39145465900538,-1.0093662958178697],[100.39147805396908,-1.009369732127368],[100.39150258927316,-1.0093708697697821],[100.39152369995884,-1.0093685639080263],[100.39153967191839,-1.0093587927740373],[100.39155792635728,-1.0093490216399914],[100.39157195128456,-1.0093455223778847],[100.39158564795935,-1.0093518338200056],[100.39160162981142,-1.0093671519724126],[100.3916261156528,-1.0095216069365733],[100.39162626134294,-1.0095223200989381],[100.39162623526261,-1.0095223263941762],[100.39162547083885,-1.0095225035606177],[100.39161612328553,-1.0095245306325182],[100.39159444242961,-1.0095262627268085],[100.39157504405313,-1.009531441023114],[100.39156893585778,-1.0095366328093291],[100.3915567923122,-1.0095469561270534],[100.39155109240903,-1.0095590187336825],[100.3915471039158,-1.0095739528755985],[100.39154254615164,-1.0095900372503479],[100.39153970069668,-1.0096072682607655],[100.39153970789124,-1.0096250721393289],[100.39154427914525,-1.0096394289164436],[100.39154942416667,-1.0096618247333708],[100.39155057080228,-1.0096756086423966],[100.39154772624664,-1.0096957120874208],[100.39152890523485,-1.0097146733934323],[100.39151407271635,-1.0097204227592442],[100.39150323768433,-1.0097353595991194],[100.39148441217594,-1.0097422600971981],[100.3914650137994,-1.0097468628273987],[100.39144561632219,-1.0097491686891544],[100.39142450743515,-1.0097554963190305],[100.3914170934242,-1.0097635389561219],[100.39141481544146,-1.0097750268959089],[100.39141653404585,-1.009790533006651],[100.39141824995232,-1.0098020191477985],[100.39142168086596,-1.0098198221270422],[100.39142625122059,-1.0098307318027651],[100.39143938042315,-1.0098456587501232],[100.39145251412231,-1.0098692012026049],[100.39146221870647,-1.009882980615032],[100.39147249615883,-1.0098973346941875],[100.39148562895866,-1.0099208771467261],[100.39149647568189,-1.0099358049933471],[100.39150846634271,-1.0099541790420972],[100.39151817362489,-1.0099714037572198],[100.39152730983756,-1.0099880556042535],[100.391531310022,-1.0100012639471174],[100.39153131721656,-1.0100196433917858],[100.39153132261254,-1.0100328517346497],[100.39153075693895,-1.0100431912402428],[100.391523342928,-1.0100518085440626],[100.39149538120694,-1.0100426318619498],[100.39148396431358,-1.0100305755505588],[100.39147368776054,-1.010017369905654],[100.39145884624884,-1.0100001469891708],[100.39143538563462,-1.00998756637307],[100.39143316430915,-1.0099863738719819],[100.39141661318621,-1.0099766171271085],[100.39140576736236,-1.0099639870483088],[100.39139035388177,-1.0099479116667567],[100.39137665630773,-1.0099387277900291],[100.39135610859762,-1.0099243791067352],[100.39133100132472,-1.0099180721612697],[100.39131160204886,-1.009918081154467],[100.39129733880122,-1.0099215327525144],[100.39128136324439,-1.0099238368155738],[100.39126139469766,-1.0099284395457744],[100.39125112623856,-1.0099313155777168],[100.39123058482369,-1.0099318992376993],[100.39121746461439,-1.0099393708052844],[100.39121176291258,-1.009947989008424],[100.39120948403053,-1.0099554560794104],[100.39120492626637,-1.0099709648880548],[100.39120151513788,-1.0100014060400326],[100.3911980977141,-1.0100163401818918],[100.39119012072757,-1.010042189395449],[100.39118214014371,-1.01005769910347],[100.39117301562226,-1.0100714866097746],[100.39116902892761,-1.0100875700852612],[100.3911656106045,-1.0101007811260843],[100.39115306326335,-1.0101111251282759],[100.39114241798825,-1.010115494934098],[100.39113765967534,-1.0101174491609299],[100.39111883326763,-1.010123201224701],[100.3911131306665,-1.010131817629258],[100.39110058782194,-1.0101542215400627],[100.39109260723808,-1.0101714561477593],[100.39108922668652,-1.0101773206267808],[100.39108234417489,-1.0101892654222411],[100.39105896899628,-1.0102334976777456],[100.39105269802366,-1.0102461358504229],[100.39104985346802,-1.0102639424269455],[100.39104758267985,-1.0102932342452959],[100.39104359598525,-1.0103098905889283],[100.3910361819743,-1.0103173612571936],[100.39103063945248,-1.0103232742995942],[100.3910264872826,-1.0103277025613693],[100.39101451191027,-1.0103449380683855],[100.39100767166678,-1.0103610233425115],[100.39100311480195,-1.0103805521207505],[100.39100369486471,-1.0104023759688516],[100.39100410225757,-1.0104050289688757],[100.39100598363927,-1.0104173083120713],[100.39100713027489,-1.0104299428875265],[100.39100428392061,-1.0104460245643168],[100.39099972615651,-1.0104603858380869],[100.39098775078412,-1.0104787688800343],[100.39097749311685,-1.0105074914275178],[100.39097578800227,-1.0105218500033288],[100.39096951882829,-1.0105390819130662],[100.39097066726254,-1.0105557382566417],[100.3910054791196,-1.0105718037456768],[100.39101689421437,-1.0105798400875301],[100.39102603132636,-1.0105970657019725],[100.39102603492364,-1.010607404308189],[100.39102090788867,-1.0106275077532132],[100.39100665903015,-1.0106642711391487],[100.39098101576133,-1.0107412432137721],[100.39095535720401,-1.0107814572983784],[100.39094052828284,-1.0107940990683915],[100.39093083538978,-1.0108107590092459],[100.39092684689655,-1.0108251193836963],[100.39092058042053,-1.0108463721622911],[100.39091716389606,-1.010864177839494],[100.39090063795413,-1.0109135767001476],[100.39088866527976,-1.0109348330760213],[100.3908726933202,-1.0109446042100672],[100.39086356789937,-1.0109555201810849],[100.39085615568712,-1.0109687330205475],[100.39085216809315,-1.0109813702939618],[100.39084533324558,-1.0110106639109517],[100.3908413474503,-1.0110284695881546],[100.39083850289467,-1.0110508699016805],[100.39083451709934,-1.0110681018114178],[100.39082995843592,-1.0110824621858114],[100.390833960419,-1.0111002651650551],[100.39082712017552,-1.0111174979741122],[100.3908231352795,-1.0111376014191364],[100.39081515379638,-1.0111559826624443],[100.39080945119525,-1.011161729330297],[100.39079518794762,-1.0111657546957531],[100.39077920969282,-1.0111617419208301],[100.3907050219193,-1.0111301856095452],[100.3906639813577,-1.0112255434240183],[100.39065144211042,-1.0112577112743111],[100.39063832909568,-1.0112829867204027],[100.39063148795287,-1.0112973479941729],[100.39062179416055,-1.0113117110665826],[100.39061210216687,-1.0113289447749594],[100.39060126893349,-1.0113473278168499],[100.39059385672118,-1.0113599668889037],[100.3905807401091,-1.0113766277291347],[100.3905727550287,-1.0113835237306148],[100.39055849357965,-1.0113921446317136],[100.39055757627119,-1.0113930205714041],[100.39054765764837,-1.0114024877345855],[100.3905333997966,-1.0114180010398854],[100.39052827186231,-1.0114352329495659],[100.39052428426834,-1.0114484439904459],[100.39052086504597,-1.0114593581628242],[100.39055168121519,-1.0114708308141189],[100.39060475110841,-1.0114851669068798],[100.39062129773475,-1.0114863081465728],[100.39064868658767,-1.0114885942231808],[100.39067550616971,-1.0114937509358128],[100.39070574677288,-1.011492589911029],[100.39071512040653,-1.0114925863137501],[100.3907348461363,-1.0114925773205528],[100.39076109195088,-1.0114919909625542],[100.39078277460544,-1.0114925557368224],[100.39080331691957,-1.0114954191782317],[100.39082157675443,-1.0115000057206203],[100.39084497621474,-1.011512056636036],[100.39085696058032,-1.0115183689774767],[100.39087123012325,-1.0115298497227627],[100.39088436112445,-1.0115470735385657],[100.39088950344791,-1.011562578749988],[100.39089179132316,-1.0115775110932077],[100.3908855230485,-1.0115964661039811],[100.39087525728735,-1.0116068092068531],[100.39085072827856,-1.011619454574145],[100.39083761076716,-1.0116355416468537],[100.39081251068887,-1.0116476141460566],[100.3907936815832,-1.0116481960073997],[100.39077542264772,-1.0116476303338118],[100.39075659444131,-1.0116476384277462],[100.39074454802255,-1.0116520531996684],[100.39074404260356,-1.0116522375606678],[100.39073434701254,-1.0116614313299692],[100.39071153570887,-1.0116901583740514],[100.39070469726403,-1.0117068174156429],[100.39069956932974,-1.0117251968603114],[100.39069501516286,-1.0117487474067275],[100.39069445218729,-1.0117676997195417],[100.39069103566283,-1.0117855062960075],[100.39068762003768,-1.0118027382057448],[100.39067793164128,-1.0118308842878037],[100.39067052212698,-1.0118469686626099],[100.3906625406438,-1.0118636277042015],[100.39065227668129,-1.0118802876451127],[100.39064658037546,-1.0119009657569222],[100.39064601380255,-1.011911879029924],[100.39064830797309,-1.0119388721811333],[100.39064774409815,-1.0119549529586607],[100.39065289181758,-1.0119836683115864],[100.39066032471425,-1.0120215702392557],[100.39066490406213,-1.0120537308949338],[100.39066377541297,-1.0120835973800695],[100.39066378620481,-1.0121088683295625],[100.39066208378819,-1.0121324161780194],[100.39065410500302,-1.0121519467548978],[100.39064783582904,-1.0121697542307402],[100.39064385632895,-1.0122036406854136],[100.3906415819435,-1.0122214472619362],[100.39063988132551,-1.0122472919788947],[100.39064103335704,-1.0122725629283877],[100.39063876796484,-1.012312767120477],[100.39063896131904,-1.012316428260533],[100.39063991819773,-1.0123345909685781],[100.3906524817267,-1.0123610049563467],[100.39066218631092,-1.0123701897324509],[100.39067246196458,-1.0123839700441408],[100.39068045873626,-1.0124057911942828],[100.39068217824001,-1.0124218710724335],[100.39067933908029,-1.0124534606586622],[100.39066451375635,-1.0124770148023572],[100.39064398223405,-1.0124988485429753],[100.39063155180474,-1.0125055925590232],[100.39062914971555,-1.0125068956766654],[100.39060176895651,-1.0125212659436329],[100.39058237507663,-1.0125344841790707],[100.39056298119669,-1.0125494246162248],[100.39055100762295,-1.0125689569917427],[100.39054132732048,-1.0126149078516846],[100.39052707936128,-1.0126533952379759],[100.39051624432926,-1.0126677583103287],[100.39050541019657,-1.0126838435844547],[100.39048772862583,-1.0126987840216088],[100.39047403824634,-1.0127068311552989],[100.3904626312455,-1.012717174258114],[100.39045578740473,-1.0127252168952054],[100.39045236908163,-1.0127361310675269],[100.39045123413723,-1.0127504896433379],[100.39045124402975,-1.0127746121585801],[100.39045372705795,-1.0127926759411707],[100.39045582337758,-1.012807921248509],[100.3904581166488,-1.0128360628339692],[100.39046383273973,-1.0128607573180375],[100.3904649820733,-1.0128791349640665],[100.39046385342414,-1.0129078521156316],[100.39046300176619,-1.012931238985459],[100.39046272477498,-1.0129388661356984],[100.39045246800703,-1.0129681615513846],[100.39044676990255,-1.012987692128263],[100.39044659093747,-1.0130129621784363],[100.3904451718073,-1.0130306716281439],[100.39044518169982,-1.0130546016884523],[100.39045375133963,-1.0130790083894681],[100.39046279402277,-1.0130991046399345],[100.39046529773537,-1.0131119325695863],[100.39046755863097,-1.0131235131395897],[100.39047041937442,-1.0131402630127013],[100.39047709414262,-1.013182855804132],[100.39047852946061,-1.0132019996725035],[100.39047806181316,-1.0132240159754815],[100.39047806990703,-1.0132426823038827],[100.39047428196261,-1.0132800158600048],[100.39047001198151,-1.0133015546230126],[100.39047097515544,-1.0133293139966213],[100.39047336645274,-1.0133613802234436],[100.39047099943713,-1.0133848327437818],[100.39046482828928,-1.0134082870627594],[100.39045532695184,-1.0134293500843796],[100.39044534897374,-1.0134475415707129],[100.39043775419907,-1.0134757829809473],[100.3904344366,-1.0135035441531954],[100.39043244190373,-1.0135252340023158],[100.39043065135354,-1.0135447061232412],[100.39042876727387,-1.0135868249719238],[100.39043163431251,-1.01361936873883],[100.3904335462712,-1.0136428212591682],[100.39043308761694,-1.013684939208531],[100.39042738861315,-1.013700734900965],[100.39041503462619,-1.0137198850645746],[100.39040362942404,-1.0137337696976942],[100.39038319143123,-1.013752444119973],[100.39037368559718,-1.0137624985404159],[100.39036560698725,-1.0137735107388721],[100.39036133430818,-1.0137864348960193],[100.39036038732206,-1.013796008179213],[100.39036467528962,-1.0138165855669286],[100.39036800997576,-1.0138323785613466],[100.39036326695128,-1.0138596621936244],[100.3903580427895,-1.0138740216686983],[100.39035044621619,-1.0139008277609491],[100.39034427506829,-1.0139242829792465],[100.390341908952,-1.0139515639135084],[100.39034239728386,-1.0139793241864368],[100.39034763493544,-1.0139989446955155],[100.39035096872232,-1.0140118661546467],[100.3903699938802,-1.0140243010806103],[100.39037139322528,-1.0140247498422923],[100.39039234473097,-1.0140314713752332],[100.39040994086616,-1.0140396003472461],[100.39042801544065,-1.0140525137124996],[100.39044133529944,-1.014067823771029],[100.39045370367552,-1.0140836131681681],[100.39045989191055,-1.0140984465859901],[100.39046037304786,-1.0141123267224543],[100.39045419560472,-1.0141228586829243],[100.39043755814686,-1.014130523604706],[100.39042281825851,-1.0141310092386107],[100.39039856264361,-1.0141195329899801],[100.39038382185595,-1.0141152306333652],[100.39036765384424,-1.0141123671919559],[100.39035481692133,-1.0141142872445243],[100.39035277366162,-1.0141155732750349],[100.39034340812185,-1.0141214710290001],[100.39033485466985,-1.0141343969847867],[100.39033200831557,-1.0141487573592372],[100.39033776667463,-1.0141679920591287],[100.39033819834924,-1.0141694300750714],[100.39033848883025,-1.0141809162162758],[100.39033820824176,-1.0141912548224923],[100.39033450393424,-1.0142033165298017],[100.39032566899448,-1.0142239973395704],[100.39031778643675,-1.014247117110699],[100.39031056218278,-1.0142551606471102],[100.39030715195355,-1.0142588262837648],[100.39030485868233,-1.014261290426191],[100.39029763442835,-1.014268567740146],[100.39029041287233,-1.0142827383576218],[100.39028661503534,-1.0142957578428877],[100.39028471746582,-1.0143053311260815],[100.3902828198963,-1.0143172012777768],[100.39028273625934,-1.0143178811652547],[100.39028206176778,-1.0143233283588415],[100.39027733043451,-1.0143309564084575],[100.39027445979855,-1.0143355834204044],[100.39026685692994,-1.0143470731588309],[100.39026305729431,-1.0143562642301731],[100.39026040159632,-1.0143746436748415],[100.39025736458575,-1.0143903440391],[100.39025304873928,-1.0144104196051558],[100.3902505324362,-1.0144221269795253],[100.39024749632495,-1.0144393579899429],[100.39024103919269,-1.0144604201122434],[100.39023609921668,-1.0144738227086805],[100.39023077882746,-1.0144856946590153],[100.39021709564253,-1.0145105887925752],[100.39020607085354,-1.0145251434205989],[100.39019467194663,-1.014555778826093],[100.39018288723054,-1.0145718658988585],[100.39017186693815,-1.0145975235568017],[100.39016730557677,-1.0146055670932128],[100.39016122526039,-1.0146178221547189],[100.39014639903712,-1.0146400363086059],[100.39013841215808,-1.0146415705519871],[100.39011940498659,-1.0146699126862586],[100.39011750831639,-1.0146829321715245],[100.39011181021192,-1.0146997809700906],[100.39010611030881,-1.0147135675770187],[100.39009813332228,-1.0147392252350187],[100.39008900880077,-1.0147526296300953],[100.3900859717902,-1.0147664153377605],[100.39007646865417,-1.0147817352888069],[100.39006848807031,-1.0147982027747844],[100.39005898403497,-1.0148131387153398],[100.3900532841318,-1.0148253937768459],[100.39004568306189,-1.0148407128285726],[100.39003960094686,-1.0148518203552044],[100.39002667409181,-1.0148648425384295],[100.39001603061536,-1.0148832273790163],[100.39001185236515,-1.0148958637530541],[100.39000653197593,-1.0149081188145601],[100.38999626621478,-1.0149192272405116],[100.38998904375944,-1.0149318654131889],[100.38998182040473,-1.014939525838372],[100.38997459705007,-1.0149506333650038],[100.38996471799737,-1.0149751416893764],[100.38995369500708,-1.0149950571761224],[100.38994989537144,-1.0150038651362365],[100.38993810975603,-1.0150207175320247],[100.3899316472278,-1.0150299104020064],[100.3899263277379,-1.0150436961096148],[100.38992366934195,-1.0150536516047168],[100.38992215488361,-1.0150708826150776],[100.38991988589407,-1.0151003659890421],[100.38992065301579,-1.0151156823428096],[100.38992408572801,-1.0151378884027622],[100.38992523506158,-1.0151577966948935],[100.38992942770096,-1.0151773227751733],[100.38993970695196,-1.0151972292686651],[100.38995340812335,-1.0152140699732968],[100.38996406419028,-1.0152247862948229],[100.38997776086501,-1.0152328208379799],[100.38998385197323,-1.0152439220693168],[100.38998804191465,-1.0152584704020455],[100.38998995117538,-1.0152737849571736],[100.38998843581771,-1.0152906328563631],[100.38997893268169,-1.0153063350193179],[100.38997056898666,-1.0153151447780715],[100.38995839936069,-1.0153205110327121],[100.38992834671586,-1.0153186098659148],[100.38991046819359,-1.0153155539695717],[100.38989182614694,-1.0153079043362823],[100.38986747790182,-1.0153014058351459],[100.38985644501901,-1.0152964325842504],[100.38983324161086,-1.0152983580327373],[100.38982408471378,-1.0153034841683848],[100.38981612931099,-1.0153079367118494],[100.38980890595633,-1.0153182780160819],[100.38980434639353,-1.0153301499664167],[100.38979408692762,-1.0153561907355879],[100.38979067310112,-1.0153780172816482],[100.38978688335806,-1.0154109468576848],[100.38978347133019,-1.0154381342624106],[100.38978538059092,-1.0154576603426904],[100.38978919191771,-1.0154745055439207],[100.38979206435232,-1.0154860447451028],[100.38979338365777,-1.0154913507452079],[100.38979605194629,-1.015503602209435],[100.38980290837759,-1.0155250411476686],[100.38980329508604,-1.0155395912790937],[100.38980368539183,-1.0155637128949593],[100.38980635368034,-1.0155782612277449],[100.38981207426787,-1.0156104209841033],[100.38981170104921,-1.0156276519945209],[100.38981018838956,-1.0156494767418849],[100.38981095910856,-1.0156720668123853],[100.38980906333768,-1.015686234731902],[100.389806405841,-1.0157000195402475],[100.38980626105018,-1.0157014827371995],[100.38980489138271,-1.015715335894015],[100.3898052843864,-1.0157436699343521],[100.38980548673391,-1.0157457545628858],[100.3898068123346,-1.0157593676007082],[100.38981023875158,-1.0157685550747146],[100.38981899904763,-1.0157942046387802],[100.3898201483812,-1.0158122000729009],[100.38982053688835,-1.0158324932748997],[100.38981712036389,-1.0158470452049073],[100.38981446376653,-1.0158642762153249],[100.38981029271088,-1.0158945258116887],[100.38980953907901,-1.0159109897003873],[100.38980308464471,-1.0159385611156608],[100.38979739103684,-1.0159665147427859],[100.38979207334557,-1.0159845128749225],[100.38978295511936,-1.0160117020783446],[100.38978067983459,-1.0160277837551916],[100.38977118389306,-1.0160591853830283],[100.38976892299746,-1.0160721895798588],[100.38976738875402,-1.0160810110297689],[100.38975675876748,-1.0161284943345095],[100.38975068204837,-1.0161507048910607],[100.3897465055968,-1.0161702336692997],[100.38974194963134,-1.0161912948922804],[100.38973797103057,-1.016239246743794],[100.38973778846821,-1.0162414545794149],[100.38972487060636,-1.0162812810562514],[100.38971917519984,-1.0163038738246541],[100.3897157595747,-1.0163237857140643],[100.38971234574819,-1.0163444629265541],[100.38970969005021,-1.0163609277145724],[100.38970399374438,-1.0163827560592722],[100.38970019500806,-1.0163953933326866],[100.38969868864365,-1.0164306188779051],[100.38969679377209,-1.0164482329994939],[100.38969452118528,-1.0164696755350633],[100.38968882398012,-1.0164903536468728],[100.38968313396953,-1.0165271143347923],[100.38967667413925,-1.016542049376028],[100.38966337316617,-1.0165711550347396],[100.38965729105121,-1.0165818776515039],[100.38964740480395,-1.0165918376431478],[100.38964132358825,-1.0166033273816311],[100.38963448334476,-1.0166167308773879],[100.38962878164301,-1.0166286028277227],[100.38962117877446,-1.0166400925661492],[100.38960977357226,-1.0166554143158919],[100.38960559442268,-1.0166646053871773],[100.38959799605072,-1.0166883465898877],[100.38958659174784,-1.0167048158745047],[100.38958203398374,-1.0167201340269116],[100.38958013641422,-1.0167308557443562],[100.38958014181014,-1.0167438743303023],[100.38958053571321,-1.0167752696629009],[100.38958015889727,-1.0167840767236953],[100.38958473374851,-1.0168085796522064],[100.38958474184244,-1.0168277244198975],[100.38958474993632,-1.0168464860764175],[100.38958057708203,-1.0168721410364583],[100.38957602111657,-1.0168912876027889],[100.38957717944334,-1.0169314908955585],[100.38957414513078,-1.0169529343303907],[100.38957034819305,-1.0169697831289568],[100.38956465098789,-1.0169889296952874],[100.38955780984509,-1.0170023340904208],[100.38955135181351,-1.0170230122022303],[100.38954413025749,-1.0170360343854554],[100.38953500393734,-1.017044461032981],[100.38952968804472,-1.0170655231553383],[100.38951942318289,-1.0170781622273353],[100.38950801708137,-1.0170900368756293],[100.38949889166059,-1.0171007621903527],[100.38949052886488,-1.0171149319085089],[100.38947646616606,-1.0171413575875476],[100.38947038584968,-1.0171547610833045],[100.38946734793984,-1.0171677805685704],[100.38946583168286,-1.017180033831437],[100.38946622558592,-1.0172114309627318],[100.38946775173542,-1.0172225339927081],[100.38947005040256,-1.0172577586386069],[100.38946739470458,-1.0172769043056178],[100.38946740189914,-1.0172922197600656],[100.38946475339571,-1.0173251502354219],[100.38946324433334,-1.0173550158212947],[100.38946667974352,-1.0173837311742204],[100.38946478577128,-1.0174017266083411],[100.38946289089978,-1.0174178100838276],[100.38945795092377,-1.0174304473571851],[100.38944540628052,-1.0174488312984522],[100.38943666307159,-1.017461470370506],[100.38942982102947,-1.0174733432201606],[100.38942602319247,-1.0174863627054265],[100.38942412742159,-1.0175009128367947],[100.38942452402262,-1.0175411161295642],[100.38942453031785,-1.0175541347155104],[100.38942111469277,-1.0175748119280001],[100.38941466205705,-1.0176050633229465],[100.38940858443868,-1.0176253592229045],[100.38940364536199,-1.0176387618193417],[100.38939300098627,-1.0176552311039586],[100.38937969731523,-1.0176774443585259],[100.38936221089739,-1.0177038709368276],[100.38935423031353,-1.0177222539787749],[100.38934510669139,-1.0177364236969311],[100.38933141900986,-1.0177494485781153],[100.38931772863032,-1.0177601747921585],[100.3893051785912,-1.0177647757237764],[100.38928730276689,-1.0177705268882846],[100.38927399190129,-1.0177758931429253],[100.38926182227533,-1.0177831731548963],[100.38925383809419,-1.0177912166912506],[100.38924357143372,-1.0178000282486437],[100.38923977179809,-1.0178111330772595],[100.38923292975596,-1.0178233890381421],[100.38922684943964,-1.0178348778772488],[100.38921886795646,-1.0178521115856256],[100.38921240542822,-1.0178597720108087],[100.38920213876776,-1.0178693488912813],[100.38918654632209,-1.0178770138130631],[100.38916791236932,-1.017888508048145],[100.38915900278579,-1.0178965479872772],[100.38914965972907,-1.017904980030778],[100.38914091562083,-1.017916087557353],[100.38913369586345,-1.0179325550433305],[100.38912571527959,-1.017949405640536],[100.38912267826902,-1.0179624260251217],[100.38912420801586,-1.0179831005395954],[100.38912501560702,-1.0179907942397222],[100.38912650038776,-1.0180049252870162],[100.38913069212782,-1.018023684245577],[100.38913145924948,-1.0180393819118763],[100.38913032430509,-1.018053549831393],[100.38913147273934,-1.0180719283767417],[100.38912767670098,-1.018089160286479],[100.38912578182942,-1.0181063912968966],[100.38912350744397,-1.0181220898625156],[100.38912351463853,-1.0181423830644576],[100.38912086073918,-1.0181607634084457],[100.38912049381582,-1.018194074297071],[100.38911898745135,-1.0182266207618795],[100.38912167102836,-1.0182763946398268],[100.38911940024019,-1.0183028149229472],[100.38911181266008,-1.0183510626513907],[100.38910498500712,-1.018397012612013],[100.38909966821518,-1.0184165422895717],[100.3890943496246,-1.0184337741992522],[100.38908828729467,-1.0184866156647558],[100.38908487166952,-1.0185072928771888],[100.38907879674912,-1.0185340980701199],[100.38907120197445,-1.0185639672532147],[100.38905979767156,-1.0185815849721394],[100.38905143487585,-1.0185934578217939],[100.38903318043697,-1.0186022720771462],[100.38901720577951,-1.0186064907968557],[100.38899096176351,-1.0186141602152929],[100.38897270912327,-1.0186268028846257],[100.38895901874378,-1.018636764674909],[100.38894419162119,-1.0186536179700738],[100.38893545200955,-1.018674680991694],[100.38893279541225,-1.0186884657999826],[100.38893508598551,-1.0187099065369125],[100.38893851869773,-1.0187305810514431],[100.38893928492013,-1.0187432156268414],[100.38894804971278,-1.0187811193531502],[100.38894805600802,-1.0187949032621191],[100.38894349914324,-1.0188117520606852],[100.38893703841364,-1.0188266871018641],[100.3889229748155,-1.0188523465585035],[100.38890701544648,-1.01888949395493],[100.38890283809559,-1.0189063427534961],[100.3889013218386,-1.0189189791275339],[100.38890208626231,-1.0189270190666093],[100.38890095491519,-1.0189522900161023],[100.38889868502633,-1.0189810080670441],[100.38889755008194,-1.0189936435417621],[100.38889375314426,-1.0190112585626707],[100.38888615027565,-1.0190223660893025],[100.38886751992015,-1.0190430495970304],[100.38884888866534,-1.0190618193474279],[100.38884280744969,-1.0190706282068618],[100.38883102363292,-1.0190920752390298],[100.38882190091005,-1.0191058627453344],[100.38880935446821,-1.0191204191719407],[100.38880403407899,-1.0191322911222755],[100.38880061485656,-1.0191430128397201],[100.38878692897367,-1.0191606323572273],[100.38877856437932,-1.0191709727621401],[100.38876106986754,-1.0191794048056408],[100.3887538474122,-1.0191878305539035],[100.38874776259922,-1.0191951087672351],[100.38874282442185,-1.0192081291517638],[100.38873788534517,-1.0192211495363495],[100.38873294626853,-1.0192368499006648],[100.38872192957348,-1.0192713146194023],[100.38871470981604,-1.0192889305396875],[100.38870673013156,-1.0193084620158857],[100.38870293139524,-1.0193195668445014],[100.38869913086029,-1.0193283748046156],[100.38869495261002,-1.0193440760681938],[100.38869039484592,-1.019359393321281],[100.38868659700893,-1.0193720296953757],[100.38868100322577,-1.0194119488023716],[100.38868100862169,-1.0194249673882609],[100.38867949866,-1.0194533023279746],[100.38867608843077,-1.0194804879341177],[100.38866582986424,-1.0195095917941899],[100.38865936913464,-1.0195229961892665],[100.38864491882799,-1.0195352548481083],[100.38863465216753,-1.019543300183102],[100.38862476502095,-1.0195505792957533],[100.38860004985247,-1.0195727970469193],[100.38858902236552,-1.0195816086043124],[100.38857837619116,-1.0195923339190358],[100.38857267359009,-1.0196011427784697],[100.3885669727876,-1.0196111009714741],[100.38856241232554,-1.0196214413763869],[100.38855671332175,-1.0196359933063945],[100.38855405492575,-1.0196482465692611],[100.38855368170709,-1.019663945134937],[100.38855977821123,-1.0196869156185926],[100.38856244560043,-1.0196991670828197],[100.38856435396184,-1.0197144816379478],[100.38856397894455,-1.0197275002238939],[100.38856132414583,-1.019743965911232],[100.38855790582278,-1.0197581338307486],[100.38855182370776,-1.0197677089125818],[100.38854460215174,-1.0197795817622364],[100.3885392808632,-1.0197899221671491],[100.38852255257382,-1.0198117541091278],[100.38851266902452,-1.0198251603028439],[100.38850810766309,-1.0198332020406156],[100.38849975026335,-1.0198596250216383],[100.38849443527005,-1.01988374933552],[100.38849063833237,-1.0198983012655276],[100.38848075838035,-1.0199231927011283],[100.38847049801512,-1.0199477019248775],[100.38845909281292,-1.0199626396640156],[100.38844654906904,-1.01998217293891],[100.38842905905392,-1.0200001755675885],[100.38841575088628,-1.0200147319942516],[100.38840396617019,-1.0200300528446178],[100.38839560067652,-1.0200373310579494],[100.38838457408889,-1.0200488225950153],[100.38836936565377,-1.0200660590013513],[100.38835796225021,-1.0200825282860251],[100.38835074339215,-1.020102825085246],[100.38834314232224,-1.020118526348881],[100.38834277090223,-1.0201403510963019],[100.38834315671136,-1.020154518116442],[100.38834848969111,-1.0201721286407519],[100.38834811737178,-1.0201893587518498],[100.38834660111479,-1.0202004626811458],[100.38834242286458,-1.0202161630454611],[100.38833063904781,-1.0202353132090707],[100.38832189404025,-1.0202441229678811],[100.38830745002883,-1.0202690171013842],[100.38829072623611,-1.0202985067706436],[100.38828236613836,-1.0203203351153434],[100.38827590900604,-1.0203425456718946],[100.38826907235983,-1.0203659046626967],[100.38826451729369,-1.0203869658857343],[100.38825197714709,-1.0204168368674686],[100.38824247491033,-1.020435219909416],[100.38823183413189,-1.0204578153758348],[100.38822575471488,-1.0204738988513213],[100.38821549704761,-1.0205041511455875],[100.38820980343974,-1.02053133855037],[100.38820525017223,-1.0205592921775519],[100.38820183364777,-1.02057575786489],[100.38819461928631,-1.0206060092598932],[100.38818740582417,-1.0206385584226609],[100.38818133090376,-1.0206634480596222],[100.38816688869105,-1.0206944692743036],[100.38816119238516,-1.0207143811637138],[100.38815169734301,-1.0207488449831885],[100.38815094820774,-1.0207771799228453],[100.38814563231512,-1.0207990073682254],[100.38814298111373,-1.020825043640798],[100.38813918687401,-1.0208480186211091],[100.38813007134576,-1.0208801855720822],[100.38811372706692,-1.0209096761406045],[100.38809852222909,-1.020933804051765],[100.38808255476613,-1.0209552528825725],[100.38807571811998,-1.0209786118733746],[100.38807154346699,-1.0210004393187546],[100.38806052677194,-1.0210349031382293],[100.38805634942105,-1.0210502212906363],[100.38805141394164,-1.0210747278163694],[100.3880449577087,-1.0210980868072284],[100.38803279437803,-1.0211183854050887],[100.38801948710972,-1.0211333240436034],[100.38800998307431,-1.0211474946610792],[100.38800023981929,-1.0211796616120523],[100.38799929822909,-1.0212007210363936],[100.38799075736762,-1.0212418857043986],[100.38798411677362,-1.0212801770384772],[100.38798032523187,-1.021307939110045],[100.387979387239,-1.0213376131403038],[100.38797559929452,-1.0213739889184126],[100.38797275833616,-1.0214036638479342],[100.38797277092669,-1.0214342947568298],[100.3879765894481,-1.0214668394230557],[100.38797773878167,-1.0214864140667146],[100.38797660203863,-1.0214973273397163],[100.38797204607312,-1.0215162823504897],[100.38796064087092,-1.0215323676246157],[100.38794638391852,-1.0215496040309517],[100.3879406840154,-1.0215633906379367],[100.38793840693199,-1.0215748785777237],[100.38793385366449,-1.021603022861143],[100.38792930309495,-1.0216340386799061],[100.38792816815049,-1.0216495456899111],[100.38792646393523,-1.0216673522664337],[100.38792076673008,-1.0216868810446726],[100.3879162080666,-1.0217000929848723],[100.38790537663186,-1.0217236453299279],[100.38789055040866,-1.0217420310698344],[100.38788199695665,-1.0217552439093538],[100.38787915330033,-1.0217776442228796],[100.38788372635292,-1.021796020969532],[100.38789115205509,-1.0218161190186379],[100.38789914612875,-1.0218299002296476],[100.38790599896276,-1.0218436805413944],[100.38790942987634,-1.0218620581873665],[100.38791571703678,-1.0218861780046495],[100.38791800761004,-1.0219051303174638],[100.38791801390528,-1.021919487993955],[100.38792316612125,-1.0219602632554938],[100.38792317331587,-1.0219746218313048],[100.38792432714604,-1.0220044874171208],[100.38792262113213,-1.0220194197603405],[100.38791635195815,-1.0220355041351468],[100.38790722743664,-1.0220469947729498],[100.38789753634228,-1.022066526249148],[100.38789639959924,-1.022079161723866],[100.38789717931144,-1.0221202265671536],[100.38789832864501,-1.0221414766477892],[100.38789948517314,-1.0221753622031429],[100.38790121007287,-1.0222069490913555],[100.3878995103542,-1.0222339440412611],[100.38789324118022,-1.0222511768502613],[100.38789267640595,-1.0222655354260723],[100.3878886897113,-1.0222833411032752],[100.38789555333716,-1.0223200963952763],[100.38789611001755,-1.0223451748898356],[100.38789659295344,-1.0223619256622669],[100.38789659924873,-1.0223762842380779],[100.38789803726468,-1.0224021289550365],[100.38789804535855,-1.0224207952834377],[100.38789615138631,-1.0224394607125191],[100.38789425471612,-1.0224547779656064],[100.38789616397685,-1.0224705709600244],[100.38789617027209,-1.0224834942178518],[100.38788904494351,-1.0225002476882423],[100.38787811188541,-1.0225088676900214],[100.38786527676115,-1.0225160532731934],[100.387848160864,-1.0225194095430652],[100.38783247309021,-1.022526596025557],[100.38782201937073,-1.0225419159766034],[100.38781727005102,-1.0225548410330134],[100.3878167997056,-1.0225677642908408],[100.38782584418743,-1.0225907329759139],[100.38782870403151,-1.0226060475310419],[100.38782681005932,-1.0226256707380799],[100.38782301492029,-1.0226472112997271],[100.38782112184737,-1.0226668354060848],[100.38782541161351,-1.0226912421071006],[100.38782779841421,-1.0227122997328024],[100.38783066005698,-1.0227319220405207],[100.3878278181993,-1.0227582460961457],[100.38782497993896,-1.0227936649956177],[100.38781880519377,-1.0228085047086779],[100.38780930205769,-1.0228233462203775],[100.38780027376367,-1.0228367506155109],[100.38779932677755,-1.0228472807773414],[100.38779553343716,-1.0228707341969994],[100.38778983263472,-1.0228831808141194],[100.38777890137527,-1.0228941939118954],[100.38776939733987,-1.0229075992062917],[100.38776512376154,-1.0229205233634389],[100.38775229583183,-1.0229439812796386],[100.38774136277374,-1.0229521219428079],[100.38772234570973,-1.0229569162286793],[100.38771093601093,-1.0229621862558247],[100.38769905326876,-1.0229712846970074],[100.38768574779908,-1.022989956421327],[100.38767006362258,-1.0230071928276629],[100.38765865842043,-1.023020599021379],[100.38764725231891,-1.023034005215095],[100.38764392842461,-1.0230445362763021],[100.38764821099619,-1.0230517137655397],[100.38765392079188,-1.0230608050121077],[100.3876491687742,-1.0230679860986243],[100.38763871325608,-1.023079956075037],[100.38762302728094,-1.0230904916328427],[100.38759117689136,-1.0231077361330563],[100.38757073709991,-1.0231221028027448],[100.38756123126586,-1.0231302443652339],[100.38755457898071,-1.0231417341037172],[100.387549829661,-1.0231546582608075],[100.38754460819717,-1.0231757185845254],[100.3875313027275,-1.0231953480868015],[100.38752179959141,-1.0232106680378479],[100.38750659025698,-1.0232240760302602],[100.38749756286228,-1.0232398744205966],[100.38749281174393,-1.0232484908251536],[100.38749091597305,-1.0232628503002275],[100.38749139800967,-1.0232772079767187],[100.38749235578763,-1.0232939587491501],[100.38749379110561,-1.0233131026175215],[100.38749998023997,-1.0233313831367923],[100.38750417108071,-1.0233466967926006],[100.38750798420614,-1.0233677544183024],[100.38751027118212,-1.0233800058825295],[100.38751180092891,-1.0233995319628093],[100.38750877201227,-1.0234324615388459],[100.38750497597391,-1.023451225893325],[100.38749700168535,-1.023482242611351],[100.38748637079942,-1.0235293428048635],[100.38748790594218,-1.0235615052592379],[100.38748944468216,-1.0236020907638022],[100.38747880660168,-1.0236319608462736],[100.38746664506965,-1.0236557047469432],[100.38745220015898,-1.0236786851231727],[100.38743014968173,-1.0237062628337412],[100.38741646469816,-1.0237284760882517],[100.38740202608273,-1.0237652403735069],[100.38739214972799,-1.0237974073244231],[100.3873815116475,-1.0238280427299173],[100.38737695838,-1.0238533145787301],[100.3873724141057,-1.0238992636400326],[100.38737090864061,-1.0239398509432931],[100.38736787792527,-1.0239658890145051],[100.3873716928494,-1.0239934550338603],[100.38737703212439,-1.0240233179217171],[100.38737780464203,-1.0240524172851906],[100.38736793098531,-1.0240907113172284],[100.38735805463057,-1.0241228782681446],[100.38733429993806,-1.0241678776453682],[100.3873238516145,-1.0241965992935889],[100.38730959825944,-1.0242214934271487],[100.38729058659135,-1.0242416031674111],[100.38726682020763,-1.024258843171026],[100.38725827035296,-1.0242789493140094],[100.38724972769285,-1.024317240648088],[100.38724118233478,-1.0243469191749455],[100.38722788226102,-1.0243794701364095],[100.38721933420499,-1.0244043615719534],[100.38722124706294,-1.0244282916323186],[100.38722506558435,-1.0244646647124682],[100.38722032435857,-1.0244933827633531],[100.38720987693432,-1.0245259337248172],[100.38719847892673,-1.0245575269082678],[100.38718898568322,-1.0245967769196795],[100.38719375029143,-1.0246173552067148],[100.3871985113023,-1.0246312326452198],[100.38720564922141,-1.0246455876236951],[100.38721707330933,-1.0246733434000248],[100.38722040799547,-1.0246886570558331],[100.38722231815552,-1.0247073215855949],[100.38722137926328,-1.0247365180758266],[100.38721758412424,-1.0247566206214742],[100.38721331324388,-1.0247748103092249],[100.38720904416209,-1.0247992206075196],[100.38719859134198,-1.0248174129931726],[100.38719194175479,-1.0248365613581996],[100.38718814391774,-1.0248494846159701],[100.38718815201167,-1.0248691078230081],[100.38719101725172,-1.0248954300799937],[100.38718675536455,-1.0249365929493592],[100.38717820640915,-1.0249595697283098],[100.38715397237797,-1.0249969122776292],[100.38714399619852,-1.0250160606426562],[100.38713211885226,-1.0250399969982027],[100.38712071634802,-1.0250601031411861],[100.38711311707675,-1.0250811661628632],[100.38710313999798,-1.02510079296718],[100.38709459194195,-1.0251242490847972],[100.3870893695788,-1.0251443525298214],[100.38707986824136,-1.0251615871374611],[100.38706941542125,-1.0251807364018077],[100.38705896619837,-1.0252065856153649],[100.387054695318,-1.0252257321817524],[100.38704804932809,-1.0252515795966701],[100.38703902373203,-1.0252726426182903],[100.3870314262594,-1.0252956193972977],[100.38702382518943,-1.0253109375497047],[100.387019079467,-1.0253310418940487],[100.38699817112877,-1.0253635973521114],[100.38699247302429,-1.0253822645797754],[100.38697584725759,-1.0254176897745424],[100.38695540926477,-1.0254378004141245],[100.3869416253558,-1.0254478566332068],[100.3869321213204,-1.0254617412663265],[100.38692689446066,-1.0254684439134962],[100.38691121118353,-1.0254890311937856],[100.38689267165955,-1.025499568550174],[100.38686938011784,-1.0255144163571686],[100.38685749737567,-1.0255249501163348],[100.38683896234829,-1.0255455391952069],[100.38682470269794,-1.0255579894096627],[100.38681234781166,-1.0255752240173024],[100.38679761511793,-1.0255915035450016],[100.38678573327502,-1.0256039528600809],[100.38677908278851,-1.0256197503511544],[100.38677338468403,-1.025638896917485],[100.38675913492619,-1.0256728840962523],[100.38675248713764,-1.025692989339916],[100.38675392245563,-1.0257116538696778],[100.38675773737975,-1.0257384545659534],[100.38676107296521,-1.0257566406563683],[100.38675728232278,-1.0257867949246133],[100.3867492064108,-1.0258035501936433],[100.38674350470905,-1.0258150390327501],[100.38674018171406,-1.0258255700939571],[100.38673020823256,-1.0258523770854708],[100.3867207077945,-1.0258739176471181],[100.38671453664659,-1.0258997659613556],[100.38670503710784,-1.0259213083216991],[100.3866917379334,-1.0259548161618],[100.3866793884431,-1.0259844955879771],[100.3866713161284,-1.0260098663621875],[100.38666467103781,-1.0260381068731022],[100.38664757222773,-1.0260802320170228],[100.3866361724215,-1.0261084752258967],[100.38661954035956,-1.0261309771628362],[100.38660528790376,-1.0261596997103197],[100.38659531082499,-1.0261783696359998],[100.38657915540375,-1.0262032646688795],[100.38656394966659,-1.0262276812624123],[100.38654684276264,-1.0262530547346387],[100.38653544115772,-1.0262745970949254],[100.3865254667769,-1.0263014040864959],[100.3865154950941,-1.026332517931337],[100.38650361864717,-1.0263578896048671],[100.38648746322593,-1.0263818268597902],[100.38646560610289,-1.0264172538531398],[100.38645087610712,-1.0264416695473528],[100.38643662095336,-1.0264622559283225],[100.38641999698535,-1.0265043810723],[100.38639528901143,-1.0265441167175595],[100.3863815113977,-1.0265709246084498],[100.38634777872704,-1.0266336379319796],[100.38633305142923,-1.0266633191567962],[100.38632164982437,-1.0266867761737331],[100.3863083587438,-1.0267399072208718],[100.38629410988534,-1.0267753306169425],[100.38628129364685,-1.026827984124111],[100.38626895494838,-1.0268806367319598],[100.38625612971668,-1.0269122308147303],[100.38624187546225,-1.0269342534130033],[100.38620432516956,-1.0269648996103911],[100.38616534495475,-1.0269874123391673],[100.38613444694721,-1.0270084852533614],[100.38607312307624,-1.0270405775605695],[100.38603366801942,-1.0270640480673023],[100.38600134278778,-1.027081770107543],[100.38593954317543,-1.0271129073347538],[100.38589580374838,-1.027124891700339],[100.38585539271224,-1.0271378320452413],[100.38583114698991,-1.0271474152210089],[100.38580595158345,-1.0271608268106434],[100.38579835231218,-1.0271790173977138],[100.38578219689094,-1.0272058270871867],[100.38577412457624,-1.0272311969621342],[100.38576272387064,-1.0272556108577078],[100.38574704868739,-1.0272934282490951],[100.3857413541802,-1.0273183178859995],[100.38573185644009,-1.0273460817562068],[100.38571713184024,-1.0273815060515972],[100.38569432233515,-1.0274126261916763],[100.38567008110942,-1.0274346523872282],[100.38564250789545,-1.0274447149016055],[100.38561874241111,-1.0274643489005371],[100.3856122807822,-1.0274780401793464],[100.38561114943508,-1.0274998649267673],[100.38561629535582,-1.0275239847440503],[100.38560888674078,-1.0275463868562156],[100.38557979457192,-1.0275653526588258],[100.38556553941817,-1.0275831628326273],[100.3855489981878,-1.0275986779365667],[100.38553588427368,-1.0276187849788698],[100.38552391519659,-1.0276503790616971],[100.3855170749531,-1.0276658887697181],[100.38550909616794,-1.0276882908818834],[100.38549826383388,-1.0277078232574013],[100.38548571559335,-1.0277210387948799],[100.38546632710938,-1.0277445947372144],[100.385454351737,-1.0277624040116962],[100.38543895624292,-1.0277853852872454],[100.38542698446781,-1.0278077891980502],[100.385403600296,-1.027831346939081],[100.38538136096111,-1.0278640939527008],[100.38537566465527,-1.0278859213980809],[100.38536996924876,-1.0279083217116067],[100.38535913871334,-1.027934745592006],[100.38533062480855,-1.0279697930714633],[100.38530895294588,-1.0279922023781864],[100.38529355835112,-1.0280186280571684],[100.38528615243405,-1.028046198573179],[100.38527931668716,-1.0280726215542018],[100.38526734940871,-1.0281065134048504],[100.38525081717154,-1.0281404061547619],[100.38523770595543,-1.0281691278029825],[100.38522459294069,-1.0281932557141431],[100.38521319403372,-1.0282237013626627],[100.38521206268661,-1.0282460998775491],[100.38521207078048,-1.0282639037561125],[100.38520066917562,-1.0282880316672731],[100.38518413334111,-1.0283115858109682],[100.3851636009195,-1.0283334195516431],[100.38513736499743,-1.0283575537580418],[100.38510770445703,-1.028379965762781],[100.38507861408681,-1.0284029515349289],[100.38503982542767,-1.0284276649047683],[100.38500901825165,-1.0284391645357687],[100.38496736974838,-1.0284477989267202],[100.38492971693296,-1.0284604496899306],[100.38489948082645,-1.0284730986545583],[100.38487381327593,-1.0284909151235979],[100.38485556423296,-1.0285144701666127],[100.38483902839852,-1.0285391736438783],[100.3848213522237,-1.0285684726568434],[100.38479397865927,-1.0286029445701956],[100.384768317404,-1.0286351187157265],[100.38475976575063,-1.0286540746258197],[100.38474550969755,-1.0286730350325115],[100.38473923962425,-1.0286873963062249],[100.38473240028009,-1.0287046291152819],[100.38472613200543,-1.0287235850253751],[100.38471187415371,-1.0287402467649258],[100.38470103912169,-1.0287540351705502],[100.38468849537782,-1.0287747168796386],[100.38467595073462,-1.0287953976894073],[100.38465998596962,-1.0288201020659926],[100.3846502966739,-1.0288448019459793],[100.38464574430571,-1.0288723733613097],[100.38464004710056,-1.0288936252405847],[100.3846252208773,-1.0289154571825634],[100.38461267263682,-1.0289269487196862],[100.38457103402607,-1.0289574069587388],[100.38455221121563,-1.0289729220626782],[100.38452425938715,-1.028987866996431],[100.38449574008638,-1.029009704334328],[100.38447863408174,-1.0290378540137226],[100.38446152358051,-1.0290556659861636],[100.38443814660326,-1.0290935823029486],[100.38442674589766,-1.0291194324158255],[100.3844130618134,-1.02914183722595],[100.38438511628016,-1.029171715402299],[100.38436401009108,-1.0291832105367007],[100.38434860920103,-1.0291958532060335],[100.38432236968168,-1.0292136687757534],[100.38429955388136,-1.029230334112583],[100.38428187231062,-1.0292452745497371],[100.38426989693824,-1.0292613616225026],[100.38425849443405,-1.0292826170990566],[100.38424081376263,-1.0293004290714975],[100.38422540837598,-1.0293004362660554],[100.38421685042738,-1.0293010136307998],[100.3842060126974,-1.0293107820668865],[100.38418434173406,-1.0293377851106698],[100.38416894174333,-1.0293504277799457],[100.38415639440211,-1.0293613446502832],[100.3841461322383,-1.0293803032583355],[100.3841335947896,-1.0294170657449513],[100.38412162481319,-1.0294457882924348],[100.38409709670373,-1.029463602962835],[100.38407542124378,-1.0294768220975925],[100.38406401604158,-1.029492333604253],[100.38403492657068,-1.0295181918110643],[100.38400527322483,-1.0295543877247724],[100.38399786371048,-1.0295756423020066],[100.38400072805121,-1.0296014852203257],[100.38398704576559,-1.0296279108993076],[100.38396423266329,-1.0296526170745892],[100.38394370024162,-1.0296721539467057],[100.38390149325937,-1.0297083552563322],[100.38387981779942,-1.0297250196938421],[100.38384844225186,-1.0297399673256109],[100.38382163705899,-1.0297686952690128],[100.38380281514787,-1.029785358807203],[100.38376973088845,-1.0298089210448325],[100.38372694834004,-1.0298330615465261],[100.38368244988521,-1.0298514598769088],[100.38366020785236,-1.0298767407189757],[100.38365109592138,-1.0299146507404657],[100.38364312163282,-1.0299485398931552],[100.38362487618713,-1.0299778389061203],[100.3836066307415,-1.0300100103536352],[100.38359979589393,-1.0300387302032163],[100.38359523992847,-1.0300571096478279],[100.38358098297607,-1.0300749207209492],[100.3835507486682,-1.0300910158876491],[100.38354276898366,-1.0301111211313128],[100.38354506225488,-1.0301346680803931],[100.38354849316846,-1.0301513217260663],[100.38354793918609,-1.0301909512513703],[100.38354109984192,-1.0302099071614634],[100.38352627002138,-1.0302213995978491],[100.3834988847658,-1.0302294530267773],[100.38347263985048,-1.0302317615864922],[100.38344696510541,-1.0302346448129356],[100.38342871246516,-1.0302495861494094],[100.38341788013111,-1.0302696922923928],[100.38341161545372,-1.0302955397073674],[100.38341276388797,-1.0303150666869101],[100.38341220271104,-1.0303374661011162],[100.38340137037699,-1.0303547007088127],[100.38338597038626,-1.030367917145611],[100.38336258081853,-1.0303805634122227],[100.38334889493564,-1.0303983726867045],[100.38333007392384,-1.0304184833262866],[100.38331296522125,-1.0304385921672292],[100.38328330108357,-1.030452964232893],[100.38326904503049,-1.0304736459419814],[100.38324737406714,-1.030499500551457],[100.38322969609368,-1.0305224818270062],[100.38320232073056,-1.0305523591040355],[100.38318692163921,-1.0305667239750846],[100.38316296729715,-1.0305902817160586],[100.38315213316446,-1.0306057941220388],[100.3831384553755,-1.0306431321747596],[100.38312705556922,-1.0306735769240163],[100.38311110069679,-1.0307212535829535],[100.38309399918876,-1.0307574441007432],[100.38307917206618,-1.0307775520423661],[100.38305521772418,-1.0308028337836959],[100.38302954837502,-1.0308166293838781],[100.38299987974074,-1.0308223850449849],[100.38297420769356,-1.0308321597763097],[100.38294568209761,-1.0308384901042018],[100.38293256728423,-1.0308585980458247],[100.38292458759969,-1.0308792770569539],[100.38292231501288,-1.0309011027036945],[100.38291319229006,-1.030916614210355],[100.38289322734062,-1.0309298333451125],[100.38286127712632,-1.0309350161380166],[100.38282574401296,-1.0309350314265089],[100.38281905395621,-1.0309350341244681],[100.38280205587023,-1.0309360476604184],[100.38279965378103,-1.0309361906526533],[100.38277283329967,-1.0309281624047344],[100.38275286385363,-1.0309310429332186],[100.38270836270084,-1.0309408257584778],[100.38266899757622,-1.0309529036535423],[100.38264104304977,-1.0309626801835066],[100.38261309661715,-1.0309914090262851],[100.38260055467191,-1.0310155369374456],[100.3825811778791,-1.0310695331323814],[100.38257263162171,-1.0310982529819626],[100.38255780809641,-1.0311241048934789],[100.38253784944226,-1.0311516808053511],[100.38250590732184,-1.0311769661440167],[100.3824648307874,-1.0311901942720283],[100.38244086835147,-1.0311936503666175],[100.38242717437464,-1.0311948050961064],[100.38241523767311,-1.0311968132822358],[100.38239636539998,-1.0311999869897477],[100.38236384681414,-1.0312109137526022],[100.38233988617685,-1.0312206875846073],[100.38230393577805,-1.0312132376008094],[100.38227711529669,-1.031205783120356],[100.3822579597371,-1.0312117006594121],[100.38224174406128,-1.0312167107825303],[100.38221654235963,-1.0312260691277402],[100.38220922637475,-1.0312287859796356],[100.38218469107068,-1.0312287967715292],[100.38216015127,-1.0312190436239348],[100.3821384641189,-1.0312075673753043],[100.38212533671498,-1.0311978088317915],[100.38210593474116,-1.0311926476225608],[100.38207740914515,-1.0312018503850595],[100.38205516171638,-1.0312150686204973],[100.38204204780232,-1.0312357512289054],[100.38203178563845,-1.0312564320386741],[100.38201468592905,-1.0312960678592162],[100.38199758172306,-1.0313282393067311],[100.38197991274285,-1.0313736190972236],[100.38196965417626,-1.0313994683107808],[100.38196167898838,-1.0314304859281265],[100.38195440437232,-1.0314508897467363],[100.38195244115229,-1.0314563962955958],[100.38194857226887,-1.031467249314062],[100.38193374964288,-1.0314994180636177],[100.38191937577864,-1.0315144457350129],[100.38190352342895,-1.0315310202403225],[100.38189212362266,-1.0315608912221137],[100.38187502211463,-1.0315959333056526],[100.38186647675656,-1.0316280993572491],[100.38186648664907,-1.031651647205706],[100.38186706761115,-1.0316746203873777],[100.38185566960351,-1.0317079357725447],[100.38184083888365,-1.0317177069065906],[100.38182715390008,-1.031738388615679],[100.38182545328209,-1.031763659565172],[100.38181747359761,-1.0317843403749407],[100.38180036309632,-1.0317998536802406],[100.38177697532723,-1.0318136492804229],[100.38174559888034,-1.0318262982449937],[100.38173419277882,-1.0318412350848689],[100.3817210806634,-1.0318665123296569],[100.38171082389545,-1.0318975308463223],[100.38170626972862,-1.0319222289276695],[100.38169486542574,-1.0319383151011152],[100.38167832239674,-1.0319486609019464],[100.38167204782678,-1.0319538320036941],[100.38165893391272,-1.0319762368138186],[100.38165380507911,-1.0319894487540182],[100.38163727194262,-1.0320221939690555],[100.38163329064389,-1.0320526351209764],[100.38162645399774,-1.0320767603341778],[100.38162190342814,-1.0321066277186333],[100.38161451190024,-1.0321680846893173],[100.38160312288585,-1.0322220772869741],[100.38159705426068,-1.0322496244205581],[100.38159628983698,-1.0322530940050569],[100.38159173297214,-1.0322720490157735],[100.38157747601974,-1.0322892863214861],[100.38156720845996,-1.0322950338886585],[100.38154704206238,-1.0323108358763307],[100.38153640667986,-1.0323191689944338],[100.3815175847688,-1.0323369818661945],[100.38149191721828,-1.0323553721026997],[100.38146966889019,-1.0323662943689556],[100.38145711705238,-1.0323697450676264],[100.38144358135628,-1.0323835352718902],[100.38143065180321,-1.0323927299405113],[100.38141506115619,-1.0324049903979358],[100.38140365415535,-1.0324141841672372],[100.38137627159773,-1.0324279797674194],[100.38136676666301,-1.0324394713044853],[100.38135954960359,-1.0324651280631656],[100.38134092194605,-1.0324892577729656],[100.38132191027802,-1.0325064959779411],[100.3813078412839,-1.0325191377479541],[100.38128730796296,-1.0325382906095797],[100.38126981794778,-1.0325566781481257],[100.38125955398527,-1.0325719980991721],[100.38123559964328,-1.0325965127188397],[100.38122229237496,-1.0326095376000239],[100.38119795492173,-1.0326275438260382],[100.38118046130933,-1.0326378896268693],[100.38114965683127,-1.0326551332277631],[100.38113026205201,-1.0326650968167428],[100.38111010464769,-1.0326739119714148],[100.38109527212919,-1.032680427559626],[100.38108120043711,-1.0326850293905636],[100.38106104123415,-1.0326881005753421],[100.38104620601763,-1.0326884899817514],[100.38102033881762,-1.0326877363498852],[100.38099713630885,-1.0326911915452115],[100.38097888097064,-1.0327000058005638],[100.38096062743108,-1.0327107347125661],[100.38093590866532,-1.0327268271813068],[100.38091080768771,-1.0327375587912684],[100.3808921701376,-1.0327413961984462],[100.38087429611193,-1.0327494451307189],[100.3808606039338,-1.0327559598196672],[100.38084729846412,-1.0327724300036039],[100.38082828589671,-1.0327892859967278],[100.38082372633397,-1.0328003908253436],[100.38081574215283,-1.0328118823624095],[100.38080623901675,-1.032826818302965],[100.38080206706178,-1.0328555372531696],[100.38079636985663,-1.0328750669307283],[100.38078915279721,-1.0329003405781805],[100.38076709692405,-1.0329148997028028],[100.38075530591271,-1.0329168197553713],[100.38073933215452,-1.0329237193541303],[100.38072716342793,-1.0329313815779528],[100.3807092912009,-1.0329463229144267],[100.38070435122489,-1.0329574286423622],[100.38070245365537,-1.0329685325716582],[100.38069257190472,-1.0329876818360049],[100.38068269015406,-1.0330060648779522],[100.38067090363933,-1.0330198541828963],[100.38065531119372,-1.033027519104678],[100.38064314336646,-1.0330370968844704],[100.38063782477587,-1.0330543287942078],[100.38063783017179,-1.0330668257733464],[100.38063783197043,-1.0330723251276481],[100.38063821688024,-1.0330826628346017],[100.38062985318521,-1.0330918557045266],[100.38061426163893,-1.03310373215146],[100.38059867099196,-1.0331159917096215],[100.38059220846372,-1.0331236521348046],[100.380575853393,-1.033127487743343],[100.38056405788501,-1.0331213669574595],[100.38055986794359,-1.0331200710343751],[100.38055416624184,-1.0331183083632141],[100.38054275384508,-1.0331175475367331],[100.38053172725745,-1.0331271253165255],[100.38052868934761,-1.03313784703397],[100.3805248888126,-1.0331481865395062],[100.38051805036781,-1.0331661855709626],[100.38050588343981,-1.0331788255423362],[100.38049105002199,-1.0331845758074678],[100.38047773735775,-1.033184965213934],[100.38046290214129,-1.0331861199434229],[100.38045034940416,-1.0331849769050905],[100.38043361122226,-1.0331830703423748],[100.38040888795985,-1.0331892073160134],[100.38038112678765,-1.0332060660070965],[100.3803609702826,-1.0332160295960193],[100.38032331926581,-1.0332328936830777],[100.38030696509441,-1.0332394101706086],[100.38028528423854,-1.0332428653658781],[100.38026550365015,-1.0332428743591322],[100.38024039727657,-1.033239822060068],[100.38021757068441,-1.0332340888820681],[100.38019740788411,-1.0332291201277712],[100.38017382406281,-1.0332295131314595],[100.38015138507842,-1.03323794607428],[100.38011487709997,-1.0332601701206841],[100.38010308968592,-1.0332728109913774],[100.38007989257306,-1.0332873710153194],[100.38005631414762,-1.0332992510595318],[100.38004414542104,-1.0333084448288332],[100.38002171093325,-1.033327600388418],[100.38000688021339,-1.0333387097136324],[100.37998939019826,-1.0333567132416874],[100.37998597457312,-1.0333754766968468],[100.37998712390669,-1.0333938552421955],[100.37998637477142,-1.0334214230601901],[100.37997611620489,-1.0334474638293614],[100.37995178234894,-1.0334746602273412],[100.37993521593751,-1.0334941674218499],[100.37992250671834,-1.0335091330400132],[100.37989639130546,-1.0335332807362647],[100.37989475004275,-1.0335347987918908],[100.3798669888705,-1.0335520405941452],[100.37984188969153,-1.0335685161740571],[100.3798194534051,-1.0335826930867711],[100.37980348234487,-1.033593804210625],[100.3797837071524,-1.0336072140016768],[100.37975746673374,-1.0336229242585091],[100.37973616808972,-1.0336294416453597],[100.37971752964035,-1.033632513729458],[100.37969965201739,-1.0336329040352439],[100.37968101266864,-1.0336332952403495],[100.37966579973693,-1.0336398108285607],[100.37964374296445,-1.0336528393070239],[100.37963119922051,-1.0336735210161123],[100.37961941990039,-1.0337030079873557],[100.37960953904906,-1.0337236887971244],[100.37959699170784,-1.0337378612132966],[100.37959547724955,-1.0337535597789156],[100.37959167671454,-1.0337623686383495],[100.37957837304356,-1.0337853481152592],[100.37956316910504,-1.0338129231278685],[100.37954986633332,-1.0338366679278579],[100.37953694127685,-1.0338565843138667],[100.37952287498075,-1.0338749691544535],[100.37951108846602,-1.0338879922369983],[100.37950044588894,-1.0339067583901169],[100.37949627213533,-1.0339320311383062],[100.37949285471154,-1.0339465821689942],[100.37949241584238,-1.033949112861194],[100.37949019901356,-1.0339618994220814],[100.37948906766638,-1.033984872603753],[100.37949021969791,-1.0340112919874969],[100.37948718808332,-1.0340365638363096],[100.37947844757235,-1.0340576268579298],[100.37947393927095,-1.0340647863607728],[100.37946590382847,-1.0340775432439955],[100.37945031408077,-1.034090951236351],[100.37944119045864,-1.0341035903084048],[100.37942598292284,-1.0341238898056417],[100.37940925373414,-1.0341441911015181],[100.37939556695193,-1.0341602781742267],[100.37938264099614,-1.0341763652469922],[100.37937960398557,-1.0341897678434862],[100.37937352546788,-1.0342069997531667],[100.3793735308638,-1.0342219329957629],[100.37936973662408,-1.0342441417536747],[100.37936860437765,-1.0342621389864917],[100.37936518785318,-1.0342812846535026],[100.37935150286961,-1.0343019672619107],[100.37933515499344,-1.0343222667591476],[100.37932147000987,-1.0343421831452133],[100.379300559873,-1.0343689946333257],[100.37928877875419,-1.0343961847360674],[100.37927509736789,-1.0344222282031978],[100.37926521921457,-1.0344501827296995],[100.37925952830466,-1.034485794983425],[100.37925231034592,-1.0345064739945542],[100.37924395114749,-1.0345290676622767],[100.37922837129236,-1.0345673643923305],[100.37921849134034,-1.0345907251817721],[100.37920632800967,-1.034611789102712],[100.37920305987336,-1.0346175249787279],[100.37919454509222,-1.0346324699124807],[100.37917819811543,-1.0346565996223376],[100.37916907898989,-1.0346799604117791],[100.37916604377796,-1.0346983398564475],[100.37916462644642,-1.0347129655309004],[100.3791622567328,-1.034737395614286],[100.37915161595436,-1.0347615226261269],[100.37914288443665,-1.0347990495364456],[100.37912996117882,-1.0348247098924048],[100.37910334664218,-1.0348553533917766],[100.37909346579085,-1.0348764164134536],[100.37908890982538,-1.0348959451916926],[100.37907523203637,-1.0349338579111418],[100.37906649242473,-1.034954536922271],[100.37905699018802,-1.0349717715299676],[100.37904672982279,-1.0349962807537167],[100.37904902579197,-1.0350280600968631],[100.37904942329232,-1.0350674980665531],[100.37905058071976,-1.0351050213795929],[100.37905591909544,-1.0351345011562785],[100.37905479314423,-1.0351693435902689],[100.37904985946352,-1.0351961487832],[100.37904530619596,-1.0352233361879826],[100.37903732920944,-1.035248992946606],[100.37902821278186,-1.0352788630290775],[100.37901909095837,-1.0352972460710248],[100.37901833732644,-1.0353129437373241],[100.37901834362174,-1.0353290263134909],[100.37901949745191,-1.0353550616866869],[100.3790107641355,-1.0353929717082337],[100.37900392479133,-1.0354121191739409],[100.37899176685664,-1.0354454363577474],[100.37898493470703,-1.0354791339548228],[100.3789750538557,-1.035500196976443],[100.37896289232367,-1.0355258555337628],[100.37895643699005,-1.0355522776154658],[100.37894122945426,-1.0355698980322927],[100.37892601832112,-1.0355806260450322],[100.37890890512193,-1.0355913540577149],[100.37889559335702,-1.0355951887668766],[100.37887048968139,-1.0356020919629145],[100.37885375689541,-1.0356116706420266],[100.37883740632128,-1.0356246973218504],[100.37882182107023,-1.0356503567784898],[100.37881346277118,-1.0356729522449086],[100.37880510087479,-1.0356898019427376],[100.37879521822481,-1.0357062712274114],[100.37876252157315,-1.0357464889092967],[100.3787435090058,-1.0357610471345424],[100.37872601719198,-1.0357763697836049],[100.37871043104161,-1.0357982017255836],[100.37870283087102,-1.0358173500906105],[100.37869865711741,-1.0358399419596935],[100.37870094499266,-1.0358537249693995],[100.37870247563882,-1.0358755488175007],[100.37870362587171,-1.0358962251306139],[100.37869945031946,-1.0359142232627505],[100.37869336910376,-1.0359268605361649],[100.3786888176349,-1.0359578772541909],[100.37868502789178,-1.0359915730526268],[100.3786831366175,-1.036015695567869],[100.37868428685044,-1.0360379034264611],[100.37868848128846,-1.0360597263752425],[100.37869381876476,-1.0360880577176204],[100.37869572982413,-1.03610949935387],[100.37869498428614,-1.0361443417879173],[100.37868967289018,-1.0361768900513653],[100.37868435609823,-1.0361960366177527],[100.37867713634085,-1.0362140356491523],[100.37866877804174,-1.0362373955393309],[100.37865965711757,-1.0362573101267003],[100.37865015578012,-1.0362772247141265],[100.37864407726244,-1.0362952228462063],[100.37864370404378,-1.0363128369677952],[100.3786505595757,-1.0363315950270362],[100.3786619800664,-1.0363518828330598],[100.37867492310926,-1.0363748506188131],[100.37867724246081,-1.0363771402927568],[100.37869547261801,-1.0363951348275577],[100.37870879337618,-1.0364100617748591],[100.37872211593299,-1.0364303495809395],[100.37874304945223,-1.0364567599714292],[100.3787544672449,-1.0364716878181071],[100.37878986096337,-1.0365130242566352],[100.37880888881921,-1.0365329262534715],[100.37882601640757,-1.0365539775839352],[100.37884009799217,-1.0365715854102859],[100.37885189979539,-1.0365934038624687],[100.37885342864286,-1.0366106339735097],[100.37884925219129,-1.0366290143174979],[100.37884431581256,-1.0366485439950566],[100.37883633522875,-1.0366669261376842],[100.3788367219372,-1.0366818593802805],[100.37884395608376,-1.0366971712373925],[100.37885804216495,-1.0367224358916474],[100.37886870272848,-1.0367457876878916],[100.3788740384062,-1.0367676097373533],[100.37888279780293,-1.0367932602007386],[100.37888737175484,-1.0368158475732798],[100.37889004274132,-1.0368338430074004],[100.37889671661026,-1.0368736613903025],[100.37890129236081,-1.0368981643187567],[100.37891347817452,-1.0369287898317339],[100.37891425428944,-1.0369640153769524],[100.3789097037199,-1.036997712074708],[100.37889906294146,-1.0370222212984004],[100.37888005307207,-1.0370444372509269],[100.3788458347675,-1.037083507397881],[100.37883215068325,-1.0371072530971901],[100.37882760101303,-1.037140948895626],[100.37882761360356,-1.03716928293602],[100.37883523715652,-1.0372045057832793],[100.37884971534214,-1.0372588698009508],[100.37886190205518,-1.0372917930817493],[100.37887104816042,-1.037330078120533],[100.37888324476597,-1.0373867408054025],[100.37888402178027,-1.0374250285422022],[100.3788840370687,-1.0374602549867404],[100.3788726336652,-1.0374786389280075],[100.37886579881763,-1.0375062103432811],[100.37885972479654,-1.0375353124047137],[100.37885669318189,-1.0375621157989485],[100.37884377981663,-1.0376080693568497],[100.37883695126436,-1.0376501900042285],[100.3788202328675,-1.0376946120167077],[100.37880351087341,-1.0377290803327242],[100.37877461026011,-1.0377482367916286],[100.3787495092825,-1.0377643301596891],[100.37872669618014,-1.0377741012936781],[100.37871908521765,-1.0377773613361114],[100.37869703474041,-1.0378057052690224],[100.37867803116626,-1.0378432357766769],[100.37866055014433,-1.0378807671835943],[100.37864155376474,-1.0379351455904384],[100.37863319276767,-1.0379535286323858],[100.37862103303434,-1.037983399614177],[100.37859974518216,-1.0380148057386691],[100.37855715508869,-1.038045455533279],[100.37851759660987,-1.0380531312469543],[100.37851222316061,-1.0380512075971069],[100.37847270425198,-1.0380370693551981],[100.37842628844254,-1.0380171790495183],[100.37838443759176,-1.038001881581522],[100.3783266219761,-1.0380088000659953],[100.37829239377902,-1.0380256623544142],[100.37826585478541,-1.0380394210823738],[100.37826577744374,-1.0380394615518753],[100.37825457998491,-1.0380499890157466],[100.37825455660254,-1.0380500016062228],[100.37825450624052,-1.0380500501696588],[100.37825436504698,-1.0380501832693199],[100.37822165670417,-1.0380616846989597],[100.378195029577,-1.0380624617131957],[100.37816993039803,-1.0380770226364575],[100.37814254694104,-1.0380885222674578],[100.37811744866138,-1.0381069107053236],[100.37808549934635,-1.0381130521755608],[100.37808546337351,-1.0381130440816833],[100.37808475380842,-1.03811319157046],[100.37804346593327,-1.0381042262289952],[100.37801051477351,-1.0381083379294296],[100.37801041764669,-1.0381083730029559],[100.37800711893345,-1.0381109711443628],[100.37799757532792,-1.0381182862298601],[100.37799745571806,-1.0381185236508941],[100.37799481620789,-1.0381273100272779],[100.37799070810473,-1.0381407090264361],[100.37798470423076,-1.0381704846800517],[100.37797467229336,-1.0381838099348215],[100.37797153096142,-1.0381880358491458],[100.37796785723089,-1.038192776175606],[100.37796536431017,-1.0381960685936633],[100.3779647545698,-1.0381967916485451],[100.37796382197286,-1.0381980291156765],[100.37796319424609,-1.0381989617126806],[100.37796050976976,-1.0382027118856172],[100.37796014824232,-1.0382028638710494],[100.37793338801549,-1.0382180309373439],[100.37793324592263,-1.0382180300380242],[100.37793292576396,-1.0382182791502146],[100.37791836394138,-1.0382182305868355],[100.37790680315652,-1.0382181415539549],[100.37790675099581,-1.0382181235675034],[100.37788317796634,-1.0382211156119752],[100.37788240814666,-1.0382211758665107],[100.37784514024111,-1.0382241939913115],[100.37780558176223,-1.038231105281227],[100.37776374260272,-1.0382395472173016],[100.37772816002661,-1.0382519236872554],[100.37770103377574,-1.0382754913208032],[100.37770067314761,-1.0382758141774389],[100.37769857862656,-1.0382774509435535],[100.37768652861047,-1.0382869549789575],[100.37768640989998,-1.0382872832315115],[100.37768012094091,-1.0383019997374276],[100.37767958584425,-1.0383033091503648],[100.3776766711415,-1.0383101790714591],[100.37766789735565,-1.0383409637644263],[100.37766620123426,-1.0383536639903355],[100.37765772422466,-1.0383738888438643],[100.37765153778832,-1.0383843587511024],[100.37763470337893,-1.0384135372548826],[100.37762039066854,-1.0384320066317514],[100.37761979981394,-1.0384323708572083],[100.37761970898242,-1.0384324266151452],[100.37760091135306,-1.0384440062858289],[100.37760067573066,-1.0384441573719414],[100.37759745345977,-1.0384462141214499],[100.37759722143466,-1.0384463813953175],[100.37757136142926,-1.0384609423185793],[100.37756667596136,-1.0384627409627001],[100.3775503145954,-1.0384690227271562],[100.37753964683731,-1.0384733547614928],[100.37753939682574,-1.0384738547845132],[100.37753111676767,-1.0384876323982439],[100.37752597714217,-1.0384964844251954],[100.37751998136213,-1.0385122954060648],[100.37751701809594,-1.0385313547382111],[100.37751487681015,-1.0385528062669209],[100.37751498382949,-1.0385531273249171],[100.377523706354,-1.0385601222517948],[100.37753014190258,-1.0385652825617058],[100.37754114600716,-1.0385742559970481],[100.37757644619609,-1.0386128036379318],[100.37759771786045,-1.0386403579660737],[100.37761832762379,-1.0386511938974081],[100.37762464536115,-1.0386544062757821],[100.37764398977839,-1.0386646864261024],[100.37768474975144,-1.0386799973839516],[100.37771855166989,-1.038689048161018],[100.37773004320701,-1.0386923109013537],[100.37774735425705,-1.038696273314315],[100.37777333567095,-1.0387066505913936],[100.37778686507181,-1.0387167958434134],[100.37779889260486,-1.0387328568358498],[100.37781970111837,-1.0387452063261549],[100.37783844029184,-1.0387475976235123],[100.37785835577853,-1.0387556285693336],[100.37787802215308,-1.0387585198897114],[100.37790157899474,-1.0387695132023964],[100.3779177110336,-1.0387786862872872],[100.37793987572473,-1.0387883935694617],[100.37795244375036,-1.0388045543866156],[100.37796946881599,-1.038836177247731],[100.37797699973879,-1.0388630525877716],[100.37797727762933,-1.0388824527629481],[100.3779749933513,-1.0389024401953861],[100.37797042479531,-1.0389217612302559],[100.37796725558445,-1.038944645379047],[100.37795922463857,-1.0389670241088425],[100.37795197970019,-1.0389847983097411],[100.37793569837385,-1.0390215257227737],[100.37792967201682,-1.0390450816651651],[100.37792314114012,-1.0390606435338441],[100.37791582425592,-1.0390783826611596],[100.37790668714393,-1.0390975130397351],[100.37789715702826,-1.0391193207000242],[100.37789712105536,-1.0391348825687032],[100.37789715702826,-1.0391353825917804],[100.37789840618655,-1.039150552356034],[100.37789844215945,-1.0391511234255404],[100.37789844215945,-1.0391522286923305],[100.37789838190486,-1.0391889318236736],[100.3778981435845,-1.0391897412135336],[100.37789352826377,-1.0392118699318189],[100.37788448558058,-1.0392255279357414],[100.37787839537168,-1.0392383297850643],[100.37787549236015,-1.0392564142520655],[100.37787563535232,-1.0392750688892534],[100.37787558678895,-1.0392904401016949],[100.37787577744524,-1.0393110462676987],[100.37787392124454,-1.0393431691518913],[100.37787149397434,-1.0393534484028919],[100.37786997142211,-1.0393591105344626],[100.37786426072711,-1.0393720562753401],[100.37786321391627,-1.0393837150863305],[100.37786330924439,-1.0393843805846359],[100.37787230336414,-1.0394023697235184],[100.37787991792391,-1.0394298772869774],[100.37789500315193,-1.0394529565886046],[100.37790713860363,-1.0394622366928274],[100.37791879831394,-1.0394724691790884],[100.37791908429836,-1.0394730402485379],[100.37791779916716,-1.0394884591250388],[100.37790937521754,-1.0395023545499953],[100.3779048741107,-1.039509785648022],[100.37790118958827,-1.0395158695616828],[100.37790095216729,-1.0395164406311892],[100.37790266537576,-1.0395487541716193],[100.37789966703605,-1.0395626028318361],[100.37789457507466,-1.0395808770558119],[100.37789105332951,-1.0395952967854782],[100.37788386774633,-1.0396072415808817],[100.37788529497044,-1.0396169974264353],[100.37789639979906,-1.039615723986401],[100.37790399817106,-1.0396030543374195],[100.37790475899749,-1.039602197283557],[100.37790811976396,-1.0395978706451388],[100.37791378009695,-1.0395905843379296],[100.37791717144034,-1.0395859582253593],[100.37791858607397,-1.0395842252317493],[100.37792054120007,-1.039581511077813],[100.37792132001294,-1.0395808770558119],[100.37792203407469,-1.0395808302910154],[100.37792203407469,-1.0395815425541173],[100.37792217706686,-1.0395975810634468],[100.37791965536786,-1.0396120961212887],[100.37791118375418,-1.0396405542680895],[100.37791123141824,-1.0396653476776123],[100.37791013694334,-1.0397129847663678],[100.37791066034873,-1.039738778221988],[100.37791422885863,-1.0397623818284387],[100.37791237265793,-1.0398212982142923],[100.3779112790823,-1.0398498040252093],[100.37790604412868,-1.0398715999942851],[100.37790618712091,-1.0398933482993584],[100.37791076736806,-1.0399359788622746],[100.37791086269624,-1.0399543960784854],[100.37791248057658,-1.0399831402096993],[100.37791228992029,-1.0399840916924177],[100.37791010097044,-1.04000426978115],[100.37790201066929,-1.04002140186617],[100.37789706170008,-1.0400299679086515],[100.3778987749086,-1.0400525247042083],[100.37789772809771,-1.0400675164027007],[100.37789725235638,-1.0400770330285809],[100.37789725235638,-1.0400789845574536],[100.37788735261927,-1.040093784700332],[100.37788635437181,-1.0401073950401951],[100.37788973312473,-1.0401420881867693],[100.37789839359607,-1.040152461866569],[100.37790167792014,-1.0401562219320226],[100.37790524732935,-1.0401610279090505],[100.37791276566168,-1.0401755906309518],[100.3779229495845,-1.0401971006156714],[100.37793156419042,-1.0402194199901942],[100.37793946383528,-1.0402326975809046],[100.37794374730618,-1.0402480220285497],[100.37794688773874,-1.0402700077546001],[100.37795226478528,-1.0402879492294232],[100.37796059340673,-1.0403031297855705],[100.3779680173102,-1.0403218797508771],[100.37797039691634,-1.0403410577935119],[100.37796720792039,-1.040353669885917],[100.37796573303223,-1.0403643772141891],[100.37796849305158,-1.0403846982951563],[100.37797306160758,-1.0404033052682848],[100.37797767782763,-1.040421721585119],[100.37798394160569,-1.0404509423570403],[100.37799606716482,-1.0404733147915977],[100.37801374963487,-1.0404896779562023],[100.37802143164379,-1.040504200208602],[100.37803156880193,-1.0405186199383252],[100.37803580370945,-1.0405299936642223],[100.3780397544312,-1.0405427946142254],[100.37804532213397,-1.0405579760696924],[100.3780516992266,-1.0405703489424241],[100.37806526190235,-1.0405831975564865],[100.37807230539266,-1.0405936683630443],[100.37807395834653,-1.0405957332064872],[100.37807816807305,-1.0406032920082566],[100.37807930121886,-1.0406053271740348],[100.37808167992563,-1.0406148932626706],[100.3780890094003,-1.0406242201316331],[100.37809386304139,-1.0406341657341045],[100.37809519493737,-1.0406452552742849],[100.3780981941764,-1.0406553906337308],[100.37809876524585,-1.040668240147113],[100.37810390397203,-1.0406808990042578],[100.37811156619586,-1.0406959851315492],[100.37811970416107,-1.0407067877879967],[100.37812969832697,-1.0407190662318726],[100.37813574087181,-1.0407275360469157],[100.37814540228857,-1.0407361497534566],[100.37815606195278,-1.0407423370891138],[100.37817005270585,-1.0407573269890236],[100.37817714386017,-1.0407703671586432],[100.37817861874834,-1.0407846438961315],[100.37817405109166,-1.0408022517224822],[100.37816191474064,-1.0408113411704107],[100.37815339726154,-1.0408207642668117],[100.37815325966528,-1.0408229073512416],[100.37815268319986,-1.0408319482357911],[100.37815520489886,-1.0408431313053939],[100.37816153522675,-1.0408546947882655],[100.37817096731635,-1.0408715058152893],[100.37817662135404,-1.0408815827188391],[100.37818818483692,-1.0408973829078718],[100.37820065303777,-1.0409126587921378],[100.37820750587179,-1.0409361679697327],[100.37820817226941,-1.0409412122670574],[100.37821021912634,-1.0409579162747491],[100.37821716728848,-1.0409866127419605],[100.37821878516888,-1.0410014596495785],[100.37822087879056,-1.0410233986108892],[100.37822154518824,-1.0410380089968498],[100.37822351380419,-1.0410507137194145],[100.37822501926928,-1.0410604228002285],[100.37823158611889,-1.0410838852130837],[100.37823510786399,-1.0410969235841208],[100.37823661242976,-1.0410995379132828],[100.37824638626176,-1.0411165306033467],[100.37825690383312,-1.0411313307462819],[100.37826627926546,-1.041145845804067],[100.37827750999912,-1.0411664519701276],[100.37828774068674,-1.0411806342788168],[100.37829549823869,-1.0411974327153075],[100.37829725911126,-1.0412074268812148],[100.37830025745097,-1.0412214652983494],[100.37830663364429,-1.0412314585649369],[100.37831001329653,-1.0412413583019884],[100.3783190550804,-1.041256300537782],[100.37832833518456,-1.0412633440280388],[100.37833623482942,-1.0412642001826384],[100.37834335026548,-1.04126555096434],[100.37835324640525,-1.0412674035677583],[100.37836431166369,-1.0412756692367111],[100.37837221220786,-1.0412871859548432],[100.37838144464803,-1.0412991307502466],[100.37839082008037,-1.0413076023639292],[100.37840200314997,-1.0413121232558638],[100.37840766618092,-1.0413210697115574],[100.37840876065582,-1.0413290646845326],[100.37841247305727,-1.041337393306037],[100.3784195156482,-1.041347385673248],[100.3784257497486,-1.0413528121824811],[100.37843398304193,-1.0413591407117337],[100.37844668866381,-1.041361949294469],[100.37844845043571,-1.0413633756192553],[100.37845830071007,-1.0413717995688216],[100.3784652488722,-1.0413872661093819],[100.37847538603029,-1.0414095018469993],[100.37848026395307,-1.041424492646172],[100.37849251811525,-1.0414375202253154],[100.37850750801516,-1.0414574483025376],[100.37851654979897,-1.0414727358780169],[100.37852071366007,-1.0414858228124331],[100.37852725802662,-1.0414955202020337],[100.37853564600334,-1.041502718375682],[100.37854694778349,-1.0415127709975422],[100.37855426466763,-1.0415266907041882],[100.37855884491483,-1.0415400753141739],[100.37856336580677,-1.0415545903720158],[100.37856295031997,-1.0415680927932272],[100.37856092684535,-1.041575351221411],[100.37856289006538,-1.0415849883564761],[100.37856770863289,-1.0415990258742909],[100.37858109324293,-1.0416119347429458],[100.37859049205764,-1.0416205007854273],[100.37859580525225,-1.0416244299234449],[100.37859764886247,-1.0416257393363821],[100.37860080188557,-1.0416279993326611],[100.37861252095115,-1.0416360887344354],[100.37862013461159,-1.041646796962084],[100.37862566724078,-1.04165607706625],[100.37862578595133,-1.0416668437497947],[100.37862691639913,-1.0416782651397511],[100.37862989135647,-1.0416912927189514],[100.37863571986264,-1.0417072952554349],[100.3786450602214,-1.0417223454098803],[100.37865630264633,-1.0417288879777402],[100.37866736700545,-1.0417324582862761],[100.37867605175842,-1.041741202394519],[100.37868277419074,-1.0417536346224665],[100.37868574824876,-1.0417660083945179],[100.37869229171594,-1.0417764783018129],[100.37869449325632,-1.0417823670625239],[100.37870466458867,-1.0417871847307651],[100.3787150103895,-1.0417878556249889],[100.37872527974793,-1.0417869895778722],[100.37873631173147,-1.0417911111708236],[100.37874559183564,-1.0417943829044134],[100.37875142214045,-1.0418026521705883],[100.37875689361579,-1.0418116336998651],[100.37876147476231,-1.0418220442518873],[100.37876427075457,-1.0418325141591254],[100.37876427075457,-1.0418332282208667],[100.37876540120237,-1.0418510141129786],[100.37876926738784,-1.0418660049121513],[100.37876992209431,-1.0418773669468919],[100.3787705174455,-1.0418883116961979],[100.37876914867735,-1.0418958075454157],[100.3787752164032,-1.0419042548774087],[100.37877771022323,-1.0419036316472443],[100.37878353333343,-1.0419021738462106],[100.37879513998377,-1.0418970989719014],[100.3787951570709,-1.0418970773881711],[100.37880318172154,-1.0418889762951835],[100.37880959208906,-1.0418789731360789],[100.37881511302709,-1.0418672180975932],[100.3788203947455,-1.0418601026615875],[100.37883134129345,-1.0418559388004951],[100.37883169922361,-1.0418560871886484],[100.37885022885501,-1.0418598175764942],[100.37886331578943,-1.0418681461979418],[100.3788712271255,-1.0418809363561081],[100.37887890104054,-1.0418950341284585],[100.37887973381271,-1.0419051470049112],[100.37888919198269,-1.0419205541901988],[100.37890002971267,-1.0419256479502224],[100.37891117141351,-1.0419218096437248],[100.37891478309081,-1.041920556888158],[100.37892603810621,-1.0419215560349357],[100.37893431906366,-1.0419283378224691],[100.37894132837965,-1.0419414013745154],[100.37894946634486,-1.0419543453167535],[100.37896555071967,-1.0419631020154725],[100.37898801308637,-1.0419652433012629],[100.37900177271371,-1.0419639221972261],[100.37901302862844,-1.0419568589218784],[100.37901310507078,-1.0419570109072538],[100.37901928521188,-1.0419598878385159],[100.37902014136648,-1.0419602880368188],[100.37902439605909,-1.0419621577273688],[100.37902864895307,-1.0419719261633986],[100.37903003930495,-1.0419801873357528],[100.37903152318631,-1.0419998321265211],[100.37903981223758,-1.0420154713368674],[100.37904926501164,-1.0420256570583888],[100.37905140629744,-1.0420326528845862],[100.37905711699244,-1.0420497849695494],[100.37905901995788,-1.0420659646724744],[100.37905835445957,-1.0420803367380813],[100.37905564210428,-1.0420874278924543],[100.37904569470311,-1.0420961836918536],[100.37904012789966,-1.0421082723788118],[100.37903608184973,-1.0421292589580844],[100.37903769973013,-1.042139918622297],[100.37903850911994,-1.04214401233628],[100.37904507686886,-1.0421655699850021],[100.37904964542486,-1.0421748491899052],[100.3790620776528,-1.0421974896224242],[100.3790737139808,-1.0422127664060099],[100.37909234523562,-1.0422393917344834],[100.37910742866495,-1.0422446581644067],[100.37910747812765,-1.0422446752515384],[100.37911184343687,-1.0422423046385916],[100.37911802088001,-1.0422389492680395],[100.37911825740173,-1.0422388206649771],[100.37912638817232,-1.0422306215459116],[100.37912682344421,-1.0422301835760663],[100.37913753077248,-1.0422283282746889],[100.37914638190006,-1.042236109209],[100.37915259261814,-1.0422575238656009],[100.37915650197107,-1.0422729328495279],[100.37915778710226,-1.0422767882431572],[100.379158180106,-1.0422775733512708],[100.37916342585146,-1.0422873885520971],[100.37916549609082,-1.0422915290308197],[100.37916681719491,-1.0422935282236949],[100.37917474112146,-1.0423058768147371],[100.37918084392089,-1.0423210097067681],[100.37918066585513,-1.0423217957142583],[100.37917010331768,-1.0423320992469485],[100.37917006464681,-1.0423326316455928],[100.37916976337397,-1.0423364960324193],[100.37916937576614,-1.0423408676368808],[100.379171726594,-1.0423456070640782],[100.37917361876754,-1.0423501387478495],[100.37917418983704,-1.0423516028441213],[100.37919135699559,-1.0423548152224953],[100.37920764821445,-1.0423546398546932],[100.37920769497919,-1.0423546389553735],[100.37921808574612,-1.042340831663978],[100.37922131341293,-1.0423390896772275],[100.37922135478175,-1.0423391121602776],[100.37922634961637,-1.042336321563937],[100.37922704928894,-1.0423359339561671],[100.37922731368963,-1.0423362451215894],[100.37922732987744,-1.0423362730005579],[100.37922769320352,-1.0423367541378639],[100.37922823459542,-1.0423374439178588],[100.37923436617314,-1.042345250033236],[100.37923572774667,-1.0423530102831364],[100.37923729886234,-1.0423619675307236],[100.3792374769281,-1.0423625745731329],[100.37923790590469,-1.0423633956541494],[100.37924494939494,-1.0423773423404441],[100.3792569166734,-1.0423809800981303],[100.37927818923708,-1.0423784458085947],[100.37928655832809,-1.0423769511353385],[100.37929036515828,-1.0423762838383936],[100.37929560191054,-1.0423752676044842],[100.37929664242614,-1.0423750661563531],[100.37931051626737,-1.042381930681529],[100.37931296691994,-1.0423845477086502],[100.37931526828504,-1.0423872663591851],[100.3793176595824,-1.0423898240310905],[100.37932053291632,-1.0423928916185901],[100.37932535058451,-1.0424126650124208],[100.37932920597814,-1.0424327243906646],[100.37934166158846,-1.0424554601513023],[100.3793611858701,-1.0424680587538546],[100.37937553365401,-1.0424783020319524],[100.37939006130233,-1.0424897953677146],[100.37940527693206,-1.0425093861991854],[100.3794209224377,-1.0425329430408397],[100.37943110905849,-1.0425492990108864],[100.37943759676773,-1.0425563200180932],[100.37943920025896,-1.0425580548103426],[100.37945066301774,-1.0425705922589827],[100.37945297067813,-1.042573098669493],[100.37945344731878,-1.0425735150556079],[100.37945389877848,-1.0425740033874717],[100.37945432775507,-1.0425745501752886],[100.37945580264324,-1.0425761212908924],[100.37945749157007,-1.042578011665853],[100.37945776586326,-1.0425782140133038],[100.37945829016803,-1.0425788093644996],[100.37946246482096,-1.042582508276098],[100.37948214828259,-1.0426083422011629],[100.37950656127884,-1.04263549183446],[100.37951745926341,-1.0426473422010076],[100.37953823180402,-1.0426563839848768],[100.37955712386224,-1.0426618797418996],[100.37956054578262,-1.0426695455630579],[100.37956291369755,-1.0426749945552842],[100.37956390115318,-1.0426773273966887],[100.37956702989459,-1.0426963768362612],[100.37956704608234,-1.0427094592740787],[100.3795670056129,-1.0427163237992545],[100.37956704878036,-1.0427235192749436],[100.37956920535458,-1.0427469070440907],[100.3795711092194,-1.0427740800597007],[100.37957255982582,-1.0427930206813016],[100.37957627222727,-1.0428080105811546],[100.37958362508431,-1.0428280699593984],[100.37959261920406,-1.0428395632951606],[100.37960725297239,-1.0428487723528974],[100.37961796030066,-1.0428565523879456],[100.37962916675269,-1.0428666886467113],[100.37964665676787,-1.0428900305504385],[100.37966021944362,-1.0429201551410188],[100.37966587438063,-1.0429382027357974],[100.3796714978414,-1.0429547052953581],[100.3796733540421,-1.0429611300520492],[100.37968005219273,-1.042995690998282],[100.37968090924664,-1.0429990463688341],[100.37968140926966,-1.0430088255967576],[100.37968162330833,-1.0430156073843477],[100.37967805389911,-1.0430322403455534],[100.37966171411688,-1.0430388656510559],[100.3796587778304,-1.0430400563534477],[100.37964911011841,-1.0430437327819959],[100.37963778405657,-1.0430571533648845],[100.37963573719958,-1.0430594367435901],[100.37963674084295,-1.0430726855559556],[100.37963755023281,-1.0430824180191394],[100.37964178603966,-1.0431015492970346],[100.37964791941602,-1.0431147252643314],[100.37965316606085,-1.0431262536736199],[100.37965509330797,-1.0431304301251885],[100.37966237421927,-1.0431480262603827],[100.37967104728108,-1.0431616599825588],[100.37967925629272,-1.0431778999400763],[100.37968289674836,-1.043198921592932],[100.37968320611515,-1.0432192192914727],[100.37968659745854,-1.043234506866952],[100.37970069523095,-1.0432472367705259],[100.37970627192698,-1.0432520526400708],[100.37971640009187,-1.0432608003455925],[100.37973192598764,-1.043272995152563],[100.37974953381399,-1.0432801330716188],[100.37977225788347,-1.0432744817318849],[100.37978921100336,-1.043268592971117],[100.37980324132661,-1.0432647852416039],[100.37980411816557,-1.0432645424246516],[100.37980415503779,-1.043264534330774],[100.37980419280933,-1.0432645289347988],[100.37980521264052,-1.0432642501450005],[100.37982103711124,-1.0432660352992684],[100.37983953706504,-1.0432711506430223],[100.37985821598392,-1.0432850712489881],[100.37987368162516,-1.0432972651566388],[100.37988992158267,-1.0432975025776159],[100.37990419921948,-1.0432910193650287],[100.37992258046279,-1.0432834650598011],[100.37994679111159,-1.0432860227317065],[100.379960752187,-1.0432843733750587],[100.37996083492465,-1.043284362583222],[100.379960888884,-1.0432843571873036],[100.37996740267357,-1.0432781302814647],[100.37997034795325,-1.0432753154034344],[100.37998229364797,-1.0432613399388515],[100.37998237098969,-1.0432612500066512],[100.37998239707002,-1.0432612266242813],[100.37998259222292,-1.0432610062903791],[100.37998260571277,-1.0432609811093698],[100.3799884908762,-1.0432498546969668],[100.37999455410545,-1.0432415521558482],[100.37999461885664,-1.0432414631229676],[100.37999509369865,-1.0432408129131545],[100.38001532035082,-1.0432353989943977],[100.38002626510013,-1.043227428303112],[100.38004559782615,-1.0432244542450917],[100.38006570486846,-1.0432264768203936],[100.38007986199608,-1.0432346255774405],[100.38009312789558,-1.0432487242491675],[100.38012697567945,-1.0432837033801547],[100.38015112697298,-1.0433143981409216],[100.38016242965244,-1.0433468771565799],[100.38017016292275,-1.04335776255067],[100.38017444639365,-1.043371087805383],[100.38017510020074,-1.0433833419676262],[100.38018063282999,-1.0433924440060309],[100.38018550985345,-1.0434052341641973],[100.38019068635117,-1.0434152265314083],[100.38020056090721,-1.0434365233767835],[100.38020912694969,-1.0434475283806819],[100.38021602744777,-1.0434615083418635],[100.38023434933581,-1.0434726914115231],[100.38025689444021,-1.0434748326973136],[100.38027819038626,-1.0434760818556583],[100.38030168787265,-1.0434766169522618],[100.38032423297705,-1.0434730475430456],[100.3803529654171,-1.043476973983104],[100.38038127427643,-1.0434747715434014],[100.38039406983052,-1.0434629346666497],[100.38039457524951,-1.0434624301469739],[100.38039542241086,-1.0434615838849481],[100.38039578034108,-1.0434612259547862],[100.38039597369527,-1.043461031701213],[100.38039850888413,-1.043457956019779],[100.38040318805673,-1.0434522777003963],[100.38040326809642,-1.0434521832715973],[100.38040352889982,-1.0434518712068552],[100.38040665044662,-1.0434451442779391],[100.38040775301545,-1.0434430380657318],[100.38040939517748,-1.0434395406022645],[100.38042070864884,-1.0434271560383763],[100.38043577139382,-1.0434257989613798],[100.3804522838459,-1.0434152148402518],[100.3804704627417,-1.0434081722493147],[100.38048654801582,-1.0434079815930204],[100.3805005387689,-1.0434088377476201],[100.38051824372201,-1.0434100356445697],[100.38053071102354,-1.0434076956086074],[100.38054479710479,-1.0434091237320331],[100.38055364913168,-1.0434141680293578],[100.38056554626303,-1.0434216872610023],[100.38058153620898,-1.0434318720832039],[100.38059543163394,-1.0434417700216159],[100.38061323011652,-1.0434451011104784],[100.38063502608566,-1.0434439589714657],[100.38064768494274,-1.0434379631914226],[100.38065910633276,-1.0434333937361089],[100.38067098008173,-1.0434402465700714],[100.38067573929402,-1.0434505267203917],[100.38068325762629,-1.0434626621720895],[100.38069734370748,-1.0434725601105015],[100.38071354859147,-1.0434830776818558],[100.38074248337898,-1.0435005901800309],[100.38076580190028,-1.0435127732957881],[100.38079035788877,-1.0435230525467887],[100.38081285532905,-1.0435293109289319],[100.38083165295848,-1.0435409697399223],[100.38085294890453,-1.043548703010174],[100.38087091376173,-1.0435534622224623],[100.38089696892001,-1.0435497741027575],[100.3809095801131,-1.0435371629096721],[100.38091017546429,-1.0435356160757578],[100.38091525573452,-1.0435193797155762],[100.38091564783895,-1.0435181269599525],[100.3809158861593,-1.0435121779445922],[100.38091596529961,-1.0435108856188435],[100.38091636100131,-1.0435042782997357],[100.38091636459859,-1.0435042072533065],[100.38091636369927,-1.0435041227170245],[100.38091523235215,-1.0434915843690646],[100.38091521076842,-1.0434913145724636],[100.38091517209756,-1.0434908819985367],[100.38092480923262,-1.0434864798171475],[100.38094396389289,-1.0434929045738386],[100.38095562270388,-1.0435086085354328],[100.3809649028081,-1.0435144388402477],[100.38098477063073,-1.0435133677476642],[100.38099464608609,-1.0435071822106465],[100.38101511015924,-1.0435127732957881],[100.38102522213637,-1.043517055867369],[100.38104675640272,-1.0435276453844722],[100.38106888512101,-1.0435385901337781],[100.38108851642198,-1.0435452532108229],[100.38110517186624,-1.0435509639058296],[100.38111849712101,-1.0435579831143968],[100.38112896702825,-1.0435691661839996],[100.38114966762311,-1.043584395303526],[100.38116188311449,-1.0435867803056453],[100.38116402440028,-1.0435871373364876],[100.38118555776731,-1.0435868990161339],[100.38120661629239,-1.0435851147611857],[100.38122232115325,-1.0435861858537692],[100.38123957194875,-1.0435760729773165],[100.38126003512258,-1.0435667928731505],[100.38128299661304,-1.0435620336608622],[100.38129810702208,-1.0435554910930023],[100.38130988544293,-1.0435473998925318],[100.38132796901061,-1.0435347886995032],[100.38133891465924,-1.0435289601933277],[100.38134557683696,-1.0435258656261226],[100.38135687861711,-1.0435178949348369],[100.3813865472514,-1.0435233349339228],[100.38141708013421,-1.0435325287031674],[100.38144795296074,-1.0435378832666515],[100.38145323198114,-1.0435364812235548],[100.38147053493731,-1.0435327112655841],[100.38147125079763,-1.0435321959540147],[100.38148690799449,-1.0435224221220096],[100.38148750784228,-1.0435217647176387],[100.38149122024367,-1.0435161106798887],[100.38149401803457,-1.0435117705517314],[100.38149441823288,-1.0435111707039368],[100.38149666384004,-1.0435076687438709],[100.38149672139662,-1.0435070976743646],[100.38149689226782,-1.0435046137469044],[100.38149692104611,-1.0435038996851631],[100.38149764410105,-1.0434888522286769],[100.3815060581581,-1.0434729755972967],[100.38150853309241,-1.0434678746426584],[100.38151161596835,-1.0434617070920353],[100.38151397668872,-1.0434460220162691],[100.38151664227928,-1.0434348290540925],[100.38151679426471,-1.0434336869150798],[100.38151736533422,-1.0434325447760671],[100.38151778441829,-1.0434313639662491],[100.38151820260305,-1.0434304889258783],[100.38151984026848,-1.0434267963095749],[100.38152391779465,-1.0434179577724763],[100.38152763828992,-1.0434117569469663],[100.38152989109165,-1.0434070750764022],[100.38153046216115,-1.0434059707089318],[100.38153121309506,-1.0434057980390889],[100.38153123377947,-1.0434057629655626],[100.38154949721161,-1.0434006467224322],[100.38156668775252,-1.04339862504645],[100.38158701243071,-1.0433871847707223],[100.38159143799453,-1.0433845677435443],[100.38160871307173,-1.0433724799559627],[100.381621942099,-1.0433681020562062],[100.38162822026624,-1.0433662665399197],[100.38165082922245,-1.0433653420368501],[100.3816665808481,-1.0433658645429773],[100.38168183964524,-1.0433649103622997],[100.38169708675122,-1.0433608418293261],[100.38169712092542,-1.0433608391313669],[100.38169715689833,-1.0433608346347683],[100.38169800495905,-1.0433605954150948],[100.38171307579785,-1.0433614866432208],[100.38171721627657,-1.0433615352066568],[100.38173548960123,-1.0433665318399221],[100.38175433579403,-1.0433700293033894],[100.38177253897157,-1.0433698872104742],[100.38178281822252,-1.0433671739558577],[100.3817852850629,-1.0433652566012483],[100.38178602970157,-1.043364675639225],[100.38179483046713,-1.0433568470407977],[100.38179649601153,-1.0433550304102823],[100.3817995420153,-1.0433483682325573],[100.38180332546318,-1.043340181703968],[100.38180405391404,-1.0433397212510727],[100.38182048182983,-1.043330488810966],[100.38183365959577,-1.0433246710966273],[100.38183963109418,-1.0433116336249668],[100.38184153405962,-1.0432994127376674],[100.38184195314369,-1.0432815566984459],[100.38183574782158,-1.0432680803575636],[100.38183730814529,-1.0432510615871706],[100.38183833786906,-1.0432508430519079],[100.38185406791098,-1.0432487188532491],[100.38186507291482,-1.0432612113357891],[100.38187048593426,-1.0432762605909147],[100.38188291906152,-1.0432875039151099],[100.38189821473088,-1.0432894527460235],[100.38189832624681,-1.0432894671351391],[100.38190406931739,-1.0432863707693514],[100.38191884877591,-1.0432784018767052],[100.38193943066028,-1.043272335050176],[100.38195668235505,-1.0432707882162617],[100.38197143483393,-1.0432731669230861],[100.38198428434731,-1.0432765582664842],[100.38198612795748,-1.0432791159383896],[100.38199368316202,-1.0432883960426125],[100.38199446916946,-1.043306066821458],[100.3819951229766,-1.0433079140289578],[100.38199707270678,-1.0433136777839422],[100.38200192275059,-1.0433274518003941],[100.38202062595121,-1.043339801290756],[100.38203872121005,-1.0433556482445283],[100.38206249209037,-1.0433615729781422],[100.38208601295918,-1.043372245232888],[100.38210257397469,-1.0433747426502009],[100.3821079276388,-1.0433754926847882],[100.38211028386257,-1.0433758497156305],[100.38212247327357,-1.0433780629472267],[100.38214252995385,-1.0433770062438157],[100.38214278715998,-1.0433769918546432],[100.38214560293727,-1.0433732686613553],[100.3821530763035,-1.0433633923066736],[100.38217443160477,-1.0433481038318746],[100.38219263478231,-1.0433266882760108],[100.38220032128788,-1.0433152408056685],[100.3822006864126,-1.0433146904205728],[100.38220090314923,-1.0433143747585518],[100.38221414566635,-1.0432935149837022],[100.38221434711448,-1.0432931984223046],[100.3822274340489,-1.0432842150943884],[100.38224265237659,-1.0432751247471401],[100.38224298422642,-1.0432749241983288],[100.38224356698709,-1.0432745779593802],[100.38225670158556,-1.0432744709400481],[100.38227822416076,-1.0432860712950855],[100.38228464801813,-1.0432869993954341],[100.38228857445819,-1.0432875695656207],[100.38230088797565,-1.04328953278565],[100.38230674166283,-1.0432898898164922],[100.38230902594086,-1.0432899968358242],[100.38232120006342,-1.043290865580957],[100.38233438322527,-1.0432824659130233],[100.38235065825631,-1.0432776590366757],[100.38235184805939,-1.0432776122719361],[100.38235188583093,-1.0432776437482403],[100.38236983539963,-1.0432780295573707],[100.38240259590316,-1.0432851683757463],[100.38242686590718,-1.0432928386935032],[100.38244493058914,-1.0433004919241284],[100.38246623193112,-1.043309591264574],[100.38250805310423,-1.0433320914028741],[100.38251307941516,-1.0433336517265843],[100.38251757062943,-1.0433348316371394],[100.38253534393101,-1.0433404550979049],[100.38256200613176,-1.0433462728121867],[100.38257681796586,-1.0433492351789937],[100.38258306375747,-1.043350128205816],[100.3825893805955,-1.0433510554068448],[100.38260040988109,-1.0433531256462061],[100.38261305974498,-1.0433521498817413],[100.38262193965085,-1.0433427816440144],[100.38262807932244,-1.0433308188621595],[100.38263938559925,-1.0433217384074283],[100.38264032898803,-1.0433214533223918],[100.38265172070044,-1.043318054784379],[100.38265300583163,-1.0433181680989492],[100.38266793907417,-1.0433194676193125],[100.38268264388898,-1.0433242151403874],[100.38269667870884,-1.0433203678406358],[100.38269670478917,-1.0433203561494793],[100.38271176933273,-1.0433115086191833],[100.38271704925251,-1.0433090786510206],[100.38272697417057,-1.0433045127929859],[100.38274721071525,-1.043302158367851],[100.38275909615544,-1.0433006942715792],[100.3827644138467,-1.0433001591749758],[100.38277606636245,-1.0432989351976403],[100.38277619316682,-1.0432989217078443],[100.38277857187364,-1.0432981123179843],[100.38278052340252,-1.0432973991556196],[100.38279413374232,-1.0432925446152126],[100.38279435137827,-1.0432924582802912],[100.38279580827998,-1.043291873720932],[100.38279883899526,-1.0432900642849745],[100.38281399796767,-1.0432813642435121],[100.38281436039449,-1.0432811573994627],[100.3828350969622,-1.0432794082180408],[100.38285062285803,-1.0432773020058335],[100.38286725491992,-1.0432734106393582],[100.38287925367467,-1.0432707882162617],[100.38287977078483,-1.0432706749016916],[100.38288345890459,-1.0432683906236662],[100.38288393464592,-1.0432680812568833],[100.38289257173489,-1.0432625306412433],[100.38290176100753,-1.0432597706218871],[100.38290213782346,-1.0432596582066367],[100.38292740787364,-1.0432548522296088],[100.38293195304726,-1.0432545662451957],[100.38294070884672,-1.0432538755658811],[100.38295826990827,-1.0432513655580351],[100.3829628015921,-1.0432517936353065],[100.38296604994332,-1.0432520436468735],[100.38297441363835,-1.0432528881102598],[100.38299014188158,-1.0432509365813871],[100.38299306917486,-1.0432504383570063],[100.38299361596268,-1.043250270183762],[100.38300125570345,-1.0432487170546096],[100.38300125480413,-1.0432486244244501],[100.38300165320379,-1.0432486244244501],[100.38301716920705,-1.0432399855368431],[100.38301758829112,-1.0432398335514108],[100.38301783110808,-1.0432399288795864],[100.38303313487131,-1.0432427842270613],[100.38305178770992,-1.0432432986392541],[100.38306307689953,-1.043243867910121],[100.3830844924554,-1.043249151427176],[100.38309566293458,-1.0432532316512493],[100.38309763784576,-1.0432539097400877],[100.38310391691232,-1.0432562533733289],[100.38313386883306,-1.0432666630260314],[100.3831523103309,-1.0432667520589121],[100.38317238589696,-1.0432670794121464],[100.38319097578295,-1.0432681496053533],[100.3832079585805,-1.0432681810816575],[100.38321926575657,-1.0432662961026153],[100.38321935928604,-1.0432661648015937],[100.38322758178754,-1.0432605296496718],[100.38323816590866,-1.043252878217686],[100.38325327991498,-1.0432367740578457],[100.38326020919135,-1.0432252762254848],[100.38326298809648,-1.0432205547847389],[100.38327425840038,-1.0432079921550894],[100.38328636417441,-1.0432014432919345],[100.38330494326857,-1.0431972560484724],[100.38330562765265,-1.0431972173776103],[100.383305681612,-1.0431972722362843],[100.38332202499151,-1.0431971832034037],[100.38334789758744,-1.0431954592030479],[100.38334800190881,-1.0431953899552582],[100.38336463936668,-1.0431844640917234],[100.38337975337299,-1.0431766588756659],[100.38338199987948,-1.0431765833325812],[100.38338205923469,-1.0431766327953369],[100.3833922782311,-1.0431760653231095],[100.3834081018025,-1.043175201973952],[100.3834291297506,-1.0431783549970532],[100.38345724705437,-1.0431895389659758],[100.38347432158275,-1.0431924509707642],[100.38348591474323,-1.04319159931282],[100.3834994288556,-1.043190530018876],[100.38349946302986,-1.0431904949453497],[100.38351708974199,-1.0431848606927474],[100.38352516115731,-1.0431747720979843],[100.38352668370953,-1.0431728295623657],[100.38353612569171,-1.043159048351356],[100.3835470137837,-1.0431480460454168],[100.38357004721996,-1.0431393648897256],[100.38358497056998,-1.0431367766408925],[100.38358500834153,-1.0431368180097138],[100.38360064665255,-1.0431386993914202],[100.38361608531415,-1.0431406500209164],[100.38363953423715,-1.0431486800674747],[100.38365573912114,-1.043155425882162],[100.38368796812529,-1.0431726649864572],[100.38370913366964,-1.043181588059781],[100.38371463032598,-1.0431833021676198],[100.38371877080471,-1.0431844443066325],[100.38373671227953,-1.0431895830327562],[100.38375481383366,-1.0431878671263348],[100.383754865095,-1.0431877637042817],[100.38376294460426,-1.0431815673753704],[100.38376854198469,-1.0431770266984017],[100.38377539481866,-1.0431627220818882],[100.38378393208285,-1.0431532989854873],[100.38379138476466,-1.0431453327908002],[100.38379192705582,-1.0431452473552554],[100.3837919774179,-1.0431452833281014],[100.38382027458607,-1.0431395375595685],[100.38382846111466,-1.0431393244202241],[100.38383300538896,-1.0431393001385345],[100.38384696646438,-1.0431390977910837],[100.38384703121557,-1.0431390986904034],[100.38386221087239,-1.0431271862705671],[100.38387162767356,-1.0431175698199695],[100.38387281927527,-1.0431174807870889],[100.38389042710156,-1.043116677692467],[100.38391273658357,-1.0431232832128785],[100.38394690632475,-1.0431308977726417],[100.38396323081849,-1.0431279758753362],[100.38397032017417,-1.0431267078312771],[100.38397062594368,-1.0431266592678412],[100.38399175371654,-1.0431236636261474],[100.38400565004076,-1.0431342666330465],[100.38401620538366,-1.0431510515797413],[100.38404024785922,-1.0431581787069604],[100.38406554578836,-1.0431706478071305],[100.38408302141437,-1.0431821069686293],[100.38410475982687,-1.0431892071161428],[100.38412876363162,-1.0431978693861197],[100.38415488444042,-1.0432072933818404],[100.38417002362775,-1.0432111002120337],[100.38418709635749,-1.043216928718266],[100.38419726768979,-1.0432189521928308],[100.38420045128987,-1.0432196356775876],[100.38421368571306,-1.0432221978460916],[100.38423520199302,-1.0432217652722215],[100.38423540523979,-1.0432217607755661],[100.38425855288995,-1.0432147082921119],[100.3842593370988,-1.0432144735690372],[100.38426549385753,-1.0432137891849607],[100.38426870623584,-1.0432134330534382],[100.38427693233461,-1.0432125463219108],[100.38429391063551,-1.0432111568693472],[100.38433407705605,-1.0432107611676429],[100.38433413191473,-1.0432106199741042],[100.38434509734844,-1.0432038822532945],[100.38435623275399,-1.0431968009915522],[100.38438330144828,-1.0431862357561386],[100.38438332213269,-1.0431862672323859],[100.38441220116221,-1.0431829874049185],[100.38443218769538,-1.0431793460499534],[100.38446580974937,-1.0431767766868347],[100.38448715425881,-1.0431719940922335],[100.38451492172629,-1.0431724941152538],[100.38453269592725,-1.0431697808606373],[100.38454989995796,-1.0431668553660529],[100.38458530626696,-1.0431740643315379],[100.3846195713362,-1.0431744213623801],[100.3846382016917,-1.0431689957525236],[100.38466668412025,-1.0431577173547453],[100.38468831281546,-1.0431437257023504],[100.38472462384237,-1.0431298356733123],[100.38475421873227,-1.0431232328508599],[100.38478085485264,-1.0431270819492511],[100.38479987371528,-1.043131253904221],[100.38479993846647,-1.0431312062401048],[100.38482293323182,-1.0431158251351462],[100.38482658807663,-1.0431018532678422],[100.38484074970091,-1.0430876520734387],[100.38485220976173,-1.0430786291753407],[100.38485224483532,-1.0430786462624724],[100.38487795015732,-1.0430775212105914],[100.38490493341601,-1.043082042102526],[100.38492444510712,-1.0430843497628643],[100.38493931629648,-1.0430981039942822],[100.38496537145477,-1.0431147360561681],[100.38499342490667,-1.0431268238438065],[100.38502080836366,-1.0431349033530637],[100.38504919546403,-1.0431383288707252],[100.38508203061127,-1.0431463724071364],[100.38509233414396,-1.0431499166352864],[100.38509361927515,-1.0431502736661287],[100.38510582487396,-1.0431542819445099],[100.3851351814435,-1.0431602012822054],[100.38513824813168,-1.043160030411002],[100.38516644097854,-1.0431584538994798],[100.38516668109753,-1.0431583873496493],[100.38516675484192,-1.0431583315916555],[100.38519844964878,-1.0431491369230912],[100.38522146419928,-1.0431381732880141],[100.38524344992533,-1.0431245809346024],[100.38526024026794,-1.0431038515614546],[100.38527828516482,-1.0430767828671605],[100.38529010675308,-1.0430575949320087],[100.38529584083045,-1.0430455422179534],[100.38530971287304,-1.0430163825999443],[100.38531641372157,-1.04300130636517],[100.38532722627053,-1.0429658236138266],[100.38533194681196,-1.0429373456819349],[100.38533834279036,-1.0429167880792534],[100.38534671907587,-1.0428985138552775],[100.38537656667529,-1.0428691222121529],[100.38539621236538,-1.0428564831401559],[100.38542133942332,-1.0428453657210071],[100.38544372534773,-1.042832421778769],[100.38546047612016,-1.042826786626847],[100.38547281122135,-1.0428187161107871],[100.38548362287094,-1.0427989193345866],[100.38549352170872,-1.0427760756552971],[100.38550372541664,-1.0427544505574247],[100.38550707539127,-1.0427469888823566],[100.38550717071939,-1.0427317417764357],[100.38550231617899,-1.0427154658460154],[100.38549118077344,-1.0427000469695713],[100.38548604114794,-1.0426837719384707],[100.38548575516353,-1.0426606440734076],[100.38551145419029,-1.0426338029076305],[100.38554714558438,-1.042614386544642],[100.38559197498972,-1.0425746967648024],[100.38559911290878,-1.0425547102316273],[100.38561407492966,-1.0425258707722946],[100.385614262888,-1.04252593192615],[100.38561433393443,-1.0425257862360127],[100.38561445804089,-1.042525684612599],[100.38561450030898,-1.0425256657268278],[100.38563249124655,-1.0425109231405258],[100.38563258567535,-1.0425108565906953],[100.38565031131287,-1.0425008012709327],[100.38565084011424,-1.0425004990987077],[100.38566273544694,-1.0424968478512255],[100.38566664479987,-1.0424956481555796],[100.38566709715889,-1.0424955195525172],[100.38566714032635,-1.0424955078613607],[100.38566717000396,-1.0424954871769501],[100.38566755491377,-1.0424953693657812],[100.38567769207191,-1.042483876030019],[100.38568448914793,-1.0424648760531454],[100.38568790657172,-1.0424510903454802],[100.3856879038737,-1.0424507926699107],[100.38568845695676,-1.0424361571029408],[100.38568844796356,-1.0424360689693799],[100.38568332362655,-1.0424103141846217],[100.38567817770581,-1.0423856197005534],[100.38567417662199,-1.0423701153884508],[100.38567418471592,-1.0423699229335739],[100.38567417932001,-1.0423698599810223],[100.38567474229558,-1.0423569052469475],[100.38567860938036,-1.0423491117221033],[100.38568044309801,-1.0423454164077839],[100.38568614300118,-1.0423316289014792],[100.38568612681337,-1.0423313438164428],[100.3856855620391,-1.0423155481240087],[100.38569232494092,-1.042295963587776],[100.3856924679331,-1.0422956776033629],[100.38570419868989,-1.0422815924214888],[100.38571521268699,-1.0422632696341338],[100.38571519919714,-1.0422629782538024],[100.38571462542967,-1.0422368511497098],[100.38571462093307,-1.04223655437346],[100.38571461643647,-1.042224790341777],[100.38572203494402,-1.0422081313001854],[100.38574313303923,-1.0421765336200792],[100.385761951353,-1.0421489568088873],[100.38576208265403,-1.0421487868370036],[100.38576217438492,-1.0421486627305399],[100.38578475726081,-1.0421196532993235],[100.38579445285177,-1.0421001236217649],[100.38579456077042,-1.0420997468058317],[100.38579459134735,-1.0420996559743116],[100.385794595844,-1.042099622699368],[100.38579472084973,-1.0420992323936389],[100.38580015005692,-1.0420817432777767],[100.38579842875453,-1.042058770096105],[100.38579670745213,-1.0420363715812186],[100.38580183538647,-1.0420202890051087],[100.38581894139111,-1.0419938624267502],[100.38582318529183,-1.0419894188765397],[100.38584802816405,-1.0419634086842962],[100.38585486660884,-1.0419450265416685],[100.38586170235573,-1.0419168822582492],[100.3858674004602,-1.0418996485498724],[100.38587709245394,-1.0418806917404595],[100.38588164931872,-1.0418646091643495],[100.38588506584318,-1.0418502487898991],[100.38589361659717,-1.0418324413140567],[100.38590217004918,-1.0418192266758979],[100.38590729888278,-1.0418031432004682],[100.38591071270929,-1.0417813166544079],[100.38591241062932,-1.041749727967499],[100.38591214802727,-1.0417479446119273],[100.38591012185469,-1.0417342218568137],[100.38591182696928,-1.0417187139474322],[100.38591695490362,-1.0417026313712654],[100.38592151086908,-1.0416825270269783],[100.38592378795249,-1.0416710390871344],[100.38592891678616,-1.0416572533794692],[100.38594260176973,-1.0416365707710611],[100.38595172539186,-1.0416222076986514],[100.38595514371497,-1.0416107197588644],[100.38596084181944,-1.0415923394148763],[100.38596368997236,-1.0415814252425548],[100.38597110038603,-1.0415636177667125],[100.38598079327903,-1.0415475315932667],[100.38599676074199,-1.0415285720858947],[100.38600702200654,-1.0415067428418752],[100.38602070609079,-1.0414849117992162],[100.38603724822048,-1.0414722691298834],[100.38606177363198,-1.0414527313583903],[100.38608132938992,-1.0414390490728351],[100.38608230875161,-1.0414383628900623],[100.38609713857215,-1.0414262957868914],[100.38610055599594,-1.0414125100792262],[100.38609826722131,-1.041395280867448],[100.38608752481946,-1.0413747079763311],[100.38608627386253,-1.0413723130817516],[100.38608578283265,-1.0413713256261303],[100.38607485337184,-1.0413493452959983],[100.38606856621141,-1.0413269485797514],[100.38606627473882,-1.0413074216001519],[100.3860753974617,-1.0412890403569008],[100.38609516815757,-1.0412748859271801],[100.38609707202232,-1.0412735225550023],[100.3861147553917,-1.0412620283199203],[100.3861273018336,-1.0412488127824417],[100.38613984737611,-1.0412304288411747],[100.38614953577252,-1.0412057280618683],[100.38615865579737,-1.0411827512829177],[100.38615920888043,-1.041180441823883],[100.38616264339134,-1.0411660931406459],[100.38616833520058,-1.0411345017557778],[100.3861690168867,-1.0411206512969784],[100.38616946564838,-1.041111528574163],[100.38616888378704,-1.0410856838572045],[100.38616887389446,-1.0410638591097836],[100.38617285968979,-1.0410454787657955],[100.38618426489199,-1.0410299663598153],[100.38618996839239,-1.041022498389566],[100.38620594035194,-1.0410127272555201],[100.38622533513114,-1.0410006565550134],[100.38623674213198,-1.0409903143514612],[100.38624415344498,-1.0409748037441773],[100.38624928407728,-1.0409656117735153],[100.38626468586659,-1.0409564162055744],[100.38627780787459,-1.0409546868093003],[100.38629834928946,-1.0409535302811719],[100.38632117408298,-1.0409563910245652],[100.38633771801136,-1.0409494923251827],[100.38635083462339,-1.0409345527873484],[100.38635767396755,-1.0409178946450766],[100.38636223442961,-1.040906405805913],[100.38637135535384,-1.0408880227639656],[100.38638732371606,-1.0408713601250952],[100.38641071508249,-1.040863309394183],[100.38643753106726,-1.0408609999351484],[100.38646662773272,-1.0408546696072563],[100.38649514613417,-1.0408282367337165],[100.38650654683971,-1.0408023866207827],[100.38652764583424,-1.0407748098095908],[100.3865538817563,-1.0407501018356697],[100.38657897913663,-1.0407305640642335],[100.38660750203468,-1.0407144697969102],[100.38661515436593,-1.0407102088090596],[100.38662917929327,-1.0407023990964035],[100.38665370920137,-1.0406914759308279],[100.38667367325149,-1.0406759599275688],[100.38668621789469,-1.0406575759863017],[100.38671571745647,-1.0406140937653845],[100.3867170088829,-1.0406121899005711],[100.38674209457207,-1.0405668056135369],[100.38677004190396,-1.0405397998717945],[100.38679854861419,-1.0404886716148667],[100.38683675810995,-1.0404427081643917],[100.38685215630204,-1.0404248970912704],[100.38687212035211,-1.0404093810880113],[100.38690652481631,-1.0403628447694473],[100.38694910591659,-1.0403115186616105],[100.38696810859142,-1.0402732210322938],[100.38700536930241,-1.0402326175412213],[100.38702970225899,-1.0402035082852308],[100.3870631633344,-1.0401736283102423],[100.38709662081249,-1.0401360897087102],[100.38712247182468,-1.0401023840177572],[100.38714376057612,-1.0400709778932651],[100.387158962716,-1.0400403397898117],[100.3871832785855,-1.0399752378668836],[100.38718706293264,-1.0399277581594788],[100.38719085087712,-1.0398925299163011],[100.38719844025587,-1.0398488777235002],[100.38721363699983,-1.0398067525795227],[100.38722731838607,-1.0397768815977884],[100.38723112611564,-1.039766738144408],[100.38723795646655,-1.0397485430607389],[100.38724688403653,-1.0397336251066918],[100.38726912606938,-1.0396964561264781],[100.38728128220549,-1.0396604589629419],[100.38729647894939,-1.0396168031728621],[100.38730863328686,-1.0395754460499234],[100.38732305931183,-1.0395095824012515],[100.38733750062522,-1.0394797114195171],[100.38735878937666,-1.0394475390726257],[100.38739376580969,-1.0394046387130516],[100.38740957409266,-1.0393732640648636],[100.38741884970023,-1.039354853143891],[100.38745078642472,-1.0393157838962566],[100.38745762127229,-1.0392897440264051],[100.3874705373355,-1.0392491522265459],[100.38748117271803,-1.0392154528308311],[100.38749181079851,-1.0391848183246566],[100.38750777016753,-1.03914575627158],[100.38752601111656,-1.0391059270967844],[100.38754425836089,-1.0390775849625129],[100.38756707236257,-1.0390561325344265],[100.38759977530947,-1.0390331458629589],[100.38763476073569,-1.0390109227158746],[100.3876636640469,-1.0389940631254717],[100.38772298872499,-1.0389595759236272],[100.38777698941658,-1.0389235607736396],[100.38784087635543,-1.0388821811677076],[100.38789259546695,-1.0388484628862216],[100.38793062509831,-1.0388293019307184],[100.38799906890199,-1.0387687748590224],[100.38807436464026,-1.0387204983522906],[100.38811466775775,-1.0386775970933968],[100.38814432560019,-1.0386500148862297],[100.38818387508582,-1.0386247268496049],[100.38822874765862,-1.0385940761556185],[100.38828654978448,-1.0385557623384898],[100.38833218588172,-1.0385304707045862],[100.38836869296085,-1.0385074813351594],[100.38840292205725,-1.0384921505922193],[100.38844475312294,-1.0384653301108528],[100.38846148321096,-1.0384500065625275],[100.38853144417089,-1.0383795239957863],[100.38857403696227,-1.0383534688374425],[100.38862423082367,-1.0383136261728509],[100.38863450737665,-1.0383057490110446],[100.38869419897816,-1.0382599906060364],[100.38872613660197,-1.0382262831164439],[100.3887595913821,-1.0381810867876879],[100.38880902261837,-1.0381366503860363],[100.38886953709954,-1.0380969156400965],[100.38887671189082,-1.0380922049912442],[100.38892310791516,-1.0380646155894624],[100.38895152199518,-1.0380487668370506],[100.38896570070659,-1.0380408581989968],[100.38903719590991,-1.0379979425509873],[100.38909043487575,-1.0379626936233421],[100.38912693925693,-1.0379328118497142],[100.38916801039545,-1.037906757590747],[100.38922353543785,-1.0378791645917431],[100.38927145401448,-1.0378577022710829],[100.38932393575112,-1.0378301110707184],[100.38936881102188,-1.0378063518816134],[100.38938781909263,-1.0377787750703646],[100.38940758709055,-1.0377511991584925],[100.38944104187067,-1.0377075352744782],[100.3894618899543,-1.037682329975496],[100.38947525927586,-1.0376661673597027],[100.38950796402139,-1.0376470082028391],[100.38953078881491,-1.0376492960780865],[100.38956122097363,-1.0376515803561119],[100.38959469194157,-1.0376446726634754],[100.38962739398909,-1.0376193882241296],[100.38965248867146,-1.0375941055834801],[100.38967681982945,-1.0375619323372689],[100.38970191720978,-1.0375412452322621],[100.38972853714233,-1.0375266843090003],[100.38976961277746,-1.0375128824135231],[100.3897889014367,-1.0375093426819717],[100.38980308464471,-1.0375067409432859],[100.38984948336702,-1.0374860439457052],[100.38985514639796,-1.0374817649714032],[100.38987686232741,-1.0374653559413787],[100.38989815197817,-1.0374377782308102],[100.38990498772506,-1.0374117392603353],[100.38989128115776,-1.0373826452927801],[100.38988214134781,-1.0373581450622851],[100.38988745364315,-1.0373290430009092],[100.38990798696409,-1.0373106545629867],[100.38995363475249,-1.0373136978687967],[100.38998939899164,-1.0373312949033107],[100.39002135190395,-1.0373320467365374],[100.39007004209884,-1.0373320251528071],[100.39012556983926,-1.0373113236586278],[100.39017120503712,-1.0372852676009643],[100.39020923376916,-1.0372622782314806],[100.39026703859304,-1.0372293243737545],[100.39029669463679,-1.0371963822072416],[100.39033928383094,-1.0371642008671529],[100.39038187662237,-1.0371404425773108],[100.39047238978901,-1.0370952219668652],[100.39055073692703,-1.0370660875298654],[100.39061158595598,-1.0370338980958991],[100.39066482941843,-1.037009369087059],[100.39076979828764,-1.036966439049877],[100.39084586114762,-1.0369334770982164],[100.39090974988511,-1.036894394360786],[100.39100026035379,-1.0368438128916182],[100.39106566804622,-1.0368009008408308],[100.39113792497534,-1.0367610482837222],[100.39125277739385,-1.0367027982954369],[100.39130449560605,-1.0366706133580692],[100.39140641937081,-1.0366223242608044],[100.39146878915335,-1.0365916645736206],[100.39151975193505,-1.0365709657774005],[100.39157832208195,-1.0365487327377991],[100.3917411029696,-1.0364904620651032],[100.3918011920714,-1.0364613357220378],[100.39187117011846,-1.0364306742361578],[100.39197005057741,-1.0363846829067711],[100.3920567587125,-1.0363379325494861],[100.39212673316229,-1.0362980808916973],[100.39217616889516,-1.03626513063125],[100.39221419942584,-1.036244438130268],[100.39226287433223,-1.0362099572237184],[100.39234197240415,-1.0361580402612844],[100.39238189870571,-1.0361273913659943],[100.39242943776839,-1.0361053543785488],[100.39249694807575,-1.0360842652765996],[100.39254068300619,-1.0360631869664303],[100.39256635235535,-1.0360459460634956],[100.3925806030125,-1.036015308859362],[100.39258344217217,-1.0359837192731902],[100.3925807918701,-1.0359768358622432],[100.39257201808425,-1.0359540497395301],[100.39255869013152,-1.0359224682472359],[100.39254250683126,-1.0358841859064114],[100.39254249603943,-1.0358573843108161],[100.39255864966202,-1.0358305737219666],[100.39259161431158,-1.0357847982298267],[100.39259381495265,-1.0357817405348442],[100.39260520396704,-1.0357290879269954],[100.39259186702111,-1.0356754901317231],[100.39260040158734,-1.0356218815445573],[100.39261938717505,-1.0355424237438342],[100.39263553720036,-1.0355050847917937],[100.39266595586923,-1.0354773119283323],[100.39268686330814,-1.0354457151476026],[100.39268969707194,-1.0354016807429502],[100.39268112383485,-1.0353691387746835],[100.39268111394233,-1.0353452087143751],[100.39268775543565,-1.0353088320369466],[100.39271721722588,-1.0352686152543242],[100.39277804826838,-1.0351958403157369],[100.39280815127523,-1.0351649288183467],[100.39282747590732,-1.0351450852774065],[100.39286643993432,-1.0350866770085076],[100.3928968541066,-1.0350464602258853],[100.39292821976159,-1.0350100718573003],[100.39294532306826,-1.0349765622185032],[100.39294245872753,-1.0349526330575145],[100.39291011191222,-1.0349201009818216],[100.39287206429441,-1.0348990586446121],[100.39283686662816,-1.0348722732367719],[100.39281253277221,-1.0348521185304094],[100.39280452161142,-1.0348454851309725],[100.3927873778353,-1.0347842296084764],[100.39277689893481,-1.0347430739336687],[100.39277403369476,-1.034714358580743],[100.39276762332719,-1.0346748288802132],[100.39276735892651,-1.0346732011072959],[100.3927197937835,-1.0346349331555871],[100.39269660206656,-1.0346137298396911],[100.39268839935022,-1.0346062312925142],[100.3926712690639,-1.0345775222348266],[100.39267068810182,-1.0345749546703473],[100.39265697703792,-1.0345143511563606],[100.39264268681063,-1.0344569240477313],[100.39263506595557,-1.0344253389581581],[100.39262553224256,-1.0343688669296398],[100.392629507246,-1.0343250249798643],[100.3926353591346,-1.0343003448849686],[100.39264203570144,-1.0342721808164583],[100.39264609164388,-1.0342645401763662],[100.39266826173093,-1.0342227765598295],[100.39267226821067,-1.0342043683368729],[100.39267851130433,-1.0341756772656368],[100.39269903203478,-1.0341297210097764],[100.39271271521972,-1.0341032962301142],[100.39271955096655,-1.034079171016856],[100.39271953387947,-1.0340389668248235],[100.39272636602902,-1.0340045039046686],[100.39274803429441,-1.033972331557834],[100.39276856132011,-1.033941308544513],[100.39279593758249,-1.0339148783688756],[100.39280847503113,-1.033878114982997],[100.39281357598583,-1.0338585691176263],[100.39281986674354,-1.0338344609915566],[100.39282004840658,-1.0338279741816336],[100.3928209908961,-1.0337942567994673],[100.39282427522016,-1.0337599458647446],[100.39282439932663,-1.033758647243701],[100.39283237271587,-1.0337276287270356],[100.39284417631774,-1.0337122404275192],[100.39285176209921,-1.033702349683665],[100.3928745743022,-1.0336759213066671],[100.39290422135281,-1.0336230690493267],[100.392937299317,-1.0335874460037644],[100.39296580512786,-1.0335334462115497],[100.39298746709801,-1.033486340622062],[100.39301368683226,-1.0334254502242857],[100.393035350601,-1.0333840877054286],[100.39305303846703,-1.0333557860406586],[100.3930741239717,-1.0333220425781633],[100.39307827074566,-1.0333077577467975],[100.39308779726412,-1.0332749423846508],[100.39310718035216,-1.0332370278665053],[100.39310756616129,-1.0332362994156483],[100.39312542399915,-1.0332025586511122],[100.39315735982433,-1.0331657880706189],[100.39319043059396,-1.0331117855803882],[100.39322387458219,-1.033043233858109],[100.39324515613913,-1.0329957469560895],[100.39328316688471,-1.0329314049603227],[100.39329001792004,-1.0329158709706121],[100.39329579966147,-1.0329027597545064],[100.39331356846645,-1.032862471026192],[100.39335310266364,-1.0328042552121701],[100.39339720361812,-1.03274909979109],[100.39343673691593,-1.0326862875421057],[100.39355379357278,-1.0324519089284081],[100.39357775241143,-1.0324611125902265],[100.39370825932878,-1.0325112533915899],[100.39395340732392,-1.0326049159840522],[100.3939618789376,-1.0326081526440589],[100.39404831637677,-1.0326411775482711],[100.39413452179082,-1.0324148991282414],[100.3941573789599,-1.032354902656607],[100.39425469909514,-1.0321049810600016],[100.39409690045164,-1.0320466015693341],[100.39390050020796,-1.0319750596012796],[100.39396358495156,-1.0318663873238734],[100.39403698312032,-1.0319115548742843],[100.39434317170009,-1.0320785670721762],[100.39434887789844,-1.0320818190206751],[100.39435116217646,-1.0320791543294376],[100.39435858607993,-1.0320673516269494],[100.39456022127723,-1.0317314485474753],[100.39458484921147,-1.0316907614194406],[100.39465370940121,-1.0315782445402988],[100.39423875591393,-1.0313105991048133],[100.39438319422908,-1.0310597440119409],[100.39477681399882,-1.0312606255773744],[100.39477685536764,-1.0312606291746533],[100.39478245814399,-1.0312636499974133],[100.39485419886222,-1.0311453288937855],[100.39453145736093,-1.0309806864095208],[100.39444846072792,-1.0309013068497848],[100.39447415975474,-1.0308348721316065],[100.39449896125814,-1.0308193309473381],[100.39451851341875,-1.0308070803824307],[100.39453355098266,-1.0307998462358796],[100.39457961695581,-1.0307990854093987],[100.39467413480355,-1.0308483736534981],[100.39469217070717,-1.0308576339725732],[100.39484348523871,-1.0309953156812526],[100.39494189894953,-1.0310848638753214],[100.39497512170459,-1.0310981171842855],[100.39499015207394,-1.0311041129643854],[100.39501636821086,-1.031114297786587],[100.39503652561524,-1.0311221299822932],[100.39504979780997,-1.0311277633355758],[100.3950741397598,-1.0311128202004625],[100.39508056361717,-1.031108893760404],[100.39508930862473,-1.0311035050227133],[100.39509651938891,-1.0310990066138288],[100.39509942060187,-1.0310972160636425],[100.39515485571206,-1.0310630040543742],[100.3951760653232,-1.0310498172951839],[100.39526248657455,-1.0309965171754811],[100.39527524075982,-1.0309881408899173],[100.39528716037421,-1.0309650867692994],[100.39529847114761,-1.0309425479601941],[100.39529980304354,-1.0309399300336963],[100.39530080308964,-1.030937931740084],[100.39530889339079,-1.0309216081456611],[100.39531841091599,-1.0309031441647107],[100.39532116913671,-1.0308978930232797],[100.39529846305368,-1.0308742291622934],[100.39529152118683,-1.0308671739808233],[100.39523954846646,-1.0308130419882673],[100.39523492595112,-1.0308157786252536],[100.39501781162278,-1.0309443636913898],[100.39498332442093,-1.0309647890936731],[100.39486888479126,-1.030740901071681],[100.39493799679116,-1.0306458661137867],[100.39495820185959,-1.0306178693191441],[100.39496147269386,-1.0306131110062324],[100.39498278212977,-1.0305838092953081],[100.39499965610929,-1.030560590598725],[100.3950098211464,-1.0305466043422484],[100.39501833502823,-1.0305348573976971],[100.39503739166236,-1.0305081349424086],[100.39507695463783,-1.0304526593627088],[100.39516842198515,-1.0303264521040205],[100.39517537014729,-1.030319599270058],[100.39522048463772,-1.0302728668992245],[100.39533860968913,-1.0301511841298066],[100.39536597426036,-1.0301238195585825],[100.39537335139909,-1.0301152544154206],[100.39542641319849,-1.0300610019136798],[100.39544306864275,-1.0300441081490135],[100.39550279261982,-1.0299824803071829],[100.39555371403276,-1.0299303699905522],[100.39557595606556,-1.0299130157729905],[100.39562071442447,-1.029875254139597],[100.39567197308315,-1.0298320498092153],[100.39569895634185,-1.0298092070292455],[100.39572122805231,-1.0297906477201764],[100.39574335677054,-1.0297715173416009],[100.3957707681065,-1.0297488166544895],[100.39581745281328,-1.0297101269207474],[100.39583487088265,-1.0296957071910811],[100.39584943270523,-1.0296834287472052],[100.3958587128094,-1.0296808593840865],[100.39586842099089,-1.0296724363338399],[100.3958802713575,-1.0296621570828393],[100.39591569925017,-1.0296309263261492],[100.39598754608846,-1.0295983618748323],[100.39607852240596,-1.0295889297852341],[100.39610992403385,-1.0296038180617302],[100.39612358923233,-1.0296102967777188],[100.39612673506082,-1.0296204528215753],[100.39612781874388,-1.0296243855569287],[100.39613018575955,-1.0296329749817801],[100.39613885522402,-1.0296367260540364],[100.39614494633224,-1.0296393673628472],[100.39615667708904,-1.0296445780347767],[100.39621006264434,-1.0296536171206867],[100.39621784178001,-1.0296550749217204],[100.39621939311058,-1.0296553663020518],[100.3962194479692,-1.0296555722468383],[100.39622117017092,-1.0296619781177583],[100.39626796099765,-1.0296694173097194],[100.3962751501781,-1.0296705603480518],[100.39651611182916,-1.0297090261506128],[100.39652786327031,-1.0297110730075474],[100.39653181579075,-1.0297117618882794],[100.3965431175709,-1.0297134867879549],[100.39665432773512,-1.0297314687322228],[100.39670745068838,-1.029740058157131],[100.39678016717102,-1.0297507178213436],[100.39680250992797,-1.0297543447871362],[100.39681048421653,-1.0297556398109009],[100.39681620840133,-1.0297563781542749],[100.39682765856963,-1.0297580427994149],[100.39686073293655,-1.0297629207221917],[100.39686471873182,-1.0297635160733876],[100.3969308386873,-1.0297730767660482],[100.39697370577198,-1.0297794187850968],[100.39740178216658,-1.0298427472449134],[100.39743391314465,-1.0298502682751973],[100.39748392084635,-1.0298619729516645],[100.3977148631505,-1.0299008299592742],[100.39772156669699,-1.0299020332521991],[100.39772599945536,-1.0299028291522063],[100.3977459841899,-1.0299078158929547],[100.39775072721437,-1.0300169090530744],[100.3979218673004,-1.0300511372501546],[100.39799936457905,-1.0300666370656018],[100.39808266158565,-1.029261435366891],[100.39809155498136,-1.0291754655752356],[100.39809158465897,-1.029175175094224],[100.39809407128445,-1.0291750123168981],[100.39859526885664,-1.0291422005520872],[100.39859607015256,-1.0291436619503997],[100.39921392778058,-1.0302700664103668],[100.39921234317518,-1.0302787871362966],[100.3992044111547,-1.0303224141480314],[100.39909296626746,-1.030397714382957],[100.39908862703857,-1.0304006461728363],[100.39903911126601,-1.0304341027515989],[100.39902883291438,-1.0304412118923665],[100.39905875695615,-1.0305577127682],[100.39906482378262,-1.0305705317046545],[100.39907475859331,-1.0305923636466332],[100.39908456300225,-1.030613889819108],[100.39909826867023,-1.0306096782939562],[100.39910537061644,-1.0306076808997204],[100.39913603120294,-1.030597911564314],[100.39914241998673,-1.0305963287574968],[100.3991514527774,-1.0305936280934134],[100.3992513422757,-1.0305637643062369],[100.39928098842694,-1.0305469406887369],[100.39929339277592,-1.0305398576282983],[100.39929817626989,-1.03053712728655],[100.399306637991,-1.0305301719298541],[100.399309986167,-1.0305274200043755],[100.3993198499312,-1.0305193126161498],[100.39934095522096,-1.030504371279676],[100.39935977713208,-1.0304877068421661],[100.39938373866869,-1.0304836760807348],[100.39939515736069,-1.0304986039273558],[100.3994060058825,-1.0305164033093206],[100.39941800014066,-1.0305433919639313],[100.39942999260012,-1.0305669344164698],[100.39944141758741,-1.0305985168080838],[100.39945170223433,-1.0306301009983372],[100.39946027637069,-1.030665706057448],[100.39947113388575,-1.0307036070857407],[100.39947285338951,-1.0307208362975189],[100.39949683111394,-1.0307512648589636],[100.39951510084131,-1.0307788245830238],[100.39953109078726,-1.0308098314085328],[100.39954650696581,-1.0308333720624319],[100.39955850212323,-1.0308615091512934],[100.39957335082954,-1.0308948137446237],[100.39958249243813,-1.0309206548643033],[100.39960133683229,-1.0309574029617465],[100.39961332839243,-1.0309780738789414],[100.39961990063796,-1.0309903802018425],[100.39962184227426,-1.0309911221425523],[100.39964777872206,-1.0310372843431423],[100.39971190488058,-1.0311448360652662],[100.39981052633476,-1.0313129373421361],[100.39981147691816,-1.0313154113770793],[100.3999785250889,-1.0312310972373098],[100.39999165968743,-1.0312253865423031],[100.39999959620445,-1.0312220500575222],[100.40006586724604,-1.0311917527970991],[100.40011226596835,-1.0311774760596109],[100.40017651173667,-1.0311203691097148],[100.40022648076751,-1.0310418466038982],[100.40030857178323,-1.0310347086847855],[100.40041921717318,-1.0310811083064664],[100.40056555395722,-1.0311310773373066],[100.40070475192283,-1.031134645847203],[100.40081419941583,-1.0311827550800103],[100.40084030223824,-1.0312090062905668],[100.40098410563201,-1.0312903427750371],[100.40110994237,-1.0313807327345899],[100.40124477232843,-1.0314892080604636],[100.40126740736503,-1.0315188002523996],[100.40133467845271,-1.0316067467539369],[100.40135435382041,-1.0316237079676966],[100.40144244061622,-1.0316996386274013],[100.40146052328458,-1.0317152256770896],[100.40150546960177,-1.0317604292004035],[100.40157739737907,-1.0318598870240976],[100.40165832197403,-1.0319864746959979],[100.40170520273296,-1.0320636347288996],[100.40172127631593,-1.0321130713610955],[100.40173028932145,-1.0321763791365584],[100.40178426213407,-1.0323120238807633],[100.40184205346804,-1.032401591859923],[100.40188316057947,-1.0324476479405575],[100.40191019330086,-1.0326194832025521],[100.40191922159488,-1.0327189689052716],[100.40191928634607,-1.0328636824129376],[100.40192193395018,-1.0329060260921779],[100.4019283353245,-1.0330083914240618],[100.40191936458706,-1.0330445729486541],[100.40193740678598,-1.0332073673260993],[100.40195541391131,-1.0332887595685634],[100.40199141107485,-1.0334153679248175],[100.40200944967643,-1.0335691169211714],[100.40201849505758,-1.0337047823497869],[100.40201239585542,-1.0338349088539189],[100.40200959266861,-1.0338947209645539],[100.40198272002658,-1.0340846685725751],[100.40200074244035,-1.0342022396416155],[100.40200999646424,-1.0342511007077064],[100.40202281270268,-1.0342660186618104],[100.40202785160415,-1.0342718840401517],[100.40203231583877,-1.0342770794236458],[100.40203678007339,-1.0342822739077633],[100.40204570944201,-1.0342926655740143],[100.40208165894148,-1.0343107392491788],[100.40209064946396,-1.0343197801336714],[100.40211416313815,-1.0343336153040354],[100.40216981588435,-1.0343816912620127],[100.40218953711752,-1.0344282698487177],[100.40218060684958,-1.0345548979901196],[100.40214885628473,-1.0346188883509626],[100.40214469692029,-1.0346272709317645],[100.40214352960027,-1.0346277232907255],[100.40202790466412,-1.0346725446021878],[100.4020158690372,-1.0346791222436309],[100.40200383341022,-1.0346856989857542],[100.40197976125705,-1.0346988533693207],[100.40197528712986,-1.0347005270076579],[100.40192908445977,-1.034717811977373],[100.4019245959434,-1.0347268582578408],[100.40192010742709,-1.0347359045383087],[100.40191398484257,-1.0347359081355876],[100.40188416512217,-1.0347359207261206],[100.40186619396974,-1.0347359288199982],[100.40184822281731,-1.0347359369139326],[100.40179553333724,-1.0347467962276369],[100.40174775595426,-1.0347687837523267],[100.40174041298974,-1.0347721634045683],[100.401713488187,-1.0348445318496147],[100.4016506102875,-1.0348897830369879],[100.40160567835943,-1.0348807583402504],[100.40154277977553,-1.0348807862192757],[100.40148888340531,-1.0349169884282219],[100.4014439793562,-1.0349712760035459],[100.40139905911934,-1.0349893847522367],[100.40134515375593,-1.035007497997583],[100.40131822175857,-1.0350617765796528],[100.40130926001439,-1.0351160488665414],[100.40131826942263,-1.035170312160119],[100.40134524998336,-1.0352245673598759],[100.40137222245016,-1.0352607335959192],[100.40141716876741,-1.0353059362199133],[100.40145835142187,-1.0353473526981247],[100.40147110560707,-1.0353601797284568],[100.40151605372296,-1.0354053832517707],[100.40156099284559,-1.0354324960128451],[100.40170476476317,-1.0354414766428022],[100.40183056642758,-1.0354504653666368],[100.40189173921243,-1.035450438386988],[100.40192940641703,-1.0354504212998563],[100.40198331897506,-1.0354503970181668],[100.40204622205556,-1.0354594136209698],[100.40210013911019,-1.0354684338211086],[100.40212710258379,-1.0354865119928718],[100.40212711877155,-1.0355226899201284],[100.40208223091031,-1.035613155422709],[100.40205531060417,-1.0356945683495837],[100.40203737092799,-1.0357669331973511],[100.40201944833893,-1.0358754759723752],[100.40200151315935,-1.0359568853019709],[100.40199256310638,-1.0360382901349112],[100.40200159229971,-1.0361377758376307],[100.40201059811068,-1.036182993750117],[100.40204655210675,-1.0362101119071099],[100.40214541997523,-1.0362733801123341],[100.40227125311588,-1.0363547246907387],[100.40238810023072,-1.0364360737657421],[100.40244203707039,-1.0364903172742856],[100.40249597031283,-1.0365355163010008],[100.40254091663007,-1.0365807189249949],[100.40259484177858,-1.0366078280887336],[100.40263977820325,-1.0366258972672995],[100.40269369525788,-1.036634918366758],[100.4027206551342,-1.0366439502580533],[100.4027835420269,-1.0366167889335998],[100.40282846136444,-1.036598680184909],[100.40288307809163,-1.0366047631991933],[100.40290933469811,-1.0366076877945147],[100.40295427022346,-1.0366257569730806],[100.40300819087537,-1.0366438216549909],[100.40304413318029,-1.0366438063664987],[100.40308007908243,-1.0366528346605719],[100.40312501011118,-1.0366618593572525],[100.40322384740267,-1.0366527708087006],[100.40332268289558,-1.0366436822600917],[100.40336760672972,-1.0366346170938527],[100.40344846837218,-1.03661649215735],[100.40347542465116,-1.0366164795668169],[100.40354730476434,-1.0366074036087412],[100.40360319043498,-1.0366125648179718],[100.40368209874993,-1.0366344767996338],[100.40374499733383,-1.0366344489206085],[100.40383484770013,-1.0366253639693355],[100.40395167233186,-1.0366524461534254],[100.40403253667228,-1.0366433647993745],[100.40422124141719,-1.036661370126069],[100.40435601921496,-1.036652265389705],[100.40439196871444,-1.0366703381655498],[100.40444588576906,-1.0366793592649515],[100.40450878435297,-1.036679331385983],[100.4045986473098,-1.0366973798801382],[100.40467951165022,-1.036688299425407],[100.40475139626,-1.0366882670498399],[100.40476038228587,-1.0366882625532412],[100.4047783534383,-1.0366882553586265],[100.40482327637318,-1.0366791901924444],[100.40486096246349,-1.0366564742168407],[100.40490412632442,-1.0366339309111368],[100.40496702400901,-1.0366339030321683],[100.40504790183928,-1.0366519560229221],[100.40510181529658,-1.0366519317412326],[100.40516470488728,-1.0366338148986074],[100.40522759897459,-1.0366247416384908],[100.40527251471485,-1.0365975893072346],[100.40535339164575,-1.0366156422979884],[100.4054073051031,-1.0366156180162989],[100.40548816674556,-1.0365974921804764],[100.40558701482894,-1.0366155370773527],[100.40567687418843,-1.0366245419889992],[100.40571282818451,-1.0366516592466155],[100.40576804386018,-1.0366905279454386],[100.4058027100271,-1.0367149310491754],[100.40585993568754,-1.0367253775740437],[100.40590155900981,-1.0367329759460517],[100.40595547606443,-1.0367419961461337],[100.40607229889753,-1.0367690783302805],[100.40618911003946,-1.0367690252702459],[100.40629693605479,-1.0367689767068669],[100.40633288645358,-1.0367870503820313],[100.40637781658302,-1.0367960750787688],[100.40644970928673,-1.0368141316668016],[100.40650361015355,-1.0367869739396269],[100.4065305511441,-1.0367507843212138],[100.40655749932921,-1.036732682767024],[100.4066203970138,-1.0367326539887358],[100.40663837176351,-1.0367416912760063],[100.40674622565786,-1.0368049540853121],[100.40681812195879,-1.036832056054493],[100.40688102773731,-1.0368501171391244],[100.40693168744747,-1.0368743116001724],[100.40702480774871,-1.0368771858334185],[100.40705672019152,-1.0368978432608174],[100.40711468689335,-1.0369314131541501],[100.40718659128822,-1.0369766040869877],[100.40725849838105,-1.0370308386022771],[100.40731243072418,-1.0370760367296725],[100.40735737074613,-1.0371031512893296],[100.40744724899139,-1.0371573777107415],[100.40753711644481,-1.037184470686725],[100.40764496224529,-1.0372296463310704],[100.40776180126619,-1.0372929046437775],[100.40785168580669,-1.0373510107405082],[100.40788763440685,-1.037374250121502],[100.40790151364399,-1.0373866571684403],[100.40796853472017,-1.0374465700031692],[100.40804043911504,-1.0374917600366302],[100.40802250033818,-1.0375641239850779],[100.4080135233055,-1.0375822165460136],[100.40805845433425,-1.0375912421420708],[100.40822920231591,-1.0376454325905797],[100.40827413694194,-1.0376635017691456],[100.4083549985844,-1.0376453759333231],[100.40839990982806,-1.0376091782209755],[100.40851670478219,-1.0375729472336843],[100.40861555016755,-1.0375819476487322],[100.40877729593552,-1.0375999637672635],[100.40889411517134,-1.0376180005702054],[100.40899296415404,-1.0376360463664014],[100.40910907022749,-1.0376589799778912],[100.40935793961728,-1.0377081387195517],[100.40960959870409,-1.0378549998083599],[100.409810813918,-1.0380245939597899],[100.40987371609918,-1.03803360966333],[100.40992764934163,-1.0380788077907255],[100.40998600994646,-1.038131321902938],[100.41009844139001,-1.0382324893378723],[100.4101504959487,-1.0382906547898187],[100.41017935069652,-1.0383228981831394],[100.41029620590524,-1.0384223353224797],[100.41035913596539,-1.0384946632980245],[100.41040935770576,-1.0384671152651208],[100.4104669538869,-1.038476524871669],[100.41056582984925,-1.0385578820405499],[100.41062874911756,-1.0386030756713467],[100.4107186507452,-1.0387115698829916],[100.41072765745548,-1.0387567886947977],[100.41070073265274,-1.038829157139844],[100.41074568796319,-1.0388924478281751],[100.4107726766178,-1.0389647919915319],[100.41079963739344,-1.0389738247821469],[100.41083556710777,-1.0389466751489067],[100.41088048644536,-1.0389285664001591],[100.41090743912707,-1.0389195093278545],[100.41095639282332,-1.038987354183007],[100.41098835562815,-1.0390280071367783],[100.41107823117551,-1.0390731890763618],[100.41113772312747,-1.0391039332998275],[100.41117710713786,-1.0391545462452427],[100.41118612463998,-1.0392268976032142],[100.41112324584117,-1.0392721487905874],[100.41109630215266,-1.039299293927229],[100.41108732871731,-1.0393264318693127],[100.41108734940173,-1.0393716542783977],[100.41110533584265,-1.0394078241117199],[100.41112331868629,-1.0394349503626472],[100.41115927717897,-1.0394711121020919],[100.4111682703994,-1.0394891965690931],[100.41117617723887,-1.0395047485452551],[100.41118828661018,-1.0395233069550045],[100.41121323020644,-1.0395615326385723],[100.4112671706435,-1.0396248197296245],[100.41133010520025,-1.0397061930863174],[100.41137506860457,-1.0397875727382484],[100.4113930802265,-1.0398780103618606],[100.41142905760501,-1.0399593954097099],[100.41147402100933,-1.0400407750616978],[100.41151898531297,-1.0401221556129485],[100.41164485442653,-1.0402848996283751],[100.41165773181893,-1.040317266228783],[100.41168083630163,-1.0403753291580529],[100.41175277217275,-1.0404928759454037],[100.411788765739,-1.0406104380212469],[100.41182474761405,-1.0407008666516049],[100.41189180736109,-1.0408663356128613],[100.41190006583543,-1.0408867160490445],[100.41192369732084,-1.0409450253925456],[100.41192518929608,-1.0409480246315752],[100.41193964859599,-1.0409771033106381],[100.41194324588417,-1.0409843356584929],[100.41199410794178,-1.0410866128568728],[100.41202262634317,-1.0411439599257619],[100.41208557978575,-1.0412705538929004],[100.41211256484303,-1.0413338535744288],[100.41216652596444,-1.0414423639738857],[100.41218452499589,-1.041505667252693],[100.4121947349991,-1.04154578780782],[100.41219094975258,-1.0415879066565026],[100.41220334330973,-1.0416558639269056],[100.4122319102745,-1.0417400845371958],[100.41224754768626,-1.0417860192093826],[100.41230151780087,-1.0419126176731197],[100.41234648929913,-1.0420120871880272],[100.41236451710881,-1.0421387018395762],[100.41237704106766,-1.0421974032875028],[100.41239153004511,-1.0422653128938464],[100.41240055923851,-1.042364798596509],[100.41244554692452,-1.0425004469380497],[100.41249055079834,-1.0426722723074704],[100.41252654976051,-1.0427988788651419],[100.41252655965309,-1.0428212396084859],[100.41252659382729,-1.04289836906446],[100.41257154104386,-1.0429435707891344],[100.41259851440998,-1.0429797370251777],[100.41261346204169,-1.0430248524149874],[100.41262553094356,-1.0431153916619564],[100.41264352188108,-1.0431606068764836],[100.4126345808213,-1.0432601006730806],[100.41264360282008,-1.0433414974121433],[100.41265262481886,-1.043422894151206],[100.41266163422711,-1.0434771565454639],[100.41267067241364,-1.0435947312118401],[100.41269257270415,-1.0436602872923686],[100.41270666687922,-1.043712294187003],[100.41271971694147,-1.0437540811858526],[100.41273366722504,-1.0438117708964683],[100.41275165906188,-1.0438569861109954],[100.41276965359668,-1.0439112449079744],[100.41276969766346,-1.0440107342079727],[100.41279671059976,-1.0441373452622429],[100.41282207597806,-1.0442901130982136],[100.41282373972388,-1.0443001351430894],[100.41284176393634,-1.0444177053128101],[100.412841816097,-1.0445352835764083],[100.41282389800455,-1.0446528708332607],[100.41283294428501,-1.0447885335639171],[100.41283298115724,-1.0448699545846694],[100.41283301263348,-1.0449422906541486],[100.41285105213439,-1.0450960396504456],[100.41284212276582,-1.0452226668925277],[100.41281522764069,-1.045358346710259],[100.41282425773335,-1.0454578324129784],[100.41278838017968,-1.0456025612091935],[100.41275432015578,-1.0456780637915699],[100.41272555893744,-1.0457744351419933],[100.41272560300422,-1.0458739253413114],[100.4127166304682,-1.0459010623840754],[100.41270767322061,-1.0459643782534158],[100.41270768131449,-1.0459824672170157],[100.41269238474581,-1.0460016011928701],[100.41267456108221,-1.0460166846222592],[100.41263962601801,-1.0460454170623166],[100.4126111049186,-1.0460648127408945],[100.41259091423939,-1.0460820095770487],[100.41257296736859,-1.0461362845618396],[100.4125640056244,-1.0461905559493516],[100.41253707362711,-1.0462448363300609],[100.41250116369781,-1.046317208372443],[100.41246523937934,-1.0463534015881919],[100.41242931326224,-1.0463895966025802],[100.41242932135617,-1.0464076855661801],[100.41245629022569,-1.0464348073204519],[100.41245750161249,-1.0464798651536285],[100.41243835864339,-1.0465252602324995],[100.41242990501615,-1.0465451397463426],[100.41241143114269,-1.0465885841957743],[100.41238449914539,-1.0466428627778441],[100.41234857302828,-1.0466790577922325],[100.41231267119286,-1.0467695187982144],[100.41230188112695,-1.046787185979781],[100.41224083964312,-1.0468871312360761],[100.41221392383358,-1.0469775877454026],[100.41218294488704,-1.0470400240777735],[100.41216005983893,-1.0470861467082386],[100.412079210787,-1.0471314059895462],[100.41203429144946,-1.0471495147382939],[100.41197140545603,-1.0471766769620103],[100.41194447345873,-1.0472309573427765],[100.41193551621114,-1.0472942723127971],[100.41190858331453,-1.0473485517941867],[100.41189962157034,-1.0474028231816987],[100.41192661472155,-1.0474842109275642],[100.41195360427548,-1.0475565550909209],[100.41193568618303,-1.0476741423477165],[100.41190879825251,-1.0478279111291613],[100.4119036469358,-1.0478617130475527],[100.41189088016006,-1.0479454983860137],[100.41189993363508,-1.0480992509795897],[100.41189993813168,-1.0481082945620983],[100.41189994172896,-1.0481173399432464],[100.41189388209705,-1.0481315627213803],[100.41187582910629,-1.0481655516987871],[100.41186062966437,-1.0482019328728711],[100.41185506286092,-1.0482258944094269],[100.41185508804193,-1.04828016219966],[100.41182818032632,-1.0483887076727001],[100.41183721041898,-1.0484881942746824],[100.41184621622995,-1.0485334121871688],[100.41182546077647,-1.048592003917804],[100.41181032158914,-1.0486419630561272],[100.41174745628012,-1.048714346789609],[100.41172776112734,-1.0487460982537868],[100.41170256122427,-1.0487867242279094],[100.41167562473038,-1.0488319592274706],[100.41161277111257,-1.0489314773057572],[100.4115678841506,-1.0490219428083947],[100.41145113686053,-1.0491667075774558],[100.41139726477201,-1.0492571775766351],[100.41130744228468,-1.0493295747999696],[100.41120865085861,-1.0494381535478965],[100.41114577565708,-1.0494924492170981],[100.41102900498464,-1.0495829479946224],[100.41092122843202,-1.0496915312391479],[100.41080445686026,-1.0497820291172957],[100.41073834409934,-1.0498249096917789],[100.41068768978511,-1.0498815723765915],[100.41064926175409,-1.0499834898461131],[100.41059790417,-1.0500353699363245],[100.41054463192927,-1.0500646006007628],[100.41046619126178,-1.050094071384251],[100.41041823041706,-1.0501168521109889],[100.4103791890484,-1.0501206733303547],[100.41033996601669,-1.0501293059226668],[100.4103104160929,-1.0501440350191729],[100.41019365441366,-1.0502526218609773],[100.41015602138333,-1.0502968550158016],[100.41013976883534,-1.0503159584147284],[100.4100992615717,-1.0503522325694234],[100.41005893237389,-1.0503883511414642],[100.40988825633804,-1.050496963164278],[100.40975351001651,-1.0505784246545318],[100.4096277533182,-1.050668927029335],[100.40951096645801,-1.0507232469802261],[100.4094391097272,-1.0507865916278547],[100.4093403057106,-1.0508680369302965],[100.40927375497989,-1.0509323546444307],[100.4091516666162,-1.0509947460106446],[100.40903488425255,-1.0510581113427406],[100.40890911496376,-1.0511214802720588],[100.40882347432392,-1.0512039301172535],[100.40873845871295,-1.0512753147039575],[100.40858572864852,-1.0513296508426606],[100.40851163260584,-1.0513763697236413],[100.40845097872972,-1.0514020687504058],[100.40841505710927,-1.0514473082466225],[100.40833419186953,-1.0514563887013537],[100.40827130497678,-1.0514835509250702],[100.4081904442337,-1.0515016767609495],[100.40811854703338,-1.0514745756910884],[100.40807232277956,-1.0514588897159456],[100.40801070483025,-1.0514384472265306],[100.40797150428153,-1.0514244762585463],[100.40793537401834,-1.0514378932441559],[100.4078939089768,-1.0514746782137649],[100.40781306801875,-1.0515380255594096],[100.40770528607015,-1.0516375652214265],[100.40761546358283,-1.0517099615454413],[100.40757057302358,-1.0517913825661935],[100.40755779995254,-1.0518386077654895],[100.40754366081137,-1.0518908862553644],[100.4074628234506,-1.0519632789821003],[100.40738198608983,-1.0520356717088362],[100.40731912797543,-1.0521261453052944],[100.40725626626374,-1.0522075753193008],[100.40716643927982,-1.0522709271614872],[100.40712935213793,-1.0523322986965695],[100.40710359285657,-1.0523885351027502],[100.40709219574831,-1.0524517889188587],[100.40708566577092,-1.0524880333960027],[100.40704005395537,-1.0525410115583895],[100.40699061822249,-1.0525716649503352],[100.40695092844265,-1.0525875838498564],[100.40693381434414,-1.052610218886457],[100.40691500232555,-1.0526237788642447],[100.40689316768561,-1.0526260316659659],[100.40683183212343,-1.0526303672975814],[100.40678262122105,-1.0526339789748818],[100.40672413830839,-1.0526383128078578],[100.40667006387241,-1.0526396168248198],[100.40662064612599,-1.0526464228940426],[100.40652293028904,-1.0526521200991965],[100.40643644878315,-1.0526612050505264],[100.40632301369618,-1.0526782139284023],[100.40621071175502,-1.0527167040126528],[100.4061556939302,-1.0527563002630131],[100.40609729735246,-1.0527766771019174],[100.40602541094404,-1.0527721858876475],[100.40601006041601,-1.0527620730111948],[100.40599529085006,-1.0527523423466505],[100.40599282940559,-1.0527507199697084],[100.40594451962392,-1.0527247385558098],[100.40585465396919,-1.0526999082741213],[100.40578725877504,-1.0526931552648762],[100.40571538405777,-1.0527124079512191],[100.40567433720094,-1.0527478529310201],[100.40563678960621,-1.0527802770880612],[100.40554586095277,-1.0528922435821073],[100.40547180987619,-1.0530663847058577],[100.40545050673558,-1.0531500567296916],[100.40545389538102,-1.0531941486909773],[100.40547301137042,-1.0532427543495828],[100.40550896896383,-1.0532755238463096],[100.40555615369362,-1.0533015061595279],[100.40559434969953,-1.0533161848939585],[100.40565500357559,-1.0533218110526832],[100.40573362500686,-1.0533149923929273],[100.40579538594835,-1.0532821779301003],[100.40587398759453,-1.0532357882009933],[100.40601659668863,-1.0531531926656612],[100.40603164684308,-1.053144563670628],[100.40603257584274,-1.0531440321713035],[100.40614685269514,-1.0530785147615802],[100.40622384815214,-1.0530077129355391],[100.40631414008556,-1.0529246830276406],[100.40640171876436,-1.0528590702897986],[100.40652861580304,-1.0528047440436694],[100.40665103511725,-1.0527854688742195],[100.40671618470424,-1.0527990072683338],[100.40676227945568,-1.0528950845404665],[100.40677474315993,-1.0529067289623413],[100.40680731840308,-1.0529403860899151],[100.40684326430528,-1.0529494152832513],[100.40687022508087,-1.0529584471745466],[100.40689717326597,-1.0529403456204136],[100.40698702003499,-1.0529222161872553],[100.40706788617405,-1.0529131339339415],[100.40715775272815,-1.0529402269098682],[100.4072026927501,-1.0529673396709427],[100.40723864674624,-1.0529944578279355],[100.40730154173281,-1.0529853836684993],[100.4073464700636,-1.0529853638834084],[100.40741905974187,-1.0529830139548721],[100.40748124426409,-1.0529672137658395],[100.40758006087117,-1.0529129019088259],[100.40767889366606,-1.0528947679791258],[100.40775075309483,-1.0528404678132688],[100.40783161473729,-1.0528223419774463],[100.40790350294435,-1.0528313540836507],[100.40796640242758,-1.0528313253053625],[100.40802927583047,-1.0527770287368412],[100.40805610980169,-1.0527601718443975],[100.40810114784978,-1.052749862915789],[100.40814607977779,-1.0527588867132067],[100.40818211021627,-1.0527529349998872],[100.40822693692365,-1.0527317172948756],[100.40830779137156,-1.0526955015960766],[100.40836168774177,-1.0526592993871304],[100.40846949756934,-1.0526230719971181],[100.40853237996544,-1.0525868652915733],[100.40860427176978,-1.0526049218796061],[100.40861951617779,-1.0526641943969821],[100.40865822569663,-1.0526953433154063],[100.40873010580981,-1.0526862646593145],[100.40880197423178,-1.0526500552558105],[100.408855870602,-1.0526138521474877],[100.40892773902402,-1.0525776409453442],[100.40900859616983,-1.0525504706276934],[100.40905643290813,-1.0525443426472521],[100.40911776757099,-1.0525392902559929],[100.40915236089279,-1.0525413613946739],[100.40919623072153,-1.0525572020532081],[100.40927469207344,-1.052570806997096],[100.40933208680644,-1.052577456584288],[100.40936803270858,-1.0525864848783044],[100.40941296103938,-1.0525864650932135],[100.40946821178858,-1.052565692552605],[100.4095387384221,-1.0525411851275521],[100.40955257898838,-1.0525292322382143],[100.409601611825,-1.0524868885590308],[100.40966447803328,-1.0524145039261725],[100.40969143071504,-1.0524054477531877],[100.40974533607846,-1.0523873336085217],[100.4098801219701,-1.0523963169364379],[100.40998794079087,-1.052378179409402],[100.41003871741293,-1.0523955282309885],[100.41007263534391,-1.0524013153683427],[100.41009577939678,-1.0524052642914512],[100.41013619133224,-1.052395484164208],[100.41014071492214,-1.0524233316713776],[100.41011739909874,-1.0524460782239089],[100.41010056019275,-1.0524625052403849],[100.41005987666205,-1.0524957252974332],[100.41004192259669,-1.052531912217944],[100.41008687071258,-1.0525771139426183],[100.41009586033573,-1.0525861539277912],[100.41015876341623,-1.0525951696313314],[100.41022661007008,-1.0525653481122959],[100.41023566534375,-1.0525643462675021],[100.41028454439629,-1.0525589350467612],[100.41035499728537,-1.0525796482321539],[100.41041036944307,-1.0526221888628697],[100.41045963520406,-1.0526489976530797],[100.41049127065565,-1.052694508744537],[100.41050927058643,-1.0527578120233443],[100.41054765365135,-1.0527710032791333],[100.41061711728622,-1.0528029858690502],[100.41073394101863,-1.0528300662545007],[100.41082381296866,-1.0528662028129361],[100.41090468989955,-1.0528842549043702],[100.41101254109594,-1.0529384732319045],[100.41111199532236,-1.0530077120362193],[100.4111293891101,-1.0530198214075881],[100.41123724840037,-1.0530921277994025],[100.41124941442899,-1.05309926032254],[100.41128079896976,-1.0531176586529796],[100.41132419845303,-1.0531421678766719],[100.41134510229472,-1.0531553897094454],[100.41136938668791,-1.0531822308752226],[100.41138306987284,-1.053211538881385],[100.41141703546788,-1.053263892014968],[100.41147996732667,-1.053336219091193],[100.41151593301396,-1.0533904697942944],[100.41157886757077,-1.0534718422516676],[100.41163280980641,-1.0535351293427198],[100.41170474657685,-1.0536526752307509],[100.41178565678268,-1.0537430831766983],[100.41178905442138,-1.0537489377632028],[100.41184860482929,-1.0538515890794997],[100.41192952312906,-1.0539600859891038],[100.41199246577975,-1.0540595474101337],[100.41205541382635,-1.0541680524136154],[100.41210037363339,-1.0542403875837749],[100.41214533433975,-1.0543127236532541],[100.41216332977393,-1.0543669833495528],[100.41216335045834,-1.0544122048593181],[100.4121903346163,-1.0544755045408465],[100.41222630569951,-1.0545387997257762],[100.41230723209316,-1.0546653855990371],[100.41236118242267,-1.0547467616536892],[100.41236553783938,-1.0547566164246405],[100.41239716070049,-1.0548281458022188],[100.41241514804074,-1.0548643156355979],[100.41246009165997,-1.0549004737778205],[100.41252302261944,-1.0549728008540455],[100.41259493960484,-1.0550451243329917],[100.4126717516001,-1.0551247799845669],[100.41281518177527,-1.0552420263983322],[100.41282865721683,-1.0552530412947476],[100.41289159716951,-1.0553434582339491],[100.41296352134947,-1.0554338697772323],[100.41300849014976,-1.0555242948103114],[100.41301669196685,-1.0555984421143876],[100.41305347873509,-1.0556599422524755],[100.41307147776655,-1.0557232446319631],[100.41308946960339,-1.0557684589471705],[100.41312543978728,-1.05583175503142],[100.41315243383781,-1.0559131427772854],[100.41317044995634,-1.0560126239833494],[100.41317206693742,-1.0560215515533287],[100.41318846607493,-1.0561121060887899],[100.41320648219346,-1.0562115872948539],[100.41321553207121,-1.0563562954066583],[100.41322280668726,-1.0563952495410831],[100.4132425540007,-1.0565009954245284],[100.41324636532755,-1.0565172650597106],[100.41327856645273,-1.0566547354276281],[100.41327911593851,-1.0566554261069996],[100.41330943388334,-1.0566935366773009],[100.41342241571198,-1.0568355603128339],[100.41347634535714,-1.0568717130590812],[100.41370317236357,-1.0569449961146233],[100.41377624767574,-1.0570101789765545],[100.4138030429761,-1.0571178530064458],[100.41379715961131,-1.0572524635303466],[100.41378207798056,-1.0573690210634368],[100.41377315400791,-1.0575046927872904],[100.41378218410057,-1.0576041775906901],[100.41381820374716,-1.0577760083560293],[100.41382721405472,-1.0578302698510242],[100.41384523017331,-1.0579297519564648],[100.41393511831114,-1.0580020673414765],[100.41403399966941,-1.0580924662942266],[100.41409693512554,-1.05817383785228],[100.41415987507821,-1.0582642538921618],[100.41424978300114,-1.0583817916863154],[100.41433971610508,-1.0585535963713255],[100.41440265965508,-1.0586530568930357],[100.4145015697917,-1.0588067681177904],[100.41450733264736,-1.0588183558823516],[100.41455553181243,-1.0589152767186079],[100.41461850863732,-1.059087093994151],[100.41465451659275,-1.0592317904147421],[100.41468154301884,-1.0593855340151208],[100.41468850197288,-1.0594228181085441],[100.41469056501762,-1.0594669298548638],[100.41468569608804,-1.0595254802166778],[100.41468163295104,-1.0595845126151175],[100.41469064325867,-1.059638775908752],[100.41469969493505,-1.0597834840204996],[100.41468179662769,-1.0599462927871173],[100.41467286096383,-1.0600548319648624],[100.41466392529998,-1.0601633702432878],[100.41467295089603,-1.0602538105648591],[100.41465505438731,-1.0604166202307965],[100.41464617178349,-1.0606427367728202],[100.41463126102394,-1.0607028888272225],[100.41461029512908,-1.0607874655690352],[100.41457048034346,-1.0608877903392226],[100.41453849325694,-1.0609683893796387],[100.41451461086064,-1.0611639469585157],[100.41449368903261,-1.061239745417879],[100.41446674894138,-1.061275935036349],[100.41436794492478,-1.0613573812381105],[100.41426015578162,-1.061438831037151],[100.41415238282627,-1.0615564596628246],[100.41405357880967,-1.061637905864643],[100.41400868825042,-1.0617193268853953],[100.41397524875879,-1.061853388822783],[100.41394589218925,-1.0619454686084282],[100.41386508360677,-1.0620811736072255],[100.41379327364075,-1.0622440075548525],[100.41374794331301,-1.0623963554074294],[100.41373944292104,-1.0624249232715215],[100.4136856041074,-1.0625877491252709],[100.41364972385571,-1.0627234325403379],[100.41363176529381,-1.0627505749790203],[100.41358688282844,-1.0628500849634293],[100.41355097739574,-1.0629315023869026],[100.41349106995699,-1.0630371412510158],[100.41347915124192,-1.0630581593065358],[100.41344324221194,-1.0631305313489179],[100.41344325030582,-1.0631486203125178],[100.41345141435136,-1.0632272300525756],[100.41344331595633,-1.0632933320216011],[100.41342294361402,-1.0633574240058579],[100.4134247539493,-1.0634034746905741],[100.41342540236047,-1.0634199637602819],[100.41346137704096,-1.06349230342704],[100.41347937697174,-1.0635556067058474],[100.41351538492711,-1.0637003022271188],[100.41353341003889,-1.0638178732961592],[100.41356041578064,-1.0639263935881331],[100.41356045714946,-1.0640168393056229],[100.41356947465158,-1.0640891906635943],[100.41356952861094,-1.0642067698265123],[100.41356953310753,-1.0642158152076604],[100.41355269510086,-1.064279159855289],[100.41351570238783,-1.0643967300250097],[100.41350527115139,-1.0644991259338781],[100.413461879762,-1.0645957338060157],[100.41341936341297,-1.0646424625795134],[100.41336308833593,-1.0647043125539426],[100.41331818878342,-1.0647676464097344],[100.41322835910154,-1.0648219537700925],[100.413220091634,-1.0648287688325695],[100.41312955508494,-1.0649034008712306],[100.4130127799159,-1.0649848551668697],[100.41287804168832,-1.0650844074194197],[100.41275229758054,-1.0652020441389709],[100.4126804552389,-1.0652925222320846],[100.41265350705379,-1.0653106228868978],[100.41259064084545,-1.0653830093183956],[100.41248386883552,-1.0654327031566595],[100.41239853936116,-1.0655028376857558],[100.41232669701952,-1.0655978366708041],[100.41228629677522,-1.0656724741053267],[100.4122627507254,-1.0657606688197347],[100.41222460058492,-1.0658477393816383],[100.4121740820683,-1.0659031610020406],[100.41214041594748,-1.0659687485588734],[100.41209442102075,-1.0660897397496569],[100.41208099144467,-1.0661937580354675],[100.41208329640705,-1.0663237730236688],[100.412081098464,-1.0664300459098399],[100.4120698686296,-1.0664822767356554],[100.41206092307323,-1.0665238919639819],[100.41205270776629,-1.0665446986788538],[100.41201716925701,-1.0666347082251377],[100.41195096926191,-1.0667839741010994],[100.41189003659599,-1.0669489754148458],[100.41187580662324,-1.0669875095658767],[100.41181413021798,-1.0671286509664242],[100.41180864795081,-1.0671411947103024],[100.41178043621824,-1.0672057543420692],[100.41175801162302,-1.0672950786049569],[100.41175917624503,-1.0673843920760078],[100.41176766224788,-1.0674121028861805],[100.41176817576076,-1.0674137819204361],[100.41179891638694,-1.0674557622735392],[100.41186443919258,-1.0674964323144422],[100.41192428997408,-1.0675102432031167],[100.41198691876133,-1.0675084130827486],[100.41200920216301,-1.0675077619736157],[100.41208279728335,-1.0675158666638822],[100.41217904003071,-1.067531289137662],[100.41227125111743,-1.0675735752602691],[100.41233588359421,-1.0676176015709871],[100.41234648210451,-1.0676248222277422],[100.4123942037296,-1.0676427088438913],[100.41243028093277,-1.0676699178324043],[100.41243303465689,-1.0676719952663234],[100.41245164792525,-1.067700883289092],[100.41245045812218,-1.0677509458494114],[100.41242984925822,-1.0677778175921731],[100.41239952681678,-1.0677863782387362],[100.41227561462796,-1.0677515780728299],[100.41194313256955,-1.0676582023641004],[100.41179857104726,-1.0676176033696265],[100.41134459327844,-1.0674901055838859],[100.41117327242864,-1.0674419909550465],[100.41098679710308,-1.0673896207343887],[100.41094361165841,-1.0673774933765685],[100.4109194162981,-1.0673706980991824],[100.41088666478782,-1.0673731541476741],[100.41084664765475,-1.0674036978223285],[100.41082726366733,-1.0674574323145976],[100.4108151578933,-1.0675123835895874],[100.41086988703574,-1.0678212728334415],[100.41088103683046,-1.0678484107754684],[100.41089296004213,-1.0678774291999389],[100.41093058138131,-1.0679140423990816],[100.4109851666322,-1.0679103542793769],[100.41100092185513,-1.0678798213966161],[100.41101332440547,-1.0678484107754684],[100.41102684661172,-1.0678141609947147],[100.41103470398843,-1.0677942616957807],[100.41109543070962,-1.0676404587401294],[100.41112695464528,-1.0676062566233782],[100.41115000067208,-1.0676013616135265],[100.41117327242864,-1.0676101336007378],[100.41121794265399,-1.0676269734060497],[100.41144512938928,-1.0676865274112401],[100.4120626884424,-1.0678484107754684],[100.41229349764689,-1.0679089135654749],[100.41230132624526,-1.0679109658183847],[100.41256287787456,-1.0682342837851024],[100.41260840245587,-1.0682905588621452],[100.41266146965114,-1.0683504770927925],[100.412724691991,-1.0684218607801768],[100.41308294771994,-1.0688263623466696],[100.4131943440438,-1.0690457582550721],[100.4132154916017,-1.0690791249016343],[100.41325308146457,-1.0691360609803837],[100.41327212011231,-1.069179126815186],[100.41327528392725,-1.0691994766744415],[100.41328432840908,-1.0693260958225892],[100.41328198027924,-1.0693522301212965],[100.41327538824862,-1.0694255896192431],[100.41323051837378,-1.0695522339484],[100.41323058042701,-1.0696879020749748],[100.41322161868283,-1.0697421725631671],[100.41322164386384,-1.0697964403534002],[100.41321271629386,-1.0699230666961057],[100.41317679917,-1.0699773506741508],[100.41315888557415,-1.0701039824128316],[100.41313197066398,-1.0701944398214778],[100.41308709269521,-1.0703029951870349],[100.41308711697695,-1.0703572620779482],[100.41308717093625,-1.0704748412408662],[100.41306027311316,-1.0706014756775062],[100.41305131226829,-1.0706557479643379],[100.4129974572669,-1.0707823958908307],[100.41297053696076,-1.0708638088176485],[100.41291667386548,-1.0709723677804845],[100.4129076923362,-1.0709814167589116],[100.4128717752123,-1.0710357007369566],[100.41282688825038,-1.071126167138857],[100.41278199409379,-1.0711985436777809],[100.41276403463257,-1.0712256852171436],[100.41273807570167,-1.0712605582281185],[100.41273709544066,-1.0712618757349333],[100.41265627067042,-1.071361402806474],[100.4126203526472,-1.0714156867844622],[100.41254850580896,-1.0714971212950672],[100.4125125886851,-1.0715514052731123],[100.41249465080756,-1.0716237692215032],[100.41245873728099,-1.0716870967820569],[100.41243179269316,-1.0717142428180182],[100.41238688594609,-1.0717594868108336],[100.41230604139076,-1.0718137923725521],[100.41224317518243,-1.0718861770054104],[100.41218029728293,-1.0719314290921034],[100.41205451990021,-1.0719767099571413],[100.41201858209195,-1.0719857706267817],[100.41191077586166,-1.0720310433978852],[100.4118357301349,-1.0720688221184105],[100.41176704801092,-1.0721215547658858],[100.41174012860409,-1.0722029685920802],[100.41169522995096,-1.0722663006492326],[100.4116862646095,-1.0723115275549162],[100.41167732894564,-1.0724200658333416],[100.41165041043814,-1.0725014787602163],[100.41163246266808,-1.072555754644327],[100.41161450860272,-1.0725919406654612],[100.41160556484499,-1.0726823908796064],[100.41158762337017,-1.0727457103462257],[100.4115517260314,-1.0728452167332989],[100.41145292561208,-1.0729357083162654],[100.4114169958977,-1.0729628579495056],[100.41132716621581,-1.0730171671085031],[100.41127380134492,-1.0730594397413142],[100.41123816211154,-1.0731075570680559],[100.41119967292661,-1.0731635722410147],[100.41118347074064,-1.0731800352303935],[100.41114476122181,-1.0731779550985152],[100.41108462985187,-1.0731800810958134],[100.41105975820136,-1.0731967878014643],[100.41097683621206,-1.0732524873124021],[100.41090496779009,-1.0732886994139221],[100.41084208179672,-1.0733158616376386],[100.41082145134897,-1.0733262569011686],[100.41077021427401,-1.0733520728398389],[100.41068936792004,-1.0734063784016143],[100.41062648192667,-1.0734335397260111],[100.41055460631009,-1.0734516628638744],[100.41048273788812,-1.0734878740660747],[100.41033004919245,-1.073632657720907],[100.41027615641957,-1.0736779053110581],[100.41027616541277,-1.073695994274658],[100.41028516312986,-1.0737231241228073],[100.4103031549667,-1.0737683375386951],[100.41032112971641,-1.0737773739266459],[100.41032113781034,-1.0737954628902457],[100.41027621937207,-1.0738135725383131],[100.41020433835956,-1.0738226511943481],[100.41015940193489,-1.0738045829151019],[100.41011288270346,-1.0738045721232652],[100.41003360027048,-1.0737955968892265],[100.40998866384581,-1.0737775286100373],[100.40988941196684,-1.0738214272170694],[100.40984493239779,-1.0738589963955292],[100.40983595446579,-1.0738770889564648],[100.40980004543582,-1.0739494618981098],[100.40974616885069,-1.0740308883147804],[100.40971025982071,-1.0741032612564823],[100.40966535667093,-1.0741575488317494],[100.40962044992386,-1.074202791925245],[100.40959352242317,-1.074266115888463],[100.40954862736731,-1.0743384942260832],[100.40946887458892,-1.0744103086887549],[100.40933342140033,-1.074541989221359],[100.40922527522633,-1.0746190242485341],[100.40912647930361,-1.0747185603132721],[100.40900969064478,-1.0747728811634829],[100.40889289479134,-1.0748091139494136],[100.40882101917475,-1.0748272361879572],[100.40874016472691,-1.0748634518867561],[100.4086808373508,-1.0748922310915532],[100.40856121942477,-1.0749068747524007],[100.40841768223032,-1.0749238998180886],[100.40822225505309,-1.0749463756746422],[100.4080659285998,-1.0749966468777075],[100.40795474721386,-1.0750279010167674],[100.40786310359942,-1.075048972132322],[100.40777212728193,-1.0750537637201774],[100.40773033758506,-1.0750402163328658],[100.40771077912922,-1.0750090206497589],[100.40769121168012,-1.0749574760066594],[100.40763454629734,-1.074831330801203],[100.40755904011769,-1.0747743866285759],[100.4074518742047,-1.0747452665807486],[100.40726451484556,-1.0747243258668959],[100.40715870870753,-1.0747209830868769],[100.40709873202093,-1.07472575938624],[100.40706369443399,-1.074740020835236],[100.4069767569718,-1.0747380261389594],[100.40683725143805,-1.0747265579842065],[100.4067826589926,-1.0747177662119043],[100.40675702111969,-1.0746546922601965],[100.40675160000637,-1.0745895741494564],[100.40673404793802,-1.0745237833458532],[100.40669762269721,-1.0744478248072369],[100.40662615627218,-1.0743800240188648],[100.40649604775444,-1.0742912222620475],[100.40588332345669,-1.0740018537025549],[100.40582064790465,-1.0740005272025428],[100.4057600084177,-1.0740283684144174],[100.40565828340311,-1.0741077803497205],[100.40559426696188,-1.0741234105668696],[100.40549721572398,-1.0741058189283308],[100.4054385520476,-1.0740373346552019],[100.40543446103163,-1.0739335501931464],[100.40545665540037,-1.0738331453833325],[100.40546133727094,-1.0737564898700498],[100.40544961730603,-1.073721541316047],[100.40542017170361,-1.07363373061213],[100.40537092572771,-1.073524540325252],[100.4053675119012,-1.0734268595618914],[100.40537622363388,-1.0733183221827858],[100.40541189794078,-1.07322469376453],[100.40548328612482,-1.0731181609742748],[100.40558028340342,-1.0730129735698029],[100.40565167698338,-1.0729261125500216],[100.40567405841114,-1.0728851853029937],[100.40570621906681,-1.0728263723391365],[100.40573448385942,-1.0727361388616714],[100.40577485082878,-1.0725895988308594],[100.40578759692011,-1.0724586737287609],[100.40577742828577,-1.0723291146968563],[100.40575853442886,-1.07227485769846],[100.40569581391077,-1.07217381257135],[100.40559871321011,-1.0720531127608979],[100.40552857418442,-1.0719385067566236],[100.40547259318566,-1.0718374598308742],[100.40539483510361,-1.0715699492936892],[100.40525778022243,-1.0713171255848124],[100.40515852384686,-1.0711988701316955],[100.40501506129613,-1.0710817190460489],[100.4048435641792,-1.0709656651333148],[100.40467530731962,-1.0708658907482231],[100.40450382908853,-1.0707921670248197],[100.40438844157336,-1.0707661721211252],[100.40434251589443,-1.0707475183832003],[100.40425776828147,-1.0707130950332839],[100.40419506215244,-1.0706459678370948],[100.40416064959436,-1.0705516946050011],[100.40415522218581,-1.0704716540435584],[100.40415222564474,-1.0704558871294125],[100.40414056413579,-1.0703945083997723],[100.40413563225371,-1.0703685539655226],[100.4040796530536,-1.0702736116378446],[100.40401427144155,-1.0702471868581256],[100.40391250595746,-1.0702418071136321],[100.40381547090732,-1.0702608457613678],[100.40375147335186,-1.0703144642411075],[100.4037090451364,-1.0703796039355211],[100.40370367528442,-1.0703908202800676],[100.4036996112481,-1.0703993089808819],[100.40367201465182,-1.0704569519267579],[100.40363027891431,-1.0705580438186075],[100.40360134592544,-1.0706611663796934],[100.40359794828674,-1.0706653599183937],[100.40357440493489,-1.0706944170136694],[100.40354677596298,-1.0706998570127553],[100.40350364267903,-1.0706944502886131],[100.40344028993746,-1.0706843032379538],[100.40336547263848,-1.0706578829548903],[100.4032792114665,-1.0706572435369139],[100.40322732418173,-1.0706660856712915],[100.40314175638701,-1.0707505571924116],[100.40295461376445,-1.0708497856890062],[100.40274156167379,-1.0709627540278461],[100.40234879086404,-1.071236986097972],[100.40215848262795,-1.0713830198104688],[100.40211704546533,-1.0714148180393863],[100.40204025505381,-1.0714982886150892],[100.40201602372059,-1.0715620640380052],[100.40198777421648,-1.0716835012925117],[100.40196560682733,-1.0718442775913104],[100.40192722466173,-1.0719107725640811],[100.40188545564934,-1.0719440312919346],[100.40183221578417,-1.0719413423190645],[100.40175134874579,-1.0719515550201777],[100.40168869837481,-1.0720017812571427],[100.40164559566779,-1.0720669209516132],[100.40162273040477,-1.0721707180042017],[100.40161197271442,-1.07222770354565],[100.40158839608767,-1.0722487440842201],[100.40154661088746,-1.072246048816055],[100.4015021196272,-1.072218257966199],[100.40147310120273,-1.0721294076460026],[100.40141442763377,-1.0720344671169073],[100.40131330066833,-1.0719517573676853],[100.40121152439241,-1.0719172081126089],[100.40101000700628,-1.0718840626992687],[100.40087050057321,-1.0718759867872905],[100.40076199736836,-1.0718699316519746],[100.40065549425572,-1.0718170686027975],[100.40060358538722,-1.0717791064205926],[100.40053011797062,-1.0717587889369042],[100.40045733313946,-1.0717567888447093],[100.40039939431665,-1.0717954803770908],[100.40033944460976,-1.0718613071535401],[100.40027611974716,-1.0719135685562833],[100.4001999840421,-1.0719488768391443],[100.40014674417694,-1.0719502581978304],[100.40012651212891,-1.071917029147528],[100.40013119939539,-1.0718505485639298],[100.40012577558412,-1.0717820400091114],[100.40008937372568,-1.0717589930829945],[100.40000378434723,-1.0717536052446235],[100.39989259127015,-1.0717624752579695],[100.39979287264299,-1.0718127185820663],[100.39969719466984,-1.0718541413555158],[100.39961834840813,-1.0718582467606552],[100.39953679698567,-1.0718440401702765],[100.39944914726038,-1.0717558949185673],[100.39942620015904,-1.0716792537944571],[100.39943897143144,-1.0716059869267269],[100.39949352970268,-1.0715428761027965],[100.39954740898577,-1.0714682332722987],[100.39955074187333,-1.0713847959714826],[100.39952039245219,-1.0713339330145573],[100.39947589939328,-1.0713027508212463],[100.39944419829118,-1.0712444279878923],[100.39943809459243,-1.071160994284412],[100.39941581298945,-1.0710653585794034],[100.39938546266904,-1.0710144956224212],[100.39934299938,-1.0709995929568095],[100.3992749323923,-1.0709975892672787],[100.39920552631406,-1.0710145792593835],[100.39917250860447,-1.0710254466669653],[100.39910040096277,-1.0710281940958453],[100.39902828702589,-1.0710180515417846],[100.39895750678357,-1.0709773841988977],[100.39892716185909,-1.0709366979701826],[100.39889612535598,-1.0708580243782535],[100.39885564687069,-1.0707630739566412],[100.39876865095255,-1.0706321848274456],[100.39870593313236,-1.0705345328423732],[100.39865335067168,-1.0704992839147849],[100.39852866236794,-1.0704708500496167],[100.3984073474212,-1.0704485198832572],[100.39825908518867,-1.0704485891310469],[100.39815597791613,-1.0704547413931778],[100.39805557400558,-1.0704771722836313],[100.39795114383026,-1.0705416617682317],[100.39776118722909,-1.0707350771620554],[100.39773964217079,-1.0707832592399882],[100.39772754538996,-1.070855847119617],[100.39772219981973,-1.0709562438355533],[100.39771480919114,-1.0710071229802907],[100.39770470620726,-1.0710200165604533],[100.39763328474834,-1.0710532878788968],[100.39755039873199,-1.071065535745845],[100.39748703609791,-1.0710357178240884],[100.39745396802624,-1.0709339829169267],[100.39747479992212,-1.0708030524189098],[100.39756233633284,-1.0706374881295346],[100.39767345026956,-1.0704542845375613],[100.39772729987504,-1.0703124848332664],[100.39776972988921,-1.0701902094106117],[100.39778450844835,-1.0701476220150994],[100.39782556609708,-1.0700336419389487],[100.39790099493501,-1.0699243931961178],[100.39795758477476,-1.0698823103203381],[100.39803101801715,-1.0698266521782216],[100.39809433118847,-1.0697479363181515],[100.39812798921537,-1.0696651618177384],[100.3981286376266,-1.0696081807728888],[100.39811242464873,-1.0695220392107103],[100.39809538789189,-1.0694615346220644],[100.39807327446209,-1.0693829977271321],[100.39804561940986,-1.0693294197168939],[100.39800311205403,-1.0692195477438986],[100.39799229141119,-1.0691354395488588],[100.39799560541292,-1.0690140139855089],[100.39801777819798,-1.0688640907051763],[100.39808375695986,-1.0687195732496662],[100.39814232171085,-1.0685757365809536],[100.3981651770813,-1.0684448060828799],[100.39817042192749,-1.068386167587505],[100.39817858777167,-1.068294887299146],[100.39823571990263,-1.0677621352143092],[100.39830447936828,-1.0675066396196939],[100.39834588415528,-1.0672673021442165],[100.39838730063349,-1.0670517058715063],[100.39839258684844,-1.0670171835960787],[100.3983962542838,-1.0669932328513596],[100.39841740274102,-1.0668551068776537],[100.3984183029624,-1.0667572903166729],[100.39841387110334,-1.066695729024616],[100.39840975670495,-1.0666385843031776],[100.39834646871464,-1.0664743177355263],[100.39828072107849,-1.0663886105459142],[100.39827000115969,-1.0663746368799139],[100.39806143308874,-1.066244626388368],[100.39794913834214,-1.0662028906508567],[100.39782410200075,-1.0661650525750588],[100.39778306233853,-1.0661526338369072],[100.39773041422728,-1.0661467198951868],[100.39767361214751,-1.0661403392052193],[100.39761399788773,-1.0661419319046104],[100.39756511164063,-1.0661432377202118],[100.39745472885272,-1.0661565836593354],[100.39735474672426,-1.0662145593543642],[100.39725666216526,-1.0663010255718177],[100.39723202074123,-1.0663335117820907],[100.39723126621004,-1.0663345073315895],[100.39716802678305,-1.0664178762839356],[100.39696440588267,-1.0668016403833462],[100.39677300586959,-1.0670847316749814],[100.39670416276698,-1.067155990356639],[100.39663407590194,-1.0672036562236826],[100.39659097859084,-1.0672329660284845],[100.39645232831236,-1.0673251483368631],[100.39630990088131,-1.0674116343394076],[100.39619200965359,-1.0675114042279006],[100.39602225092619,-1.0676662809740378],[100.39538936832474,-1.0681072221705108],[100.39516488944815,-1.0682630719831536],[100.39497622697138,-1.0683467296178151],[100.39478097606127,-1.0684607816397147],[100.39441125937219,-1.0687506043568646],[100.39435613003144,-1.0688026544189029],[100.39408117760433,-1.069062250022796],[100.39380583577076,-1.0694118587701951],[100.39376624041972,-1.0694783546422855],[100.39373608705085,-1.0695628900153338],[100.39372291378152,-1.0696436176587554],[100.39372483293477,-1.0697129436973682],[100.39372392821679,-1.0698003146327437],[100.39372184988355,-1.0698914816065326],[100.39372022660723,-1.0699627133085414],[100.39371274244917,-1.0701013689829324],[100.39369016766716,-1.0702552276965775],[100.39363361559896,-1.0703834620271095],[100.39363223603891,-1.0703968934018349],[100.39361858702824,-1.0705297187714677],[100.39361676140447,-1.0706664750777009],[100.39362437146764,-1.0708013248212183],[100.39362158986455,-1.070911490872561],[100.39359804381473,-1.0710026695375063],[100.39353017287925,-1.0711394546220845],[100.39344437935466,-1.0712790986514165],[100.39333878365801,-1.0714472403977879],[100.39317756129549,-1.0716999301076271],[100.39311787688854,-1.0718127725413638],[100.39308612092782,-1.0718728139791551],[100.39298995282411,-1.0720229072313145],[100.39283246444671,-1.0721901226759769],[100.39268630303053,-1.0723649319959918],[100.39264230190076,-1.0724253826252834],[100.39256183775865,-1.0725359308884777],[100.39249490121875,-1.0726480250862664],[100.39246384493055,-1.0728237310303257],[100.39245404411889,-1.0728368278572589],[100.39237426705881,-1.0729434307946235],[100.39225453671753,-1.0731467189458499],[100.39218194973728,-1.0732835058290675],[100.39213200139079,-1.0734098371941627],[100.39205092121313,-1.0735418801535843],[100.39191702295233,-1.0737166831783611],[100.39179443996147,-1.0738734368096061],[100.39168225583148,-1.0740767195649141],[100.39164468035779,-1.0741445446349758],[100.39157384345816,-1.0742724048475338],[100.39156612817436,-1.0742877167047027],[100.3914503566487,-1.0745174790983469],[100.39141644231501,-1.074630505893083],[100.39137873913756,-1.0747102973422784],[100.39134384274422,-1.0747388040525152],[100.39118917464077,-1.0748851273467039],[100.39111845735101,-1.074982026599173],[100.39109726842423,-1.0750276186296333],[100.39104870593309,-1.0751321081602327],[100.39097614863039,-1.0753344241443301],[100.39089039107876,-1.0754829912469859],[100.39076120076885,-1.0757067983300317],[100.39071718884725,-1.0758454081390028],[100.39064901663886,-1.0759100810853397],[100.39060564143728,-1.0759613838107498],[100.39050944635392,-1.0760544969174362],[100.3904179430337,-1.0760915777640321],[100.39034908194463,-1.0761229488149979],[100.3902764733806,-1.0762094033412382],[100.39014822376157,-1.0763576116144122],[100.38998415414545,-1.0765742160272112],[100.38988140929968,-1.0767841429737928],[100.38978148562711,-1.076976974707577],[100.38968815488448,-1.0771413123216576],[100.38964761344664,-1.077203060672673],[100.38959855542907,-1.0772125799965124],[100.38955609393867,-1.0772050023089719],[100.38951833770119,-1.0771708307692052],[100.38949756426126,-1.0771309530310305],[100.38950035575687,-1.0770445299810376],[100.38948992721845,-1.0769353217077082],[100.38943517109635,-1.0768631708985481],[100.38929358812862,-1.0767321801459389],[100.38923320225052,-1.0767265099204337],[100.38918980996181,-1.076747422755318],[100.38917096736628,-1.0768053606788044],[100.38919086666522,-1.0769971878698925],[100.38917769159724,-1.0770712704227208],[100.38913240533628,-1.0770741401593682],[100.38903804846723,-1.0770561393293292],[100.38895875794037,-1.0769773506241904],[100.38882845696776,-1.0767599332243094],[100.38878345309394,-1.0766904839786093],[100.38863773774148,-1.0764656192928328],[100.38861315657198,-1.0763535682625047],[100.38862383781992,-1.0762963938634584],[100.38863480415296,-1.0762376969121306],[100.38869889973449,-1.0761009118275524],[100.38883658683909,-1.0759612462144901],[100.38896291820419,-1.0757446606875192],[100.38898833844115,-1.075624988802133],[100.38905716895323,-1.0755252413967469],[100.38907355100366,-1.0754829912469859],[100.38912125194429,-1.0753599648904242],[100.38916174571807,-1.0751937530891951],[100.38918241933322,-1.0750066545334107],[100.38918368917598,-1.0749638297169213],[100.38918613623127,-1.0748812953354445],[100.38918608496988,-1.0747701822980389],[100.38917944077861,-1.0746790162235698],[100.3891614570357,-1.0745517657513233],[100.38908684028553,-1.0743742090024853],[100.38905103287891,-1.0742992091411452],[100.38897351401653,-1.0741368401430123],[100.38893194915022,-1.0740247972065617],[100.38891301482386,-1.0738842529558497],[100.38888654507804,-1.0737655541369691],[100.38880062205112,-1.0736212408275492],[100.38873074292951,-1.073490217699316],[100.38872220116872,-1.0733772079917117],[100.38872025683446,-1.0732518505923849],[100.38868624267604,-1.0731436018956515],[100.38863526370653,-1.0730761977083034],[100.38862589636807,-1.0730713683489057],[100.38856165419702,-1.0730382454186156],[100.38848897278791,-1.0729680020716046],[100.3884832638916,-1.0728616392531762],[100.38857285165585,-1.0727628307399755],[100.38859546960532,-1.0727048901185299],[100.38856694760659,-1.0726514317181568],[100.38849820702671,-1.0725225948418142],[100.38840856710175,-1.0725045922131358],[100.38827742166575,-1.0725056021517503],[100.38815570831935,-1.0724980613364323],[100.38808640926044,-1.0724566025900799],[100.38808115272309,-1.0724534585602328],[100.38808078220239,-1.0724444113804452],[100.38807733689964,-1.0723603922182861],[100.3881348440479,-1.0722596978267234],[100.38822066904868,-1.0721865352803093],[100.38829799095959,-1.0720896306319219],[100.38831022263872,-1.0720146001935973],[100.38826053059904,-1.0717705907401296],[100.38826947165887,-1.0716710960442128],[100.38826043796888,-1.0715625649603453],[100.38828735377842,-1.0714721057530028],[100.38829337743749,-1.0714417230570348],[100.38830528446135,-1.0713816519416355],[100.38835916644246,-1.0713092709060561],[100.38841304662486,-1.0712368889712138],[100.38843111490411,-1.0711761658473051],[100.38843996333372,-1.071146430663191],[100.38846688004253,-1.071055973254488],[100.38849379585207,-1.0709655140472023],[100.38853867921671,-1.0708660031634736],[100.38857458105213,-1.0707755412581719],[100.38859251173511,-1.0706850856481083],[100.38857450011312,-1.070594648024553],[100.38851157185161,-1.0705313645307797],[100.38843068502814,-1.0704952225764259],[100.3883408121788,-1.0704590860179337],[100.38824195330358,-1.0704229521574575],[100.3881520723603,-1.0703687257360457],[100.38806559085441,-1.0703078497274419],[100.3880621878198,-1.0703054539334858],[100.38800823659091,-1.0702240769795139],[100.38797225021921,-1.0701246029680078],[100.38790930936722,-1.0700341860288063],[100.38784637301177,-1.0699528126721134],[100.38777444703317,-1.0698623993301908],[100.38772947913219,-1.0697719742971117],[100.38772943776343,-1.0696815276803022],[100.38773840670217,-1.0696453452564469],[100.38773837522592,-1.0695729876032374],[100.38772933164341,-1.0694463675557699],[100.38772029435614,-1.0693287919901309],[100.38772023679957,-1.0692021665466882],[100.38771997509684,-1.0692010271056915],[100.38769322746055,-1.0690845999742464],[100.38767520324808,-1.0689670280058863],[100.38766873892121,-1.0689216266317203],[100.38765717543833,-1.0688404115556978],[100.38763914672927,-1.0687137951055092],[100.38766605534425,-1.0686052478338866],[100.38766599419034,-1.0684695779086724],[100.38766589346625,-1.0682434631652313],[100.38767270673009,-1.0681537656836895],[100.38767482643215,-1.0681258786063381],[100.38767472840607,-1.067908809244102],[100.387683681157,-1.0678364479936135],[100.38775553788781,-1.067773103345985],[100.38781842118323,-1.0677368957411204],[100.38784534238869,-1.067655481914926],[100.38786328116555,-1.0675831170671586],[100.38787813886506,-1.067550730681603],[100.38786324789066,-1.0675107603132687],[100.38781629608525,-1.0674861458688838],[100.3877733876318,-1.0675017563009419],[100.38768353906414,-1.0675198857341002],[100.38759367880527,-1.0675108817217733],[100.38754053876494,-1.0675484913697346],[100.38749486129888,-1.0675651953774263],[100.38739550509854,-1.067529413151874],[100.38727018007484,-1.0674748512832934],[100.38720992190042,-1.0674693654188445],[100.38717133289077,-1.0674658508683024],[100.38707247941147,-1.0674387623889174],[100.38698261105873,-1.0674116694129907],[100.38690174761763,-1.0674297952488132],[100.38672204688504,-1.0674570096332445],[100.38653334034143,-1.0674390070045092],[100.38632666984,-1.0674391005339885],[100.38613795160524,-1.0673939626611855],[100.38594025094187,-1.0673578737668095],[100.38574255927176,-1.0673398747354099],[100.38556285044524,-1.0673490010555042],[100.3854639951673,-1.0673219116768564],[100.38541364842121,-1.0673219350592262],[100.3853561682526,-1.0673219611395552],[100.38527948306177,-1.0673389277492902],[100.38522139495149,-1.0673491557388957],[100.38505960062014,-1.0672316494210463],[100.38495175302103,-1.0671864746760207],[100.38488883285339,-1.0671412801459041],[100.384852877958,-1.067114162888231],[100.38477198663793,-1.0670689755527292],[100.38465516470416,-1.067050939649107],[100.38455631931873,-1.0670419401333788],[100.38445748112792,-1.0670510286819876],[100.38435862315202,-1.0670148957208312],[100.38428669717342,-1.0669244823789086],[100.38420579775942,-1.06686120607975],[100.38415205966987,-1.0668395989682722],[100.38411592491008,-1.0668250686219949],[100.38399010615854,-1.0667799019708468],[100.3839312041618,-1.066760418158708],[100.38387326803695,-1.066725688139968],[100.38387173379351,-1.066683866966855],[100.38383726907477,-1.0665990788843374],[100.3837923281535,-1.0665719652239432],[100.38378964187854,-1.0665721918531403],[100.38368450393676,-1.0665810591684703],[100.3835946436779,-1.0665720551562003],[100.38341492316022,-1.0665540471315467],[100.38322622381122,-1.0665541316677718],[100.38312738562041,-1.0665632220150201],[100.38292304975897,-1.0665119957319575],[100.38277691262448,-1.0664910226425377],[100.38268706045955,-1.0665001075938676],[100.38248935889686,-1.0664640186994347],[100.38239050541756,-1.0664369302201067],[100.38229165103894,-1.0664098408414588],[100.3822287308713,-1.0663646463113423],[100.38208494006801,-1.0663194877541287],[100.38198608209206,-1.0662833538935956],[100.38196340568669,-1.0662709171690494],[100.38188721512296,-1.0662291310695196],[100.38176139187482,-1.0661749199365431],[100.38155467280995,-1.066066477885613],[100.38147495780311,-1.0660092189502279],[100.38136591410569,-1.0659308933959437],[100.38126705073387,-1.0658857150536392],[100.38118614412531,-1.0658043497908807],[100.38111423073724,-1.0657410698943863],[100.38101536376809,-1.0656868470703103],[100.38091646891996,-1.0655693110747961],[100.38089846179463,-1.0654879170336926],[100.38093975236774,-1.0654001171216692],[100.38100619697849,-1.0652798417912095],[100.38107161186548,-1.0651338692326249],[100.38113187183848,-1.0649994008016392],[100.38118574482633,-1.06490893080246],[100.38126282571886,-1.0648160632106851],[100.38129346921829,-1.0646737221145486],[100.3813293548659,-1.0645470795840311],[100.38136525670132,-1.0644566176787293],[100.38139216621556,-1.0643480704070498],[100.38143704958026,-1.0642485586240582],[100.38145013291734,-1.0642221923002921],[100.38149091627281,-1.0641399987619025],[100.38152681810823,-1.064049535957281],[100.38159867124176,-1.0639771468278241],[100.38171544820943,-1.0638956925321281],[100.3817693220966,-1.0638052216336291],[100.38172436588684,-1.0637419300459783],[100.38168839930023,-1.0636876775442374],[100.38163448134628,-1.0636786582434183],[100.38156257065617,-1.0636244219294895],[100.38150863291713,-1.0635701793202657],[100.38143674021347,-1.0635521218329131],[100.38135586058456,-1.0635340688421593],[100.38127499804278,-1.0635521946779818],[100.38118516206566,-1.0635974593552078],[100.3810863283714,-1.063615592385645],[100.38096952622271,-1.0636427788911078],[100.38086171369719,-1.0636790062810633],[100.38067034066376,-1.0636963748877406],[100.38066262358126,-1.0636972948942116],[100.38051129016395,-1.0637153415896705],[100.38039449161255,-1.0637515743756012],[100.38029566601222,-1.063787797268958],[100.38019048400372,-1.0638215362348546],[100.38009801031501,-1.0638511976745804],[100.37993628792941,-1.0638964938280537],[100.37976556782678,-1.0639146601334346],[100.37970995375144,-1.0639385083554203],[100.3796038418439,-1.0639509118050796],[100.379522987396,-1.0639871266045589],[100.37943314332495,-1.0640143014188084],[100.37930734795583,-1.0640234016586305],[100.37919953183297,-1.0640505845667576],[100.37913665213483,-1.0640958357541876],[100.37901986257668,-1.0641501566043985],[100.37884015285084,-1.0641592820251731],[100.37866043233316,-1.0641412740005194],[100.37859753644722,-1.0641503472606928],[100.37849869375975,-1.0641503913274732],[100.37841782672137,-1.0641594717821476],[100.37831898403397,-1.0641595167482478],[100.37830498338832,-1.0641615366255905],[100.37822765158489,-1.0641726909169051],[100.37819319316139,-1.0641776623691612],[100.37810334819102,-1.0642048371834676],[100.37802248115264,-1.064213917638142],[100.37792365465299,-1.0642501405314988],[100.37784280380242,-1.0642954007121261],[100.37777991241308,-1.0643135175547513],[100.37766551235359,-1.0643366768960618],[100.3776181864302,-1.0643497692263963],[100.37756429185862,-1.0643950168165475],[100.37755381475682,-1.064434843293327],[100.37753737964641,-1.0644945196063418],[100.37751582379627,-1.0645449409961998],[100.37744755536045,-1.064566917728996],[100.3774017187144,-1.0645737094091032],[100.37736670001323,-1.064603133427795],[100.37735775805413,-1.0647026281237686],[100.37730387697241,-1.0647750091592911],[100.37729489544313,-1.0647840581377181],[100.37727695216967,-1.0648473794029769],[100.37723207869755,-1.0649740237321339],[100.3771692277777,-1.0650825880909451],[100.37711535389053,-1.0651730589894441],[100.37708845696676,-1.0653087406058717],[100.37706356373252,-1.0653940745768296],[100.37704359698449,-1.0654625201790964],[100.37700631738772,-1.0655483955419527],[100.37698076225246,-1.065607263364484],[100.37696285944844,-1.0657610303472325],[100.37691703539292,-1.0658164285852649],[100.37687305045097,-1.0658696063971433],[100.37689110973696,-1.0660685813998612],[100.37688216777786,-1.0661680760957779],[100.37688226490468,-1.0663851472567103],[100.3768553562897,-1.0664936954276527],[100.37688236113212,-1.0666022193169056],[100.3768824007023,-1.066692665933715],[100.37692736590526,-1.0667740473843423],[100.37698133242259,-1.0668916031648905],[100.37702629312901,-1.0669639401336894],[100.37708279663383,-1.0670162186235643],[100.37713416141247,-1.0670543381871198],[100.37713753566879,-1.067145419725307],[100.37709955100354,-1.0672674838072567],[100.37706395134035,-1.0674062977623748],[100.37705352370119,-1.0675789648972795],[100.377044617715,-1.0677598617281774],[100.37697281314485,-1.0679407873374203],[100.37694254826005,-1.0680384240340004],[100.37689004943627,-1.0682077888583308],[100.37688308508638,-1.0682302566210069],[100.37681132907966,-1.0685197178106591],[100.37668564972302,-1.068791114318401],[100.37657790644528,-1.0689811005972842],[100.37654200371054,-1.0690715634019057],[100.3764791437975,-1.0691620378976836],[100.37644324196208,-1.069252500702305],[100.37629954288963,-1.0694153697234583],[100.37620973479147,-1.069523945773426],[100.37614687487843,-1.0696144211685805],[100.37609300099126,-1.0697048920670795],[100.37605710275312,-1.0698043993534725],[100.37604816619,-1.0699129385312176],[100.37604447357364,-1.0699352956772827],[100.37603024180225,-1.0700214831049379],[100.37597637331106,-1.070120999384585],[100.37592249492724,-1.070202424901936],[100.37587760256935,-1.0702838468220079],[100.37583271021145,-1.0703652687421368],[100.37582292199033,-1.0703849962704908],[100.37578782235016,-1.0704557360433569],[100.37571597731056,-1.0705462150357334],[100.37565311290092,-1.0706276459490596],[100.37558125976739,-1.0707000350785165],[100.37548240898604,-1.07068199108096],[100.37538355011083,-1.0706458572204838],[100.3752757016124,-1.0706006815761384],[100.37516784502009,-1.0705374178675129],[100.37510491675857,-1.0704741343737396],[100.37505996864269,-1.0704289308504258],[100.3750177796469,-1.0703849962704908],[100.37500151990429,-1.0703680620363798],[100.37494810826865,-1.0703124389678464],[100.37483392494573,-1.0701689071692613],[100.37477447166458,-1.070130643714208],[100.37465560916911,-1.0701546286331336],[100.37463661638679,-1.0702144641261953],[100.3746533006094,-1.0703101789715106],[100.37471846818283,-1.0703295935358597],[100.37472746500055,-1.0703567242833287],[100.37471624505872,-1.0703849962704908],[100.37470951363321,-1.0704019547863481],[100.37470054469446,-1.0704381381095232],[100.37467360820051,-1.0704833731091412],[100.3746376928753,-1.0705467015689578],[100.37462873472839,-1.0706100192369377],[100.37472759360361,-1.0706461530974138],[100.37483544300136,-1.0706913269431197],[100.37489489808115,-1.0707092522301309],[100.37492531225342,-1.0707184208184231],[100.37501518510277,-1.0707545591754979],[100.37510506244871,-1.0707997420144579],[100.37520392132399,-1.0708358758749341],[100.37530278379649,-1.0708810542172387],[100.37540163907443,-1.0709081435958865],[100.37549151642042,-1.07095332553547],[100.37552748300698,-1.0710075780372676],[100.37548259064909,-1.0710889999573396],[100.37544668791435,-1.0711794627619611],[100.37544674457166,-1.0713060882053469],[100.3754378196997,-1.0714417617278968],[100.37541990070793,-1.0715593507833887],[100.37536601872682,-1.0716317318189112],[100.37525825476473,-1.0717764956886526],[100.37521341546682,-1.0719754985703389],[100.37509668166661,-1.0721564448639924],[100.37509225970007,-1.0721636430376407],[100.37497995236299,-1.0723464347400977],[100.37488118162128,-1.0725092839762169],[100.37478240368506,-1.0726540433493597],[100.37468363024539,-1.0728078472043308],[100.3745452245825,-1.0729605655776027],[100.37449502262723,-1.0730159593190365],[100.37437827263921,-1.0731607267860568],[100.37430642040505,-1.0732331168148335],[100.3742345618756,-1.0732964623617818],[100.37417169117066,-1.0733598034121314],[100.37409086819906,-1.0734683749655005],[100.37405149857784,-1.0735080377656914],[100.37404595875404,-1.0735136189583159],[100.37395612997148,-1.073576971699822],[100.37387529081207,-1.0736493662251974],[100.37383940876174,-1.0737850523382235],[100.37378553937123,-1.0738845677185509],[100.37371369792885,-1.0739840920921324],[100.37364183580212,-1.0740383922579326],[100.37356997907136,-1.0741017378048809],[100.37347115616899,-1.0741470060794427],[100.37337231258221,-1.0741470501462231],[100.37328248020236,-1.0742013593052206],[100.3731926469232,-1.0742556675649553],[100.37310281814058,-1.074319021205838],[100.37304894875007,-1.0744185365861654],[100.37295013034429,-1.0744728493424986],[100.37285132722701,-1.0745633409254083],[100.37270759218171,-1.0746448078115804],[100.37266699228792,-1.0746652637908483],[100.37254588598393,-1.074726282791687],[100.37245604910743,-1.0747715465695933],[100.37230334422401,-1.0748891967789405],[100.37218654117601,-1.074916384183723],[100.37205082898265,-1.0749137131972475],[100.37196816060219,-1.0748768940533751],[100.37193077398609,-1.0748604490504476],[100.37186417109467,-1.0748205020644832],[100.37181974728355,-1.0747429175515322],[100.37138251399188,-1.0740350953433335],[100.37138169560882,-1.0740337706419609],[100.37135117171925,-1.0739843555934954],[100.37121970162798,-1.0737715247360029],[100.37116043720448,-1.0736755832614904],[100.37111226501906,-1.0736436321478777],[100.37111165887603,-1.0736432301508785],[100.37110551920443,-1.073639157121363],[100.37110116558637,-1.0736376255758842],[100.37105878503496,-1.0736227166150343],[100.37101790095545,-1.073623910914705],[100.37090928263734,-1.0736686413946472],[100.37086491188626,-1.0737098141565298],[100.37086117610244,-1.0737189593624521],[100.37086115901536,-1.0737189998319536],[100.37085674424344,-1.0737298078842628],[100.37085443478441,-1.0737909500922456],[100.37086614485673,-1.0738556149446481],[100.37091164605567,-1.0739280850130513],[100.37094037579777,-1.0739738434181163],[100.37103187462139,-1.0741195731597486],[100.37103207427089,-1.0741198897210893],[100.37138381980748,-1.0746801115978428],[100.37138867794516,-1.0746878502640129],[100.37152896768777,-1.0749417612532284],[100.37161173499362,-1.0750909057206854],[100.37169078360284,-1.0752333511381948],[100.37166554682756,-1.0753145850999886],[100.37157570995112,-1.0753598488778948],[100.37148587307462,-1.0754051126558011],[100.37139603979546,-1.0754594218147986],[100.37129722138974,-1.0755137336718121],[100.37120738811052,-1.0755680428308665],[100.37111755483136,-1.0756223519899208],[100.37101874002292,-1.0756857092280256],[100.37092889864982,-1.0757219276248406],[100.37083006765357,-1.0757491069356888],[100.37066834886525,-1.0758034475709906],[100.37041678870389,-1.0758940093010665],[100.37034491488595,-1.0759211751220619],[100.37028202259734,-1.0759392928640068],[100.3702640757266,-1.0759935687481743],[100.37018322037937,-1.076029785346293],[100.37011135915196,-1.0760840846127735],[100.3700215258728,-1.0761383937718279],[100.36992269937315,-1.0761746166651847],[100.36981487785437,-1.0761927550915402],[100.36971603876424,-1.0762018445394688],[100.36958472965159,-1.0761027563370931],[100.36957093764869,-1.0761021286102732],[100.36955965565363,-1.076094562613946],[100.36955149700407,-1.0760743800285582],[100.36939571014398,-1.0752846053002258],[100.36928756936589,-1.0748148345369373],[100.36925253267827,-1.0746626386697926],[100.36925185189153,-1.0746577706395328],[100.3692517943349,-1.0746573596493931],[100.36924184243713,-1.074586307811785],[100.36924493700428,-1.0744967191482147],[100.36941893333716,-1.0741552393727716],[100.36941903406125,-1.07415503972328],[100.36944845718062,-1.0740972951539902],[100.36945344931729,-1.0740468234021137],[100.36945404376917,-1.0739913073529124],[100.36944650745039,-1.0739521922398581],[100.36943020364106,-1.0739282307032454],[100.3694009298091,-1.0739135150965922],[100.36940011322469,-1.0739131041063956],[100.36939756004944,-1.0739131562671105],[100.36936877185138,-1.0739137408264128],[100.3693242796918,-1.0739282792666245],[100.36926877623307,-1.073972062760447],[100.36926845337649,-1.0739723181678755],[100.36904422091413,-1.0741492031231701],[100.36902732445151,-1.0742009474157612],[100.36902233321416,-1.0742520432971219],[100.369024231683,-1.0742746261730076],[100.36902606270269,-1.0742963960617544],[100.36902737301489,-1.0743119786149009],[100.36910672829293,-1.0747397159650518],[100.36910723191329,-1.0747424337163238],[100.36914204017307,-1.0749300538788589],[100.36915364772273,-1.07499262600885],[100.36934339837921,-1.0760366210931238],[100.36934340377513,-1.076051762978409],[100.36931646638186,-1.0760738521265125],[100.36896301213335,-1.0761528728567669],[100.36892915895356,-1.0761440612993169],[100.36891096746723,-1.0761150437742231],[100.36888461283468,-1.0760374619592312],[100.36872963716309,-1.0754663043264259],[100.36871334144763,-1.0754418598539246],[100.36868601824523,-1.0753348450270437],[100.36865808440314,-1.075247397649207],[100.36857180434538,-1.0748601432809437],[100.36852540382438,-1.0747958966132956],[100.36844331280872,-1.0747958966132956],[100.36841118992453,-1.0748779876289518],[100.36841055140587,-1.0748817297080109],[100.36838620585877,-1.0750243253123131],[100.36836960527313,-1.0750940488512128],[100.36836835971206,-1.0750957089996973],[100.36836479120223,-1.0751813703239463],[100.36839493108124,-1.0752416500820345],[100.36840048259626,-1.0752598919304432],[100.36845548872986,-1.075336899078593],[100.36847186718296,-1.0753598290928039],[100.36851112798621,-1.0754704735834366],[100.36856579237747,-1.0756253557255491],[100.36859678841114,-1.0757131790199423],[100.36863247980517,-1.0759487456380725],[100.36865032595182,-1.0760915139122176],[100.36862534188606,-1.0761736049278738],[100.36855395819867,-1.0762128657311223],[100.36845045072778,-1.0762699726810752],[100.36837192912128,-1.0763449257776756],[100.36831482217139,-1.0763913262986193],[100.36829258193717,-1.0763943588125358],[100.36823629966557,-1.0764020327275716],[100.36822553028406,-1.076401494933009],[100.36809353229074,-1.0763948948085158],[100.36803285593163,-1.0763270796309712],[100.36801500978493,-1.0762378497968825],[100.36799002571917,-1.0761022212404896],[100.36799002571917,-1.0759737297038328],[100.36797574898168,-1.0758987766072323],[100.36789722737518,-1.0758345317382236],[100.36780442813193,-1.075802408854031],[100.36765809134789,-1.0758238244098948],[100.36754744595794,-1.0759059163249276],[100.36749033900799,-1.0759915758504803],[100.3674939084172,-1.0760736677655132],[100.36756886061448,-1.076166467008818],[100.36769021423208,-1.076312802893483],[100.3677972893135,-1.076419878874276],[100.36794005668833,-1.0764769858241721],[100.36818276212483,-1.0765269548550123],[100.36838290714553,-1.0765489216953483],[100.36847543569286,-1.0765590777392049],[100.36863604921439,-1.076591199724021],[100.36871100231099,-1.0766161846891009],[100.36879666273586,-1.07675538265471],[100.36879309422596,-1.076819629322415],[100.36872884845764,-1.0768588901256066],[100.36869315616428,-1.0768124896046629],[100.36862177337622,-1.0767482447356542],[100.36856109611773,-1.0767089839324058],[100.36854182094834,-1.076701488083188],[100.36843260458107,-1.0766590149015656],[100.36821845441818,-1.0766304614265891],[100.36796147224419,-1.0766126161792613],[100.36767236808538,-1.0765555083299887],[100.36753673773035,-1.0763520645960512],[100.36744036997715,-1.0762913882369389],[100.36744036997715,-1.0763163732020189],[100.36747249286134,-1.076501970789252],[100.36765809134789,-1.0766518769825097],[100.36785082685424,-1.0767268300791102],[100.36781537917648,-1.0768213587186892],[100.3676828325967,-1.0768419424016997],[100.36750839289806,-1.0768457006685139],[100.36727178396569,-1.0768347649124053],[100.3671741175915,-1.0768327099615362],[100.36708479063066,-1.0768117215836241],[100.36697507513969,-1.0767318617859587],[100.36690399722175,-1.0766309551544282],[100.36682717173665,-1.0765184832413865],[100.36672109220473,-1.0764107543527643],[100.36669357025215,-1.0763916365647219],[100.36661294243339,-1.0763356330829765],[100.36651368335987,-1.0762678511803188],[100.36641352676293,-1.0761908098579624],[100.36638253612523,-1.0761669706291173],[100.36628221135504,-1.0760687107023728],[100.36618082178757,-1.0759210285326049],[100.3661573341937,-1.075887202332467],[100.36615602478076,-1.0758853155548422],[100.36609615871083,-1.0757990993488988],[100.36603813715038,-1.0756966117091906],[100.36603572157134,-1.0756890115386],[100.36601041195104,-1.0756093531890656],[100.36598008861029,-1.0755357607666838],[100.36592729840618,-1.0754558739893696],[100.36586459407579,-1.0753917676159404],[100.36579354763415,-1.0753623579863643],[100.36569535425724,-1.0753450550301977],[100.36562960302382,-1.0753464193017521],[100.36559193671854,-1.0753471999133239],[100.36547652042515,-1.0753782759866226],[100.36532821862244,-1.0754382715589372],[100.36518513828355,-1.0754956438088925],[100.36503839230801,-1.0755367086521233],[100.3648780512811,-1.0755593940507424],[100.36485719510353,-1.075560016381587],[100.3648543622391,-1.0755601000185493],[100.36475270107633,-1.075563131633146],[100.36470657215062,-1.0755636397501007],[100.36468949042768,-1.0755638277084358],[100.36465346268722,-1.0755642252087796],[100.36464858386512,-1.0755648763179124],[100.36457043008136,-1.0755753066550255],[100.3644790490689,-1.0756226613567037],[100.36442370389091,-1.0756826155601971],[100.36441015110762,-1.075736246630413],[100.36441592745314,-1.075793018133254],[100.36443842399416,-1.0758289685320506],[100.36444848830718,-1.0758450520074803],[100.36445408119096,-1.0758539885706568],[100.36450339371669,-1.075900598633666],[100.36451863722539,-1.0759150057728561],[100.36452357000684,-1.0759196678583294],[100.36458836346225,-1.075973263855019],[100.36464858386512,-1.0760342459836352],[100.36466360703992,-1.0760494589153495],[100.36470385080213,-1.0761225216369894],[100.36470754161979,-1.0761950690471735],[100.36467675512819,-1.0762555376628598],[100.36464858386512,-1.0762800909533894],[100.36461096882124,-1.0763128739399122],[100.36453422337576,-1.076374946046883],[100.36447522784954,-1.0764280654028653],[100.36442509514211,-1.0764454349088624],[100.36436136198733,-1.0764302237757875],[100.36430076836581,-1.0764039671693126],[100.36425113927874,-1.0763834851097158],[100.36420361280653,-1.0763829823886795],[100.36415557821744,-1.0764292677964136],[100.36414552829353,-1.0764509198739916],[100.3641253160306,-1.0764944659467801],[100.36411045923035,-1.0765399509579083],[100.36402986108925,-1.0767867033436573],[100.36402673324721,-1.0767962793248103],[100.36402627819024,-1.0767980437946107],[100.36400929089609,-1.076863990180982],[100.36400587617032,-1.076877247087225],[100.36400956429003,-1.0769440118565967],[100.36404405418983,-1.0769918342057281],[100.3640962967068,-1.0770112667565286],[100.36409958193025,-1.0770113908629355],[100.36411089809951,-1.077011818040944],[100.36415422293908,-1.0770134521090995],[100.36416523783549,-1.0770138666965181],[100.36422529276314,-1.0769838662124016],[100.36429210519657,-1.0768881612596033],[100.36433176889608,-1.0768078419083054],[100.36433856777074,-1.0767940741871485],[100.36434741709968,-1.0767761542960557],[100.36441579795076,-1.076693056939007],[100.36447689699128,-1.0766672688793051],[100.36454480030233,-1.0766803809947305],[100.36462785988789,-1.0767092600243018],[100.36464858386512,-1.0767256582624896],[100.36469891622204,-1.0767654847392691],[100.36480341924249,-1.0768637446660136],[100.36481611587112,-1.0768782929987992],[100.36483581462119,-1.0769008623848322],[100.36486717038366,-1.0769367876026195],[100.36489644241692,-1.0769888268728209],[100.36489021011516,-1.0770566465469642],[100.36487856119669,-1.0771064105323944],[100.36487367428072,-1.0771272873943758],[100.3648724871756,-1.0771323586713493],[100.36483804943651,-1.0772238538976922],[100.36481249340193,-1.0773021920425094],[100.36481358158159,-1.0773873569409034],[100.3648538253438,-1.0774583125510162],[100.36492017912303,-1.0775077024184725],[100.36498708238798,-1.0776154492934893],[100.36503046028758,-1.0776853437035925],[100.36511197933442,-1.0777657430945169],[100.36521124020663,-1.0778145933687142],[100.36530944977136,-1.0778644931517647],[100.36543608600664,-1.0779471093715642],[100.36545521278788,-1.077959586565612],[100.3655443607837,-1.0780405210531399],[100.3655842735954,-1.0780767565370297],[100.36569662769728,-1.0782091933995162],[100.3657593518127,-1.0783174663779391],[100.36587386608613,-1.0786163407714753],[100.36591912896466,-1.0789238675424144],[100.36596919782028,-1.0794670148907812],[100.36607189769995,-1.0799760851281803],[100.36610585430179,-1.0802135933826094],[100.36611348325073,-1.0804577332377789],[100.36609573243214,-1.0807075640028074],[100.3660892447229,-1.0809091290529977],[100.36607749238243,-1.0809910384056707],[100.36606018492967,-1.0811116518812014],[100.36604710159253,-1.0812725280047175],[100.36600111835696,-1.0814674875344963],[100.36595609739607,-1.0817021908034121],[100.36594781463998,-1.0817972797206608],[100.36594720220165,-1.0818043133183437],[100.36593738610156,-1.0819170109612628],[100.36591307203071,-1.0821999682538603],[100.36591042082932,-1.0825832188404547],[100.3659161683965,-1.082815059567281],[100.36593791490293,-1.0830970446928063],[100.36596515806565,-1.0833029840454174],[100.3659656769745,-1.0833069041902377],[100.3659765947441,-1.0833894340750589],[100.36601038227337,-1.0835215184033018],[100.36606324262459,-1.0837281718176541],[100.36620266991736,-1.0843791649664354],[100.36621401216701,-1.0845040664094654],[100.36621596099786,-1.0846621042726383],[100.36618216897199,-1.0847898655597987],[100.36610043768513,-1.0849186008127276],[100.36598690007543,-1.0850329882817391],[100.36598485321844,-1.085035050427166],[100.36598381630012,-1.0850355621414565],[100.36589086507144,-1.0850814635386428],[100.3658165846677,-1.0850748679108051],[100.36578546003102,-1.085057950763769],[100.36578244190622,-1.0850563104003754],[100.36574699962438,-1.0850370469221389],[100.36569435511046,-1.0850427513218506],[100.36564078969076,-1.0851014491724982],[100.36562390761731,-1.0851856706821081],[100.36562018981994,-1.0852708472717154],[100.36561264001136,-1.0852900621865729],[100.36560174112753,-1.0853177990771314],[100.36559733984541,-1.0853289992338659],[100.36558262783609,-1.0853664389100004],[100.36557231800811,-1.0854421483364263],[100.36559585326609,-1.0855225720090402],[100.36565702784964,-1.0855890382035227],[100.36566771988942,-1.0856006538470524],[100.36570119985055,-1.0856370314238006],[100.36586052734151,-1.0857118199444926],[100.36592199060743,-1.0857406710950386],[100.36592264891118,-1.0857409795625017],[100.36595696973842,-1.085757090017637],[100.36608578682967,-1.0857873126342952],[100.36621463899445,-1.085789133761466],[100.36621552302802,-1.0857891463519991],[100.36621667505955,-1.0857892111031902],[100.36641577686669,-1.0858004139578838],[100.36648348142757,-1.0858297156688081],[100.36653239465437,-1.0858826848379977],[100.36657285515321,-1.0859555308230142],[100.36674519403556,-1.0866178680201415],[100.36685449763701,-1.0871581573230742],[100.36686395490767,-1.0872868503078621],[100.36686588845004,-1.0874098649732673],[100.3668665431565,-1.0875456257300016],[100.36686423999276,-1.0879218148398309],[100.36679737539862,-1.0884268543157987],[100.36673681595136,-1.088884262998306],[100.36667463502647,-1.0894142748488775],[100.36665720976248,-1.0895627969854331],[100.36660837477672,-1.0896877263074884],[100.36653037387771,-1.0897558958179161],[100.36632360804811,-1.0898922573217646],[100.36623339525505,-1.0899793629571946],[100.36622034339422,-1.0899803414195617],[100.36621994139722,-1.0899803710972265],[100.3661572424628,-1.089985068256226],[100.36607074117182,-1.0899557755385558],[100.36604348361993,-1.0899680890560148],[100.36602847123703,-1.0900333888297951],[100.36604541896099,-1.0900948952631779],[100.36611690157383,-1.0901781356124047],[100.3661467042071,-1.0902213030706207],[100.36619593039791,-1.0902926058190587],[100.36620241271123,-1.0903058807117532],[100.36624674659015,-1.0903966699702892],[100.3662488006417,-1.0904339019029976],[100.36625266233057,-1.0905038718561286],[100.36625337819089,-1.0905168517712696],[100.36624488319484,-1.0905347168036883],[100.36621017116255,-1.0906077183714729],[100.36616884641518,-1.0906891124125764],[100.36617358404374,-1.0907752233977703],[100.36620369514446,-1.0908319922026521],[100.36627892703092,-1.0908792695626062],[100.36638798511746,-1.090892471610232],[100.36652524774206,-1.0908857779562595],[100.36663899039712,-1.0908649145840741],[100.36673581680458,-1.0908374304030417],[100.36678643874319,-1.0908296818442977],[100.36680307620105,-1.0908271358636057],[100.36682887775055,-1.0908231869404972],[100.3669341901608,-1.0908628803176157],[100.36701684145413,-1.090939121243423],[100.36705058221867,-1.090970244980781],[100.36732075025247,-1.091219462408219],[100.3676038613292,-1.0915079577260371],[100.36769135816968,-1.0916337737795629],[100.36776102684996,-1.09173840810098],[100.36776109969503,-1.0917385169189515],[100.36776249993949,-1.0917406195339368],[100.36776379676189,-1.091742566566154],[100.36783996574189,-1.0917945761586907],[100.36791225234862,-1.0918048320273215],[100.36791420477681,-1.0918051090185372],[100.36793304737228,-1.091807782702972],[100.36804116117071,-1.0918030028062731],[100.3681408006575,-1.0917745671425223],[100.36820396723937,-1.0917406195339368],[100.3682112949154,-1.0917366823019847],[100.3682239654637,-1.0917243993615102],[100.36822788560852,-1.0917205970278587],[100.36826110026965,-1.0916883968019988],[100.36833723057879,-1.0916363188609921],[100.36844252410327,-1.091632482353134],[100.36858451806114,-1.0917119086776097],[100.36859614269787,-1.0917211770906192],[100.36862052961379,-1.0917406195339368],[100.3690293668119,-1.0920665653196693],[100.36908389990214,-1.0921113479602695],[100.36911923426533,-1.0921403636867808],[100.3695265264281,-1.0924748341462305],[100.36953570490891,-1.0924823722636461],[100.3696858260401,-1.0926056522289969],[100.36978105435225,-1.092709951103302],[100.37011850876223,-1.0930795481825726],[100.37016839145815,-1.0931425340007195],[100.37025568774988,-1.0932527648031964],[100.37045338391658,-1.0935023968181099],[100.37052472893316,-1.0935716967763369],[100.3707016903308,-1.0937435850983093],[100.37084370857036,-1.0938589663181801],[100.37090674115325,-1.0939507322404438],[100.37095004710704,-1.0940964385997063],[100.37095480901729,-1.0942355448344756],[100.37093704021231,-1.0944229221800583],[100.37087053174969,-1.0946368978744658],[100.37086996877412,-1.0946387091090628],[100.37082908019795,-1.0947702601393416],[100.37082195127209,-1.0948345859473534],[100.37081597078048,-1.0948885515653615],[100.37082449185687,-1.0950125141162061],[100.3708593225997,-1.0951175441393275],[100.37093364527158,-1.0952367357866706],[100.37101265880722,-1.0953190327471134],[100.37114619464126,-1.095416437418578],[100.37122860221825,-1.0954534103465789],[100.3716865118231,-1.0956153485694244],[100.3716865927621,-1.0956153782470892],[100.37176138488007,-1.0956418282077607],[100.3721235031972,-1.0958200207772961],[100.37242757207486,-1.0959967051837225],[100.37244078041772,-1.096008551953048],[100.37265374707283,-1.0961995625597183],[100.37280369103757,-1.0963983208258128],[100.37282188342323,-1.0964224361464403],[100.3729181846266,-1.0965653878823218],[100.37299005934381,-1.0967360270459494],[100.37303748778987,-1.0968974535546181],[100.37308801709838,-1.0971588199235498],[100.37309484025474,-1.0972011168380504],[100.37311405966619,-1.0973202563247355],[100.37311718930692,-1.0974801647777213],[100.37311880358999,-1.0976739003301645],[100.37311378986959,-1.0977260601095509],[100.37309751933509,-1.0978953242097873],[100.37303049286299,-1.0983074286448868],[100.37300609785319,-1.098407383793699],[100.37297559644668,-1.0985165668860191],[100.372935918358,-1.0986026913610658],[100.37287636795008,-1.0986596103526836],[100.3728198662439,-1.0987011509373019],[100.37272307491003,-1.0987492682640436],[100.37271045112647,-1.0987596545343763],[100.37270500663084,-1.0987641340574896],[100.37266379160076,-1.0987980456932291],[100.37262823240707,-1.0988497980796978],[100.37260453617046,-1.0989075147699623],[100.37257591164905,-1.0989990585596843],[100.37257595931311,-1.0991015354074989],[100.37257890009624,-1.0992358275713627],[100.37258201624712,-1.0993781192048004],[100.37258633838888,-1.0994887582995148],[100.37258659199767,-1.0994952559012745],[100.37260801924475,-1.1000437029545083],[100.37260707945319,-1.1001481700020008],[100.37260810468035,-1.1002307466515617],[100.37258737890448,-1.1002994062924927],[100.37256763428894,-1.1003521461345827],[100.37240666643459,-1.1006725817741767],[100.3723351910163,-1.1008003241755659],[100.37221901659439,-1.1010079551529657],[100.37221146858445,-1.1010251825660475],[100.37210348878506,-1.10127166065854],[100.37207487865277,-1.1013900689964657],[100.37205715121661,-1.1015293649881528],[100.37204832527004,-1.1016835798333204],[100.37202267300802,-1.1017850737221124],[100.37202189779242,-1.1017867221794404],[100.37200740971423,-1.1018175437445734],[100.37197823480773,-1.1018796113549456],[100.37191402321366,-1.1019592346309537],[100.37186669908897,-1.1020335815844646],[100.37186632227304,-1.1020341742377013],[100.37183787941467,-1.1020788579529039],[100.37173224774511,-1.1022705628361678],[100.37172175895205,-1.1023217162741616],[100.3717136012018,-1.1023663999893074],[100.3717177138015,-1.1024163699194673],[100.37172824306401,-1.1024510522742048],[100.37174227428659,-1.102481027577312],[100.37175629921387,-1.1024951307456377],[100.37177849807927,-1.102503941403711],[100.3718123737421,-1.1025056878871169],[100.37184741762428,-1.1025033199721861],[100.37192217736663,-1.102495643359191],[100.37200685303389,-1.1024644449781249],[100.37202150299004,-1.1024547547830821],[100.37208334397121,-1.1024138500191043],[100.37209874306262,-1.1023992630155135],[100.37219076888891,-1.1023120926289494],[100.37229176904998,-1.1022132769211339],[100.37238051864608,-1.1021497434158505],[100.37245410657181,-1.1021367751919797],[100.37252010691748,-1.1021338038319186],[100.37260947524715,-1.1021443447856427],[100.37288170272848,-1.102247102221952],[100.37313585473595,-1.1024210041259721],[100.37332238581951,-1.1025313824173395],[100.37351210320105,-1.1026436447883157],[100.3738065259505,-1.1027499185738634],[100.3740927981442,-1.10290910577055],[100.37410848591793,-1.102921777218171],[100.3741136893953,-1.1029259788508057],[100.37417751877751,-1.102977530688463],[100.37426136257187,-1.1030452478398729],[100.37431541272616,-1.1030889009319935],[100.37453781237019,-1.1032848407227789],[100.3745827164193,-1.1033272293681193],[100.37460261032226,-1.1033460081117141],[100.37479590610621,-1.1035284742596332],[100.37487206609302,-1.1036388741346741],[100.37492153959744,-1.1037522723494249],[100.37497107065843,-1.1039047128321613],[100.37498488964098,-1.1039472453690564],[100.37499111294954,-1.1039666221618631],[100.37499192413804,-1.1039691456595051],[100.37504527192181,-1.1041352558373205],[100.37509672303543,-1.1042506406544703],[100.37515211407884,-1.1043331939217182],[100.37520452566838,-1.1043858995895448],[100.37534888664186,-1.1044942768893407],[100.37549127630143,-1.104612606086846],[100.37559487820113,-1.1046666751269072],[100.37562079216588,-1.1046801991318489],[100.37572557397613,-1.1046960685686713],[100.3758333190525,-1.1047049736555437],[100.375911519601,-1.1046989401039582],[100.37591211315356,-1.1046988942385383],[100.37593709991728,-1.1046969660920922],[100.37606757266042,-1.1046939200882662],[100.37616543778478,-1.1047127779722814],[100.37627913187652,-1.1047644602116407],[100.3763938017326,-1.1047882850512565],[100.37649926522897,-1.1047853919322392],[100.37650450377987,-1.1047852480407414],[100.37659840918928,-1.1047911727743553],[100.37671407459493,-1.1048319111637284],[100.37683569531117,-1.1049253768046583],[100.37694249699871,-1.1050347658417081],[100.37707405612286,-1.1052456262845567],[100.37729368135837,-1.1056604026054515],[100.37744900866488,-1.1059717362066408],[100.37766663021085,-1.1063268191273323],[100.37774861870383,-1.1064360768634174],[100.37778828240334,-1.1064889327180367],[100.3780938837258,-1.1068688459204736],[100.37826202457285,-1.1070985912269293],[100.37854188100306,-1.1073770357215835],[100.37896570360442,-1.1077386567135932],[100.3789987204147,-1.1077668270773415],[100.37925878366599,-1.1079915550661781],[100.37943578463381,-1.108145681777728],[100.37952675285743,-1.1082152830088603],[100.3795897395749,-1.1082706218916201],[100.37962069334037,-1.1082978173903371],[100.37971266430804,-1.1083972653215142],[100.37981154746501,-1.1084827809555122],[100.37991932311832,-1.1085613277430184],[100.38002015870342,-1.108592124127199],[100.38015261804895,-1.1086109640247059],[100.3803117602796,-1.1086198439306258],[100.38037834068791,-1.1086214582136904],[100.38047287742143,-1.1086237487869539],[100.38059347920574,-1.1086525441795061],[100.38070717689476,-1.1087121854189945],[100.38083672063823,-1.1088384781132277],[100.38102066257358,-1.1090373739755819],[100.38117394212378,-1.109192507927844],[100.381336121365,-1.1093536070832783],[100.38139349541353,-1.1094500863523535],[100.38171704000945,-1.1098220423533007],[100.38196450375892,-1.1101837200026239],[100.3827544853313,-1.1110974330001113],[100.38280634383779,-1.1113523764109914],[100.3829276398987,-1.1114570691883614],[100.38299518527964,-1.1116507597747045],[100.38308510579304,-1.111786386532458],[100.38320199697466,-1.1119491350444832],[100.38322901260892,-1.1120757469980731],[100.3832650070745,-1.1121842645920879],[100.38331001184764,-1.1123470481776963],[100.38336398106293,-1.112464602159605],[100.38352580057528,-1.1126273290878999],[100.38364271783723,-1.1128443453901582],[100.38375961711267,-1.1130251819665204],[100.38391248117614,-1.1132512256634755],[100.38395855704181,-1.1133016326641609],[100.38403240756963,-1.1133888624060546],[100.3840383502897,-1.1133958798159256],[100.38423622722019,-1.113802795162826],[100.38445199166614,-1.1140288082828533],[100.38464077375278,-1.1142005671024435],[100.38491938372266,-1.1143089695832487],[100.38512614235765,-1.1144897647907896],[100.38531499099412,-1.1148062371181027],[100.38543200987942,-1.1152403227825971],[100.38551968118838,-1.1154201278365576],[100.38558975546289,-1.1155638439961422],[100.38560449625055,-1.1158056411173902],[100.38561875590091,-1.1159838660625496],[100.38564727789964,-1.116197738334904],[100.38566866917381,-1.1163973509569587],[100.38566866917381,-1.1165399321720884],[100.38567579899899,-1.1166825115885786],[100.38567579899899,-1.1168037060261895],[100.38567579899899,-1.116882125109953],[100.38567579899899,-1.1170175773992241],[100.38564366532296,-1.1172382179693159],[100.38562832288886,-1.1172578645587805],[100.38552840011562,-1.117385824596056],[100.38552507802001,-1.1173967729426977],[100.38547808214781,-1.1176823490611127],[100.3853613978103,-1.1179627873527238],[100.38530761385533,-1.1182431959666701],[100.385199891262,-1.1184693628707691],[100.38516177979238,-1.1186309431634527],[100.38520198038714,-1.1187655887608798],[100.38525742089331,-1.1187963428768626],[100.38532313345593,-1.1188197450351822],[100.38534893680406,-1.1188907456113952],[100.38536722092056,-1.1189410536866262],[100.3853939910399,-1.1190147126588386],[100.38553283557195,-1.119396747361975],[100.38557228343421,-1.1195052856404004],[100.38558150418311,-1.1195306573139305],[100.38547907499935,-1.1197987892826404],[100.38547686176781,-1.1198211689117556],[100.38547013124162,-1.1198892385974091],[100.38544320823752,-1.1199616088411517],[100.38536239066184,-1.1200792275742515],[100.38529955413117,-1.1202149271770736],[100.38520976401946,-1.1203596829529374],[100.38515589193094,-1.120450154750813],[100.38508407297167,-1.1205949033320621],[100.38503917431848,-1.120658237187854],[100.38496731668835,-1.120721583634122],[100.38491341941881,-1.1207577876417645],[100.38488648292491,-1.1208030235406454],[100.38483260184319,-1.1208754063748643],[100.38482363740098,-1.1209206341798676],[100.38479669730981,-1.1209568246976573],[100.38477767484989,-1.1210675258456035],[100.38478780031681,-1.1211467660103835],[100.38477885296174,-1.1212281717427004],[100.38478016417332,-1.1213044378494601],[100.38479685559048,-1.1214097241793866],[100.38483290401535,-1.1215175735771368],[100.38485989536792,-1.1215899177404367],[100.38491384839546,-1.1216712937951456],[100.38493826858627,-1.121712216545518],[100.38494082715749,-1.1217165036136976],[100.384967826604,-1.1218069376400308],[100.38502178502739,-1.1218973581765113],[100.38507575873933,-1.1220239566402483],[100.38515855212552,-1.1220820015830668],[100.38518363601605,-1.1221233973768676],[100.38523761422459,-1.1222590403224331],[100.38531855860464,-1.1224127596411222],[100.38538150665124,-1.1225122210620953],[100.38541747143921,-1.1225574272833683],[100.38546243394421,-1.122629761554208],[100.3854894261961,-1.1227021057175648],[100.38553437611063,-1.1227473083415589],[100.38555237784004,-1.1228106116203662],[100.38559738261318,-1.1229733934073352],[100.38560637763226,-1.1229914778743364],[100.38564235860804,-1.1230728629222426],[100.3856788917675,-1.1231305859077452],[100.38570530665464,-1.1231723225445762],[100.38576825380193,-1.1232717839656061],[100.38583118925806,-1.1233441110418312],[100.3858491855915,-1.123398369838867],[100.3858671711331,-1.1234254951904177],[100.38590313502175,-1.1234707014116907],[100.38592112416063,-1.1235068712450698],[100.38594809392947,-1.1235339921000218],[100.38596607857176,-1.1235611165522528],[100.38600802295196,-1.1235739094083215],[100.38605653418176,-1.12359542299032],[100.38611645061377,-1.1236025743992286],[100.38615480220244,-1.1236062499284571],[100.38620871745843,-1.1236062247474479],[100.38624465616601,-1.1235971631784878],[100.38638604398079,-1.1235846769911859],[100.38650532645971,-1.1235229628144339],[100.38656728615138,-1.1234320350603184],[100.38666025626588,-1.123362798054643],[100.38673707815371,-1.123347837832398],[100.38681258073609,-1.1233952860635554],[100.38692447978099,-1.1234508569714308],[100.38707278787894,-1.1235376145692157],[100.38724266082022,-1.1236270746297237],[100.38731365959779,-1.1236748996768142],[100.38738153592919,-1.1237206212096567],[100.38760131315013,-1.1238765357734337],[100.38793527998922,-1.124027727997202],[100.38811079887432,-1.124085439291548],[100.3882232321165,-1.1241293432944985],[100.38828310538105,-1.1241862937624205],[100.38833976356932,-1.1242888335627867],[100.38837942996679,-1.1243710288998159],[100.38837542618501,-1.1244540624049932],[100.38833178118682,-1.1245102493484751],[100.38826387158048,-1.1245599368915009],[100.38820084169555,-1.124666602781474],[100.3881782606183,-1.1247976699764308],[100.38816782218731,-1.1249588500708114],[100.38817095182804,-1.1250027136043173],[100.3881767794349,-1.1250842038728592],[100.38818330221767,-1.1251989762516814],[100.38818416196955,-1.1253088680098244],[100.38817050666358,-1.1255050533155213],[100.38814874576804,-1.125660539802027],[100.38812215191587,-1.1258616129230745],[100.3880575338282,-1.1260277042151188],[100.38802037833784,-1.1261254029649308],[100.38795819021834,-1.126302074780881],[100.38795015567518,-1.1264127840227047],[100.38795019884265,-1.1265072101396072],[100.38794133242664,-1.1265674512268333],[100.38792774277118,-1.1265805939192433],[100.3879211228616,-1.126586997092204],[100.38789362519071,-1.1265845689226808],[100.38787890778542,-1.1265805939192433],[100.38781840409615,-1.1265642541369516],[100.38773913425371,-1.1265301032815955],[100.38761307628249,-1.1265009949249247],[100.38760321161897,-1.1265007512086527],[100.38752681061391,-1.1264988653303476],[100.38748745807976,-1.1265081103609305],[100.38742062316328,-1.1265510134184638],[100.38739599882632,-1.1265805939192433],[100.38739260388564,-1.1265846732440536],[100.3873715984206,-1.1266308102636344],[100.3873576112648,-1.1266948527851923],[100.387352255802,-1.1267724588818169],[100.3873506801898,-1.1268603730077871],[100.38735449691256,-1.1269509967910381],[100.38734213483173,-1.1270302351571786],[100.38732113746056,-1.127091024830861],[100.38729474235851,-1.1271415055759917],[100.38724462673821,-1.1271968831296135],[100.38715892314582,-1.1272425093342804],[100.38707053507721,-1.1273082156016017],[100.38699453606904,-1.1273554650825872],[100.38689913418773,-1.1274114056118378],[100.38681773025411,-1.127427724709662],[100.3867104537245,-1.1274576235704217],[100.38660695524686,-1.1274972890685717],[100.38654822322201,-1.1275716630017882],[100.38652723844137,-1.1276595879195952],[100.38648034778987,-1.1276954259031413],[100.38644206814701,-1.127693274724777],[100.38637896092035,-1.1276384943209905],[100.38614593128978,-1.1273884315308464],[100.38609362941753,-1.1273797746568448],[100.38600682685365,-1.1273836138626621],[100.38590763882655,-1.1274167646719206],[100.38583919232491,-1.1274699802553414],[100.38579985058271,-1.127504730958492],[100.38572116709827,-1.1275704327292146],[100.38563008735872,-1.1276486206872391],[100.38552662215596,-1.1277593775931791],[100.38534759591488,-1.1279466146444861],[100.38526556965036,-1.1280691616624381],[100.38519487484365,-1.1282173465532424],[100.38517513832204,-1.12837785305544],[100.38514787627355,-1.1285896469945556],[100.3851337856957,-1.1287216593770495],[100.38509891268473,-1.1288005002428463],[100.38505362642377,-1.1288052702469713],[100.3850017346424,-1.1288062451120595],[100.38490925106117,-1.1287664015481482],[100.38477804806854,-1.1286525033103203],[100.38461757034463,-1.1284806860347771],[100.38448826132424,-1.1283781822073138],[100.38434955258987,-1.1283554572385128],[100.38418821241612,-1.1283545848961012],[100.38402781383257,-1.1283508617028701],[100.38381175171105,-1.1283595131809534],[100.3835834363266,-1.1283900127888273],[100.38341774433349,-1.128465914670187],[100.38338628514902,-1.1284803263059757],[100.38321840420605,-1.1286162120684935],[100.38305523930791,-1.128749246980135],[100.38293924115311,-1.1288642136125304],[100.38290061976784,-1.1289062371330942],[100.38282136161661,-1.1289924776206703],[100.38278176806421,-1.1290312303069641],[100.38275534688182,-1.1290570876144557],[100.3827091208293,-1.1290685072057727],[100.38267515433495,-1.1290685233935847],[100.3826232499631,-1.1290448046739243],[100.38258924659652,-1.1289697958193869],[100.38258634898091,-1.1288273450059023],[100.38258625635069,-1.1286288601337446],[100.3825852023453,-1.1283961875340083],[100.38256340457752,-1.1281929650332359],[100.38252404035222,-1.1280819527198673],[100.382500104896,-1.12801445500304],[100.3824227047441,-1.1278977140082702],[100.38241701743146,-1.1278891362745753],[100.38228879389277,-1.1277767758774644],[100.38228487015067,-1.1277733368699501],[100.38215744610932,-1.1276660846220352],[100.38207610063159,-1.127549985743201],[100.38206964080132,-1.1275407667928903],[100.38202806963977,-1.1274230266512859],[100.38199686316477,-1.1272729900563832],[100.38197390976819,-1.1271628078172853],[100.38195809069339,-1.1270868699630228],[100.38189669127934,-1.1269339996043755],[100.38181926774507,-1.1268181750187409],[100.38170125780687,-1.126669131275321],[100.38154079267349,-1.1265239060533645],[100.38139544784173,-1.1264290059937707],[100.38132277182854,-1.1263777581269778],[100.38130105769773,-1.1263483278130479],[100.38126704623727,-1.1262524268079801],[100.38125601065644,-1.1262028678680167],[100.38121693421419,-1.126027375063245],[100.38121216690803,-1.1259238612971103],[100.38121400871961,-1.1258250932534111],[100.38123092766523,-1.1256902291207211],[100.38125162466281,-1.1255601134084827],[100.38124495798849,-1.12543095817216],[100.38119300775116,-1.125310371676278],[100.38116708119588,-1.1252585662297747],[100.38111745570609,-1.1251594087796661],[100.38110841931814,-1.1251181955482252],[100.38108310160391,-1.1250027450805646],[100.38108247117918,-1.1249998780418764],[100.38107403913568,-1.1249682012214635],[100.38107379721805,-1.1249672911075663],[100.38103899345487,-1.1248365521651067],[100.38096531829484,-1.1246656441041409],[100.3808746702299,-1.1245127872352896],[100.38080796031915,-1.1244381390088733],[100.38074911587904,-1.1243722933465961],[100.38062169723361,-1.1242754858249668],[100.38053744424769,-1.1242211200086558],[100.38032194060514,-1.1240820623372656],[100.38031873722002,-1.1240799938965438],[100.38031418215382,-1.1240774677009426],[100.38008090880697,-1.1239481020232347],[100.37992518489943,-1.1238541570436382],[100.37985503508185,-1.1237951965910042],[100.37973546392061,-1.123694699150974],[100.3795863104599,-1.1235257246324295],[100.37944829870008,-1.123364514860441],[100.37939939176857,-1.1233073863267578],[100.37923418361072,-1.1231061306433503],[100.3790378220379,-1.1228726018890143],[100.37891129282195,-1.122662781062445],[100.37889371197531,-1.1226360559091972],[100.37888758489419,-1.1226267416307678],[100.37883512024467,-1.1225469861544184],[100.37879138171695,-1.1224804965776229],[100.37864316624916,-1.1223020270168718],[100.37845816491244,-1.1221473157459627],[100.37843751557892,-1.1221331784034305],[100.37821560516613,-1.1219812352457552],[100.37776447734882,-1.1217060391023779],[100.37750615338632,-1.1215834372258087],[100.37748774606268,-1.1215747012114434],[100.37735867626196,-1.121513443890251],[100.3771509166815,-1.1214271467453614],[100.37713030242156,-1.1214185843001587],[100.37693400470062,-1.1213227579388558],[100.37673674830233,-1.1211879963288993],[100.37655782188602,-1.121044532878841],[100.37654617206823,-1.1210351916207628],[100.37652249022079,-1.1210162042343654],[100.37640645879111,-1.1209303261735499],[100.37633655268979,-1.120878587276934],[100.37609022208613,-1.1207191563639185],[100.37584013411498,-1.1205967649287345],[100.37549283842384,-1.1204193358835823],[100.37534188721838,-1.1203210372859758],[100.37531446509053,-1.1203031785487951],[100.3751219867903,-1.1201778373372804],[100.3751006278917,-1.120163928422528],[100.3750076694684,-1.1201033932569544],[100.37497956745312,-1.1200850929526496],[100.37491428836375,-1.1200425828988614],[100.37475574238368,-1.1199666837154609],[100.3747193971825,-1.1199589279621023],[100.37470932657425,-1.1199567785824343],[100.37460476419858,-1.1199344664024693],[100.37448116677251,-1.1199402220635761],[100.37439533008046,-1.1199877458377614],[100.37433499186642,-1.1200884420279067],[100.37431332000375,-1.1201530313372814],[100.37431263382103,-1.120171429667721],[100.37431223272341,-1.1201821765661748],[100.37430959681052,-1.1202528461918746],[100.37431245845323,-1.1203277750067855],[100.37431246205057,-1.1203278703349042],[100.37433543972884,-1.1204794393746056],[100.37433702883089,-1.1204899209730002],[100.37433706480374,-1.1204901601926736],[100.37438450224306,-1.1205923492574925],[100.37438850512547,-1.1206009728565505],[100.37440978938031,-1.1206468238917751],[100.37444407513402,-1.1207722433443337],[100.37444664989306,-1.1207816619440791],[100.37444697005168,-1.1207835721041306],[100.37446651771569,-1.1209003643602955],[100.37446827139365,-1.1209303261735499],[100.37447207192861,-1.1209953102853092],[100.3744731637056,-1.1210139838082682],[100.37447412777885,-1.1210304683813774],[100.3744704261693,-1.121187168053325],[100.37443932311635,-1.1212574608630916],[100.3743780181311,-1.1213078228976769],[100.37426671623604,-1.1213772019962107],[100.37414976839716,-1.1214826726871365],[100.37408091899925,-1.1215415872744074],[100.37403660760344,-1.1216128351641714],[100.37399230879805,-1.1217135232604392],[100.37398383898307,-1.1217600613776995],[100.37396972412353,-1.1218398420350582],[100.37393013596704,-1.1219234340192088],[100.3738632039238,-1.1220478741100806],[100.37378775799868,-1.1221248353928104],[100.37369440567232,-1.1222416897021503],[100.37364915898155,-1.1223319330721893],[100.37363692640309,-1.1224041153575968],[100.37360866610709,-1.1225019463077501],[100.37355964586101,-1.1225931402611877],[100.37353588307462,-1.1226567367189659],[100.37353231816201,-1.1226662776265357],[100.3735295266664,-1.1227479531554536],[100.37353900012482,-1.1228324705420505],[100.37356450939467,-1.1229036860562474],[100.37359377693133,-1.1229464083500034],[100.37363247835623,-1.122982478358665],[100.3737916979286,-1.1230956526422347],[100.3739061888196,-1.1231770340928051],[100.37415159671889,-1.12337825290399],[100.37455081566765,-1.1236173862333203],[100.37480187670531,-1.1238005556510871],[100.37484341728992,-1.1238537199731695],[100.37483872282888,-1.1239069049796058],[100.37479250666888,-1.1239401646068359],[100.37466041694472,-1.1239459265632377],[100.37449812888559,-1.1239355555813972],[100.37444057587192,-1.123942232148238],[100.37442832980366,-1.1239811736921865],[100.37446043919795,-1.1240457387198148],[100.37450575513657,-1.1241026981809341],[100.37450765270609,-1.1241283378524827],[100.37450955297356,-1.1241539802219904],[100.37444257506485,-1.1241787025850272],[100.3742850057485,-1.1241759281764985],[100.37416046403428,-1.1241816856362448],[100.37411613015536,-1.1242044987386066],[100.37406612065502,-1.1241997737005249],[100.37401138162005,-1.12416751142149],[100.37395287172768,-1.1241390487780336],[100.37382549265243,-1.1241324612440167],[100.37372265877372,-1.1241524531731102],[100.37371833843065,-1.1241548696514769],[100.37368870127261,-1.1241714621432379],[100.37368024135014,-1.1242369948413966],[100.37368877141972,-1.1243205643424972],[100.37375582127419,-1.1244506386859712],[100.37378604299153,-1.1245133052448182],[100.37378514187088,-1.1246035261317502],[100.37374554831848,-1.1246747713236118],[100.37365028133547,-1.1247355960708774],[100.3736012458009,-1.1247926013974165],[100.37359750731918,-1.1248695276065632],[100.37359946424397,-1.1250205282747174],[100.37358157133252,-1.1250917617753657],[100.37346363334007,-1.1250937187001],[100.3734098403919,-1.1250681024109781],[100.37340225730838,-1.1249940288512903],[100.37337391967071,-1.1249237666185081],[100.37326726367331,-1.1248440417190864],[100.37314122638656,-1.1248097307844205],[100.37312100063372,-1.1248042251348238],[100.37308419138236,-1.1247767013836096],[100.37305018441856,-1.1246912460041472],[100.3730444512405,-1.1245373989817153],[100.37304626877034,-1.1243873470983203],[100.37301696885811,-1.1242819438566016],[100.37297166281206,-1.124243978077061],[100.37285371942369,-1.1242345369942655],[100.37269520761782,-1.1242336628532144],[100.3725244362538,-1.124243239733687],[100.37247443844461,-1.1242603592281739],[100.37242444783004,-1.1242974202896789],[100.37232352770872,-1.1243743932635653],[100.37221787085809,-1.124409581936618],[100.372145239811,-1.1244533006792494],[100.37210847822377,-1.1245273940239713],[100.37207927993489,-1.1246366229817113],[100.37204724158698,-1.1247249597890345],[100.3719736599565,-1.1247506363327489],[100.37183403391361,-1.1247829912420002],[100.37169253008625,-1.1248352913156054],[100.37157745013928,-1.124896125955388],[100.37150011743654,-1.1249711887692797],[100.37144257521476,-1.1249987556879546],[100.37133596058618,-1.1250064044219812],[100.37123311321767,-1.1249950558770934],[100.37114911204196,-1.1249371647183466],[100.37107361125823,-1.1248944649075838],[100.37098302884374,-1.1248859609183341],[100.37087075478155,-1.1248945602357026],[100.37074718523445,-1.1249610965772945],[100.37049252600934,-1.1251568538057199],[100.37005794571769,-1.1254127082298737],[100.36968846285237,-1.1255865220003329],[100.36959538571853,-1.1256164721224309],[100.3694593758496,-1.1256602358311625],[100.36937041311415,-1.125674992806637],[100.36923514518588,-1.1256873216125314],[100.36911938085478,-1.1257082335480959],[100.368984128215,-1.1257696302641875],[100.3688647180324,-1.1258187530330019],[100.36872335989523,-1.1258323157087489],[100.36861001114318,-1.1258335981419805],[100.36846256279711,-1.1258545163727831],[100.36832365081591,-1.1258962961770749],[100.36832281804368,-1.1258964373706135],[100.36820056420476,-1.1259172027166642],[100.36798485911402,-1.1259197558919709],[100.36782276890574,-1.1259173798831057],[100.36767527379493,-1.1258548886921176],[100.36756919696091,-1.1257433080072019],[100.36747284179825,-1.1255900203631199],[100.36738014867495,-1.125428145992089],[100.36727770780004,-1.125292026405873],[100.36713750529168,-1.1251829233531794],[100.3669254073817,-1.1250787548805761],[100.36662675691935,-1.1249353759667997],[100.36649266080769,-1.1248593823545434],[100.36638537078829,-1.1247661991007476],[100.36633437742961,-1.1246875857634109],[100.36633051304278,-1.124681628654173],[100.36631219115475,-1.1246533827473399],[100.3662877691653,-1.1245393136383655],[100.36626333728327,-1.1244276969806037],[100.36622144506367,-1.1243625878631178],[100.36621146258898,-1.1243470736584982],[100.36620968013267,-1.1243443028472484],[100.36611824785894,-1.1242854638030622],[100.36600368322348,-1.1242781658046397],[100.36581479591615,-1.1243064638721876],[100.36568924516257,-1.1243624520654407],[100.36567711510685,-1.1243678605882224],[100.36567531466409,-1.1243689577611349],[100.36551994239147,-1.1244636186010553],[100.36543098325336,-1.124485739225463],[100.36527864889058,-1.1244956236740222],[100.36524023345009,-1.1244932062963926],[100.36512387196916,-1.1244858831169608],[100.36506739814195,-1.124470376106899],[100.36494103889788,-1.1244356811616854],[100.36486868394269,-1.1244018828405729],[100.3648509843855,-1.1243936153729805],[100.36482035887252,-1.1243793089578844],[100.36468629243848,-1.1243450187075723],[100.36460094767563,-1.1243545299375342],[100.36442982287809,-1.1244165049177468],[100.36441958319728,-1.1244202137218622],[100.36441597691584,-1.1244215195374636],[100.36410128614551,-1.124527274414163],[100.36396756864843,-1.1245894022790708],[100.36384666469189,-1.1246499230554718],[100.36370095473535,-1.1247394703502209],[100.36360247627334,-1.1248120654244076],[100.36350081241261,-1.1249144892122445],[100.36326070421819,-1.1252322071006233],[100.36289711011358,-1.1256804094232962],[100.36288987416845,-1.1256893280000213],[100.36285249114962,-1.1257354101609849],[100.36247711682552,-1.1262265065479937],[100.36200644494153,-1.1267523167659306],[100.36167421739128,-1.127173327187279],[100.36166021584637,-1.1271910690125537],[100.36162145506614,-1.1272401881840892],[100.36158418446263,-1.1272958580173622],[100.3615302206432,-1.1273764615544337],[100.36149020440945,-1.1274482229570708],[100.36145660483851,-1.1275216013407885],[100.36139578458784,-1.1276127197511414],[100.36133254606023,-1.1276796517944376],[100.36123328878529,-1.1277998129110074],[100.36117968739273,-1.1279135034054093],[100.36115730776362,-1.1280207196804213],[100.36115506845169,-1.1280895897627374],[100.36115495603644,-1.1280930287701949],[100.36114862660787,-1.1282875521287679],[100.36114296717426,-1.1283662895725683],[100.36114035914034,-1.1284025637272634],[100.36113987710371,-1.1284092708710887],[100.36111109160368,-1.1285197301014023],[100.36108045799682,-1.1286302621767845],[100.36107511782251,-1.1286495301516197],[100.3610295123022,-1.1287591826900893],[100.36100603819818,-1.1288078333147951],[100.36100409116591,-1.1288118667741855],[100.36097271292044,-1.1288768976506844],[100.36089589193193,-1.1290115567379075],[100.36084469082988,-1.1291276601133973],[100.36082631588181,-1.1292300461296918],[100.36082718372762,-1.1293767498370926],[100.36083132510561,-1.1296814653273373],[100.360824205173,-1.1298110405470538],[100.36082300997401,-1.1298327861541111],[100.36079876694959,-1.1302739728654956],[100.36078867295896,-1.1304249159770166],[100.36078286423788,-1.1305117742988955],[100.36076609907627,-1.1306343123235933],[100.36072290373909,-1.1307504112024844],[100.36064317973899,-1.1308466503525665],[100.36063806169727,-1.1308528277957066],[100.36063754098979,-1.130853219900132],[100.36054599720006,-1.1309221988003628],[100.3604563347921,-1.1309988228373413],[100.36037001696275,-1.1310874357365037],[100.36036281968842,-1.1310948236671265],[100.36032985503886,-1.1311286660550195],[100.36028024303886,-1.1312205839627154],[100.36023384071922,-1.1313229816702233],[100.36021226238609,-1.1314092518354641],[100.36019470312311,-1.1315430682579404],[100.36019155189865,-1.1316680218616852],[100.36019323183223,-1.1318211746074667],[100.36019443782311,-1.1318319592774628],[100.36019771045602,-1.1318612250154843],[100.36022459928591,-1.1321016920393845],[100.36028288075039,-1.13246435354705],[100.36029286502378,-1.1325264796133183],[100.3603058917036,-1.1326034372987692],[100.36031167884096,-1.1326376196303727],[100.36032820478289,-1.1327352419378371],[100.36033063565037,-1.1328037648817713],[100.36031808021528,-1.1328607792015646],[100.3603170046261,-1.1328656589229809],[100.36030826411513,-1.132905346904181],[100.36026920206211,-1.1329855799205575],[100.36026665428273,-1.1329908121762173],[100.36026614976305,-1.132991977697543],[100.36022345085166,-1.1330907862107438],[100.36022028523803,-1.1331625287276665],[100.36023552245143,-1.1332125040537449],[100.36028758780202,-1.1332350536547438],[100.36039089562337,-1.1332269381725837],[100.36050301500222,-1.1332123772493787],[100.36061832967226,-1.1331889517086893],[100.36072803437133,-1.1331574592492757],[100.36081188446099,-1.1331090073747419],[100.36081422269825,-1.1331076556937205],[100.360842529759,-1.1330912979250343],[100.36094499941225,-1.1330025843017779],[100.36098731341383,-1.1329612298767984],[100.36099474631055,-1.1329539660526393],[100.36110510032017,-1.1328461157555694],[100.36117670614016,-1.1327677677182351],[100.36119655687565,-1.1327460481915068],[100.36125398398423,-1.1326832143587922],[100.36143250120904,-1.1325122388486761],[100.36163744591147,-1.1323444712203354],[100.3617218841577,-1.13227131317052],[100.36176141745551,-1.13223706159107],[100.36192324506175,-1.1320968536867895],[100.36204572912715,-1.1319936142138545],[100.36214820417632,-1.1319169847809576],[100.36222907031538,-1.1318814822445802],[100.36233798271178,-1.131869338698948],[100.36255021372142,-1.1318531203252178],[100.36289716856953,-1.1318196250755932],[100.36293238332291,-1.1318162247389409],[100.36316284718771,-1.1317939764108473],[100.36331820776911,-1.1317818193754192],[100.36335139275263,-1.1317806583506353],[100.3633635560833,-1.1317802320720034],[100.36345835901614,-1.1317769135736739],[100.36356095187648,-1.1317880885493992],[100.36356889199084,-1.1317889536971961],[100.36365136881568,-1.1318056747920195],[100.36373548870188,-1.1318227295353154],[100.36390448660285,-1.1318613437259728],[100.36422327018784,-1.1319337391506679],[100.36425900205137,-1.1319486211319258],[100.36448039805197,-1.1320408331179124],[100.36471592779787,-1.132193071253198],[100.36486655704601,-1.1323413226938328],[100.36494828923225,-1.132429958975365],[100.36495148092615,-1.1324325553181325],[100.36497508363328,-1.1324517513472188],[100.36504042027923,-1.1325048868909562],[100.36509409721486,-1.1325314618574112],[100.36511891760404,-1.1325330599527206],[100.36515255314788,-1.1325193407948859],[100.36526865022807,-1.1324580259171171],[100.36530789394419,-1.1324636430825876],[100.36532072097458,-1.1324918557145338],[100.36531113600017,-1.1325531211296038],[100.36528475978389,-1.1326659932409484],[100.36526078385816,-1.1327587025520529],[100.36522237291422,-1.1328232100231048],[100.36517980170652,-1.1328771693458179],[100.3651765848316,-1.1328812459726691],[100.36517274562578,-1.1328861122042895],[100.36502544746651,-1.133016770207746],[100.36499664038269,-1.1330772469173667],[100.364991863184,-1.1331231968779889],[100.36500631528929,-1.1332070253838538],[100.36505922690185,-1.1333287225424442],[100.36509852008072,-1.1334359118378075],[100.36511537697311,-1.1335116788208666],[100.36514584240678,-1.1335761539162945],[100.36518670580188,-1.1336269197465185],[100.36523318006726,-1.1336817091435023],[100.36528288020082,-1.1337735892796559],[100.36532390007801,-1.1338841105632014],[100.36535825867674,-1.1339766867746448],[100.36539195717313,-1.1341120985944144],[100.3654368531283,-1.1342144540337813],[100.36551698721922,-1.1343224356318728],[100.36560915244047,-1.1344481410687877],[100.36571974477044,-1.1346093103713315],[100.3657198122196,-1.1346094048001305],[100.36584745029967,-1.1345540407363615],[100.36799953964709,-1.1336205588416419],[100.36972464977282,-1.13308517983711],[100.37175769406241,-1.132543138654853],[100.37205949574917,-1.1323415978864091],[100.37286256425597,-1.1320739092834629],[100.37354665875137,-1.1321928823955432],[100.37458767258306,-1.132401085341769],[100.37539074108992,-1.1326985172227637],[100.37625329615275,-1.1331149231151585],[100.37697961112019,-1.1335708614060991],[100.37803789193521,-1.1346020861173542],[100.3787517297086,-1.1351077218438377],[100.37991171665249,-1.1353456680680551],[100.38086350065009,-1.1354348979021438],[100.38107110105051,-1.1354504921464468],[100.38156266688361,-1.1354874174103315],[100.38226143471752,-1.1351374651218862],[100.38351065239476,-1.1344533697271686],[100.38446243639237,-1.1340369638347738],[100.38529524817721,-1.1336800453977389],[100.38594959939456,-1.1332636386059676],[100.38645523512105,-1.1330554365591183],[100.38669318134532,-1.1329662067250297],[100.38702035740363,-1.1329662067250297],[100.38739563909752,-1.1331542216899493],[100.38826957418155,-1.1332041529492471],[100.38898341195494,-1.1332041529492471],[100.3897269939057,-1.1333231260613843],[100.39055980479122,-1.1334420991734646],[100.39061362921569,-1.1334393886168641],[100.39131208318616,-1.1334042224268615],[100.39166030607834,-1.1332636386059676],[100.39249311696386,-1.1331744096711986],[100.39308798162511,-1.133144666393207],[100.39389105013191,-1.1332041529492471],[100.39475360519481,-1.1333231260613843],[100.39531872657801,-1.1335313290075533],[100.39609205180682,-1.133828760888548],[100.39678397220263,-1.1338208612436915],[100.39695460686966,-1.1336205588416419],[100.39701652789051,-1.1334259500475241],[100.39727690860252,-1.1331002830515899],[100.39749077997556,-1.1328848045899917],[100.39789016529897,-1.1328128192561735],[100.39837517507431,-1.132812583633779],[100.39925945236189,-1.1324962722850955],[100.39943058974995,-1.1324100389920773],[100.39977284564037,-1.1321944993766238],[100.4000722659224,-1.1318928289908285],[100.40025761439745,-1.1316917243935336],[100.40037149285018,-1.1311891292748442],[100.40039712083052,-1.1311029922092644],[100.40045694463237,-1.1309019217862328],[100.40045677286184,-1.130543530259672],[100.40056152769239,-1.1302377220931703],[100.40096994670574,-1.1298729067092381],[100.40157639013836,-1.1294959288939594],[100.40207044799286,-1.1291888122138403],[100.40275454338752,-1.128802149599494],[100.40337915132682,-1.1285642042745394],[100.40424170638971,-1.1284154878844106],[100.40514458345581,-1.1281545280090199],[100.40602630217217,-1.1281180551040961],[100.40682936977964,-1.1279098521579272],[100.40739449206222,-1.1277611357677415],[100.40804884327957,-1.1278801088798787],[100.408822167609,-1.1282072849381848],[100.40920883112273,-1.1282370282162333],[100.40989292561807,-1.1285642042745394],[100.41039427787371,-1.1285433885664702],[100.41051753445669,-1.1282667705949621],[100.41072573740291,-1.1278503656018302],[100.411112399118,-1.1274339597094354],[100.41135034624153,-1.1273447298753467],[100.41142745141582,-1.1273210048604483],[100.41173700795662,-1.1272257567632096],[100.411852373888,-1.1272305636395572],[100.41245084573001,-1.1272555000412581],[100.41340263062693,-1.1273744731533384],[100.41408672602165,-1.127463702987427],[100.41500511099713,-1.1274601389741861],[100.41536203033348,-1.1274303956961376],[100.41658515957749,-1.1269580681602633],[100.41703130874794,-1.1268390950481262],[100.41753694357516,-1.1265416622678686],[100.41822103896982,-1.1261847429315139],[100.41893487764253,-1.1258278235951593],[100.41935128263566,-1.125649363926982],[100.42003258293744,-1.1253769170110672],[100.42042204064472,-1.1250842416444016],[100.4209871629273,-1.124905782875544],[100.42173074397869,-1.12466783575195],[100.42282738897291,-1.1241046946758502],[100.4228312452658,-1.1241027152680658],[100.42321458038862,-1.1238870893176909],[100.42330713681497,-1.1238350248664801],[100.42333253007229,-1.1237876251987018],[100.42375328598541,-1.1230022139809535],[100.42390200237554,-1.1223776051423329],[100.42425455640273,-1.1218771387189008],[100.42491327292925,-1.1216042799135266],[100.42565685488,-1.1213960778666774],[100.42601377421636,-1.1211283883644114],[100.42605401528061,-1.1210859115855101],[100.42654915322089,-1.120563266081831],[100.42684613184355,-1.1200915932523685],[100.42705478804811,-1.1197601975750331],[100.42730287322905,-1.1193021953399693],[100.42744145066246,-1.1190463598016436],[100.42762883340401,-1.1186073485502561],[100.42792099975441,-1.1182106665889364],[100.4283337490034,-1.1177673997456736],[100.42892861366465,-1.117142790907053],[100.42934133503462,-1.116744302207735],[100.42944732283576,-1.1166419692514182],[100.42979116782817,-1.1163099800215264],[100.42999041712409,-1.1162666650744768],[100.43047526322289,-1.116161262732021],[100.43109987206151,-1.1161017770753006],[100.43194852810217,-1.1158219440274593],[100.4321231719469,-1.1155096922184953],[100.43231317980946,-1.115169972416254],[100.4324587503711,-1.1148609033079993],[100.4326167783417,-1.1145253842390161],[100.43265561286631,-1.1142632462517668],[100.43273575145383,-1.1137223157322182],[100.43267626489779,-1.1133059098398235],[100.43267626489779,-1.1130781007736914],[100.43267626489779,-1.1128281755798071],[100.43267626489779,-1.1127705308352915],[100.43237883211748,-1.1122351527300793],[100.4321408858932,-1.1116105438914587],[100.43139299978719,-1.1104611392701145],[100.43109987206151,-1.1098556922863168],[100.43065372289107,-1.1091418527142878],[100.43014808806385,-1.1084280149408983],[100.42973168217145,-1.1078628926583178],[100.42910707333283,-1.1076249473334201],[100.42819874997241,-1.1071835555765688],[100.42756042377459,-1.1070598250508397],[100.42592454438227,-1.1066136758803964],[100.42467532670503,-1.1058403506515901],[100.42319905629148,-1.1048225833954461],[100.42262304231963,-1.10450190403958],[100.42184971709082,-1.1039367817569996],[100.42158202758856,-1.1036096065980132],[100.42129121921448,-1.1032606363692139],[100.4209871629273,-1.102895767925304],[100.42063024359095,-1.1023306456427235],[100.42063024359095,-1.1020034695844174],[100.42121758991988,-1.1016336602651791],[100.42143331209775,-1.1014978347571969],[100.42173074397869,-1.1008434826405846],[100.42214355618023,-1.0997118063547191],[100.42295021837793,-1.0992373474255714],[100.42348559738247,-1.0989696579233055],[100.42407651042265,-1.0986446564257335],[100.42408046204378,-1.0986424818649994],[100.42407573520705,-1.0986346038038732],[100.42390200237554,-1.0983450490846849],[100.42379482207343,-1.0979967137772633],[100.42378302926346,-1.0979583873696583],[100.42355220836777,-1.0974967428803097],[100.42348559738247,-1.0973635209097097],[100.42342610992711,-1.0970066015733551],[100.42336662427033,-1.0965604533022315],[100.42321790698088,-1.0962927637999655],[100.42292047509989,-1.0954896961924874],[100.42253381158622,-1.0951327768561328],[100.42196869020296,-1.0940620188470689],[100.42187946126819,-1.0933184377956309],[100.4210169062053,-1.0916230718472661],[100.42106030568863,-1.0914900558213958],[100.42149279775447,-1.090314367613928],[100.42205792003705,-1.089778988609396],[100.42281019393533,-1.0891290827409534],[100.42348559738247,-1.0886190016655632],[100.42390200237554,-1.0882323399504799],[100.42418989334897,-1.0879828338406696],[100.42434815064672,-1.0878456773360767],[100.42465493997355,-1.0875797927731696],[100.42479429981717,-1.0874590147217305],[100.42521070570956,-1.0868938933384698],[100.42565685488,-1.0860908248316719],[100.42614333324826,-1.0851293326525138],[100.42604351659509,-1.0845441752734359],[100.42568659815805,-1.0834139307082751],[100.4252701922656,-1.0820457408182165],[100.42449686793617,-1.0810047269865208],[100.42406011128514,-1.0801296389716413],[100.42405071876573,-1.0795473072623736],[100.42437789482403,-1.0785955232647666],[100.42476455743844,-1.0773165623094769],[100.42524044898761,-1.07597811569741],[100.42547839521183,-1.0755617098050152],[100.42571634143604,-1.0749965884217545],[100.42571634143604,-1.074253005571677],[100.42550813938919,-1.0736581409104247],[100.42541890865579,-1.0729740464150836],[100.42533780599501,-1.0724078611338541],[100.42843249995997,-1.0726963888272394],[100.42783766677496,-1.0703802217697671],[100.43018333339415,-1.0685583329006931],[100.43278180573583,-1.0684081110454144],[100.43313752267858,-1.068130414786765],[100.43356856323868,-1.0675905157896182],[100.43372467565331,-1.0669214606568289],[100.43377676618485,-1.0666982183480513],[100.43374702200754,-1.0661925817222482],[100.4338065094629,-1.0654787439488018],[100.43377676618485,-1.0643485002830175],[100.43386499957012,-1.0637138891846121],[100.43446086068025,-1.063129025883768],[100.43484752329465,-1.0625044179444671],[100.43529367246509,-1.0616716061596208],[100.43547213213327,-1.0611957137111858],[100.43553161778999,-1.0607793078187342],[100.43550187541126,-1.060035726767353],[100.43553161778999,-1.059559835218181],[100.43542055601392,-1.0588252779641607],[100.43565059090213,-1.0584593339310686],[100.43615622662861,-1.057834725092448],[100.4364516512228,-1.0573513044191145],[100.4364834017876,-1.0572993469872358],[100.4369295509581,-1.0570614007629615],[100.43788133585502,-1.0567937112606955],[100.43865466108377,-1.0564367919243409],[100.43972583278099,-1.056158888821642],[100.44061771563514,-1.0559311570971772],[100.44180744585702,-1.0556932108729598],[100.44305666263494,-1.0553660348145968],[100.44416999994559,-1.0549366669935125],[100.44479664395004,-1.0545332230297504],[100.44524279312049,-1.0538491276350896],[100.44574842884697,-1.0532245196957888],[100.44639222202346,-1.0521591666122276],[100.44701988585911,-1.0517233929202234],[100.44749508672891,-1.0511249219775323],[100.44770881960642,-1.0506222926846362],[100.44816012459012,-1.049760603668858],[100.44844492729163,-1.0487075533108623],[100.44833638901321,-1.0477150003469546],[100.44860407761615,-1.0472093646204144],[100.44875249812935,-1.046651258848442],[100.44899044435357,-1.0460266500098214],[100.4491986472998,-1.0454020420705206],[100.44931762041193,-1.0449261496220856],[100.44926094423727,-1.0447561219974091],[100.44910941746571,-1.0443015407834082],[100.44889194430783,-1.0438263893763065],[100.44967453884897,-1.0428738643373094],[100.4502099178535,-1.0421302832858714],[100.45050735063376,-1.0414759311692592],[100.45083452669212,-1.0408810656086303],[100.4513916665922,-1.0402152777128322],[100.45173301057002,-1.0399480792403892],[100.45273809468739,-1.0390964698261769],[100.45342219098137,-1.0383826320527874],[100.45398731236463,-1.0378472530482554],[100.45444722206173,-1.0374377782308102],[100.45532575897664,-1.0370739278194492],[100.45630728715162,-1.0364790631581968],[100.45672369304407,-1.0362113736559309],[100.45731855770532,-1.0357354812074391],[100.45794316564462,-1.035319076214364],[100.45859472176903,-1.0345294435788901],[100.45907341020978,-1.0339508863243054],[100.45933607160248,-1.033672773679541],[100.45957904593627,-1.0334155073197735],[100.45960878921431,-1.0327314119250559],[100.45978724888249,-1.0320473165303952],[100.45973658017908,-1.0305631617604831],[100.4597247217186,-1.0302158327943971],[100.45984673543853,-1.0295786262525439],[100.46016469974114,-1.0291811690756276],[100.46020365387557,-1.0291324770821006],[100.46056057411124,-1.0290135039699635],[100.46115543877255,-1.0290729914253802],[100.46201799293607,-1.0289540183132431],[100.46301651470043,-1.0287007953053831],[100.46361333268919,-1.0285494439016816],[100.46384399170694,-1.0284226835599384],[100.4643677110011,-1.028091463250405],[100.46514103622991,-1.0275560842458162],[100.46549795466694,-1.0270801917973813],[100.46548814666068,-1.0267270963783517],[100.46546821228821,-1.0260094346876372],[100.46546821228821,-1.0252658527368794],[100.46555749967894,-1.0241052776364086],[100.46543846901022,-1.0237489473560117],[100.465230266064,-1.0230351077839259],[100.464967573195,-1.0224159038708081],[100.46481386017155,-1.0220535814075902],[100.46448668411324,-1.0213992292909779],[100.46430822534438,-1.0211612830667036],[100.46389111078622,-1.0207719440699066],[100.46418925223225,-1.0205069309500345],[100.46439745427915,-1.0201797548917284],[100.46481386017155,-1.019584890230476],[100.465230266064,-1.0191982267167532],[100.46543846901022,-1.0187520775463099],[100.46588461818067,-1.0184249032865864],[100.46639083307053,-1.017716667390232],[100.46677691472291,-1.0174136318336195],[100.46725280807067,-1.0170567133965847],[100.4676692130638,-1.0165510767707246],[100.46784767273198,-1.0162833881677784],[100.46838305173651,-1.0153316032708517],[100.46889083324544,-1.014661388911918],[100.46958775477111,-1.0143823958308644],[100.47015816326871,-1.0140471186795139],[100.47051452502535,-1.0135205017696762],[100.470799610114,-1.0130896356781136],[100.47115595118623,-1.012515159546922],[100.47141719794541,-1.0119407283818873],[100.47139055642907,-1.011050556038299],[100.47207121641355,-1.0107808835309129],[100.47245787902796,-1.0104834507505984],[100.47281479836431,-1.0099778159234347],[100.47308248696726,-1.0093234638067656],[100.47358812269374,-1.0087583424235049],[100.47409375842028,-1.0083716798091018],[100.47444611099928,-1.0077172215724772],[100.4750157991399,-1.0073306659774062],[100.47552143486638,-1.0067952869728742],[100.47623527263977,-1.0057840164191703],[100.47722361138062,-1.004661943993483],[100.47742500286165,-1.0045050563632003],[100.47775368708307,-1.0043817988808428],[100.47813884243368,-1.0042373659616146],[100.4792095986441,-1.0037019878564024],[100.47965574781455,-1.0034937849101766],[100.48054804615549,-1.0030178933610614],[100.48121877132928,-1.0027175009118992],[100.48152888904707,-1.0025786114137532],[100.48236238521599,-1.0023635412443923],[100.48340339904769,-1.0019768777306695],[100.48401731045055,-1.0018610459504771],[100.48497979188397,-1.0016794458496747],[100.48611194391117,-1.001467499925127],[100.48664541545361,-1.0014414996254573],[100.48779762416109,-1.0014703049105833],[100.48783514477617,-1.0014712429035058],[100.48848949689284,-1.0015307285602262],[100.48893564606328,-1.0016794458496747],[100.48958388908528,-1.0023008333167809],[100.49037521964073,-1.0024825143565295],[100.49105931503544,-1.0026312298473385],[100.49168392297474,-1.0028096904148356],[100.49239776164745,-1.002928662627653],[100.49308185704211,-1.0031666088518705],[100.49316494270801,-1.0031898734138736],[100.49382543809355,-1.0033748117980963],[100.49421210070795,-1.0036127580223138],[100.49512310135009,-1.0041711129064765],[100.49513414232689,-1.0041778803048942],[100.49563977715405,-1.0045942852979692],[100.49575875026619,-1.0050106911904209],[100.49625027832775,-1.0054952782843998],[100.49682950827525,-1.0050999210245095],[100.49690626181462,-1.0050615442548292],[100.49724591416765,-1.0048917180782837],[100.49728975341947,-1.0048259587509278],[100.49772180571682,-1.0041778803048942],[100.49858435988034,-1.0033748117980963],[100.49923871199701,-1.0031666088518705],[100.49986111120137,-1.0028563886114057],[100.50030947000607,-1.002869176071556],[100.50075561917652,-1.002928662627653],[100.50149920022795,-1.0029881491836932],[100.50206247800099,-1.0029205561386902],[100.50224278217871,-1.0028989202489242],[100.50256262966167,-1.0026146085772893],[100.50277816028392,-1.0024230269011127],[100.50346225477932,-1.0016497016723633],[100.50358122879072,-1.0013820130694171],[100.50402750026899,-1.0011899997186902],[100.50429506746343,-1.0013522697913686],[100.50506839179292,-1.0016794458496747],[100.50579593163701,-1.0016794458496747],[100.50587146029972,-1.0016794458496747],[100.50682324429732,-1.0016497016723633],[100.50696580572742,-1.0015641653538978],[100.50726939346777,-1.0013820130694171],[100.50768579936022,-1.0007871484081079],[100.50763833314261,-1.0000788891293837],[100.50825092074348,-0.99903229500438329],[100.50836989385556,-0.99846717272180285],[100.50899450179486,-0.99790205133854215],[100.51000577324788,-0.99757487617955576],[100.51074935519864,-0.99745590216809887],[100.51217703074542,-0.99742615889005037],[100.5131585589204,-0.99736667323332995],[100.51360860305465,-0.99733283893931457],[100.5140269442881,-0.99730138874804197],[100.51494315470291,-0.99781282240377323],[100.51580570886642,-0.9983481996096657],[100.51663852065127,-0.9989906545949907],[100.51702518326567,-0.99964500671165979],[100.51764979210429,-1.000388587763041],[100.51863131937995,-1.0006265339873153],[100.51919644076321,-1.0006562781646835],[100.51988053615787,-1.0005075608751781],[100.52065386138668,-1.0001506415388235],[100.52145692899416,-1.0001506415388235],[100.52225999660163,-1.0004480752184577],[100.52371146910906,-1.0007217128367074],[100.52466325310672,-1.0008168907868367],[100.52518673408059,-1.0001982309635196],[100.52518673408059,-0.9997699279397807],[100.52486749004271,-0.99742814189517048],[100.52492697659875,-0.99671430412178097],[100.52502347565292,-0.99634209271334839],[100.52513517864566,-0.99591123561498307],[100.52525415265706,-0.9956435461127171],[100.52599773370849,-0.99478099194919878],[100.52694951770616,-0.99433484277869866],[100.52763722208022,-0.9938291665827137],[100.52745515433196,-0.99326408476963479],[100.52721720810774,-0.99287742305460824],[100.52662234344643,-0.99234204405001947],[100.52611670682063,-0.9921338411038505],[100.52498646315479,-0.9920743545477535],[100.52418339464799,-0.99189589487957619],[100.52397519170182,-0.99103334071605786],[100.52403467915718,-0.99008155581907431],[100.52394544932309,-0.98948669115782195],[100.52358852998674,-0.98868362265102405],[100.52341007031856,-0.98767235209732007],[100.52361827326473,-0.98716671727015637],[100.52421313792604,-0.98669082392234486],[100.52537312576919,-0.98609595926103566],[100.52599773370849,-0.98544160714442341],[100.52632490976686,-0.98475751174970583],[100.52629516738813,-0.983865214308139],[100.52611670682063,-0.98338932185964723],[100.52596799132982,-0.98273496974303498],[100.52599773370849,-0.9819616463128682],[100.52611670682063,-0.98095037485984449],[100.52611670682063,-0.98074307303431851],[100.52611670682063,-0.98020679290914359],[100.52596799132982,-0.97943346768033734],[100.5260869644419,-0.97845194130400159],[100.52641413960094,-0.97767861607525219],[100.52656285599107,-0.9768160610123573],[100.52644388287894,-0.97589402029274197],[100.52570030092818,-0.97479351900562961],[100.52534338159182,-0.97419865434437725],[100.52531363921315,-0.97333609928148235],[100.52531363921315,-0.97288995011103907],[100.52531363921315,-0.97226534217173821],[100.52537312576919,-0.9715515043983487],[100.52537312576919,-0.97107561105053719],[100.52546235470396,-0.97054023294532499],[100.52573004510555,-0.96973716533784682],[100.52599773370849,-0.96926127199003531],[100.52626542321076,-0.96890435265368069],[100.52724695138573,-0.96780385316526463],[100.52760386982277,-0.96738744727281301],[100.52775258711227,-0.96723873088268419],[100.52766335727819,-0.96673309515614392],[100.52754438416605,-0.96634643254179764],[100.52733618121982,-0.96590028427067409],[100.52709823499561,-0.96518644469858828],[100.52709823499561,-0.96479978298356173],[100.52733618121982,-0.96426440397902979],[100.52778233039032,-0.96393722792066683],[100.52825822193944,-0.96355056620564028],[100.52843668160762,-0.96295570064501135],[100.52876385676666,-0.96230134942766199],[100.52923975011441,-0.96158751075495275],[100.52992384460981,-0.96057624020124877],[100.53034024960289,-0.96030854979966307],[100.53096485934083,-0.96001111791872518],[100.53188690006044,-0.95947573891419324],[100.532608428836,-0.95922044836493114],[100.53360666011935,-0.95876534554423642],[100.53460504968336,-0.9586691801384859],[100.53541339990852,-0.95888417566413864],[100.53617413193069,-0.95893168954580688],[100.53729142445974,-0.95893118502613106],[100.5385100076308,-0.95892401473145128],[100.53851547011294,-0.95891704318694337],[100.5393889906095,-0.95780202774136569],[100.54020301645613,-0.95555504462953422],[100.54048497999787,-0.95370100409803626],[100.54105200614521,-0.95313000654454072],[100.54151196800296,-0.95170303876420803],[100.54154697591224,-0.95045502437983487],[100.5414049648673,-0.94931396906434884],[100.54159898370619,-0.9486140186220382],[100.54145000291538,-0.9479599767714717],[100.54099999565335,-0.94761096967044978],[100.5410789804107,-0.9461189791075526],[100.54156201707349,-0.94425598942234501],[100.54204797923092,-0.94264201931366642],[100.54273299643069,-0.94166696985473664],[100.54373297060016,-0.93853902705438941],[100.54608296385777,-0.93647203515627098],[100.54730203176342,-0.93338803682837579],[100.54876198217977,-0.93053704205078702],[100.55053297391765,-0.92928302109447714],[100.55168497128443,-0.92920203714425043],[100.55279964498766,-0.9280615484016721],[100.55337099867273,-0.92747696209210062],[100.55492287688929,-0.92451159693263207],[100.55550127136667,-0.92340638679525],[100.5555019989182,-0.92340499734268633],[100.5559670167645,-0.92251704002933366],[100.55688496646809,-0.92071300989744032],[100.55853298490939,-0.91881697372429016],[100.56008003196797,-0.91436696006712737],[100.56235001614039,-0.9111499753910266],[100.56306203368598,-0.90916343414511402],[100.56314998738208,-0.90891804513165653],[100.56323217372591,-0.90799314276927134],[100.56335001189359,-0.90666702676185196],[100.5650594279503,-0.9036432056693684],[100.56519886333695,-0.90339655670567254],[100.5655830114469,-0.90271702896768602],[100.56558902431408,-0.90188000385904843],[100.56561000999403,-0.89932299296168594],[100.56517351234777,-0.89727820532488067],[100.56486700720666,-0.89584237292712032],[100.5643889653785,-0.89360297199948491],[100.56421456435072,-0.89327853887340325],[100.56141199087074,-0.8880649837119563],[100.55936372105896,-0.88419648697822595],[100.55871696641492,-0.88297498370849326],[100.55871695202575,-0.8829748434142175],[100.55810298126761,-0.8769690376909125],[100.5569930344011,-0.87262197482425563],[100.55660003696221,-0.8685170283381467],[100.55666399764544,-0.86568104054754258],[100.55650002965268,-0.86344997183869054],[100.55623601657896,-0.86113503235583266],[100.55563598261455,-0.85997101914716723],[100.55500001533852,-0.85916698476847841],[100.55351401336111,-0.85837704276627846],[100.55053298830683,-0.85795002577305013],[100.54856097920589,-0.85842002586343824],[100.54621699881551,-0.85928296763478329],[100.54246639241012,-0.85944014304811844],[100.54215997720127,-0.85945298356830335],[100.54187231105834,-0.8590473290709042],[100.53934398943363,-0.85548199379894641],[100.53901725314375,-0.85489491996452216],[100.53714002808988,-0.85152195777209272],[100.53652414267509,-0.84996593368083495],[100.53636062973931,-0.84955282200508009],[100.53601231961289,-0.84867282369179975],[100.53578796844005,-0.84810600169055306],[100.53547703323858,-0.84697404481624972],[100.53537802687453,-0.84520398567536859],[100.53574402486691,-0.84355698796457546],[100.53647597498633,-0.84203200397377032],[100.53686273023089,-0.84166782441053556],[100.53752099529777,-0.84104798197876107],[100.53837771915647,-0.84046241540806932],[100.53928402803552,-0.83984295608752291],[100.54077099678415,-0.83895695659822422],[100.54170196867096,-0.8384649653858105],[100.54231297076706,-0.83797301104556254],[100.54245801612461,-0.83642502689343701],[100.54250996546261,-0.83627698679345031],[100.54260864537275,-0.83599738037474935],[100.54308715125109,-0.83464154716961048],[100.54321298708976,-0.83428499385735222],[100.5442021657974,-0.83330520856844714],[100.54438002741637,-0.83312903677557415],[100.54589799759458,-0.83234204185168892],[100.54791999281349,-0.83125998565975578],[100.54800466668206,-0.83110919633230651],[100.54883303581602,-0.82963403208486852],[100.54937098328429,-0.82855500391025316],[100.54970598524307,-0.82739901715086717],[100.54982800615761,-0.82530996668157286],[100.54919396882667,-0.8233179638529009],[100.54887893361598,-0.82243032400020866],[100.54853101469462,-0.82145002879576623],[100.54847485922744,-0.82133921972916824],[100.54817896878444,-0.82075535917243769],[100.54782097745618,-0.82004895609441064],[100.54708900305513,-0.81881996237132171],[100.5458145234216,-0.81791500607261014],[100.54572297333664,-0.81785000037717737],[100.54489101410906,-0.81707604382432919],[100.54450372646585,-0.81634037680692018],[100.54437394260344,-0.81609384835235232],[100.54420502024556,-0.81577297384359326],[100.54440522192351,-0.81480093441552981],[100.54441199741581,-0.81476803991307634],[100.54477330004784,-0.81488544370819227],[100.54493700004258,-0.81208499982284366],[100.5438840000466,-0.81056099969032402],[100.54227400044482,-0.80955400001704447],[100.54146600005589,-0.80899200018063766],[100.54083303022026,-0.80855103380309856],[100.53938756068743,-0.80731598134741489],[100.53924601728994,-0.80719504321660906],[100.53902725720224,-0.80684020131417356],[100.53824601793946,-0.80557298730349203],[100.53719257727568,-0.80441750776174104],[100.53613999006853,-0.80326296711217537],[100.5348739694582,-0.8018619969335532],[100.53397214999478,-0.80055711841623634],[100.53254700603958,-0.79849501703137094],[100.5312269757444,-0.79647901039794533],[100.53053006590989,-0.79554014156423136],[100.52983238265841,-0.79460023311423811],[100.52963997990122,-0.79434102961477038],[100.52817496720104,-0.79291498453886788],[100.52629896972172,-0.79117098505287231],[100.5246350323809,-0.78991699107621116],[100.52413675760533,-0.78974982959090312],[100.52339197416035,-0.78949997004752959],[100.52223997499493,-0.7897220198552759],[100.52143902079422,-0.79004195906912855],[100.52028697486406,-0.79095203430887295],[100.51944134774004,-0.79145367254892562],[100.51904300113364,-0.79168997930906926],[100.51876439116376,-0.79182446572644949],[100.51731099500648,-0.79252603135120125],[100.51635701396509,-0.7931409859676819],[100.51633392207293,-0.79315571866146684],[100.51562500898706,-0.79360801739602493],[100.51413701591059,-0.79439596829922721],[100.51368579366448,-0.79460619112279574],[100.51295306023559,-0.7949475701742017],[100.51281698201814,-0.79501096878112776],[100.51156600077036,-0.79503602479263691],[100.5104342210625,-0.79495366937629797],[100.51038402630184,-0.79495001633011952],[100.51001700578024,-0.79370900586587823],[100.50923902296262,-0.79201295733207644],[100.5089565818808,-0.79073551713037205],[100.50875869325915,-0.78984049384365562],[100.50861398874463,-0.78918602121785852],[100.50810199930788,-0.78756302371454012],[100.50763699944804,-0.78599001232913679],[100.50766049873312,-0.78567430622422307],[100.50791599342841,-0.78224196719298789],[100.50755002511363,-0.77956196141531109],[100.50818696635548,-0.7754960410094327],[100.50831596600909,-0.77303395715136958],[100.50866003043609,-0.77182297864749216],[100.50888097407773,-0.7704219769926226],[100.50904900790545,-0.7681350289084321],[100.50904902858986,-0.76629202665566254],[100.50898002091128,-0.7632190261371079],[100.51006497921549,-0.75938199668178186],[100.51025702674048,-0.75688101174927169],[100.50944400723523,-0.754667019367389],[100.50800799677171,-0.75346796767252044],[100.50520503028798,-0.75324397173187663],[100.50017998022196,-0.75344799283055863],[100.49455102101285,-0.75311302234803179],[100.49214549641761,-0.75335734116833919],[100.48922498134789,-0.75365396455879363],[100.48441902861532,-0.75274396036542157],[100.47927403416941,-0.75176895857055115],[100.47792798019219,-0.75020399341951816],[100.47722401337757,-0.74883801136508055],[100.47750499665835,-0.74389704071580809],[100.47829981838197,-0.74024713859449776],[100.47830451014511,-0.74022559263693211],[100.47906412790724,-0.73673734635138999],[100.4790689896422,-0.73671501978230935],[100.4790122667028,-0.73663989491518578],[100.47743678937638,-0.73455330858826073],[100.47677604218069,-0.73367820618420865],[100.47660297394816,-0.73344899327639723],[100.4763234952332,-0.73336546694270055],[100.47224303728638,-0.73214597455705643],[100.46899599636822,-0.73198102810192722],[100.4648506694229,-0.73106782771805001],[100.46484701997406,-0.73106702372410837],[100.46229498502561,-0.73051599831461544],[100.46058042844408,-0.72969512053333574],[100.46006322293943,-0.72913500927319319],[100.4594423579785,-0.7283724138557659],[100.45898207506275,-0.72782602265277774],[100.45849112976191,-0.72724323408795044],[100.45848952087476,-0.72724008106484916],[100.45807377778266,-0.72642511542670718],[100.45800581871362,-0.72629189795270577],[100.45788833487882,-0.72606159866381859],[100.45788791759338,-0.72606052307463642],[100.45788750030795,-0.72605944388817534],[100.45788697870114,-0.72605894386509817],[100.45804497789345,-0.72415200341220043],[100.45792598859356,-0.72319896126299454],[100.45757799682713,-0.72245596027431702],[100.45713603579946,-0.72208698732453058],[100.45650500040551,-0.72145204527561191],[100.45543898272291,-0.72049803995253114],[100.45493107171166,-0.72017331814407726],[100.45413600717103,-0.71966500873310224],[100.45291301732198,-0.71875102054309536],[100.45203300641816,-0.71842902727775027],[100.45078200538529,-0.71843403919950788],[100.44865000059713,-0.71732302933429537],[100.4469139709031,-0.71688601277924136],[100.44584800628053,-0.71632996285745776],[100.44528596597462,-0.71552996463611862],[100.44509799867376,-0.71478102902119645],[100.44466296962042,-0.71430498458732927],[100.44391301507363,-0.71339101888037249],[100.44284798844399,-0.71299402485431074],[100.44221602764759,-0.71247798397172346],[100.44158400569734,-0.71104800885848363],[100.44099196580663,-0.70977698891687169],[100.44053400044385,-0.7084370215512763],[100.4399259688085,-0.70719503262461103],[100.439610009994,-0.70604301457342444],[100.43941200895711,-0.70493101995054985],[100.43956900180802,-0.7032619807557694],[100.439529007158,-0.70111700234775753],[100.43980501898648,-0.69980601293707423],[100.44055402564783,-0.69885196984250797],[100.44086996827446,-0.69801796465731059],[100.44082996822851,-0.69706398631387856],[100.43999296830088,-0.69540402487581332],[100.43952698818003,-0.69472100057367925],[100.43897401214099,-0.69372802312972226],[100.43877702014345,-0.69225802908471223],[100.43876597107277,-0.69124001811229618],[100.43881638976461,-0.69014214194623946],[100.43921000323911,-0.68939799791922951],[100.44039397600125,-0.688721975738531],[100.44106399880457,-0.68772898660341752],[100.4410640095964,-0.68677499477013271],[100.44047409210572,-0.68610872393838918],[100.44010598880038,-0.6856929790477011],[100.4390871432571,-0.68510054525393116],[100.43490298178722,-0.68392003128434453],[100.43372818121065,-0.6828115790910374],[100.42968902103155,-0.67741904535262165],[100.43005542461822,-0.67379799797919304],[100.43033697986777,-0.6716170152130303],[100.43049502132823,-0.67039901839990534],[100.42961341142984,-0.66810850810111333],[100.42755699286101,-0.66256697018945943],[100.42601426884352,-0.65953822261081996],[100.42656533382313,-0.65840266035445438],[100.42656567016962,-0.65840196787644345],[100.42656952826115,-0.65839401786956842],[100.42657002558627,-0.65839299264246165],[100.42657002108967,-0.65839295127364039],[100.42656989968117,-0.65839299983701949],[100.42656982593678,-0.65839305019903804],[100.42656653801538,-0.65839526253131453],[100.4265656243042,-0.65839587856692106],[100.42626147358817,-0.65860064880087066],[100.42564034692452,-0.65916793125495587],[100.42518827391979,-0.65928338531995223],[100.42456136731329,-0.65962182628618393],[100.42360976677736,-0.6596072006117879],[100.42304866986029,-0.6595985770126731],[100.42298422714043,-0.65959758685909264],[100.42294245183274,-0.65959694384383738],[100.42249651130498,-0.65914489871806836],[100.42203226327837,-0.65890998860504624],[100.42143745617375,-0.65879290676718938],[100.4209984961837,-0.65873438158638464],[100.42057185240913,-0.65873241476907651],[100.4203116821385,-0.65878420222912837],[100.41973597483542,-0.65874396116481648],[100.41941410117988,-0.65872880578973536],[100.41897403232576,-0.65891362816137189],[100.41857557600207,-0.65867217278247381],[100.41810567303844,-0.65827852603308656],[100.41770758723544,-0.65820932410099431],[100.41749182189011,-0.65811452386611791],[100.41687441302378,-0.65773560711255641],[100.41650115210655,-0.65760117015781816],[100.41623959328268,-0.65763303493656622],[100.4157774280859,-0.65759907293880815],[100.41538085943915,-0.65760545542735827],[100.41490278523543,-0.6573398370637733],[100.41435528426899,-0.65714680388185798],[100.41301012062064,-0.65693090993352143],[100.41230018140828,-0.65660671512773661],[100.41204737838387,-0.65649127185469069],[100.41154775102797,-0.65658501538609926],[100.41131634557297,-0.65665734516028351],[100.41071974522015,-0.6567617582484786],[100.40963096479726,-0.65706653669127491],[100.40924976376567,-0.65715216114330133],[100.40889796606837,-0.65693295499181659],[100.40864569184527,-0.65648953796176102],[100.40833050015254,-0.65581079353324867],[100.40801572034928,-0.65534504903473589],[100.40746226946823,-0.65484957474802741],[100.40657665309016,-0.65470016677920739],[100.4061217499189,-0.65462235653649259],[100.40552105135549,-0.65469165559539988],[100.4053088473255,-0.65436450921470168],[100.40522567892202,-0.65433675253905221],[100.4045445611826,-0.65409164141607334],[100.4043056400933,-0.65399286707707915],[100.40381368125645,-0.65394632266463759],[100.40330605083363,-0.65362905623589995],[100.4020624584158,-0.65310467953730722],[100.40210231187223,-0.65199620486089316],[100.40208747125985,-0.65141514299438086],[100.40207512806478,-0.65093189678952967],[100.40201631510092,-0.64862920517361999],[100.40193431042013,-0.64541837275965008],[100.40193619180189,-0.64541220790704301],[100.40216231463916,-0.64467167825529259],[100.4024093053452,-0.6438070511544538],[100.40250423058581,-0.64321354896605953],[100.40250404262753,-0.64252434901942479],[100.4023896992253,-0.64164374096583288],[100.40219939368711,-0.64116518292678393],[100.40185681943672,-0.64020805695622585],[100.40151437558802,-0.63972954298395734],[100.40099727440474,-0.63948798508238269],[100.40066437236294,-0.63913390580506757],[100.39951168431685,-0.63784017798178638],[100.39916924946135,-0.6373879862665035],[100.39903370094459,-0.63721572382655722],[100.3989337736748,-0.6368926882469168],[100.39893371162157,-0.63666295732957678],[100.39898357992831,-0.63646910576454729],[100.39900338389913,-0.63632128240124075],[100.39901916520239,-0.63620346581723197],[100.39892266794681,-0.6359971829236315],[100.39890499626864,-0.63595940600174572],[100.39871952908305,-0.63578715615227566],[100.39853405110563,-0.63557183417276519],[100.39859101146607,-0.63522721666265625],[100.39864054072842,-0.63487901535421543],[100.39854537357019,-0.63458230293088036],[100.39839319479017,-0.63443876123977816],[100.39813636370229,-0.63408465858009322],[100.39797462512888,-0.63374010402253589],[100.39779388567933,-0.63347213123381607],[100.39762269613055,-0.63334773880706052],[100.39716625961523,-0.63328085622646313],[100.39693801707591,-0.63315647908819983],[100.39673827045488,-0.63291722884696355],[100.39640534862798,-0.63248178340751338],[100.39590603513545,-0.63208706376696],[100.39569911642116,-0.63169944517318299],[100.39571329693115,-0.63139073759242592],[100.3958154608149,-0.63105445140178063],[100.39582017506109,-0.63103893000254629],[100.39584386770042,-0.63068932125514721],[100.39585569378528,-0.6305148392883666],[100.39594595783973,-0.63022651484175185],[100.39596020939621,-0.63018098756248264],[100.39634230974985,-0.63050299161972134],[100.39648500427961,-0.63073986585209241],[100.39661349401757,-0.63119929800916452],[100.39688458295717,-0.63153664539981946],[100.39731963899021,-0.63165857278488602],[100.39763342863989,-0.63166566663716139],[100.3980113786223,-0.63158659374624904],[100.39830376980319,-0.63157933621732809],[100.39848921270703,-0.63166543461204583],[100.39873173917846,-0.63186638632464565],[100.39882445658344,-0.63189507829520153],[100.39896706297964,-0.63180170978102979],[100.3990668697403,-0.63167245831726859],[100.39908821784701,-0.63150015181048502],[100.39911668858434,-0.63129194886431605],[100.39910471860793,-0.63097846318549955],[100.39905704824423,-0.63049986467694907],[100.39914476901595,-0.63034724073253301],[100.39918773232802,-0.63027248998338337],[100.39940162978144,-0.63009295292738443],[100.40000775935067,-0.62990134517087881],[100.40024540879864,-0.62965000984002018],[100.40056618078466,-0.62909952222514676],[100.40087511499462,-0.62872851590822165],[100.40146932045286,-0.62839332778980861],[100.40188521283238,-0.62797443167465872],[100.40224169959481,-0.62763930920669964],[100.40252696994378,-0.62767512830447458],[100.40296677259852,-0.62777073073459633],[100.40306791934904,-0.62783229202659641],[100.40340563096515,-0.62803783567750315],[100.40390487520989,-0.62818128383912608],[100.40426141862963,-0.62806153461207259],[100.40478442835877,-0.62818104641809214],[100.40514096638253,-0.62803736713073022],[100.40556878557106,-0.62777401595803894],[100.4057735845833,-0.62761193834023743],[100.40590151943962,-0.62751069086561984],[100.40621048782384,-0.62727130302818068],[100.40654322079308,-0.62700797793576157],[100.40678082257693,-0.62657716580349643],[100.40716106672988,-0.62619417602036265],[100.40801676536148,-0.62588284871446831],[100.40868673240681,-0.62554372156546378],[100.41036246975222,-0.62493304412464568],[100.41200255887105,-0.62435827121720422],[100.41424899519501,-0.62442945435577712],[100.41578190760902,-0.62310090388353956],[100.41631643315691,-0.62184441698622095],[100.41674404370269,-0.62080333120871956],[100.41652984227846,-0.61983421008068262],[100.41599469619831,-0.61875748866714275],[100.41556641835558,-0.61728588663430628],[100.41577995518082,-0.61574232265002138],[100.41599361521321,-0.6146653997882936],[100.41667082899562,-0.61362424925965797],[100.41770455022487,-0.61233173642045813],[100.41863141220995,-0.61146999704266136],[100.41827432290177,-0.60949584126001355],[100.41745393435167,-0.60845508913098456],[100.41634811986989,-0.60676829192306059],[100.41556324105079,-0.60515320035983677],[100.41477855019002,-0.6042560178009353],[100.41427908830934,-0.60325107307852477],[100.41406101980027,-0.60281230554340937],[100.41367259991063,-0.60203078299417712],[100.41370802600466,-0.60113338459797205],[100.4143853108335,-0.60034350554826688],[100.41559750881805,-0.59976886214320757],[100.41673412328123,-0.59829194241916639],[100.41692491984924,-0.59738876138220576],[100.41680705200389,-0.5964421646741016],[100.41680661943002,-0.59474612513349712],[100.41680700613847,-0.59472722857867666],[100.41684534603593,-0.5928528615702362],[100.41657065081495,-0.59190630533169042],[100.41651275695824,-0.59176662712809502],[100.41617833236421,-0.59095977967007229],[100.41649168494337,-0.58973697238332079],[100.41707951330898,-0.58859298078141364],[100.41758886683277,-0.58721235236811253],[100.41770346744113,-0.58695715265042736],[100.41783007040146,-0.58667522328289579],[100.41888199930486,-0.58433270159287076],[100.41899934284544,-0.58322827566433944],[100.41899913510207,-0.58239997937550925],[100.4185676961423,-0.58176900333677395],[100.41801868611356,-0.5813747153707709],[100.41774437040641,-0.58115651376203914],[100.41731275877686,-0.5798550121990047],[100.41729414730713,-0.57959378972157083],[100.41726967045901,-0.57925026039117711],[100.41723407169513,-0.57875063393453274],[100.41725388016249,-0.57849741812128741],[100.41735132080686,-0.57725177974577946],[100.41758596561988,-0.57480626859438644],[100.4175073459873,-0.57397798939263112],[100.41687979996289,-0.57307096285461512],[100.41672270638787,-0.57200604594220295],[100.41672246357092,-0.57101997709020225],[100.41682670938519,-0.5706000620431837],[100.41695748070322,-0.57007329224859404],[100.41697477826347,-0.570040646858331],[100.41727099785834,-0.56948157341582828],[100.41750608873508,-0.56885043010322534],[100.41715157058854,-0.56718294583623674],[100.41699123765557,-0.56642881753583652],[100.41636424201624,-0.56507425597209249],[100.41614155099182,-0.56459315285167122],[100.41544578059836,-0.56362928196574558],[100.41311144813488,-0.56187280888298119],[100.41281570967732,-0.56172597927047718],[100.41185933284197,-0.56125114892131478],[100.41158225801485,-0.56158592335162894],[100.41119632565,-0.56205222363115581],[100.41053064117619,-0.56285653320242091],[100.41021973025642,-0.56299346217849688],[100.40948272414846,-0.56331804998796997],[100.40928996525975,-0.56340294419049997],[100.40722732428168,-0.56426161867869951],[100.40565196386711,-0.56459611431915846],[100.40435809664888,-0.56487084011712341],[100.40387726782171,-0.56479293994215141],[100.40255880774282,-0.56440318276059998],[100.40159377583217,-0.56331996464462009],[100.4009136671321,-0.56255656253529196],[100.39958884345043,-0.56106948856597683],[100.3977224030665,-0.55891324704867884],[100.39684863345775,-0.55739578139014156],[100.39633205388122,-0.55539896718852333],[100.39593443032976,-0.55276310013692864],[100.39576984270411,-0.55247224859533617],[100.39542942772596,-0.55187068218617696],[100.39462377186965,-0.55044696005910509],[100.39408860330644,-0.54953776615491279],[100.39405430496225,-0.54947949728091317],[100.39345541943214,-0.54846205737800346],[100.39232023039438,-0.54653349362575909],[100.39153036483452,-0.54500091216232249],[100.39005628966612,-0.54214074429984294],[100.39003080198,-0.54207672606003143],[100.38991474716789,-0.54178522430862586],[100.38945820992848,-0.54063852035136506],[100.38929874484126,-0.53772301810278123],[100.39120359077316,-0.53424790012041967],[100.3920371328075,-0.53348886961560993],[100.39215603397383,-0.53261018880914435],[100.39112347197073,-0.53105280764089002],[100.39001153580381,-0.52961525933670828],[100.3839365236517,-0.52590230035082186],[100.38381071659137,-0.52542811301697157],[100.38345972288795,-0.5241051527305558],[100.38385594889297,-0.52300366488719874],[100.38409394997586,-0.52208501641035809],[100.38464955563256,-0.52116629598771169],[100.38527978433461,-0.51951377464092729],[100.38529933289794,-0.51779000270641973],[100.3853014678885,-0.51760171794489906],[100.38521011025847,-0.51626179824336305],[100.38518192190821,-0.5158483718048501],[100.38512410988983,-0.51500047299339258],[100.3847201461179,-0.51257805733143869],[100.38521332623407,-0.50900907890581948],[100.38352226264237,-0.50300753506962792],[100.3841177712182,-0.50111357902841291],[100.38428847962967,-0.4999999998000817],[100.38428856506528,-0.49999995663262098],[100.3842992364207,-0.49999567765837583],[100.38431238091169,-0.49999040673185391],[100.3843282899187,-0.49998402963922217],[100.38434314581957,-0.49997807432862373],[100.38435527857331,-0.49997320989569971],[100.38436798599383,-0.49996811613561931],[100.38437707184443,-0.49996447388133447],[100.38439028558327,-0.49995797268223896],[100.38440704714759,-0.49994972679837701],[100.38445129289289,-0.4999279596075894],[100.3844963678132,-0.49990578502388416],[100.38455604862281,-0.49987642395774401],[100.38467061145963,-0.49982006434441928],[100.38482356725387,-0.49974481537088877],[100.38486305018967,-0.49972539181334241],[100.38496283536659,-0.49967630142015196],[100.38499174227513,-0.49966207954128095],[100.38503366417234,-0.49963558371518957],[100.38515989031674,-0.49955580305783087],[100.38521001762825,-0.49952412084144271],[100.3852575414025,-0.49948749055522512],[100.38530230785528,-0.49945298536692917],[100.38536649786562,-0.49940350736591199],[100.38555138318986,-0.49926100259312989],[100.38559343818667,-0.49922858653002322],[100.38570826002825,-0.49912899290865198],[100.38574472663788,-0.49909736285297868],[100.38578884557882,-0.4990582216595385],[100.38582036231992,-0.49903026263643824],[100.38591849634162,-0.49893046037237809],[100.38598718116356,-0.49883964593288965],[100.38601169488385,-0.4987997987716426],[100.38603899470388,-0.49875542172526366],[100.3860807619177,-0.49866291296302734],[100.38610700143704,-0.49858602632400562],[100.38611111133878,-0.49857398620048343],[100.38612184924403,-0.49854252072071858],[100.38616586476292,-0.49841617586577058],[100.38617378329354,-0.49840159695611419],[100.38622936139598,-0.49829926939571578],[100.38623620074014,-0.49828770231556518],[100.38628585231032,-0.49820375509915493],[100.38630641890614,-0.49817571783506764],[100.38633966324494,-0.49813039919854418],[100.38637520804946,-0.49809843639366136],[100.3864579160001,-0.49802406335976457],[100.38647741330203,-0.49800653197581823],[100.38654257278159,-0.49795734265717329],[100.38659739095687,-0.49791596035322527],[100.38663664996147,-0.49788646978470297],[100.38675391885835,-0.49779838208962701],[100.38680655977498,-0.49775883799992471],[100.38684078167677,-0.49772559456050658],[100.38695207727659,-0.49761748705731179],[100.38695916573295,-0.49761060004908586],[100.38696697994226,-0.49760058429950504],[100.38700377930104,-0.49755341305950651],[100.3870358895947,-0.49751225108946073],[100.38704323885446,-0.49749843390554815],[100.38708531273704,-0.49741932504178976],[100.38709613877586,-0.49738790992404347],[100.38709739333012,-0.49738427216635728],[100.38714340714256,-0.49725075072154823],[100.38715191832642,-0.49722605353946392],[100.38715266476373,-0.4972222233269008],[100.38716282080759,-0.49717008063464618],[100.38717238329889,-0.49712099383873465],[100.38717589874881,-0.49710294174730052],[100.38717990522849,-0.49707095286214553],[100.38720159687625,-0.49689773174486618],[100.3872543798858,-0.49668274791042677],[100.38727029608737,-0.49663357118231488],[100.38730396580542,-0.49652953491005292],[100.38734264924392,-0.49641000601690166],[100.38738307826651,-0.49628508658742021],[100.38738517188824,-0.49627861506598947],[100.38741753489137,-0.49619583157232228],[100.38744819637719,-0.49614018961801776],[100.38746677816931,-0.49610646863857255],[100.38752655070982,-0.49603418742776739],[100.38752746082372,-0.49603308575825622],[100.38759506466056,-0.49597155953978245],[100.38762574143487,-0.49595133468631047],[100.38767977719999,-0.49591570894278902],[100.3877712256616,-0.49586477314073818],[100.38777942118338,-0.49586020818202314],[100.38786514995678,-0.49581523758308776],[100.38788259230785,-0.49580679294911079],[100.38801029693769,-0.4957449618604528],[100.3880152369137,-0.49574256876451273],[100.38808687510925,-0.49571081370305592],[100.38812355305959,-0.49569455485976732],[100.38821873100972,-0.49565139819344495],[100.38827726608304,-0.49562485470323736],[100.38833576968011,-0.49559832830016148],[100.38840152810809,-0.49556851037840488],[100.38848430710516,-0.49553097537415169],[100.38856338988859,-0.49549511580687522],[100.38860702139698,-0.49547533162120772],[100.38863495523907,-0.4954626646701854],[100.38869415401206,-0.49543582170576883],[100.38871171057701,-0.49542866400162211],[100.38880611780814,-0.49539017841397026],[100.38888888871128,-0.49535643495147497],[100.38892391100973,-0.49534215821398675],[100.38899901069584,-0.49531154169426372],[100.38906065472548,-0.49528641193830936],[100.38907359327175,-0.49528113831382825],[100.38919659714531,-0.49523099391518599],[100.38922924703218,-0.49521768394890842],[100.38934077465706,-0.49517221692423163],[100.38945498945628,-0.49512565722324098],[100.3894724183175,-0.49511673684787638],[100.38954977979859,-0.49507714239615552],[100.38963299676544,-0.49503455320200374],[100.38971736216661,-0.494991374951951],[100.38980301269896,-0.49494754019679021],[100.38987903329081,-0.49490863192778534],[100.38989169304728,-0.49490215321173991],[100.38991354837162,-0.49489010499428332],[100.38994307401373,-0.49487382816460013],[100.38998305337526,-0.49485178937851515],[100.39005136407923,-0.49481413116717476],[100.39011687879099,-0.49477801259513399],[100.39011822957269,-0.49477698916666668],[100.39015430587659,-0.49474962999136096],[100.3901899109357,-0.49472262604831485],[100.39021351903875,-0.49470472234503404],[100.39023435543123,-0.49467980572842407],[100.3902775345806,-0.49462817295176364],[100.39028192417152,-0.49462140375470653],[100.39031349487198,-0.49457271535845848],[100.39034497833813,-0.49452416186051096],[100.39035888905153,-0.49450270673446539],[100.39037563442804,-0.49447099214251011],[100.39038965036212,-0.49444444415570388],[100.39041430797397,-0.49439773876457593],[100.39045095804534,-0.49432832459245901],[100.39048303146677,-0.49426757358958184],[100.39048996523974,-0.49425444078974579],[100.39052098735374,-0.49420766884878731],[100.39055927688918,-0.4941499395679898],[100.39059319032356,-0.49409881041174231],[100.39063050409453,-0.4940425506231918],[100.39066962820084,-0.4939835649894917],[100.39069083061742,-0.49395160038602626],[100.39071073531227,-0.49392158821069643],[100.39072017279778,-0.49390735913726758],[100.39075957659327,-0.49386681320282833],[100.39081106098172,-0.4938138359397044],[100.39085684007119,-0.49376673035027352],[100.39091738063269,-0.49370443521144125],[100.39098004719148,-0.493639951122816],[100.39104202936625,-0.49357617300194079],[100.39110651705221,-0.49350981472611011],[100.39116513216516,-0.49344950169307822],[100.39120641914099,-0.49340701771961903],[100.39125601135589,-0.49335598838808892],[100.39131465344855,-0.4932956456774491],[100.3913755537389,-0.49323298001797866],[100.3913991330636,-0.49320871810778044],[100.39143153473759,-0.49318122673219023],[100.39150703821929,-0.49311716892214008],[100.39155470768367,-0.49307672640975397],[100.39160161362361,-0.49303692961058232],[100.39165240463484,-0.49299383859471391],[100.39166666698316,-0.49298173911591903],[100.39170187094464,-0.49295187083214387],[100.39174666527646,-0.49291386638179802],[100.3917872067143,-0.49287947091079332],[100.3918135523536,-0.49285711916064656],[100.39185280686161,-0.49282381456731628],[100.39189828108084,-0.4927852336515457],[100.39191223765971,-0.4927755641409135],[100.39195629364809,-0.49274503755339083],[100.39199819486089,-0.49271600563912443],[100.39203461380646,-0.49269077066247746],[100.39206902816318,-0.49266692603777074],[100.39210516741957,-0.49264188621401672],[100.39214537430962,-0.49261402521705122],[100.39219144927603,-0.4925821019823502],[100.39221675260109,-0.4925645687997644],[100.39223696666272,-0.49255056275819697],[100.39225015072395,-0.49254142834416825],[100.39227552239748,-0.49252384839684282],[100.39231430296275,-0.49249697755340094],[100.39235127499143,-0.49247136036495931],[100.39238669658886,-0.49244681786632327],[100.39242308046084,-0.49242160807068558],[100.39246190779085,-0.49239470485167658],[100.39250177203922,-0.49236708397370421],[100.39253841491598,-0.49234169431366581],[100.3925616668875,-0.49232558295921081],[100.39277985500638,-0.49208925911199231],[100.39300799142575,-0.49176614708994748],[100.39304710563948,-0.49169189906183419],[100.3931933336055,-0.4914143287082311],[100.39330737573488,-0.4911199590188744],[100.39331186964711,-0.49110838834138804],[100.39331213404779,-0.49110770755459043],[100.3927886027119,-0.49115101890436108],[100.39238448875324,-0.49113913886014871],[100.39187338874598,-0.49105548931930798],[100.39156430344991,-0.49076838615206952],[100.39145865469322,-0.49063274860242245],[100.39131046710446,-0.49053886387741841],[100.39125206692938,-0.4905039459003433],[100.39081834099369,-0.4902446200931081],[100.39036187839804,-0.48997908626574826],[100.38993395938479,-0.48980687418782054],[100.38914945828094,-0.4895773042491669],[100.38870015878535,-0.48947688954677915],[100.38826512523542,-0.48938364963566983],[100.38796560602793,-0.48938371258822144],[100.38738084075328,-0.48942690972404534],[100.38679251506255,-0.48949882401149125],[100.3863574896065,-0.4894558400149549],[100.38603657103101,-0.48942360021891318],[100.38579220904325,-0.48944359754392508],[100.38577271264063,-0.48944519294127531],[100.38555165568442,-0.48952421007419389],[100.38533060682209,-0.4896427128408618],[100.38508103686041,-0.48978634806144328],[100.38488850999681,-0.48988689676281183],[100.38474589190946,-0.48993718235504957],[100.38451412762493,-0.4899659471706741],[100.38426453338155,-0.48998753629570047],[100.3839352583056,-0.49007362389858145],[100.38382466057971,-0.49009909719552525],[100.38369273093485,-0.49012948258950928],[100.38358199201537,-0.49015498826207704],[100.38336869620844,-0.49023138566985835],[100.38333333396628,-0.49024405172156094],[100.3832134129687,-0.49028700424179306],[100.38294021242092,-0.49038485767499651],[100.382405393694,-0.49057162797822684],[100.38204171505316,-0.49067939194031851],[100.38127870864554,-0.49095236136236053],[100.38059415279798,-0.49124685156090209],[100.38000229007366,-0.49146952909546826],[100.37959582168986,-0.4915773029501338],[100.37928205002663,-0.4916348020044552],[100.37886130400602,-0.49167078567819544],[100.3785974456157,-0.49169955678905808],[100.37798656762607,-0.49173384883800964],[100.37782726171883,-0.49174279169642432],[100.37772266696754,-0.49174281417947441],[100.37705707332532,-0.49177166892735613],[100.37655312202901,-0.49179091891573989],[100.37614425875063,-0.49181972060358703],[100.37554521493979,-0.4918006999423028],[100.37539302177061,-0.49177654055483799],[100.37518387633486,-0.49174334118220031],[100.37505074969238,-0.49171465190960362],[100.37500000005002,-0.49168732421060213],[100.37484757935238,-0.49160523769154452],[100.37470274533547,-0.49155970591561982],[100.37429978970357,-0.4914233848812728],[100.37402877181046,-0.49130857293226882],[100.3736222449707,-0.4911399455519927],[100.37330843373729,-0.49100360473249793],[100.37317768130498,-0.49094978840196291],[100.37298748188687,-0.49082418998432331],[100.3728567159647,-0.49071054625466104],[100.37283080110063,-0.4906863311092593],[100.37277350079648,-0.49063278817260425],[100.37266057292715,-0.49057298415584683],[100.37257737214804,-0.4905670171540919],[100.37243949528653,-0.49055508225120548],[100.37229211079233,-0.49055032663619613],[100.37210667238509,-0.49044746218061164],[100.37204009467467,-0.49036132511503183],[100.37194973709074,-0.49023211681867451],[100.37186887904556,-0.49005983189567814],[100.37179227659237,-0.48988755056996069],[100.3717880192018,-0.48987797458880777],[100.37173091944646,-0.48964346467408859],[100.37170931593226,-0.48954545116157533],[100.37170291006129,-0.48945514304034532],[100.37170406658947,-0.48944468932091922],[100.3717133493916,-0.48936078617128942],[100.37171462732823,-0.48928250378446592],[100.37171384401876,-0.48927337296771611],[100.37170865582988,-0.48921282521166631],[100.37168830866858,-0.48913718773098935],[100.37168532831532,-0.48912767829966697],[100.37166412499943,-0.48906002410080873],[100.37163877401025,-0.4889899866984706],[100.37163183843865,-0.4889730227867517],[100.3715974321758,-0.48888888941064579],[100.37158726803807,-0.48886403214930851],[100.37155410373896,-0.48877401900574569],[100.37153037422746,-0.48870961495669007],[100.37149443372118,-0.48861206639372767],[100.3714901016869,-0.48860078529793327],[100.37147985391221,-0.48857409791622786],[100.37146417063502,-0.48850798605468526],[100.3714490179579,-0.48843724987915493],[100.37143751113229,-0.48835815720315168],[100.37143351634376,-0.48831811398974878],[100.37143030846204,-0.48828596322658768],[100.37142187102256,-0.48819100471104093],[100.371400590365,-0.48807532311764135],[100.37137620344907,-0.48794275675277277],[100.3713322131112,-0.48770362612140161],[100.37132863470879,-0.48768417738284597],[100.37129999489889,-0.48744049528255573],[100.3711997753494,-0.48744672488641072],[100.37072909986813,-0.48744682201316891],[100.37042957166744,-0.48741098582826226],[100.37015143114371,-0.4873392514052739],[100.36972352382162,-0.48723882860900858],[100.36939548081682,-0.48726043392184692],[100.36906745399989,-0.48735383121430687],[100.36875367514205,-0.4873826131170631],[100.3684256501237,-0.48749036808595747],[100.36818320728923,-0.48761964473078478],[100.36781241770899,-0.48784945568780813],[100.36755572691533,-0.48805770809667592],[100.36741311872049,-0.48815824690552745],[100.36713500517641,-0.48822291715384836],[100.36665718458147,-0.48816557997747623],[100.36629347176637,-0.48812257889386501],[100.36599394176704,-0.48807956521972073],[100.36575859458355,-0.48803653715640394],[100.36545906818151,-0.48800788205807066],[100.36515240116245,-0.48793615213168096],[100.36475302033568,-0.48784290232805461],[100.36443209186763,-0.48778553367537825],[100.36384015629824,-0.48766360718968826],[100.36316265023618,-0.48757759512989196],[100.36269379588202,-0.4875330607021624],[100.36265391184861,-0.48753062084142584],[100.362575744575,-0.48752584094478379],[100.36247123076276,-0.48751944856365981],[100.36237182420041,-0.48751337004591733],[100.36227641242652,-0.48750753614382347],[100.3622325497924,-0.4875048525668717],[100.36218493518669,-0.48749687917757001],[100.36206689557082,-0.48747711028039475],[100.36195833391002,-0.48745892868657847],[100.36185045123739,-0.4874408613066521],[100.3617687028634,-0.48742717092716248],[100.3616639750125,-0.48740963234860146],[100.36162171676887,-0.48740255468408122],[100.36153701681991,-0.48737751216242486],[100.36138951541386,-0.48733390313708469],[100.36123100540664,-0.48728704036454928],[100.36111110959007,-0.48725159268678908],[100.36110917065179,-0.48725101891932354],[100.36098686375283,-0.48721485897851835],[100.36095975279039,-0.48720684422045224],[100.360750211653,-0.48716838111585048],[100.3605864190281,-0.4871383158805429],[100.36050273801101,-0.48712295635931468],[100.36043000623988,-0.48710763101229304],[100.36037129939604,-0.48709906766777067],[100.36026470904915,-0.48706381604222315],[100.36019293505598,-0.48703454310964389],[100.36012546341948,-0.48700313518651228],[100.35996900206783,-0.4869159540079977],[100.35990416814292,-0.48687982824145593],[100.35982950822529,-0.48684121315142193],[100.35975413874257,-0.48680808932181208],[100.3597333877857,-0.48679570565724362],[100.35969567021908,-0.48677319742506597],[100.35964018114947,-0.48672603068172293],[100.35958390157583,-0.48668269055366409],[100.35955711616805,-0.48665045975087651],[100.35953288483483,-0.48662130642810553],[100.35947734000729,-0.48654247185754684],[100.35940861111857,-0.48644492689180652],[100.35932302443808,-0.48632345276507749],[100.35928904715189,-0.48627523111696291],[100.35924159622277,-0.48621649369619035],[100.35922902459987,-0.48620093092819161],[100.3591905291197,-0.4861715437816656],[100.35916160332539,-0.48615362209193336],[100.35914509806787,-0.48614339680028706],[100.35908713406405,-0.48612293992169953],[100.35903015032125,-0.48611111113882544],[100.35900747391582,-0.48610640408725203],[100.35871852174245,-0.48606702007685954],[100.35871566729429,-0.48606662977107362],[100.35864687815098,-0.48604494531792852],[100.35859775628148,-0.48603161466724032],[100.35852280768148,-0.48599191499482686],[100.3584450621899,-0.48592910634312148],[100.35838000523313,-0.48587525853628222],[100.35833333311689,-0.48583662995645227],[100.35803847239765,-0.48559257823484359],[100.35797349098391,-0.48553746598122416],[100.3579421271275,-0.48551086493444018],[100.35782522425478,-0.48541171557815233],[100.35736043843355,-0.48501751484639044],[100.35712186987843,-0.48471273640359414],[100.35709779142996,-0.48466866602609571],[100.35707854593818,-0.484620135910518],[100.35706690601296,-0.48454846803730334],[100.35706705530043,-0.48448651104359897],[100.35707221021437,-0.48442849667770815],[100.35707745416124,-0.48436947866844093],[100.35712880185281,-0.4840312742238666],[100.35732051123267,-0.48296122488056881],[100.35736233060715,-0.48275987476836235],[100.35740243497446,-0.48256678492913352],[100.35740732728641,-0.48250115600347954],[100.35741901757365,-0.48241994992071113],[100.3574234584259,-0.48234803833128126],[100.35742525976798,-0.48231886432409965],[100.35742478222795,-0.4822638806734858],[100.3574180849767,-0.48220002700958275],[100.3573916134323,-0.48209381797528295],[100.35736905214009,-0.48204452973124035],[100.35734613291777,-0.48199986310316945],[100.35728658610714,-0.48194514834989377],[100.35708710658474,-0.48176185662435955],[100.35684522132993,-0.48153959907318722],[100.35678122737181,-0.48148079780054331],[100.35646352117465,-0.48121417939080402],[100.35642834779009,-0.48118466094331325],[100.35633719790343,-0.48110816820735636],[100.35629363744147,-0.48107161076615057],[100.3561840721373,-0.4809722770489202],[100.35605820032572,-0.48085815667855059],[100.35599034018213,-0.48081565112136104],[100.35593580529326,-0.48079394598374847],[100.35590441535652,-0.48078145170256903],[100.35587674141857,-0.4807741626974007],[100.35578047888606,-0.48075813138262902],[100.35572936321961,-0.48075019216759074],[100.35565581216605,-0.48073092958867392],[100.35540698234644,-0.4806773192028686],[100.35536446419871,-0.48066196417823903],[100.35512883372877,-0.48057686403097932],[100.3547508450755,-0.48046925025562359],[100.35433008106844,-0.48044061674102068],[100.35391645677913,-0.48045505805441735],[100.35354562583001,-0.48049102913762454],[100.35301079091533,-0.48062036333902824],[100.35244742590805,-0.48074252274915352],[100.35197679629215,-0.4809867129663985],[100.35130651538344,-0.48139606817397862],[100.35072893209463,-0.48174078910608387],[100.3504555993465,-0.48194904421296769],[100.35030349341156,-0.48211659060814327],[100.35017515206169,-0.48225063006248092],[100.35008960225338,-0.48238944761487801],[100.34996128968186,-0.48266707282709831],[100.34986622864358,-0.48280110598619785],[100.34972838325837,-0.48294950581498597],[100.34950022075861,-0.48318407508497785],[100.34940515162651,-0.48327503341602096],[100.34931007619912,-0.48332769861434599],[100.34901531800256,-0.48338519407138847],[100.34881564062937,-0.48341395079313543],[100.34868252927538,-0.4834570526008406],[100.34854466230638,-0.48350494329844196],[100.34835926886524,-0.48363899354467321],[100.34813109287569,-0.48379698374372992],[100.34800274163325,-0.48387837508687426],[100.34781259707376,-0.48402678480823624],[100.34765572113469,-0.48411775483049269],[100.34748458464594,-0.48421351374264532],[100.34733245173135,-0.48424704766307514],[100.34715654703706,-0.48427580078754318],[100.34701867916874,-0.48431890439388781],[100.34681426866365,-0.48445295913671771],[100.34661461467277,-0.48459658536410188],[100.34646012103781,-0.48470669925472976],[100.34615113106992,-0.48492513108988078],[100.34599664013291,-0.48504781030817412],[100.34575005142381,-0.48526622865347235],[100.34554504017154,-0.48536797705043],[100.34541101600564,-0.48542291933222259],[100.34528951489926,-0.4854727255857938],[100.34443376320769,-0.48563144153774829],[100.34394349419694,-0.48574521207183352],[100.34371469857456,-0.48578713756631942],[100.34330821939886,-0.48586978166503059],[100.34315133716456,-0.48593442673234222],[100.34300872267448,-0.48601342767750566],[100.34286255226505,-0.48614268453724208],[100.34274847236418,-0.486271936900323],[100.34263083384599,-0.48643349470995645],[100.34254883546043,-0.4864981253881524],[100.34249178516779,-0.48650890556149307],[100.34233845975217,-0.48652688390853882],[100.34219226416172,-0.48652691268682702],[100.34190699920873,-0.48650902337266189],[100.34161103232333,-0.48646241600766871],[100.34109040939495,-0.48635842020490827],[100.34082297170283,-0.48633693540119793],[100.34062329343033,-0.48634774435288364],[100.3404806609538,-0.48634777313117183],[100.34033802757796,-0.48634062172226322],[100.34017399573338,-0.4863047576583881],[100.33994578826758,-0.4863083927181151],[100.33977106887977,-0.48632637736039896],[100.33965695840197,-0.48629768179250732],[100.33950005638258,-0.48625463754143539],[100.33939506413094,-0.48622598783902049],[100.33933558836679,-0.486223586649146],[100.33925807669897,-0.486220458807054],[100.33923985373633,-0.48621972316163919],[100.33918790889493,-0.48620954193677335],[100.33912100922726,-0.48619642982134792],[100.33904323765535,-0.48618118721196879],[100.33903885166171,-0.48618032835940994],[100.33896503800617,-0.48617158694912632],[100.33895726066908,-0.48617066604333559],[100.33889603302555,-0.486176800319015],[100.33888888881125,-0.4861947372972395],[100.33888888881125,-0.48617751617939575],[100.338877829848,-0.48617862414414503],[100.3388261566019,-0.48618854906226261],[100.33876541729023,-0.48620021686645032],[100.33869307762347,-0.48621411409004622],[100.33860427766535,-0.48623117063198151],[100.33852215157611,-0.48624694653932465],[100.33851905790823,-0.48624693574743105],[100.33842509134496,-0.48624659490440081],[100.33842444473242,-0.48624647169725677],[100.33840101109786,-0.48624197778497091],[100.33823777695193,-0.48639277160907568],[100.33795253358261,-0.4864885530042784],[100.33749045202279,-0.48650196729192885],[100.33727651769721,-0.48656423095445689],[100.33698770581805,-0.48664565467316834],[100.33688430716512,-0.48668516189064803],[100.33660977741937,-0.4868646998459667],[100.33656343175704,-0.48691496475379381],[100.33645647718475,-0.48700472788584648],[100.33635665243764,-0.48709090002495259],[100.33623186071185,-0.48714477031484194],[100.33616054357429,-0.48713760541613738],[100.33600363885688,-0.48708379088418496],[100.33581107602038,-0.48702639525191671],[100.33561495186859,-0.48699412667752995],[100.33540101034839,-0.48701929690298584],[100.33525838506648,-0.4870480428328392],[100.33516924606391,-0.4870767779708558],[100.33508725217501,-0.48717012580061692],[100.33498387330718,-0.48731732413517648],[100.33488405575463,-0.48743939271378167],[100.33480563577154,-0.48757940636448893],[100.33474504844531,-0.48773018400072488],[100.33471654982895,-0.48787736704679219],[100.33469161702459,-0.48801377891271613],[100.33465600027426,-0.48822198815418005],[100.33455261870847,-0.48835841620791598],[100.33436708677169,-0.48854396972836867],[100.33382880835291,-0.48881828903279256],[100.3334960367128,-0.48899783867926772],[100.33303251893568,-0.48916544982557753],[100.33254523837212,-0.48938092828717572],[100.33215302963868,-0.48952459408468485],[100.33192717569864,-0.48941694883308173],[100.33159429524062,-0.48903411553197884],[100.33138620920624,-0.48861735620596392],[100.33127323816944,-0.48834216905578387],[100.33111864291112,-0.48794733520128375],[100.3310532469099,-0.48782769209424259],[100.33091059914489,-0.48774396071519277],[100.33072041141793,-0.48767818789798412],[100.33053613763269,-0.48746882662499047],[100.33046478542155,-0.48727739063900799],[100.33039936244069,-0.48702014406433136],[100.33039337925112,-0.48681672910873885],[100.33044087874362,-0.48659535559113465],[100.33045868082354,-0.48645774762690053],[100.330440823885,-0.48631416366765734],[100.33034571877994,-0.4862244410051062],[100.33016741919113,-0.48617063096980928],[100.33004853960847,-0.48606894732398587],[100.3300478264461,-0.48593778300221402],[100.33004741005999,-0.48586144405032883],[100.33009493563281,-0.48577169171016976],[100.33018405215233,-0.48562808706651595],[100.33016617722734,-0.48538877926870327],[100.33006512580499,-0.48528709112628121],[100.32993436797676,-0.48522130571865318],[100.3297322984069,-0.48517348336952182],[100.32947672097396,-0.48502396388477109],[100.32938160867434,-0.48489834388340114],[100.32941130338901,-0.48479064737045974],[100.32939344824911,-0.48465902889103063],[100.32929834044609,-0.48455135665972193],[100.32925670992927,-0.48440179490688706],[100.32912594040988,-0.48427618210007495],[100.32898325667202,-0.48401296672500393],[100.32888811469479,-0.4837317936872978],[100.32876327440567,-0.4835343862029049],[100.32863840533821,-0.48319339026272701],[100.32857300843767,-0.4830677639660621],[100.32838876073276,-0.48299002387045675],[100.32821046833851,-0.48297211027460207],[100.32799057780301,-0.48297215434138252],[100.32790736173541,-0.48289439266204681],[100.32780036309634,-0.48276279306838887],[100.32751506306977,-0.48257139935054738],[100.32708116986015,-0.48228430877378514],[100.32693849961214,-0.48208690398740828],[100.3268909218786,-0.48190742898458439],[100.32681362514876,-0.48171001070835473],[100.32664125029351,-0.48156047503584887],[100.32642729258555,-0.48151265358603723],[100.32619553099903,-0.48158449322971819],[100.32607074017255,-0.48164434580985471],[100.32599348840881,-0.4816802575377892],[100.3258984075855,-0.48171617286305946],[100.32583302057748,-0.48164439167527462],[100.32580992239008,-0.48148537984633322],[100.32575981306496,-0.48115790881041676],[100.32560411433849,-0.48087126789465628],[100.32537584841674,-0.48058413774771225],[100.32506203898197,-0.48047890177986119],[100.3248433409475,-0.48049808881569334],[100.32454858005298,-0.48055558157477662],[100.32428234205651,-0.48059392417019353],[100.32390198638763,-0.48056528076307359],[100.32348359119482,-0.48051749978276348],[100.32304617264282,-0.48044100524816713],[100.32258044523144,-0.4803375166630417],[100.32222838313345,-0.48025928553755648],[100.32191458179256,-0.48020191238828147],[100.32171489362747,-0.48018280629145238],[100.3214296250772,-0.48015414399850442],[100.32115384077719,-0.4800010371181429],[100.3209731489917,-0.4798670570190211],[100.32083999087291,-0.47968520510806911],[100.32074489566048,-0.47964693355908139],[100.32055471332944,-0.47960867999654511],[100.32043107993047,-0.47951297864102571],[100.320345462673,-0.47931197296912842],[100.32031690470143,-0.4791492451415138],[100.32008863788042,-0.4788525408120563],[100.31995547796299,-0.47866111561796743],[100.31979378075846,-0.47841226241592949],[100.3196657388828,-0.47816985825232905],[100.31960278274227,-0.47770128088933461],[100.31965022198023,-0.47715085173035732],[100.31982838397278,-0.47648073989415707],[100.31986395665632,-0.4760380036508991],[100.31963809372309,-0.47588249378202363],[100.31953110677523,-0.47581072068817321],[100.31933795218481,-0.47577186907642499],[100.31857710864671,-0.47503014422574097],[100.31831547338044,-0.47426439218787664],[100.31791118585261,-0.47340294059318921],[100.31786348940858,-0.47258928526724731],[100.31812484498568,-0.47187129532397876],[100.31826736414757,-0.47127298356127767],[100.31850491826742,-0.47038747869913777],[100.31838586871294,-0.46938238558857392],[100.31829070065538,-0.46895164000613931],[100.31812423524531,-0.46861663175212698],[100.31793393420378,-0.46794659096235591],[100.31729193967135,-0.46713304625302499],[100.31693499245597,-0.46514681167599292],[100.31641172642009,-0.46361530310372245],[100.31631640367914,-0.46234695864518471],[100.31657780692029,-0.46186828279496694],[100.3167678732388,-0.46126996383770802],[100.3169341533885,-0.46059985469946696],[100.31688639399192,-0.45942722778426059],[100.31688610980621,-0.45787169022628404],[100.31689227196085,-0.45690007617753281],[100.31702526190639,-0.45617253813207981],[100.31712975773218,-0.45561731198932875],[100.31725329940031,-0.45521524218963805],[100.31742438732567,-0.45483230906376093],[100.31758596132312,-0.45442065968563838],[100.31761443385909,-0.45412390589348206],[100.31754783636364,-0.45392289482566639],[100.31742420566263,-0.45383676495470127],[100.31722451929619,-0.45381765705917587],[100.31692974760983,-0.45381771101847335],[100.31656841979679,-0.45384649471992589],[100.31612154127617,-0.45402845454947283],[100.3157412197815,-0.45419125792017212],[100.31537040232229,-0.45432534054197049],[100.31512321376539,-0.45454555483343029],[100.31498063614748,-0.45484233020931697],[100.31485704771467,-0.45498594114820889],[100.31473345118786,-0.45508168926852477],[100.31457181064059,-0.45512958176476559],[100.31436260405098,-0.45505303956605303],[100.3141863756008,-0.45487360593210724],[100.31445062699493,-0.45087727326750837],[100.31488007395632,-0.44886047523067418],[100.31545289533489,-0.44741985664103368],[100.31564509574463,-0.44645270772622325],[100.31544329597142,-0.44603880464705981],[100.31515795907262,-0.44562005781938296],[100.31505090377624,-0.44516538127726335],[100.31488442127909,-0.44471071462771761],[100.31471796666091,-0.44442356829301843],[100.31455153002912,-0.44423214669615163],[100.31442077399959,-0.44417234178007448],[100.3142662030229,-0.44387322726760203],[100.31433743022831,-0.44337065553128241],[100.31419473389991,-0.44299974454253288],[100.31370692273634,-0.44278820870880509],[100.31351261791303,-0.44225367956363471],[100.31343110426212,-0.4420022264215504],[100.31337870526312,-0.44184058407563498],[100.31313619318081,-0.44162524410967308],[100.31316461085817,-0.44100780916301119],[100.31310745534483,-0.44041910665640671],[100.31349248209244,-0.43997391616323966],[100.31409145125951,-0.43949996714974304],[100.31431956429651,-0.43893993323126779],[100.31495270860069,-0.43805044617113253],[100.31506803676052,-0.43698700234824628],[100.31514640728091,-0.43654904330367117],[100.31519627288975,-0.43622596095929111],[100.31508927515,-0.43608239228854018],[100.31497512600134,-0.43583113160138964],[100.3148823699255,-0.43556550874120603],[100.31494649518464,-0.43522088673449844],[100.31503914244252,-0.43486189985674173],[100.31502484322198,-0.43465369960847511],[100.31496063612451,-0.43451730213172368],[100.31496773807072,-0.43434499562499695],[100.31521015302621,-0.4340146998184764],[100.31534562060398,-0.43383518974218305],[100.31550961018041,-0.4336269598163085],[100.3156236972759,-0.43351206782762119],[100.31584852059279,-0.43345390327499445],[100.31587291200532,-0.43344162932766039],[100.31589905619654,-0.43341649597448395],[100.31594421295512,-0.43336144577403957],[100.31597777835185,-0.43330277760105673],[100.31339070581646,-0.43409836554707226],[100.31084109723889,-0.43563798600422388],[100.31075388998011,-0.43568713125603153],[100.3102220246268,-0.43598685910620816],[100.30810934896732,-0.43717744188541019],[100.30691782459797,-0.43891507237265159],[100.30563079492532,-0.44079198176450518],[100.30526563689966,-0.44106758440142357],[100.30517017566314,-0.44113963358717001],[100.30504421841601,-0.44123278266675925],[100.30496176677218,-0.44129230339706282],[100.30475781402197,-0.4414369053887981],[100.30447445563169,-0.44163575628505214],[100.30409855070764,-0.44189955262220337],[100.30401831589262,-0.44195585917549352],[100.30390000018491,-0.44203888908339195],[100.30376415489189,-0.44245090808288978],[100.30359304268484,-0.44271897080380995],[100.30326028003793,-0.44297748991920116],[100.30294043165566,-0.44324294280750109],[100.30275097237956,-0.44340280089846829],[100.30254359680958,-0.44360648475139897],[100.30234134108008,-0.44380243353543847],[100.30210579784438,-0.44400354532729125],[100.30187280958256,-0.44417114388312484],[100.30159885180564,-0.44434132888915201],[100.30130952731287,-0.44450120406725091],[100.30096131611191,-0.44469717983093915],[100.30063358427253,-0.44486737383016361],[100.30035962469697,-0.44502982466661933],[100.30010103273651,-0.44521547441456732],[100.29989109589741,-0.44541400155486599],[100.29972724841383,-0.44560736658667111],[100.29955317024269,-0.44586517973419859],[100.29919736336768,-0.44655867574226704],[100.29912313332602,-0.44672109240445934],[100.29905657809866,-0.44684226076168443],[100.29892089018699,-0.44698664241957431],[100.29877238963411,-0.44707946954184763],[100.29853682841195,-0.44717489120819209],[100.2982654112198,-0.44723938518944806],[100.29797095429615,-0.44733481674836639],[100.29790305728034,-0.44736712938947676],[100.2977379552425,-0.44744570405595141],[100.29753569231843,-0.44760040903162235],[100.29735647991765,-0.44778604439039782],[100.29721567666223,-0.44796651674130317],[100.29711855797512,-0.44812355455832176],[100.29675489282408,-0.44871158796934196],[100.29660130300778,-0.4489900198734631],[100.29648868000862,-0.44924524387283782],[100.29647534126406,-0.44927611580004623],[100.29636837859783,-0.44952366858240111],[100.29625320062479,-0.44981240581785187],[100.29614314069346,-0.45008309635778687],[100.29599467881144,-0.45039246134297173],[100.2958820567116,-0.45065799696891418],[100.29557233109824,-0.4512896178215442],[100.29538547895675,-0.45171241339710377],[100.29524725315827,-0.45198826514626944],[100.29506550017277,-0.45228732569950125],[100.29506457477038,-0.45228864680353809],[100.29489398057279,-0.452532248864145],[100.2947224555769,-0.45274881640472131],[100.29453300619332,-0.45296538754257654],[100.29433587030422,-0.4531536039556272],[100.29408751982322,-0.45333409609162345],[100.29349094734943,-0.45366158691263081],[100.29319393635114,-0.45379310916462146],[100.29292252365559,-0.45388595966926459],[100.29262038202506,-0.45396592558694238],[100.29179588357323,-0.45414136713031894],[100.29156031515646,-0.45419554318971223],[100.29129658177192,-0.45427292535515562],[100.29098932389826,-0.45438640540822917],[100.29071279765753,-0.45451792406288405],[100.29041835782101,-0.45471389173269472],[100.29021610119219,-0.45490984231531684],[100.29001897879289,-0.45518054994238355],[100.28992427028891,-0.45538163655322705],[100.28968367915854,-0.45599520261646376],[100.28963249604294,-0.45616534895162886],[100.28957619398625,-0.45634580691341853],[100.2895045198178,-0.45648244540848282],[100.28938931576437,-0.45662424511277777],[100.28924850441501,-0.45676089529905539],[100.28919780063802,-0.45680151317924356],[100.28913585173825,-0.45685113956841406],[100.28900784043952,-0.45696974305911908],[100.28887727776424,-0.45714248034113325],[100.28877488635197,-0.45733325892268795],[100.28862131092484,-0.45769160368450912],[100.28857525844148,-0.45790814964135507],[100.28852665907812,-0.45820976336983676],[100.28849598140448,-0.45848559713255099],[100.28846787399323,-0.45882587541376552],[100.28845255763946,-0.45909139485195283],[100.28842701239677,-0.45943167133452789],[100.28839632842789,-0.45967141530354638],[100.2883297920863,-0.45990343139817469],[100.28821716998647,-0.46016381300950115],[100.28809173704411,-0.46038295081245906],[100.28795861759619,-0.46057889060324442],[100.2877768493222,-0.46078514921521219],[100.28764884162081,-0.46092437505978978],[100.28726802190175,-0.46134291954007267],[100.2871163314536,-0.46150963855893679],[100.2869268856673,-0.46175456711955576],[100.28677584632828,-0.46197371031843204],[100.28664017370511,-0.46220573990291314],[100.28648915145322,-0.46251252833047829],[100.28640725199313,-0.46275228219201381],[100.2863586544284,-0.46304874100655979],[100.28634335336312,-0.46340190657269886],[100.28634085414717,-0.46374475781425417],[100.28633066932497,-0.46406183268737777],[100.28628975646717,-0.46438149131273576],[100.28623363607352,-0.46467077263798728],[100.28622324080999,-0.46472435334618467],[100.28612087457878,-0.46505433438994714],[100.28599289295772,-0.4653353419524251],[100.28582394541883,-0.46564471233358518],[100.28564475280314,-0.46593861797276759],[100.28552443610391,-0.46613197760865432],[100.28540925273489,-0.46638462594967223],[100.28532735327479,-0.46661148982832401],[100.28523522672441,-0.46693115654761641],[100.28515844890336,-0.46715802042626819],[100.28506118632475,-0.4673951986294469],[100.28477706530936,-0.46800877458525747],[100.28471308214307,-0.46819181270194576],[100.28466702876045,-0.46840578120179543],[100.28465170611139,-0.46863005503297472],[100.28465431594401,-0.46890072668713856],[100.28465691858196,-0.46913530854760666],[100.28466721222213,-0.46941113511576305],[100.28466468782517,-0.46960962808179829],[100.28464423724182,-0.46980039137491758],[100.28457770179955,-0.47002725255561018],[100.28446763017706,-0.47023092201936834],[100.284303792586,-0.47047326862639238],[100.28411946304283,-0.47068468485025505],[100.28388136213522,-0.47090642259325932],[100.28363812699803,-0.47105598164819185],[100.28344608666765,-0.47110757395535074],[100.28323867782279,-0.47113339079328398],[100.28299285713473,-0.47114890319926417],[100.28277520321313,-0.4711618327523297],[100.28255244024297,-0.471241786978851],[100.28250058983042,-0.47127659883591377],[100.28233737097293,-0.47138618482449601],[100.28215303333587,-0.47155120142673468],[100.28197380924394,-0.47167496972400613],[100.28175361114029,-0.47177812376133943],[100.28154620859073,-0.47184518620633753],[100.28133623667804,-0.47185553740308706],[100.28115442613591,-0.47183494742483845],[100.28096492459167,-0.47177053708060157],[100.28077797442404,-0.47164683533316065],[100.28059250993647,-0.47149752539041856],[100.28057309087552,-0.47148189157599063],[100.28036308298994,-0.4713014821776369],[100.28032585645315,-0.4712770017321759],[100.28010442358033,-0.47113139339904819],[100.27984833713111,-0.47101801586870806],[100.27965372024306,-0.47098196204785836],[100.27955385322781,-0.47097682512031724],[100.27908780206047,-0.47092277676466665],[100.27903924406593,-0.4709098633994131],[100.27886501300998,-0.47086352762966044],[100.27862429327655,-0.47076561394186456],[100.27834259773277,-0.47064708599418736],[100.27806091657811,-0.47060331419152135],[100.27779204626597,-0.47060078619728074],[100.27747708659831,-0.47061888865073342],[100.27713653042662,-0.47068597537742107],[100.27676782367621,-0.47084586854197141],[100.27649130373072,-0.47102379131484895],[100.27626343890665,-0.47121717163508947],[100.27620188930581,-0.47127776435729629],[100.27603558037777,-0.47144148503645056],[100.27577187217423,-0.47166580563236948],[100.275515838785,-0.47185145807827666],[100.2752879613704,-0.47197265791180598],[100.2751901735877,-0.47200024191755574],[100.2749678944528,-0.4720629417512896],[100.27459917061532,-0.47213776714420419],[100.27444671214613,-0.47218862020861252],[100.27421253318192,-0.47226673082491288],[100.27393088440283,-0.47240856380415153],[100.27366973207256,-0.47260452787662643],[100.27353097567402,-0.47274714596397871],[100.27342139328272,-0.47285977975496962],[100.27318329507307,-0.47310471910742535],[100.27298871505724,-0.47327747077861204],[100.27274805288039,-0.47349920942093604],[100.27255858910769,-0.47364360366930214],[100.27204906291399,-0.47390921573764899],[100.27185326971266,-0.47397812089349145],[100.27177850277576,-0.4740063641023653],[100.27171619684509,-0.47402519860401071],[100.27163519310972,-0.47404402681036117],[100.27156042257548,-0.47405658674205142],[100.27147319193432,-0.4740691475730614],[100.27137973258863,-0.47407857156878208],[100.271343265979,-0.47408111215355575],[100.27128938309863,-0.4740848659237713],[100.27120526770898,-0.47408488211158328],[100.27099029286779,-0.474066098871333],[100.27063512900804,-0.47405048933853777],[100.27030488446292,-0.4740599574010389],[100.2702581547901,-0.47406310412890207],[100.27017404029976,-0.47406938859137426],[100.27005253199883,-0.47408509435155111],[100.26995907625042,-0.47411020342309484],[100.26985626845209,-0.47414158166861853],[100.2697846194647,-0.47416668534418704],[100.26971607943358,-0.47419492765374116],[100.26966312915016,-0.4742294355399963],[100.26961951382958,-0.47426395062075244],[100.26955721509347,-0.4743266900246681],[100.2694855759986,-0.4744051064104724],[100.26942016201093,-0.47448038955826632],[100.26920340201548,-0.47472550697654015],[100.26917848629819,-0.47476942536866318],[100.26915979658742,-0.47481647340146083],[100.26914734727234,-0.47487920201353973],[100.26911934777974,-0.47510916855321739],[100.2690882294383,-0.47528481154478186],[100.26904231185324,-0.47541362234073858],[100.2689893561739,-0.47556217955087732],[100.26879992207881,-0.47586640041402006],[100.26875031727337,-0.47594331852928917],[100.26863864485762,-0.47611648208993529],[100.26841592145769,-0.47641555253568413],[100.26825720100908,-0.47664758841540333],[100.26816382619967,-0.47678483755015577],[100.26795225619173,-0.47709582041574095],[100.26783948030783,-0.47725251019511461],[100.26776429428679,-0.47734715394796012],[100.26768179767686,-0.47745442598090904],[100.26756379673191,-0.47758588168306915],[100.26746354300815,-0.47768158753518719],[100.26738208781319,-0.47773523209525592],[100.26729853360052,-0.47776468938883454],[100.26724212812178,-0.47777100442829123],[100.26715021291204,-0.4777689215983969],[100.26705411405618,-0.47773739136749782],[100.26697576511953,-0.47768062975723069],[100.26694756777607,-0.47764733235845824],[100.26689741798151,-0.47758811290105996],[100.26683055158873,-0.47748928100548937],[100.26675950604641,-0.47737152737403221],[100.26668532546745,-0.47726113559286887],[100.26661428532105,-0.47718123532570189],[100.2665547421077,-0.47713077616435839],[100.26650042395545,-0.47710239356058537],[100.26643252424168,-0.47709504340150488],[100.2663406117299,-0.47711294260818704],[100.26625915563557,-0.4771644773587127],[100.26617561671139,-0.47727174039846432],[100.26612967844198,-0.47738005564502828],[100.26611820489131,-0.47747890282903427],[100.26611405002348,-0.4776029750971702],[100.26611405362075,-0.4776261290425623],[100.26611407430516,-0.47773546681827384],[100.2661193191513,-0.47787110616656037],[100.2661235189853,-0.47798782287969743],[100.26612597593311,-0.47809247518750908],[100.26612667920296,-0.47812241361845054],[100.26612669629009,-0.47821704298212353],[100.26612357744119,-0.47830431858938027],[100.26610166096293,-0.47839369861026171],[100.26605467858059,-0.47848728655895911],[100.26600873041866,-0.47853356207417619],[100.26593771005736,-0.47856722279902897],[100.26584788037542,-0.47857039560722114],[100.26574552043945,-0.47854307959937614],[100.26562225126594,-0.47846633775122882],[100.26549376962186,-0.47837383078763196],[100.26540602097117,-0.47831391435562409],[100.265306782582,-0.47826556860104574],[100.26520128671007,-0.47823298976061324],[100.26513652203295,-0.47822459009273643],[100.26506131802546,-0.47822249557168561],[100.26474380518255,-0.47828670266915196],[100.26458505235831,-0.47833720409863645],[100.26443987569974,-0.47839084955802491],[100.26428530112582,-0.47844450670856986],[100.26415789057427,-0.47851287586848912],[100.26414268483711,-0.47824772155507844],[100.26414622996458,-0.47813087533955922],[100.26416228286314,-0.47801581967428319],[100.26417903183693,-0.4779714777014874],[100.2642006569348,-0.47791423675255373],[100.26426403485738,-0.47781175271018128],[100.26433404258205,-0.47771596142246153],[100.26434615375206,-0.47769938871579143],[100.26442381920396,-0.47760139768632826],[100.26447599157382,-0.47754009000311726],[100.26450415384369,-0.47750699764975479],[100.26453389172576,-0.47747244569677605],[100.26442808288976,-0.4773842500830483],[100.26382224110358,-0.47763584261997494],[100.26355316664541,-0.47901347179424647],[100.26280490192477,-0.47847403235067532],[100.26242000108226,-0.47815999538744336],[100.26163738945399,-0.47725899970305363],[100.25999913944878,-0.47580436068267318],[100.25717080578812,-0.47492205560831735],[100.25499497433867,-0.47498087037081405],[100.25419360914782,-0.47502015185847313],[100.25278440297785,-0.47486429395195273],[100.25096051671454,-0.47441384332415737],[100.2506043887816,-0.47432588872874248],[100.24864255640892,-0.47432847158165714],[100.24737009395471,-0.47387763514467451],[100.24489214875371,-0.47310461658474878],[100.24457797419421,-0.47278887180891616],[100.24436780802796,-0.4724646383323261],[100.24433546930652,-0.47239968120027243],[100.24428774138619,-0.47233794903706894],[100.24432196059007,-0.4722352581505902],[100.24433657367399,-0.4721914063082977],[100.24435619688103,-0.47211977530736249],[100.24438753016045,-0.47200540132814695],[100.2445440544646,-0.47128353170955961],[100.24460775614307,-0.47098974657950521],[100.24468961243571,-0.47061223636558225],[100.24457126345311,-0.4697277423413766],[100.2442782760217,-0.4693320793119824],[100.24410867827294,-0.46898613440254167],[100.24409959242229,-0.46896759937516208],[100.24402338207346,-0.46876641383886408],[100.24390183779963,-0.46833005109095893],[100.24382791442679,-0.46800119959561925],[100.24379213040254,-0.46771092092222943],[100.24380587833866,-0.46730057556106885],[100.24380633339564,-0.4672869814090177],[100.24383243172139,-0.46701926582642272],[100.24387560187756,-0.46690336299974433],[100.24391616759709,-0.46684804390207546],[100.24394758361416,-0.46681774664165232],[100.24399993135182,-0.46677954883705297],[100.24405097057587,-0.46675583191608894],[100.24412426532263,-0.46673080018621249],[100.24420933938956,-0.46670838908084988],[100.24428917580485,-0.46668862018361779],[100.2443742507711,-0.46666753917554615],[100.24442791511626,-0.46665435961097046],[100.24443734720586,-0.46665306368788606],[100.24448550680074,-0.466646443778302],[100.24454571371376,-0.46664247956675808],[100.2445954534175,-0.46663720684159671],[100.24465173478978,-0.46663719694902284],[100.24469492742901,-0.4666424525870525],[100.24473288871189,-0.46664772081561523],[100.24480619065321,-0.4666687739447184],[100.24485855008209,-0.46668983966429778],[100.24491221982316,-0.46670826407506638],[100.24497112002121,-0.46673328141577031],[100.24501824989238,-0.46675434803466942],[100.24506014031329,-0.46677014282778373],[100.24508631418212,-0.46677672316718599],[100.24510464416403,-0.46677803078142688],[100.24512296335416,-0.46677407466376053],[100.24514129243676,-0.46676748712980043],[100.24516353536893,-0.46675168064547279],[100.24518186175357,-0.46673587595984145],[100.24519493969478,-0.46671085502191545],[100.24520148406128,-0.46667923935535782],[100.24520147416877,-0.46662524136172578],[100.2451714197253,-0.46647305268919581],[100.24514897444567,-0.46639736934309894],[100.24510463157355,-0.46624785795222579],[100.24490640210882,-0.46581080542426889],[100.24473334826547,-0.46542620585466921],[100.24470392874338,-0.46536082514194277],[100.24462616616472,-0.46513613582396829],[100.24458153461018,-0.46500717753917797],[100.24456191320178,-0.46495048068010192],[100.24454538006529,-0.46487092934984275],[100.24451698217302,-0.46473429355273765],[100.24450534404644,-0.4646782972655501],[100.24449443257208,-0.46462579754245326],[100.24439134508458,-0.4643121823612546],[100.24421892076663,-0.46389938634757755],[100.24427511670331,-0.46318497930332114],[100.24427822116303,-0.46314551705194162],[100.24450781178615,-0.46246299906812283],[100.24459524657345,-0.46227758494256932],[100.24465581591323,-0.46213609190704119],[100.24478076502032,-0.46184419895058682],[100.24484943635247,-0.4616821609029671],[100.24485623342849,-0.46166612239358074],[100.24485765795458,-0.46165990358161935],[100.24487330076226,-0.46159164054171242],[100.24487470730196,-0.46151429614781136],[100.24486188027163,-0.46143122756905086],[100.24483766782419,-0.46133956866611925],[100.24480206546303,-0.4612608006453911],[100.24476190443841,-0.4611869663053767],[100.24476077578925,-0.46118489156941678],[100.24470089982674,-0.46113024156733218],[100.24458173066239,-0.46106866138956093],[100.24453469701871,-0.4610443581105983],[100.24443997232692,-0.46099540981026621],[100.24434662899381,-0.46094717557167542],[100.24431065970924,-0.46093057138870108],[100.24399352098425,-0.46078417255148452],[100.24387947435832,-0.46071965608723531],[100.24381137859228,-0.46068113542600031],[100.24368906090149,-0.46059244158783486],[100.2436220659057,-0.4605202368194341],[100.24358218906684,-0.46045444871379004],[100.2435630398025,-0.46039186938924104],[100.24355664922007,-0.46032447419509026],[100.24355663123362,-0.46022017442146534],[100.24355502234647,-0.46011586655396286],[100.24356456775064,-0.46002921237817418],[100.24356556959543,-0.46002607554288488],[100.24359650987111,-0.45992928420906765],[100.24361722935168,-0.45988114260057955],[100.24365390460406,-0.45982336475640295],[100.24368336729361,-0.45980044913136453],[100.24372406701212,-0.45976879209604249],[100.24399036166591,-0.45956174657732163],[100.24405456426678,-0.45951357439190588],[100.24416450278966,-0.45943108587584902],[100.24421772916492,-0.45937653839649784],[100.24423043838408,-0.45936351531395303],[100.24425220557487,-0.45934120673126699],[100.2442769342332,-0.45931341138475545],[100.24409439164293,-0.45873018574940261],[100.24323543836482,-0.45793111742710835],[100.24223342543229,-0.45723010488541149],[100.24076357078224,-0.45620179038024844],[100.23980856990966,-0.45553366694514352],[100.23966087784731,-0.45543179983764048],[100.23851046058934,-0.45463832799640613],[100.23723596746601,-0.45375927666924554],[100.23659143144948,-0.45307741159319903],[100.23626870074003,-0.45273599117302865],[100.2352078325755,-0.45171977794535678],[100.23419277767459,-0.45172920373971692],[100.23075508767721,-0.45177550263730382],[100.22901177437393,-0.45175021280203964],[100.22814644939916,-0.45158404776555017],[100.2272047468017,-0.45123879173678461],[100.22588994696355,-0.45093867178223945],[100.22474463695551,-0.45055507135941752],[100.2243111106693,-0.45034166673445952],[100.22375200485118,-0.45003071714381804],[100.2229756893766,-0.449455152832968],[100.22221206513478,-0.44868768668732173],[100.22167579130479,-0.44804161193081882],[100.22110296812752,-0.44683914371148603],[100.220989366666,-0.44662386040278079],[100.22035042713054,-0.44541301409930156],[100.21990240557164,-0.44446464842474143],[100.21975214684414,-0.4441465815993979],[100.21942111809017,-0.44303362470196817],[100.21907714269605,-0.44214484900550133],[100.21872073237597,-0.44145407254734437],[100.21832611795605,-0.44057140414690821],[100.21796850704101,-0.4395158042109415],[100.2174465971828,-0.43836449662416044],[100.21691197270945,-0.4372771578145489],[100.21585538441849,-0.43490577418208431],[100.21514123458036,-0.43345336907765386],[100.2148866068315,-0.43264743353216772],[100.21484901786795,-0.43194410703483754],[100.21484831819538,-0.43193101830178193],[100.21493720628712,-0.43075402337944979],[100.21515277827814,-0.42974333288844946],[100.21529021896851,-0.4293962467393726],[100.21553479319618,-0.4287786103445228],[100.21650231443033,-0.42756900690409338],[100.21704935404449,-0.42671177133115634],[100.21740548557477,-0.42567546095369835],[100.21755821923648,-0.4249274111710406],[100.21755806904969,-0.42396791638617515],[100.21749031412674,-0.42319164497837392],[100.21740509436967,-0.42221526632141604],[100.21732674813097,-0.42149008809701627],[100.21725474571002,-0.42082362301175635],[100.21718050757443,-0.41969017686011512],[100.21689207161188,-0.41849705439551599],[100.21649560638718,-0.41777361276194824],[100.21632523971812,-0.41758449612757431],[100.21594415290042,-0.41716146672825971],[100.21553601807284,-0.41665852806858084],[100.21499761644691,-0.41599506222229365],[100.21400791523314,-0.4152819753828112],[100.2128845684681,-0.41522630375084191],[100.21117943678166,-0.41551497623510159],[100.2094744570806,-0.41565516975020955],[100.2071431958019,-0.41611030674522453],[100.20460317759461,-0.41670540702887138],[100.20342777806957,-0.41679444440802627],[100.19941299581319,-0.4170947055561669],[100.19676845120313,-0.416815248424939],[100.19370636935355,-0.416675783360688],[100.18949593508938,-0.41604672917316066],[100.18917623959186,-0.41598113891836874],[100.18595655065434,-0.41532057338571349],[100.18455471712656,-0.41503296569874237],[100.18011168760438,-0.41400760007064719],[100.17967885109817,-0.41390770967302615],[100.17864456959126,-0.41395968599067601],[100.17753501213116,-0.41310052227123606],[100.17720555629143,-0.41276944405456106],[100.17675927042404,-0.41232031902745803],[100.17587572968125,-0.41136503486842457],[100.17469104645471,-0.41008415296124667],[100.17458990060351,-0.41000902089956526],[100.17410446814677,-0.40964843232922021],[100.17302041635918,-0.40884317667121195],[100.17301487473674,-0.40883906137355552],[100.17298412871463,-0.40881622219086466],[100.17285952045057,-0.40869766906212135],[100.17004849334336,-0.40602324807440482],[100.17001249797846,-0.40598900189087317],[100.168951437359,-0.40497950390096094],[100.16590248920858,-0.40173914584488557],[100.16487239944172,-0.40064438762834698],[100.16353183222833,-0.39937554224741234],[100.16195512103207,-0.39818615556657733],[100.1580916524079,-0.39438000703165699],[100.15788333344915,-0.39395277779840399],[100.15695760281119,-0.39206345686301347],[100.15601413394518,-0.39013793191998047],[100.15582335176634,-0.38974856594353469],[100.15533113392473,-0.38613236501657866],[100.15520558676849,-0.38332005187885443],[100.15516145523702,-0.38233147481764718],[100.15509392514457,-0.38081877826397204],[100.15511938585104,-0.3806606576631566],[100.15550358881961,-0.37827465555085382],[100.15605311865659,-0.37486193523005795],[100.15656649484794,-0.37235622256156375],[100.15690100757547,-0.37072351507811163],[100.15754722172699,-0.36756944427440885],[100.15755713225593,-0.36752124780730355],[100.15800271845075,-0.36535426029081464],[100.15810588238065,-0.36262172421317018],[100.15794953074629,-0.3622221707165636],[100.15743734885461,-0.3609132938134394],[100.1574273160179,-0.36090142186310459],[100.1563931298391,-0.35967760553700145],[100.1544549874078,-0.35605501492693747],[100.15314373269717,-0.35360587591037529],[100.15295481930951,-0.35292548212527208],[100.1527873880276,-0.35232246241167786],[100.15265493407799,-0.35184541793165636],[100.15170701986312,-0.34958669866716718],[100.15107658701493,-0.34808448281256688],[100.14894899969664,-0.34722700082539859],[100.14665199809127,-0.34668399916716908],[100.14552500007875,-0.34704999985757468],[100.14440223877239,-0.34741883790900374],[100.14231141483998,-0.34786381076622774],[100.14189132442516,-0.3478223879927782],[100.14167117308625,-0.34786087897634843],[100.14164470873635,-0.34785268525320134],[100.14141953558317,-0.34780462638235576],[100.1412535063443,-0.3477840409007058],[100.14097375963138,-0.34774972906672019],[100.14041652080584,-0.34760097130771328],[100.13998893184379,-0.34748425459463306],[100.1398761523626,-0.34744679333482509],[100.13975466294738,-0.3474064380566233],[100.13957270941307,-0.34736753698217626],[100.13945216428601,-0.34736067695365591],[100.13931798183944,-0.34737672175828038],[100.13914513124286,-0.3474156660001313],[100.13900868070613,-0.34747521101212442],[100.1388517553043,-0.34754620978969797],[100.13868118808642,-0.34759660509917012],[100.13849240959706,-0.3476012051314683],[100.13834684982731,-0.34758519540042698],[100.13820128286295,-0.34751652856488136],[100.13802159292226,-0.34740206195556311],[100.13789756562022,-0.34732677161315451],[100.13787830573926,-0.34731508042659698],[100.13775093475789,-0.34725785476615556],[100.1374961909965,-0.34712279098397403],[100.13723234159937,-0.34697399725212108],[100.13702080666496,-0.34683664829265126],[100.13685476663426,-0.34672676642708211],[100.13662049324125,-0.34661459308892972],[100.13638850142826,-0.34649098666966438],[100.13617696559453,-0.34636508068388139],[100.13616246762382,-0.34635143077383646],[100.13603593840787,-0.34623230028040552],[100.13592220384669,-0.34607890201965574],[100.13575614493021,-0.34581103894822718],[100.13553775446388,-0.34537831755528714],[100.13538306387733,-0.34512647410747377],[100.13519653639111,-0.34486319038387592],[100.13501456037375,-0.34463195400144286],[100.13484395988093,-0.34440301358813485],[100.13471429562833,-0.34418093500210034],[100.13458234799702,-0.34394511567450081],[100.13443904732424,-0.34374135537922257],[100.13421385258727,-0.34352157635959202],[100.13359971725322,-0.34304540242334269],[100.13333586965473,-0.34281875258329819],[100.13315162105056,-0.34259439241725431],[100.13296281738019,-0.3423768958770097],[100.13281041826627,-0.34220519371467617],[100.13263754968324,-0.34202433105798491],[100.13247832381563,-0.3418686494185863],[100.13232137233354,-0.34172213007218488],[100.13231000400356,-0.34170306084752156],[100.13223265331436,-0.34157331475660158],[100.13219397257382,-0.34141991559658891],[100.13218258805603,-0.34126421687005859],[100.13217119994096,-0.34115202554551161],[100.13210977714454,-0.34099862998272101],[100.13202106621929,-0.34091392014124722],[100.13189824221018,-0.34086355990530137],[100.13174812917288,-0.3407994724176433],[100.13161392784053,-0.34073079658895722],[100.13147745931735,-0.34062778374516256],[100.13132733818617,-0.34049728402237633],[100.13128156089539,-0.34043873186192286],[100.13110896660561,-0.34021797437998202],[100.13094062431043,-0.33994094721691681],[100.13083977523547,-0.33975179011298451],[100.13079048609211,-0.33965934160528377],[100.13063807528698,-0.33938688929345062],[100.13050385686756,-0.33916938735728763],[100.13037192182679,-0.33895875084562022],[100.13024680544578,-0.33873895833619372],[100.13014216213116,-0.33856953865324613],[100.13002615858039,-0.3384413322016826],[100.12989650691833,-0.33832228984175572],[100.12968951715754,-0.33810021755095931],[100.12944156057961,-0.33769268257117346],[100.12932326645563,-0.33748662990399225],[100.12920270693945,-0.33728744356062634],[100.12910716746188,-0.33712717627810207],[100.12900252504653,-0.33695317994522611],[100.12892062558649,-0.33681351703012297],[100.12883191196323,-0.33669675894822149],[100.12878991362368,-0.33665272814084801],[100.12872272977023,-0.33658229054020694],[100.12862265591087,-0.33653192760630191],[100.12852030406884,-0.33651362280539843],[100.12845208059912,-0.33652737074152128],[100.12835088978181,-0.33656457479526125],[100.12830880240938,-0.33658005032901883],[100.12815869566731,-0.33665791363176822],[100.12798131158831,-0.33674723159941777],[100.12786304174602,-0.33675640018765307],[100.12773112918831,-0.3367472612770257],[100.12762422497804,-0.33667858185100386],[100.12753096618121,-0.33658014116053891],[100.12749214424713,-0.33651908708617384],[100.12745817325617,-0.33646566016204815],[100.12735580612559,-0.33631684574578458],[100.1272329830158,-0.33618863929422105],[100.12707603872826,-0.33610852318975049],[100.12692820457306,-0.33609251166001286],[100.1267803767131,-0.33614061459763889],[100.12667121790247,-0.33622991637747646],[100.12655750942156,-0.33637189055025374],[100.12642334945809,-0.33657797289509972],[100.12630054973067,-0.33674742765163046],[100.12623540823756,-0.33681536423762282],[100.1262238609425,-0.3368274061598413],[100.12617320033297,-0.33688023953135371],[100.12605722286258,-0.33698786859520169],[100.12592532469404,-0.33709321068306508],[100.12577294626453,-0.33718251695955814],[100.12565695980089,-0.33721001103310755],[100.12550912744433,-0.33721231689486331],[100.12539995784186,-0.33721461825996357],[100.12530215656932,-0.33722836979336535],[100.12522255757506,-0.33723983075356045],[100.12514417806142,-0.3372475082658184],[100.1250588054196,-0.33725586926288997],[100.12495418278934,-0.3372558809541033],[100.12474427023193,-0.33725191674250254],[100.12460274841817,-0.33727177017601662],[100.12447914559613,-0.33733130439611614],[100.12431255068373,-0.33740165296387659],[100.12420865920234,-0.33743232973819204],[100.12410296278159,-0.33747562490009386],[100.1239829464559,-0.33754596807193593],[100.1238826369742,-0.337627136383162],[100.12375366430024,-0.33771371681450546],[100.12358886443462,-0.33775882860697948],[100.12345271157346,-0.33775703535883395],[100.12327177157505,-0.33771558200845675],[100.12308008827551,-0.33768313986496423],[100.12297619229747,-0.33767954257677957],[100.12289199686825,-0.33771562697455693],[100.12277735489107,-0.33779137866912379],[100.12266093045764,-0.33791042282769013],[100.12254629297712,-0.33803667595179832],[100.12238866610414,-0.3381863797975484],[100.12223640278779,-0.33826395441792556],[100.12209309222249,-0.33828921727348416],[100.12197127185675,-0.33829103120609716],[100.12183513158612,-0.3383235120203949],[100.12167749661921,-0.33840648706967613],[100.12164530538661,-0.33844008214401811],[100.1215789776877,-0.33850930116324207],[100.1215001656002,-0.33857243087294364],[100.12140163767549,-0.33859046857520525],[100.12127265241105,-0.33855802912967192],[100.12121216490954,-0.33851261066837424],[100.12115977940039,-0.33847327612073741],[100.12103078334405,-0.33835786971985726],[100.12088388358444,-0.33827493064347891],[100.12079072641097,-0.338273131999415],[100.12067786778942,-0.33831101863853519],[100.12060980439901,-0.33838316495103982],[100.12045099042092,-0.33864357624003105],[100.12040741556984,-0.3387150255779261],[100.12031785658388,-0.33883586658191689],[100.1201978456541,-0.33894950221770159],[100.12008498703261,-0.33898558931343814],[100.1199775054576,-0.33897297362381096],[100.11986821894322,-0.33890084799571696],[100.11971593314388,-0.33878003487063779],[100.11955111259385,-0.33866463296641314],[100.1193182124656,-0.33854202029795033],[100.11917309246428,-0.33845727987949203],[100.11901185571264,-0.33831843085084756],[100.1188577721685,-0.33819039976708609],[100.11870728501327,-0.33808762254568592],[100.11854784600632,-0.33802993103643075],[100.11838481510716,-0.33799748529565932],[100.11790830932108,-0.33804804158381785],[100.11769154842625,-0.33810577805917319],[100.11749808806638,-0.33817973920355371],[100.11735119729997,-0.33824828552991448],[100.11721506242526,-0.33832224757361473],[100.11707532936305,-0.33836373869553427],[100.11695530584274,-0.33836556162134457],[100.1168406521744,-0.33834031855082003],[100.11670270246782,-0.3382609875544631],[100.11657370821013,-0.33816000897718368],[100.11645188334779,-0.33804821065632495],[100.11629960024641,-0.33794723477700472],[100.11613477879706,-0.3378949517905312],[100.11595205364443,-0.33787513612855946],[100.11581053722659,-0.33787515231637144],[100.11567438706339,-0.33790041427266715],[100.11554361934265,-0.33792567532958628],[100.11540209662951,-0.33794552876310036],[100.1152301210733,-0.3379581768283515],[100.1151530914421,-0.33795277639944743],[100.11504380942432,-0.33791852392067767],[100.11493989545988,-0.33784097897796528],[100.11486285503679,-0.33775082194284778],[100.11483479439033,-0.33770845757919687],[100.11478759976796,-0.33763720879011316],[100.11466934701281,-0.33741359775928004],[100.11457258175932,-0.3372188297851153],[100.11449195843721,-0.33705833407481123],[100.11438803637884,-0.33691766931491429],[100.11423037173432,-0.33674275477426363],[100.11408167243133,-0.33662915061478316],[100.11394551057691,-0.33655883622128613],[100.11382548525802,-0.33654622322956129],[100.11370546443567,-0.33657509236655869],[100.1135245397258,-0.33665987865043689],[100.11332569782275,-0.3367482694170576],[100.11315266376448,-0.3367968391028171],[100.11310715806894,-0.33680961307311463],[100.11286173038462,-0.3368348876199434],[100.11232789371741,-0.33684396807461781],[100.11217740926008,-0.3368421847189893],[100.11203768519107,-0.33687826641880747],[100.11192303871735,-0.33692337101672365],[100.11183169008046,-0.33703158553919366],[100.1117690046359,-0.33715423238186304],[100.11175843040729,-0.33717994489848024],[100.11169557139357,-0.33733278288156043],[100.11162034580235,-0.33747706921133158],[100.11153616386292,-0.3375636451460764],[100.11150261645264,-0.33758597441311622],[100.11143047913339,-0.33763398741854189],[100.11128000366932,-0.33770975170364181],[100.11110087760346,-0.33781256669652748],[100.11100970073716,-0.33785640325038457],[100.11083973426639,-0.33791605078505427],[100.11055311133708,-0.33796116707412693],[100.11035586033472,-0.33795980370194911],[100.11029693405629,-0.33795939720835122],[100.10999776918175,-0.33794139457967276],[100.10977383979093,-0.33793961122404426],[100.10952662065705,-0.33793963910301272],[100.10929731691772,-0.33792523825911758],[100.10905905143414,-0.33787297235971891],[100.10887094293975,-0.33777560006382146],[100.10871865983836,-0.33768364258600059],[100.1085377180413,-0.3376187430105233],[100.10838044370257,-0.33760505353035342],[100.10835140729165,-0.33760252733469542],[100.10816688799156,-0.33760976687716493],[100.10796087939116,-0.33764766430823556],[100.10773875493965,-0.33771982860713479],[100.10759440745602,-0.3377529803157131],[100.10733437298296,-0.33781269979618855],[100.10718880242138,-0.33784613209326153],[100.10692008229603,-0.3378479631129494],[100.106730190446,-0.3377902734023337],[100.10654565765606,-0.33767487239737193],[100.10647040058859,-0.33754143189150909],[100.10646680330041,-0.33743755210127802],[100.10646678801191,-0.33730542280699183],[100.10647572817237,-0.33713950778201252],[100.10647572097781,-0.33707604532315827],[100.10647571468257,-0.33702227665668261],[100.10642913159921,-0.33692128638818986],[100.10633596543249,-0.33684735941807276],[100.10625176011069,-0.33680047596112672],[100.10609948420387,-0.3366904807809874],[100.10598302379759,-0.33658590041892467],[100.10590060902592,-0.33647950432560947],[100.1058092361074,-0.33638393067383277],[100.10572144518858,-0.33633524857282282],[100.10568129135856,-0.33633337168771504],[100.10564441465806,-0.33633164768735924],[100.10556559807395,-0.33634969438281814],[100.10551186358168,-0.33640560253650165],[100.10535603984943,-0.33670139315472625],[100.10524140416754,-0.33684568398109604],[100.10511421934581,-0.33693406485514288],[100.10494045683669,-0.33695031290659472],[100.10479354808382,-0.33687278055435854],[100.10467709397278,-0.33673934454509435],[100.10459645985878,-0.33657703939877592],[100.1044745720439,-0.33598370538362587],[100.10440109203682,-0.33567893053816533],[100.10437549643206,-0.33564159968005924],[100.104313301118,-0.33555089136052629],[100.10422909759484,-0.33551844561969801],[100.10414132286382,-0.33553829275797398],[100.10410190288059,-0.33557666233303962],[100.10403384488609,-0.33564290819361986],[100.10393719744377,-0.33576836991431946],[100.10388517885798,-0.33583589640943501],[100.10374367143334,-0.33599641730074836],[100.10361828345708,-0.33608479817485204],[100.10350721808373,-0.33610104712556677],[100.10340510815928,-0.33608482155722186],[100.10330298294639,-0.33600909504366427],[100.10320802622948,-0.33592613888015421],[100.1031041239562,-0.33587204915568236],[100.10297871259758,-0.33582878007410955],[100.10280494469248,-0.33580535363410036],[100.10263833988756,-0.33579635411837216],[100.10242694614669,-0.33573325768367113],[100.10221554790928,-0.33562687777811107],[100.10197547568771,-0.33550066422424152],[100.10181244658719,-0.33541050718912402],[100.10177209760428,-0.33539355406924187],[100.10163123679223,-0.33533436968536989],[100.10162792638778,-0.33533297933348649],[100.10145414589221,-0.33527889770289221],[100.10143194792613,-0.33527736615747017],[100.10130493217696,-0.33526860136481673],[100.10130001558332,-0.33526826321974568],[100.10129536608832,-0.33526794216174949],[100.10129561969717,-0.33526180338947142],[100.1013928184239,-0.33351376504816699],[100.1014354435909,-0.33274716405031768],[100.10146460770557,-0.33222265874866252],[100.10145251362269,-0.33204177540756064],[100.10135810729088,-0.33062981011761394],[100.10122060994325,-0.3285733690656798],[100.1012139711479,-0.32847407941517304],[100.10162033071373,-0.32638162501194756],[100.10183297541153,-0.3252866653472779],[100.10223332840542,-0.32447451728512533],[100.10251049046684,-0.32391227193375016],[100.1025347937458,-0.32286333507482823],[100.10255198698468,-0.32212133053491243]]]]},"properties":{"OBJECTID":270,"nama_kawasan":"Kawasan Perkotaan Padang-Pariaman","delineasi_asal":"Kota Padang,Kota Pariaman,Padang Pariaman","Shape_Length":3.3378947674759103,"Shape_Area":0.17072968524334872}}]}