{"type":"FeatureCollection","features":[{"type":"Feature","id":287,"geometry":{"type":"Polygon","coordinates":[[[102.47513386083909,-1.6501163598820767],[102.47513695720488,-1.6501081400785438],[102.47514264002086,-1.6500914918288458],[102.47514781382063,-1.6500749164242166],[102.47515021860778,-1.6500667029159786],[102.47515249299323,-1.6500584606293955],[102.47515458211831,-1.6500501841686059],[102.47515642033261,-1.650041860043757],[102.47515791410649,-1.6500334783622748],[102.47515895192413,-1.6500253826652056],[102.47515966958315,-1.6500172402033968],[102.47516015341841,-1.6500090653660209],[102.47516063725368,-1.6499918433488574],[102.47516061207267,-1.6499828339406122],[102.47516031799432,-1.6499738802903039],[102.47515978919296,-1.649966850289843],[102.47515965069738,-1.649965012974917],[102.47515846179363,-1.6499562922490441],[102.475157080435,-1.6499496768360586],[102.47515526560306,-1.6499432188044807],[102.47515299391557,-1.6499369604223375],[102.4751497590542,-1.6499300248507325],[102.47514588297616,-1.6499234696923395],[102.47514136118491,-1.6499173695908667],[102.47513631329031,-1.6499119205985835],[102.47513073659428,-1.6499069257639576],[102.4751247417135,-1.6499023401208319],[102.47511842397614,-1.6498981627699436],[102.47511839519785,-1.6498981438841724],[102.47511174111401,-1.6498943523424145],[102.4751042704458,-1.6498907343698761],[102.47509656235655,-1.6498874923138942],[102.47508868789271,-1.6498845281483909],[102.47508070640953,-1.6498817627331164],[102.47506577226761,-1.6498770188093204],[102.475051905621,-1.6498731823014623],[102.47504490619752,-1.6498715788102913],[102.4750370236398,-1.6498701210092577],[102.47502908442476,-1.6498689563871949],[102.47502263898366,-1.6498681973593534],[102.47502110294158,-1.6498680156963133],[102.47501309088148,-1.6498672539705694],[102.47499702089584,-1.6498661460057633],[102.47498092213192,-1.6498655551512229],[102.47497222029182,-1.6498654868027529],[102.47496352564627,-1.6498656091105204],[102.47495485168514,-1.6498659490542309],[102.47494620830093,-1.6498665516000415],[102.47493828617303,-1.649867385271591],[102.47493040991054,-1.6498684833437665],[102.47492258670809,-1.6498698476153209],[102.47491483725003,-1.6498715005692475],[102.47490717862348,-1.6498734943662043],[102.47489869891587,-1.64987618783573],[102.47489035680456,-1.6498793003893297],[102.47488214959156,-1.6498827618798941],[102.47487409346468,-1.6498865507236928],[102.47486621090695,-1.6498906786118823],[102.47485977176115,-1.6498944179929254],[102.47485349179527,-1.6498984028889367],[102.47484738359992,-1.6499026306019005],[102.47484147145678,-1.6499071173195716],[102.47483579583536,-1.6499118909209756],[102.47483031806479,-1.6499170431370089],[102.47482505793016,-1.6499224507604708],[102.47481995157955,-1.649928046342211],[102.47481264998385,-1.649936507164],[102.47481000957436,-1.6499395657583023],[102.47480138507592,-1.6499497074130431],[102.47474032110898,-1.6500214975939684],[102.47472952474783,-1.6500337013941362],[102.47472393096473,-1.6500396027454372],[102.47472023924769,-1.6500432485970009],[102.47471842081853,-1.6500450427444662],[102.47471791270158,-1.6500455166872143],[102.47471276138486,-1.6500503289594803],[102.47471055624726,-1.6500522912801898],[102.47470697424751,-1.6500554766788582],[102.47469508880738,-1.6500654213820667],[102.47468281126277,-1.650074859766903],[102.47467596922064,-1.6500797188039087],[102.47466900846803,-1.6500843880839966],[102.47466193260215,-1.6500888496206585],[102.47465473802578,-1.6500930800315814],[102.47464741034975,-1.6500970199614358],[102.47463991809781,-1.6501005929679309],[102.47463219472007,-1.6501037450917124],[102.47462431486031,-1.6501065132049462],[102.47461631269272,-1.6501089656562158],[102.4746082169957,-1.6501111402168931],[102.47460004215827,-1.6501130467796656],[102.47459179717379,-1.6501146763511656],[102.47458369068482,-1.6501159839654633],[102.47457553922982,-1.65011705505799],[102.47456735270123,-1.6501179363935989],[102.47455091309422,-1.6501192197261503],[102.47453419829469,-1.6501199580695811],[102.47451746101206,-1.6501203267915798],[102.47450071383696,-1.650120442804166],[102.47448361862416,-1.650120335784834],[102.47445798524791,-1.6501199077075057],[102.47443218189972,-1.6501192449071596],[102.47436657635649,-1.6501168859854261],[102.47435104506474,-1.6501167313020346],[102.47434328931143,-1.6501169003745986],[102.47433534829776,-1.6501172996735818],[102.47432741178068,-1.6501179031187121],[102.47431948785413,-1.6501186702403743],[102.47430366518205,-1.6501206037827956],[102.47428692610083,-1.6501231920316286],[102.47427799673221,-1.650124842287596],[102.47427563960912,-1.6501252766601624],[102.47426929399279,-1.6501264493761028],[102.47426051571028,-1.6501282507181259],[102.47424307605718,-1.6501322760836388],[102.47423444526351,-1.6501345819453377],[102.47422590260339,-1.6501371701942276],[102.47421754790156,-1.6501400750044013],[102.47420928672926,-1.6501432631010857],[102.47420110109999,-1.6501466670350169],[102.47419297662464,-1.6501502427394712],[102.4741769111356,-1.6501578348161843],[102.47416898541042,-1.650161854785722],[102.47416115501335,-1.6501660564182998],[102.47414690975216,-1.650174373348591],[102.47413298015294,-1.6501832199795672],[102.47411936531654,-1.6501925252647993],[102.47411270943405,-1.650197380704526],[102.47410618934924,-1.650202414210014],[102.47410051822442,-1.6502070951812584],[102.47409933921318,-1.6502080682477072],[102.47409264376057,-1.6502139165389735],[102.47408607061573,-1.650219914117713],[102.4740795945977,-1.6502260277089817],[102.47406690336499,-1.650238545372531],[102.4740606926469,-1.6502449422502536],[102.47405013640474,-1.6502563123788718],[102.47404902034606,-1.6502575147724201],[102.47404312708869,-1.6502641373799634],[102.4740376124459,-1.6502703337088747],[102.47403112293802,-1.6502778763228889],[102.4740264185844,-1.6502833433016235],[102.47401550261344,-1.6502965768254967],[102.47400549945428,-1.6503093822720984],[102.47399573011893,-1.6503223729790761],[102.47398135895259,-1.6503420753264777],[102.47397196913113,-1.6503553466218932],[102.47395997307439,-1.650372950850965],[102.4739571060357,-1.6503771578794613],[102.47394257479004,-1.6503991885716687],[102.47393308604313,-1.6504140040030393],[102.47392408562808,-1.6504286197849183],[102.47391134583199,-1.6504502646679384],[102.47389886414135,-1.6504720687309486],[102.47388637885336,-1.6504942729922618],[102.47385535494072,-1.6505502243133492],[102.47384898774067,-1.6505617059578981],[102.47382843463458,-1.6505987742140178],[102.47381711217002,-1.65062001260344],[102.4738164008063,-1.6506213462980668],[102.47379603565855,-1.6506608813945149],[102.473787662071,-1.6506765673696577],[102.4737793307516,-1.6506913935928651],[102.47377536833864,-1.6506982392323266],[102.4737644514683,-1.6507170944183258],[102.4737640377802,-1.6507178075806905],[102.47375803030889,-1.6507281857571456],[102.47374975924407,-1.650743028168165],[102.47374660981825,-1.650748978082845],[102.47374578603927,-1.6507505339099566],[102.47373809863439,-1.6507660930806765],[102.4737272312268,-1.6507897758274339],[102.47371670016565,-1.6508136348413132],[102.47368404668146,-1.650888716540976],[102.47368201601228,-1.6508933867203837],[102.47368179567837,-1.6508938876427806],[102.47366802705784,-1.6509252281167619],[102.47365721900553,-1.6509489468363654],[102.47364962243216,-1.6509645572684803],[102.47364133607886,-1.6509802486395415],[102.47363269809063,-1.6509957610454649],[102.47362285411151,-1.6510128157887607],[102.47359277718499,-1.6510649234074322],[102.47357974241123,-1.6510878462270853],[102.47357687537254,-1.6510930065369962],[102.47357120604636,-1.6511032111442319],[102.47356290530388,-1.6511186992685225],[102.4735590589035,-1.651126176232026],[102.47355157384612,-1.6511412353796686],[102.4735442668545,-1.6511563889561103],[102.47353005486821,-1.6511868903626805],[102.47351981698603,-1.6512102736351721],[102.47351317819067,-1.6512263706004546],[102.47350345831802,-1.6512506199201198],[102.47348116682247,-1.6513073797317475],[102.47347205129421,-1.6513318547812332],[102.47346650337647,-1.6513483429516214],[102.47346373886052,-1.6513578829598714],[102.47346186377405,-1.6513643553806219],[102.47345775027503,-1.6513805287883088],[102.47345406665193,-1.6513968209064842],[102.47345240740276,-1.6514050110324092],[102.47345081470337,-1.651413615745696],[102.47344800072472,-1.6514309043127469],[102.47344558064907,-1.6514482666241861],[102.47344453293891,-1.6514569720615668],[102.47344362642229,-1.6514656918881201],[102.473442905166,-1.6514744261038459],[102.47344254723583,-1.6514808112903552],[102.47344240244496,-1.6514833833514331],[102.47344211106463,-1.6514923486928978],[102.47344207419241,-1.651510264087392],[102.47344234308974,-1.6515191871607158],[102.47344285300534,-1.6515280616706605],[102.47344361832836,-1.6515364352582083],[102.47344469481686,-1.6515447126183176],[102.47344614002742,-1.651552849684208],[102.47344804299286,-1.6515607942951647],[102.47345054220881,-1.6515684727067992],[102.47345324736955,-1.6515747643638292],[102.47345645075467,-1.6515807817276595],[102.4734601199886,-1.6515865077111016],[102.47346424517883,-1.6515918991468084],[102.473469864143,-1.6515980082414217],[102.47347591028512,-1.6516037612045693],[102.47348833082185,-1.6516149865423699],[102.47349427983721,-1.6516208213437835],[102.47349966138034,-1.6516267559699713],[102.47351010790521,-1.6516388653413401],[102.47351566481615,-1.6516446057139547],[102.4735211866535,-1.6516494620530011],[102.47352707091767,-1.6516540009313303],[102.47353320968995,-1.6516583293683311],[102.47355235805492,-1.6516709036891939],[102.47357984223601,-1.6516895538297831],[102.47358681467983,-1.6516941268823757],[102.47359369089617,-1.6516984409302609],[102.47360765736755,-1.6517067587598717],[102.47361674141956,-1.6517119496467103],[102.4736377109117,-1.6517239331129758],[102.47365021688404,-1.6517310791259661],[102.47365066384714,-1.6517313480232474],[102.47366424001274,-1.6517395282565985],[102.47367111982641,-1.6517439385318653],[102.47367786743968,-1.6517485349668846],[102.47368485876927,-1.6517536593038926],[102.47368998580424,-1.6517576576897],[102.47369169991208,-1.6517589949816056],[102.47370505844174,-1.6517701097027384],[102.47371161090217,-1.6517758293909424],[102.4737239388088,-1.6517870115612823],[102.4737354024669,-1.6517979913841714],[102.47374098635748,-1.6518036175428961],[102.47374643265181,-1.6518093678080277],[102.47375170177969,-1.6518152763538865],[102.47375716606041,-1.6518218746797402],[102.47376242259776,-1.6518286528699946],[102.47377250669587,-1.6518425752745998],[102.47377738731666,-1.6518496655295962],[102.47378670069577,-1.65186377499316],[102.4737954825755,-1.6518778358933446],[102.47379970489254,-1.6518849558260058],[102.47380377432478,-1.6518921477044159],[102.47380764230888,-1.6518994358102645],[102.4738112431944,-1.6519068471232572],[102.47381470108763,-1.6519148546867655],[102.47381573800595,-1.6519175328677989],[102.47381785411073,-1.651922998047894],[102.47382077241076,-1.6519312466296583],[102.47382605592782,-1.6519479677244817],[102.47382845531899,-1.651956414157155],[102.47383240963808,-1.6519718771003795],[102.47383595296691,-1.6519874461636732],[102.47383757714255,-1.651995260372928],[102.47384045587239,-1.65201094904603],[102.4738416519707,-1.6520188280064758],[102.47384269698296,-1.6520272096879012],[102.4738435549362,-1.6520356183490321],[102.47384488413417,-1.6520524833354102],[102.47384588328094,-1.6520693878919133],[102.47384605145419,-1.6520731137831035],[102.47384664410743,-1.6520863095354912],[102.47384715941894,-1.6521024199906265],[102.47384749216809,-1.6521185286471223],[102.47384756411384,-1.6521426925311857],[102.47384715222438,-1.6521603723032854],[102.47384646334365,-1.6521780439815075],[102.47384512515248,-1.6522045416062383],[102.47384401988569,-1.65222219170073],[102.47384261334599,-1.6522398112182373],[102.47384180485545,-1.6522479446868488],[102.47383992167511,-1.6522641837450465],[102.47383774081914,-1.6522803805351032],[102.47383523620726,-1.6522965206678464],[102.47383382157369,-1.6523045606069218],[102.4738322603506,-1.65231256817043],[102.47382845891633,-1.6523292595875887],[102.47382196671043,-1.6523541321374182],[102.47382056736535,-1.6523591602469878],[102.47381276664595,-1.6523871822226397],[102.47379870304775,-1.6524366997938387],[102.47379761217013,-1.65244042208775],[102.47379146260596,-1.6524613996738253],[102.47378623844423,-1.6524784166455788],[102.47377813195527,-1.652503869258112],[102.47377254536673,-1.6525207801098531],[102.47376670606872,-1.6525376046267297],[102.4737637122256,-1.6525457758668267],[102.47375747812515,-1.6525620239182217],[102.47375096613422,-1.6525781595543663],[102.47374411599822,-1.652594135111201],[102.47374050072358,-1.6526020230648442],[102.47373668310149,-1.6526098696497229],[102.47373268291705,-1.6526176074165733],[102.47372848578107,-1.6526252129831391],[102.47372406201589,-1.6526326548730594],[102.47371935316568,-1.6526398818250527],[102.47371427919069,-1.6526468263898551],[102.47370923129603,-1.6526529049075975],[102.4737038767326,-1.6526587397090111],[102.47369828924474,-1.6526643856528267],[102.47369252459038,-1.6526698886044073],[102.47368061306992,-1.6526805545639149],[102.47366784809276,-1.6526912187247262],[102.47366109958017,-1.6526965750868499],[102.47365426203464,-1.6527017893560583],[102.4736473273623,-1.652706823760866],[102.47364026678497,-1.6527116243419187],[102.47363304882623,-1.652716106563048],[102.47362561682883,-1.6527201598074726],[102.47361836469582,-1.652723510681426],[102.47361092010794,-1.6527264658536751],[102.47360333162851,-1.6527291152564203],[102.47359563523042,-1.6527315227415329],[102.47358785699407,-1.6527337305771539],[102.47358001220783,-1.652735765742932],[102.47357211526099,-1.6527376327355228],[102.47356883903075,-1.6527383297100755],[102.47356416975072,-1.6527393225616152],[102.4735481096576,-1.652742174311868],[102.47353194884045,-1.6527444792742472],[102.47351572686938,-1.6527463057973364],[102.47349900217728,-1.6527475783379941],[102.47348178375739,-1.6527482798092024],[102.47346455544493,-1.652748544209885],[102.4734473280318,-1.6527483904258133],[102.47340547897971,-1.6527468606790308],[102.47338917966698,-1.6527466817139498],[102.47335928979942,-1.6527473166353275],[102.47331660167987,-1.6527482240512654],[102.47330829734011,-1.6527485226261547],[102.4733000109868,-1.6527490046627804],[102.47329175970702,-1.6527497582946467],[102.4732831064303,-1.6527509238160292],[102.47327448642847,-1.6527524076973918],[102.47326589610429,-1.6527541236038701],[102.47324877481117,-1.6527580500439285],[102.47323172726249,-1.6527624261449887],[102.47321477144459,-1.652767195249794],[102.47319910615391,-1.6527720407970037],[102.47318356317095,-1.6527772406770964],[102.47316817936803,-1.6527828308629182],[102.47316057110351,-1.6527858229073331],[102.47315303838207,-1.6527889930175661],[102.47314519089792,-1.6527925579301836],[102.47312189575894,-1.6528038471197988],[102.47311174780896,-1.6528085343862813],[102.47310786093908,-1.6528103303324428],[102.47310664415636,-1.6528108924086951],[102.47309159939783,-1.6528172955816558],[102.47306888432161,-1.6528266251485775],[102.47305381168411,-1.6528330220263001],[102.47304643184742,-1.6528363288334731],[102.47303179538113,-1.6528432221369371],[102.47302883571228,-1.652844711414275],[102.47301011542453,-1.6528541336113562],[102.47299590433755,-1.6528618587877304],[102.47298891120937,-1.6528659210254091],[102.47298146931939,-1.6528704958766411],[102.47297412365697,-1.6528752353038385],[102.47296321128323,-1.6528826421201757],[102.47295964097469,-1.6528850657931002],[102.47295248686783,-1.6528901181843594],[102.47293899074191,-1.6528999990356965],[102.47292637325359,-1.6529097108144697],[102.47292018232059,-1.6529146912599231],[102.47291409840699,-1.6529197787247654],[102.47290815568692,-1.6529250019872279],[102.47290240002582,-1.6529304069126738],[102.47289846189454,-1.6529344376741051],[102.47289689527554,-1.6529360420646526],[102.47289146696767,-1.6529422159105138],[102.47288630216116,-1.6529486307746311],[102.47287647436985,-1.6529619245531535],[102.472867298587,-1.6529751104129673],[102.47285874873234,-1.652988052556509],[102.47285470627975,-1.6529946221040746],[102.47285090214746,-1.6530012860804391],[102.47284742536846,-1.653008078659866],[102.47284438206265,-1.653015046607095],[102.47284201144976,-1.6530217465563055],[102.4728400158541,-1.6530285966923088],[102.47283829275307,-1.6530355592436194],[102.47283675581167,-1.6530425982372776],[102.47283376196862,-1.6530579136917254],[102.47283099295601,-1.6530744252444833],[102.47282991916552,-1.6530826972086743],[102.47282917992277,-1.6530909736694639],[102.47282889843495,-1.6530992537275324],[102.47282916733229,-1.653107380900849],[102.4728298670048,-1.6531155071748458],[102.47283086345362,-1.6531236343482192],[102.47283331770353,-1.6531398922921312],[102.47283583940253,-1.6531550296808177],[102.47283727921712,-1.6531625471138227],[102.47283894116424,-1.6531699943996614],[102.47283981260733,-1.6531732220664708],[102.472840925968,-1.6531773427601024],[102.47284355018974,-1.6531852019354574],[102.47284658540167,-1.653192928910471],[102.4728499533627,-1.653200537174996],[102.47285359741562,-1.6532080366215496],[102.47285749237943,-1.6532154227535329],[102.47286162926082,-1.6532226847790525],[102.47286602784499,-1.6532297966177794],[102.47287095972706,-1.6532371117032767],[102.47287612003697,-1.6532442882931946],[102.47289759135083,-1.6532725063210592],[102.47291585568223,-1.6532974130451521],[102.47291875959314,-1.6533013727600974],[102.47291879646536,-1.6533014222227962],[102.47292784814175,-1.6533137663172397],[102.47293816606356,-1.6533273208991091],[102.47294833020135,-1.6533398529518308],[102.47297978039262,-1.6533767818129945],[102.47299529369792,-1.6533956064220661],[102.47300519523361,-1.6534084721232603],[102.47300991577504,-1.6534150668517782],[102.47301480898631,-1.6534223729441351],[102.47302409628509,-1.6534373331663232],[102.4730330346469,-1.6534525299102825],[102.47304545608301,-1.6534741226325878],[102.47305307334074,-1.6534882302975689],[102.47305658519332,-1.6534953996928721],[102.4730597867798,-1.6535026958926551],[102.4730625890673,-1.6535100937157949],[102.47306505860564,-1.6535176228399564],[102.47306725744801,-1.6535252535875316],[102.47306922066804,-1.6535329643747332],[102.4730709716481,-1.6535407363159038],[102.4730725112874,-1.6535485649142743],[102.47307382609625,-1.6535564429754004],[102.47307497273187,-1.6535649190856816],[102.4730759251139,-1.6535734311688657],[102.47307670842343,-1.6535817283140659],[102.47307834429023,-1.6535990546526023],[102.47308020588684,-1.6536161031006031],[102.47308485628116,-1.6536480326305423],[102.47308589499812,-1.6536559961272701],[102.47308671787778,-1.6536639650199163],[102.47308722239745,-1.6536719447044561],[102.47308731592693,-1.6536805853906458],[102.47308703264048,-1.6536892422646474],[102.47308648675204,-1.6536979126285019],[102.473084948012,-1.6537152902284333],[102.47308395875774,-1.6537253356556789],[102.4730807140038,-1.6537582868154459],[102.47307962042822,-1.6537667593284482],[102.47307823187498,-1.6537751706875383],[102.47307648359288,-1.6537833985849488],[102.4730743989644,-1.6537915482413155],[102.47307202205621,-1.6537996196566951],[102.4730693807474,-1.6538076038377767],[102.47306647144057,-1.6538154818989028],[102.47306326715614,-1.6538232286590073],[102.47305991987946,-1.6538304142421794],[102.47305626503464,-1.6538374262561888],[102.47305228373597,-1.6538442422179287],[102.47304793731251,-1.6538508153627731],[102.47304261692329,-1.653857829175422],[102.47303689993305,-1.6538645650975354],[102.47303089875703,-1.6538710941755994],[102.47302468893832,-1.6538774730668706],[102.47301833073146,-1.6538837332476533],[102.47300528786383,-1.6538959649267895],[102.47299863198134,-1.6539019373245196],[102.47299188167005,-1.6539077919110241],[102.47298501624556,-1.6539134927134569],[102.47297799883563,-1.6539189911684389],[102.47297078897077,-1.6539242450078291],[102.47296341363068,-1.6539292632248817],[102.47295589889569,-1.653934058410016],[102.47294825016166,-1.6539386305632888],[102.47294046293206,-1.6539429518057318],[102.4729328483723,-1.6539468539641007],[102.47290965665542,-1.6539579075313782],[102.47290196925053,-1.6539616639995529],[102.47289438077109,-1.6539656057280467],[102.47288669426558,-1.6539699413596622],[102.4728791327658,-1.6539745063183773],[102.47286426427445,-1.6539841011853014],[102.47284961521763,-1.6539940836599953],[102.47283603635407,-1.6540036974126338],[102.47282272009249,-1.6540136340219647],[102.47281622788665,-1.6540187943318188],[102.47280990205542,-1.6540241461973437],[102.47280350967429,-1.6540299800994376],[102.47279731334538,-1.6540360307381547],[102.47279128429039,-1.6540422576440506],[102.47278540812016,-1.6540486347366823],[102.47277969112992,-1.6540551539221724],[102.47277414860815,-1.6540618205964961],[102.472768820125,-1.6540686581420232],[102.47276399616158,-1.6540753167224693],[102.47275936735099,-1.6540821173957738],[102.47275490311637,-1.6540890349809274],[102.47274641081827,-1.6541031453438109],[102.4727423890501,-1.6541103237324251],[102.47273854264967,-1.654117594751142],[102.47273807859949,-1.6541185336433841],[102.47273490489198,-1.6541249673932725],[102.4727317347818,-1.6541319119581317],[102.47271972073855,-1.6541599842958021],[102.47271651465547,-1.654166900981636],[102.47271291107205,-1.6541740829675291],[102.47270912222825,-1.6541811768198045],[102.4726933571128,-1.6542093076134279],[102.47267791665257,-1.6542383916883523],[102.4726752276797,-1.6542431931687815],[102.47267361519522,-1.6542460736973226],[102.47266981196231,-1.6542528635787335],[102.47266553478664,-1.6542600401686514],[102.47266242133372,-1.6542649855405784],[102.47265663419637,-1.6542741784105601],[102.47264724977083,-1.6542879866012754],[102.47264232778127,-1.6542947216240691],[102.47264215061483,-1.6542949509511686],[102.4726373086649,-1.6543012003400577],[102.47263213486519,-1.654307562144254],[102.47262976964822,-1.6543103176669547],[102.47262145001997,-1.6543200141572925],[102.47261041803642,-1.6543321586021875],[102.47260456075196,-1.6543383297500895],[102.47259255660128,-1.654350333001446],[102.47258637196353,-1.6543561093469066],[102.47258002095128,-1.6543616671571613],[102.47257373738813,-1.6543667123538626],[102.47257345410168,-1.6543669398823226],[102.47256712827044,-1.6543715147335547],[102.47256060998421,-1.6543758296807596],[102.47255393791397,-1.6543799287906609],[102.47254714533454,-1.6543838462374651],[102.47254024663511,-1.654387599108361],[102.4725332526076,-1.6543911874033483],[102.47252601036712,-1.6543946839674391],[102.47251130825032,-1.6544012166427819],[102.47249636601452,-1.6544071440744119],[102.47248880361548,-1.654409826752044],[102.47248116567334,-1.6544122612168621],[102.47247275521352,-1.6544145796690941],[102.47246426021752,-1.6544166049422984],[102.47245570406756,-1.6544183829020085],[102.47244710205217,-1.6544199459237348],[102.47243845866797,-1.6544213003027153],[102.47242978200887,-1.6544224271532357],[102.47242130140199,-1.6544232932003524],[102.47240427183971,-1.6544245216742866],[102.47238720180798,-1.6544253472519017],[102.47236169163881,-1.6544261647356393],[102.4723277584194,-1.6544269093743083],[102.47230231390074,-1.6544272789956835],[102.47221314881784,-1.6544276117448362],[102.47217048228197,-1.6544280703990921],[102.47216564842597,-1.654428172022449],[102.47215301564921,-1.6544284400204674],[102.47213556340557,-1.6544290488614593],[102.47212684537766,-1.654429504817756],[102.47211038868357,-1.654430708110624],[102.47207751936207,-1.65443389081139],[102.47206825544572,-1.6544349511120799],[102.47204359603518,-1.6544377740839877],[102.47202616177799,-1.6544401806697806],[102.47201749681011,-1.6544415962026733],[102.47200888939881,-1.6544432338681077],[102.47200035393325,-1.654445173705767],[102.47199202890909,-1.6544474570844159],[102.47198950721003,-1.6544482502864639],[102.47198378122658,-1.6544500489305847],[102.47197560009391,-1.6544528835936489],[102.47196747471924,-1.6544559134096062],[102.47195139124375,-1.6544624775612533],[102.4719458649098,-1.6544649830724438],[102.47193550202184,-1.6544696820301397],[102.47191982324131,-1.654477357743815],[102.47191206838733,-1.654481363324237],[102.47190438637841,-1.6544855002056238],[102.47189679789898,-1.6544898007636561],[102.47188286829982,-1.6544983668061377],[102.47187602535837,-1.6545028508258497],[102.47186256160796,-1.6545121489164671],[102.47184944139866,-1.6545219245471117],[102.47184002639614,-1.6545295939655489],[102.47183628971305,-1.6545326372713589],[102.47182984427195,-1.6545381600080304],[102.47181712605959,-1.6545494222179968],[102.471798210619,-1.6545669437094261],[102.47177926280278,-1.6545852772886747],[102.47176059377642,-1.6546038860604426],[102.47175143957736,-1.654613337035812],[102.47174837019116,-1.654616507146045],[102.47174237620976,-1.6546229004264887],[102.47173054742689,-1.6546358353754727],[102.47169522385553,-1.6546751357488461],[102.47167118677589,-1.6547015020726121],[102.47163453130861,-1.6547417080633409],[102.47163075595466,-1.6547459663532322],[102.47161660062568,-1.6547619320174931],[102.47157940826315,-1.6548054223323447],[102.47156864607621,-1.6548173068731558],[102.47155773010525,-1.6548286257404357],[102.47154641303661,-1.654839523725002],[102.47153996939414,-1.6548452973725034],[102.47153339894726,-1.6548509316251625],[102.47152000174674,-1.6548619078507159],[102.47151001657409,-1.6548697301538482],[102.47150636982315,-1.6548725881993391],[102.47149252026367,-1.6548829555839006],[102.47148548576661,-1.6548879594117238],[102.47147834874687,-1.6548927653887517],[102.47147107413082,-1.6548972988712194],[102.47146360705989,-1.654901459134976],[102.47145576227365,-1.6549052236970851],[102.47144771603934,-1.6549085853628753],[102.47143952321551,-1.6549116277693656],[102.47143121527841,-1.6549144075738127],[102.4714228183085,-1.6549169553531442],[102.47141434489617,-1.6549192693087775],[102.47140599379162,-1.6549212945820386],[102.47139758782845,-1.6549230869308644],[102.47138913599991,-1.6549246301674998],[102.47138063830585,-1.6549258829231235],[102.47137285197562,-1.6549267399770429],[102.47136503686704,-1.6549273802943389],[102.47135947545951,-1.6549276797685479],[102.47134934459666,-1.654928225657045],[102.47129156675248,-1.6549300935489555],[102.47122148168609,-1.6549328571655906],[102.47118666533243,-1.6549338482184908],[102.47112690178517,-1.6549346989771152],[102.47110986322969,-1.6549353150127217],[102.47110136373703,-1.6549358303242343],[102.47109288672738,-1.6549365551778124],[102.47108415520967,-1.6549375741097379],[102.47107544887291,-1.6549388286639442],[102.4710667668179,-1.6549402648812475],[102.47104946925765,-1.6549435770843957],[102.47103247926555,-1.654947406397639],[102.47102405531598,-1.6549495638712415],[102.47101570061415,-1.6549519407793696],[102.47100744034117,-1.6549546063699268],[102.47099936173123,-1.6549575912197838],[102.47099138384533,-1.6549608665507094],[102.47098349499237,-1.6549643757053332],[102.47097568527971,-1.6549680791135302],[102.47096795740538,-1.6549719668827265],[102.47096090402255,-1.6549757107603682],[102.47094701669153,-1.6549835924188301],[102.47093345581442,-1.6549919911873872],[102.47092684309939,-1.65499642664372],[102.47092037877252,-1.6550010725414381],[102.47091443785109,-1.655005686962852],[102.47090863992184,-1.6550104929398231],[102.47090296609906,-1.6550154527009227],[102.47089193861211,-1.6550257616295312],[102.47088112966048,-1.6550367729286677],[102.47087054014338,-1.6550484407329122],[102.47086034093206,-1.6550604610714004],[102.47085541984183,-1.6550665872531454],[102.47084588972609,-1.6550790770377262],[102.47083680927142,-1.6550918869809266],[102.47082844287837,-1.6551047850577447],[102.47082057201186,-1.6551179817094521],[102.47081683083212,-1.6551246852559984],[102.47081324073855,-1.6551314697414909],[102.47081114262022,-1.655135676770044],[102.47080942761306,-1.6551391148781818],[102.47079827242237,-1.6551621707974959],[102.47079431270743,-1.6551697188074286],[102.4707902189935,-1.6551768873034689],[102.47078589865038,-1.655183929894406],[102.47078140383877,-1.6551908753585849],[102.47077201401731,-1.6552045306644914],[102.47076220061513,-1.6552179206704523],[102.47075240699803,-1.6552304509245346],[102.47074267993082,-1.6552421322185751],[102.47073768869342,-1.6552478653966318],[102.47072715403499,-1.655259346141861],[102.47071592420059,-1.6552706892908304],[102.47071218302091,-1.655274238015636],[102.47071014245915,-1.6552761751553362],[102.47070422671874,-1.6552815063363937],[102.47069834964918,-1.6552864975737407],[102.47069233678195,-1.6552913152419819],[102.47068619621103,-1.6552959530457656],[102.47067992074182,-1.6553003938980169],[102.47067349688444,-1.6553046072218081],[102.47066594887451,-1.6553091056306926],[102.47065823179202,-1.6553133135585085],[102.4706503789119,-1.6553172741728304],[102.47064241991183,-1.6553210072586353],[102.47063436288562,-1.6553245029234063],[102.4706262132292,-1.655327732388912],[102.4706190420352,-1.6553302810675632],[102.47061179799613,-1.6553325635469491],[102.47060448380995,-1.6553345465520124],[102.47059709498001,-1.6553361770228889],[102.4705900379999,-1.6553373497388293],[102.47058292076525,-1.6553382301751185],[102.47056857208202,-1.6553394019917391],[102.47055783867336,-1.655339902914136],[102.47054521938645,-1.6553404928694135],[102.470529052274,-1.6553408948663559],[102.47051800680066,-1.655340891269077],[102.47051288785957,-1.6553408885711178],[102.47050481464555,-1.6553406502507642],[102.47050305826957,-1.6553405522246862],[102.47049613259048,-1.6553401673148187],[102.47047880085603,-1.6553386276754622],[102.47045739878996,-1.6553245056213655],[102.47044230906539,-1.6553109726232265],[102.47044030897314,-1.6553091793750809],[102.47041666669588,-1.6552777777471874],[102.47038868698837,-1.6552783892861953],[102.46126987260658,-1.655477410154333],[102.4564166667958,-1.6555833332042198],[102.45641800408765,-1.6555990920244312],[102.45644516900938,-1.6556237379451204],[102.45813336915973,-1.6573151288900476],[102.45958400529764,-1.6587685079602466],[102.4605730203287,-1.6597365588950197],[102.46136294974042,-1.6607095246247923],[102.46226217376039,-1.661589573300148],[102.46054087945811,-1.6631515742856777],[102.45994247146797,-1.6636946020242362],[102.45945685195221,-1.6640992879517285],[102.45825300057555,-1.6651025023785451],[102.45730555580684,-1.6660555562189074],[102.45724216259578,-1.6661325858501073],[102.45791432398693,-1.6667952045349921],[102.45895966445698,-1.667905507533078],[102.46126738688048,-1.6701432033461288],[102.46183834216583,-1.6706053613482936],[102.46208333277963,-1.6705916673715251],[102.46158217297898,-1.6713102670551052],[102.46036111127631,-1.6730611112811857],[102.46033726305433,-1.6731083337825225],[102.46045952678577,-1.6732252096756497],[102.46155462044942,-1.6742720520135208],[102.4612487664175,-1.6746061645428085],[102.46082693401587,-1.6750669708639521],[102.45949790330565,-1.6768230050775514],[102.4582487009169,-1.6784227497100801],[102.4576412313578,-1.6793835566057851],[102.45752525118945,-1.6795869778566725],[102.45742227881516,-1.6797675824079761],[102.45710442782712,-1.6803250667483667],[102.45667190518435,-1.6809594233386633],[102.45661929394532,-1.6810365842708848],[102.45619179581479,-1.6813168939594334],[102.45602889261937,-1.6816394591936614],[102.45602777835933,-1.6816416670292824],[102.45595715190109,-1.6817055179952263],[102.45508501276316,-1.6824940066929912],[102.45308010466317,-1.6843066082633413],[102.45194444438067,-1.6853333327670725],[102.45194130304878,-1.6853318479863333],[102.45171987017591,-1.6851079815480716],[102.45149371586234,-1.6848793433069886],[102.45124818565529,-1.6846435932271788],[102.45097071512646,-1.6843737687344174],[102.45059736787431,-1.6840403729647733],[102.45034269066269,-1.6838138013657726],[102.44971654758069,-1.6832170499268386],[102.44911239741924,-1.6836869915613875],[102.44881644222511,-1.683880218996876],[102.44468742718306,-1.6819009613602134],[102.44372222170324,-1.6814444439058889],[102.43619879563795,-1.6901582863757767],[102.43619025477648,-1.6901681789182703],[102.43055555609408,-1.6966944438934206],[102.42632500039849,-1.6923444438409661],[102.42580555558197,-1.6930000001498229],[102.42198611057063,-1.6940000003996261],[102.42080760658581,-1.6944997320769062],[102.41576944440442,-1.6966361111675496],[102.41166388907726,-1.6976138891695882],[102.40548333338916,-1.7007361113824118],[102.40310610776072,-1.7002138912580449],[102.40303716932993,-1.7001987466747437],[102.40136111092659,-1.6998305561352254],[102.39695555615407,-1.7004249999137642],[102.39151944396724,-1.6998416672590793],[102.39067970380535,-1.6991079068043859],[102.39062737765141,-1.6990621843722806],[102.38970660137863,-1.6982576139976686],[102.38923975521061,-1.6978496860141377],[102.38806388893738,-1.6968222222677127],[102.3876173827361,-1.696655808118976],[102.38672549628467,-1.6963233989056903],[102.38435972172385,-1.6954416666995371],[102.38065555630891,-1.6940611111313046],[102.37587207673499,-1.6926551748963448],[102.3758166668058,-1.6926388890734074],[102.37533333336671,-1.6923611109764352],[102.37504246833532,-1.6920464543803178],[102.37449023783427,-1.6914490509329312],[102.37405906237586,-1.6909826040638904],[102.37090058939077,-1.6875657702440776],[102.36676545536153,-1.6830923832068834],[102.3644119484527,-1.6805463611256073],[102.36275623810997,-1.6787552137820398],[102.36242565272175,-1.6783975875785586],[102.36176590107556,-1.6776838694149774],[102.36175000016243,-1.6776666671829048],[102.36141484082231,-1.6776335307627619],[102.35244248643164,-1.6767464745701091],[102.35217022657474,-1.6767195578612473],[102.34664012264358,-1.6761728213185734],[102.34461111091412,-1.675972222140274],[102.34406900228271,-1.6763317261281827],[102.3382353600739,-1.6802003523642952],[102.33628571531358,-1.6814932743950521],[102.3340555558193,-1.6829722220903136],[102.33310480064608,-1.6855517592062483],[102.33272956481761,-1.6865698313325765],[102.33265069517353,-1.6867838160202382],[102.33219803041482,-1.6880119625819816],[102.33209482241818,-1.6882919817894617],[102.33206910630429,-1.688361752093158],[102.33185937181264,-1.6889307918225427],[102.33101579963949,-1.6912195250610011],[102.3306551705997,-1.6921979649640662],[102.3289152297541,-1.696918681751697],[102.32831924363825,-1.6985356798776934],[102.32708333322933,-1.7018888893607027],[102.32372918485407,-1.7030501569391276],[102.32284630421361,-1.7033558266100499],[102.32051790277905,-1.7041619618050277],[102.318204280803,-1.704962979857612],[102.31791057121598,-1.7050646679999772],[102.3166147515696,-1.7055133046952164],[102.3164121837753,-1.705583438324993],[102.31488769621029,-1.7061112441385831],[102.31293453060414,-1.7067874659687163],[102.31055555579434,-1.7076111109639669],[102.30985182640075,-1.7088743742529005],[102.30772222190308,-1.7126972222989139],[102.30720405142591,-1.7131609631078959],[102.30666100839886,-1.7136469630368651],[102.30548497125449,-1.7146994666070441],[102.30381551657291,-1.7161935588856068],[102.30377168001905,-1.7162327909105102],[102.30375555607412,-1.7162472223313898],[102.30176386261223,-1.7159306267969328],[102.29940547778062,-1.7155557444020246],[102.29807697137517,-1.7153445682971551],[102.29787708445991,-1.7153127943499271],[102.29522777793966,-1.7148916670167864],[102.29397206625794,-1.7137806148834329],[102.2928888886114,-1.7128222217680786],[102.29269816308982,-1.7130857132350457],[102.29228070768858,-1.7136624340740241],[102.29227571015593,-1.7136693390687014],[102.28937222195054,-1.7176805564125175],[102.28661944393224,-1.7218277782293399],[102.28486421730986,-1.7241750627289321],[102.28312777842427,-1.7264972219691685],[102.27780277837559,-1.7291111113886473],[102.27022288387906,-1.7307769103260853],[102.2654916666072,-1.7318166669056154],[102.26474464744757,-1.7319664858645751],[102.25650277818073,-1.7336194442818851],[102.25557616440852,-1.7345386206607714],[102.25277321231397,-1.7373190771136819],[102.24958055609784,-1.7404861107453939],[102.24685403468601,-1.7425878380582276],[102.24443118465149,-1.7444554817350308],[102.24031944378737,-1.7476250001935796],[102.23953804084795,-1.747798446141303],[102.23789166726669,-1.748163889252055],[102.23316028272092,-1.7521556902328825],[102.23204002512711,-1.7531008345358146],[102.2311388891485,-1.753861110601747],[102.22915684990875,-1.7548090419037408],[102.22702277757918,-1.7558296851917703],[102.22378740176725,-1.7573770389191736],[102.21871690626028,-1.7598020590177725],[102.21580555618152,-1.761194444268142],[102.21511967833055,-1.7614842516967997],[102.21383333304192,-1.7620277776597391],[102.20455485302409,-1.7647682565497576],[102.19825051285096,-1.7666302983495257],[102.19408333327925,-1.767861111401146],[102.19408333327925,-1.7779166668206585],[102.1884539873617,-1.7827813317929895],[102.18447222191554,-1.786222221578214],[102.18441666719548,-1.7859444443805614],[102.16813888869882,-1.7806111112137728],[102.16663888877378,-1.7809722222901883],[102.14880555563195,-1.7829166671704115],[102.13373333272716,-1.7906944439933454],[102.1345269259769,-1.7925954785984004],[102.14318263537041,-1.8133300462445732],[102.14319444436819,-1.8133583326209077],[102.14214370167053,-1.82032224817317],[102.1419758647944,-1.8214346043234855],[102.14162674168085,-1.8237484547273652],[102.14047658522628,-1.8313712486841496],[102.13947222236521,-1.8380277777596916],[102.13668318188337,-1.8429755158073817],[102.13550739025391,-1.8450613637908759],[102.13550684796274,-1.8450623251661113],[102.13385846079939,-1.8479865535365434],[102.13355951985602,-1.8485168729552583],[102.13189718061045,-1.8514658533663919],[102.13050000017495,-1.8539444442806143],[102.12808069796591,-1.856220222784998],[102.12593257013208,-1.8582409148862666],[102.1258772438398,-1.858292957753747],[102.12358779474101,-1.8604465867405224],[102.12352381427269,-1.8605067729691314],[102.12229183659906,-1.8616656627401085],[102.1209002112758,-1.8629747311988467],[102.11975086600972,-1.8640558916659984],[102.11764118239472,-1.8660404202291829],[102.11550339496574,-1.8680513852631861],[102.11345748587433,-1.8699759218512781],[102.11182043376607,-1.8715158561717544],[102.11059999979022,-1.8726638893269865],[102.10843119204594,-1.8727846439960558],[102.10667023494346,-1.8728826907835128],[102.10578487127486,-1.8729319871214329],[102.10371746299057,-1.8730470967460633],[102.10366769270991,-1.8730498675573131],[102.09802777795966,-1.8733638892320528],[102.09442972625095,-1.8719479687237026],[102.09165599043166,-1.8708564381740302],[102.08825001862351,-1.8695161056836582],[102.08627500039103,-1.8687388890884336],[102.08547900505209,-1.8693220445766201],[102.08417557804057,-1.870276952819097],[102.08246647045132,-1.8715290672126343],[102.07625000033732,-1.8760833329793627],[102.07426347977582,-1.8762220605995594],[102.07152990138388,-1.8764129587909792],[102.07077981103953,-1.8764653407028504],[102.06936432670238,-1.8765641905848724],[102.0677870327454,-1.8766743413477229],[102.06448294693053,-1.8769050804050948],[102.06227591170403,-1.8770592071166448],[102.06039788985078,-1.8771903579486207],[102.05795277799837,-1.877361111326195],[102.05626373518328,-1.8809603942067952],[102.05448027794256,-1.8847608680196117],[102.05311666740033,-1.8876666665833568],[102.05084387284654,-1.8879626082876939],[102.04735268397923,-1.8884171957968761],[102.045052778463,-1.8887166673403044],[102.04420676373121,-1.8913037155939492],[102.04393339590956,-1.8921396543215678],[102.04319941871825,-1.8943841022444872],[102.042916032449,-1.8952506772768629],[102.0426765996454,-1.8959828441329023],[102.04222736580033,-1.8973565666522063],[102.04140833342791,-1.8998611111013588],[102.03997741042923,-1.9008011805299816],[102.03811155370528,-1.9020269870557627],[102.03716222485684,-1.9026506650960755],[102.03582047863222,-1.9035321481900382],[102.03536544775727,-1.9040891648830325],[102.03504166663964,-1.9046388889735226],[102.03481944416205,-1.9045611111063181],[102.03288181524363,-1.9044890826050391],[102.03055779800405,-1.9044026919306134],[102.02781357883367,-1.9043006809316125],[102.02760282181282,-1.9042928460379471],[102.02524441000156,-1.9042051756283058],[102.02121944382236,-1.9040555563188377],[102.01934330245149,-1.903436274164676],[102.01598931685356,-1.9023291817462677],[102.01338903777395,-1.9014708750807472],[102.01011111143868,-1.9003888890359804],[102.00958740563431,-1.9007220797601008],[102.00837742897522,-1.9014918895390451],[102.00580735002922,-1.9031270215947416],[102.00566817094938,-1.9032155697427129],[102.00317597059461,-1.9048011536502827],[102.00147464663769,-1.9058835677723778],[101.99976606874912,-1.9069705972152633],[101.99812780435474,-1.9080128907822314],[101.99705904643793,-1.9086928546914237],[101.99618333339419,-1.9092499999874804],[101.99507702338599,-1.9074823986936735],[101.99402444787006,-1.9058006538770087],[101.99338700930309,-1.9047821887469922],[101.99261511129839,-1.9035488926672315],[101.99182968029555,-1.9022939759861401],[101.99055916937021,-1.9002640253644358],[101.98820287995898,-1.8964992762205952],[101.98491471933886,-1.8912456355775475],[101.98436111107645,-1.8903611109764711],[101.98271519435082,-1.8857381181196047],[101.97989922906623,-1.8778287318104958],[101.97922361068117,-1.8759310813542811],[101.97738888938579,-1.8707777780719539],[101.96863888877374,-1.8675277783842148],[101.96272726994761,-1.8623920595458685],[101.95975000046224,-1.8598055562813443],[101.95723923090583,-1.8598166413248691],[101.95491854925172,-1.8598268873009829],[101.952310523412,-1.8598384013210989],[101.94716666660844,-1.8598611110014076],[101.94611422239353,-1.8585455539341069],[101.94300839032502,-1.8546632651974733],[101.94072222195302,-1.8518055560815014],[101.93739286159138,-1.8503962527847762],[101.93512768789253,-1.8494374154043385],[101.93482749779088,-1.8493103456958693],[101.93094444373116,-1.8476666673827253],[101.92570013175572,-1.8431931319574346],[101.92186084859935,-1.839918123022926],[101.92130555590671,-1.8394444438059736],[101.91841463482757,-1.8387097876265557],[101.91398949372024,-1.8375852483604831],[101.91288888901107,-1.8373055556068607],[101.90933481504976,-1.8387109252689129],[101.90483439259322,-1.8404905037336903],[101.90438888913599,-1.840666666533366],[101.90348140574235,-1.8406459380595379],[101.90148433433461,-1.8406003199487486],[101.89344444380612,-1.8404166666957735],[101.88976704221528,-1.8427089459610215],[101.8833286194203,-1.8467222866041766],[101.88297222169075,-1.8469444443305747],[101.8750591031951,-1.8415498736277414],[101.87280183093981,-1.840011035580801],[101.87238225763514,-1.8397250026067127],[101.86944444410585,-1.8377222223026592],[101.86845042344834,-1.8374980968596333],[101.86653396457086,-1.8370659870056443],[101.86176177058928,-1.8359899841503875],[101.8589909989355,-1.8353652494066637],[101.8560563986839,-1.8347035750099394],[101.85559467595357,-1.834599468590568],[101.85330555600666,-1.8340833332791817],[101.85053863704854,-1.8331482173163067],[101.845829222041,-1.8315566088503488],[101.84316932240637,-1.83065766182159],[101.84130555570687,-1.8300277775598488],[101.84023115094692,-1.8293389607243853],[101.83333333286708,-1.8249166668706494],[101.82872222185313,-1.8207222216531704],[101.82184045936975,-1.8226732495707552],[101.81794444428073,-1.8237777780219631],[101.81097222169075,-1.8280555562188852],[101.80958016739089,-1.8282859652250636],[101.79888888931083,-1.8300555558191718],[101.78819444381861,-1.8291111111888085],[101.78252777783473,-1.8338888890609155],[101.77844235473094,-1.8372921862853104],[101.77346187146827,-1.8414410988276018],[101.76705555626899,-1.8467777783717452],[101.76553276122803,-1.8483521423374327],[101.76504584668851,-1.848855544148023],[101.75922559358634,-1.8548728962671248],[101.75609430980461,-1.8581102200105875],[101.75571246126111,-1.8585049999057901],[101.75311111108897,-1.8611944440683033],[101.75072344433153,-1.8632542530812657],[101.74670898942838,-1.8667174685363079],[101.74213354282881,-1.8706646451572055],[101.74058875846447,-1.8719973100277798],[101.74043658238242,-1.8721285912614576],[101.73814418530594,-1.874106211232629],[101.73450000017493,-1.877250000087372],[101.73156974634679,-1.877250000087372],[101.73114578794781,-1.877250000087372],[101.7303630953806,-1.877250000087372],[101.72916296809655,-1.877250000087372],[101.72744756705163,-1.877250000087372],[101.72671053036674,-1.877250000087372],[101.72401912838012,-1.877250000087372],[101.72354714888189,-1.877250000087372],[101.72287533732703,-1.877250000087372],[101.72212525777451,-1.877250000087372],[101.72104253158761,-1.877250000087372],[101.71965977627769,-1.877250000087372],[101.71893578605773,-1.877250000087372],[101.71776826998973,-1.877250000087372],[101.71610179925869,-1.877250000087372],[101.71570065845867,-1.877250000087372],[101.71513320423406,-1.877250000087372],[101.71383524060394,-1.877250000087372],[101.71351564043454,-1.877250000087372],[101.71285687444527,-1.877250000087372],[101.7123333332168,-1.877250000087372],[101.71216349265114,-1.8772653479174437],[101.71154833388857,-1.8773209368117136],[101.71016153882402,-1.8774462555402351],[101.70966104092435,-1.8774914842445583],[101.7093632762942,-1.8775183919601659],[101.70922761536224,-1.8775306506190077],[101.7088482462496,-1.8775649327753854],[101.70746679046005,-1.8776897685679046],[101.70679807976762,-1.8777501976134658],[101.70660362026092,-1.87776777126561],[101.70639322027097,-1.8777867838329598],[101.70594771861238,-1.8778270419843466],[101.70381285308076,-1.878019960952372],[101.70376717741334,-1.8780240888405615],[101.69807529174136,-1.8785384407963761],[101.69571135359615,-1.8787520612585809],[101.69258742626874,-1.8790343575495285],[101.69149006541426,-1.8791335221942518],[101.68969662030287,-1.87929558812084],[101.68902305776794,-1.8793564551362465],[101.68692971303591,-1.8795456221326958],[101.67528985973928,-1.8805974682985038],[101.67513888874879,-1.8806111110139341],[101.67319021345764,-1.8794194211693025],[101.6720147914495,-1.8787006047490422],[101.67096909035132,-1.8780611193251389],[101.67017283690694,-1.8775741787053448],[101.66761797269135,-1.8760117811187342],[101.66756623469405,-1.8759801411705439],[101.6654046583983,-1.8746582537753511],[101.6645027364122,-1.8741066941685744],[101.66323857559985,-1.8733336117567205],[101.66306136868729,-1.8732252425508591],[101.66069444389353,-1.8717777783217571],[101.6595720728929,-1.8721202536467558],[101.65605781461653,-1.8731925800734643],[101.65374800666524,-1.8738973850562388],[101.65154664166425,-1.8745691012829298],[101.6512040629172,-1.87467363398099],[101.64638131444616,-1.876145227919892],[101.64628246096686,-1.8761753920806541],[101.64293272196761,-1.8771975183507266],[101.6423055563564,-1.8773888886861982],[101.63898493920362,-1.8802306438291225],[101.62909962814535,-1.8886904089351901],[101.62909166734664,-1.8886972221989708],[101.62907855073456,-1.8886775711129644],[101.61763611121762,-1.8740083326184163],[101.61077338468402,-1.8677190605861256],[101.60195146169065,-1.8596343037800693],[101.59828888902109,-1.8562777775973132],[101.59627988091182,-1.8541614542876346],[101.58303223494977,-1.8402061506932341],[101.57988609436779,-1.8368919502032668],[101.57905532224538,-1.8360168001351553],[101.57872685116331,-1.8356707832799657],[101.57410833333296,-1.8308055562313825],[101.56621116970979,-1.8232265115942141],[101.55860467686443,-1.8159264312597543],[101.55280588968014,-1.8103612348830325],[101.55223712694192,-1.8098153841725662],[101.55211111123884,-1.8096944442431777],[101.55003081387105,-1.8076758808371665],[101.54177399157652,-1.7996640887266722],[101.54140975625529,-1.7993106632564491],[101.53682377229933,-1.7948607719070537],[101.53565417070348,-1.7937258787462724],[101.53033301075988,-1.788562629861417],[101.52768055571312,-1.7859888888760906],[101.5256876157909,-1.7840992657684751],[101.52137633245184,-1.7800114882395519],[101.51856545643074,-1.7773463329668289],[101.51302885399849,-1.7720967599574351],[101.51128273211248,-1.7704411602313144],[101.50898055580808,-1.7682583329556678],[101.50893729931698,-1.7682150692699565],[101.50581262465295,-1.7650899341530817],[101.50537191188431,-1.7646491557338777],[101.50319351646766,-1.7624704383599692],[101.50000815645132,-1.7592846061995715],[101.49985237858448,-1.7591288058496843],[101.49806704176063,-1.7573432046251583],[101.49720891585883,-1.7564849519189352],[101.49699002536943,-1.7562660281546414],[101.49634762524278,-1.7556235335991346],[101.49020000003003,-1.7494750000711292],[101.484747254882,-1.7446097478415368],[101.48427203602569,-1.7441857309866577],[101.47405320599074,-1.7350679040604859],[101.46790604123089,-1.7295830513166948],[101.4660349801303,-1.7279135822460034],[101.46472777776478,-1.7267472218068178],[101.46362455333053,-1.7258571097177651],[101.46231134709103,-1.7247975779458216],[101.46209851263632,-1.7246258577970366],[101.46195922383919,-1.7245134749168756],[101.46173385373442,-1.724331640992375],[101.46146053087887,-1.7241111155354929],[101.45909940671231,-1.7222060951351068],[101.45848916724134,-1.7217137369993338],[101.45693681058538,-1.7204612529843644],[101.45594838191238,-1.7196637602742726],[101.45587829684598,-1.7196072136019893],[101.45509064002107,-1.718971711275401],[101.45306751885096,-1.7173394003929729],[101.45119000871199,-1.7158245715467046],[101.44953978603235,-1.7144931261568104],[101.44899288761172,-1.7140518728955954],[101.44544444430574,-1.7111888892557658],[101.44412066923354,-1.7086213697803601],[101.44373473866733,-1.7078728415583555],[101.44366045106904,-1.7077287566767154],[101.44363667839008,-1.7076826475361031],[101.44277520790956,-1.7060117890127913],[101.44054597291836,-1.7016880905329117],[101.43995600326701,-1.7005438183425099],[101.43971578085865,-1.7000778975768753],[101.43968451862571,-1.7000172643852238],[101.43909377735599,-1.69887149392423],[101.43879880332219,-1.6982993794127879],[101.43791232179626,-1.6965800096596695],[101.43752377780015,-1.6958264092613149],[101.43750116075,-1.695782542130587],[101.4375009718924,-1.6957821752071709],[101.43750032527987,-1.6957809206529078],[101.43727099995675,-1.6958270001159121],[101.43701448363157,-1.6958558107969566],[101.43692487878019,-1.6958658751099733],[101.43666075868714,-1.695536082024546],[101.43649836540732,-1.6952060560146265],[101.4364394688065,-1.6950863643442062],[101.43643253503353,-1.6950730741630196],[101.43626814705738,-1.6947579975834515],[101.43619676426931,-1.6945295697837537],[101.4359993468924,-1.6941901998177968],[101.43594062386074,-1.6940892518174451],[101.43576678221132,-1.6939377879984931],[101.43522434892463,-1.6934651771761651],[101.43509568471814,-1.6929883026679704],[101.43498091503727,-1.6925629242394962],[101.43484899978159,-1.6920739997152623],[101.43456163940817,-1.6918349095533927],[101.43456131115562,-1.6918346370588324],[101.43446800019814,-1.6917570003852234],[101.43420333511591,-1.6910474505793331],[101.43409352069949,-1.6907524909346421],[101.43349934671755,-1.689707830352063],[101.43298538416821,-1.6887560463543991],[101.43234768839517,-1.6874235469590531],[101.43185270244032,-1.6868865338863657],[101.43133879744761,-1.686328994687301],[101.43067366066094,-1.6854510153520437],[101.43046522838762,-1.6851758839598574],[101.43014906632641,-1.6847585508663769],[101.4292163173792,-1.6835593031192957],[101.43015858385161,-1.6831785886209332],[101.43084529717277,-1.6826594216948934],[101.43083537495266,-1.6824933465906042],[101.43080935306926,-1.6820578184135684],[101.4307820001892,-1.6815999996402411],[101.42997102844026,-1.6796830650213792],[101.42997099966198,-1.6796830002701881],[101.42837099962202,-1.6785949995595502],[101.42836941141928,-1.6785940327883395],[101.42828572410696,-1.6785431176706993],[101.42816311593509,-1.6784685234035805],[101.42663055605539,-1.6775361108028051],[101.42661867241384,-1.6775361260912973],[101.42635940146528,-1.6773777150094702],[101.42611351422738,-1.6772274805637153],[101.42551198558971,-1.6769305729874873],[101.42165916313991,-1.6750288593942741],[101.41908057930533,-1.6745217730613149],[101.41824701568726,-1.6743578509340296],[101.41474920780973,-1.6729158968511229],[101.41330725462615,-1.6724875938273271],[101.41191111110896,-1.672552777588578],[101.41105985422894,-1.6726828528313717],[101.40896789175486,-1.6738245601552535],[101.40889228575043,-1.6738658228493932],[101.40838485407784,-1.6742447009321495],[101.40768612491479,-1.6747664111409222],[101.40666649066605,-1.6755277277223968],[101.40587483005942,-1.6761344589380656],[101.40511736167696,-1.6767561692617505],[101.40490933589717,-1.6769269118474313],[101.4045132627769,-1.6772519996799815],[101.40315647359245,-1.6785552198474534],[101.40295080763372,-1.6790369174197508],[101.40262500034356,-1.6798000002697222],[101.40267897045817,-1.6800081735383401],[101.40274194278646,-1.6802510723290993],[101.40293242279313,-1.681694066927605],[101.4029212613072,-1.6820268223798962],[101.40290983182337,-1.6823675143492665],[101.40287082283027,-1.6835304123985679],[101.40241760588788,-1.6843245884089697],[101.40208057146128,-1.6849151776932558],[101.40135276721651,-1.6859044139574735],[101.40025427591416,-1.6869143391253942],[101.3998965741676,-1.6874046656927248],[101.39904198440013,-1.6883940629356289],[101.3987831936895,-1.6885659431637237],[101.39819729436971,-1.6889550798130131],[101.39774348657272,-1.6892564848988059],[101.39653317806375,-1.689581072708279],[101.39641769791848,-1.6896120426615653],[101.39619086911335,-1.689672876402085],[101.3961881405703,-1.6896738926359944],[101.39609631889005,-1.6897081289269522],[101.39538055566817,-1.6899750000461609],[101.39435596975227,-1.6898032457231693],[101.39435262877089,-1.6898026863448763],[101.39238759481174,-1.6899349820137672],[101.39237889566954,-1.689935568371709],[101.39114245735857,-1.6897139268562],[101.39106625330498,-1.6896825558052342],[101.3893665490271,-1.6889828400859415],[101.38729623143598,-1.6879247139543168],[101.38728547464501,-1.6879180167030654],[101.3856821282277,-1.6869197629366681],[101.38434011220647,-1.6858918360393318],[101.38315277777855,-1.6847833325846864],[101.37318888935584,-1.6752722222352077],[101.37164371738373,-1.675630036397024],[101.37069271399758,-1.6775369525682322],[101.36855119887878,-1.6794405223621425],[101.36165076197312,-1.6804517929158465],[101.3577841376279,-1.6799164139113145],[101.35566666678329,-1.6793611113261591],[101.35036111097656,-1.6798888892607806],[101.34280555573184,-1.6816388890234748],[101.33650277768112,-1.6807055564162283],[101.33424519246171,-1.6830084503796456],[101.3333194438373,-1.6839527780981598],[101.33108333262976,-1.6854166666457786],[101.33248655740874,-1.6880882700575626],[101.33248972122374,-1.6881366149128212],[101.3326300613283,-1.6902811229754207],[101.33268256015208,-1.691083347918152],[101.33233055561072,-1.692758332530957],[101.33056282661323,-1.695215841537788],[101.32772327480933,-1.6955470879277073],[101.32632522562869,-1.6951964287721353],[101.32250772045501,-1.6942389205896689],[101.31848888945075,-1.6950055557617247],[101.31585216534523,-1.6970773887104542],[101.31552853711236,-1.6973316828108409],[101.31340099026357,-1.6997056735779097],[101.31273306198131,-1.6999854913373156],[101.31213507037728,-1.7002360100837564],[101.31172180132012,-1.7004091421681551],[101.31067287075643,-1.7008480868696552],[101.31042280257032,-1.7009527328822855],[101.30897205491647,-1.700986202950844],[101.30896470475739,-1.7009863729227277],[101.30717864577792,-1.7009250832259681],[101.30413439388724,-1.6999403408739795],[101.30251722668874,-1.699495905811375],[101.30128055905061,-1.6991466648866549],[101.29950531441881,-1.6990531416890917],[101.29866132765818,-1.6990541534264025],[101.29864944401669,-1.6990541669161985],[101.29655660290496,-1.6984508720100848],[101.29524767384112,-1.6981314687922122],[101.29426485873631,-1.6980051059508128],[101.29297708442499,-1.6980066437915298],[101.29296520078344,-1.6980066581807023],[101.29158050473654,-1.6980399663713115],[101.29157048269167,-1.6980402073896244],[101.29001700817844,-1.6978507526101225],[101.28820948597905,-1.6972789906328671],[101.28618029528445,-1.6968987932446566],[101.28410612319908,-1.6965811473020835],[101.2828696687003,-1.6964231948745123],[101.28088450341716,-1.6964255510982298],[101.28087261977566,-1.6964255645880826],[101.27912905016558,-1.6963319802366641],[101.27706833733396,-1.6961112290499614],[101.27481727579669,-1.6957631626398211],[101.27193441983769,-1.6953523945973075],[101.27193214994884,-1.6953520717406718],[101.26984662122464,-1.6954252459782992],[101.26911101266319,-1.6954510556216746],[101.26770542266718,-1.6956740263352117],[101.2675590795879,-1.6956880000011552],[101.2666911510758,-1.6957708752256622],[101.26599133822975,-1.6959594657566868],[101.26526511769111,-1.6961551744217331],[101.26434653486473,-1.6967620693139907],[101.26320653715203,-1.6977837279366668],[101.26317570209704,-1.6978013510514529],[101.26139147143931,-1.698821101312717],[101.26130581910832,-1.6988700541096478],[101.25978601431319,-1.7004023217097597],[101.2597823810521,-1.7004123059830931],[101.25752917463177,-1.7066041445655742],[101.25608316100914,-1.7101158928341533],[101.2558635519614,-1.7106492285789727],[101.25288055559321,-1.7138333331417357],[101.24631600917655,-1.7180347301186316],[101.24443888934331,-1.7192361110576257],[101.24227088109632,-1.721059371392812],[101.23914783780253,-1.7222491007153735],[101.23603888868382,-1.7227583328307219],[101.23543567561597,-1.7217356840545222],[101.23503097529931,-1.7212099385877764],[101.23402572840467,-1.7209929996271853],[101.23381840139814,-1.7209482583554063],[101.23360466672204,-1.7211159441454811],[101.23303438323023,-1.7212840508182694],[101.23234538832907,-1.7215718941275782],[101.23201294224356,-1.7218593165541733],[101.23190135346476,-1.7219357058680771],[101.23167940887765,-1.7220876382338588],[101.23166295398221,-1.7220989031418412],[101.23068288001099,-1.7227698171732868],[101.22992301943185,-1.7234404533141969],[101.2283333328171,-1.7236111113636525],[101.22759283014506,-1.7228212943671792],[101.22711598441521,-1.7215780499869879],[101.22711492861112,-1.7206691159868797],[101.22695170525708,-1.7200696270116396],[101.22682846845913,-1.7196170009237903],[101.22623410472022,-1.718405940581647],[101.22454548908314,-1.7187107442054526],[101.2242965459489,-1.7189259699575246],[101.22420437443242,-1.7190056588839866],[101.22388059241547,-1.7192855890586429],[101.22277777807204,-1.7205555558941228],[101.22141199027118,-1.7223023297886471],[101.22003404003897,-1.7229258522462487],[101.21865653137388,-1.723932085697129],[101.21803906045432,-1.7244112004165117],[101.21680339376167,-1.7247475216807402],[101.21594805216091,-1.7250833977805087],[101.21472222225282,-1.7244444438559299],[101.214685875253,-1.723051715064571],[101.21435790059667,-1.7228968742912798],[101.21347292813317,-1.7224790645571488],[101.21289456962876,-1.7226299770917421],[101.21126295122428,-1.723055717946977],[101.2093373048728,-1.7228426901380089],[101.20783902714942,-1.7221986073797666],[101.20694444363124,-1.7205555558941228],[101.20669342935832,-1.7181814374233682],[101.20552482960727,-1.7167720855632638],[101.20398163344566,-1.7164623680437785],[101.201984428039,-1.7160341279725912],[101.20000000019991,-1.7147222221527727],[101.19798657462076,-1.7121637462598187],[101.19677199613079,-1.7101558802896193],[101.19619930425455,-1.7082190319827077],[101.19614688636977,-1.7068010682147019],[101.19611111133878,-1.7058333329418929],[101.19576541374289,-1.7029093231067236],[101.19519232886296,-1.7006136731824313],[101.19483350386315,-1.6986048152599551],[101.19444444365621,-1.696388889335708],[101.19440078516817,-1.6942997309477619],[101.19482590369256,-1.691859418777085],[101.19472222175318,-1.6883333326171623],[101.19467555323428,-1.6849706658634886],[101.19381605586636,-1.6815989348428957],[101.19312531358241,-1.6803379423421347],[101.19194444438068,-1.6791666671079497],[101.19180347834788,-1.6786911991395073],[101.19101111806873,-1.6760186181646759],[101.18917672322726,-1.6778726631928294],[101.1886670747258,-1.6784300027424024],[101.18762760233204,-1.6795667467079625],[101.1863888887363,-1.6808388890034962],[101.18597561877982,-1.6828881597606937],[101.18597333809913,-1.6828994732320552],[101.18580670361655,-1.6842286010690373],[101.18521356745225,-1.6852339118155442],[101.18469151190379,-1.6857061952846379],[101.18373562160173,-1.6865709518878589],[101.18303232568132,-1.6876568652720607],[101.18249999987518,-1.6891666669080792],[101.183137603018,-1.6907481975712244],[101.18327265241106,-1.6910831779462683],[101.18341720134282,-1.692805258256044],[101.18270617664882,-1.6946718290416243],[101.18135286784064,-1.6961085688553226],[101.18117488571244,-1.6963281689098153],[101.17999999970027,-1.6977777780219867],[101.17940149008678,-1.6992177158248865],[101.17927083837856,-1.6995320486650485],[101.17921578098355,-1.6996645098092245],[101.17857646733017,-1.7001876670271372],[101.17795709524381,-1.7006945060465455],[101.17691175117642,-1.7011980157757876],[101.17548693457445,-1.7024674025485638],[101.17501286325307,-1.7036639505308244],[101.17482655070484,-1.7043423451231092],[101.17472222215287,-1.7047222223526433],[101.17423287764524,-1.7060913583295019],[101.17280840728222,-1.7076717117800513],[101.17131246060165,-1.7091086278608145],[101.16917726411953,-1.710604866821086],[101.16837802582529,-1.7102362194259513],[101.16749999972529,-1.7097222218030197],[101.16510875186748,-1.7095462442637199],[101.16261224196148,-1.7090467482088343],[101.16083333259229,-1.7074999997251439],[101.16054000072052,-1.7053175096952486],[101.15904083266832,-1.7038839768640059],[101.1571834268737,-1.7009438529763656],[101.15582916658281,-1.6991641665929933],[101.15100147184052,-1.6952102198757188],[101.14972527809914,-1.6941649999147899],[101.14589051763335,-1.6917076231083001],[101.14573063076404,-1.6916051651461999],[101.14156716269446,-1.6883804966625462],[101.1394408326284,-1.6858299995548123],[101.13844770679628,-1.6854266059530687],[101.13454974377572,-1.6838433072227872],[101.13307707334832,-1.6842908359532771],[101.13166666658344,-1.6847194438472002],[101.13166638869296,-1.6847199996282143],[101.13166192176033,-1.6847736549801198],[101.13166191636441,-1.6847737269259255],[101.13166191276713,-1.6847737655967308],[101.13147966785243,-1.6869625265993022],[101.13111138917935,-1.6913855560985098],[101.13111149260135,-1.6917076231083001],[101.13111224713253,-1.6940446724236722],[101.1311141671851,-1.6999955556503323],[101.13056000044372,-1.7091663886179163],[101.13111111128882,-1.7180563893908243],[101.13088183362976,-1.7225244821191268],[101.1306817623535,-1.7252454133450783],[101.1305566666569,-1.7269466671548912],[101.131386667161,-1.7361080563416635],[101.13156014638372,-1.7370630131475195],[101.13305250027275,-1.7452780556376979],[101.13281278688066,-1.7485960323809309],[101.13227098222012,-1.7522339771163047],[101.13194111089359,-1.7544488886052818],[101.13164323564689,-1.75922041618918],[101.131386667161,-1.7633302783696081],[101.13177019114147,-1.7696044516840743],[101.1319472217869,-1.7725005555561211],[101.13193222199453,-1.7813908333202448],[101.13166555592073,-1.7902811110843686],[101.13416750042984,-1.7997222218030515],[101.1344061652124,-1.8034270805952701],[101.13472222205297,-1.8083333329169591],[101.13527777824692,-1.816388888736185],[101.13555555634389,-1.8263888885363144],[101.13583333264222,-1.8358333330418191],[101.13583333264222,-1.8441666669580741],[101.13610606014663,-1.8489393897410196],[101.13638888883622,-1.8538888886612312],[101.13625338078896,-1.8580896462201508],[101.13611111073925,-1.8624999997751388],[101.13694444413085,-1.8722222223776157],[101.13765143896279,-1.8771711844025845],[101.13805555561947,-1.8800000000998693],[101.13773277184998,-1.8892444200938598],[101.13833333281713,-1.8988888891108786],[101.14117935344444,-1.9029546323503723],[101.14164045384393,-1.9036133470782488],[101.1441666674578,-1.9072222221278139],[101.14833333261726,-1.9147222217530953],[101.15444444445563,-1.923333332866946],[101.15722222182814,-1.9325000001747981],[101.16277777837183,-1.9391666673078021],[101.16584517341607,-1.9435760468970216],[101.16686360886854,-1.9450400496585303],[101.16722222162826,-1.945555556343777],[101.17138888858642,-1.9511111110888351],[101.17497812873773,-1.9575204686946108],[101.17527777834687,-1.9580555563188113],[101.18083333309193,-1.9652777778471204],[101.185277778147,-1.9733333327670266],[101.1872228039893,-1.9767911558870992],[101.19027777759743,-1.9822222219779064],[101.19555555604416,-1.9905555558941614],[101.19865061243587,-1.9950433878420313],[101.20111111078921,-1.9986111108140676],[101.20666666733291,-2.0075000000249474],[101.20875667378152,-2.0109833441060232],[101.21166666678329,-2.0158333330418259],[101.21694444433069,-2.0238888888611086],[101.21855473891014,-2.0274413485393552],[101.21994187481772,-2.0305014977458882],[101.22468954608576,-2.0409752963727783],[101.22551666696069,-2.0428000001198825],[101.23046742403244,-2.0511172721443245],[101.23328367260348,-2.055848570355181],[101.23426666667336,-2.0574999999250281],[101.23429286572326,-2.0575444660042308],[101.23433014262207,-2.0576077351088315],[101.23968285527963,-2.066692716095929],[101.23968305582844,-2.0666930560396395],[101.23968940504204,-2.0667027750130273],[101.23968946529664,-2.0667028658445474],[101.24368333291955,-2.0728166666557968],[101.24145712594566,-2.0938456255751134],[101.24105555616904,-2.0976388886237487],[101.25721666741532,-2.0953833331742544],[101.26106666689321,-2.1018999996852017],[101.26305805818288,-2.1233144682880152],[101.26332875232015,-2.1262253830948907],[101.26343333268221,-2.1273499997026875],[101.26552133274339,-2.137565137121328],[101.26560000004002,-2.1379500001922906],[101.26620603877774,-2.1428538261430958],[101.26642650038275,-2.1446377096625042],[101.26778333273467,-2.1556166673752273],[101.26923445270791,-2.1675046885904408],[101.26995000009248,-2.1733666666382874],[101.27248139020406,-2.1898881047521854],[101.27276666684827,-2.1917499999624965],[101.27279440373883,-2.1920375599853514],[101.27440000025985,-2.2086833329693718],[101.27530816264164,-2.2167042298162869],[101.27648333283958,-2.2270833325297303],[101.27872390558383,-2.2431816962782136],[101.27891666717051,-2.2445666666183115],[101.27921367457151,-2.2469386662863826],[101.27928396738128,-2.2475000321007315],[101.27972221061157,-2.2510000001498156],[101.27975347824048,-2.2512857840116567],[101.2797554522524,-2.2513038334051316],[101.27982736204319,-2.2519613412428612],[101.27982814715131,-2.2519685196314185],[101.279965083322,-2.2532205917568717],[101.28002785240352,-2.2537945184022306],[101.28020515104697,-2.2554156453157361],[101.28037772645098,-2.2569935831872385],[101.28059323638882,-2.2589640904203634],[101.28090878960899,-2.2618493583611325],[101.28099999975024,-2.2626833329694023],[101.28154414804408,-2.2641791510469602],[101.28295099439293,-2.2680464507830038],[101.28331588442057,-2.2690495015332317],[101.28612222246267,-2.2767638887424368],[101.28687718803184,-2.2780957262367565],[101.29167159167071,-2.2865535353173527],[101.29286944366993,-2.288666666933068],[101.29696770909254,-2.2886536897159431],[101.29707872770121,-2.2891199729083951],[101.29767461758956,-2.2893908316215175],[101.29951645791823,-2.2896075187719021],[101.29956456984905,-2.2896157673537232],[101.30141246980969,-2.2899325499471956],[101.30341682482668,-2.291124328824651],[101.30590872570718,-2.2930745122788494],[101.30818394123594,-2.2948621810447776],[101.31029664027778,-2.2964331617609446],[101.31076635168586,-2.2971275202188508],[101.31154258981871,-2.2982750020896106],[101.31200205615005,-2.2990560938636122],[101.31208430814439,-2.2991959222539435],[101.31219933772934,-2.2992189278112392],[101.31533461360158,-2.2998459828058344],[101.31706811080471,-2.3009294185577573],[101.31869326398299,-2.3032046331872493],[101.32064344743719,-2.3038546937390834],[101.32248528686654,-2.3042880680398525],[101.32427295563247,-2.3051548166414477],[101.32684611475645,-2.3068612271638358],[101.32727948905722,-2.307727975765431],[101.32733278557964,-2.3078220286636224],[101.32820040922155,-2.3093531289437124],[101.3289046422355,-2.3097865032444815],[101.33112568440288,-2.3104907362584299],[101.33313004031919,-2.311465827086181],[101.33415930270974,-2.3121158885373916],[101.33719292191586,-2.3141744160164421],[101.34000985397165,-2.3161245985713208],[101.34076825944766,-2.3167204893590565],[101.34217672457623,-2.3183456416380182],[101.3429351300523,-2.3195915929775879],[101.3432059878661,-2.3201333104038895],[101.34488531260718,-2.3209458865433703],[101.3451325362376,-2.3210634189416055],[101.34653755246615,-2.3217313769014822],[101.34930031205982,-2.3234648741046158],[101.35070483186257,-2.3243652069886593],[101.35141301110161,-2.3248191676703982],[101.35292982115436,-2.3256859162719934],[101.35471748902097,-2.3270402107370955],[101.35514570481047,-2.327468427425913],[101.35515086332174,-2.3274735850378647],[101.35815739584717,-2.3285841056718937],[101.36167856091691,-2.3288549652843926],[101.36389960398361,-2.3289091368471304],[101.36492886727348,-2.328638278134008],[101.36556244595016,-2.3286958761137271],[101.36671653603935,-2.3288007928222783],[101.36920843691991,-2.3297758845494059],[101.37256708730132,-2.3313468661648926],[101.3745172698562,-2.3319427560533086],[101.37608825057237,-2.3323761303540778],[101.37679248358631,-2.3321594432036932],[101.37847180922665,-2.3318885835911942],[101.38134291284518,-2.3314010377276873],[101.38258886418481,-2.3319969267167266],[101.38361812657536,-2.3328095037555272],[101.38387419234016,-2.3330210359919761],[101.38486407791493,-2.3338387670453926],[101.38567665405441,-2.3346513440841932],[101.38741015125754,-2.3364390119508016],[101.38778935309625,-2.3376307908283138],[101.38784352465899,-2.3381183366918208],[101.3870851200823,-2.3382808522794676],[101.38573082561715,-2.3382808522794676],[101.38443070361416,-2.3387683981430314],[101.38318475317391,-2.3403393797585181],[101.38220966144678,-2.3419103613740049],[101.38161377245768,-2.3439147163909979],[101.3813999622385,-2.3447699572676584],[101.38128874128245,-2.3452148392933623],[101.38063867983129,-2.3457023851569261],[101.3772258587864,-2.346244101683908],[101.37457144231826,-2.3467316475474718],[101.37207954143776,-2.3473817089986255],[101.37067107540986,-2.3471650218482409],[101.36999392817728,-2.347300451654462],[101.37134822174312,-2.3488714332700056],[101.37373178039741,-2.3506049295738194],[101.37568196295229,-2.3523925983396907],[101.37719877300503,-2.3532051735798518],[101.37866140969635,-2.3552095303954843],[101.3825346917227,-2.3562658785673989],[101.38432235958931,-2.3562658785673989],[101.3865597298477,-2.3564164709433157],[101.38995622370084,-2.35664508220475],[101.39358573189605,-2.3568075968930202],[101.39602346211313,-2.357132628068257],[101.39862370701854,-2.3568617693551346],[101.40030303175956,-2.35664508220475],[101.40058803590921,-2.3565459499355939],[101.40154898219981,-2.356211707903924],[101.40265950283384,-2.3559137634094327],[101.40363459546029,-2.3556970762589913],[101.40563895137655,-2.356726338649537],[101.40655987064156,-2.3584056642899327],[101.409539318285,-2.3606808780200481],[101.41180852814114,-2.3622554308433905],[101.41219373475309,-2.3625227183487141],[101.4134396851934,-2.3633894669503093],[101.4147398080957,-2.3640936999642577],[101.41549821177313,-2.3646895889532971],[101.41606701588012,-2.3660167967377106],[101.41720462319489,-2.3679128086291712],[101.41740491390573,-2.3682817653910888],[101.41823388738408,-2.3698088214199515],[101.41893812039802,-2.3705672259966377],[101.42000627037316,-2.3714751527560338],[101.42002155525063,-2.3714881461609707],[101.42110499010329,-2.3721923791749191],[101.42354272032037,-2.3728966121888675],[101.42587210561322,-2.3737091883283483],[101.42733474410323,-2.3743050782167643],[101.429772473421,-2.3756052002197521],[101.43074756514807,-2.3763636047964951],[101.43264357703953,-2.3764177772585526],[101.43421455775569,-2.3760385736212015],[101.43508130635729,-2.3760927460833159],[101.43741069165014,-2.3776637267994829],[101.43925253197881,-2.378692990988668],[101.44074225625019,-2.3801285427979906],[101.44334250115554,-2.3824579289901635],[101.4444259360082,-2.3832163335669065],[101.44610526074922,-2.384245596856772],[101.446242987424,-2.3843114659013622],[101.44735121208885,-2.3848414867451879],[101.44827213225318,-2.3854373757342273],[101.44951808179411,-2.3861416087481757],[101.4499914507449,-2.3863309574077221],[101.45087237715853,-2.3866833270738539],[101.45255170100029,-2.3872250436008358],[101.45347262116462,-2.3873875600878023],[101.45455605691654,-2.3884168233776677],[101.45628955322036,-2.3896086022551231],[101.45737298897234,-2.3905836939822507],[101.45932317242654,-2.3918296453218204],[101.460188867922,-2.3924145751724382],[101.46032534993503,-2.3925067916550802],[101.46260056366515,-2.3936443989697977],[101.46395485813025,-2.3947820062845153],[101.46585087002171,-2.3957029255495286],[101.46666344706051,-2.3961904723124121],[101.4679635690635,-2.3975989383403089],[101.46888448922783,-2.3979239686162259],[101.47121387542006,-2.3981948273293483],[101.47300154418599,-2.4004700419588403],[101.47408497903859,-2.4010659309478797],[101.47451147892167,-2.4010659309478797],[101.47522258635331,-2.4010659309478797],[101.47636019276877,-2.401120103409994],[101.47841872024782,-2.4029619428393403],[101.47997367234717,-2.4042666729685607],[101.48077519222142,-2.4049392120749076],[101.48175028394849,-2.4054809304005857],[101.48478390315466,-2.4071060826795474],[101.48754666274834,-2.4089479230082134],[101.48868427006306,-2.4098146716097517],[101.49139285899332,-2.4106272477492325],[101.49166371770644,-2.4108439348996171],[101.49182623329409,-2.4119273706515969],[101.49334304244752,-2.414202585281032],[101.49404072839695,-2.4150226707595834],[101.49488693828164,-2.4160173389290094],[101.4967829501731,-2.4181300379708546],[101.49781221346296,-2.4190509581351876],[101.49840810335132,-2.4199177058374062],[101.50030411524278,-2.4200260498622583],[101.50279601612328,-2.4198093627118737],[101.5054209258351,-2.4201010191466708],[101.50620883716817,-2.4201885645505854],[101.50772564722092,-2.4203510801381753],[101.5092424563743,-2.4210553131521237],[101.51124304772856,-2.4228177397468471],[101.51151767010447,-2.4230596690684365],[101.5140637443464,-2.424901507598463],[101.5170973626532,-2.4263641469877371],[101.51931840482058,-2.4275559249659295],[101.52040183967324,-2.4283685020047301],[101.52194573640668,-2.4291539932621049],[101.52270414008404,-2.4295331951008166],[101.52373340427323,-2.4302915996775596],[101.5241299738193,-2.4304834889218228],[101.52541272901431,-2.4311041758170404],[101.52627947671652,-2.4314292069922772],[101.52925892435991,-2.433162703296091],[101.53104659312584,-2.4341377950231617],[101.5328884334545,-2.4351128867502894],[101.53500113159703,-2.4365755252402437],[101.53770971962791,-2.4383631931068521],[101.53863063979225,-2.4389590829952112],[101.53933487280619,-2.4394466279594553],[101.54058082414576,-2.4395549719843075],[101.54188094614881,-2.4397716591346921],[101.54253100670064,-2.4398800031595442],[101.54439993281073,-2.4410446962556875],[101.54569488101401,-2.4415626751772948],[101.54629594470214,-2.441803099933054],[101.54835447218119,-2.4428865356850338],[101.54848569046231,-2.442988594348094],[101.54850942626905,-2.4430070556310852],[101.54924257968139,-2.4435772869621815],[101.54981710977188,-2.4440241429997513],[101.55214649596405,-2.4455951237159184],[101.5542591950059,-2.4472202768941997],[101.55577600505865,-2.4484662282338263],[101.55631772158563,-2.4491162887856603],[101.55651636383919,-2.4495797867776901],[101.55664275276087,-2.4498746942616663],[101.55667878319935,-2.450379112306166],[101.55669692522298,-2.4506330979390896],[101.5567510958864,-2.4513915034150955],[101.55685943991131,-2.4518248768165449],[101.5568956241338,-2.4518574430665012],[101.55690256060473,-2.4518636861601522],[101.55691812786938,-2.4518776957989985],[101.5569978707552,-2.4519494652955132],[101.55705978907804,-2.4520051908867799],[101.55719985758742,-2.4521312533545938],[101.55757401692739,-2.4524679973001753],[101.55770224226472,-2.4525834001037765],[101.55794287476391,-2.4527999685436725],[101.55800549545734,-2.452838419957061],[101.55884065177474,-2.4533512349714783],[101.55948677059803,-2.4537479753886942],[101.56006480264858,-2.4551208003845773],[101.56035351919962,-2.455806501968425],[101.56048946431736,-2.4560632880902062],[101.56084106506319,-2.456727422132758],[101.56073272103828,-2.4589484651994553],[101.56029292467878,-2.4598005701401462],[101.55986597333606,-2.4606277899405313],[101.55873872081537,-2.4618489802462022],[101.55856585133301,-2.4620362559683713],[101.55784783261146,-2.4627412192318161],[101.55660554331121,-2.463960920260206],[101.55569301741889,-2.4648568545601393],[101.55558640279031,-2.4649615311496973],[101.55517840106239,-2.465391586952137],[101.55514813617759,-2.4654234877037311],[101.55458422618113,-2.4660178802209316],[101.55447588215628,-2.4672638306611816],[101.55477642928884,-2.469100506183338],[101.55496342801985,-2.470243278304622],[101.55506906778334,-2.4707582723763153],[101.55528008201026,-2.4717869645966744],[101.55539680232062,-2.4723559773464103],[101.55545097388341,-2.4731685543852109],[101.55496342801985,-2.4741436461123385],[101.55427815721123,-2.4746520733344823],[101.55328410327883,-2.4753895956532688],[101.55301324366633,-2.4761480011292747],[101.55302878664924,-2.4768163314085427],[101.5530634051521,-2.4783049018496968],[101.55306741612839,-2.4784773873215045],[101.5530991289217,-2.479671919023815],[101.55313953905852,-2.4811940242847186],[101.55314867437187,-2.4815380923090515],[101.55320284593466,-2.4826756987244494],[101.5533111890602,-2.4843550243648451],[101.55300051915867,-2.4857530411698576],[101.55287781475943,-2.4863052069197238],[101.55236143303375,-2.4880062314024372],[101.55195689459509,-2.489338826125902],[101.5513068340432,-2.4910181508669211],[101.55081253517039,-2.4924278201876859],[101.55061903344171,-2.4929796576849981],[101.55057551524789,-2.4931037641273406],[101.55049943080417,-2.4933624478186402],[101.55041440709925,-2.4936515285951373],[101.5503088518721,-2.4940104165474395],[101.55030465563539,-2.4940246842916736],[101.55032397756958,-2.4943145187000368],[101.55036546059756,-2.4949367587244069],[101.55041299966024,-2.4956498365706352],[101.55055440366289,-2.4962154561783336],[101.55067253680818,-2.4966879887596178],[101.55067254400274,-2.4966880166385863],[101.55067255119735,-2.4966880454169313],[101.55067255839191,-2.4966880732958998],[101.55073802993621,-2.4969499603723193],[101.55086584608199,-2.4974186168756205],[101.55106306111145,-2.4981417392498315],[101.55086140163246,-2.498657090352367],[101.55086138994125,-2.4986571200300318],[101.55057551524789,-2.4993876887907618],[101.55053505384973,-2.499474835795013],[101.55030440382524,-2.4999716212932412],[101.55013587537042,-2.5003346056574856],[101.55013585558532,-2.5003346470263068],[101.54987128223394,-2.5009044988435107],[101.5498388490837,-2.50096071726324],[101.54962794457407,-2.5013262817824398],[101.54944738588819,-2.501639251250424],[101.54927189668075,-2.5019434307446886],[101.54927184182208,-2.5019435269721271],[101.54927174289668,-2.5019436987426502],[101.54927169703126,-2.5019437787823335],[101.54905870519514,-2.5023129648714075],[101.54899169041425,-2.5024312257204429],[101.54864862423466,-2.5030366376306574],[101.54842041227226,-2.5034393648347759],[101.5481377850308,-2.5039381180496889],[101.54778834805387,-2.504853312230523],[101.54756898182313,-2.5054278414216924],[101.54759037309731,-2.5061123469072299],[101.54759370778345,-2.5062190649578611],[101.54759411067971,-2.5062319702291802],[101.54762315428519,-2.5071613377255062],[101.54807351767874,-2.5078368850641368],[101.54851377539046,-2.5084972698330716],[101.548598245113,-2.5086239762154605],[101.54864216080716,-2.5086937249354264],[101.54894508844512,-2.5091748442436028],[101.54951916527733,-2.5100866129068322],[101.54957333684007,-2.5106825027952482],[101.54957333684007,-2.5108506103672994],[101.54957333684007,-2.5121355185393099],[101.54957333684007,-2.5123076559734727],[101.54953852678165,-2.5132301337636136],[101.54948280029106,-2.5147068880124266],[101.54946499371454,-2.5151787595920609],[101.5495150041142,-2.5160956148206992],[101.54957628032116,-2.5172190119478159],[101.54962750930218,-2.5181582072354445],[101.54962904894154,-2.5183322512323798],[101.54963965104912,-2.5195303109750284],[101.54963965734436,-2.5195309557889232],[101.54965459508355,-2.5212189122229915],[101.54965459508355,-2.5213583098380923],[101.54965459508355,-2.521977315900358],[101.54927539234552,-2.5227357213764208],[101.54867950335648,-2.5233857819282548],[101.54805113445235,-2.5245685936656059],[101.54775858319215,-2.5251192791313883],[101.54775858319215,-2.5258776837080745],[101.54743355201686,-2.5263652295716383],[101.54673715929255,-2.5268083893956259],[101.54624177403872,-2.5271236341483245],[101.54539814161103,-2.5283047191874175],[101.54515833828674,-2.5286404442010735],[101.54521250984953,-2.5286404442010735],[101.54509374088349,-2.5289175720882326],[101.54500081933242,-2.5291343896403191],[101.54480622222945,-2.5295884501468322],[101.54496575566515,-2.5302620387620323],[101.54529376809296,-2.531646976726563],[101.54532973827685,-2.5326900913745476],[101.54534556274757,-2.5331490271058783],[101.54538203924977,-2.534206834877466],[101.54540211121849,-2.5347889390582168],[101.5454202181686,-2.5357123881161669],[101.54542989757175,-2.5362060529669179],[101.54544506014145,-2.5369793143438528],[101.54545628278129,-2.5375516995512726],[101.54559550592791,-2.5389439319168901],[101.54561879836893,-2.5391768527294971],[101.54590572167177,-2.5399556440377182],[101.54599800110691,-2.5402061160194194],[101.54588965708206,-2.5412353802086045],[101.54526651503772,-2.5417911549378118],[101.54453475827256,-2.5424438019398394],[101.54391668660588,-2.5429950548778493],[101.54353264821322,-2.5433375760682111],[101.5432035188274,-2.5436311228779687],[101.54318182178372,-2.5436504735904464],[101.54311991964863,-2.5437056838701437],[101.54306682907094,-2.543753034974543],[101.5430244314324,-2.5437908496679142],[101.54295652812135,-2.5438514118131366],[101.54288938383803,-2.5439112976682168],[101.5428831236573,-2.5439168815588005],[101.5428506563328,-2.5439547610033628],[101.54262950135046,-2.5442127755990782],[101.54245994317188,-2.5444105940736108],[101.5422198412727,-2.5446907122065454],[101.54189659884901,-2.5450678294167233],[101.54177289530293,-2.5452121499207578],[101.54158300075494,-2.5454336916115494],[101.54138631812413,-2.5457746093107403],[101.54125606931223,-2.5460003751171598],[101.5410576042251,-2.5463443810882609],[101.54077042461546,-2.5468421576393894],[101.54054340335546,-2.5477826794270868],[101.54039122277675,-2.548413139254933],[101.54036344181947,-2.54856871207636],[101.54021595390321,-2.5493946467454975],[101.54012036406363,-2.5499299493076819],[101.54014782396297,-2.5504791571872829],[101.54017789099692,-2.5510804897727439],[101.54021100223605,-2.5517427046620469],[101.54021100403469,-2.5517427514267865],[101.54022870718916,-2.5520968190129452],[101.54024016275338,-2.5522428797050907],[101.54030356495764,-2.5530512641045107],[101.54036499314998,-2.5538344665873183],[101.54040309382776,-2.5543202479810247],[101.54043832476896,-2.5547694467525162],[101.54044539433954,-2.5548595786066244],[101.54050795927498,-2.5552828148499884],[101.54062961686338,-2.5561057943468768],[101.54074018491167,-2.5568537532980145],[101.54083759497911,-2.557512701849646],[101.54090585442168,-2.557974456056229],[101.54092245141004,-2.5587545270997225],[101.54093004168811,-2.559111284558071],[101.54094876017717,-2.5599910382557596],[101.54096002598448,-2.5605205293988433],[101.54106837000933,-2.5619289954267401],[101.54135536435865,-2.5627305998372663],[101.5416976850002,-2.5636867383522599],[101.54185386036744,-2.5641229518127489],[101.54227462617314,-2.5652234162276386],[101.54255809338139,-2.5659647921414148],[101.54255809338139,-2.567644116882434],[101.54238135321691,-2.5687929270519021],[101.54225660196067,-2.569603808868635],[101.54223306310541,-2.5697568150249595],[101.54210198781652,-2.5702811143818849],[101.54190803193018,-2.5710569379273238],[101.54201637595503,-2.5713819682032408],[101.54283683105496,-2.5716509698163463],[101.544388330657,-2.5721596587412137],[101.54532085297507,-2.5724654039551638],[101.54716269420305,-2.5726820911055484],[101.54860339732898,-2.5724299679686169],[101.54932956390832,-2.5723028892668935],[101.55199250145284,-2.5716763154096043],[101.55199253562705,-2.5716763073156699],[101.55199256080812,-2.5716763010204318],[101.55209232440131,-2.5716528269163632],[101.5530210542783,-2.5716166426938685],[101.55420812970146,-2.5715703932589804],[101.55605350976174,-2.5714984951594033],[101.55626355092221,-2.571490312228093],[101.55765725098144,-2.5713831040469586],[101.55978471509258,-2.571219452615594],[101.56173489944609,-2.571219452615594],[101.562631263622,-2.5710307451727203],[101.56276416273596,-2.5710027663645292],[101.5635225673127,-2.5708944232389968],[101.5643351443515,-2.5706235636264978],[101.56471434619016,-2.5702443608885233],[101.56623115624291,-2.5663981655428643],[101.56693538925686,-2.5632020316484159],[101.56747710578384,-2.5611435041693085],[101.56845219841028,-2.5589224620019877],[101.56863656302704,-2.5568483519698475],[101.56866888466135,-2.5564847317849058],[101.56910225896212,-2.5548595786066244],[101.56931894701188,-2.5533969419153095],[101.56898232267611,-2.5510854594263606],[101.56891265759316,-2.5506070956408848],[101.56890044390042,-2.5503261672187705],[101.56882403210346,-2.5485686877946705],[101.56880431536695,-2.5481151938610651],[101.56880431536695,-2.5477901635851481],[101.57021278139479,-2.5466525571697503],[101.57165506642821,-2.5459314142033804],[101.57259633825049,-2.545460778292238],[101.57332145442166,-2.5450688231675827],[101.57384178057379,-2.5447875646943316],[101.57452831043327,-2.5444164675458865],[101.57460069416675,-2.5443773416409385],[101.57485438122478,-2.5443405755570438],[101.57621739281848,-2.5441430376710059],[101.57699912670842,-2.5440297428783083],[101.57825709568846,-2.5438474287158215],[101.57833854638687,-2.5438356251139567],[101.58044801236593,-2.5433225124239698],[101.58044807621781,-2.5433224962361578],[101.58185838765451,-2.5429794471437503],[101.5822679254245,-2.5428798301400093],[101.58234725732012,-2.5428605333868859],[101.58272275125404,-2.5427280047935596],[101.58326817658514,-2.5425355022115923],[101.58405410761105,-2.542797479220269],[101.58456829858818,-2.5429688756130986],[101.5849806377463,-2.5430932320669513],[101.5858457999438,-2.5433541541708564],[101.58645459870081,-2.5435377597597721],[101.58697338431432,-2.5436942193127265],[101.58757776829941,-2.5438764939050316],[101.58798111963301,-2.5439981398022837],[101.5885078102873,-2.5440583332254505],[101.58887382536682,-2.5441001633917608],[101.58925975593303,-2.5441442688428992],[101.58976541594126,-2.5442020592775521],[101.58987713242379,-2.5442148269526683],[101.59052719387495,-2.5442148269526683],[101.59085222415086,-2.5438897957774316],[101.59121882738702,-2.5432129911865218],[101.59139911807489,-2.5428801458020303],[101.59155645716481,-2.5425896737743869],[101.59155645716481,-2.5415062389217269],[101.59079805168881,-2.5384184481528109],[101.59074388102533,-2.5366307802862593],[101.59024138393278,-2.5343955351257819],[101.58995838976796,-2.5331367009978862],[101.58995838976796,-2.5325949826722649],[101.59044593563146,-2.5317282349700463],[101.5908251383695,-2.5312948597699005],[101.59175619299396,-2.5314034825846079],[101.59305309272611,-2.531554789022266],[101.59305312240372,-2.5315547917202252],[101.59407544382674,-2.5316740634072517],[101.59474001583914,-2.5317815665659964],[101.59676288160176,-2.5321087947850174],[101.59775912538339,-2.5322699523963479],[101.59889632440593,-2.5328022584174619],[101.59926815989775,-2.5329763087096353],[101.60030519782669,-2.5334617312738601],[101.60115922821586,-2.5338740218685416],[101.60187617944217,-2.5342201358505463],[101.60323047300795,-2.5353035707032063],[101.60415139317234,-2.5358452890288277],[101.60503322610253,-2.5375822333333531],[101.60543917467822,-2.5383818286584301],[101.60585376663806,-2.5391984499484579],[101.6059390610389,-2.5393664540985128],[101.6062956566193,-2.5402381327835428],[101.6067516290845,-2.5413527318430624],[101.60691415276602,-2.5417500118535372],[101.60714209583114,-2.542409847136696],[101.60770664434619,-2.5440440645818398],[101.60794341695521,-2.544729458597601],[101.60824196489483,-2.5457628947417561],[101.60857213389693,-2.5469057873721681],[101.60864764996916,-2.5471671879153632],[101.60874343316294,-2.5477610390406653],[101.60888422292862,-2.5486339381056951],[101.60891850868228,-2.5488465126563824],[101.60904847690574,-2.5493013996398304],[101.60913519583266,-2.5496049181324452],[101.60967691325902,-2.5498757768455675],[101.61075379565119,-2.5494719461733553],[101.61097703616133,-2.5493882309820037],[101.61216881503884,-2.5487923410936446],[101.61255191543859,-2.5480899912600421],[101.61281887559068,-2.5476005631154521],[101.61498817436484,-2.5473871890674786],[101.61665360008362,-2.5472233757581648],[101.61899017095971,-2.546993550411969],[101.61942783232865,-2.5469505007649786],[101.62026090671554,-2.5467494141540783],[101.6222780743737,-2.5462625113058266],[101.62236997069766,-2.5462403286282438],[101.62244498494817,-2.5462222216781356],[101.62253560063749,-2.5462003492666554],[101.62260220173027,-2.5461842729857835],[101.62271483821928,-2.5461570846816812],[101.62285464862322,-2.546123337621907],[101.62300936708868,-2.5460859923746284],[101.6231719150519,-2.5460467567523892],[101.62331624185111,-2.5460119188149406],[101.62335528501848,-2.5460024948192199],[101.62350695927881,-2.5459634930207358],[101.62350698625846,-2.5459634858261779],[101.62350710496895,-2.5459634552491934],[101.62379080869891,-2.5458905031441645],[101.62410370532183,-2.5458100443979674],[101.62439345609317,-2.5457355373650898],[101.6244928770447,-2.5457099723373062],[101.624592316882,-2.5456844019135474],[101.6246499949014,-2.5456695702943648],[101.62465967970053,-2.5456670800716665],[101.6246740050014,-2.5456633955492407],[101.62525129690988,-2.5455149489556561],[101.62551890457382,-2.5454774840985692],[101.62616336234936,-2.5453872596143015],[101.62660449330281,-2.5453255022700887],[101.62720729358182,-2.5452411098892753],[101.62767257942608,-2.5451759701948049],[101.62795988494082,-2.5451357471170013],[101.62816068646657,-2.5451022797463452],[101.62859478562092,-2.54502993018707],[101.62893497666789,-2.5449732315293545],[101.63076978429814,-2.5442393091967119],[101.63218528302446,-2.5436731086269901],[101.63342833405045,-2.5426481369019598],[101.63426986746049,-2.5419542406955884],[101.63482587691277,-2.5414957771083664],[101.63520098323886,-2.5411864795723318],[101.63527307379337,-2.5411270361837524],[101.63586896278247,-2.5405311471946561],[101.6364898484278,-2.540412882748285],[101.63700657009718,-2.5403144600442715],[101.63815728233277,-2.5401203638636503],[101.63815733269479,-2.540120354870453],[101.63934536859392,-2.539919962536203],[101.64133579401175,-2.5395842285292929],[101.641502826894,-2.5395560545682088],[101.64418046026009,-2.539109783089998],[101.64418080829773,-2.5391097246340451],[101.64418540743065,-2.5391089584116457],[101.6450781644258,-2.5389601655791125],[101.64570685528719,-2.538672763836928],[101.64697417541794,-2.5380934169775742],[101.64823294209668,-2.536737822092789],[101.64908687445973,-2.5358182032474588],[101.65005893727022,-2.5346729022326144],[101.65074149662286,-2.5338686978820419],[101.6517560793796,-2.5326732992333518],[101.65182254917136,-2.5325949826722649],[101.65209340698522,-2.5320532652459633],[101.6521225809924,-2.5319540754201739],[101.65263512531084,-2.5302114249172973],[101.65321789588927,-2.52930084605714],[101.65350187301311,-2.5288571313514581],[101.65424753419643,-2.5277224297462908],[101.65458650846068,-2.5272066002044085],[101.65474782435268,-2.5269611185607346],[101.6556687436177,-2.5262027139839915],[101.65680635093241,-2.5258776837080745],[101.65714738824141,-2.5258850977190264],[101.65929825271223,-2.5259318552708692],[101.65970400433639,-2.526089646719754],[101.6608219560685,-2.5265244059764882],[101.66124843616643,-2.5266902598475554],[101.6624540592075,-2.5268694740469186],[101.66426311924761,-2.5271383893251596],[101.66525714709974,-2.5272861497359713],[101.6654891802815,-2.5273063269253839],[101.66640589341733,-2.5273860401335924],[101.66650309843931,-2.5273944928615037],[101.66747818926706,-2.5275028368863559],[101.66877651442468,-2.5279171959218161],[101.67002426260967,-2.5283154130258367],[101.67100414772329,-2.5290314829165368],[101.67130288002397,-2.5292497879473217],[101.67141352721256,-2.5293306450931254],[101.67143272773825,-2.5293446772150219],[101.67148977893021,-2.5293782363165178],[101.67157284930761,-2.5294271009798877],[101.6723536488019,-2.5298863937420037],[101.67290863482572,-2.5301407633854751],[101.67365377080495,-2.5304822836304197],[101.6742742436615,-2.5307267130672813],[101.67494361805359,-2.5309904059823793],[101.6754414386715,-2.5311865166443681],[101.67591814860373,-2.5316359861118372],[101.67670633243137,-2.5323791309920693],[101.67733745146228,-2.5329741854102963],[101.67798073202522,-2.5344445427813866],[101.67828829926566,-2.5351475518179996],[101.67847505787768,-2.5355744303156484],[101.67869174502806,-2.5367662091931606],[101.67910359405568,-2.5373278214217976],[101.6795717010732,-2.537966149418196],[101.67988352390557,-2.538391362371442],[101.68038962458155,-2.5393078147038182],[101.68088570231339,-2.5402061160194194],[101.68139735270574,-2.5406154370527361],[101.68204271789716,-2.5411317288461532],[101.68223999587917,-2.5412895517713423],[101.68292997823596,-2.5416115432381048],[101.68305257291797,-2.541668753610054],[101.68359429034427,-2.5420479563480853],[101.68382055257649,-2.5425974502120994],[101.68397349308231,-2.5429688756130986],[101.68407189869924,-2.5431722483005501],[101.68450020172298,-2.5440574078230611],[101.68478606922179,-2.5446482012534375],[101.68502544087147,-2.5454560829318211],[101.68521944262324,-2.5461108388440721],[101.6858642457384,-2.5464911081780315],[101.6868257334209,-2.5470581388220239],[101.68733214166508,-2.5473567901836986],[101.68821285404005,-2.5480744060089933],[101.68879478015504,-2.5485485681618343],[101.68891555370988,-2.5486175821356483],[101.68993238657043,-2.5491986296130449],[101.69031623520613,-2.5495415339146348],[101.69063193591518,-2.5498235613082443],[101.69183629990539,-2.5508994589428085],[101.69196382826811,-2.5510133841602851],[101.69261652383358,-2.5520116235375667],[101.69288474843245,-2.5524218501881819],[101.69299839396075,-2.5525689208189988],[101.69344455662105,-2.5531463080556023],[101.69380566769746,-2.5536136290656941],[101.69497064587864,-2.555386420346963],[101.69497067016039,-2.5553864572191856],[101.69505161903703,-2.5555096409570979],[101.69596807496674,-2.556849075924049],[101.69646008506493,-2.5575681675368287],[101.69674912267391,-2.5583526992176644],[101.69683928690364,-2.558597430826751],[101.69716431807888,-2.5594100078655515],[101.69797689511768,-2.5600600693167053],[101.6988382154114,-2.560889488858777],[101.69943953180899,-2.5614685353446021],[101.69994098838595,-2.562170572214086],[101.70005344860783,-2.5623280183233419],[101.70025210884779,-2.5626061417599999],[101.700462783131,-2.5628469127547646],[101.7006313106865,-2.5630395160607691],[101.70105801831295,-2.5633886400736401],[101.70163010674412,-2.5638567129169019],[101.70182309046334,-2.5640146077878967],[101.70228152167493,-2.5644348366982967],[101.70243398464072,-2.5645745949415755],[101.70267771440507,-2.5647980126181551],[101.70294051429335,-2.565038913115302],[101.70297937669693,-2.565074537060184],[101.70305009488601,-2.5651393619918963],[101.70312321336564,-2.5652063866653521],[101.70334708879716,-2.565394914243825],[101.70358405565969,-2.5655944648126479],[101.70386960299982,-2.56583492554131],[101.70415247575619,-2.5660731352669472],[101.7043809692064,-2.5664225947269301],[101.7047667819615,-2.5670126624044087],[101.70507339592052,-2.567481601294844],[101.7053580960993,-2.5681364102670727],[101.7056151142462,-2.568727551735094],[101.70556407142482,-2.5695952752017206],[101.70556094178409,-2.569648471899427],[101.70586332623157,-2.5705178258369301],[101.70599431608485,-2.5708944232389968],[101.70632127630591,-2.571254078313018],[101.70669703643915,-2.5716674148192737],[101.70685325317515,-2.5718392527792275],[101.70707775183683,-2.5720862012171892],[101.7073714137598,-2.5725756392542962],[101.70747061617607,-2.5727409751158348],[101.70757034379636,-2.5729071887157602],[101.70789032797632,-2.5734404956822914],[101.70851330274678,-2.5746593603411725],[101.70894555199567,-2.5754845620628544],[101.7091091926352,-2.5757969676558901],[101.70913105335546,-2.5758887812422131],[101.70926115737655,-2.5764352147133422],[101.7093800522477,-2.5769345749706076],[101.70979579893702,-2.5773057782390083],[101.7104844610891,-2.5779206546144451],[101.71082399383232,-2.578223808881603],[101.71089686140107,-2.5782888685363901],[101.71155709058735,-2.5788490643328146],[101.71249248084337,-2.5796427286289827],[101.71268452926768,-2.5798056776898193],[101.7130890614111,-2.5801293041240569],[101.71403882373278,-2.5808891143411188],[101.71425224184753,-2.5809911837960726],[101.71462887792046,-2.5811713144045711],[101.71528477417303,-2.581485003330215],[101.71620569433736,-2.5821350638820491],[101.71671761362705,-2.5825809297660385],[101.71712405323251,-2.5829349263057679],[101.71755284099089,-2.5833083859731687],[101.71788501907844,-2.5835977023720034],[101.71804419818125,-2.5837659763187162],[101.71849778114773,-2.5842454777465491],[101.71895508910615,-2.5847289182049735],[101.71950165028102,-2.5853067110358552],[101.71978103096984,-2.5856020573889964],[101.72013873721301,-2.5859322479748243],[101.72050558506476,-2.5862708768993912],[101.72083250571563,-2.5865726498079198],[101.72118949699774,-2.5869021802913608],[101.72182141282798,-2.5872748476560332],[101.72268059633251,-2.5877815463812226],[101.72330219603958,-2.5881481307316108],[101.72380701158437,-2.5888671108284598],[101.72419603042255,-2.5894211669532297],[101.72460471203789,-2.5902129876392337],[101.72491529740313,-2.5908147483019661],[101.72491531269156,-2.590814777979574],[101.72506277812477,-2.5911004916943057],[101.72519013471702,-2.5913725716868043],[101.72552968814466,-2.5920979810369431],[101.72583782915257,-2.5927562820767207],[101.72625455700228,-2.59364656503692],[101.72657688211746,-2.5942619126570889],[101.7268753230378,-2.594831662850936],[101.72721884607296,-2.5954874799631966],[101.72744633587973,-2.5959217787670354],[101.72758685405012,-2.5961510447348815],[101.72790065539101,-2.5966630359702663],[101.72829133257898,-2.597300458349423],[101.72844173699661,-2.5975458536581755],[101.72847560006898,-2.5976011044073744],[101.72891256716133,-2.5982128583366944],[101.7292881762084,-2.5987387108227722],[101.72945452920322,-2.5989050629182771],[101.72983762330773,-2.5992881570227837],[101.73009222407694,-2.5995427586913138],[101.73020909637273,-2.5996596309871052],[101.73043905571791,-2.5999406934082003],[101.73062896735303,-2.6001728066297005],[101.7306966422363,-2.6002555208755211],[101.7307468298024,-2.6003018476520765],[101.73091997537659,-2.600461675166116],[101.73116506761386,-2.600687914015964],[101.73140087525024,-2.6009055823267317],[101.73150747998625,-2.601065488981078],[101.7317058902147,-2.6013631043237524],[101.73185305077772,-2.6015838447186184],[101.73206537171961,-2.6019023270307002],[101.73215927982699,-2.6020431887421296],[101.73227780058011,-2.6023068357918078],[101.7324523571906,-2.6026951342730058],[101.73266632658977,-2.6031711076604438],[101.73279372904744,-2.6034545128154605],[101.73295992466086,-2.6038242151153668],[101.73312834070043,-2.6041988555926423],[101.73327834042311,-2.6045325283534453],[101.73344061858973,-2.6048935153234538],[101.7334864876114,-2.6049955497048245],[101.73351099413713,-2.6050636220884371],[101.73366387258972,-2.6054882846565874],[101.73376676312569,-2.605774090102102],[101.73389003589648,-2.606116515964402],[101.73397403437423,-2.6063498441699267],[101.73402354834815,-2.6065479009648129],[101.73408121557571,-2.6067785698750754],[101.73415092022884,-2.6070573866890072],[101.73422510260644,-2.6073541188974332],[101.7343654687914,-2.6079155836372365],[101.7343958640779,-2.6080371638839779],[101.73440740777573,-2.6080833413730602],[101.7344677810633,-2.6082226625458134],[101.73456766876296,-2.6084531740746684],[101.73474306623956,-2.6088579355452453],[101.73498977815581,-2.6094272711516169],[101.73511164078963,-2.6097084936520218],[101.73519193316122,-2.6103909729649786],[101.73521998481453,-2.6106294138163548],[101.73563206316925,-2.6109224471131824],[101.73607841558646,-2.611239853836139],[101.73659416329008,-2.6116066081584108],[101.73713877923132,-2.6119938913050191],[101.73744943474367,-2.6122148016717119],[101.73765771413224,-2.6123629110194884],[101.7382223004189,-2.6125064500126314],[101.73874661146698,-2.6126397493248987],[101.73909160219574,-2.6127274593047787],[101.73952216071922,-2.6128369229855366],[101.7400109818214,-2.6129611993997628],[101.74053010827794,-2.6130931803059525],[101.74085384892606,-2.6131754871589692],[101.74111302184855,-2.6132543657963083],[101.74203449059934,-2.6135348130811167],[101.74251454061363,-2.6136809151420834],[101.74275655357212,-2.6137545714162798],[101.74323452165589,-2.6139000403545083],[101.74334574980656,-2.6139338917356554],[101.74347715784461,-2.6139804316515551],[101.74416667075531,-2.6142246353585961],[101.74452001708516,-2.6143497778199389],[101.74477161321943,-2.6144388853462601],[101.7452399225844,-2.6146047446132457],[101.74555917561554,-2.6147178136761227],[101.74579977034318,-2.6148030235406736],[101.74594599471197,-2.6148548118999884],[101.74598873679082,-2.6148734737317909],[101.74626717409086,-2.6149950449852781],[101.74668572846366,-2.615177794419651],[101.74707180022347,-2.6153463597466384],[101.74732628857743,-2.6154574745827404],[101.74750183893877,-2.6155341238007281],[101.74786909328407,-2.6156944738208381],[101.74868166942355,-2.6160736765588695],[101.74927755931196,-2.6167237380100801],[101.75000025091089,-2.6178981132073318],[101.75043001623231,-2.6185964808428821],[101.75057768131501,-2.6188364370518684],[101.75114688292234,-2.6197404652502314],[101.75114690540539,-2.619740499424438],[101.75149860058002,-2.6202990746425598],[101.75219444921453,-2.6213428466949722],[101.75269038035685,-2.6220867434084312],[101.75333339831775,-2.623063177823326],[101.75396279065035,-2.6240189215359351],[101.75415301794749,-2.6243077846764891],[101.75491142162485,-2.6257162507043859],[101.7555902730727,-2.6264856153188703],[101.75572399866365,-2.6266371708687188],[101.75585566480714,-2.6267493307170184],[101.75626595620895,-2.6270988378410607],[101.75718663715367,-2.6278831222082886],[101.75774567642191,-2.6284223718948851],[101.75845708782441,-2.6291086013807785],[101.75875951993595,-2.6294003279627418],[101.75953965123398,-2.6301528428793404],[101.76024734124184,-2.6308354831709835],[101.7607348871054,-2.6317564033353165],[101.76112798077173,-2.6323528211257212],[101.76172732765411,-2.6332621742099036],[101.76230586872094,-2.634139961090284],[101.76272486825815,-2.634933853814232],[101.76333513201081,-2.6360901445444824],[101.76430967605074,-2.6369477443428764],[101.76468942557659,-2.6372819243213144],[101.76488974146844,-2.6378428054010783],[101.76511132093077,-2.638463228794933],[101.76523114390221,-2.6387987325754239],[101.76532708897406,-2.6390034146758126],[101.76567629212724,-2.6397483815824785],[101.76604372094101,-2.6405322297785574],[101.76616624727455,-2.6408802026591616],[101.76654674593561,-2.6419608217344717],[101.76672086817359,-2.6424553283506498],[101.76764178833793,-2.6434304191784577],[101.76780568168692,-2.6436837087361482],[101.76823767732702,-2.6443513393427907],[101.76832540709194,-2.644455517707911],[101.76870599658452,-2.6449074693042007],[101.76910442502924,-2.6453806026326561],[101.7694665604335,-2.6457910226375247],[101.76991700206804,-2.646301522796989],[101.77065214388142,-2.6468592166794451],[101.7711299150136,-2.6472216641484465],[101.77148798278427,-2.6474933016745013],[101.77295176790983,-2.6489570868000669],[101.77311313596249,-2.6491184548527826],[101.77347408426164,-2.6493590873519679],[101.77389083639304,-2.6496369221061968],[101.77428456588007,-2.649899408131148],[101.7747567971885,-2.6502142293031739],[101.77528805729804,-2.6505684030093448],[101.77538835059198,-2.6506352649055316],[101.77561572978215,-2.6507746256484097],[101.77586290934585,-2.6509261227423053],[101.77624129010354,-2.6511580336162979],[101.77665299164232,-2.6514103671946145],[101.777067675333,-2.651664528195397],[101.77757537320497,-2.6521491476649999],[101.77825945421051,-2.6528021346107948],[101.77972209180115,-2.6537772272371853],[101.78064436724384,-2.6541102713719056],[101.78166744319799,-2.6544797146670476],[101.78167227615467,-2.6544814602511337],[101.78237460530386,-2.6546712792560925],[101.78320921933005,-2.6548968499096759],[101.78367663117166,-2.6550231776774353],[101.78486841004917,-2.6552940372899343],[101.78489679714954,-2.6553508105914148],[101.78491550035011,-2.6553882160932289],[101.78493755802197,-2.6554323323362041],[101.78495247687539,-2.6554621709423714],[101.78496468337352,-2.6554865839386252],[101.78499258394066,-2.6555423850729767],[101.78499652117256,-2.6555502577381844],[101.78500622935405,-2.6555696750004358],[101.78502231372886,-2.6556018446493681],[101.78505312809943,-2.6556634733905184],[101.78507906364791,-2.6557153453868523],[101.78512403604549,-2.6558052892826254],[101.78513926876229,-2.6558357538169162],[101.78515750161745,-2.6558651292722288],[101.78517835599638,-2.6558987279439066],[101.78521765726913,-2.6559620456118864],[101.78523907192567,-2.6559965481021663],[101.78525625976863,-2.656024239127305],[101.78529818886039,-2.6560917917027496],[101.78533005543778,-2.6561431313004391],[101.78535808730595,-2.6561882943542514],[101.78554909971126,-2.6564960378618139],[101.78571501743414,-2.6567633478501875],[101.78585348964691,-2.6569864426701315],[101.78597679659197,-2.6571851038094678],[101.78611436138874,-2.65740673453314],[101.78647442475494,-2.6577187911892111],[101.7868369603575,-2.6580329882317528],[101.78708358773747,-2.6582467319011016],[101.78737668758413,-2.6585007517082886],[101.7877395136677,-2.6588152005610368],[101.78798340171267,-2.6589804159133905],[101.78833759160665,-2.6592203505387033],[101.78855801364148,-2.659369668575323],[101.788753653958,-2.6595021998666084],[101.78882489195524,-2.6595504583868887],[101.78911455279444,-2.6597466796654885],[101.78927018137381,-2.6598521062896339],[101.78941883840872,-2.6599528087750741],[101.78946237998491,-2.6599802237083168],[101.7898451134613,-2.6602212051444667],[101.79007505122269,-2.6603659807054214],[101.79035838173399,-2.6605443738237682],[101.79082867410409,-2.6608404837012927],[101.79088147599936,-2.6608737289394071],[101.79094961493286,-2.6609456540186898],[101.79112171819281,-2.6611273179713066],[101.79122188378295,-2.6612330485663165],[101.79158681787743,-2.6616182560775883],[101.79172262360026,-2.661761607112453],[101.79189256938662,-2.6619409939816592],[101.79211494295032,-2.6621757215322646],[101.79246749607813,-2.6625478609949482],[101.79267383203177,-2.6627656588080413],[101.79283166035293,-2.6629322564184577],[101.79315238737286,-2.6633278187238147],[101.79338531268212,-2.6636150936615763],[101.79372584906872,-2.6640350878489585],[101.79393070383895,-2.6642877433845911],[101.79406156418992,-2.6644491357189963],[101.79419818110125,-2.6646176308988743],[101.79434135766758,-2.6647942163799598],[101.79445681263184,-2.6649366105360741],[101.79474864803171,-2.6655889481713757],[101.79510206181078,-2.6663789315423969],[101.79537773279617,-2.6669951380151815],[101.79559441994661,-2.6677535425918677],[101.79608196581012,-2.6679160581795145],[101.79699919245883,-2.6679160581795145],[101.79759877496355,-2.6679160581795145],[101.79821002077591,-2.668035326269262],[101.79927052291634,-2.6682422530774943],[101.79981981803024,-2.6683494333796034],[101.80014103697931,-2.6684540155403624],[101.80075688821989,-2.6686545247864615],[101.80203872520707,-2.6690718668730824],[101.80214920422247,-2.6691078370569699],[101.80249538835153,-2.6692627093065653],[101.80302209699227,-2.6694983415751494],[101.80396015373816,-2.6699179994161],[101.8042077308022,-2.6700287572213028],[101.80442528759698,-2.6701774205514539],[101.80482926126143,-2.6704534701514717],[101.80508603209478,-2.6706289296812997],[101.80559908722813,-2.6709795168911228],[101.8060734571244,-2.6713036703280864],[101.80666712658666,-2.6717093446105196],[101.80699048412362,-2.6719303062386075],[101.80745803715877,-2.6722498002880002],[101.80835573323054,-2.6731474963598316],[101.80859564357417,-2.673387406703398],[101.80901822601038,-2.673616809368184],[101.8100949869941,-2.6742013354232199],[101.81049165636489,-2.6744166699932634],[101.81120485831764,-2.6746647407850901],[101.8117376068052,-2.6748500451934092],[101.8120124288306,-2.6749233309469105],[101.81255018294462,-2.6750667323437938],[101.81313645188578,-2.6755692483221196],[101.81330858842068,-2.6757167928956278],[101.8133863357109,-2.6758463717126233],[101.81380078108123,-2.6765371148958934],[101.81412116366084,-2.67707108736073],[101.81428131672942,-2.6781280947357118],[101.81439202327334,-2.6788587552273384],[101.81443800740817,-2.6793645870060345],[101.81451524208484,-2.6802141720463624],[101.81455453796161,-2.6806464239932097],[101.81476381739634,-2.6812742595993768],[101.8149879131617,-2.6819465459962544],[101.81510710121182,-2.6825424871460086],[101.81536711500041,-2.683842557887715],[101.81536711500041,-2.6841675890629517],[101.81536711500041,-2.6849162791629055],[101.81536711500041,-2.6857927422412331],[101.8147710812205,-2.6860561051051377],[101.81420242190433,-2.6863073729868461],[101.81333567420205,-2.6863615445495839],[101.81285236864198,-2.6868448501097077],[101.81225223845013,-2.6874449812008834],[101.81228826978787,-2.6880575256342354],[101.81230641001287,-2.6883659013652164],[101.81220020637448,-2.6887199149920207],[101.8121438953246,-2.6889076178921982],[101.81207031189541,-2.6892166672153621],[101.8118730357121,-2.6900452252069158],[101.8118730357121,-2.6906411150953318],[101.81202189599378,-2.6911249098866392],[101.81208972286248,-2.6913453481092802],[101.81209632118833,-2.6915102945644094],[101.81211680864385,-2.6920224953418597],[101.81246179037936,-2.6920852185579633],[101.81271269763295,-2.6921308393667118],[101.8133944709781,-2.6921308393667118],[101.81368779025939,-2.6921308393667118],[101.81433673745056,-2.6921308393667118],[101.81460871042373,-2.6921308393667118],[101.81472585971073,-2.6920917890047917],[101.81493374069964,-2.6920224953418597],[101.81542289275234,-2.6919096142372609],[101.81563797371359,-2.6918599797542129],[101.81645659779383,-2.6916780639913895],[101.81645694223414,-2.691677987549042],[101.81661306633998,-2.6916432926038283],[101.81670497525448,-2.6916378867790058],[101.81701965883025,-2.6916193760333158],[101.817533985605,-2.6915891210410336],[101.81834656174448,-2.6918058081914751],[101.81900972272058,-2.6922383038545945],[101.81959251308405,-2.6926183843308991],[101.81993745974603,-2.6928725561235183],[101.82062177637397,-2.6933767889076421],[101.82089263508709,-2.6943518806347129],[101.8210012174323,-2.694731919742253],[101.82100124980786,-2.6947320339561429],[101.82110932223748,-2.6951102861107756],[101.82127182973124,-2.6954515527469312],[101.82165103966383,-2.6962478934254932],[101.82168025324114,-2.6965108093263552],[101.82175938368869,-2.6972229851526208],[101.82216519736602,-2.6975975806637962],[101.82246361670263,-2.6978730457044549],[101.82334215991278,-2.6979023312275672],[101.82363206896486,-2.697911995342281],[101.82408876988086,-2.6979272181665124],[101.82450614883976,-2.6979504053868482],[101.82501193924963,-2.6979785038048476],[101.82506386070867,-2.6979813888299873],[101.82551009711335,-2.6981088848171453],[101.82582226618467,-2.6981980759803719],[101.82663484322347,-2.6981980759803719],[101.82744741936295,-2.6978730457044549],[101.82821544668559,-2.6975022741106045],[101.82842786385487,-2.6973997280150002],[101.82853824394488,-2.6973464413850934],[101.82860116591115,-2.6973160649843635],[101.82870925722648,-2.6972638827219839],[101.8287824809268,-2.6972285330703016],[101.82885152637692,-2.6971952005980029],[101.82895578388241,-2.6971448691403452],[101.82901840007918,-2.6971146411277118],[101.8290762588623,-2.6970958372030509],[101.82918302997291,-2.6970611359625991],[101.82968895887842,-2.696896709315638],[101.8301449439341,-2.6967485136329401],[101.83118527068376,-2.6964104081138203],[101.83153204926469,-2.6964682039443915],[101.83199855189173,-2.6965459548318904],[101.83199861844156,-2.696545965623784],[101.83216036331015,-2.6965729228020905],[101.83308128257517,-2.696735439289057],[101.83360179488699,-2.6969956949952802],[101.83400154443581,-2.6971955693200016],[101.83430770243859,-2.6973486483213946],[101.8345123494654,-2.6974509713851944],[101.83459809262791,-2.6974938429664235],[101.83465147188798,-2.6975289605929902],[101.83487221767876,-2.6976741894122824],[101.83562603121641,-2.6981701178565913],[101.83605081429369,-2.6984495812831142],[101.83665662010696,-2.6988481383308454],[101.8374644163498,-2.6990607155794919],[101.83768588339689,-2.6991189970440246],[101.838033656628,-2.6993097117737079],[101.83936520813791,-2.7000399172083576],[101.84004113768839,-2.7001574702909465],[101.84061115857816,-2.7002566043587422],[101.84098715972971,-2.7003976036664312],[101.84234465488197,-2.700906664910633],[101.8432655750463,-2.7016108979245246],[101.84420712565839,-2.7022176750056701],[101.84448443970518,-2.7023963882826365],[101.84484191032595,-2.7026680653788731],[101.84531007939671,-2.7030238740525192],[101.84583873417029,-2.7034256515725019],[101.84636901222018,-2.7039369916987539],[101.84716846725104,-2.7047078941539553],[101.84735554422303,-2.7048882900625131],[101.84766776365643,-2.70551272892925],[101.84811394879978,-2.7064050992158855],[101.84866374303738,-2.7070548557969119],[101.84930572677791,-2.7078135652437823],[101.84973036506437,-2.7082853855620215],[101.85028081940436,-2.708897000995762],[101.85081927858687,-2.7096888531580134],[101.85081929657332,-2.7096888801376622],[101.85120173866937,-2.7102512945615445],[101.85131897698926,-2.7103804551937856],[101.85177271463914,-2.7108803370578585],[101.85279980606623,-2.7120118766467272],[101.85282619577237,-2.7127243942153996],[101.8528394140078,-2.7130812838740894],[101.85285397762902,-2.7134745151367383],[101.85290435315346,-2.7137599743433043],[101.85301008015114,-2.7143590909992099],[101.85317900880426,-2.7153163545660846],[101.85322878987682,-2.7166604462225905],[101.85323318126638,-2.7167789930560389],[101.85323318126638,-2.7170682896697826],[101.85323318126638,-2.717294338762656],[101.85323318126638,-2.7178033838190458],[101.85323318126638,-2.7183499737722059],[101.85323318126638,-2.7187266161403727],[101.85323318126638,-2.7197042682373649],[101.85333503308539,-2.7204002589647303],[101.85342313786759,-2.7210023110077941],[101.85349135414276,-2.7214684530066506],[101.85355821064297,-2.7219253113040054],[101.85362158137093,-2.7222421622459478],[101.8537482418879,-2.722875463931473],[101.85393741428032,-2.723821323195466],[101.85423429397753,-2.724316122990615],[101.85450621658867,-2.7247693282418481],[101.85492408837604,-2.7253439006004783],[101.85537296519027,-2.7259611071193603],[101.85623971379181,-2.7265569970077763],[101.85646271328363,-2.7271981191977943],[101.85667308809258,-2.7278029465487066],[101.85701388887992,-2.7280950625370792],[101.85781069540735,-2.7287780391750971],[101.85818989724601,-2.7295364437518401],[101.85900247428481,-2.7305115363782306],[101.85921916143519,-2.7306198786044433],[101.86016841114332,-2.73057241688349],[101.86030259628785,-2.7305657079410253],[101.86149437516536,-2.7299698180526093],[101.86233084539225,-2.7295896035773239],[101.86233089125767,-2.7295895828929133],[101.86328204303192,-2.7291572419131285],[101.86399147232862,-2.7289315138781944],[101.86447382190943,-2.7287780391750971],[101.86563922906726,-2.7288265980690198],[101.86577394481174,-2.7288322107378917],[101.86616548175164,-2.7287949221478698],[101.86691155212651,-2.7287238676123593],[101.86756161267834,-2.7287780391750971],[101.86772028726153,-2.7288018397330802],[101.86864504843032,-2.7289405547627439],[101.86951101731967,-2.7292722022502858],[101.87119112177294,-2.7299156455905518],[101.87178701076198,-2.7305115363782306],[101.87265375936357,-2.7307823950914099],[101.87297899378558,-2.7308908065654123],[101.87346633640237,-2.7310532538045891],[101.87433308410459,-2.7314866281053582],[101.87498314465648,-2.7320825170944545],[101.8754062262164,-2.7324079637564864],[101.87568737767043,-2.7326242354200758],[101.87608610828732,-2.7330464185573078],[101.87660829783476,-2.7335993271472034],[101.87727682596483,-2.7340215552505356],[101.87763756202395,-2.7342493876990375],[101.87792804574275,-2.7344367974202441],[101.87846921188469,-2.7347859358222308],[101.87931688676497,-2.7353328225516975],[101.87991413732766,-2.7353328225516975],[101.88094203994325,-2.7353328225516975],[101.88151836058393,-2.7354480868596625],[101.88242667764911,-2.7356297508122793],[101.88256719312153,-2.7356578537269343],[101.883093602288,-2.7356994131973238],[101.88462571970126,-2.7358203693145242],[101.88606127240985,-2.7350890496198872],[101.8867508779507,-2.7345055380001213],[101.8867655054238,-2.734493160630791],[101.88737428979169,-2.7340365721300373],[101.88784894027646,-2.7336805835919904],[101.88826407003086,-2.7331921959629994],[101.88876986044079,-2.7325971487393872],[101.88941992099262,-2.732326290026208],[101.89075739723614,-2.7324027180109738],[101.89131593288408,-2.7324346340510601],[101.89315777321275,-2.7333013817533356],[101.89383780906769,-2.7336709671413928],[101.89463470372863,-2.7341040608536673],[101.89549365430878,-2.734570881840682],[101.89564967499257,-2.7346556762184377],[101.89647543699186,-2.7353332245486399],[101.89776237403441,-2.7363891734215713],[101.8982595237581,-2.73664855588612],[101.8988416054558,-2.73695224974648],[101.89900832357534,-2.7370392339734053],[101.89936444521305,-2.7371843198004626],[101.89976488544119,-2.7373474622155527],[101.9004709620653,-2.7376351229625016],[101.9011981718582,-2.7380247002796523],[101.90183325330207,-2.738364922802873],[101.90198777121873,-2.7384477000013021],[101.90234444773813,-2.7387024689437567],[101.90388378311019,-2.7398019935670845],[101.90463581958744,-2.7399273329799598],[101.9051839060125,-2.7400186807174691],[101.90579424261028,-2.7401513630948671],[101.90642985645275,-2.7402895403299681],[101.90725535585005,-2.7399085398471925],[101.90783832158132,-2.7396394788788143],[101.90828053441919,-2.7394552239793484],[101.90828056769408,-2.7394552095901759],[101.90913844538301,-2.7390977605531361],[101.91036366285283,-2.738893557791414],[101.91108862793789,-2.7387727302772191],[101.91244292330231,-2.7381768412881229],[101.91446314325952,-2.7372974509165715],[101.91474522281385,-2.7371746628803635],[101.91584324467004,-2.7367450018803083],[101.9159911732541,-2.7366871170167997],[101.91722436321385,-2.7363641389937925],[101.91826638788353,-2.7360912280277034],[101.9191057017668,-2.7355938561714765],[101.91972902457491,-2.7352244803254848],[101.92140835021524,-2.7348994491501912],[101.9222949882232,-2.7343730076081556],[101.92293931379834,-2.7339904387077354],[101.92314184741838,-2.7338701849610061],[101.923686994859,-2.733490233087764],[101.92492951528499,-2.7326242354200758],[101.92595877857485,-2.7322992042448391],[101.92751155071755,-2.7319215033746218],[101.92796313359179,-2.7318116583812753],[101.92910074090651,-2.7314866281053582],[101.92925773195884,-2.7314287891072695],[101.92935051501433,-2.7313946058762895],[101.93013000509569,-2.7311074253673269],[101.93027251706309,-2.7311074253673269],[101.93085224883225,-2.7311074253673269],[101.93121343994835,-2.7311074253673269],[101.9318966198332,-2.731179338755453],[101.93224270413754,-2.731215769392179],[101.93338031145225,-2.731215769392179],[101.93446035586078,-2.7313885759219829],[101.93473460501809,-2.7314324556432439],[101.93530491998615,-2.7316225606326157],[101.93604160143883,-2.7318681214165963],[101.93684730405988,-2.7321366886571923],[101.93722673882297,-2.732291911642335],[101.93788076628442,-2.7325594689443164],[101.93803908293739,-2.7326242354200758],[101.93851834334691,-2.7326597361578706],[101.93922381562663,-2.7327119930639583],[101.93950172142735,-2.7327325776462885],[101.93976095100714,-2.7327325776462885],[101.94013214708099,-2.7327325776462885],[101.94053098381789,-2.7327325776462885],[101.94072182445268,-2.7327325776462885],[101.94128938929396,-2.7327325776462885],[101.94189607734216,-2.7328336929205648],[101.94258951129694,-2.7329492647966731],[101.94353709006469,-2.7329080668537813],[101.94383546173725,-2.732895094133255],[101.946083589686,-2.7325429771765926],[101.94651696398677,-2.7321637753379378],[101.94727536946277,-2.7316220570122596],[101.94911720889212,-2.7312428551736048],[101.95052567492002,-2.7312428551736048],[101.95225917212315,-2.7308094808727787],[101.95377598127658,-2.7307011368479266],[101.95485941702856,-2.7293468432821442],[101.95572616473078,-2.7284800946806058],[101.9566433608025,-2.7274528350802143],[101.95708045919588,-2.7269632846278569],[101.95783886377262,-2.7260965369255814],[101.95810972338506,-2.7253381323488952],[101.95962653163917,-2.7242005250341776],[101.96031184021933,-2.7235152173533379],[101.96070996829047,-2.7231170901815176],[101.96211843341905,-2.7222503406806027],[101.96318648626738,-2.7220062152146056],[101.96401444531045,-2.7218169672791532],[101.9641769608981,-2.7218169672791532],[101.96456836293964,-2.7218169672791532],[101.9652603957507,-2.7218169672791532],[101.96544193289895,-2.7218270522765806],[101.96623548837715,-2.7218711388419479],[101.96737309479255,-2.7218711388419479],[101.96791481311817,-2.7220336535302181],[101.96830898507164,-2.7222964345327796],[101.96856487367006,-2.7224670278310441],[101.96948579383439,-2.722900403031133],[101.97067757271185,-2.7233879479953771],[101.9716526653383,-2.7239838378837362],[101.97204623744398,-2.7242462195873145],[101.97279027175369,-2.724742243359799],[101.97349450476764,-2.7251756167612484],[101.97433416668849,-2.7255277328185912],[101.97509257216456,-2.7255819052806487],[101.97639269416754,-2.7256902493055009],[101.97720527120634,-2.7256902493055009],[101.97839705008386,-2.7262861382945971],[101.98013054638767,-2.7266111685705141],[101.98213490230398,-2.7261236227069503],[101.98365171145736,-2.7254193896930587],[101.98424760134577,-2.7250401869550274],[101.98571023803714,-2.7247151566791104],[101.98717287562778,-2.7244984704280455],[101.98874385724326,-2.7238484080775152],[101.98944809025721,-2.7235775502637125],[101.99036901042155,-2.7233066906512136],[101.99193999203709,-2.7233066906512136],[101.99296925532695,-2.7233608631132711],[101.99448606537965,-2.7235775502637125],[101.99611121765861,-2.7240650961272195],[101.99692379379809,-2.7240650961272195],[101.99865729100122,-2.7255277328185912],[101.9995240387035,-2.7267736841581609],[102.00060747445542,-2.7283988373364423],[102.0016909102074,-2.7296989593394301],[102.00239514322135,-2.7306198786044433],[102.00272017259795,-2.7309990822417944],[102.00304520377318,-2.7318658299440699],[102.00358692209886,-2.7327325776462885],[102.00429115511275,-2.7332742959719099],[102.00553710465374,-2.7339785289858582],[102.00662054130498,-2.7347911060246588],[102.00764980369553,-2.7355495097020821],[102.00840820917159,-2.7369038041671843],[102.00911244218554,-2.7379330683563694],[102.00970833117458,-2.7389623316462348],[102.01041256418853,-2.7399374233733624],[102.01285029440561,-2.7409666866632278],[102.0153963668489,-2.7422668086662156],[102.01729237874036,-2.7434044168803098],[102.01891753191865,-2.744487851732913],[102.02000096677125,-2.7453004278723938],[102.02116565986739,-2.7466276365561271],[102.02176154975575,-2.7477652438708446],[102.02241161120696,-2.7489028511855622],[102.02273664058356,-2.7505821759266382],[102.02338670293403,-2.7517739548041504],[102.0252285432627,-2.7531282492692526],[102.02631197811536,-2.7539408254087334],[102.02793713129364,-2.7550242611606564],[102.02934559732154,-2.7557284941746047],[102.0309707496005,-2.7567035859017324],[102.03265007524084,-2.758003707904777],[102.03367933943002,-2.7581662225930472],[102.03446482888882,-2.7586266826752421],[102.03619832609195,-2.7593309156891337],[102.0373901049694,-2.7598184615526975],[102.03944863244851,-2.7606852101542927],[102.04123630031506,-2.7611727560178565],[102.04345734338176,-2.7613894431682411],[102.04529918281111,-2.76182281836833],[102.04703267911492,-2.7622020202070416],[102.0488409270672,-2.7626088761986125],[102.0491995497195,-2.7626895660705486],[102.05015109000084,-2.7631058649436682],[102.05093304602332,-2.7634479706472916],[102.0515055733236,-2.7636720025608383],[102.05217899736289,-2.7639355156115357],[102.0533707762404,-2.7644772339371571],[102.0547792422683,-2.7650189522627784],[102.05651273857211,-2.7652898109759576],[102.05802954772548,-2.7651272953883108],[102.05861550370258,-2.7650964558367264],[102.05905881191472,-2.765073123825573],[102.06008807520459,-2.7648564366751884],[102.06160488525728,-2.7642605467867725],[102.0629320930417,-2.7641792885432892],[102.06341963890526,-2.7644501481557882],[102.06331119775365,-2.7661198663387268],[102.06325579142168,-2.7669786748259071],[102.06325814135022,-2.766998648768606],[102.06331119775365,-2.7674496335936851],[102.06350512306307,-2.7677543733656194],[102.06364364024188,-2.7681145176708242],[102.06388518735156,-2.7684878172589151],[102.06388889435704,-2.7685194437173095],[102.06552764168737,-2.7674309366883563],[102.06696439139358,-2.7664766040120412],[102.06765257870359,-2.766239145220311],[102.06947660166389,-2.7655535497564756],[102.07117037940952,-2.7650709312783874],[102.07302111133527,-2.7648955562848414],[102.07302129030035,-2.764895248716698],[102.07568333301947,-2.7552111106042503],[102.07727499994138,-2.7439555556043729],[102.0797916672517,-2.7359111109090009],[102.08213888879874,-2.7242083329481375],[102.07979722236399,-2.7112805560527704],[102.07850555578682,-2.702930555900366],[102.08626666727292,-2.6934333328819662],[102.08728055575313,-2.6850416671391599],[102.0867988707713,-2.6836162111192152],[102.0846861105756,-2.6773638886324989],[102.08439084785942,-2.6694748953501062],[102.08402500005377,-2.6597000003546896],[102.081900000085,-2.6503416668344357],[102.07450833279336,-2.6423027781506221],[102.06963055570566,-2.6334888888011392],[102.06463888937333,-2.6283194435874293],[102.06451299957536,-2.6270688427528626],[102.06396388882246,-2.621613888869831],[102.07147777757746,-2.6163361113224255],[102.08389166746656,-2.6128055555319065],[102.09096127044631,-2.6092260730247858],[102.09575833338045,-2.6067972218143041],[102.10416944426453,-2.6013861107803677],[102.10558055609783,-2.5971611110963408],[102.10146111074175,-2.5919916667819507],[102.09904166733912,-2.5883555557642239],[102.09983888935329,-2.5784083326783502],[102.09428888882121,-2.5726027780956997],[102.10336944424449,-2.5616472216419197],[102.1109833331144,-2.5565305558404248],[102.12243055612532,-2.5479638892220464],[102.12333888937832,-2.5388138890497203],[102.12789722187932,-2.5339249999387334],[102.13206632959748,-2.5290428368573998],[102.13531944363746,-2.5252333329519274],[102.1434583333355,-2.5204888893507018],[102.15578055622774,-2.5228999996352286],[102.15747777837686,-2.5073444441907213],[102.1560862726634,-2.5040638855398356],[102.15422275777411,-2.4996705372654446],[102.15356787325879,-2.498258360634793],[102.15247020933276,-2.4958913908749309],[102.15134498118601,-2.4934649813237684],[102.15338469844511,-2.4908821967559334],[102.15769444394351,-2.4854249999637545],[102.14747499967154,-2.4792833327595645],[102.14874444400095,-2.4732055560915001],[102.1413749998564,-2.4667027778108945],[102.13998036360294,-2.4654234877037311],[102.13994558681941,-2.465391586952137],[102.13768055611285,-2.4633138886250094],[102.13547500027113,-2.4568666668631636],[102.13295704423228,-2.4521478305578626],[102.13172500000883,-2.4498388886537441],[102.13040330866585,-2.4456293716980895],[102.12825555584931,-2.4387888889959868],[102.1267120584148,-2.4354848562410893],[102.12436388898237,-2.4304583330855394],[102.12781388889994,-2.4218388888535856],[102.13366418115709,-2.4113999227681688],[102.13391944382732,-2.4109444440308039],[102.14390000028487,-2.4194333327820345],[102.14832500019867,-2.4217083333728624],[102.15109722245893,-2.4138444437660382],[102.15540277801585,-2.4083611108765126],[102.1627611110365,-2.4084222216081912],[102.16282462295806,-2.40848635226331],[102.16932500004879,-2.4150500002572812],[102.18270555591675,-2.4131805561377178],[102.190747221707,-2.4114611108415716],[102.19612500026858,-2.4087611113361618],[102.20444722216166,-2.4115722220803377],[102.21338888898612,-2.4092777781468726],[102.22202500035354,-2.4049916668319042],[102.22596944033745,-2.4056099093697867],[102.22985833279586,-2.4062194437722724],[102.23982500012374,-2.4035277782842854],[102.24354090259067,-2.4001428461153864],[102.24599999980023,-2.397902777890863],[102.25723888946322,-2.3938416670592346],[102.26600555631143,-2.3808638887574034],[102.2639638893221,-2.3728805556930297],[102.26553055599044,-2.3624361109377219],[102.27610555622653,-2.3574944442131596],[102.29189444437316,-2.3613527777084755],[102.30350833334296,-2.3613527777084755],[102.30638888883624,-2.3775527783379857],[102.30314166715425,-2.3934722219653963],[102.31872343873579,-2.3899267689052408],[102.31881666695568,-2.389905555696771],[102.33819722162451,-2.389924999938728],[102.33685277833314,-2.373888889060936],[102.33696735735771,-2.3683651927993878],[102.33711944440688,-2.3610333331217817],[102.34042657082966,-2.3587821582699462],[102.35085952314853,-2.351680403627654],[102.3693083334129,-2.3391222220128611],[102.37072976946337,-2.3385787500092761],[102.37745930100601,-2.3360057779442513],[102.38555696308345,-2.3329097143118247],[102.39551388895489,-2.3291027779707747],[102.40062756091328,-2.3108365975309084],[102.40610000031484,-2.2912888885713301],[102.41083055568566,-2.2733305559603423],[102.41568150599676,-2.2663320102140574],[102.41685028111561,-2.2646457993640752],[102.42690555594669,-2.2501388893981584],[102.42933333336669,-2.2479499997925814],[102.4355394369955,-2.2405224810276536],[102.43976577577001,-2.2354643637893332],[102.44023287374819,-2.2349053371115701],[102.44291111145867,-2.2316999995553033],[102.44473000738401,-2.2284883109867337],[102.44989631216515,-2.2193659856516774],[102.45831388917469,-2.204502777780931],[102.45999347112183,-2.1955354029364571],[102.46248730104816,-2.1822207224083741],[102.462524999729,-2.1820194442419165],[102.47686342710551,-2.186258092037292],[102.49001692933786,-2.1901464592916113],[102.4901416671043,-2.1901833332941578],[102.49189076934357,-2.1904291440897055],[102.49247840525425,-2.1905117279338242],[102.49489071883164,-2.190850743566898],[102.49849714322863,-2.1913575753917485],[102.50763777606255,-2.1926421598078036],[102.51150833314313,-2.1931861111500552],[102.51241376068657,-2.1973617173692901],[102.51325073723177,-2.2012216426646205],[102.51585833319558,-2.2132472223813693],[102.52613179164894,-2.205844050062808],[102.52630705422723,-2.205717753771296],[102.52639722205419,-2.2056527777534711],[102.5300058587834,-2.2036094524142413],[102.53044444375615,-2.2033611109264939],[102.53308333342915,-2.2052777775473373],[102.53380449797925,-2.2047669527326548],[102.53508333302943,-2.2038611106017356],[102.53589834363373,-2.2044448353607891],[102.53701013321114,-2.2052411157848155],[102.53713888914848,-2.2053333331667204],[102.53727274873842,-2.2052198432211298],[102.53841666659594,-2.2042499999374741],[102.54750555603664,-2.2048583328457312],[102.5474050397109,-2.2055028679629345],[102.54720705486176,-2.2067724013252246],[102.54644567442841,-2.2116545841916491],[102.54644333529177,-2.211669580386797],[102.54609722220908,-2.2138888886612449],[102.55143538923187,-2.2128522617224462],[102.57628204488054,-2.2080272496577891],[102.57813888859891,-2.207666667382739],[102.6015833330045,-2.202638888773663],[102.60685726684943,-2.2054956536014743],[102.61365766586863,-2.2091792677089757],[102.62309444365371,-2.1937222222027231],[102.62308337569726,-2.1891012618137324],[102.62308333342918,-2.1890833329294423],[102.6235277783843,-2.1861388886986788],[102.62908333312936,-2.185444443905908],[102.62846666170714,-2.1764387156741236],[102.62796758113905,-2.1691502455873319],[102.62761111146369,-2.1639444443805473],[102.62761111146369,-2.1601338693824914],[102.62761111146369,-2.1496626778902055],[102.62761111146369,-2.1447777781718855],[102.62762413094896,-2.1329423627997812],[102.6276388888237,-2.1195277783842243],[102.62577777782224,-2.1122416672191093],[102.61869603039753,-2.1082188378290425],[102.6142727751685,-2.1057061823943286],[102.60845665894772,-2.1024023034235029],[102.60471666724044,-2.1002777782967996],[102.59249999957535,-2.0869416669243606],[102.58216005064588,-2.0895176310338002],[102.57976666689819,-2.0901138887448951],[102.57434014418237,-2.0880661180568723],[102.56696001159531,-2.0852811272221743],[102.56508990557472,-2.0845754184207976],[102.55724379376613,-2.081614583146461],[102.54744444440564,-2.0779166671204621],[102.5472913519144,-2.0701539062777101],[102.54693333270723,-2.0519999999000333],[102.54693356023569,-2.0519735391474683],[102.54713748420761,-2.028244589715996],[102.54722499993386,-2.0180611111313169],[102.51145507978816,-2.0187856697228312],[102.50882777787973,-2.0188388889035309],[102.50377384069026,-2.0152491945946167],[102.49661978777306,-2.0101678370759828],[102.49447500002128,-2.0086444439858724],[102.49716864761507,-2.0064305046640243],[102.51133479096791,-1.9947871961721262],[102.51133611117262,-1.994786110690427],[102.51551666726044,-1.9820500000074617],[102.50876666714805,-1.9729361112125048],[102.5086774391126,-1.9729503303933598],[102.4961638890523,-1.9749444439308945],[102.47659722238399,-1.9749083325534684],[102.47288180465165,-1.9637461181887375],[102.46690000003503,-1.9457749999162388],[102.45830277805084,-1.9451499998725694],[102.45830977477635,-1.9072031088363701],[102.45831111116888,-1.8999555561039756],[102.45830883498479,-1.8994329052043781],[102.4583010189769,-1.897638333242412],[102.45828908227537,-1.8948974145839657],[102.45826330320892,-1.8889783745523232],[102.45824722243145,-1.885286110765378],[102.4596129688635,-1.885306458825994],[102.46756944367496,-1.885425000263524],[102.46758333280462,-1.885425000263524],[102.47800277820573,-1.885247222281464],[102.48587500003129,-1.8842611111613223],[102.4837273461402,-1.8804131333593546],[102.48078055557824,-1.8751333332367039],[102.4790168969123,-1.8684963922946167],[102.47733534365125,-1.8621684323272234],[102.47251312128355,-1.8563962102168716],[102.46735319179641,-1.8543974013189768],[102.45685200971252,-1.8503295428740785],[102.46254106521803,-1.8395989680179241],[102.46539367697665,-1.8342184321348896],[102.46609196727053,-1.8328927549965783],[102.47344951068641,-1.8189247331898173],[102.47344963209491,-1.818924502963398],[102.47432748102847,-1.8172579414008396],[102.47513055583056,-1.8157333333266479],[102.4753573990248,-1.8152979679268242],[102.47735883574171,-1.8114567440334781],[102.47774962714362,-1.8107067247354962],[102.4791639981201,-1.8079922173669161],[102.48161697904038,-1.8032843752736767],[102.49242499991385,-1.8031388892483164],[102.49135833292081,-1.8006166668256469],[102.49688333319932,-1.7970166671854031],[102.49681812335774,-1.7958745767502933],[102.49668837636756,-1.793602178797471],[102.49658611086039,-1.7918111105942103],[102.49621494716212,-1.7892051648864253],[102.49569843863208,-1.7855787539562584],[102.49526388891741,-1.7825277778346162],[102.48996448087615,-1.7704623347688653],[102.48924166696941,-1.76881666715542],[102.48905255303293,-1.7681431657744611],[102.48885498007331,-1.7674395407021848],[102.48772347735667,-1.7634098692699922],[102.48668333316937,-1.7597055563662707],[102.48992979582346,-1.7595137273765431],[102.49387139305043,-1.759280822751748],[102.49777777822197,-1.7590500000574139],[102.50089147845904,-1.7589735369990649],[102.50671388903481,-1.7588305555856323],[102.50689206002062,-1.7508929251683298],[102.50690555614653,-1.7502916672266338],[102.50639209002298,-1.7446626261792062],[102.50608333297947,-1.7412777776472694],[102.5062001684031,-1.7399146986044229],[102.50654924924851,-1.7358420908397534],[102.50675000041224,-1.7334999999250158],[102.50675000041224,-1.7314033079162527],[102.50675000041224,-1.7297222223026552],[102.5078591513788,-1.7286477330064258],[102.50916123030657,-1.7273863430052643],[102.51030555645633,-1.7262777783967067],[102.51003477418556,-1.7245490107281967],[102.51004939716199,-1.7245169588904901],[102.51009060589678,-1.7244266399774233],[102.51027974321562,-1.7240120947823243],[102.51028743961371,-1.724000087933689],[102.51073112194376,-1.7233080200490463],[102.51089663227384,-1.7230498525685789],[102.51134454141749,-1.7221518282442503],[102.51165111041047,-1.7215371775986341],[102.51220891041294,-1.7207167422837983],[102.51267918479658,-1.7200250413225717],[102.5134708912687,-1.7181585002145425],[102.51366753792661,-1.7176948817133848],[102.51368943461978,-1.7173394210773836],[102.51378863074075,-1.7157291327931716],[102.51382692387352,-1.7151075106031044],[102.51386567296248,-1.7144784779993074],[102.51400705717998,-1.7121833433865277],[102.51408610219192,-1.7109001682081271],[102.51411806769471,-1.7103812485956951],[102.51415268439894,-1.7098193234029964],[102.51429194711574,-1.707558614838149],[102.51381514365403,-1.7076125372886963],[102.51269415401208,-1.707739312019612],[102.50720944246189,-1.7083595861259369],[102.50572222190306,-1.7085277782343269],[102.50259188600677,-1.7084423075663722],[102.49758333310439,-1.7083055557567377],[102.49716666730791,-1.7094444437060474],[102.48933333306695,-1.7100555564187516],[102.48963888942325,-1.7058055555818896],[102.48985079218039,-1.7053000160828446],[102.4911998283095,-1.7020816023839984],[102.49236785789037,-1.6992950152526873],[102.49352777828437,-1.6965277779345342],[102.49470989934247,-1.6966701496076553],[102.49883522536544,-1.6971669962597957],[102.50113888914848,-1.6974444443056314],[102.50128321414905,-1.6973680379045959],[102.5014198517448,-1.6971252884013097],[102.50150542403617,-1.6969895447316503],[102.50150825869923,-1.6969850481214053],[102.50151825466378,-1.6969691903757962],[102.5016557520114,-1.6967649669296065],[102.50167478436384,-1.6967366976404605],[102.50169755429874,-1.6967028768362411],[102.5018456717404,-1.6964828801807244],[102.50205389806899,-1.6962253089507726],[102.5024524200432,-1.6958874867181066],[102.50298886204638,-1.6954508775559134],[102.50324426770885,-1.6952430028622416],[102.50355180976828,-1.6950575410726287],[102.50384263972609,-1.694909845413008],[102.50409599763225,-1.6948051670248105],[102.50438794724602,-1.694698898635238],[102.50457566543469,-1.6946490905830274],[102.50482862584045,-1.6946027781955877],[102.5052405980752,-1.694584418536067],[102.50525358068825,-1.6945847000238246],[102.50551252428363,-1.6945903028001794],[102.50572222639971,-1.6946204049077096],[102.50605266789637,-1.6946678396490142],[102.50620519741199,-1.694689736342184],[102.50632423887259,-1.6947068243604235],[102.50636418585856,-1.694714252760491],[102.50638888933582,-1.6946388886737509],[102.50641895457113,-1.6945351608689521],[102.50694444373113,-1.6927222220528506],[102.50913369846148,-1.6930134962757961],[102.51341666664592,-1.6935833328045078],[102.51344444400593,-1.6919444442806366],[102.51474999971276,-1.6913888889860118],[102.51520252057992,-1.6910690028321937],[102.51608555500439,-1.6904447896952206],[102.5179722220405,-1.6891111112886961],[102.5185555555945,-1.6886666672328374],[102.51958333320431,-1.6902777783967053],[102.52150135870079,-1.688142104374549],[102.52198901608028,-1.6875991099109342],[102.52350000032482,-1.6859166672203401],[102.52161111106398,-1.6806944443930547],[102.51917283495845,-1.6806944443930547],[102.5183888887363,-1.6806944443930547],[102.51804782264895,-1.6754875136377905],[102.5179722220405,-1.6743333327170831],[102.51685232507481,-1.6713469414081601],[102.5166388889736,-1.6707777775723116],[102.52061111081417,-1.6635833334040626],[102.52563888942325,-1.6612222218280408],[102.52766666728292,-1.6618888892608084],[102.52782734915291,-1.6614096117640997],[102.52802832784511,-1.6608101398759914],[102.52802834403292,-1.660810092211932],[102.52814794667046,-1.6604533437467808],[102.52828660234491,-1.6600397689201714],[102.52842399986775,-1.659629943367122],[102.52855002006743,-1.6592540546308783],[102.52873443144892,-1.6587040031871538],[102.52885917281264,-1.6583319302743007],[102.52900678123802,-1.6578916509788542],[102.52917344090162,-1.6573945453219494],[102.52922475172096,-1.6572414959982211],[102.52927777844678,-1.6570833331292647],[102.52929841429045,-1.6569953272725115],[102.52932269508636,-1.6568917748355148],[102.52943390704922,-1.6564174867775705],[102.5294577813516,-1.6563156709314057],[102.52957123442496,-1.6558318266773995],[102.52968192298243,-1.6553597725354052],[102.52980435039052,-1.6548376585310507],[102.52994101676455,-1.6542548124095902],[102.53004708820259,-1.6538024507224804],[102.53015711665768,-1.6533332105591967],[102.53022222217788,-1.6530555556693116],[102.53023736316385,-1.6528348728310789],[102.53025416519762,-1.6525899820420022],[102.53024701199007,-1.652588926237911],[102.53023891269572,-1.6525872993643134],[102.53023086826005,-1.6525853550300553],[102.53020674934209,-1.6525790786615175],[102.53017299598702,-1.6525716412681959],[102.53016463768796,-1.6525694379291735],[102.53015633244883,-1.6525670043637319],[102.53014807217585,-1.6525643810413158],[102.53013169102479,-1.6525586685476696],[102.53012358633453,-1.6525555838730384],[102.53011555808661,-1.652552323830605],[102.53010762966346,-1.6525488506488841],[102.53009983613856,-1.6525451031739067],[102.53009295092897,-1.6525414402352112],[102.53008618712789,-1.6525375461707767],[102.53007952405085,-1.6525334596514085],[102.53006646769342,-1.6525248216631212],[102.53005365235424,-1.652515548753513],[102.53002819974171,-1.6524962528997094],[102.53002171203246,-1.652491614196606],[102.53001440414153,-1.6524866841131143],[102.52999946820097,-1.652477294291657],[102.52996909090086,-1.6524592853676836],[102.52995402365934,-1.6524501410611379],[102.52994662223887,-1.6524453989359813],[102.52993936291131,-1.6524404733491451],[102.5299323014346,-1.6524352842608891],[102.52992624809792,-1.6524304171300059],[102.52992035573988,-1.6524253350611389],[102.52991458568965,-1.6524200929129051],[102.52990329200338,-1.6524092848605392],[102.52987441387319,-1.6523803698581219],[102.52986245109133,-1.6523686067257586],[102.52985023110335,-1.6523571772418677],[102.52984395563408,-1.6523516706930081],[102.52983752458215,-1.6523463682902388],[102.52983140109836,-1.6523416648359444],[102.52980623716815,-1.6523236882875381],[102.52979913971859,-1.6523184182603359],[102.5297921645768,-1.6523129935497423],[102.52978533782311,-1.6523074006659613],[102.52977869632986,-1.6523016027367134],[102.52977229315684,-1.652295552997316],[102.52976646015406,-1.65228952124437],[102.52976083939126,-1.6522832700568415],[102.52975537421122,-1.6522768569913069],[102.52974475321787,-1.6522637116009378],[102.52973436245094,-1.6522503296889113],[102.52970860586754,-1.6522166212999991],[102.52969293428157,-1.6521965682169935],[102.5296822359465,-1.6521834372157969],[102.52966052541296,-1.6521575079625563],[102.52964991970811,-1.6521443580756454],[102.52964062431545,-1.6521320067866441],[102.52963173901361,-1.652119355124114],[102.52962746723387,-1.6521129141796109],[102.52961881035986,-1.6520990187546545],[102.52961049882555,-1.6520848949019182],[102.52959494864803,-1.6520576427459446],[102.52958712184824,-1.6520443273837486],[102.5295777778922,-1.6520293248933626],[102.52955363199459,-1.6519922989054407],[102.52954411896599,-1.6519773998371079],[102.52953519589266,-1.6519626005934924],[102.52952687446572,-1.6519478966780525],[102.52951486581844,-1.6519255620150375],[102.5295115626086,-1.6519190707085158],[102.52950336259016,-1.6519029566561017],[102.52949595757246,-1.6518875215917888],[102.52947777957593,-1.6518487653082161],[102.52947021807614,-1.6518334102835865],[102.52945820133499,-1.6518107608578703],[102.52943760416218,-1.6517733337722689],[102.52942969012815,-1.6517582449470183],[102.52942593635794,-1.6517506186960418],[102.52942238943177,-1.6517429124054388],[102.52941912489274,-1.6517350910016262],[102.52941617331783,-1.6517270465658953],[102.52941350862659,-1.6517188861176351],[102.52941105797402,-1.6517106429317892],[102.52940656136377,-1.6516939919840752],[102.52939815899788,-1.6516604562650059],[102.52939378829274,-1.6516437621498312],[102.52939144196154,-1.6516354829910824],[102.52938892385981,-1.6516272757780825],[102.52938616923637,-1.6516191683898569],[102.52938308995772,-1.6516111967992515],[102.52938271404111,-1.6516103523358652],[102.52937947917968,-1.6516030912096653],[102.52937552575997,-1.651595125914298],[102.52937132772468,-1.6515872667389431],[102.52936248199302,-1.6515717372458312],[102.52934439123072,-1.6515408518288268],[102.52934003761271,-1.6515330610019419],[102.52933585486585,-1.6515252036252264],[102.52933191223804,-1.6515172464237367],[102.52932829966136,-1.6515091552232661],[102.52932518261116,-1.6515011845319805],[102.5293147702605,-1.651470979002454],[102.5293122422662,-1.6514640281423567],[102.52930956498449,-1.6514571429327702],[102.52930668535532,-1.6514503449574249],[102.52930332279016,-1.6514431692668268],[102.52929974798502,-1.6514360853070684],[102.52928857930453,-1.6514149998023413],[102.52928496313058,-1.6514079032521067],[102.52928113022006,-1.6513999091783944],[102.52927391046268,-1.6513836809120903],[102.5292599736689,-1.6513509653747178],[102.52925257134916,-1.6513348648120996],[102.52924856576874,-1.6513269867509734],[102.52924437312936,-1.6513193991709159],[102.52923126191325,-1.651296927810904],[102.52922721316543,-1.6512896046315291],[102.5292154068656,-1.6512674678193093],[102.52921136531234,-1.6512601743175424],[102.52920714479393,-1.6512530049221823],[102.5292026643715,-1.6512460162905995],[102.52919803106437,-1.6512394944070934],[102.52919317292663,-1.6512331200124208],[102.52917822709355,-1.651214149713212],[102.52916862773003,-1.6512011437177421],[102.52916405557676,-1.6511944716475],[102.52915938090075,-1.6511871907362092],[102.52915488069323,-1.6511797866178313],[102.52914620133618,-1.6511647508525016],[102.52913337160788,-1.6511420330783153],[102.52912065429484,-1.6511204376580508],[102.52910750530719,-1.651099103940453],[102.52909845632877,-1.6510850619260395],[102.52909355502362,-1.6510777297533537],[102.52907848418477,-1.6510559706565004],[102.52905803360142,-1.651027199545581],[102.52901179765638,-1.6509626147328618],[102.52899098194831,-1.6509341161165025],[102.52898017659396,-1.6509199616868386],[102.52896333229199,-1.6508989157522933],[102.52895181737256,-1.6508851255480863],[102.52893997869711,-1.6508716240261947],[102.5289340989296,-1.6508652460342432],[102.52892208668499,-1.6508527175788004],[102.52887918092949,-1.6508096706297692],[102.52886708414866,-1.6507972509922979],[102.528855347996,-1.6507845543636677],[102.52884971374334,-1.6507780252856037],[102.52884431601245,-1.6507713127458601],[102.52883987336151,-1.6507653142678009],[102.52883563036011,-1.6507591611063503],[102.52883156272651,-1.6507528829391731],[102.52882765787018,-1.650746494155328],[102.52882390589861,-1.6507400001508472],[102.52881615823918,-1.6507254617106355],[102.52880142464608,-1.6506959126861602],[102.52879382807276,-1.6506812870117642],[102.52878982159308,-1.6506741059251908],[102.52878626207638,-1.6506681128431069],[102.52878253978247,-1.6506622249816587],[102.52877864391934,-1.6506564576293954],[102.52877347911283,-1.6506493718709407],[102.52876808318058,-1.6506424497891885],[102.52876251997435,-1.6506356437199088],[102.52875106980611,-1.6506222618078823],[102.52873349165736,-1.6506024731255593],[102.52870390666004,-1.6505697000316104],[102.52868013038375,-1.6505435882159532],[102.52866811004532,-1.650530666756822],[102.52865586937293,-1.6505179701281918],[102.52864394616125,-1.6505062357741167],[102.52862572139998,-1.650488972388132],[102.52856969003921,-1.6504367037907741],[102.52855694214924,-1.6504252311394794],[102.52854389838228,-1.6504141263108068],[102.52853739898183,-1.6504089354239682],[102.52852414837082,-1.6503988612184344],[102.52848380388451,-1.650369341871567],[102.5284451402311,-1.6503402658905202],[102.52843199574005,-1.6503309695985422],[102.52842455474945,-1.6503260476089849],[102.52840942185742,-1.6503165813451233],[102.52836334059577,-1.6502891772037174],[102.52834809259048,-1.650279859328009],[102.52833364228383,-1.6502705468482191],[102.52830628041056,-1.6502520226127331],[102.52829249740091,-1.6502429277688293],[102.52827903904648,-1.6502345829595697],[102.5282653693514,-1.6502265987784881],[102.52825149730882,-1.6502189806213892],[102.52824447360365,-1.6502153419644401],[102.52822897109019,-1.6502078389206076],[102.52819761802573,-1.6501935100224046],[102.5281820273787,-1.6501861598633241],[102.52816681264835,-1.6501785192232319],[102.52812905191428,-1.6501588888216361],[102.52811378772117,-1.6501514253479286],[102.52810605624956,-1.6501479332804365],[102.52809799742471,-1.6501445653194082],[102.52808985766086,-1.6501413880146174],[102.52808165944111,-1.6501383519033652],[102.5280651433917,-1.6501325539741174],[102.52804021598325,-1.6501242100641775],[102.52794858495929,-1.650094157419403],[102.52792369082573,-1.6500857127853692],[102.52790719815874,-1.6500798123334448],[102.5278990089322,-1.650076713269641],[102.52788240924588,-1.6500699899380606],[102.52786593366596,-1.6500629383538694],[102.52781669038802,-1.6500412907728901],[102.5278001896271,-1.6500342823562164],[102.5277847122947,-1.6500280338666471],[102.52776132272692,-1.6500191332763166],[102.52774560437621,-1.6500135673721843],[102.52772918275565,-1.6500083027409573],[102.52771205696592,-1.65000335826835],[102.52767759224713,-1.6499941348214406],[102.52763437082962,-1.6499831127304105],[102.52760833815432,-1.6499769757567719],[102.5275927448094,-1.649973723808273],[102.52757708941118,-1.6499708261926003],[102.52756923743044,-1.649969529370253],[102.5275315432462,-1.6499641487264398],[102.52751556679004,-1.6499614984243749],[102.5275071329479,-1.6499598976311063],[102.52748190696451,-1.6499546096175095],[102.52742317943625,-1.6499415388708485],[102.52740636571127,-1.6499381610172463],[102.52739794086233,-1.6499366636460877],[102.52738949532903,-1.6499353659243639],[102.52738102191671,-1.6499343362006016],[102.52737222924503,-1.649933613145663],[102.52736340509711,-1.6499331751758746],[102.52734570194264,-1.6499328577151573],[102.52731907031892,-1.6499330987334702],[102.52724790067015,-1.6499344216362033],[102.52717804313227,-1.6499350295779323],[102.52716075186726,-1.6499355242050342],[102.52715217413356,-1.6499359873558888],[102.52714367104363,-1.6499366870284575],[102.52713526957712,-1.6499377176514827],[102.52712701290136,-1.6499392096267798],[102.52711895227787,-1.6499413311274793],[102.52711106162627,-1.6499442449309072],[102.5271033706241,-1.6499477972529917],[102.52709582531213,-1.6499518163232096],[102.52708838432153,-1.6499561726392358],[102.527081016176,-1.6499607681748785],[102.52707370288914,-1.6499655291857493],[102.52705916534825,-1.649975356077789],[102.52698691741239,-1.6500258242323298],[102.52697243922677,-1.6500358255928518],[102.52695789628996,-1.650045628203145],[102.52694320676363,-1.6500549892463141],[102.52693576307507,-1.6500593752399482],[102.5269282132665,-1.650063453665382],[102.52692052226433,-1.6500671121074788],[102.52691263521001,-1.6500701976814298],[102.52690461145869,-1.6500725673950001],[102.52689639705113,-1.6500743921194498],[102.52688804864459,-1.6500758328333518],[102.52687960490988,-1.6500770289317188],[102.52685402009701,-1.6500801963439358],[102.52684548732941,-1.6500814230192304],[102.526836971649,-1.6500828736256494],[102.52682002572368,-1.6500863324182546],[102.52681159098222,-1.650088272255914],[102.52679480423689,-1.6500925026668369],[102.52677816318175,-1.6500972187116076],[102.52676992269386,-1.6500998132557356],[102.526761757749,-1.650102618241192],[102.52675408383396,-1.6501055050649711],[102.52672370563459,-1.6501179318970003],[102.52671606589377,-1.6501209221427757],[102.52670846662249,-1.650123717235715],[102.526677831217,-1.6501343328331473],[102.52666178821102,-1.6501403268146078],[102.52663789322423,-1.6501498596283],[102.52657446673828,-1.6501762016703196],[102.52655858291234,-1.650182657903315],[102.5265426361338,-1.6501888308497996],[102.52653461867777,-1.6501917266668329],[102.52652655895361,-1.6501944309281953],[102.52651843987417,-1.6501968707889318],[102.52651024165436,-1.6501989509208101],[102.52650257583326,-1.6502004905601666],[102.52649484166369,-1.6502017145374452],[102.52648706162864,-1.650202687603894],[102.52647925281531,-1.6502034664167695],[102.5264479222339,-1.650205740802221],[102.52644016108462,-1.6502065843663445],[102.52643247188115,-1.6502077876592125],[102.5264256469261,-1.650209311110757],[102.52642399127421,-1.6502096807321323],[102.52641560239817,-1.6502120531437185],[102.52640727377673,-1.6502147789888113],[102.52639899461798,-1.6502177611407092],[102.52638252083671,-1.6502242137764256],[102.52636611540396,-1.650231034234821],[102.52634160977755,-1.6502416003694975],[102.52632541658477,-1.650248856099779],[102.52630950757776,-1.6502564625656646],[102.52630174822718,-1.650260499622334],[102.52629418942536,-1.6502647830932347],[102.52628690671543,-1.650269409205805],[102.52628000262007,-1.6502745002679262],[102.52627461837898,-1.6502791578568008],[102.52626946886096,-1.6502841230138188],[102.52624924580613,-1.6503051230829442],[102.52623846203545,-1.6503155669098533],[102.52621380532293,-1.6503385670711737],[102.52620759100756,-1.6503446500854579],[102.52620158263699,-1.6503508931791089],[102.52618664399847,-1.6503679029563045],[102.52618159070789,-1.6503734733570354],[102.52617632607667,-1.6503788818798739],[102.52616008342119,-1.6503946380020693],[102.52615481339399,-1.6503999970621521],[102.52614977089524,-1.6504055503758082],[102.52614487318743,-1.6504115443572118],[102.52613082307909,-1.6504302286720645],[102.52612570144004,-1.6504366237511476],[102.52611498062191,-1.6504491441126561],[102.52609849335084,-1.6504677555823832],[102.5260878121029,-1.6504804621035873],[102.52608314282287,-1.6504864677762043],[102.52607422244745,-1.6504988118706478],[102.5260658038938,-1.6505115246870901],[102.52606179111882,-1.6505180159936117],[102.52605334288751,-1.6505327298015686],[102.52603727110323,-1.650562661937272],[102.52602910795702,-1.6505775223347428],[102.52602486675426,-1.6505848392188796],[102.52602045827757,-1.6505920355939452],[102.52601581058127,-1.6505990682923084],[102.52601090388015,-1.6506058671669734],[102.52600575975805,-1.6506125032643695],[102.52600044476475,-1.6506190161546215],[102.52598947303579,-1.6506318063127878],[102.52596705923247,-1.6506570610744689],[102.52595601645703,-1.650669809863814],[102.52595063401463,-1.6506762876804828],[102.52594540175892,-1.6506828734158034],[102.52594037095145,-1.6506896039419985],[102.52593546874692,-1.6506966798078793],[102.5259307796818,-1.650703908558512],[102.52592624709871,-1.6507112488250186],[102.52591748500402,-1.6507261550879662],[102.52589619265524,-1.6507638789498174],[102.52588754927103,-1.6507788895340809],[102.52587858123161,-1.6507936851803606],[102.52587388766983,-1.6508009391120027],[102.52586928673827,-1.6508076723361569],[102.52585967658285,-1.6508208519007326],[102.52585471232516,-1.6508273297174583],[102.52584452120777,-1.6508400776074268],[102.52583398475065,-1.6508525350164405],[102.52581191808559,-1.6508772097154178],[102.52580656981741,-1.6508834671981845],[102.52580142929258,-1.650889857780669],[102.52579658644339,-1.6508964498112846],[102.52579192525718,-1.6509036174079483],[102.52578765077953,-1.6509110314189002],[102.5257837252388,-1.650918653173278],[102.52578013964177,-1.6509264610872378],[102.52577683283465,-1.6509346008510875],[102.52577379762272,-1.6509428764125573],[102.5257682568996,-1.6509596856409416],[102.52575810175506,-1.6509937591546304],[102.52574329891416,-1.6510450672759589],[102.52573607196223,-1.651070731229197],[102.5257315717547,-1.6510878759046932],[102.52572951770316,-1.651096473423479],[102.52572766869702,-1.6511050979218567],[102.52572610297733,-1.6511137610911533],[102.52572492396615,-1.6511222416980331],[102.52572410288508,-1.651130760975775],[102.52572363343899,-1.6511390383358844],[102.52572278178104,-1.6511722089302339],[102.52572226736879,-1.6511804710019078],[102.52572149305252,-1.6511882231579307],[102.52572050469757,-1.6511959573275021],[102.52571714033382,-1.6512191166688694],[102.52571617176397,-1.6512268508384409],[102.52571543521924,-1.6512346029944638],[102.52571498106158,-1.6512428398851284],[102.52571479130461,-1.6512510992587863],[102.52571477601617,-1.6512842482694055],[102.52571451611209,-1.6512925364213515],[102.52571397022359,-1.6513011537252282],[102.52571225611581,-1.6513183721451128],[102.52570812822762,-1.6513518952737058],[102.52570647707233,-1.651367300660354],[102.52570524590044,-1.6513827159395191],[102.52570487358111,-1.6513904249281381],[102.52570472609227,-1.65139813481602],[102.52570487627906,-1.6514067916900217],[102.52570528187334,-1.6514154530606788],[102.52570783324995,-1.6514501165295883],[102.52570835395744,-1.6514587967860166],[102.52570868670659,-1.651466563331212],[102.52570955904895,-1.6514976546929461],[102.52571046736426,-1.6515141707423595],[102.52571199081581,-1.6515316445696726],[102.52571628417923,-1.6515732588987362],[102.52571760618264,-1.6515901598579603],[102.52571888232063,-1.6516167321264561],[102.52572050199961,-1.651669950407836],[102.52572119717559,-1.6516876490657069],[102.52572228535524,-1.6517052703818536],[102.52572309204714,-1.6517140261813097],[102.52572416763627,-1.6517227262227721],[102.52572561284683,-1.6517313489225671],[102.52572737731668,-1.651739334902345],[102.52572949791806,-1.651747236345841],[102.52573192159099,-1.6517550541523747],[102.52573461416119,-1.651762782026708],[102.52574335107488,-1.6517849907846767],[102.5257461587583,-1.6517923859098573],[102.52574869664511,-1.6517998403902538],[102.52575082084377,-1.6518073919975222],[102.52575248998551,-1.6518155506470862],[102.52575365910417,-1.6518238352018102],[102.52575445140684,-1.6518322105879975],[102.52575496761773,-1.6518406588193102],[102.525755476634,-1.6518576811869821],[102.52575596676451,-1.651900435856362],[102.52575626444013,-1.6519089380470291],[102.52575674737608,-1.6519173952715391],[102.52575749381333,-1.6519257877448581],[102.52575860357678,-1.6519340947825754],[102.52576019807475,-1.6519422840091238],[102.52576221525408,-1.6519498239251789],[102.52576454989412,-1.6519570194008679],[102.52576463263176,-1.6519572748083533],[102.52577565832001,-1.6519869155636684],[102.52577839675564,-1.6519950769112484],[102.52578094363571,-1.6520033227950535],[102.52578562910355,-1.6520199863332437],[102.5257920520616,-1.6520452150145957],[102.52579996789427,-1.652078987255436],[102.52580681263436,-1.6521106622772095],[102.52580807708114,-1.6521178829339078],[102.52580917605269,-1.6521265748814926],[102.52580990090627,-1.6521353297815722],[102.52581034517135,-1.6521441305471285],[102.52581058708898,-1.652152966386268],[102.52581067612186,-1.6521707019163046],[102.52581031009777,-1.6521973937946655],[102.52580779379468,-1.6523132363666946],[102.52580135015222,-1.6527641537426803],[102.52579948675697,-1.6528379889819576],[102.52579759458337,-1.6528996590919292],[102.5257975756976,-1.6529166778623221],[102.52579794621829,-1.6529337101225678],[102.52580019182545,-1.6529933486640402],[102.52580086721633,-1.6530188957054293],[102.52580082944479,-1.6530359009859694],[102.52580054166174,-1.6530443923847429],[102.52579998408208,-1.6530533622228631],[102.5257982816654,-1.6530712731207018],[102.52579613318505,-1.6530891651328261],[102.52578427562389,-1.6531770900506331],[102.52578170086485,-1.6531934163430151],[102.52578025835231,-1.6532011145397405],[102.52577689578715,-1.6532164111084171],[102.52577497303662,-1.6532239977892118],[102.52577286862305,-1.6532315350073077],[102.52577029566265,-1.6532398465416236],[102.52576753204602,-1.6532481032173223],[102.52576164778191,-1.6532645176433221],[102.5257468692227,-1.6533047146407966],[102.52574144721007,-1.6533204428840804],[102.52573639391949,-1.6533362871398936],[102.52573398193778,-1.6533445411176331],[102.52572947813297,-1.6533611461998703],[102.52572097144571,-1.6533945092491535],[102.52571658365349,-1.6534111377137606],[102.52571177317986,-1.6534276096963936],[102.52570908330762,-1.6534357377690299],[102.52570618928928,-1.6534436077362784],[102.52570306774243,-1.6534513850733106],[102.52569974834478,-1.6534590778741176],[102.52569623919015,-1.6534666816419872],[102.52569253668128,-1.6534741873837788],[102.52568862013379,-1.6534815753144017],[102.52568444817882,-1.6534888139575514],[102.52567988591807,-1.6534960328156103],[102.5256750781424,-1.6535031068828516],[102.52567009230097,-1.653510073930704],[102.52565976808387,-1.6535237993837768],[102.52562787992281,-1.6535643992775704],[102.52561227938327,-1.6535848741425525],[102.52560728364926,-1.6535918106135341],[102.52560246598108,-1.6535988451105936],[102.52559788573387,-1.6536060118079376],[102.52559363104132,-1.6536133583697392],[102.52558963625279,-1.6536211878674862],[102.52558598320661,-1.6536292080214707],[102.52558257297744,-1.6536373648724521],[102.52557621027393,-1.6536539321832038],[102.52556402446021,-1.6536874211375334],[102.52555771121945,-1.6537040999642159],[102.52554782856947,-1.6537289518296348],[102.52554091638024,-1.6537453770474713],[102.52553417326357,-1.6537603858330954],[102.52549086281311,-1.6538520932994061],[102.52548346768793,-1.6538670400317983],[102.52547573171972,-1.6538817907120347],[102.52547140777932,-1.6538894907073995],[102.52546692016227,-1.653897088180031],[102.52546226886869,-1.6539045759353712],[102.52545743141536,-1.6539119350877058],[102.52545237182954,-1.6539191323620344],[102.52544730235121,-1.6539258224187279],[102.52544202602871,-1.6539323550940708],[102.52543658513036,-1.6539387537704329],[102.52543099674318,-1.6539450238437325],[102.5254252671624,-1.6539511626160106],[102.52541938919353,-1.6539571565974711],[102.52541334035345,-1.6539629734124333],[102.52541132497271,-1.6539647900430055],[102.52540771239609,-1.6539680491860622],[102.52539606797421,-1.6539777573675565],[102.52538400177031,-1.6539869511368579],[102.52537782162921,-1.653991347023009],[102.52536427693991,-1.6540003348475238],[102.52533691236869,-1.654017778997229],[102.52533020522486,-1.6540222747081543],[102.52532362398614,-1.6540269116126183],[102.5253172154172,-1.6540317418713357],[102.52531095523648,-1.654036839228695],[102.52529870377219,-1.654047292948178],[102.52529250744334,-1.654052394802136],[102.52528612135745,-1.6540572349533704],[102.52527920467162,-1.6540618682605555],[102.52527203977286,-1.6540661589260708],[102.52526468511718,-1.6540701986806994],[102.52524960078853,-1.6540777736702807],[102.5252111116036,-1.6540957043532103],[102.52519586719558,-1.654103138149253],[102.52518837584296,-1.6541070609920325],[102.52518102298586,-1.6541111960747799],[102.52517385808716,-1.6541156198399563],[102.52516698726669,-1.6541203457773008],[102.52516029810931,-1.6541253523031401],[102.52515373485704,-1.6541305602771104],[102.52510903405476,-1.654168201401319],[102.5250898730992,-1.6541839008662578],[102.52507701099535,-1.6541942376738916],[102.52505911718458,-1.6542081313001518],[102.52505330486616,-1.654212373402288],[102.52504598888135,-1.6542174212968916],[102.52503102596114,-1.6542270386468658],[102.52501579684161,-1.6542362791809069],[102.52493105012792,-1.65428570232325],[102.52491574996196,-1.6542948682135261],[102.52490061257328,-1.6543042922092468],[102.52487892362348,-1.6543186948518382],[102.52481471562669,-1.6543631879107465],[102.52480030489022,-1.6543727378115705],[102.52479302487825,-1.6543773441390499],[102.52478566842393,-1.6543817822933988],[102.5247782103462,-1.6543859911205345],[102.52477061377289,-1.6543898959768626],[102.52476384817311,-1.6543930157250202],[102.52474324830234,-1.6544017373502697],[102.52473644672972,-1.6544048031391299],[102.52472938165567,-1.6544082952066219],[102.52472241190986,-1.6544120192992295],[102.52470865408117,-1.6544199108501516],[102.52468891216364,-1.6544318025855773],[102.52467611211296,-1.6544398263368407],[102.52466355667787,-1.6544482179108968],[102.52465673532015,-1.6544531300078802],[102.52465003357224,-1.6544582093787881],[102.5246434514342,-1.6544634461311034],[102.52463698890597,-1.6544688393653928],[102.52463066577269,-1.6544743971756475],[102.52461948719963,-1.6544849597130451],[102.5245861421368,-1.6545183389501403],[102.52457428817291,-1.6545295229191197],[102.52456872586606,-1.6545344691903665],[102.5245573224625,-1.6545439372528676],[102.52455146607736,-1.6545484095813663],[102.52454548738439,-1.6545526570794209],[102.52453988460803,-1.6545562993337057],[102.5245341433361,-1.6545596601001762],[102.52452823479024,-1.6545626773256572],[102.52452040079589,-1.6545659841328302],[102.52451233027989,-1.6545687792257127],[102.52450408169807,-1.6545712046972767],[102.52449570900984,-1.6545733621708791],[102.52448724998663,-1.6545753289881873],[102.52447016646505,-1.6545789136858957],[102.52440999732357,-1.6545906489392337],[102.52439294977489,-1.6545943730318413],[102.52438450064426,-1.6545964270833906],[102.52437612795597,-1.6545986717912342],[102.52436785329388,-1.6546011808997036],[102.52435971173139,-1.6546040398445143],[102.52435172125502,-1.6546073178733991],[102.52434383959655,-1.6546108989737718],[102.52432124233155,-1.6546216692545954],[102.5243072416859,-1.6546279159455253],[102.52429199457993,-1.6546341032811824],[102.52427547763125,-1.6546401206450128],[102.52425878711341,-1.6546456253952329],[102.5242503793516,-1.6546481686780226],[102.52424192662369,-1.654650541089552],[102.52423381024221,-1.6546526320133239],[102.52420939724595,-1.6546585729347498],[102.52420130334752,-1.6546606998313678],[102.52419329218674,-1.6546629949012299],[102.52416941428709,-1.6546703108861038],[102.52416144989104,-1.6546726311369753],[102.52415345132079,-1.6546747481410762],[102.52414539609322,-1.6546765611743126],[102.5241375342199,-1.6546779479289171],[102.52412962198451,-1.6546790558936664],[102.5240979091912,-1.654682711637804],[102.52409007429753,-1.6546838951455811],[102.52408232304083,-1.6546853826242796],[102.52407467430686,-1.6546872460195345],[102.52405204376686,-1.6546935871392634],[102.52404448766305,-1.6546953686962524],[102.52403686500935,-1.6546966682166158],[102.52403019293911,-1.6546972815542631],[102.52402345431904,-1.6546975000895259],[102.52401666084029,-1.6546974407342532],[102.52398612076291,-1.6546961852806703],[102.52397818514521,-1.6546960512816895],[102.52397024862813,-1.6546961771867927],[102.52396167808905,-1.6546967023908792],[102.5239531336303,-1.6546976062095382],[102.52394462604371,-1.654698849072588],[102.52393617241648,-1.6547004282820694],[102.523927790735,-1.6547023663210894],[102.52392312864953,-1.6547036622441738],[102.52392056468238,-1.6547043754065385],[102.52391341237416,-1.6547066470940308],[102.52390633111236,-1.6547091562025571],[102.5238993280916,-1.654711884745609],[102.52389240870775,-1.654714837219899],[102.52388559274596,-1.6547180298131821],[102.52387789185127,-1.6547220129104971],[102.52387030786849,-1.6547262559119531],[102.52385535304217,-1.6547352122601637],[102.52382560616684,-1.6547535620272242],[102.5238103923358,-1.6547625039863192],[102.5237797857086,-1.6547800596520119],[102.52376464382331,-1.654789088845348],[102.52375724779881,-1.6547937248504923],[102.52374263111761,-1.654803281945874],[102.5237281826096,-1.6548130998446595],[102.52371388338906,-1.6548231317820523],[102.52369978201938,-1.6548334344154227],[102.52369284374981,-1.6548387323215934],[102.5236860628616,-1.6548441102674474],[102.52367269893597,-1.6548551215665839],[102.52363330413374,-1.6548881968327578],[102.52362044472778,-1.6548992171251484],[102.5236141350843,-1.6549048432838163],[102.52360795943986,-1.6549106007435626],[102.5236019654584,-1.6549165353697504],[102.52359625206543,-1.6549226228806901],[102.52358530192021,-1.654935271845261],[102.52355891761005,-1.6549677913304777],[102.5235272731652,-1.6550062418445464],[102.52351176705446,-1.6550256815899047],[102.52350188710244,-1.6550389672744927],[102.52349694532785,-1.6550461015962696],[102.52347310430036,-1.6550824216164415],[102.52346812025758,-1.6550896476690582],[102.5234578778788,-1.6551039136146528],[102.52343680766262,-1.6551320507035143],[102.5233780504567,-1.6552088716920252],[102.5233624786955,-1.6552300938936924],[102.52335748296156,-1.6552372866714222],[102.52335265180352,-1.6552445765759103],[102.52334804457666,-1.6552520049759778],[102.52334387262169,-1.6552593047730397],[102.52333991290669,-1.6552667313745246],[102.52333610697582,-1.6552742506061122],[102.52332524766211,-1.6552971491440758],[102.52330414417099,-1.655343346418249],[102.52329683088408,-1.6553586016181043],[102.52329289994742,-1.6553664167266788],[102.52328473140528,-1.6553818706767629],[102.52328049110184,-1.6553895032229207],[102.52327612669194,-1.6553970566288285],[102.52327161029666,-1.6554045066126264],[102.52326689964775,-1.6554118297920581],[102.52326250735888,-1.6554182221731821],[102.52325333966996,-1.6554307578231828],[102.52322926302014,-1.6554623321208624],[102.52314440029392,-1.6555699440975786],[102.5229231769631,-1.6557763708827906],[102.52291643834303,-1.6557844422981134],[102.52290526246793,-1.6557981686505059],[102.52289421069935,-1.6558120316998384],[102.52284490806613,-1.6558747576139012],[102.5228286069547,-1.6558950975806397],[102.52281801923624,-1.6559079740736706],[102.52280729212288,-1.6559207138698184],[102.52279635546751,-1.6559332423252044],[102.52279076078503,-1.6559393766008839],[102.5227850509894,-1.6559453876694761],[102.52277917841639,-1.6559512323634635],[102.52277267631803,-1.6559572776062055],[102.52276599885181,-1.6559631411859641],[102.52275231926416,-1.6559745310996732],[102.52271879703494,-1.6560015287474812],[102.52270563185948,-1.6560123691754711],[102.52269273198408,-1.6560234847959237],[102.52268645201821,-1.6560292170746607],[102.52268033482966,-1.6560351184259048],[102.52267421584247,-1.6560414370626404],[102.52266827132371,-1.6560479373623593],[102.52265672402865,-1.6560612877981384],[102.52263417172969,-1.6560885408534318],[102.52262279800379,-1.6561020450732826],[102.52261699108135,-1.656108657788252],[102.52261105105924,-1.6561151176185263],[102.52260492397812,-1.656121358014218],[102.52259853879161,-1.6561272926404058],[102.52259182894983,-1.6561328567458986],[102.52258485380804,-1.656138103390731],[102.52257767991608,-1.6561431018226358],[102.52257035224,-1.656147903303065],[102.52256290315552,-1.6561525294156354],[102.52255535244763,-1.6561569891536578],[102.52254770191496,-1.6561612699265993],[102.52253994975894,-1.656165334862294],[102.52253207979169,-1.65616913269929],[102.52252406233566,-1.6561725798006819],[102.5225161330132,-1.6561755241810374],[102.52250807598699,-1.656178152899372],[102.52249992902858,-1.6561805567872057],[102.52245877065582,-1.6561914511744931],[102.52245061470416,-1.6561937786199223],[102.52244254059082,-1.656196293124367],[102.52243458698666,-1.6561990783247325],[102.52242679615978,-1.6562022340457929],[102.52241900893017,-1.6562059428499083],[102.52241139616905,-1.6562100455570885],[102.52240390931303,-1.6562144351480015],[102.52239651418785,-1.6562190315830208],[102.52238189480863,-1.6562286147587315],[102.52234561795598,-1.6562532310017559],[102.52233097609371,-1.6562628312645984],[102.52232357377397,-1.656267472665661],[102.52231609141455,-1.6562719575847495],[102.52230177690552,-1.6562800802614674],[102.52228636432432,-1.6562891049582049],[102.5222710794468,-1.6562984273305119],[102.52223309478154,-1.6563221658352631],[102.52221847090578,-1.6563310628282579],[102.5222110398077,-1.6563352860445661],[102.5222031878269,-1.6563394220266332],[102.52218717000193,-1.656347112129481],[102.52217090306476,-1.656354340880057],[102.52214629491561,-1.6563648035927372],[102.5219852344311,-1.6564321052574087],[102.52196202202975,-1.6564416893324392],[102.521946490738,-1.6564479387213282],[102.52192905018558,-1.6564547187102789],[102.52184115584475,-1.6564877750906817],[102.52182529000521,-1.6564939894060444],[102.52181730582407,-1.656497274629487],[102.52180940977649,-1.6565007010464683],[102.5218016342381,-1.6565043253143017],[102.52179403226882,-1.6565082220767522],[102.52178701126161,-1.6565122528381266],[102.52178022227952,-1.6565166172480303],[102.52177370039601,-1.6565213341921776],[102.52176750136914,-1.6565264495359884],[102.52176142465009,-1.6565322510625151],[102.52175567528423,-1.6565384357002131],[102.52175016064149,-1.6565448973291268],[102.52173958461418,-1.6565583529855417],[102.52171393864739,-1.6565929660924894],[102.52170337341204,-1.6566065341641547],[102.52170156037874,-1.6566087078255691],[102.52169788215161,-1.656613117201573],[102.52169218134912,-1.6566195005894429],[102.52168603808025,-1.6566258282193758],[102.52167967177951,-1.6566319400119482],[102.52166650210745,-1.6566437400165341],[102.5216529888944,-1.6566552153658449],[102.52163245017749,-1.6566721648884482],[102.52160491113779,-1.6566946155639926],[102.52158418086532,-1.6567113546452674],[102.52157039066105,-1.6567222679182692],[102.52155660765141,-1.6567328916096358],[102.52154266006579,-1.6567432553968615],[102.5215284282944,-1.6567531605298882],[102.52152114288651,-1.6567578388031734],[102.52151356789687,-1.6567623507018538],[102.52150586790157,-1.6567666575551812],[102.52149022239593,-1.6567748746606981],[102.52144266714544,-1.6567985457162422],[102.52142693530487,-1.6568066531045247],[102.52141258572232,-1.6568145041859452],[102.52138662499283,-1.6568295237634629],[102.52137476023705,-1.6568361985316642],[102.52136873028275,-1.6568393155819194],[102.5213615770752,-1.656842672751111],[102.52135431235172,-1.6568457907006291],[102.52132325336549,-1.6568580997214895],[102.52131526828504,-1.6568616556408529],[102.52130752512227,-1.6568656450334629],[102.52130008682963,-1.6568702081934816],[102.52129291023965,-1.6568752425983462],[102.52128592610467,-1.6568806268393814],[102.5212790777673,-1.6568862592934011],[102.52126564369456,-1.6568980035399932],[102.5212325468446,-1.6569283250821059],[102.52121918022107,-1.6569403157429292],[102.52120551592191,-1.6569519062054496],[102.52119848772008,-1.6569574433312937],[102.52119149459185,-1.6569626027418849],[102.52118656540773,-1.6569659760988884],[102.52117713691541,-1.6569724260365888],[102.52116248426131,-1.6569818554282278],[102.52114025032233,-1.6569956564243853],[102.52107329489672,-1.6570366879927292],[102.52105856400158,-1.6570459411172465],[102.52104402825938,-1.6570553660122869],[102.52102985584321,-1.6570650957775115],[102.52102298592212,-1.657070143672172],[102.52101632284507,-1.6570753633372988],[102.52100272509574,-1.6570865715879677],[102.52099579492005,-1.6570916482609164],[102.52098858595451,-1.6570964272582387],[102.520981164749,-1.6571009841230762],[102.52096590145527,-1.6571096517889714],[102.5209424363444,-1.6571220633325083],[102.52080267270526,-1.6571934488185889],[102.52078977912504,-1.6571996478454025],[102.52075524066191,-1.6572153697934482],[102.52070889859687,-1.6572370461527157],[102.52069895659162,-1.6572414968975409],[102.52069335471458,-1.6572440051066906],[102.52067764265917,-1.6572504928159333],[102.5206696818604,-1.6572534416929443],[102.52066159605585,-1.6572561405583883],[102.52064522120008,-1.6572609501326951],[102.52063997095797,-1.657262326095406],[102.52062816106087,-1.6572654206626112],[102.52059567664924,-1.6572739336450582],[102.52058753059015,-1.657276278177676],[102.5205794807585,-1.6572788025746377],[102.52057772258388,-1.6572794204088837],[102.52057156582515,-1.6572815823790847],[102.52056383525286,-1.6572847129191359],[102.52055635379276,-1.6572883227977968],[102.52054943261027,-1.6572923463646703],[102.52054274525153,-1.6572968123979308],[102.52053622336808,-1.6573016003885073],[102.52052348357199,-1.6573117798147337],[102.52050456903072,-1.6573275458295029],[102.52049168983967,-1.6573377171618517],[102.52048505284296,-1.6573425168436415],[102.520478040829,-1.6573471708352372],[102.52047086603767,-1.6573515892044384],[102.52046357613318,-1.6573558313065178],[102.52044876519841,-1.6573639782649252],[102.52041131383112,-1.657383683310286],[102.52038340337145,-1.6573987901220448],[102.52037681943472,-1.657402194055976],[102.52036921926413,-1.6574058174244897],[102.52036150757755,-1.6574092186604616],[102.52035371135474,-1.6574124571191646],[102.52033794803793,-1.6574186039853203],[102.5203140800308,-1.6574273921604004],[102.52027368518247,-1.6574418109907469],[102.52024836477028,-1.6574506117563033],[102.5202314071538,-1.657456195646887],[102.52022287708417,-1.6574588207679426],[102.52020644287308,-1.657463443283234],[102.52018990523999,-1.6574677105663227],[102.52017331094959,-1.6574717773006569],[102.52014835566212,-1.6574776228939072],[102.52013167503685,-1.6574813173089069],[102.52011471292371,-1.6574847716048566],[102.5200974684235,-1.6574879812852714],[102.52007154636482,-1.6574925165663217],[102.51996773762107,-1.6575100362591115],[102.51994377698378,-1.657515003214769],[102.51992633283407,-1.6575190636538082],[102.51991729194953,-1.6575213758108021],[102.51990757117755,-1.6575240773742053],[102.51989858335298,-1.657526779836985],[102.5198907340702,-1.6575293240190376],[102.51985397877814,-1.6575420611171694],[102.51959502169296,-1.6575521712956061],[102.51929532262108,-1.6575033578936313],[102.51904582370588,-1.6574627211276152],[102.51901193904979,-1.6574521172213963],[102.51894673280555,-1.6574311603197316],[102.51890153287951,-1.6574170652453404],[102.51888749716034,-1.6574124814008542],[102.51887204141167,-1.6574069631607813],[102.51884904214961,-1.6573981219257234],[102.51883319789385,-1.6573916486056532],[102.51880863471081,-1.6573811688058413],[102.51875151966698,-1.657356214417689],[102.51871899118856,-1.6573417856948254],[102.51869485788143,-1.6573305747461973],[102.51867909546394,-1.6573225977596167],[102.51867138827402,-1.6573183412683647],[102.51865040619134,-1.65730599087874],[102.51863495044267,-1.6572974473193085],[102.51861929144718,-1.6572891600666253],[102.51860351733853,-1.6572810221014151],[102.51853521472844,-1.6572463550352268],[102.51852629795036,-1.6572414959982211],[102.51852257745503,-1.6572394689263206],[102.51851637662952,-1.657235835665233],[102.51850995636943,-1.6572318147963756],[102.51849742071943,-1.6572232892233956],[102.51848522591251,-1.6572142501374856],[102.51847925621274,-1.6572095601730439],[102.518472864731,-1.6572043387092208],[102.51844762615707,-1.6571830526556823],[102.51844123017867,-1.6571778527756464],[102.51841779474552,-1.6571595686590967],[102.51841161370504,-1.6571544739997535],[102.5184055279928,-1.6571492597304882],[102.51839358499603,-1.65713853981174],[102.51838192798363,-1.6571274817478638],[102.51837621728868,-1.6571218340054088],[102.51836498115904,-1.6571103388710071],[102.51835395007481,-1.6570986377918757],[102.51832233620689,-1.6570636091981328],[102.51831701491835,-1.657057872422854],[102.51830502066025,-1.6570454662751786],[102.51829278268582,-1.6570332921526756],[102.51828040711513,-1.6570212475324979],[102.51822435327136,-1.65696739522906],[102.51821210810238,-1.6569552390929516],[102.51820609613446,-1.6569490643477707],[102.51820019478322,-1.6569427915765118],[102.51819444811537,-1.6569363830076327],[102.5181886852597,-1.6569295598512781],[102.51818309507382,-1.6569225883067702],[102.51817764068562,-1.6569154980517737],[102.51816705926245,-1.656901054040361],[102.51816192143559,-1.6568937155724939],[102.51815272676697,-1.6568799190729351],[102.51814462837194,-1.6568670039090421],[102.51813299833924,-1.6568473168501328],[102.51812545032931,-1.6568335976923549],[102.51811833309466,-1.6568196608985772],[102.51811498761663,-1.6568125913279914],[102.5181113993217,-1.6568044677519538],[102.51810798009927,-1.6567962659348723],[102.51809199375055,-1.6567553881506001],[102.51808570659017,-1.6567400412199049],[102.51808239708504,-1.6567324545391102],[102.51807892030598,-1.6567249550925567],[102.5180752240924,-1.6567175725578522],[102.51807111688862,-1.6567100767086345],[102.51806677496177,-1.6567027049658236],[102.51805762166197,-1.6566882123910318],[102.51804810413677,-1.656673911371854],[102.518036931859,-1.6566574348926792],[102.51802398162152,-1.6566383368896709],[102.51801462057836,-1.6566239576295061],[102.51801011407554,-1.6566166767182153],[102.51800578473922,-1.6566093040760848],[102.51800169642121,-1.6566018046295312],[102.51799792016794,-1.6565942161500971],[102.5179909872943,-1.656578712737371],[102.51797797860087,-1.6565472346670731],[102.51796633327973,-1.6565205221043584],[102.51796083572407,-1.6565074828340016],[102.51794059917938,-1.6564556576024643],[102.51791104835627,-1.6563817881889236],[102.51790157219983,-1.656357058631329],[102.51789576527739,-1.6563404202741481],[102.51789314645163,-1.6563320161096158],[102.5178909431126,-1.6563241506389659],[102.51788891514138,-1.6563162330077148],[102.51788519014946,-1.6563002979203816],[102.51787801086158,-1.6562683324175396],[102.51787608721173,-1.6562603716188278],[102.51786751757191,-1.6562271929305439],[102.51786570993465,-1.656219551391132],[102.51786247597255,-1.6562041819773867],[102.51786107123149,-1.6561964568010126],[102.51785870241724,-1.6561810451190695],[102.51785585246569,-1.6561606709781245],[102.51783971772886,-1.6560453437176079],[102.51783558174674,-1.6560190556348857],[102.51783227583894,-1.6560016888268478],[102.51783031531687,-1.6559930940060212],[102.51782804812598,-1.6559845900167716],[102.51782550933984,-1.6559764709373326],[102.51781972759841,-1.6559604243340686],[102.51780834308062,-1.6559303797831717],[102.51780318996532,-1.6559155265802588],[102.51780082205033,-1.6559079731743509],[102.51779860971811,-1.6559003721044405],[102.51779462392284,-1.6558850521533941],[102.51779286215094,-1.6558773359702172],[102.51779128204208,-1.6558695802169154],[102.51778976758379,-1.6558609952886627],[102.51778726297186,-1.6558437184128252],[102.51778516395422,-1.6558263579000254],[102.51777846220631,-1.6557654746968637],[102.51777619501547,-1.6557481465596879],[102.51777340172117,-1.6557309191465492],[102.51777176945166,-1.6557226633701703],[102.5177680588489,-1.6557062336557351],[102.51775368318602,-1.6556490241830488],[102.51774997078456,-1.6556326277435005],[102.5177495319154,-1.6556304181092401],[102.51774833581709,-1.6556243971481877],[102.51774691758624,-1.6556161368751532],[102.5177457403737,-1.6556077399052356],[102.51774285534856,-1.6555824419760938],[102.5177417716655,-1.6555740189257904],[102.51774050811804,-1.6555657442636402],[102.51773907100136,-1.6555574902859007],[102.51773583973727,-1.6555410227999232],[102.51772538961512,-1.6554917192673884],[102.51772241285914,-1.6554752445867962],[102.51772121226418,-1.6554669816158594],[102.51772030215028,-1.6554586961618725],[102.51771977964415,-1.6554511013872002],[102.51771952333741,-1.655443484129421],[102.51771948646518,-1.6554358551805421],[102.51771996940113,-1.6554205765982601],[102.51772117719065,-1.6554048123821303],[102.51772485541778,-1.6553723567488419],[102.51772650297579,-1.6553564027757375],[102.51772712440732,-1.6553485642847932],[102.51772756327648,-1.6553407275924314],[102.51772776112733,-1.6553329025913399],[102.51772764691344,-1.6553250883820851],[102.51772706685074,-1.6553162111741813],[102.51772609918021,-1.655307351952672],[102.5177248473239,-1.6552985026237366],[102.51772339042219,-1.6552896622880553],[102.51772178603164,-1.655280829146875],[102.51771830925264,-1.6552631727571452],[102.51771115244776,-1.6552291118339895],[102.51770718463894,-1.6552102287690218],[102.51770249917104,-1.6551868958584919],[102.51770186604836,-1.6551837455334066],[102.51769876158863,-1.6551660666606267],[102.51769747106152,-1.6551572128350358],[102.517696447633,-1.6551483473183453],[102.51769579022857,-1.6551394611171872],[102.5176955779886,-1.6551310875296394],[102.51769569579977,-1.6551227013515586],[102.51769605372994,-1.6551142989856658],[102.51769724802961,-1.65509747177083],[102.51770116637579,-1.6550553448282699],[102.51770247129207,-1.655038501425679],[102.51770292544973,-1.6550300918652283],[102.51770317006532,-1.6550216912979749],[102.51770316197138,-1.6550142512066941],[102.51770291825511,-1.6550068282024881],[102.5177024074402,-1.6549994348759469],[102.5177015872585,-1.6549920811195875],[102.51770046490458,-1.6549849890659516],[102.51769907814997,-1.654977932085842],[102.51769749894049,-1.6549709065820366],[102.51768976387154,-1.6549402657805672],[102.51768786989936,-1.654931929065242],[102.51768629608574,-1.654923566269531],[102.51768519081895,-1.6549151594070395],[102.51768469259457,-1.6549072345811737],[102.51768461615217,-1.6548992647892078],[102.51768483288879,-1.6548912626216179],[102.51768659106341,-1.6548590354161092],[102.51768683208172,-1.6548429321555318],[102.51768668639153,-1.6548348922164564],[102.51768635274306,-1.6548268702638325],[102.51768580595524,-1.6548188806867188],[102.51768500016271,-1.6548109396730979],[102.51768387241282,-1.6548030652092507],[102.51768233816944,-1.6547952806776038],[102.51768030210434,-1.6547875015419322],[102.51767787393482,-1.6547798105397646],[102.51767229633947,-1.6547645778229594],[102.51766339215186,-1.65474175662672],[102.51766034345013,-1.6547334936557831],[102.51765454462162,-1.6547168373121508],[102.51764631492557,-1.6546916562948581],[102.51763224143485,-1.6546468628623643],[102.51762248289134,-1.654615808372796],[102.51761690619531,-1.6545990737881766],[102.51761085375796,-1.6545825325578107],[102.51760479772332,-1.6545680390836992],[102.51759687829338,-1.654551005024814],[102.51758139016908,-1.654520086332866],[102.5175609629681,-1.6544805287533677],[102.51748830674001,-1.654393152422017],[102.51744574362624,-1.6543439523114785],[102.51743136886262,-1.6543273346387082],[102.51737944380636,-1.654275007585511],[102.51731746432955,-1.6542176137518254],[102.51724985509679,-1.6541539669319718],[102.51724936496629,-1.6541533616882589],[102.51724128275907,-1.6541433936026806],[102.51723560893629,-1.6541366801636173],[102.51722980381248,-1.6541301043208136],[102.5172238224215,-1.6541237209329438],[102.51721759641498,-1.6541175992477406],[102.51721107093425,-1.6541117851307376],[102.51720431882433,-1.6541062156293265],[102.51719741922557,-1.6541008008112499],[102.51717651178666,-1.6540847649998796],[102.5171696886303,-1.6540792539543645],[102.51716305882815,-1.6540735270715459],[102.51715679864742,-1.6540676293175807],[102.51715075790122,-1.6540614923439421],[102.51714489791874,-1.6540551674120252],[102.51713919621699,-1.65404868779666],[102.51713364200401,-1.6540420705850352],[102.51712824157516,-1.6540353229717084],[102.51712302011134,-1.6540284368628022],[102.51711800998822,-1.6540213933725454],[102.51711311317968,-1.6540139793615936],[102.51710841602062,-1.6540064241571031],[102.5170904160899,-1.6539756178804055],[102.51708124210569,-1.6539603087211958],[102.5170775144158,-1.6539545368723338],[102.51707186127743,-1.6539457846701566],[102.51705713218098,-1.6539244257716064],[102.51704701210997,-1.653910390052431],[102.51703144484537,-1.6538895581565498],[102.51697339360732,-1.6538138613206002],[102.51695727865552,-1.6537934368175797],[102.5169462250883,-1.6537800872811772],[102.51693577586542,-1.6537682180288016],[102.5169196860947,-1.6537507792750148],[102.51690829887895,-1.6537388155938402],[102.51689664006796,-1.6537271558834732],[102.51689078997805,-1.6537216610257701],[102.51688482297624,-1.6537163118582612],[102.51687873726399,-1.6537111182734634],[102.51687252025067,-1.6537061036536898],[102.51686615125192,-1.6537013147637936],[102.51685910596302,-1.6536964593240668],[102.51685187631313,-1.653691909653844],[102.51684447759061,-1.6536876675517647],[102.51683690979559,-1.6536837698899944],[102.51682915763956,-1.653680282319101],[102.51682120223677,-1.6536772507045043],[102.51681308675461,-1.6536745887112261],[102.5168048633538,-1.6536721893200479],[102.516796561712,-1.6536699679945741],[102.51676313301226,-1.6536617122181951],[102.51674655580894,-1.6536573675933823],[102.516738373777,-1.6536550059736896],[102.51673029876434,-1.6536524572950384],[102.51671547613836,-1.6536473275620551],[102.51670807561726,-1.6536449389627137],[102.51670059235852,-1.6536429460650766],[102.51669213783197,-1.6536413875399489],[102.51668353761522,-1.6536404081782621],[102.51667483307716,-1.6536398487999122],[102.51667222504324,-1.6536397732568844],[102.51666605119738,-1.6536395915938442],[102.51665721625756,-1.6536395376344899],[102.51664891821309,-1.6536396509490601],[102.51662165526523,-1.6536400241677143],[102.51660392333247,-1.6536398667863637],[102.51659511627167,-1.6536394477022895],[102.51658637216343,-1.6536386652921351],[102.51657771978597,-1.6536373801609443],[102.51656999820693,-1.6536356912341148],[102.51656234857359,-1.6536335877198667],[102.51655475469823,-1.6536311802347541],[102.51653965867837,-1.6536257941950225],[102.51651705601739,-1.6536173243799794],[102.51650948282645,-1.6536146452995695],[102.51650112812462,-1.6536119113605992],[102.51649272396008,-1.6536094454195336],[102.51648427482945,-1.6536073068317023],[102.5164757753368,-1.6536055936231833],[102.51646721828757,-1.6536044370950549],[102.51645875476777,-1.6536039451659121],[102.51645024268458,-1.6536039775414793],[102.51644169193059,-1.6536043984241928],[102.51643311689492,-1.6536050962981221],[102.51642452207409,-1.6536059956201825],[102.51640729645965,-1.6536081719794993],[102.51635555126774,-1.6536156102721407],[102.51633833104921,-1.6536178891541908],[102.51632973802703,-1.6536188847037465],[102.51632116389067,-1.6536197273684934],[102.516312614036,-1.6536203532966169],[102.51630409925485,-1.6536206842471302],[102.51629562943981,-1.6536206087041023],[102.516287221678,-1.6536199917691761],[102.5162796907552,-1.6536188730125332],[102.51627219940252,-1.6536173369704557],[102.51624239137334,-1.6536098456178365],[102.51622756964667,-1.6536065747835664],[102.51621262111564,-1.653603884012],[102.51620509918604,-1.6536028264092693],[102.51619666894118,-1.6536019153960524],[102.51617082062694,-1.6535999872495495],[102.51614500468827,-1.6535985681193779],[102.51611311742647,-1.6535977146627374],[102.51606406570414,-1.6535971022244667],[102.51605574517657,-1.6535967820657902],[102.51604747770898,-1.6535962388752523],[102.51603928128787,-1.6535953872173081],[102.51603118289285,-1.6535941101799949],[102.51602356383648,-1.6535924311457393],[102.51600100794025,-1.65358625100464],[102.51599347431943,-1.6535844118910745],[102.51598587324952,-1.6535829945594855],[102.51597763725823,-1.6535821186198518],[102.51596930863673,-1.6535818020584543],[102.51596674377026,-1.6535818317361191],[102.51596091166681,-1.6535819000845891],[102.51595246523414,-1.6535823047794906],[102.51594398102998,-1.6535829334056302],[102.51593546984611,-1.6535837212117031],[102.5159184097069,-1.6535856187812215],[102.51590134237313,-1.6535878041337924],[102.51588433709253,-1.6535902610816606],[102.51586749279062,-1.6535931452074237],[102.51585917765897,-1.6535948539193441],[102.51585097224461,-1.6535968297298496],[102.5158429152184,-1.6535991679671724],[102.51583505514373,-1.6536019963349986],[102.51582774815211,-1.6536052455855952],[102.5158205922466,-1.653608885141864],[102.51579923874391,-1.6536204126518896],[102.51579169972723,-1.653624053107535],[102.51578401771832,-1.6536274201692436],[102.51577621609954,-1.6536305264276052],[102.51576830116625,-1.6536333601913498],[102.51576028011289,-1.6536358917829261],[102.51575189933072,-1.653638161671779],[102.5157434277171,-1.6536401545694162],[102.51573489405018,-1.6536419451196025],[102.51571770081131,-1.6536451314176475],[102.51569176076623,-1.6536494112912692],[102.51562241494258,-1.6536601743774781],[102.51558771460139,-1.6536652870233297],[102.51557033880016,-1.6536675757979538],[102.51555292702602,-1.6536694796627103],[102.51551124165053,-1.6536727648861529],[102.51550295169994,-1.6536736426244829],[102.51549470401744,-1.6536747685756836],[102.51548696535122,-1.6536761211560247],[102.5154792743491,-1.6536777255465722],[102.51547162921236,-1.6536795421770876],[102.51546402814245,-1.653681546765938],[102.51545647563592,-1.6536837321185089],[102.51544898788052,-1.6536861018320792],[102.51544157476894,-1.6536886810877149],[102.51543425878407,-1.6536915076569016],[102.51542758221723,-1.6536943881854427],[102.51542101806558,-1.6536975169267976],[102.51541457172516,-1.6537008947803997],[102.51540724584777,-1.6537051197954042],[102.51540005486868,-1.6537096038151162],[102.51539296371436,-1.653714280289762],[102.51537898105516,-1.6537240001624127],[102.51536517196519,-1.6537340123147715],[102.51535148878025,-1.6537441863450795],[102.51533126302741,-1.6537597158381914],[102.51532464491646,-1.6537649903619922],[102.5153169224381,-1.6537713629579684],[102.51530557659117,-1.6537807257998338],[102.51529892160801,-1.6537858015734628],[102.51529209665301,-1.6537906803955593],[102.51528515118883,-1.6537954198226998],[102.51525695834204,-1.6538139593466781],[102.51524999758936,-1.6538187167603269],[102.5152431582452,-1.6538236288573103],[102.51523649426883,-1.6538287693821303],[102.51522990763419,-1.6538343092059336],[102.51522351525307,-1.6538400936453854],[102.5152172622669,-1.6538460597478206],[102.51521111360205,-1.6538521571512774],[102.51519901772053,-1.6538646073656764],[102.51516320491805,-1.6539025533601261],[102.51515108565417,-1.6539149550110892],[102.51514491000967,-1.6539209975559288],[102.51513861205734,-1.6539268773234994],[102.51513214323387,-1.6539325268645939],[102.51512544598262,-1.6539378652402661],[102.51511879819407,-1.6539426028687672],[102.51511193636685,-1.6539470527142726],[102.51510491266163,-1.6539512840245152],[102.51509054059602,-1.6539592960846221],[102.51507589423721,-1.6539669160403037],[102.51505361173486,-1.6539778392058793],[102.51503064215046,-1.653988381958186],[102.51497675567282,-1.6540123722730868],[102.51495393807386,-1.6540227450535667],[102.51490182415989,-1.654047045634627],[102.51487104126562,-1.6540612351378172],[102.51484105157334,-1.6540757816719633],[102.51483355302611,-1.6540792323706341],[102.51482584493687,-1.6540825238893149],[102.51482442760533,-1.6540830760730501],[102.51481019943122,-1.6540886203934519],[102.5147786053484,-1.6540999932200862],[102.5147630425804,-1.6541058541018288],[102.51475544600709,-1.6541089918364378],[102.51474805088191,-1.6541123588982032],[102.51474093814386,-1.6541160542124658],[102.51473421211426,-1.6541201973891475],[102.51472801398671,-1.6541249503061408],[102.51472231318428,-1.6541305917533577],[102.51471716276689,-1.6541368708199116],[102.51471241974241,-1.6541436202318209],[102.51470797529288,-1.6541507131848334],[102.51470374308332,-1.6541580507533808],[102.51469570494288,-1.6541731953366252],[102.51468801124281,-1.6541886843602356],[102.51468574495124,-1.6541934840420254],[102.51467691270943,-1.6542121908398713],[102.5146698701185,-1.6542279541567382],[102.51466651025129,-1.6542358538015378],[102.51465652058204,-1.6542606328218881],[102.51465293408569,-1.6542682096101657],[102.51464891771343,-1.6542755570712302],[102.51464444358623,-1.6542826266418729],[102.5146392482028,-1.6542896854206219],[102.51463363013801,-1.6542964672081553],[102.5146277081023,-1.6543030502455167],[102.51461527407571,-1.6543158251151908],[102.51459589458494,-1.6543345076313472],[102.51454343712999,-1.6543838156605375],[102.51447151834594,-1.6544517441525954],[102.51445831360036,-1.6544639281677291],[102.51444490201067,-1.654475852278722],[102.51443175931831,-1.6544868204103977],[102.51442503958395,-1.6544921093233143],[102.51441820203843,-1.6544972336603792],[102.51440411146064,-1.6545070299753775],[102.51437559665652,-1.6545260983007211],[102.51436863770255,-1.6545310742496326],[102.51436184692176,-1.6545362597405529],[102.51435524679727,-1.6545417303165664],[102.51434882024193,-1.6545474230251216],[102.5143363169675,-1.6545592554052746],[102.51430582905084,-1.6545898395494305],[102.51429353711711,-1.6546019821956861],[102.51428093941388,-1.6546137822002152],[102.51427429522261,-1.6546196196996448],[102.51426754041472,-1.6546253339919303],[102.51425380866641,-1.6546365098669753],[102.51420503393524,-1.6546748290800224],[102.51419121495269,-1.6546859267140803],[102.5141777943698,-1.6546970612203609],[102.51415787438646,-1.6547140251320798],[102.51413438859123,-1.6547344415412226],[102.51413154673355,-1.65473691197883],[102.5141120827065,-1.6547543768130026],[102.51409943374193,-1.6547663566819892],[102.51409320323882,-1.654772580889869],[102.51408100483457,-1.6547852991022296],[102.51406305526586,-1.6548047370489485],[102.51404527476967,-1.6548243476654534],[102.51401590920693,-1.6548572763421703],[102.51400440417996,-1.6548706501603192],[102.51399354036965,-1.6548838171344187],[102.51397767273147,-1.654903910686869],[102.513967406071,-1.6549175408118231],[102.51395776443934,-1.6549310783065607],[102.51395653776405,-1.6549328688567471],[102.51393490816952,-1.6549644647382138],[102.51392429257209,-1.6549789869906135],[102.51390785926037,-1.6550004079424525],[102.51385773914342,-1.6550640790439388],[102.51384690680936,-1.6550784187339787],[102.51384165207065,-1.6550856879541129],[102.51383656280717,-1.655093062394883],[102.51383170287085,-1.6551005798278311],[102.51382731417925,-1.6551079461747236],[102.51382313592904,-1.6551154447219574],[102.51381911685883,-1.6551230430939086],[102.51381138358852,-1.6551384286954658],[102.5138038832427,-1.6551539617858566],[102.51377453566636,-1.6552164961443623],[102.51376593365097,-1.6552353027669824],[102.51376003319905,-1.6552486729877955],[102.51374667017274,-1.6552803327211336],[102.51372386246635,-1.6553359791720368],[102.51371754023234,-1.6553519358431004],[102.51371150308347,-1.6553679698558881],[102.51370866931967,-1.6553760385732517],[102.51370601991692,-1.6553841603506498],[102.51370361962643,-1.6553923486778785],[102.51370207459115,-1.655398330068806],[102.51369933435683,-1.6554103953733943],[102.51369733966055,-1.6554204938606745],[102.51369421811376,-1.6554363102374623],[102.5136815430688,-1.6555057549865637],[102.51367804290743,-1.6555229491247587],[102.51367611026433,-1.6555314594093034],[102.51367399146159,-1.6555398770636316],[102.51367160825816,-1.6555481688129134],[102.51366886172866,-1.6555562878923524],[102.51366562776656,-1.6555641740473561],[102.51366284886143,-1.6555698505680994],[102.51365982444139,-1.655575424566166],[102.51361194273704,-1.6556577008421982],[102.51360310959586,-1.6556732195434165],[102.51359449768796,-1.6556888317741141],[102.51358634533364,-1.6557046256679087],[102.51358257087901,-1.6557126404259748],[102.51357910219389,-1.65572077209589],[102.51357598604301,-1.6557290845295825],[102.51357314238669,-1.6557375048818699],[102.51356872042015,-1.6557519012292232],[102.51356671942864,-1.6557591668520217],[102.513564910892,-1.6557664828368388],[102.51356337484992,-1.6557736297491488],[102.51356203575938,-1.6557808243255181],[102.51355990076888,-1.6557953142023507],[102.51355910217092,-1.6558026014088796],[102.51355838181394,-1.6558114525364545],[102.5135578745963,-1.6558203333416373],[102.51355727115123,-1.6558381381195204],[102.51355686106035,-1.6558738178223962],[102.5135570544146,-1.6559183846256929],[102.51355775858377,-1.6559629118588646],[102.51355836112953,-1.655980810166227],[102.51355920379427,-1.6559988020030687],[102.51356120028925,-1.6560347748849154],[102.51356808459951,-1.6561516759590518],[102.51356943717985,-1.6561786295400793],[102.51357005411478,-1.6561965674176236],[102.51357018001983,-1.6562144441412556],[102.51356994259885,-1.6562233465301688],[102.51356944167645,-1.6562321661814963],[102.51356706836555,-1.6562581880648963],[102.5135666771605,-1.6562666479873656],[102.51356660521469,-1.656275149278656],[102.5135667715893,-1.6562836829455705],[102.51356760346221,-1.6563008132318942],[102.51356883013744,-1.6563179929809166],[102.51357104696632,-1.6563438053223081],[102.51357354438363,-1.6563696050731664],[102.51357541227554,-1.6563867677351141],[102.51357758413826,-1.6564038575519362],[102.51357884858504,-1.6564123615411859],[102.51358028390302,-1.6564208250609909],[102.51358488933124,-1.6564450123274241],[102.51358735437299,-1.6564611263798383],[102.51358828876857,-1.656469223875547],[102.51358902801127,-1.6564780462248336],[102.51358986887743,-1.6564957610704596],[102.5135902070225,-1.6565135343720385],[102.51359029425674,-1.6565313373512822],[102.51358990664892,-1.6566382550514049],[102.51358991923945,-1.6566827993716515],[102.51359006313095,-1.656700613142732],[102.51359093817132,-1.6567519500424055],[102.51359107037166,-1.6567688671894416],[102.51359067916655,-1.6568352479482655],[102.51359020072726,-1.6569162399924267],[102.51359035361202,-1.6569337479940032],[102.51359087701741,-1.6569512263179718],[102.51359137344321,-1.6569599443458856],[102.51359197508964,-1.6569674347992418],[102.5135936451307,-1.6569823671424615],[102.51359471442458,-1.6569898009385042],[102.51359738361242,-1.6570046847184017],[102.51360216800572,-1.657027028374614],[102.5136051339698,-1.6570419553219153],[102.5136064101078,-1.6570497758264651],[102.51360747220713,-1.6570576251092461],[102.5136083112746,-1.6570655022710525],[102.51360891022307,-1.6570733956206709],[102.51360927175057,-1.6570820488973936],[102.51360939675629,-1.6570907192612481],[102.51360921689189,-1.6571080986597622],[102.51360792096881,-1.657152332713963],[102.5136072212963,-1.657170017881981],[102.51360630039051,-1.657187667077153],[102.51360490734066,-1.6572052308366665],[102.51360390009995,-1.6572139578578344],[102.51360257809654,-1.6572226309196481],[102.51360090445826,-1.6572311016340109],[102.51359892325178,-1.6572395201876589],[102.51359838185988,-1.6572414959982211],[102.51359434570253,-1.6572562502756796],[102.51358665739838,-1.6572811983685369],[102.51356795239917,-1.6573392756869794],[102.5135649603547,-1.6573492203901878],[102.51356294407469,-1.6573559221380378],[102.51356062202512,-1.6573642750412318],[102.51355848703463,-1.6573726549240178],[102.51355660835088,-1.6573810779743212],[102.51355508220132,-1.6573895549839222],[102.51355398412915,-1.657398077858943],[102.51355323409456,-1.6574066537939984],[102.51355274036672,-1.657415271997138],[102.5135524292013,-1.6574239189786226],[102.51355216030402,-1.6574412722968077],[102.51355218638435,-1.6574673733205714],[102.51355251823418,-1.6575021797817158],[102.51355283209756,-1.6575195187107852],[102.51355339237523,-1.6575367389293092],[102.51355439062269,-1.6575537693909155],[102.513554952699,-1.6575605053130289],[102.51355571802202,-1.6575671593968195],[102.51355686735559,-1.657574239759299],[102.5135609017143,-1.657595085145033],[102.51356340362821,-1.6576104626526558],[102.51356531198962,-1.6576185628463236],[102.51356770868284,-1.6576266729325653],[102.51357045161512,-1.6576347902133648],[102.51358257267765,-1.6576672413500546],[102.5135853416902,-1.6576753181613526],[102.51358774288008,-1.6576833589997477],[102.51358959278554,-1.65769135307346],[102.51359065488487,-1.6576992796979653],[102.51359063240182,-1.6577071109943518],[102.51358926003638,-1.6577149063178354],[102.51358678600144,-1.6577226081118397],[102.51358352595901,-1.6577302478526121],[102.51357972362541,-1.657737850721162],[102.51357557865009,-1.6577454400999159],[102.51356261672146,-1.6577683602216098],[102.51355858326207,-1.6577761438538801],[102.5135549419071,-1.6577840623845077],[102.51355187971552,-1.6577921733700691],[102.51354953967956,-1.6578005487562564],[102.51354780668601,-1.6578091156980577],[102.51354652065544,-1.6578178229341347],[102.5135455592802,-1.6578266353908475],[102.51354482903071,-1.6578355143974477],[102.5135438083002,-1.6578534100067941],[102.51354280735472,-1.6578804031580034],[102.51354063189473,-1.6579524928132514],[102.51353994031604,-1.657970488247372],[102.51353901491365,-1.6579884504066058],[102.5135376263604,-1.6580063523112472],[102.51353663530756,-1.6580152645927342],[102.51353545090041,-1.6580236777504638],[102.51353407134036,-1.6580320657271841],[102.51353091741794,-1.6580487922179259],[102.51352746312199,-1.6580654818364451],[102.51352021458632,-1.6580988026175874],[102.51351277179702,-1.6581319768092158],[102.51350885435022,-1.6581483849399774],[102.51350534159832,-1.6581617290804616],[102.51350377228135,-1.6581669091754634],[102.51350080182061,-1.658175185636253],[102.51349739788668,-1.6581833316953407],[102.51349368188795,-1.6581913851242689],[102.51348975185061,-1.6581993756006455],[102.51346909262458,-1.6582390986554287],[102.51345459375455,-1.658268484902635],[102.51345085707146,-1.6582754645410205],[102.51344655921139,-1.6582827670360416],[102.51344199874933,-1.6582899247401883],[102.513437242235,-1.6582969763243227],[102.51343234272849,-1.6583039469695109],[102.5134222703216,-1.6583177389724142],[102.51339141368288,-1.6583587840306109],[102.51338128641731,-1.6583725643423008],[102.51337143344495,-1.6583865101292758],[102.51336666973606,-1.6583935779012791],[102.51335242807215,-1.6584155897076585],[102.51334749619008,-1.6584227833847081],[102.51334232239032,-1.6584297819088647],[102.51333693365262,-1.6584366266489496],[102.5133313839363,-1.6584433607724236],[102.51332571730808,-1.6584500121583119],[102.51331415562385,-1.658463154850665],[102.51327886712608,-1.6585021800315189],[102.5132613636211,-1.6585218338155414],[102.5132437827744,-1.6585422933920881],[102.5132032791081,-1.6585904835638985],[102.51318580977738,-1.6586110393679405],[102.51317421122093,-1.6586243250525285],[102.51315689387559,-1.6586436298995295],[102.51309856204904,-1.6587074466912668],[102.51307768788507,-1.658729705811254],[102.51292777359794,-1.6588494046762321],[102.51292341098667,-1.6588531242722411],[102.51291828305239,-1.6588570875844653],[102.5129115777072,-1.6588619601113237],[102.51290315105962,-1.6588676654103551],[102.51289371627206,-1.6588736557945367],[102.51288371041494,-1.6588796551719156],[102.51287358045141,-1.6588854081350064],[102.51286377784112,-1.6588906502832401],[102.51285475134574,-1.6588951226117956],[102.51284662597106,-1.6588987702619988],[102.51283849699911,-1.6589021202366325],[102.51283051461661,-1.6589051050864896],[102.512822462087,-1.6589079028773881],[102.51279009728523,-1.6589185841253311],[102.512782093319,-1.6589214187883954],[102.5127741756877,-1.6589244378125159],[102.51276638036421,-1.6589277158413438],[102.51275997539261,-1.658930683604126],[102.51274727426733,-1.6589368961207924],[102.5127346585777,-1.6589427731904038],[102.5127282581027,-1.6589455233171861],[102.51272178837991,-1.6589480971769035],[102.51271405600892,-1.6589508742833914],[102.51270623190715,-1.6589534238613624],[102.51269040473846,-1.6589580589671868],[102.51267444177211,-1.6589623226529966],[102.51265074913283,-1.6589682509839463],[102.51264305273475,-1.6589700010646311],[102.5126346836438,-1.6589716747029684],[102.51262627138539,-1.6589731495911337],[102.51261782405339,-1.6589744617019733],[102.51260086104094,-1.6589766740342498],[102.5125837658282,-1.6589783548671448],[102.51256656179743,-1.6589795959315552],[102.51254071708047,-1.6589809817868399],[102.51251486426963,-1.6589818910014174],[102.51249763505785,-1.6589820735637772],[102.51246344283368,-1.6589815051922869],[102.5124546906315,-1.6589815015949512],[102.5124371817306,-1.6589817866800445],[102.51239340812936,-1.6589829953688877],[102.51237592171145,-1.6589831545488778],[102.51236719109306,-1.6589830223485365],[102.51235847126651,-1.6589826698142929],[102.51234960574976,-1.658982032194956],[102.51233190889053,-1.6589801292295192],[102.51198160496716,-1.6589334966834599],[102.51178195996954,-1.65885759570142],[102.51160203260775,-1.6586639932486378],[102.511430951877,-1.6583165581625963],[102.51139617059687,-1.6580046238142927],[102.51144342727241,-1.6576545851909259],[102.51149746483617,-1.6573033288854617],[102.51151043845601,-1.6572581676302889],[102.51151522734591,-1.6572414959982211],[102.51157541897049,-1.6570319539614502],[102.51156234462655,-1.6568947650812902],[102.51154857780466,-1.6567503132762909],[102.51159081716253,-1.6564847938381035],[102.5115952607128,-1.6564568599960694],[102.51160125379488,-1.6562927310246778],[102.51160190670271,-1.6562748578983246],[102.51161124616215,-1.6560191032989451],[102.51161310416148,-1.6559682088657155],[102.51160927934484,-1.6559465190165952],[102.51160146423626,-1.6559022022248087],[102.51158327724653,-1.6557990670732465],[102.51152291744876,-1.6554567833038618],[102.51152272769178,-1.655455713110598],[102.51148371240345,-1.6553406493514444],[102.51141383508048,-1.6551345742012131],[102.51140712523869,-1.6551147846195704],[102.51131669930629,-1.6550158519999059],[102.5111785832251,-1.6548647398158209],[102.5111606021801,-1.6548450680454039],[102.51102118477991,-1.6547878208012321],[102.51100010826843,-1.6547791666251896],[102.51079737679754,-1.6546959226786271],[102.51079608357247,-1.6546955413660953],[102.5107932174331,-1.6546946942047498],[102.51075269488103,-1.6546827269262394],[102.51072967583394,-1.6546759289508941],[102.51046907298939,-1.6545989712654432],[102.5103440879094,-1.6546307263269],[102.51025714595056,-1.6546528145756838],[102.51018194464109,-1.6546719206725697],[102.51007891740818,-1.6546582159039076],[102.50996925227923,-1.6546436280009971],[102.50981641429615,-1.6546817169876249],[102.50970434707801,-1.6547897381558414],[102.50965013324713,-1.6548419950619859],[102.509443354827,-1.6550203270264205],[102.50940205436137,-1.6550559473740236],[102.50925606111838,-1.6552645073510917],[102.5092259680041,-1.6553074958442267],[102.50920349574477,-1.6553428383012943],[102.50909514722332,-1.6555132418425842],[102.50906786628906,-1.6555561466987569],[102.50906481309073,-1.6555650284033163],[102.50904951562273,-1.6556095277574627],[102.5089764870753,-1.6558219746044074],[102.50896710444835,-1.6558867347849286],[102.50896523295921,-1.6558996463515427],[102.50893339516011,-1.6561193867003112],[102.50891013779267,-1.6563835796384296],[102.50887450935119,-1.6565665907754692],[102.50887310461013,-1.6565738051369294],[102.50881779360634,-1.6568579108638346],[102.50876188545271,-1.6571912751571745],[102.50875346240241,-1.6572414959982211],[102.50874288907312,-1.6573045366749852],[102.50871986373079,-1.6573534849753173],[102.50858623346795,-1.6576375664205329],[102.50847736064173,-1.6578885600089848],[102.50845391621533,-1.6579080546129603],[102.50828646694697,-1.6580472876521526],[102.50811520994904,-1.6582081673730045],[102.50796563560567,-1.658290585741895],[102.50787417185563,-1.6583409837493264],[102.50742827809262,-1.6584367939228741],[102.50712367861496,-1.6584587139984137],[102.50711513415615,-1.6584588183197866],[102.50710667243504,-1.6584586375560093],[102.5070983240285,-1.6584580655871832],[102.50709013030536,-1.6584569477299169],[102.5070821497215,-1.6584550879319409],[102.50707485891769,-1.6584525068776657],[102.50706775517284,-1.6584492630230443],[102.50706078812493,-1.6584455299371825],[102.5070539164052,-1.6584414479144698],[102.50704710314136,-1.658437129369986],[102.50702673799361,-1.6584236017677654],[102.50701294778935,-1.6584148153913816],[102.50700589260794,-1.658410707288283],[102.50699954069631,-1.6584073123475491],[102.50699308176536,-1.6584041296468399],[102.50698652660697,-1.6584011456962457],[102.50697988871093,-1.6583983559992816],[102.50697316897663,-1.6583957659518092],[102.50696602925888,-1.658393263138521],[102.506951575355,-1.6583887440452258],[102.50692178801017,-1.6583802040831301],[102.50691427057717,-1.6583778586511926],[102.50690687185471,-1.6583753009792872],[102.50689964310413,-1.6583724267460411],[102.50689264188196,-1.658369117240909],[102.50688511905304,-1.6583647762134319],[102.50687787771193,-1.6583598955926391],[102.50687083422167,-1.6583546282634529],[102.50686392922699,-1.6583490938355681],[102.5068571087686,-1.6583433858385206],[102.50683677509716,-1.6583259731650628],[102.5068299159679,-1.6583202921477209],[102.50682294981937,-1.6583147873975008],[102.50681582718875,-1.6583095515445052],[102.50680847972762,-1.6583046880109009],[102.50680103513974,-1.6583003667684579],[102.50678201537778,-1.6582905848425753],[102.50677195376272,-1.6582854110428116],[102.50676011508727,-1.6582788711729108],[102.50674702365626,-1.658271199955891],[102.50673270375131,-1.6582623731100057],[102.50671123783343,-1.6582485388389614],[102.50667578925635,-1.6582249361318304],[102.50665477210009,-1.6582104723353837],[102.50664106103619,-1.6582005042498054],[102.50663436738222,-1.6581953016718103],[102.50662723126175,-1.658189189879181],[102.50661972192268,-1.6581820861343317],[102.50661202732329,-1.6581743159918574],[102.50660436689805,-1.6581662841466596],[102.50659709228205,-1.6581584528502731],[102.50659045078874,-1.6581509767860894],[102.50658522842559,-1.6581447211019622],[102.5065777289791,-1.6581350129204679],[102.5065750615899,-1.6581311449363625],[102.50649766863256,-1.6580466302477248],[102.50642088541559,-1.6579595767730098],[102.50640680473032,-1.6579418403435966],[102.50636970319931,-1.6578950989795658],[102.50632494124312,-1.6578209696619979],[102.50626561836367,-1.6576456153528056],[102.50625510528891,-1.657602664631213],[102.50624539980544,-1.6575657051930648],[102.50624383678371,-1.6575588523591023],[102.50624246261964,-1.6575517396210557],[102.50624127461521,-1.6575445873128274],[102.50623601088324,-1.6575090910716312],[102.50623366095476,-1.6574952091365276],[102.50622756894722,-1.6574616347465962],[102.50622478824346,-1.6574448273168514],[102.50622361103086,-1.6574364042666048],[102.50622265685018,-1.6574279587332512],[102.50622202102949,-1.6574201670070465],[102.50622128358543,-1.6574045349912581],[102.50622058930878,-1.6573623513913844],[102.50622014144642,-1.6573535362366556],[102.50621939680775,-1.6573448200073813],[102.50621839766097,-1.6573361199659189],[102.50621588405585,-1.6573187558558402],[102.50621294866869,-1.6573014178261474],[102.50620817596661,-1.6572754319155933],[102.50620303724043,-1.6572483056647229],[102.50620174671332,-1.6572414959982211],[102.50619833198749,-1.6572234708864357],[102.50619382818269,-1.6571975029623331],[102.50619254574946,-1.6571888541822091],[102.5061914575698,-1.6571802125966997],[102.5061906418847,-1.6571715809037073],[102.50619020481417,-1.6571629653984701],[102.50619028215584,-1.6571543696783806],[102.50619088200364,-1.6571467119511567],[102.50619191262672,-1.6571390722103843],[102.50619327959623,-1.6571314495566867],[102.50619490826847,-1.6571238466881368],[102.50619674378476,-1.6571162663025802],[102.50620088606212,-1.6571011756786902],[102.50620643937572,-1.6570826703289185],[102.50621048182836,-1.6570691957867325],[102.5062125601616,-1.6570612340886441],[102.50621429585311,-1.6570532759878347],[102.5062155423135,-1.6570453160884426],[102.50621599377314,-1.6570389893578295],[102.50621611068505,-1.6570373489944359],[102.50621582020398,-1.6570288863739506],[102.50621476979586,-1.6570204156595878],[102.50621316630463,-1.6570119368513474],[102.50621116531306,-1.6570034526471886],[102.50620887923645,-1.6569949648456941],[102.50620639890627,-1.6569864752456169],[102.50619832119565,-1.6569609920560993],[102.50617863233805,-1.6569015198891748],[102.5061675958579,-1.6568674985362009],[102.50615977445409,-1.6568418795490629],[102.50615509708012,-1.656824665625777],[102.50615118862652,-1.6568076378621299],[102.50614772443799,-1.6567904940860103],[102.50613652967718,-1.6567302565960063],[102.50613148807776,-1.6567045548712827],[102.5061278179445,-1.6566875810669899],[102.5061258403353,-1.6566791813990562],[102.50611987423287,-1.6566563557062182],[102.50611819160133,-1.6566491188617078],[102.50611692535585,-1.6566418361517776],[102.50611616902603,-1.6566335129262484],[102.50611601434264,-1.6566251006678385],[102.50611630392433,-1.656616622758861],[102.50611692085926,-1.6566080926892823],[102.50611777071862,-1.656599525747481],[102.50611878605321,-1.6565909327252939],[102.50612111889455,-1.656573692721679],[102.50612285908272,-1.6565618846232155],[102.50612876313198,-1.656521820725402],[102.50613228038048,-1.6564958671904719],[102.50613416895681,-1.6564793169668519],[102.50613425439241,-1.6564785750261422],[102.50613686782225,-1.6564472912094743],[102.50613771138632,-1.656439790863601],[102.50613865297652,-1.6564334101736904],[102.50614127090302,-1.6564192566433462],[102.50614639793798,-1.6563954893603068],[102.50614833507768,-1.656387304630357],[102.5061565611764,-1.6563561988794504],[102.50615831125714,-1.6563484503207064],[102.50615968901849,-1.656340681077495],[102.50616053258256,-1.6563328830560522],[102.50616070615172,-1.6563244860861346],[102.50616025199412,-1.6563160486466586],[102.50615933828288,-1.6563075815296315],[102.50615808642658,-1.6562990928288173],[102.5061565926527,-1.6562905852422887],[102.5061549316049,-1.6562820668638665],[102.50615129294789,-1.6562650121205706],[102.50613949474194,-1.6562133145927191],[102.50613570230087,-1.6561966969200057],[102.50613192784624,-1.6561796008078886],[102.50612836563164,-1.6561624768168031],[102.50612521260854,-1.6561452997657398],[102.50612388880648,-1.656136676166625],[102.50612277004984,-1.6561278736024292],[102.50612184105017,-1.6561190458572241],[102.50612035267221,-1.6561013391054757],[102.50611860259147,-1.656074708381027],[102.50611679045755,-1.6560427743544892],[102.50611406281382,-1.6559947478592676],[102.50611242245037,-1.6559608838876443],[102.50611213736534,-1.6559463778230565],[102.50611223988801,-1.6559391050056433],[102.50611386945957,-1.6558985815542542],[102.50611432181853,-1.6558819378011549],[102.50611435959007,-1.6558736163742651],[102.50611421120192,-1.6558648722660223],[102.50611347375786,-1.6558473831501601],[102.50611238827616,-1.6558298940343548],[102.50611045473374,-1.6558036617095695],[102.50610832513917,-1.6557774419753173],[102.50610674862759,-1.6557599915303172],[102.50610490142014,-1.6557425941453516],[102.50610379435466,-1.6557339336740711],[102.50610250112959,-1.6557253100749563],[102.50610095159772,-1.6557167377372366],[102.5060990882024,-1.6557082076676011],[102.50609696580239,-1.6556997288593607],[102.50609465814205,-1.6556912878226058],[102.50608967499858,-1.6556744812922375],[102.50608173668286,-1.6556493641268162],[102.50604108642705,-1.6555239833451196],[102.50603331178797,-1.6554988311061152],[102.5060285148042,-1.655481978710327],[102.50602633394823,-1.655473505298005],[102.5060243662316,-1.6554649842216236],[102.50602279961259,-1.6554571862001239],[102.50602012233082,-1.6554414885338247],[102.50601523091825,-1.6554099610008279],[102.50601375872805,-1.6554015190648101],[102.5060105229673,-1.6553846846554165],[102.5060095786792,-1.6553803526211368],[102.50600504789469,-1.6553595692886347],[102.50600089122821,-1.6553429570117828],[102.50599858446714,-1.6553347183225355],[102.50599611762681,-1.6553266388132784],[102.50599076935856,-1.6553106030018512],[102.50597071717493,-1.6552548576255504],[102.50596527807517,-1.6552388317066971],[102.50596254683416,-1.6552302359865507],[102.50595486302655,-1.6552042806529812],[102.50594290204333,-1.6551618056727193],[102.50593624526158,-1.6551386975927471],[102.50593160026318,-1.6551233605546258],[102.50592640308111,-1.6551074083801609],[102.50591766167082,-1.6550825915882683],[102.50589414979521,-1.655018326034849],[102.50588819988059,-1.6550030798282478],[102.50588112671267,-1.6549865610808752],[102.50587366773561,-1.6549702033121889],[102.50586600731043,-1.6549539282811452],[102.50585482424083,-1.6549306727123394],[102.50584445685627,-1.6549096546567625],[102.50583684769242,-1.6548948167423418],[102.50582853975538,-1.6548791577469046],[102.50580730136591,-1.6548402566724576],[102.50579425939759,-1.6548170937338682],[102.50578528596225,-1.6548018241448403],[102.50578079924458,-1.6547944982674494],[102.50577160997187,-1.6547799823102878],[102.50574400528166,-1.6547379093270251],[102.50573513436899,-1.6547239248691881],[102.50572591991533,-1.6547085572540823],[102.50570779767679,-1.6546776340655356],[102.5056983547953,-1.6546624687978237],[102.50568854409107,-1.6546475877159423],[102.50566350336805,-1.6546105914056284],[102.50564368231016,-1.6545805099825088],[102.50562918883605,-1.6545577166652379],[102.5056164103691,-1.6545369845941309],[102.50560736768591,-1.6545223139535779],[102.50559821888277,-1.6545084598974427],[102.50559342909355,-1.6545017149821319],[102.50558348888694,-1.6544884823575217],[102.50556303920297,-1.6544624119107425],[102.50555293801773,-1.6544492890034235],[102.50554323073555,-1.6544358900042653],[102.50553857674396,-1.6544289742177511],[102.50553406664392,-1.6544219559085036],[102.505525348616,-1.6544077106472628],[102.50549593359051,-1.6543570878093306],[102.50548729290432,-1.6543427921860712],[102.5054828223744,-1.6543357468971749],[102.50547820345639,-1.6543288077282341],[102.50547337589563,-1.6543219548942716],[102.50546839814814,-1.6543152063816251],[102.50545813238693,-1.654301924294316],[102.50544230971491,-1.654282301087278],[102.50542087077662,-1.6542563898204889],[102.50540148409129,-1.6542335668256101],[102.50539189641893,-1.6542227596725638],[102.50536431061448,-1.6541924210433763],[102.50531815021253,-1.6541405697314531],[102.5053064491334,-1.6541278083516318],[102.5053005073126,-1.6541215391776518],[102.50529446566713,-1.6541153842175618],[102.50528829002263,-1.6541093875381421],[102.50528193631237,-1.6541036048973865],[102.50527562666889,-1.6540982890047644],[102.50526917133527,-1.6540931466813049],[102.50524953643702,-1.6540780281783896],[102.5052430856,-1.6540728606739208],[102.50523638924801,-1.6540672237233593],[102.50521657538468,-1.6540499540420797],[102.50520983946257,-1.6540443539637408],[102.50520346596721,-1.654039362726337],[102.50519697106341,-1.6540345180785039],[102.50517704658347,-1.6540205129362562],[102.5051440117868,-1.6539980541668342],[102.50513101208662,-1.6539895375870515],[102.50512440027092,-1.6539854762486925],[102.5051173630759,-1.6539814194069322],[102.50511023145208,-1.6539775199465225],[102.50508132364422,-1.6539625426372027],[102.5050669713637,-1.6539548480377562],[102.50505962210394,-1.6539506491031375],[102.50504510884474,-1.6539419085921736],[102.50500212844554,-1.6539146834158487],[102.50498771321247,-1.6539057963154278],[102.5049804332005,-1.6539015029519533],[102.50497307494749,-1.6538973633725504],[102.50496561327247,-1.6538934333352131],[102.50495761110494,-1.6538895635524682],[102.5049494920255,-1.6538859293920609],[102.50494129110774,-1.6538824598076189],[102.50492472919296,-1.6538758389987152],[102.50487468461904,-1.6538566717479739],[102.50485812270426,-1.6538500167648067],[102.5048499127933,-1.6538465336905119],[102.50484177482809,-1.653842897731522],[102.50483435991782,-1.6538393876775785],[102.50483046945067,-1.6538374235582296],[102.50479772603427,-1.6538208958176597],[102.50479035429146,-1.653817298529475],[102.50478292229411,-1.6538138433341487],[102.50477470698718,-1.6538102667303747],[102.50476641433863,-1.6538068663937224],[102.50474966896212,-1.6538004155567023],[102.50468214516491,-1.6537758262933266],[102.50466541417757,-1.6537693161010338],[102.50465712692494,-1.6537658770935195],[102.50464082221623,-1.6537585880882943],[102.50461656210473,-1.6537471738928957],[102.50460031765061,-1.6537397131172042],[102.50459222105422,-1.6537361841774896],[102.504575906453,-1.6537294005913168],[102.50455948213443,-1.6537228652180147],[102.50454298137356,-1.6537165187023106],[102.50451161212123,-1.6537049471255614],[102.50447221372173,-1.6536910166270786],[102.50442418183059,-1.6536748171390627],[102.50440835646054,-1.6536688780162763],[102.50439370110848,-1.6536626457144621],[102.50435741796053,-1.6536461368596633],[102.50434246583217,-1.6536398640884045],[102.50432707033809,-1.6536339438513892],[102.50428057988489,-1.653616880114896],[102.50427579369301,-1.6536149861426566],[102.5042652374508,-1.653610809691088],[102.50424945884549,-1.6536039586557081],[102.50422852892353,-1.6535943511983078],[102.50420253401978,-1.6535824180940608],[102.50418670505246,-1.6535757406279004],[102.50417980725234,-1.6535730795339418],[102.50416588394842,-1.6535681125782844],[102.50412893080556,-1.6535561758767585],[102.50412139628548,-1.653553475212675],[102.50411325472299,-1.6535502106736431],[102.50410521028726,-1.6535466853312073],[102.50409723330074,-1.6535429738291327],[102.50406559784915,-1.6535275000940146],[102.50405766672799,-1.6535237472231188],[102.50404969333874,-1.6535201634247301],[102.50404165160103,-1.6535168305372281],[102.5040335127365,-1.65351384928465],[102.50402521918858,-1.6535112682303748],[102.50400849269784,-1.653506666399494],[102.50400018296216,-1.653504237330651],[102.50399198474236,-1.6535015258746739],[102.50397572410043,-1.6534958097837489],[102.50396755286033,-1.6534931882599722],[102.50395928539274,-1.6534910083033196],[102.50395155931704,-1.65348953701249],[102.50394373341663,-1.6534884596246684],[102.50391990497968,-1.6534860629313926],[102.5039113434338,-1.6534850386036055],[102.50387702620384,-1.6534801966537316],[102.50386843498035,-1.6534791471448784],[102.5038598347636,-1.6534783305604606],[102.50385122465434,-1.6534778629130074],[102.50384390417292,-1.6534778143496283],[102.50383657919485,-1.6534780553679411],[102.50382924972018,-1.6534785356058705],[102.50382192294347,-1.6534792190906273],[102.50381460426064,-1.6534800860371206],[102.50380602562763,-1.653481310913719],[102.5037888953413,-1.6534842103279743],[102.50374609120922,-1.6534921693281035],[102.50372838175946,-1.6534951856542648],[102.50370177441744,-1.653499392682761],[102.50363076664661,-1.653510148574469],[102.5036130527003,-1.6535130129151412],[102.5035953909146,-1.6535161605423241],[102.50357899087777,-1.6535194826379893],[102.50356263670636,-1.6535230592417633],[102.50348914590739,-1.6535397281758719],[102.50343246523613,-1.653551635199733],[102.50340656566055,-1.6535573351029029],[102.50331178161349,-1.6535790591262298],[102.50328600794296,-1.653585285132749],[102.50327000270852,-1.6535894076250202],[102.50324611311771,-1.6535959969576197],[102.50323029674087,-1.6536007651631621],[102.50321422045994,-1.6536060738611695],[102.50316625242067,-1.6536228363248142],[102.50315016444858,-1.653628108150599],[102.50314217756949,-1.6536305417160975],[102.50312612377166,-1.6536351471442572],[102.50307776542661,-1.6536482997291841],[102.50306173411178,-1.6536529357343284],[102.50305377061505,-1.653655407970632],[102.50304586287632,-1.6536580348903271],[102.50303101237137,-1.6536635162582343],[102.50300899067247,-1.6536724833983385],[102.50288031387544,-1.6537273168621596],[102.50284757315706,-1.6537415531301463],[102.50283134579001,-1.6537489788322546],[102.50282367367367,-1.6537526516635239],[102.50277796023471,-1.6537753271695692],[102.50273990542235,-1.6537932128863986],[102.5027249452001,-1.6538006907492218],[102.50271763191324,-1.6538047188126939],[102.50271015405042,-1.6538092127249229],[102.50270281288459,-1.6538139467562019],[102.50269557064411,-1.6538188579538655],[102.50268126962493,-1.6538290086018037],[102.5026762747903,-1.6538326445608504],[102.50264575180006,-1.6538548596140572],[102.50263132037918,-1.6538648663704407],[102.50262398101199,-1.6538696741461081],[102.50260919166095,-1.6538786925475506],[102.50258001765377,-1.6538954577091545],[102.50256685337763,-1.6539031810868892],[102.5025538869524,-1.6539111769591841],[102.50254752964486,-1.6539153462161948],[102.50254033326985,-1.6539203536413538],[102.50253331136327,-1.6539255742058572],[102.50252648371031,-1.6539310178021651],[102.50251989707567,-1.6539367213026139],[102.50251361171388,-1.653942736867748],[102.50250765640328,-1.6539491445373642],[102.5025019825805,-1.6539558453858945],[102.50249651470244,-1.6539627458839732],[102.50249118172275,-1.6539697866762708],[102.50247019604279,-1.6539982888898521],[102.5024648118017,-1.6540052721255734],[102.50245956605619,-1.6540117319557908],[102.50245408918494,-1.6540179678548839],[102.50245200365708,-1.6540201163352322],[102.50244831913466,-1.6540239141722282],[102.50244229727429,-1.6540296230685954],[102.50243609015348,-1.6540351538992013],[102.50242330718993,-1.6540458720193101],[102.50239062222948,-1.6540719748417132],[102.50237769897171,-1.6540825562649388],[102.50236084117995,-1.6540966954061105],[102.502339799742,-1.6541134506751405],[102.5023263782598,-1.6541246598251291],[102.50231307638745,-1.6541360776178635],[102.50228011263715,-1.6541650420829797],[102.50226075203216,-1.6541827542307033],[102.50225449005274,-1.6541887922788874],[102.50224839714588,-1.6541949472389774],[102.50224254076073,-1.6542012676742957],[102.50223701712468,-1.6542078156381308],[102.50223194225038,-1.6542146765660277],[102.50222743125101,-1.6542218783369549],[102.50222336181878,-1.6542293876760255],[102.5022196098472,-1.6542371173490551],[102.50221607641083,-1.6542449999067799],[102.50220703912362,-1.6542664676233585],[102.50220096959913,-1.654280246136409],[102.50219461768751,-1.6542933276749068],[102.50219123443799,-1.6542997623241149],[102.50218751484198,-1.6543064325957175],[102.50217969793476,-1.654319557301676],[102.50216253976947,-1.6543468508264709],[102.50215816276904,-1.6543540732818087],[102.50215399980732,-1.6543613730788707],[102.5021501561049,-1.6543687969823395],[102.50214676296281,-1.6543764025489054],[102.50214387344107,-1.6543843957232411],[102.502141463258,-1.6543925822518304],[102.50213940381047,-1.6544009126719175],[102.50213760336777,-1.6544093492120737],[102.50213598638675,-1.654417857697922],[102.50213310675753,-1.6544350230578289],[102.50212411443641,-1.6544955609213616],[102.50211989661602,-1.654521402940361],[102.50211828772888,-1.6545299536943503],[102.50211650527257,-1.6545384468917632],[102.50211448089863,-1.6545468645460915],[102.50211212827219,-1.6545551769797839],[102.50210954991587,-1.6545628643846158],[102.50210665859549,-1.6545704483674513],[102.50210351816287,-1.6545779433174062],[102.50210015829572,-1.6545853555296617],[102.50209660687295,-1.6545926886016673],[102.50209286299531,-1.6545999326407355],[102.50208892036744,-1.6546070786537257],[102.50208468815788,-1.6546142435524303],[102.50208028687581,-1.654621319418311],[102.50205287464053,-1.6546630776388724],[102.50204852911639,-1.6546700878542424],[102.50204439133563,-1.654677168216665],[102.50204054763321,-1.6546843466052792],[102.50203710592774,-1.6546916598921371],[102.50203421011076,-1.6546991575400511],[102.50203187726936,-1.6547072478411451],[102.50203013258459,-1.6547155386911072],[102.50202882317171,-1.6547239779291658],[102.50202782672289,-1.6547325223879739],[102.50202643996829,-1.6547498181495257],[102.50202511077032,-1.6547760171993673],[102.50202304592688,-1.6548286140492792],[102.50202242989127,-1.6548421515440168],[102.50202185162721,-1.6548548508706062],[102.5020208201048,-1.6548722509535878],[102.50201938118954,-1.6548894918565225],[102.50201840272717,-1.6548980147315433],[102.50201717065596,-1.6549064386811665],[102.50201559504376,-1.6549147313297112],[102.5020135652739,-1.6549228486105108],[102.50201160744979,-1.6549290926034814],[102.50200734736126,-1.6549414933551816],[102.50200546238221,-1.6549475314034225],[102.50200376805952,-1.6549536575851675],[102.50200227968151,-1.6549598683032514],[102.50200066719708,-1.6549680917040064],[102.50199935868352,-1.6549764167281751],[102.5019982812957,-1.6549848190940679],[102.50199737028248,-1.654993276318578],[102.50199588280378,-1.6550102986863067],[102.50199126928169,-1.6550795033163581],[102.50199016761218,-1.6550960166678124],[102.50198881683048,-1.6551131523500544],[102.50198715038675,-1.6551310551540155],[102.50198336693887,-1.6551668175945338],[102.50197826868219,-1.6552114779273097],[102.50197494838523,-1.6552382255636076],[102.50197062264618,-1.6552692692613391],[102.50196948770173,-1.6552784495407877],[102.50196879702241,-1.6552840361293306],[102.5019657132471,-1.655318371345686],[102.50196473478474,-1.6553268987173624],[102.50196356476675,-1.6553350537696474],[102.50195964282329,-1.6553593759343812],[102.50195671103347,-1.655379958718072],[102.50195545917717,-1.6553867485995397],[102.50195361916423,-1.6553945520169009],[102.5019514311137,-1.655402277193275],[102.50194899305166,-1.6554099304239003],[102.50193887208133,-1.6554386502734246],[102.50193673169485,-1.6554453879942344],[102.50193495283588,-1.6554520879434449],[102.50193368299313,-1.6554587528191291],[102.50193311012498,-1.655465386218566],[102.50193340240463,-1.6554725610098444],[102.50193438446433,-1.6554797106201136],[102.50193703116912,-1.6554939936528399],[102.50193804200711,-1.6555011495583472],[102.5019383900447,-1.6555083351415192],[102.50193776771386,-1.655515938010069],[102.50193633779179,-1.6555235948379732],[102.50193439165889,-1.6555313209136671],[102.50192833382562,-1.6555531717414169],[102.50192666468388,-1.6555603159557677],[102.50192532829135,-1.6555675519009583],[102.50192431565472,-1.6555760154207064],[102.5019237778601,-1.6555845796645485],[102.50192359619706,-1.6555932185521556],[102.50192367084082,-1.6556019096004206],[102.50192433094315,-1.6556193870250695],[102.50192598209844,-1.6556457182752524],[102.50193393660197,-1.6557511601878332],[102.50193632789927,-1.655786274217121],[102.50193714987961,-1.655803812795682],[102.50193736122031,-1.6558125721924171],[102.50193736391827,-1.6558213198979388],[102.50193708332978,-1.6558300532143448],[102.50193645110642,-1.6558388431880076],[102.50193553289859,-1.6558476160745954],[102.50193313440667,-1.6558651366666481],[102.50192881676156,-1.6558913923738032],[102.50192095398887,-1.6559350823381465],[102.50191752217597,-1.6559524455488486],[102.50191362361488,-1.6559696136067146],[102.50191135822269,-1.6559780618380273],[102.5019087609806,-1.6559863715737606],[102.50190571497683,-1.6559944942504785],[102.50190210599743,-1.6560024091837704],[102.50189804016247,-1.6560101343601445],[102.50189364517564,-1.6560177201416195],[102.50188901186846,-1.65602520699764],[102.50187930188832,-1.6560399936507224],[102.50186420496914,-1.6560619550950832],[102.50181328445558,-1.6561349395757361],[102.50180303218423,-1.6561494411437252],[102.50179263062546,-1.6561637628473136],[102.50178193588766,-1.6561777158289033],[102.50177640235916,-1.6561844553482956],[102.50177068626823,-1.6561909619433095],[102.50176473545423,-1.6561971555742048],[102.50175859668195,-1.6562029247251644],[102.50175450027001,-1.6562066128448691],[102.50174621481602,-1.656214069123962],[102.50174212200142,-1.6562181079792708],[102.50174037821591,-1.6562198301809872],[102.50173507581314,-1.6562259923356351],[102.5017306556453,-1.6562324368774171],[102.50172784796189,-1.6562374083296731],[102.50172677417135,-1.6562393103957902],[102.50172325782216,-1.6562464797911503],[102.50171350917117,-1.6562687002402754],[102.50171010433792,-1.6562760279163058],[102.50170640542632,-1.656283157741484],[102.50170226135032,-1.6562899781998794],[102.5016976424323,-1.6562963130243702],[102.50169262241667,-1.6563023753543007],[102.50167692564963,-1.6563202071118326],[102.50167204412958,-1.6563264538027624],[102.50166768601497,-1.6563328677675599],[102.50166364805898,-1.6563395407371786],[102.50165981604772,-1.6563463890745425],[102.50164855473707,-1.6563672677351633],[102.50164455994855,-1.6563741160725272],[102.5016399329366,-1.6563813942858587],[102.50162532434928,-1.6564028476132648],[102.50162063078756,-1.65641013661849],[102.50161610629834,-1.6564178033389112],[102.50161182642472,-1.656425633735978],[102.50160376580124,-1.6564416335745022],[102.50159234171326,-1.6564660762483641],[102.50156996118483,-1.6565152826541407],[102.50156223420981,-1.6565315405980527],[102.50155407825815,-1.6565475638189469],[102.5015497830961,-1.6565553960146531],[102.50154083484171,-1.6565708643538528],[102.50150684046838,-1.656628419166168],[102.50149341179156,-1.6566508005939227],[102.50148989274442,-1.6566564141621143],[102.5014677037716,-1.6566806400994096],[102.50135524444903,-1.6568034227396993],[102.50125858801351,-1.6569089518865781],[102.50121888744178,-1.6569512470023824],[102.50097042094825,-1.6572159489568321],[102.50074540877364,-1.657360304534393],[102.50054731960319,-1.657463527819516],[102.50052043167267,-1.6574775392570018],[102.50030446128193,-1.6575857447862177],[102.50024139002818,-1.6576064876492183],[102.50000550864735,-1.6576840649675546],[102.5000000272795,-1.657685868108274],[102.49979105811093,-1.6577382581140796],[102.49956152144711,-1.6576746778440565],[102.49948588486575,-1.6576537281370065],[102.49918565879119,-1.6575494067796512],[102.49903802068815,-1.6574898257947552],[102.4988854740854,-1.6574153880097242],[102.49871978299166,-1.6573040465444819],[102.4987083660983,-1.6572963753274053],[102.49856078645121,-1.657187296556458],[102.49831970968694,-1.6570335565533583],[102.49802938784603,-1.6568847016675932],[102.49774349336758,-1.6567734780135766],[102.49761401167734,-1.6567231051870976],[102.49749576971408,-1.6566815951794069],[102.49741042674987,-1.6566668759754748],[102.49740331581046,-1.6566658138761454],[102.49739467242625,-1.6566647616693899],[102.49736868921372,-1.6566620610052496],[102.49736006741324,-1.6566610177916914],[102.49735149687416,-1.6566597416536979],[102.49734300097879,-1.6566581147801003],[102.497334908879,-1.6566561299763976],[102.49732688962433,-1.6566537980343128],[102.49731892522829,-1.6566512142820784],[102.49731100040242,-1.6566484479674273],[102.49727947017146,-1.6566366380703244],[102.4972636888682,-1.6566309120868823],[102.49725576584098,-1.656628266281416],[102.49724780594153,-1.6566258578969837],[102.49723979388142,-1.6566237759664659],[102.49723171257352,-1.6566221356030155],[102.4972240098802,-1.6566210690070875],[102.49721624693228,-1.6566203729317976],[102.49720844441424,-1.6566199142775986],[102.49718496941085,-1.6566188539769087],[102.49717717228873,-1.6566182496324586],[102.49716941473679,-1.6566173323240037],[102.49716130195259,-1.6566159293815872],[102.49715323863114,-1.6566141613144509],[102.49714521128254,-1.656612145034444],[102.49712123535676,-1.6566055916746905],[102.4971132457797,-1.6566035511129371],[102.49711071598682,-1.6566029818420702],[102.49710524181353,-1.6566017515695535],[102.49709721536425,-1.6566003270434067],[102.49708915024416,-1.656599428620666],[102.49708168227386,-1.6565991768105164],[102.49707417743139,-1.6565993872518447],[102.49706664291131,-1.6565999403349565],[102.49705150822058,-1.6566016994088386],[102.49702054636117,-1.6566060035641499],[102.49700474257486,-1.6566079973611636],[102.49698890641298,-1.6566097231601589],[102.49697304057344,-1.656611017284547],[102.49695702364778,-1.6566117007693038],[102.49694100312485,-1.6566118446608584],[102.4969249978904,-1.6566114705428845],[102.49691701280994,-1.6566110478615315],[102.49690904481662,-1.6566104210340313],[102.49690016581008,-1.6566094452696234],[102.49689130928658,-1.6566082356814604],[102.49687363670904,-1.6566053623475341],[102.49684718494967,-1.6566004691363219],[102.49683274093832,-1.6565976470637338],[102.49674147773709,-1.6565799960699223],[102.49655694494709,-1.6564350586310184],[102.49646636612994,-1.6563603708344203],[102.49637030144834,-1.6562801522072164],[102.49629933234837,-1.65621594510975],[102.49623538785295,-1.6561580926218085],[102.49602131323309,-1.655967244792464],[102.49592024562287,-1.6558613262391759],[102.49589901712602,-1.6558448128877785],[102.4958851279963,-1.6558335389865988],[102.49587834441013,-1.6558277419566707],[102.49587172719851,-1.655821777652875],[102.495865342012,-1.6558155840219229],[102.49585955037799,-1.6558094497462434],[102.49585396828604,-1.6558031059285554],[102.49584854177687,-1.6557966074274191],[102.4958432285822,-1.6557899929138102],[102.49583282432542,-1.6557765462505358],[102.49582259004058,-1.6557629296154346],[102.49580743196748,-1.6557423369392268],[102.49579306619711,-1.6557223396142149],[102.49578367008036,-1.6557089037428909],[102.49577454735754,-1.6556953167853976],[102.49577015416935,-1.6556884288778519],[102.49576592375843,-1.6556814537360651],[102.49576191278209,-1.655674356286454],[102.49575813293154,-1.6556670573887118],[102.49575457161626,-1.6556596370825218],[102.49574787346563,-1.6556445653443461],[102.4957350374421,-1.6556141089039329],[102.49572835368065,-1.655599024575281],[102.49572480945244,-1.6555915943765172],[102.49572105208495,-1.6555842792910198],[102.49571680728491,-1.6555766980061435],[102.49571232686247,-1.6555692453243864],[102.49570767107224,-1.6555618861720518],[102.49569801325276,-1.6555473594230534],[102.49568306472173,-1.6555258206600456],[102.49565322881352,-1.6554836361608523],[102.49563902941776,-1.6554630839540891],[102.49562994266779,-1.6554491939251079],[102.49562560973413,-1.6554421423409735],[102.4956214908392,-1.6554349828381305],[102.49561765612998,-1.6554276803431094],[102.49561402376827,-1.6554198967108391],[102.49561069178009,-1.65541196019376],[102.49560757832711,-1.655403915758086],[102.49560175431759,-1.6553876173446156],[102.49559054157032,-1.6553547714055412],[102.49558459974952,-1.65533847569003],[102.49558140445833,-1.6553304213617821],[102.49557853741965,-1.6553236953322426],[102.49557798163858,-1.6553223940132398],[102.49557439334365,-1.6553144359124303],[102.49555550218474,-1.6552750483048158],[102.49554820418632,-1.6552591878611906],[102.49554478946055,-1.6552511623112309],[102.49554164543065,-1.6552431898213058],[102.49553584570276,-1.6552270487892429],[102.49553047315288,-1.6552107368859765],[102.49552538478872,-1.6551943179633781],[102.49552057341577,-1.6551778118065386],[102.49551616134181,-1.6551613398239056],[102.49551015836715,-1.655136678614781],[102.4954969707087,-1.655079659798389],[102.49549162873575,-1.6550556065309934],[102.49548839027705,-1.6550395410419583],[102.49548695585838,-1.6550314876130301],[102.49548570400208,-1.6550234179962899],[102.49548469496278,-1.6550153187019419],[102.49548393323698,-1.6550066033719872],[102.49548342062343,-1.6549978592637444],[102.49548207613697,-1.6549627803080398],[102.49548150776542,-1.6549540218106245],[102.49548076672409,-1.654945872154201],[102.49547882508779,-1.6549296079150508],[102.4954744121145,-1.6548971585769436],[102.49547268631551,-1.6548809527936896],[102.49547215301749,-1.6548728499020626],[102.49547195606596,-1.6548647479097554],[102.4954722006816,-1.65485598941234],[102.49547283290497,-1.6548472282169655],[102.49547374571688,-1.654838467021591],[102.49547485368163,-1.654829704027577],[102.49548130541797,-1.6547858593798423],[102.49548178385731,-1.6547818672892731],[102.49548341342887,-1.6547682767345577],[102.49548413468511,-1.6547594642777881],[102.49548455107123,-1.6547508047058272],[102.49548471564719,-1.6547334477903632],[102.49548434602582,-1.6547160567006358],[102.49548370660784,-1.6546986494230964],[102.49548023882204,-1.6546223356522205],[102.4954779401549,-1.6545618445534274],[102.49547705522195,-1.6545444318799696],[102.49547569095046,-1.6545271073400727],[102.49547469809892,-1.6545185008280896],[102.49547339138394,-1.6545099500741003],[102.49547196505921,-1.6545027806787402],[102.49547170965172,-1.6545014973461889],[102.49546972215001,-1.6544930967789355],[102.49546515539265,-1.6544764008651782],[102.49545520259556,-1.6544431133589228],[102.49545045777245,-1.6544263877675576],[102.49544626783103,-1.6544099283754576],[102.49543833311265,-1.6543769313502708],[102.49543398578987,-1.6543605933666186],[102.49543154233186,-1.6543525282465339],[102.49542882008404,-1.6543445665484455],[102.49542581185182,-1.6543368710497361],[102.49542253831953,-1.6543292753756873],[102.49541906783577,-1.6543217498488048],[102.49540065241825,-1.6542844657554383],[102.49539343715747,-1.6542691826766145],[102.49538646921025,-1.6542535128892837],[102.49536935601105,-1.6542142017239598],[102.49536211826722,-1.6541986722309048],[102.49535835280579,-1.6541911224223327],[102.49535051521417,-1.6541761756898836],[102.49533436608817,-1.6541465133508382],[102.4953264205779,-1.6541316151818251],[102.4953225732782,-1.6541241031447953],[102.49531476806214,-1.6541079522201585],[102.49530738372886,-1.6540916016460301],[102.49530384219861,-1.6540833620574631],[102.49529711616901,-1.6540667353914955],[102.49529410703747,-1.6540586738686329],[102.49528566510145,-1.6540342635703382],[102.49527844084741,-1.6540120170408841],[102.49527235513511,-1.6539932769680945],[102.49524871645514,-1.6539193697830683],[102.49524362089647,-1.6539029013977142],[102.495238822114,-1.6538865661120781],[102.49523228764002,-1.6538622295581717],[102.49522842864911,-1.6538459095610278],[102.49522673522569,-1.6538377077439463],[102.49522526303554,-1.6538294708533385],[102.49522413078904,-1.6538217618647764],[102.49522344100905,-1.6538155844216362],[102.49522239869481,-1.6538062539553948],[102.49522111806021,-1.6537906741002644],[102.49522008114189,-1.6537750510776732],[102.49521721770049,-1.6537210998488376],[102.49521574910762,-1.6536851206717529],[102.49521542175438,-1.6536671306335506],[102.49521543974083,-1.6536591482510516],[102.49521572572525,-1.6536431798887747],[102.4952165036388,-1.6536192291440557],[102.49521817367986,-1.653578226354],[102.49521972680901,-1.6535448642040933],[102.4952206971775,-1.6535281988672637],[102.49522197061754,-1.6535115650066814],[102.49522276381953,-1.6535034306387502],[102.49522463530872,-1.6534871888825933],[102.49522792143148,-1.653462881107032],[102.49523172916105,-1.6534386551697366],[102.49523316088175,-1.6534306080361034],[102.49523641912549,-1.653414202603301],[102.49524182495031,-1.6533896960775678],[102.49524761298699,-1.65336527318874],[102.4952538093159,-1.6533410769291095],[102.49525603333933,-1.6533331017412252],[102.49525684093055,-1.6533302041255524],[102.49527376707073,-1.6532695178739232],[102.49528235559632,-1.6532373347351381],[102.49528834238316,-1.6532130944087271],[102.49529199542928,-1.6531962752878258],[102.49529535079984,-1.653178804158415],[102.49529847864193,-1.653161281767666],[102.49530198689723,-1.653140539804042],[102.49531015543937,-1.6530922462101216],[102.49531395417569,-1.6530676551481065],[102.49531605589135,-1.6530512245343516],[102.49531687067707,-1.6530429876437438],[102.49531747592084,-1.6530347930212201],[102.49531822235815,-1.6530183597095061],[102.49531860996592,-1.6530018949214877],[102.49531941036258,-1.6529524367055615],[102.4953206721114,-1.6529115814042825],[102.49532088884803,-1.6528952677023767],[102.49532080071447,-1.6528871225426087],[102.4953205102334,-1.6528789872754146],[102.49531996344564,-1.6528707171098631],[102.4953192044178,-1.6528624568368855],[102.4953182853107,-1.6528542046577854],[102.49531612244118,-1.6528377191853565],[102.49531368797636,-1.652821251699379],[102.49531107274788,-1.6528048004011566],[102.49530680006882,-1.6527801769635744],[102.49530362006607,-1.6527637868192642],[102.49529849213178,-1.6527392730989163],[102.49529299907272,-1.6527148412168913],[102.49528900428419,-1.6526986408295556],[102.49528452296244,-1.6526822839601891],[102.49528013606948,-1.6526676223128902],[102.49527723125925,-1.6526579123327565],[102.49526934420493,-1.6526337529452917],[102.49526354807432,-1.6526178700186165],[102.49526037436686,-1.6526100459168447],[102.49525699201661,-1.6526023962834984],[102.49524968862227,-1.6525873245453226],[102.49524195085542,-1.6525724371682031],[102.49522992691965,-1.6525502886648269],[102.49521355386247,-1.6525213448841214],[102.49520102180975,-1.6525001352729873],[102.49519239011676,-1.65248622006294],[102.49518792858009,-1.6524793870140684],[102.49518332225256,-1.6524726762729642],[102.49517851897355,-1.6524661337050475],[102.49517345399175,-1.6524598168670082],[102.49516760300253,-1.6524532707018125],[102.49516144984108,-1.6524469862393971],[102.49515507544646,-1.652440887037244],[102.49514854277112,-1.6524349263307272],[102.49514189588183,-1.6524290627510254],[102.4951283745749,-1.65241753434168],[102.49512293007922,-1.6524130773016168],[102.49510772074478,-1.6524006270872178],[102.49508668470281,-1.6523843358683621],[102.49507242415314,-1.6523738902428136],[102.49506518910727,-1.6523688693278018],[102.49505785063934,-1.6523640507602977],[102.49505037457521,-1.6523595145798708],[102.4950427060561,-1.6523553633093115],[102.49503522189804,-1.6523518622486222],[102.49502755967421,-1.6523487128227998],[102.49501976884733,-1.6523458295962996],[102.49501188179295,-1.6523431460193478],[102.49499591343073,-1.6523381979494047],[102.49497977599594,-1.6523336599703953],[102.4949716614131,-1.6523315276778021],[102.49495590439153,-1.6523276677875742],[102.49495555185729,-1.6523275823519725],[102.49493128904783,-1.6523220749037932],[102.4949069605878,-1.6523169523654246],[102.49489069904661,-1.6523138928718026],[102.49488254489358,-1.6523125510832983],[102.49487437005621,-1.6523113927565305],[102.49486591013368,-1.6523104313812382],[102.49484892733619,-1.6523090446266337],[102.49482336410705,-1.6523077540995246],[102.49479776130772,-1.6523070355411846],[102.4947722466419,-1.6523069599981568],[102.49473829543604,-1.6523075490541146],[102.49470435861929,-1.652308585073115],[102.49467954362609,-1.6523098351307226],[102.49464690003447,-1.652312087033124],[102.49462245466259,-1.6523141968426671],[102.49460586396953,-1.6523159981847471],[102.49458054085932,-1.6523193121864779],[102.49454684685958,-1.6523242998265459],[102.49452171890226,-1.6523284726808356],[102.49449680858089,-1.6523330313442557],[102.49445744975156,-1.652340485824709],[102.49439709624903,-1.6523519171072394],[102.49437213286768,-1.6523569533106865],[102.49435562401288,-1.6523607862212657],[102.49434744377959,-1.652362967077238],[102.49433957291302,-1.6523653089118397],[102.49433175240853,-1.6523678342081212],[102.4943162112242,-1.6523732499255175],[102.49430027703619,-1.6523791530754011],[102.4942930231046,-1.6523818402496886],[102.49425425602914,-1.6523964803132571],[102.49423872203943,-1.6524025246567362],[102.49422341018231,-1.6524089691985182],[102.49421589994387,-1.6524124630646497],[102.49420853719431,-1.6524162294253983],[102.49420128506131,-1.6524203654074654],[102.49419417592054,-1.6524247720855101],[102.49418716480585,-1.6524293676211528],[102.49415206786369,-1.6524533840164395],[102.49411510213031,-1.6524778239923421],[102.49410052142201,-1.6524880978473675],[102.49408621320822,-1.6524989355773414],[102.49407920029489,-1.6525045248639003],[102.49407229799823,-1.6525102409548253],[102.49406553869369,-1.6525161117291418],[102.49405895925361,-1.6525221812536302],[102.4940528438637,-1.6525282318923473],[102.4940468948484,-1.6525344587981863],[102.49403532237227,-1.6525472588488697],[102.49402400530369,-1.6525603313941133],[102.49401282403267,-1.6525735406363538],[102.4939859990547,-1.6526060250479873],[102.49397555163046,-1.652619093995952],[102.49396541267373,-1.6526322816544052],[102.49396280104247,-1.6526358321778503],[102.49395561006344,-1.6526456051105356],[102.49394604757208,-1.6526590931425744],[102.49394026672996,-1.6526676223128902],[102.49393677915907,-1.6526727691329484],[102.49393230233392,-1.6526797029059139],[102.49392797659488,-1.6526867257117601],[102.4939235411386,-1.6526943663518523],[102.49391929184191,-1.6527021140113334],[102.49391572692929,-1.6527091323205809],[102.49391128967432,-1.6527178647376104],[102.49390753680342,-1.6527258579119462],[102.49390397998474,-1.6527339338239244],[102.4938919731361,-1.6527638398792419],[102.49388882191164,-1.6527712251119056],[102.49388543416552,-1.6527784898353843],[102.49388146365868,-1.6527860980999094],[102.49387720177151,-1.6527935606742403],[102.49387273034228,-1.6528009216251576],[102.49384450871719,-1.6528444946776517],[102.49383570345503,-1.6528590708893489],[102.49383003412885,-1.652868896882012],[102.49381899405137,-1.6528880317571861],[102.49381460895711,-1.652895113918305],[102.49380999813297,-1.6529020360001141],[102.49380502758004,-1.6529088456666727],[102.49379980611621,-1.652915478166733],[102.49379438770092,-1.6529219658759757],[102.49378881819945,-1.6529283366733694],[102.49377729878336,-1.6529407689013169],[102.49377352163077,-1.6529446233956264],[102.4937713677545,-1.6529468195400341],[102.49376530632389,-1.6529527388777296],[102.49375909200853,-1.6529584882435984],[102.4937532608044,-1.6529635586213089],[102.49374729290332,-1.6529684671210134],[102.49374120539238,-1.6529732209373265],[102.49373500546619,-1.6529778173723457],[102.49372868772883,-1.6529822411374653],[102.49372223958977,-1.6529864616558143],[102.49371497486624,-1.6529908476494484],[102.49370756715058,-1.6529949863295315],[102.49370004342234,-1.6529989073736147],[102.49369241807068,-1.6530026269696236],[102.49368470008892,-1.6530061298290093],[102.49367688408097,-1.6530093862741069],[102.4936689547585,-1.6530123423456757],[102.49366100295299,-1.6530149216013115],[102.49365295402066,-1.6530172247650512],[102.49364261541444,-1.6530197806383171],[102.49363666010385,-1.6530212528285233],[102.49362844839425,-1.6530230658617597],[102.49345223972915,-1.6530654320239933],[102.49337261375518,-1.6531008302390546],[102.49331279534931,-1.653151575384868],[102.4933082303906,-1.6531554469662524],[102.49324202230156,-1.6532220930251356],[102.49316335230691,-1.6533061841330436],[102.49314383881716,-1.6533238099458458],[102.49311673235138,-1.6533482957871684],[102.49310021180537,-1.653363218237871],[102.49305707942074,-1.6533895710717843],[102.4929306068621,-1.6534293256028718],[102.49282138509892,-1.6534364050659747],[102.49276641943476,-1.6534394240900951],[102.49267726424443,-1.6534443217979629],[102.49263677946385,-1.6534380903955253],[102.49258583286996,-1.6534302483072452],[102.49247004605581,-1.6534253505993775],[102.49245224757323,-1.653425910877047],[102.49242928968005,-1.6534266339319856],[102.49234415535852,-1.6534293139116585],[102.49231125186282,-1.6534301421872897],[102.4922316501706,-1.6534321449774438],[102.49217226973451,-1.6534227416661338],[102.49213264470586,-1.6534164670962355],[102.49209925737489,-1.6534111799819016],[102.49202790696239,-1.6533821759466036],[102.49195812226958,-1.6533430716253861],[102.49188446959266,-1.6532830571673003],[102.49184815227045,-1.6532488001919319],[102.49182066179418,-1.6532228691400519],[102.4917675874043,-1.6531690159372943],[102.49169120798291,-1.6531132723595761],[102.49168346841742,-1.6531076228184816],[102.49162269493149,-1.6530755925645053],[102.4916095036757,-1.6530712803152596],[102.49160257170138,-1.6530690140237425],[102.49154012907377,-1.653048599413296],[102.49145132731695,-1.6530373129215832],[102.49136008480014,-1.6530274599492714],[102.49124872175116,-1.6530113845677192],[102.49118433299066,-1.6529914609870957],[102.49110284182274,-1.65295262376452],[102.49101765534056,-1.6528904275511422],[102.49094545776671,-1.6528183873586499],[102.49087684129324,-1.6527465063461477],[102.4908151972636,-1.6526984195963337],[102.49081432132391,-1.6526977370108966],[102.49076134496016,-1.6526718788041421],[102.49075565674821,-1.6526720667624204],[102.49070806822283,-1.652673638777344],[102.49062351396407,-1.6527395060233516],[102.49053218241437,-1.6528380141629668],[102.49049119491275,-1.652902758155733],[102.49044603365758,-1.6529815900283324],[102.49039417605047,-1.6530426171230488],[102.49030075537564,-1.6530852539812599],[102.49016784187245,-1.6530741509512836],[102.49004272908871,-1.6530097801771717],[102.49001729985855,-1.6529985413495751],[102.48997811279975,-1.6529812213062769],[102.48994850442,-1.6529702100071404],[102.48988792698628,-1.6529476810905521],[102.48979528872167,-1.652920882192916],[102.48976314785108,-1.6529171760867598],[102.4897050579421,-1.6529104770368122],[102.48961108688223,-1.652913270331112],[102.48955569224148,-1.6529184099566123],[102.48954238587248,-1.6529196447257846],[102.4894298851811,-1.6529199397033949],[102.4893475270668,-1.6529143378263598],[102.48924750536816,-1.6528996743804214],[102.48912444213937,-1.6528721335420755],[102.4890384246836,-1.6528541417052338],[102.48898062885297,-1.6528519419634904],[102.48896009733068,-1.6528511595533359],[102.48882830438282,-1.6528657078860647],[102.48875733168558,-1.6528996240184028],[102.48873809338835,-1.6529088177876474],[102.48872855158146,-1.6529174926481005],[102.48866507293485,-1.6529752138350204],[102.48861435027209,-1.6530431558169312],[102.48857820921705,-1.6531116400900601],[102.48854164637993,-1.65317910633064],[102.48850040886686,-1.6532473001227572],[102.4884531000306,-1.6533226561156198],[102.48838599621683,-1.6533942466471103],[102.4883370569097,-1.6534323221438854],[102.48827351261258,-1.6534643613911157],[102.48818286095036,-1.6534975175962927],[102.48817628330886,-1.6534991004031099],[102.48810893577883,-1.6535152962938469],[102.48801510861045,-1.6535240655830989],[102.48799104095383,-1.6535228640888704],[102.48794553885557,-1.6535205924013781],[102.48783711658973,-1.6535077779615222],[102.48776192877006,-1.6534909579413011],[102.48768676703071,-1.6534703104064761],[102.48760864832053,-1.6534432812823638],[102.48751761084912,-1.6534025995503043],[102.48740972817649,-1.6533498426210826],[102.48730763174188,-1.6532824510242676],[102.48722120239665,-1.6532110151761685],[102.48708257460117,-1.653094904606121],[102.48704816743901,-1.6530647773175815],[102.48698616907649,-1.653010491540897],[102.48694351782916,-1.652980245541869],[102.48688277132288,-1.6529371671165336],[102.48682354287229,-1.6528971266010899],[102.48674647187227,-1.6528450225796973],[102.48661465464266,-1.6527757424065612],[102.48660693396289,-1.6527728906563084],[102.48659908917671,-1.6527702376562843],[102.48659118233724,-1.6527677627220214],[102.48658322693444,-1.652765426283338],[102.48656880270812,-1.6527614899507626],[102.48656722080068,-1.6527610582761554],[102.48654304792336,-1.6527551326432217],[102.48652683044895,-1.6527517116221588],[102.48651867899389,-1.6527502529218054],[102.48651049965991,-1.6527490136560345],[102.48649406365018,-1.6527470459393498],[102.48648365309816,-1.6527461061478448],[102.48647756288926,-1.6527455557627491],[102.4864610216589,-1.6527444486973195],[102.48645273980213,-1.652744053894935],[102.48643594766094,-1.6527435943413593],[102.48641073696598,-1.6527434090810402],[102.4863687080495,-1.6527437040586506],[102.48636679609081,-1.652743758017948],[102.48634314661899,-1.6527444226169905],[102.48632564221469,-1.6527453552139377],[102.48631690799897,-1.6527459811420613],[102.48630819446765,-1.6527467455658211],[102.48629950611735,-1.6527476907533014],[102.48629085194131,-1.6527488733617588],[102.48628286596153,-1.6527502259420999],[102.48626697943763,-1.6527534805886148],[102.48625115406759,-1.6527571696076393],[102.48621887290273,-1.6527651519901383],[102.48619315319155,-1.6527716064244373],[102.48617608226044,-1.6527760931421653],[102.48615917320734,-1.6527809935479922],[102.4861508248008,-1.6527837220910442],[102.48614258880951,-1.6527867330212871],[102.48613482676092,-1.652789942701645],[102.48612716183914,-1.652793412286087],[102.48611202445045,-1.6528008487800889],[102.4860678038861,-1.652823787787554],[102.48604625523058,-1.6528352613381685],[102.48603217634394,-1.6528433516393193],[102.48602530102687,-1.6528476521973516],[102.486018331281,-1.6528523466584488],[102.48601149283621,-1.6528572479635955],[102.48600475871268,-1.652862305750773],[102.48599173113354,-1.6528725876997328],[102.48597914062492,-1.6528830063456326],[102.48596676775219,-1.6528936750030425],[102.4859547024476,-1.6529046530272922],[102.4859488388679,-1.6529103097629445],[102.48594313806541,-1.6529161229806277],[102.48593773583792,-1.6529219973522231],[102.48593247660256,-1.6529280093201351],[102.48590669303951,-1.6529586186453002],[102.48589490472614,-1.6529715805739329],[102.48587664938793,-1.6529905229941733],[102.48584671545359,-1.6530208346437689],[102.48583966207082,-1.6530279779587431],[102.48582755000149,-1.6530406512050604],[102.4858216108787,-1.6530470912501869],[102.4858103001053,-1.6530600513802369],[102.48578878022806,-1.6530860786595554],[102.48578327008192,-1.6530924566515068],[102.48577760435302,-1.6530986826580261],[102.48577151144616,-1.6531049401408495],[102.48575884539446,-1.6531170000494626],[102.4857262296818,-1.6531463359345935],[102.48569629664684,-1.6531738210150024],[102.48569020104202,-1.6531791575919783],[102.48568399482059,-1.653184344881538],[102.48567763481503,-1.653189322629089],[102.48567090788617,-1.653194160981684],[102.48566400828742,-1.6531987520207281],[102.48565696569648,-1.6532031326184438],[102.48564980259636,-1.6532073225598651],[102.48564742658755,-1.653208630174106],[102.4856457322648,-1.6532095618717335],[102.48564253067832,-1.6532113218449922],[102.48563514904293,-1.6532151142860698],[102.4856288169164,-1.6532181045318453],[102.4856276459991,-1.6532186576149002],[102.48561968070373,-1.6532220579515524],[102.48561782540236,-1.653222781006491],[102.48561369481621,-1.6532243889943175],[102.48561160119448,-1.6532252037800959],[102.48560343265234,-1.6532281409658935],[102.48559519576173,-1.6532309027838892],[102.48558690221381,-1.6532334910327222],[102.48557855470659,-1.6532358967191954],[102.4855706937326,-1.6532379660592369],[102.48555486926188,-1.6532415849311519],[102.485546919255,-1.6532431155772542],[102.48553894946303,-1.6532444141982978],[102.48553095718796,-1.6532454250362889],[102.48552294332922,-1.6532460635549455],[102.48551436829354,-1.6532462641037569],[102.48550577437203,-1.653246049165773],[102.48550005108655,-1.6532456975308492],[102.48549716875937,-1.6532455212637274],[102.48548856224738,-1.65324474874609],[102.48547995573546,-1.6532437756796412],[102.48547136541123,-1.6532426191515128],[102.48546279397283,-1.6532412800609677],[102.48545491321374,-1.6532398672260342],[102.48543925871491,-1.6532365694121154],[102.48543150565951,-1.6532346736412364],[102.48542382185195,-1.6532325782208659],[102.48541622977524,-1.6532302363862641],[102.48540875910703,-1.6532275797889042],[102.48540062833638,-1.6532241902441456],[102.48539266214169,-1.653220410393601],[102.48538483893924,-1.6532163130823392],[102.48537715782965,-1.6532119405785579],[102.48536962870548,-1.6532073126672913],[102.48536227584839,-1.6532024131607841],[102.4853599996643,-1.6532007503143404],[102.48535514242593,-1.6531972006902151],[102.48534867719974,-1.6531919999108027],[102.48534238014679,-1.6531865698042907],[102.48531768296476,-1.6531641506049937],[102.485311369724,-1.6531587133039238],[102.48529835113806,-1.653148336926165],[102.48527854267064,-1.6531331743564692],[102.48527207114921,-1.6531279852682701],[102.48526575880777,-1.6531226226109084],[102.48525958496191,-1.6531169811636914],[102.48524162370205,-1.653099547805823],[102.48523555957348,-1.6530939036607037],[102.48522931917779,-1.6530885311107681],[102.48522279909298,-1.6530835668530699],[102.48521609374779,-1.6530792222282571],[102.48520911141145,-1.6530752697078697],[102.4852019357208,-1.6530715815881649],[102.48515709642294,-1.6530500383285585],[102.48514943509844,-1.6530466254013731],[102.48514168833833,-1.6530435632098488],[102.48513380218327,-1.6530410280209935],[102.48512610938252,-1.6530392401687664],[102.48511828707933,-1.6530379928090611],[102.48511037214604,-1.6530371924124552],[102.4851086670314,-1.6530371033795745],[102.4851024014547,-1.6530367778249797],[102.48509439838784,-1.6530367220670428],[102.48508639172366,-1.6530370287358664],[102.48508465243481,-1.6530371816205616],[102.48507840484456,-1.6530377311063376],[102.48507097914245,-1.6530387752192723],[102.48506358671523,-1.6530401116118014],[102.48505622936153,-1.6530416458552395],[102.48504161987489,-1.6530450183129233],[102.48502726669506,-1.6530486470773553],[102.48502025827838,-1.6530507982556628],[102.48501343242401,-1.6530533757126591],[102.48500566587882,-1.6530571195903576],[102.48499815024451,-1.6530614840002613],[102.48499080997794,-1.6530662935745681],[102.4849835920192,-1.653071408918322],[102.48497644690553,-1.6530767284082231],[102.4849479779669,-1.653098608014318],[102.48491354832169,-1.653123888856328],[102.48490004320252,-1.6531343030056291],[102.4848931409058,-1.6531400137006358],[102.48487969873918,-1.6531518640672402],[102.48486664597897,-1.6531641479070345],[102.48486026798702,-1.6531704467586792],[102.48484844010346,-1.6531828160340751],[102.48483755920603,-1.6531949676735849],[102.48483122887819,-1.653202306141452],[102.48482689594454,-1.653207329754423],[102.48481113712432,-1.6532260887129837],[102.48479886497569,-1.6532410021704891],[102.48479554288008,-1.6532450392271585],[102.48478528701145,-1.6532576693059582],[102.48473200397888,-1.6533232856410791],[102.48471540878916,-1.6533434529379747],[102.48470442177171,-1.6533564688259048],[102.48468773305251,-1.6533758069479063],[102.48467645105745,-1.6533885602337932],[102.48466496671489,-1.6534011237628192],[102.48464816108384,-1.6534185526240321],[102.48463101011311,-1.6534356532327479],[102.48461359564101,-1.6534524930380599],[102.48460106358829,-1.6534641878219531],[102.48459894658419,-1.6534660826935124],[102.48459189859733,-1.6534723941356333],[102.48458192421651,-1.6534813253028915],[102.48457962824733,-1.6534832516506981],[102.4845688309868,-1.6534923132196582],[102.48456211934638,-1.6534975805488443],[102.48455564602631,-1.6535023658414616],[102.48454905669365,-1.6535069847594741],[102.48453559743996,-1.6535157990148832],[102.48452180273904,-1.6535240431000489],[102.48451476734272,-1.6535279002923176],[102.48450761593381,-1.6535315290567496],[102.48449972258419,-1.6535351659151161],[102.48449523676584,-1.6535370643839542],[102.48449170872544,-1.653538557258571],[102.48448361122973,-1.6535417786301423],[102.4844801173636,-1.6535430889423424],[102.48443452443382,-1.6535601886517384],[102.4844185245953,-1.6535667510046892],[102.48439503969939,-1.6535770185645333],[102.48437936901274,-1.6535835917093209],[102.48437147386448,-1.6535865945456294],[102.48436350497184,-1.6535892844178761],[102.48435543175782,-1.6535915318236789],[102.48434702489533,-1.6535932828036835],[102.48433850831555,-1.6535945706328903],[102.48432990899818,-1.6535955293101665],[102.48431255208266,-1.6535968369244642],[102.48430032040352,-1.6535975132146064],[102.4842775810456,-1.653598769567509],[102.48425993005179,-1.6536000511014208],[102.48422921730457,-1.653602525136364],[102.48422464335266,-1.6536028938584195],[102.48420698966089,-1.6536039730448806],[102.48418994840745,-1.6536044712692615],[102.48417289366415,-1.6536045531075843],[102.48415584431683,-1.6536043147872306],[102.48413880666067,-1.6536037248320099],[102.48413029727544,-1.6536032508892617],[102.48411397907694,-1.6536019540668576],[102.4840813750555,-1.6535987767620668],[102.48406506045421,-1.6535973702224283],[102.4840473303201,-1.6535962352779734],[102.48402073646787,-1.6535947990606701],[102.48400306299101,-1.6535935400098083],[102.48399426492347,-1.6535926622714783],[102.48398550732537,-1.6535915156358669],[102.48397766343845,-1.6535902008270682],[102.48396985282653,-1.6535886575904328],[102.48396206829489,-1.6535869452812335],[102.48394654599633,-1.6535831789205417],[102.48394231558547,-1.6535820718551122],[102.48390639936088,-1.65357267573836],[102.48388945073765,-1.6535684057572553],[102.48387244365841,-1.6535645422697485],[102.48386390279694,-1.6535628749267062],[102.48385532416393,-1.6535614755815686],[102.48384702791805,-1.6535604341666499],[102.48383869839728,-1.6535596400652821],[102.48383034009817,-1.653559025828315],[102.48381357583594,-1.6535581471906653],[102.4837305126531,-1.6535550598181317],[102.48371403797256,-1.6535547306662579],[102.48369755339945,-1.6535548493767465],[102.48367281394928,-1.6535557972621859],[102.48361508107121,-1.6535588018971339],[102.48357990858597,-1.6535601517795158],[102.48356234572572,-1.6535609863503851],[102.48354482873094,-1.6535622831727892],[102.48353636521114,-1.6535631851928088],[102.48352791697982,-1.6535642490907776],[102.48351105379214,-1.6535667186291221],[102.48349423197328,-1.6535695137220614],[102.48347744882528,-1.6535725804101844],[102.48346073492502,-1.6535759672570407],[102.48343843083899,-1.6535809378099771],[102.48343577424163,-1.653581529563894],[102.48332651920356,-1.6536067177757445],[102.48330361526968,-1.6536124887253436],[102.48330166374086,-1.6536129797551666],[102.48326175542576,-1.6536237050698901],[102.48324572411093,-1.6536276162214563],[102.48323766528608,-1.6536293447184107],[102.48322890229207,-1.6536309841825414],[102.48321127018403,-1.6536337424032581],[102.48314980422015,-1.6536417310809952],[102.48310373285108,-1.6536482349779931],[102.48308376070707,-1.6536510552519417],[102.4830672329665,-1.6536530616394316],[102.48305895920367,-1.6536538980089404],[102.48305067195099,-1.6536545653058852],[102.48304180463566,-1.653655053637749],[102.4830329274277,-1.6536553513133754],[102.48301514513292,-1.6536555536608262],[102.48299734575096,-1.6536554250577638],[102.48297954277172,-1.6536550518391095],[102.48296174518845,-1.6536544043272556],[102.48295281312187,-1.6536539402770813],[102.48291711183532,-1.6536514851279094],[102.48289035520577,-1.6536493105671752],[102.48287253603877,-1.6536476953847909],[102.48285484007886,-1.6536458553719058],[102.48284028365225,-1.6536441448613459],[102.48283726912473,-1.6536437914277826],[102.48279340559128,-1.6536380861287512],[102.48276715617936,-1.6536342181445889],[102.48275034425302,-1.6536313960720008],[102.48271679594342,-1.6536252752861742],[102.48268329979453,-1.6536188586233607],[102.48265822759521,-1.6536138116280767],[102.48264163420413,-1.6536102215344499],[102.48261594237192,-1.6536042212577513],[102.4825839283057,-1.6535967433949281],[102.48257578674321,-1.6535948413288111],[102.48255103290393,-1.6535893716521173],[102.48254543732213,-1.6535882753785813],[102.48252698413307,-1.653584657405986],[102.48249894866763,-1.6535795456594542],[102.48247070725739,-1.6535743970407566],[102.48240274998699,-1.6535614557964777],[102.48238574110911,-1.6535583468402137],[102.48236869625839,-1.653555465412353],[102.48235227733579,-1.6535530057665824],[102.48231115313729,-1.6535473661180049],[102.48229473871129,-1.6535449370491619],[102.48227839713036,-1.6535421257684675],[102.48226961165329,-1.6535403630972496],[102.48225211894021,-1.653536427663937],[102.48222598104422,-1.6535299786255564],[102.48208688380271,-1.653493966173528],[102.48207060157705,-1.6534898499765518],[102.48204336021297,-1.6534829620690061],[102.4820364714061,-1.6534813280008507],[102.48202589537885,-1.6534788188923244],[102.48200870213998,-1.6534750894037984],[102.48200631623854,-1.6534746181590663],[102.4819917876909,-1.653471751120378],[102.4819494413137,-1.6534637363623119],[102.48193257093146,-1.6534602685765094],[102.48191582825291,-1.6534563169554417],[102.48190730627721,-1.653453994905874],[102.48189038463363,-1.6534488750654646],[102.48187356101607,-1.6534433838050973],[102.48185678236467,-1.6534377036870183],[102.48180658310736,-1.6534202037793193],[102.48176606864922,-1.6534054333140489],[102.48171795581908,-1.6533873740280569],[102.48169402126211,-1.6533780318706022],[102.48167108944926,-1.6533685719020355],[102.48164067887427,-1.6533555497188104],[102.48161045445897,-1.6533421147467493],[102.4815869911468,-1.6533309703479517],[102.48156321936716,-1.6533191127867894],[102.4815316936328,-1.6533029456743407],[102.48150820783758,-1.6532904477958823],[102.48146933014556,-1.6532688658654138],[102.48132950625177,-1.6531901554013189],[102.48130512383244,-1.6531764299482461],[102.48129876112898,-1.6531728479485537],[102.48129296230042,-1.6531697093145681],[102.48126761400925,-1.653155984760815],[102.48124407425468,-1.6531438187321896],[102.48122819492534,-1.653136134025317],[102.48122230166797,-1.6531334846225718],[102.48122015678484,-1.6531325205493204],[102.48120457692977,-1.6531261641410993],[102.48118879112985,-1.6531203005613975],[102.48116488984783,-1.6531120852544632],[102.48114883605001,-1.6531069932930791],[102.48113265185049,-1.6531023842675836],[102.48112477289004,-1.6531004093563411],[102.48110890974846,-1.6530968597322158],[102.48110730176063,-1.6530965377749567],[102.48109296027195,-1.6530936662396698],[102.48107695593683,-1.6530907191612982],[102.48106091023288,-1.6530880131012964],[102.48104459113506,-1.6530855894283718],[102.48099481276046,-1.6530792950733826],[102.48096997528421,-1.6530758326834984],[102.48094466476454,-1.6530714961525632],[102.48093056609281,-1.6530688152735706],[102.4808941993079,-1.653061901285696],[102.4808689481435,-1.6530574811177985],[102.48085206786868,-1.6530551410818362],[102.48084360075165,-1.6530543029136879],[102.48083519658712,-1.6530537624211661],[102.48082778077753,-1.6530535573756993],[102.480818340594,-1.6530532947737129],[102.48079299230284,-1.6530531931502992],[102.48077608324968,-1.6530529449374285],[102.48075924434369,-1.653052218285211],[102.48072558092088,-1.6530501318580377],[102.48070874831012,-1.6530492981864882],[102.4806918383577,-1.6530490140007714],[102.48067485106361,-1.6530493089783818],[102.48065785477621,-1.653049925913308],[102.48059134721296,-1.653052819931645],[102.48056733621365,-1.6530536284221853],[102.48052594941311,-1.6530547741584769],[102.4805090493532,-1.6530555277903431],[102.48049274644313,-1.6530567175934152],[102.48044387188725,-1.6530611746334785],[102.48042716967819,-1.6530623977114374],[102.48037705046056,-1.6530656190830086],[102.48036040221086,-1.6530670526023528],[102.48035211046158,-1.6530679726088238],[102.48034384659132,-1.6530690931640493],[102.48033576978003,-1.6530704313552746],[102.48031969439842,-1.6530736293444761],[102.48027161034662,-1.6530845120405502],[102.48022155588018,-1.6530950152227319],[102.4802058231403,-1.653098825650261],[102.48019800803172,-1.6531009120773774],[102.48019023698993,-1.6531031432953682],[102.48018252170607,-1.6531055516798006],[102.48017470389954,-1.6531082208676366],[102.4801592292651,-1.6531140556691071],[102.48015082869784,-1.6531175045691384],[102.48014391111269,-1.6531203446281779],[102.4801287332545,-1.6531269861214923],[102.4801137343614,-1.6531340233164542],[102.48010608382879,-1.6531378553277136],[102.48009094733942,-1.6531458538979678],[102.4800759772246,-1.6531541789221933],[102.48006135874476,-1.6531626757168851],[102.48001127100343,-1.6531927058786096],[102.47999609944048,-1.6532013942289154],[102.47995033204222,-1.6532270168133323],[102.47993529267967,-1.6532356871771867],[102.47991294092952,-1.6532490358143264],[102.4798982487053,-1.653258268254433],[102.4798913967706,-1.6532627702605964],[102.4798711008707,-1.6532766728801107],[102.47984433524795,-1.6532956683603857],[102.47980860518305,-1.65332161829798],[102.47978740636376,-1.6533374886341221],[102.4797735469117,-1.6533484100010583],[102.47976093392003,-1.6533590166052932],[102.47974244385875,-1.6533754571116219],[102.47972443943138,-1.653392251051514],[102.47970696470469,-1.653409227553766],[102.47969546597301,-1.6534207011044373],[102.47968413271661,-1.6534323320364592],[102.47967316188698,-1.6534441086586185],[102.47966255977934,-1.6534560318703484],[102.47964702219235,-1.6534742395444937],[102.47963692820173,-1.6534865908334382],[102.47962694482771,-1.6534994556353126],[102.4796174111147,-1.6535126459917819],[102.47961267168751,-1.6535196966765966],[102.47960806715861,-1.6535268417902671],[102.4795991108104,-1.6535413109826891],[102.4795732283219,-1.6535842113422063],[102.47956507237024,-1.6535980060430688],[102.47956113693698,-1.6536049793862162],[102.47955409794332,-1.6536183568017009],[102.47954757336186,-1.6536319860272783],[102.4795415524008,-1.6536460721084723],[102.47951483624075,-1.6537141642772326],[102.4795094403085,-1.6537292216262358],[102.4795016081128,-1.6537525482414708],[102.47949964129549,-1.6537584046266147],[102.47949395308353,-1.6537742389899108],[102.4794761258226,-1.6538217312878487],[102.47945857915016,-1.6538702919803541],[102.47944984043784,-1.6538940098006378],[102.47944092006247,-1.6539176592725084],[102.47942403079446,-1.653961585758509],[102.47939899906464,-1.6540305466723453],[102.47938764512378,-1.6540602296958014],[102.47937202839643,-1.6540989032417315],[102.47936703176316,-1.6541112743158237],[102.47935226759313,-1.6541496330990526],[102.47934912536192,-1.6541572962221949],[102.4793457915751,-1.6541648568226606],[102.47934219068964,-1.6541722780281702],[102.47933792880241,-1.6541800823448511],[102.4793333503539,-1.6541877166897052],[102.47932853718231,-1.6541952278274721],[102.47932355134088,-1.6542026436370634],[102.4793132280231,-1.6542172594189424],[102.47930430944638,-1.6542291592482457],[102.47929964826022,-1.6542349409896815],[102.47929503204017,-1.6542402901571904],[102.47929024944551,-1.6542454927352424],[102.47928531846276,-1.6542505604149937],[102.47927906367789,-1.6542566110537109],[102.47927263172664,-1.6542624827273471],[102.4792660495886,-1.6542681889257551],[102.47925932445833,-1.6542737206556239],[102.47925244284602,-1.6542790500380988],[102.47924593085509,-1.6542837696802053],[102.47923928396585,-1.6542882842768449],[102.47923250667492,-1.6542925866335167],[102.47922559628432,-1.6542966488711954],[102.47921771282722,-1.6543008639936261],[102.47920967828406,-1.6543047517628224],[102.47920150704397,-1.6543083211720386],[102.47919320540217,-1.6543115335504126],[102.47918476346609,-1.6543143232473767],[102.4791774330921,-1.6543163206416125],[102.47917001098727,-1.6543180230582948],[102.47916252413125,-1.654319498845723],[102.4791474173195,-1.6543219800752809],[102.47913244990269,-1.654323999053247],[102.47911767134354,-1.654325589054622],[102.47910326960027,-1.6543265630204473],[102.47909626927748,-1.6543268040387034],[102.47908225424271,-1.6543269155546341],[102.47907362974428,-1.654326756374644],[102.47905640772711,-1.6543259586759973],[102.47904782189954,-1.654325305768225],[102.47903926485026,-1.6543244397210515],[102.47903074916979,-1.6543233020786943],[102.47902355729138,-1.6543220825980143],[102.47901639958724,-1.6543206580718675],[102.47900217770837,-1.6543173080972338],[102.47899445702865,-1.6543152387571922],[102.47897912718503,-1.6543106809930919],[102.47896398709838,-1.6543055728438389],[102.47895651732949,-1.6543027633617839],[102.47894914109003,-1.6542997308478675],[102.47894255085811,-1.6542967531925683],[102.47893604516241,-1.654293583981655],[102.47892323611853,-1.6542868003954823],[102.47891003497017,-1.6542791381716597],[102.47889643901948,-1.6542706539674441],[102.47888307419458,-1.6542618055378284],[102.47887000794458,-1.6542525470173928],[102.47886363714719,-1.654247705067462],[102.47885741293931,-1.6542426958436636],[102.47885130384464,-1.6542375346344897],[102.47884529007814,-1.6542322601106889],[102.47883347928172,-1.6542214439644454],[102.47882193018796,-1.6542103346391741],[102.47881078668854,-1.6541990688319288],[102.47879990129445,-1.6541875629056335],[102.4787945638181,-1.6541817191110226],[102.47878418384306,-1.6541697878054151],[102.47877919620299,-1.6541636616236133],[102.47877397204121,-1.6541568582523496],[102.47876396708347,-1.6541428971769392],[102.47875430117011,-1.6541286654055511],[102.4787345349709,-1.6540989032417315],[102.47872571621889,-1.6540856238524384],[102.47871596666857,-1.6540714325505519],[102.47870612089082,-1.6540576567354037],[102.47868120877081,-1.6540234447261355],[102.47867155364935,-1.6540095546971543],[102.47866660917674,-1.6540020561499205],[102.47865705927592,-1.6539868351242717],[102.47864787360055,-1.6539713892681789],[102.47864076895638,-1.6539587187198208],[102.47863908632485,-1.653955716782832],[102.47863489638343,-1.6539477721718754],[102.47863114621049,-1.6539402889131338],[102.47862397141921,-1.6539251524238239],[102.47860669544269,-1.653886956417864],[102.47859583702831,-1.6538638069690705],[102.47858432480683,-1.6538407609423302],[102.47857604025211,-1.6538253249786976],[102.47856273298379,-1.6538020478262183],[102.47854017618823,-1.6537640056043301],[102.47851395825262,-1.6537205125915193],[102.47850507924608,-1.6537061045530095],[102.47848680322346,-1.6536769800085835],[102.47847784777451,-1.6536623165625883],[102.47847350584766,-1.653654907048292],[102.47846541194929,-1.6536402975616511],[102.47845762022308,-1.653625510009249],[102.47843475226205,-1.6535808433811781],[102.47842672581282,-1.6535654487863667],[102.47839700771578,-1.6535099237439113],[102.47838443429424,-1.653486044944998],[102.47837279257038,-1.6534630636693919],[102.4783540776786,-1.6534255160746625],[102.47835203711691,-1.6534214205620401],[102.47834980679818,-1.6534169482335415],[102.47834623289242,-1.6534100000714034],[102.47833803197466,-1.6533940532928568],[102.47832591990533,-1.6533713669949179],[102.47829738531613,-1.6533185758914897],[102.47828202399626,-1.6532891509734782],[102.47827465135413,-1.6532744884268595],[102.47826742080491,-1.6532595911571661],[102.47824284143405,-1.6532065257604813],[102.47823582042685,-1.653191367687441],[102.47822474887312,-1.653168356734227],[102.47820877781288,-1.6531368480870015],[102.47816411837942,-1.6530505662306041],[102.47815219696639,-1.6530269068662164],[102.47814445740084,-1.6530108521690181],[102.47812946120575,-1.6529781474235392],[102.47810376937349,-1.6529206411746031],[102.47809550280527,-1.6529020342014746],[102.47807819715115,-1.6528630800670499],[102.47807021117137,-1.6528449272515218],[102.47804081683029,-1.6527781148180907],[102.47803385697699,-1.6527628713093918],[102.47802665430669,-1.6527477537057962],[102.47801542806963,-1.6527252967350137],[102.4779811216315,-1.6526582181022604],[102.47796965077885,-1.6526350695527867],[102.47793941467233,-1.6525731611224614],[102.47792789975284,-1.6525500359553575],[102.47791598643369,-1.6525268622248745],[102.47787983009016,-1.652457547877475],[102.47786335361093,-1.6524248836014408],[102.47784894737106,-1.6523963229319065],[102.47784100006214,-1.65238118554322],[102.47783278025867,-1.6523664708358865],[102.47782428885989,-1.6523521734140445],[102.47781558342251,-1.6523379956019539],[102.47777499072328,-1.6522735160099273],[102.47775691704817,-1.6522441369572789],[102.47773467411599,-1.6522064580615279],[102.47772126432494,-1.652183446209051],[102.47768979884518,-1.6521294473160992],[102.47768798311398,-1.6521263302659008],[102.47766858024085,-1.6520930319678087],[102.47765505803454,-1.6520705390241233],[102.4776460935924,-1.6520562730784718],[102.47763275664647,-1.6520359430043072],[102.47761920026596,-1.652015755023001],[102.47757424495552,-1.651949611685211],[102.47755571532406,-1.6519223487373438],[102.47755147142334,-1.6519161892806551],[102.47751052888788,-1.6518567638785271],[102.47748024241929,-1.65181583393354],[102.47744562301716,-1.651769047603409],[102.47736474878417,-1.6516771827557477],[102.47730215686909,-1.6516195047362885],[102.47729929072972,-1.6516168643267974],[102.47727225441105,-1.6515919504081467],[102.47724003260146,-1.6515695357054483],[102.4771571861553,-1.6515119053501053],[102.47714171062148,-1.6515053160174489],[102.47705515087455,-1.6514684591020341],[102.47697450057279,-1.6514474932071721],[102.47692530765687,-1.6514435748610481],[102.47690427071558,-1.6514418994240714],[102.47681725141507,-1.651439410100636],[102.47671902476327,-1.6514465471204289],[102.47664732541381,-1.6514593579629491],[102.47660959165938,-1.6514675345990213],[102.47658056693967,-1.6514738235580353],[102.47657015099173,-1.651476080856412],[102.47650540609965,-1.6514901111796121],[102.47630613432068,-1.6515195127153106],[102.47618298385765,-1.6515229481254892],[102.47609505084597,-1.651522639658026],[102.47603011259969,-1.6515208077390184],[102.4760080801089,-1.6515201872068133],[102.47591010436787,-1.6515081120097079],[102.47576325227232,-1.6514644966891296],[102.47569129481747,-1.6514338675788736],[102.47558724325671,-1.6513780061899865],[102.4755551959156,-1.651358768792079],[102.47553627777705,-1.6513474130526333],[102.4755061387973,-1.6513293222903371],[102.47541705375409,-1.6512686926959645],[102.4753196122104,-1.6512028713154336],[102.47523949340797,-1.6511377352182421],[102.47514801077216,-1.6510472328434957],[102.47512281266773,-1.6510114973826262],[102.47510498360816,-1.6509862111446978],[102.47506792614394,-1.6509336556636072],[102.47506049684449,-1.6509162546813627],[102.47503464493298,-1.6508557033279772],[102.47499791032538,-1.6507627673877323],[102.47498231068516,-1.6506830263005554],[102.47498051294036,-1.6506665372308476],[102.47497841392271,-1.6506417474186605],[102.47497772594136,-1.6506292918083432],[102.47497749931222,-1.6506251917991221],[102.47497721062985,-1.6506128998653935],[102.47497711710031,-1.6506088933856518],[102.47497714138206,-1.6506000116811492],[102.4749771818515,-1.6505844219335017],[102.47497750021154,-1.6505681028356207],[102.47497806588507,-1.6505509275831969],[102.47497942566002,-1.6505238876672479],[102.47498069820074,-1.6505058931323902],[102.4749815057919,-1.6504969143011294],[102.47498236284582,-1.6504888698653986],[102.47498439441432,-1.650472818765536],[102.4749867803157,-1.6504568252222498],[102.47498811221169,-1.6504488536316444],[102.47499114112833,-1.6504329949866587],[102.47499290379955,-1.6504251232208276],[102.47499497943483,-1.6504169142091882],[102.4749972439277,-1.6504087519622885],[102.47500214613223,-1.6503925129040908],[102.47500734061634,-1.6503763466910186],[102.47501539764255,-1.6503521666191432],[102.47502370557959,-1.6503280818754433],[102.47502950440816,-1.6503121413921917],[102.47503236784956,-1.6503046842137792],[102.47503843917269,-1.6502899308355836],[102.47504170011445,-1.6502826670114246],[102.47504516430297,-1.6502755048106792],[102.47504867795419,-1.6502688093580105],[102.47504908804501,-1.6502680899004076],[102.47505617830006,-1.6502556576724032],[102.47509314313413,-1.6501948742939589],[102.47509424120631,-1.6501930675559606],[102.47510292506001,-1.6501784104052604],[102.47511136429807,-1.650163620154899],[102.47511944021005,-1.6501483397740344],[102.47512700530712,-1.6501325090080172],[102.47513053514615,-1.6501244780621391],[102.47513386083909,-1.6501163598820767]]]},"properties":{"OBJECTID":287,"nama_kawasan":"Kawasan Swasembada Pangan, Air, dan Energi Bukit Barisan Tengah Jambi (Kab. Kerinci, Kab. Merangin, Kota Sungaipenuh) ","delineasi_asal":"Kerinci,Merangin,Kota Sungai Penuh","Shape_Length":5.8840124702119727,"Shape_Area":0.92273896613777029}}]}