{"type":"FeatureCollection","features":[{"type":"Feature","id":422,"geometry":{"type":"MultiPolygon","coordinates":[[[[124.28334750808108,-8.4705547339137865],[124.28329079233629,-8.4705446327285472],[124.2828234173669,-8.4704292110392316],[124.2817942449085,-8.4701543665307213],[124.28155017879783,-8.4701602669827025],[124.28146325932198,-8.4701623677989915],[124.28037068196147,-8.4702664607285101],[124.27924544662017,-8.4704810389687282],[124.27895629119996,-8.4706996803459447],[124.27874175972454,-8.4708040385754657],[124.27828533759828,-8.4709731327038753],[124.27815482258711,-8.471058242743652],[124.27768779115866,-8.4713831480138424],[124.27717221342698,-8.4716515551750717],[124.27651299507875,-8.4718742740784592],[124.2760686661361,-8.4721919290142864],[124.27524361909775,-8.4726941482163056],[124.27489041576018,-8.4728971647722915],[124.27419052557241,-8.4732923682481669],[124.27364613895816,-8.4734879141358874],[124.27355396294513,-8.4735210235763248],[124.27310911869097,-8.4736836641696982],[124.27283035313837,-8.4737029780099533],[124.27278458843807,-8.473706149019506],[124.27255226027864,-8.4737222576760018],[124.27230068213089,-8.4736385388874282],[124.27214771284673,-8.473645569787152],[124.271854057219,-8.4736242261770371],[124.27108555595373,-8.4734962418580153],[124.27106313495574,-8.4734925078728907],[124.27092447838208,-8.4735598050409067],[124.27085241660575,-8.4736633358941731],[124.27085396343978,-8.4737757421567039],[124.27093005687664,-8.4739143052009922],[124.27112310444772,-8.4742120230663431],[124.27110490037091,-8.4746125856023014],[124.27119127575679,-8.4750729917251419],[124.27116438512837,-8.4752808978950611],[124.27096344780489,-8.4758220541444302],[124.27070968070723,-8.4759785550662059],[124.2705499008573,-8.4760091643913711],[124.27041640099617,-8.4761197108559259],[124.27015071338474,-8.4764051961428208],[124.26966955720434,-8.477059053632388],[124.269713119465,-8.4774247269695024],[124.2697015263044,-8.4775889755507592],[124.26962099381387,-8.4777308993614611],[124.26947007228603,-8.4779883977462873],[124.26935938462793,-8.4788022113528996],[124.26939355616776,-8.4791918830989061],[124.26958924504765,-8.4804250083074635],[124.26965525978244,-8.4806070229956845],[124.26976416588366,-8.4806496013979427],[124.26986272888189,-8.4805994605965793],[124.27016952540339,-8.4804447583188676],[124.27039980670577,-8.4805564136475482],[124.27051919710334,-8.4806731636355721],[124.27059000972122,-8.4808049925563296],[124.27139919721526,-8.4819015233366031],[124.27159358837343,-8.4821361636529673],[124.27211024439237,-8.4830541960942014],[124.27235149382648,-8.4837153830584384],[124.27261949359479,-8.4847868506325881],[124.27260183810438,-8.4857104768569798],[124.27256513497309,-8.4862128048769705],[124.27260502620106,-8.4866961329201445],[124.27260202606271,-8.4868603985884761],[124.27263038528406,-8.4869863360505065],[124.27274630699651,-8.4871865080508542],[124.27291594791268,-8.4873456170065538],[124.27320305737521,-8.4875559927148174],[124.27324938505114,-8.4879053361622709],[124.27338515030453,-8.4880595078399779],[124.27382588465696,-8.4883994605665976],[124.27465358829249,-8.4887938825315814],[124.27541061960449,-8.4890987113363963],[124.27561519738356,-8.4893040859147959],[124.27604243201267,-8.4897003991540601],[124.27624961872493,-8.4897945860512323],[124.27642488490062,-8.4898975548282465],[124.27647405623281,-8.4900187420712427],[124.27672274485883,-8.4906055083374667],[124.27712385418261,-8.4912213361956788],[124.27723391591257,-8.4912032112591191],[124.27743004096374,-8.4910610860002862],[124.27767821337886,-8.4908559137693373],[124.27805849440404,-8.490583022588396],[124.27817441611649,-8.4904593828941302],[124.27827913497413,-8.4904539923578],[124.27835599463356,-8.4905168522708436],[124.27846600959867,-8.4906898053901614],[124.27866247909014,-8.4906558209093532],[124.27884918194422,-8.4905504608350384],[124.27892379239915,-8.4904113833786141],[124.27919097828112,-8.4899183984152842],[124.279485151019,-8.4895465386417754],[124.28021049381925,-8.4887275710205472],[124.28050591571548,-8.4881803830182321],[124.28068807339594,-8.4876631325474818],[124.28069326518209,-8.4876370647986619],[124.28079593178688,-8.4871216327571233],[124.28088385400667,-8.4856050079646934],[124.28107739980226,-8.4850993362653071],[124.28112661969783,-8.4850096549715772],[124.28131138541221,-8.4846730081527539],[124.28163222844466,-8.484201804769441],[124.28191104525854,-8.4839186298408436],[124.28192404226081,-8.4839054295918572],[124.28222860306767,-8.4837040713857164],[124.2827155724658,-8.4834893195763925],[124.28318427483453,-8.4832527583080832],[124.28355844676491,-8.4829813833840717],[124.28374438519529,-8.4828411952648821],[124.28401336972127,-8.4827567741057806],[124.28504863508647,-8.482625413731796],[124.28552808885024,-8.4826666953117069],[124.28620938465542,-8.4828046477162502],[124.28681843162542,-8.4829074303335688],[124.28722721306553,-8.4828641477621431],[124.28753710415413,-8.4828131022428011],[124.2876771816567,-8.4828281721823373],[124.28781347840936,-8.4828428356283325],[124.28805721267031,-8.4829669609564462],[124.28805923614493,-8.482968505991721],[124.28861400992866,-8.483392210781858],[124.28915768158186,-8.4839140082248718],[124.28937015091185,-8.4840162269672419],[124.28967597886344,-8.4840318508891528],[124.28984704070842,-8.483939929384178],[124.29032408788646,-8.4836575071881839],[124.29061672907881,-8.48356797608119],[124.29157658808913,-8.4834552415661051],[124.2917288999688,-8.4836139143505989],[124.29181293172144,-8.4835852421651339],[124.29185472861286,-8.4834984297087317],[124.2919780571417,-8.4832547727895076],[124.29220318173157,-8.4830223358121088],[124.29239710434297,-8.4827563361359353],[124.29254533779715,-8.4823580857570278],[124.2927882293933,-8.4813313828370269],[124.29305310401764,-8.4805900545873101],[124.29302486890265,-8.4802436483256542],[124.29298374380483,-8.4798169919605471],[124.29298358912138,-8.4792377269395161],[124.29308165029795,-8.4787062896634779],[124.2931848070333,-8.4782469150630391],[124.29342165068874,-8.4773858978408612],[124.29336922920663,-8.4772536480373901],[124.29321415101231,-8.4771144302866901],[124.29279079066248,-8.4768083199479634],[124.29264657268129,-8.4765225702603857],[124.29219469842667,-8.4753290538926649],[124.29200300973116,-8.4750340537785291],[124.29169044675677,-8.474660914269748],[124.29158105682041,-8.4745214447088415],[124.2912390419483,-8.4741969297444371],[124.2909141672551,-8.4735604921229424],[124.29086580711135,-8.4733091334097139],[124.29083193234783,-8.4730880863460811],[124.29070752643122,-8.4729543670503631],[124.29053213524992,-8.4727670076912318],[124.29042285413152,-8.4725246017289351],[124.29040596306481,-8.4723323212795663],[124.29040008779384,-8.4722651949826968],[124.29056180658222,-8.4720678513502321],[124.29043544823742,-8.4717979917838306],[124.29038615100012,-8.4715053200144439],[124.29025177609867,-8.4713464143055148],[124.29005529131871,-8.471228398971391],[124.28970138471118,-8.4711549612324006],[124.28898974398157,-8.4710026007893475],[124.28882255731526,-8.4709307737361996],[124.28868689998046,-8.4709678518848364],[124.28824175984937,-8.4710711803905951],[124.28731864983592,-8.471114273205103],[124.28720119837669,-8.4710476487299502],[124.28698830726466,-8.4709291801374889],[124.28660308806218,-8.470836819763349],[124.28593513459884,-8.4707601480623111],[124.28555833844666,-8.4707675863549525],[124.28490955673067,-8.4707263047750985],[124.28432915136932,-8.4706064152538261],[124.28405857234532,-8.4705505232879545],[124.28341257223246,-8.470566320779028],[124.28334750808108,-8.4705547339137865]]],[[[123.9369526651335,-8.4635731790589261],[123.93701243137866,-8.4633419921391919],[123.93706764885303,-8.4628452417144899],[123.93708060268773,-8.4623558513414423],[123.93700302536934,-8.461950616827437],[123.93696272674845,-8.4618892111181481],[123.93696091461459,-8.4618741168969223],[123.93682208716962,-8.4618660391863045],[123.93668332087861,-8.4619363355933501],[123.93664707190487,-8.4619872255299811],[123.93683491419995,-8.46223107130686],[123.93690622684096,-8.4623920535503885],[123.93690925935493,-8.4626636011442429],[123.93684319605677,-8.4628679450995605],[123.93663372686501,-8.4634084916085612],[123.93665950862953,-8.4635341475827772],[123.93675730630468,-8.4636206021090743],[123.93685149320186,-8.4636411803961096],[123.9369526651335,-8.4635731790589261]]],[[[123.94836408703304,-8.4541534614130569],[123.94857097786837,-8.4540044761256468],[123.94857418125355,-8.4539233509818246],[123.94848369596582,-8.4538048356246236],[123.94838083690615,-8.4537476009709849],[123.94824799175149,-8.453784008225341],[123.94816574335448,-8.453856725607352],[123.94814858698771,-8.4539602105951985],[123.94829632131825,-8.4541657101793248],[123.94832944694645,-8.454170788650913],[123.94836408703304,-8.4541534614130569]]],[[[123.9307885310659,-8.4514835900955632],[123.93080468019195,-8.4514753523056356],[123.93080732419867,-8.4514682899296076],[123.93084044622969,-8.4513798209219431],[123.93077630478274,-8.4513454758130138],[123.93073169481193,-8.4513617436494997],[123.93069635235486,-8.4513746318337439],[123.93062161779346,-8.4514706632404568],[123.93066048739161,-8.4515460210320157],[123.93066166460414,-8.4515483053099842],[123.9307885310659,-8.4514835900955632]]],[[[123.87677957112032,-8.4447000389755544],[123.87653241493911,-8.4448300845407402],[123.87647630623655,-8.444884600543844],[123.87653243112686,-8.4449738348745313],[123.87665975804146,-8.4449943816853192],[123.87675858723912,-8.4450323348743268],[123.87685853968992,-8.4450679300408638],[123.8770779931549,-8.4450509598339067],[123.87714116513268,-8.4450560230170026],[123.87720375884646,-8.4451168981262867],[123.87729285288287,-8.4450826483454762],[123.87734618088166,-8.444976131743033],[123.8772734302247,-8.4447987107918152],[123.87723500938819,-8.444743695664954],[123.87723646179336,-8.4447204922568631],[123.87709590045552,-8.4447304135777017],[123.87677957112032,-8.4447000389755544]]],[[[123.9144673683744,-8.4420319132421469],[123.91450399236544,-8.4417859297768132],[123.9144492749142,-8.4417375696330623],[123.91425646206608,-8.4419976014081044],[123.91421407072289,-8.442081491967258],[123.91424002425777,-8.4421387733856363],[123.9143557903875,-8.4421408355310632],[123.9144673683744,-8.4420319132421469]]],[[[123.92270010322727,-8.4294111019407296],[123.92279133675083,-8.4292033828298258],[123.92280546240227,-8.429034273412924],[123.92273680635856,-8.4289042881023875],[123.92263322784129,-8.4288428212391864],[123.92249535187909,-8.4288383830848375],[123.92244441517767,-8.4288780234020351],[123.92244049323426,-8.4290884296872264],[123.92247768110019,-8.4293456951476742],[123.92258571216098,-8.4294044289711678],[123.922635134404,-8.4294228983480366],[123.92270010322727,-8.4294111019407296]]],[[[123.97866432240062,-8.4269523815470961],[123.97867167975426,-8.4268687418988861],[123.97859060227449,-8.4268002729141926],[123.9785110401524,-8.4267091329201094],[123.97839774266174,-8.4265679609425774],[123.97825685217208,-8.4264595701529856],[123.97815182124964,-8.4264104302970964],[123.97812013363728,-8.4264537893108695],[123.97817843128962,-8.4265581952045068],[123.97858044712996,-8.427038476344535],[123.97866432240062,-8.4269523815470961]]],[[[123.89305383686519,-8.4303344610664794],[123.89299472712503,-8.4301455233971296],[123.8928836176849,-8.4299619133116153],[123.89284472740235,-8.4296492100429532],[123.89285857066659,-8.4293422570394796],[123.8928389771371,-8.4292448667571307],[123.89282685157798,-8.429184601388215],[123.89271888257042,-8.4289763507779298],[123.89252000829185,-8.428727506569146],[123.89237285222544,-8.4285650233571232],[123.89218852358158,-8.4282381638601009],[123.8916019299852,-8.4270281170539079],[123.89151677407995,-8.4267837568648361],[123.89149902416068,-8.4267328039756535],[123.89147928943771,-8.4266693361209377],[123.89128761782933,-8.4265565710288683],[123.89089211757721,-8.4264821952970124],[123.89062288393905,-8.4264308979675207],[123.89011393061344,-8.4262781328295091],[123.88985944585681,-8.4262072410712676],[123.88945421224219,-8.4260264611522189],[123.88830914864832,-8.4256587409580561],[123.88780939988396,-8.4254793819678753],[123.8873898517603,-8.4253399771581599],[123.88692786822662,-8.4252016479376834],[123.88656050866064,-8.4250291948414429],[123.88633438312536,-8.4249420226561824],[123.88541663397052,-8.4247549915495483],[123.88509583680354,-8.4247150382683458],[123.88493791405358,-8.4247614288967725],[123.88447646201917,-8.4248970070911469],[123.88436744710009,-8.4249767418830857],[123.88406357067731,-8.4256123197527018],[123.88398944675566,-8.4257711022545436],[123.88369385218959,-8.4260348833032026],[123.88328489987828,-8.4263735697843458],[123.88271704005945,-8.4265742885725103],[123.88254132242412,-8.4266598347834929],[123.8818453047171,-8.4273518828830447],[123.88158343113048,-8.4276122572998133],[123.88129964915959,-8.4278775231291547],[123.88113422786239,-8.4279873978001092],[123.88046613410484,-8.4284311008145778],[123.87968885275836,-8.4286713978666512],[123.87898316464145,-8.4293101332560241],[123.87871916505753,-8.4295836476671866],[123.87856458688623,-8.4297349756885183],[123.87836099296555,-8.429845616581872],[123.87746557127912,-8.4300458506354516],[123.8771602901154,-8.4301754600294316],[123.87680174300613,-8.43036163228345],[123.87660243075766,-8.4304033976986261],[123.87592413419145,-8.4302518043772352],[123.87535242977083,-8.4299814600762488],[123.8751100867612,-8.4299014608836842],[123.8749999926556,-8.4298970029443012],[123.87499986764988,-8.429896997548326],[123.87499974264404,-8.4298969912530879],[123.87499949263258,-8.4298969759645956],[123.87493269638685,-8.429894272602553],[123.87482286758132,-8.429935242117665],[123.87477341476131,-8.4299931953296436],[123.8749994890353,-8.430347137010699],[123.87499974264404,-8.4303475390076983],[123.87499999715226,-8.4303479419039604],[123.87500927545773,-8.4303624758475166],[123.87505368128245,-8.4304688359679858],[123.87503074317431,-8.4305498361060245],[123.87499999805152,-8.4305826047033747],[123.87499974174477,-8.4305828816945905],[123.87499948993457,-8.4305831523905113],[123.8747917753202,-8.430804632028071],[123.87458405530992,-8.4309374133309234],[123.87381096210629,-8.4308591165549274],[123.87357746123087,-8.4308471789540818],[123.87332352416138,-8.4309007101995803],[123.8731639619474,-8.4309948521306524],[123.87311144603643,-8.431059990925803],[123.87331860217182,-8.4313541789521764],[123.87347296180781,-8.4315161954160658],[123.87374539883115,-8.4316571173820307],[123.87383724299445,-8.4316990698561654],[123.87373936797746,-8.4321033672765111],[123.87380238437265,-8.4323683363296027],[123.8738603366852,-8.4324908671597427],[123.87434982058778,-8.4326703043909674],[123.87446735208664,-8.4327355070379895],[123.87467930610512,-8.4329823979192611],[123.87494561784604,-8.4334720859679351],[123.87499099313993,-8.4336544450965221],[123.87499948004199,-8.4337639573407159],[123.87499948363927,-8.4337640139979726],[123.87499948813593,-8.4337640706552861],[123.87499974444268,-8.4337674143346817],[123.8749999989509,-8.4337707409268887],[123.87500403960485,-8.4338226021313289],[123.87500678433571,-8.4338742151228985],[123.87500688236184,-8.4338760542364639],[123.87500832127705,-8.433903132823275],[123.8749999926556,-8.4339124767793123],[123.8749997408454,-8.4339127717569795],[123.87499948633729,-8.4339130622379912],[123.87499743588307,-8.4339153609051323],[123.87477377359085,-8.4341662106020863],[123.87468175945571,-8.4343126481101649],[123.87469039924258,-8.4344088036233416],[123.87480125867125,-8.4345310700527989],[123.87499948633729,-8.4346205418045201],[123.87499974444268,-8.4346206623136482],[123.87499999175623,-8.4346207747288986],[123.87505307064271,-8.4346447263729942],[123.87560299258405,-8.4350134304254425],[123.87558536767062,-8.4351342570402608],[123.87604744563316,-8.4354883039420088],[123.8761751340752,-8.4356091638317707],[123.87628382074183,-8.4357739915764114],[123.87636369582799,-8.435979132331056],[123.87642194671548,-8.4364288041459758],[123.87643957072964,-8.4366659140006846],[123.87624649258169,-8.4372399908328362],[123.87620307061525,-8.4373661630179413],[123.87624419571307,-8.4375369289860487],[123.8763202576738,-8.4378165390020285],[123.87629836817518,-8.4378900378948742],[123.8761420237355,-8.4379283202357556],[123.87606410197679,-8.4379493346939967],[123.87600964892624,-8.4380618353853265],[123.87604621176331,-8.4382371168493933],[123.87604203890908,-8.4385330378693766],[123.87611583727619,-8.4388534141536979],[123.87614468123206,-8.4390266640492655],[123.87593543057574,-8.4392660231084164],[123.87590696073767,-8.4395054604086113],[123.87591902514293,-8.4396323196757521],[123.87634461761013,-8.4397491317170079],[123.87640332085664,-8.4398162733023128],[123.87668172757969,-8.4400963347779907],[123.87675072716434,-8.4403426482945179],[123.87681666545677,-8.4405829453465913],[123.87688082129296,-8.4406782725841936],[123.8769837738821,-8.4407227728376597],[123.87726400892689,-8.4405179450470769],[123.87735566513186,-8.4404743980749686],[123.87735529011456,-8.4406720393830597],[123.87733113432444,-8.4407962582406526],[123.87762946193016,-8.4409500072370065],[123.87744852462981,-8.4411506172071995],[123.87739043112356,-8.4412233345891536],[123.87750864970451,-8.4413108350269681],[123.8776879934062,-8.4413356482215249],[123.87778063436883,-8.4413033202919792],[123.87783836814629,-8.4411313348431918],[123.87787219614495,-8.4410217416599949],[123.87792144571824,-8.4410046635343292],[123.87838461815568,-8.4415274601241208],[123.87878288382308,-8.4418786022156951],[123.87895724258271,-8.4418855233981276],[123.87905233689594,-8.441869413842312],[123.87907591532132,-8.4420719285765813],[123.87909980581151,-8.4421872729242864],[123.87920905635292,-8.4422925547575574],[123.87934789908638,-8.4423361952591449],[123.87948741541197,-8.4423422414012634],[123.87952783723995,-8.4423967879813517],[123.87953291481222,-8.4425321953045227],[123.87947172673887,-8.4426452256965376],[123.87966558729704,-8.442878148307841],[123.87980224287924,-8.4429682891551465],[123.8799073061773,-8.4429915699049616],[123.88000710304539,-8.4427824910191021],[123.88005366544439,-8.4427536326739414],[123.88017344704701,-8.4429808976502727],[123.88026286843672,-8.4431022728515472],[123.88054225811879,-8.4432825077814755],[123.88070733677421,-8.44334435056129],[123.88080847722949,-8.4433307887848059],[123.88091900930488,-8.4432216155850597],[123.88103791496792,-8.4429537893857969],[123.88102667973749,-8.4428475389826758],[123.88100549260946,-8.4427253669820743],[123.8809267119982,-8.4423043052993876],[123.88093182104672,-8.4421357417710396],[123.88060383739719,-8.4416866005561246],[123.8804431177557,-8.4414544918312799],[123.88052046214966,-8.4414148668026314],[123.8807380549174,-8.4414883818832891],[123.88092280534329,-8.4415594598011694],[123.88113761830652,-8.4415616478516995],[123.88116499277021,-8.4415710538610256],[123.88158239870882,-8.4417146477127858],[123.88184985258874,-8.4418373035486525],[123.88241752444924,-8.4416933041026709],[123.88267313425786,-8.4416073199218431],[123.88279169637974,-8.441528366640739],[123.8828792750586,-8.4413278672872138],[123.88292813342673,-8.4410839450679873],[123.88292607128119,-8.4408740540942517],[123.88287866531823,-8.4407158363667349],[123.88262399260327,-8.4406113360442987],[123.88237705495715,-8.4405453204101377],[123.8821588209729,-8.4403965536579904],[123.8821532433775,-8.4403019144018003],[123.88210749306643,-8.4401515702387542],[123.88220736817561,-8.4399724450722147],[123.88233294590884,-8.4397589918839344],[123.88239413308281,-8.4396439613996677],[123.88248786762108,-8.4395806320404745],[123.8827533214087,-8.4393385849077163],[123.88288688422244,-8.4392394760209299],[123.88331071221967,-8.4390356006124421],[123.88359507065604,-8.4389621952490756],[123.88381413381524,-8.4389085228100384],[123.88389622662964,-8.4388260226028251],[123.88393254035452,-8.4385684756545629],[123.88399427431636,-8.4383693819413566],[123.88409608746451,-8.4382573668839314],[123.88428118143145,-8.4382337273046346],[123.88434774295399,-8.4383044293059015],[123.88440118067001,-8.438358117033431],[123.88452552363412,-8.438360584773136],[123.8846248051907,-8.4383050696231976],[123.88450947793012,-8.4380736803560126],[123.88446810192147,-8.43765025705369],[123.88429289869839,-8.437486851137237],[123.88417593107442,-8.4373739916163686],[123.88414821217032,-8.4372807885774819],[123.88419011787971,-8.4372009611553835],[123.88431411820204,-8.4371559141141006],[123.88449638380109,-8.4372133978799866],[123.88460946185728,-8.4372580393269914],[123.88480880468262,-8.4371101323267226],[123.8851031635802,-8.4369219446919601],[123.88517879026904,-8.4368654600728519],[123.88516136770306,-8.4367606953497898],[123.88506460334884,-8.4366405540183109],[123.88493240031005,-8.4366894609498218],[123.88481133717357,-8.4367470076682025],[123.88473254037456,-8.4367276011977879],[123.88462421163808,-8.4366064139547916],[123.88455296105042,-8.4362684451326118],[123.88457888310904,-8.4360762582127222],[123.88477807125105,-8.4356229918075769],[123.88489555598517,-8.4354701169522741],[123.88502013277298,-8.4354008511683105],[123.88528172667043,-8.4354571172520991],[123.88542322690046,-8.435477257569346],[123.8857768843958,-8.4355287419578531],[123.88592941481068,-8.4355558816985194],[123.88606728897423,-8.4355934760580453],[123.88616954009228,-8.4355565543914395],[123.88628760219115,-8.4354349291785979],[123.88633279042597,-8.4353268819299956],[123.8862693990136,-8.4352003203384811],[123.886404555426,-8.4352190226397283],[123.88662605484865,-8.4349253993876232],[123.88666250886774,-8.4346859450002967],[123.88686643104097,-8.4346714290431919],[123.88696500932781,-8.4346671167939462],[123.88705463306496,-8.4345961171170529],[123.88696546168671,-8.4344562725389096],[123.88689068125996,-8.4343560538887346],[123.88696922804752,-8.4342451476953784],[123.8870365710809,-8.4341670388777175],[123.88718354008836,-8.4339534462944812],[123.88725583658766,-8.4338153041329065],[123.88731339859453,-8.4336771008174765],[123.88771546209898,-8.4333660073353371],[123.8878714459106,-8.4332813505538411],[123.88815466490587,-8.4332445700807739],[123.88871710271223,-8.4334236170062695],[123.88887465044479,-8.4334692728886012],[123.88932794562822,-8.4329831020884285],[123.88959771166515,-8.4328741636117002],[123.88987577394789,-8.4327221952730724],[123.8906451799312,-8.4324222731693226],[123.89075102384072,-8.4323635699227566],[123.89094916517195,-8.4321440544045458],[123.89184836760819,-8.4313320070664304],[123.89204697838545,-8.4312022259019841],[123.89234004046057,-8.4309686791611398],[123.89249880497596,-8.4307603817861718],[123.89270179005564,-8.4305876166251323],[123.89299914999083,-8.4304180233730222],[123.89305383686519,-8.4303344610664794]]],[[[123.80113005480825,-8.4019119597691088],[123.80122692977909,-8.4018499137424669],[123.80128186846355,-8.4017590228605741],[123.80114224331999,-8.4015219291936205],[123.80110275768618,-8.4014833986398685],[123.8010321339259,-8.4014355070429474],[123.80088835211586,-8.4013712262010927],[123.80049360279759,-8.401199914344545],[123.80030066494385,-8.4011726477993989],[123.80017057081523,-8.4011992893156844],[123.80005096188245,-8.4013141480294848],[123.80036094560126,-8.4017141170128298],[123.80049625939489,-8.401819726199335],[123.80077533701228,-8.4019482725946659],[123.80095713406456,-8.4019536010777642],[123.80113005480825,-8.4019119597691088]]],[[[124.76723152471516,-8.4015517255316468],[124.76729224424173,-8.4011410231396439],[124.76726479063768,-8.4010740083587621],[124.76713893141664,-8.4010678201237283],[124.76707241575946,-8.4011181317962951],[124.76705654092666,-8.4011618820151739],[124.76703208746096,-8.4012733053187389],[124.76700746222468,-8.4014908666101746],[124.7670476969937,-8.4015615227460216],[124.76713754016544,-8.4015972258312672],[124.76723152471516,-8.4015517255316468]]],[[[124.73351735314338,-8.4011115847317797],[124.73360797782595,-8.401073585677409],[124.73363297807953,-8.401044273174648],[124.7336579783331,-8.4009135540172792],[124.73362624395611,-8.4007112263419685],[124.7335172749024,-8.4006007581184576],[124.7334263840205,-8.4006086640585522],[124.73331290037015,-8.4006925069535896],[124.73327343182348,-8.4008952887865007],[124.73341510292471,-8.4010808980649472],[124.73350027501772,-8.4011121791836558],[124.73351735314338,-8.4011115847317797]]],[[[124.73096624359732,-8.3993156790753005],[124.73105336901779,-8.3992119755521912],[124.73105382227618,-8.3991323513768634],[124.73094566620955,-8.399082617069098],[124.73073586876535,-8.3990592580782391],[124.73060307217406,-8.3991008975883119],[124.73050554069823,-8.3992086480606076],[124.73054052522514,-8.399258070303631],[124.7307031496307,-8.3992796333483284],[124.73080408773853,-8.3992895079044274],[124.73092347813611,-8.399352413682891],[124.73096624359732,-8.3993156790753005]]],[[[124.82377796318247,-8.3880801951448234],[124.82382327462449,-8.3878763197363355],[124.82382835309613,-8.3877832417031755],[124.82380519735204,-8.3877536486119197],[124.82373108692013,-8.3877779446963245],[124.82367354110113,-8.3878261006939283],[124.8235831817185,-8.3879610070947592],[124.82357965008089,-8.3881193669151912],[124.82370508841916,-8.3881565385933072],[124.82377796318247,-8.3880801951448234]]],[[[124.86252933825847,-8.3773252567551708],[124.86296296257069,-8.3768500702744859],[124.86305730594995,-8.3766599607885155],[124.86285932200019,-8.3766519918958693],[124.86277610413401,-8.3766973204249666],[124.86269476045493,-8.3767778196406084],[124.86260244684547,-8.3769289758914738],[124.86237224378408,-8.3771849921935768],[124.8623363527405,-8.3773047567091226],[124.8623676041816,-8.3773589291711801],[124.86252933825847,-8.3773252567551708]]],[[[123.83034980509944,-8.3682807263743939],[123.82993985184271,-8.3680743040858374],[123.82966964873538,-8.3679997880597057],[123.82942007067982,-8.3679966961905166],[123.82900768026025,-8.3679041010933588],[123.82866435237804,-8.3677681802572579],[123.82834807070697,-8.3676624595548219],[123.82739029002994,-8.367388991908399],[123.82722006545373,-8.3673454098627076],[123.82694294566045,-8.36727445964857],[123.8266685867859,-8.3671809922090006],[123.82644741381716,-8.3671387735355438],[123.82609075618348,-8.3670976367465073],[123.82587952521999,-8.3670732732129522],[123.82562780497926,-8.3670063357737376],[123.82496369521846,-8.3668504293038382],[123.82431524265439,-8.3666933977820577],[123.82348958677505,-8.366423288204146],[123.82273747745273,-8.3662579298595006],[123.82218752403503,-8.3661297270052728],[123.82124497697419,-8.3658914138576392],[123.82081605521682,-8.3658283668855802],[123.82034894644676,-8.3658054458645665],[123.82022262497424,-8.365805051062182],[123.81957861775902,-8.3658030392787737],[123.81889141520674,-8.3658745084018165],[123.81784461783491,-8.3659529607604668],[123.8158284457262,-8.3662384289602869],[123.81560388411208,-8.3662705698308741],[123.81540700812695,-8.3662801332215508],[123.81511185243016,-8.3663214291905774],[123.81484953997438,-8.3664342734229535],[123.81471779019398,-8.3666107572805686],[123.81454289903559,-8.3667893347599716],[123.81423089903683,-8.3672070077971057],[123.81415560239918,-8.3674083354263189],[123.81417574271643,-8.3675289758814984],[123.81431702441125,-8.3681083506198206],[123.81421807110712,-8.3682103832025518],[123.81408852466575,-8.3682747890502469],[123.8139571813789,-8.3683957730464158],[123.81379511815021,-8.368531022988293],[123.81346372696953,-8.3687500240943109],[123.81336708672177,-8.3688366324046228],[123.81323030613373,-8.3688553356051898],[123.81276971205261,-8.3688568833384238],[123.81252885202491,-8.3688236479929401],[123.81226855584919,-8.3687788356746751],[123.81195766381518,-8.3688521636963742],[123.81197352515812,-8.3690248982803723],[123.81190296165244,-8.3690688976114984],[123.81148955589833,-8.3692482260247516],[123.81126932092252,-8.3695132733188871],[123.81118547802748,-8.3698168511667177],[123.81111775907743,-8.370337522658474],[123.8110177265869,-8.37040621107775],[123.81065644643786,-8.3704877571042857],[123.81002833743787,-8.3706461789779496],[123.80995071245547,-8.3708113979276391],[123.80988521213294,-8.3708508979505609],[123.80965728975218,-8.3708780233021116],[123.80955750907185,-8.370910303567598],[123.80944769645407,-8.3710324755682564],[123.80928030564166,-8.3712282417898791],[123.80900382076982,-8.3713785850536055],[123.80888280529734,-8.3715184916849807],[123.8087172742828,-8.3717531014244173],[123.80850152422602,-8.3718994606915089],[123.80797472745178,-8.3721999142945833],[123.80788693113698,-8.3723908511568084],[123.80781313366924,-8.3725429597897119],[123.80736175943775,-8.3732167255713534],[123.8073814617851,-8.3733212582694136],[123.80738983717129,-8.3735241480209766],[123.80743700841128,-8.3737494596697957],[123.80766722676117,-8.3741403356079331],[123.80782672692192,-8.3743745550416406],[123.80782596159895,-8.3746070540722144],[123.80784388598659,-8.3749999921558924],[123.80784389857718,-8.3750002565565751],[123.80784391206691,-8.375000523655217],[123.80784411171646,-8.3750049177427286],[123.80790877387085,-8.3764227583035904],[123.80801072821259,-8.3771093673034329],[123.8080957744005,-8.3775685854218409],[123.80819189933675,-8.3782239142022377],[123.80823603896204,-8.378463320925448],[123.80825927384649,-8.3787589766454289],[123.8083180553341,-8.3791355227861004],[123.8084513582437,-8.3800152629939362],[123.80855252028266,-8.3806828846073813],[123.80865200778396,-8.3813394607474834],[123.80874116477298,-8.3815896476440912],[123.80892559324161,-8.3821186288715808],[123.80931210207189,-8.3832272258557623],[123.80931911768323,-8.3832473517838366],[123.80921174312755,-8.383364429125038],[123.80920267975989,-8.3833743045804567],[123.80909939172363,-8.3834954081864907],[123.80903055581553,-8.383576116944198],[123.80902449168696,-8.3836224760963205],[123.80901591485269,-8.3836880393714637],[123.8090914462133,-8.3840750230438061],[123.80912927439658,-8.3841592256677018],[123.80915457142635,-8.384228131722864],[123.80926588321404,-8.3846354913347909],[123.80942608664463,-8.3852199301555856],[123.80950260186364,-8.3855032417811231],[123.80950288335146,-8.385604663724223],[123.80950489963152,-8.3856061332164131],[123.80952045520496,-8.3857939674176123],[123.80954452376079,-8.3860846166116971],[123.80951539921637,-8.3868435391979119],[123.80947833635616,-8.3871068202235506],[123.8093791177522,-8.3873064598251972],[123.80930064920562,-8.3873728360874793],[123.80904757008932,-8.387314507858207],[123.80881664936896,-8.3872793668492704],[123.80857375867208,-8.3872475704189924],[123.80839933606057,-8.3872239758057958],[123.80825519632026,-8.3872424919474042],[123.80821427356989,-8.3872969917626961],[123.8083032749762,-8.3874762886997019],[123.80865702420238,-8.3876691788894391],[123.80873857112817,-8.387728773364131],[123.80884374324421,-8.3882082406177574],[123.80890983621998,-8.3885831167174274],[123.80906688392963,-8.3890989768362374],[123.80923122783895,-8.3896814137661977],[123.80932574298868,-8.3908982891247206],[123.80930506487687,-8.3912744611474182],[123.80930061862875,-8.3913553425749683],[123.80929175760855,-8.3915165388571609],[123.80929403918867,-8.3921648511269495],[123.80931014874443,-8.3924058523481335],[123.80936618010514,-8.3929493522308007],[123.80942052074045,-8.3931720189734733],[123.80947747660434,-8.3934053975410166],[123.80957711699045,-8.3937278197830096],[123.80970276846801,-8.3940370147963677],[123.80982546117616,-8.3943389297976978],[123.81036111627259,-8.3952317605372855],[123.81036408583395,-8.3952367113051309],[123.8105075708678,-8.3955031021863533],[123.81055002426422,-8.3957135858132688],[123.81068311313527,-8.3960428995601433],[123.81072469508865,-8.3961457891967939],[123.81092249287883,-8.3965445072232114],[123.8109976177459,-8.3968546789002403],[123.81103885166169,-8.3975812258927931],[123.81104693296959,-8.3980416482034457],[123.81104704718359,-8.3980480999397855],[123.81104997717478,-8.3982150536817244],[123.81098407125796,-8.3987221642963732],[123.81053178871116,-8.3991901948715508],[123.81004418079442,-8.3992135538623529],[123.80973905611256,-8.3994402576616949],[123.80979643106048,-8.3997464453421458],[123.80980989930742,-8.399958133161249],[123.80980369578401,-8.4002490233737035],[123.80984749276763,-8.4006011799004909],[123.80988680483222,-8.4009096320738195],[123.80987902389791,-8.4010583511619075],[123.80972114971132,-8.4011946946793614],[123.80956911842009,-8.4012921011495223],[123.80946700759637,-8.4014211475678735],[123.80939007059533,-8.4016091796199248],[123.80941566979743,-8.4018316700954756],[123.80948225919894,-8.4024104144090757],[123.80951033693259,-8.4026140541952259],[123.80948593023152,-8.4027261007288985],[123.80941022710033,-8.4029275389747227],[123.80939858717511,-8.4031056173303114],[123.80945749276918,-8.403189992623993],[123.80956719566962,-8.4032371323876873],[123.80982913310811,-8.4031483198390333],[123.80994104024683,-8.4032280069669127],[123.81013394572506,-8.4037918522121799],[123.81030996103595,-8.4041946945295081],[123.81072621224496,-8.4047453817938731],[123.81101032066988,-8.4050996948949432],[123.81131096133186,-8.4055103046567865],[123.81143902389192,-8.4056912887219255],[123.81181756832621,-8.4061034956797585],[123.81190375845176,-8.4061973507270977],[123.81232280475365,-8.4066642877266418],[123.81269539927337,-8.4070448358504564],[123.81336610196411,-8.4075901172900558],[123.81396077417048,-8.4079815067411232],[123.81450736772092,-8.4083543197959898],[123.81516369564815,-8.4087770847945649],[123.8155143988705,-8.4089977415524686],[123.81698554494699,-8.4098719023663762],[123.81724486805626,-8.4100259922057035],[123.81768302405237,-8.410257054119711],[123.81825225803539,-8.4105213360907669],[123.81877569584174,-8.4108035703284827],[123.81924794603594,-8.4110528048429956],[123.82009339869148,-8.4113306171142312],[123.82139314927451,-8.4115374908624858],[123.82241052442623,-8.4117717255846287],[123.82334622674705,-8.4120361640377155],[123.82381702363682,-8.4122253040545161],[123.82410460164613,-8.4123545537196378],[123.82468816542655,-8.4125967420459347],[123.82535091361387,-8.4130080388898136],[123.82561852487504,-8.4131996790219432],[123.82577208681244,-8.4133510852843187],[123.82581871126456,-8.4134849763505031],[123.82582589864637,-8.4137126172434478],[123.82585339901516,-8.4138585862047535],[123.82567702397557,-8.4141404454251756],[123.82556443065403,-8.4143272579964901],[123.82551941418967,-8.4145746947663156],[123.8255826176437,-8.4147870076142794],[123.82573700875605,-8.4150279287958369],[123.82630021188538,-8.4149759452836292],[123.82642392982052,-8.4148978976198237],[123.82673315001489,-8.4146265388836241],[123.82690678931692,-8.4143994447784962],[123.82696697734423,-8.4141305079165818],[123.82702347815109,-8.4140512569599082],[123.82716993094766,-8.4139423976234866],[123.8272928367951,-8.4138048346253527],[123.82767307105541,-8.413710054175624],[123.82783778908276,-8.4136399142506093],[123.82792214908795,-8.4135672742102656],[123.82793680533939,-8.4133568661264349],[123.82789268010322,-8.4131787113284418],[123.82747914934328,-8.41285374220638],[123.82726021118981,-8.4125587097166203],[123.82724335159946,-8.4123599919200274],[123.82735093030124,-8.4121354141180404],[123.82772496103814,-8.4116736491195638],[123.82812127877401,-8.4113461762849511],[123.82838188791391,-8.4111308381176286],[123.82844561837067,-8.4110781792145417],[123.82931961820589,-8.4105939302656338],[123.82951618032757,-8.4105098832245062],[123.82964699301442,-8.4105091331899189],[123.82976224293327,-8.4105621797007757],[123.82980716406939,-8.4107209289276739],[123.82984275923604,-8.4108623671045279],[123.82992964903417,-8.4109797726982833],[123.83004754026183,-8.4110590083665215],[123.83011961822581,-8.4110756799985893],[123.83020917990984,-8.4110348040129566],[123.83028411681858,-8.4109059608413759],[123.83024935172625,-8.4107242582178969],[123.83023725944201,-8.4106318672668294],[123.83039461831709,-8.4104440699378529],[123.83042875927993,-8.4103055230813766],[123.83045885239414,-8.4102272568823651],[123.83053221189209,-8.4102218213798778],[123.83070236811989,-8.410338147787229],[123.83079922690285,-8.4104019304047029],[123.83088474163753,-8.4103614923889154],[123.83088107060496,-8.4101775702386021],[123.83073064910025,-8.4099226789883801],[123.83075302423276,-8.4098389907767341],[123.8308770092666,-8.4097350237523187],[123.83177446162222,-8.4095110700797591],[123.83215549268186,-8.4094547887074782],[123.83262360329672,-8.409363131603186],[123.83297441533705,-8.4094030075427213],[123.83307255565398,-8.4094390379811443],[123.83313594616709,-8.4097576479970257],[123.8331798213917,-8.4099049596460986],[123.83337216479367,-8.4100863978688949],[123.83355999269952,-8.4102535863339085],[123.83371997669565,-8.410409070122455],[123.83404980575403,-8.4105764762233548],[123.8341482419479,-8.4105882411543575],[123.83425946200464,-8.410571334799215],[123.83442533745938,-8.4106507422379195],[123.83450252357272,-8.4107732406924356],[123.8345452899332,-8.4108728523002583],[123.83487227443595,-8.4110147257489416],[123.8350607111829,-8.4109708667120913],[123.83523024328122,-8.4109404759221889],[123.83604814880312,-8.4110757726287488],[123.83616191484055,-8.4110746475768678],[123.83623525905,-8.4110181170923966],[123.83627268073974,-8.4108537417067737],[123.8362518056764,-8.4107176787778144],[123.83635047839198,-8.4105334139858314],[123.83638543144252,-8.4104753816334892],[123.83634699261972,-8.4101684142408999],[123.83630064875604,-8.4100056954064826],[123.83628672815007,-8.409890459876749],[123.83632924270046,-8.4098117260302843],[123.83657252460239,-8.409698397962643],[123.83670092980412,-8.4096467418036696],[123.83675175768758,-8.4095751009101605],[123.83672142985017,-8.4094366170062358],[123.83670600827577,-8.4093348200458422],[123.83669877412922,-8.4092468816382393],[123.83671399335617,-8.4090185536632589],[123.83667860233572,-8.4087627891713623],[123.83658744615377,-8.4081211327840037],[123.8364630870019,-8.4074852113733414],[123.83644421203087,-8.4072859755672766],[123.8364537583343,-8.4069016008281778],[123.8364693211023,-8.4061671478955304],[123.83647513342078,-8.4059055863736489],[123.83654793084236,-8.4055077883537024],[123.83669658607869,-8.4051168665500882],[123.83675061734721,-8.4047828358591232],[123.83681792980371,-8.4041091483184687],[123.83688786738128,-8.4036696019705346],[123.83693013281948,-8.4034987433722677],[123.83695452423194,-8.4033881798205812],[123.83696727392066,-8.4028645549552152],[123.8370412899236,-8.4026407568653667],[123.83698283578929,-8.4021340851198829],[123.83695974299781,-8.4018608198209108],[123.83692264866136,-8.4013897729196287],[123.8368273520008,-8.4010529291493299],[123.83671774262973,-8.4006172417922471],[123.83672089925017,-8.4001289908601962],[123.8365942432298,-8.3999377113562446],[123.83652000779216,-8.3997658212356328],[123.8364802901333,-8.3994265394032368],[123.83651461815521,-8.3989743512852328],[123.83627058711795,-8.3982796789639451],[123.83626725782779,-8.3980201948760396],[123.83628778935008,-8.3976923982855283],[123.83630436745261,-8.3970106321349363],[123.83628433685271,-8.3964097105396718],[123.83613636689984,-8.3957108203979942],[123.83591518134062,-8.394724632835505],[123.83584918099496,-8.3940290863731661],[123.83587541511838,-8.3932672104133985],[123.83596647687148,-8.3924029286521886],[123.83610535287983,-8.3909207730751518],[123.83618088424043,-8.3903195861798849],[123.83628096079781,-8.389899210679971],[123.83632616522038,-8.389744242202994],[123.83627783565362,-8.3896504447122311],[123.83624813374445,-8.3895262726193209],[123.83622921200856,-8.3892330846391019],[123.83618996109794,-8.3889146958564993],[123.83620061806414,-8.3885268200566543],[123.83640567967848,-8.3862874452094047],[123.83654188290166,-8.3855734608465013],[123.83661121163811,-8.385126960940454],[123.83663832080197,-8.383801273010306],[123.83667663371978,-8.3835953516440895],[123.83668407111304,-8.3835648196606485],[123.83675616526489,-8.3832683356650932],[123.83673275860997,-8.3830326170615876],[123.83654257088301,-8.3820475860272268],[123.83673686671307,-8.3807939760611134],[123.83652257085998,-8.3792744446598704],[123.83636636761389,-8.3781987259903872],[123.83624863376747,-8.3777039756578802],[123.83617647846177,-8.377349694932434],[123.83595954040049,-8.3761664596143532],[123.83574851088508,-8.3750042612376205],[123.83574775725322,-8.3750001189602585],[123.83574774646138,-8.3750000542090675],[123.83574773836744,-8.3750000092429673],[123.83567207120916,-8.3745831321058404],[123.8355332887304,-8.374039398399475],[123.83533610157986,-8.3735101167983998],[123.83512732126894,-8.3733359612855338],[123.83494758636209,-8.3727312571417656],[123.83471657121288,-8.3722945868256602],[123.83460855544058,-8.3720904128422262],[123.83437880473809,-8.3718175243591872],[123.8338010901482,-8.3711799122231128],[123.83322724264315,-8.3705465700680861],[123.83292193090244,-8.3703083351614964],[123.83266111761657,-8.370110710940537],[123.83254860163674,-8.3700291640146816],[123.83243811812474,-8.3699106477581608],[123.83210485185748,-8.3695962105965691],[123.83130121138186,-8.3689400229636703],[123.83123714907526,-8.3688956297294794],[123.83034980509944,-8.3682807263743939]]],[[[124.0967444931639,-8.3649164759145833],[124.09665941639901,-8.3647540232794881],[124.09654302434114,-8.3646651630667748],[124.09621503979236,-8.3649328507704013],[124.09609405489675,-8.3650060070215773],[124.09581819595303,-8.3650389294029992],[124.0956984925914,-8.3649976640109571],[124.09508414861466,-8.3648087416300996],[124.09470724274513,-8.3647922885332378],[124.0944761502542,-8.3648391018430175],[124.09426615046254,-8.3649222891322665],[124.09407991525597,-8.3651729445757042],[124.09393747793229,-8.3655172257393247],[124.09384007146218,-8.3657608511823014],[124.09363975916756,-8.3661823202578489],[124.09352532223591,-8.3665172098013727],[124.09350068081187,-8.3667893509477267],[124.09359413386221,-8.3672544911018463],[124.09359750811859,-8.367382960155453],[124.09348278969901,-8.3676341479974781],[124.0927181339348,-8.3681029600834904],[124.09261113439641,-8.3682055385547187],[124.09266955525584,-8.3686586017130367],[124.09271447819071,-8.3689480700973036],[124.09273254017467,-8.3690927566253777],[124.09284053975921,-8.3692360537008881],[124.09314958728373,-8.3695698820444022],[124.09322797758921,-8.3697006479665106],[124.09324519600909,-8.3700165537209159],[124.09304538373749,-8.3707070702750457],[124.0929898523998,-8.3710070850088982],[124.09305139930268,-8.3714718672328559],[124.09312157070394,-8.371986351388955],[124.09311613430225,-8.3727305853481653],[124.093071822007,-8.3735931008408784],[124.0930900089968,-8.3737139445428852],[124.0931246814589,-8.3737366946926386],[124.09337917970549,-8.3738239604073783],[124.09363844705672,-8.3737905550900109],[124.09385749312889,-8.3736845070343406],[124.09413247793157,-8.3735576801427669],[124.09430636814443,-8.3735590857831426],[124.09460063441179,-8.3736294451427398],[124.09490550908208,-8.3737974906616159],[124.09558693079225,-8.3742179291140815],[124.09571371181846,-8.3742369138024628],[124.09604918142463,-8.3742045391081206],[124.09670666498062,-8.374031991583081],[124.09700810334141,-8.3740723657470539],[124.09718147734338,-8.3741976170263683],[124.09723536831768,-8.3743315080925527],[124.09731319564753,-8.3746753198101374],[124.09743274342645,-8.374887490565186],[124.0976425093944,-8.3749561169312301],[124.09797797720194,-8.3749243043131401],[124.09813757179154,-8.3748067098617298],[124.09826916598934,-8.3746440701676761],[124.09837211767911,-8.3744545227579579],[124.0983626963814,-8.374266631899502],[124.09834929018768,-8.3740032726328764],[124.09831686782923,-8.3736842732105856],[124.09835093145034,-8.3733937418276696],[124.09851919730318,-8.3727296329661272],[124.09869657059028,-8.3724455542189276],[124.09875674332909,-8.3723197408633041],[124.09864024335263,-8.3719438818046683],[124.09860700890636,-8.3717664293771463],[124.09877432237715,-8.3711728507464045],[124.09882718092967,-8.3709851946110234],[124.09875924344442,-8.3708058976740176],[124.09890955613116,-8.370268069815495],[124.09893247805144,-8.3700761787725924],[124.0988707737672,-8.3696872885374773],[124.09887266504154,-8.369571537696288],[124.09900402541552,-8.3693701318260878],[124.09915280565747,-8.3692010385969979],[124.0992523048501,-8.3689180543246948],[124.09932191507437,-8.368765101228405],[124.09951477468712,-8.3685549449547239],[124.09972807229281,-8.368437710232115],[124.1000515710233,-8.3682965697308873],[124.10033197693929,-8.3680598510812274],[124.10058539959653,-8.3676277421265581],[124.10068346077321,-8.3673690863142269],[124.10071302508607,-8.3671884448907576],[124.10049690001199,-8.3666022730764098],[124.10008813386037,-8.3662449922125575],[124.09985347735619,-8.3660863823806153],[124.09960874394847,-8.3659559132347567],[124.09947082212079,-8.365885116804634],[124.09939939976255,-8.3657625535989268],[124.09933460270986,-8.3655818510215454],[124.09928725880002,-8.3655354909701032],[124.09900147763619,-8.3657821165513724],[124.09871489877366,-8.3660815701083493],[124.09861939886628,-8.3663286012838967],[124.09856661765537,-8.3664545081689425],[124.09848111820907,-8.3665125072463411],[124.09835211765619,-8.3665170542186047],[124.09796311770378,-8.3662566636140809],[124.09761750914083,-8.3655954136973492],[124.09757143057709,-8.3652738359187424],[124.09754450937169,-8.3651086169690529],[124.09747105634426,-8.365007350608721],[124.0973834300014,-8.3649806794147707],[124.0972705560913,-8.3650272409144009],[124.09710908731461,-8.3653004135831566],[124.09704644593683,-8.3654150069969546],[124.09695716484134,-8.3654491011949972],[124.0968731960412,-8.3653965861834649],[124.09679691464601,-8.3651690541084918],[124.0967444931639,-8.3649164759145833]]],[[[124.99284563531785,-8.356514694597422],[124.99282096331683,-8.3564075862410618],[124.99259918060773,-8.3559364916757204],[124.99248363391268,-8.3558938674079855],[124.99242999384921,-8.3560080543281856],[124.99248410335872,-8.3561573975458145],[124.99260510264344,-8.3564001173714928],[124.99278457225023,-8.3565879596665695],[124.99284563531785,-8.356514694597422]]],[[[123.95489915007579,-8.3494805860601673],[123.95486500821357,-8.3492991010726314],[123.95478722764847,-8.3485035230191329],[123.95470269587281,-8.3481651171264275],[123.95452746207275,-8.3478704128892218],[123.95420941503255,-8.3475574128442531],[123.95393677386312,-8.3473689608088648],[123.95275802436345,-8.346968257079368],[123.9520427593659,-8.3468121950267573],[123.95147982063725,-8.3467861947270308],[123.94992716540639,-8.3468096643345007],[123.94777382060545,-8.3470503975577799],[123.94736677395747,-8.3470908346742476],[123.94662100935216,-8.3471319606713905],[123.94620638411743,-8.3472653364260623],[123.94575163383092,-8.3474522731038974],[123.94508304005035,-8.3476621164135167],[123.94410071057939,-8.3479502582977148],[123.94368740015341,-8.3480395070175746],[123.94330635200663,-8.348317554011885],[123.94238753985314,-8.3488800547706887],[123.94145402378422,-8.3492816326411798],[123.941190821899,-8.3493532258706296],[123.94097047720584,-8.3494101322717142],[123.94050919604263,-8.3495787893295983],[123.94031882125671,-8.3495762109733391],[123.93998074271713,-8.3494066482981566],[123.93977311803508,-8.3495172406281313],[123.93950393026228,-8.3497017572302639],[123.93885390028731,-8.3500210228518768],[123.93855260222085,-8.3501944768935346],[123.93823353894675,-8.3503220538196956],[123.93807180576925,-8.350386257319883],[123.93791036756943,-8.3505070083916735],[123.93787550804836,-8.3506511643197427],[123.93777907104732,-8.3507854447923933],[123.93741297682743,-8.3510486322884958],[123.93699980579652,-8.3512641008575201],[123.93673228986336,-8.351357241843175],[123.93648807086788,-8.3514071641092755],[123.93626774326185,-8.3515168508219517],[123.93613800796277,-8.351629883012663],[123.93603958705739,-8.3518738196210052],[123.9356848368858,-8.3524465393762171],[123.93559519696089,-8.352577992380418],[123.93493888432215,-8.3530250390742253],[123.93485677442061,-8.3531094917096311],[123.93481204034345,-8.3533246482139134],[123.93477250884428,-8.3533717106358836],[123.93452788425452,-8.3533912421120817],[123.93429041467095,-8.353527288853229],[123.93356618073472,-8.3538604597923154],[123.93304758667682,-8.354004273078715],[123.93245521223832,-8.3540613053849029],[123.93230271060168,-8.3541022731013754],[123.93196375882053,-8.3541670386778719],[123.931442367871,-8.3542494597447217],[123.93063771206084,-8.3541361011001527],[123.93040639923595,-8.3540974761176017],[123.92900632118483,-8.3540993673918251],[123.92791011775785,-8.354135397830305],[123.92754805609798,-8.354151867114922],[123.9268851028653,-8.3540798826803666],[123.92648293144225,-8.3540156333147593],[123.92586591468023,-8.3540529138109036],[123.92476688288536,-8.354189272616793],[123.92472146082685,-8.3541941478416106],[123.92461044581546,-8.3542150543811999],[123.92418800906944,-8.354257678648878],[123.92354627444104,-8.3544373820794817],[123.9234961183513,-8.3544332263123238],[123.92344125880709,-8.3544286946284956],[123.92267597801401,-8.3545430227422344],[123.92213813396779,-8.354706507799051],[123.92088458695423,-8.3549226319738636],[123.92061027394504,-8.3549708976887587],[123.92043422805727,-8.355043835404615],[123.9205394784143,-8.3552192418744653],[123.92057683715143,-8.3553410847232499],[123.92050618011615,-8.3554423510835818],[123.91993240006025,-8.3557253038796375],[123.91935396241547,-8.3559090065953114],[123.91925521235828,-8.3559531318315408],[123.9190766654558,-8.3560881641374181],[123.91889282064722,-8.3561691642754568],[123.91849116543494,-8.356242069615746],[123.91758868137265,-8.3562358669915966],[123.91727063343308,-8.3561323981915621],[123.91702642972598,-8.3561388823035259],[123.91632010309036,-8.3560588831109044],[123.91552582185921,-8.3560266316237062],[123.9151572428126,-8.3559910535442441],[123.91414983574634,-8.3560192580822559],[123.91385533745392,-8.3560274913755848],[123.9134821646702,-8.355964508255397],[123.91280891420013,-8.3561953507348221],[123.91242614924749,-8.3563748347307865],[123.91209566458326,-8.3565271484090999],[123.91149663426233,-8.356640600583205],[123.91101675871653,-8.3566783820016894],[123.910841353146,-8.3567045073071426],[123.91075441478449,-8.3567551948962659],[123.91089321165248,-8.3569860850397504],[123.91086511773108,-8.3570703038514011],[123.91029322805014,-8.3574656790977428],[123.90992715001801,-8.3577161169052374],[123.90982607071669,-8.3578703038713797],[123.90977533726209,-8.3579795697013424],[123.90943049312284,-8.3583344916434044],[123.90918060210322,-8.3585442099472971],[123.90865368122252,-8.3588679757764339],[123.90781679011286,-8.359403523853473],[123.90672169734853,-8.3597660072953772],[123.9063379458396,-8.3598768352476895],[123.90585199267537,-8.3599596322312095],[123.90539863364006,-8.3600752733551076],[123.90477605457136,-8.3601871634068061],[123.90372557087846,-8.360338867344808],[123.90284563281978,-8.360611960873257],[123.90206897740143,-8.360996117077093],[123.90177275870587,-8.3611371010962898],[123.90157277376454,-8.3613111477911843],[123.90115210328702,-8.361819429323134],[123.90086471233667,-8.3621321316924764],[123.90059080492176,-8.3624633358142546],[123.90033427420747,-8.3629931480153346],[123.89994574280183,-8.3644226024211434],[123.89984011832689,-8.3649235068143639],[123.89980949191454,-8.3656002259696152],[123.8997780561125,-8.3661665542430228],[123.89974591434259,-8.3662561635910038],[123.89960200842597,-8.3664311006147614],[123.89949186665638,-8.3667697888946009],[123.89944605519133,-8.3670407105602749],[123.89942192997819,-8.3672382106748273],[123.89937625790799,-8.3674265700801129],[123.89939143126958,-8.3681781946679052],[123.89955138289008,-8.3690348052120385],[123.89977024190318,-8.369748850728854],[123.8997577584139,-8.3702139612053088],[123.89974133679334,-8.3703410857724521],[123.89981930621605,-8.3704792414238227],[123.90017399343515,-8.3706860387296729],[123.90046329004883,-8.3708124303493605],[123.90059550927538,-8.3709228347210001],[123.90116075836238,-8.3714244756589551],[123.90145771090465,-8.371595678697588],[123.90168728983667,-8.371671163293513],[123.90221180503079,-8.3715598506065589],[123.90237114960894,-8.3715501010563003],[123.9026107901559,-8.3715918673707392],[123.90287241463034,-8.3715511631556296],[123.90304494596751,-8.3715326793895883],[123.9033039147439,-8.3716004289166221],[123.90407060297605,-8.3719622099879416],[123.90494699230987,-8.3725992573498047],[123.90522347718183,-8.3727803043674953],[123.9058446182346,-8.3729564141071933],[123.90618758728738,-8.3730388036977956],[123.90654333660575,-8.3731994289104819],[123.90682286838069,-8.3734104908014615],[123.90806422778189,-8.3743626947825192],[123.90824902407326,-8.3745044450240584],[123.9085198207332,-8.3747219595507545],[123.90865388177133,-8.3749999930552121],[123.90865392314015,-8.3750000775914373],[123.90865396360959,-8.375000163027039],[123.90865404904514,-8.375000338394841],[123.90865576315298,-8.3750038916162453],[123.90883085216217,-8.3753669919930189],[123.90925563434007,-8.3758682111489975],[123.90982421181798,-8.3763746796477108],[123.91020116535151,-8.3767337420684953],[123.91046797711556,-8.3770537730131878],[123.9108183988501,-8.3775080241759383],[123.91149002424527,-8.3782852893345989],[123.91182763423797,-8.3786538665826242],[123.91230288367126,-8.3789983204160876],[123.91332819623938,-8.3794453671099518],[123.91376650871746,-8.3796283036032833],[123.9147107743828,-8.3799897573213684],[123.91499952420872,-8.380107460590807],[123.91524383673379,-8.3802539907290452],[123.91542491522773,-8.3804136167949537],[123.9155938843503,-8.3807812110839564],[123.91565872726846,-8.3809761319428731],[123.9154442902219,-8.3812196638563705],[123.91541318087366,-8.3812589129684056],[123.91550813399328,-8.3813497570855588],[123.91550313376263,-8.3816408820210313],[123.9155878840736,-8.3819040542286984],[123.91563349319119,-8.3820160845746159],[123.91576985289646,-8.3821611641063782],[123.91591649275199,-8.3822293201269531],[123.91621496245057,-8.3821275393544283],[123.91639760306703,-8.3820134612521997],[123.91671722841738,-8.3815708976787278],[123.9169594464214,-8.3812131320803473],[123.91725021162802,-8.380885787848797],[123.91741743066996,-8.3807292419609212],[123.91754144628078,-8.3803669293902203],[123.91774718058798,-8.3798452875299745],[123.91786411763496,-8.3796085392026498],[123.9180373999061,-8.3794631952702048],[123.91818121229312,-8.379404992046716],[123.91875393114901,-8.3794524132981678],[123.91913035228401,-8.3794842097284459],[123.91930574346532,-8.379455819930115],[123.91959030604789,-8.3792590383739025],[123.91983575801385,-8.3790800849778861],[123.92049158681732,-8.3790894451217355],[123.92102050868959,-8.3789051479541854],[123.92133480465759,-8.3788916167546859],[123.92231371130879,-8.379128523362624],[123.92268447840604,-8.3792182577163885],[123.92291427407451,-8.3792592101443688],[123.92327413329463,-8.3794442420580708],[123.92412769603641,-8.3802247420781555],[123.92474561841561,-8.3805655851335814],[123.92509599338541,-8.3807599133392614],[123.92524389858715,-8.3808882726755769],[123.925554351752,-8.381153773227993],[123.92591949269047,-8.3814515225696482],[123.92622161813324,-8.3816075225690838],[123.92647744737633,-8.3816719760807814],[123.92761683714741,-8.3819281641534076],[123.92848543115781,-8.3822157421627139],[123.92906818105178,-8.3823931802010634],[123.92943696244595,-8.3824668202875046],[123.93001266525232,-8.3824668994278113],[123.93040439914375,-8.3823815375778281],[123.93082385283856,-8.3821997576126819],[123.93140958668312,-8.381973710318448],[123.93329199273137,-8.381355508250067],[123.93408360297599,-8.3810342263484472],[123.93450280486059,-8.3807629296654227],[123.9349248369117,-8.3804898037614066],[123.93618660282948,-8.3795177877156561],[123.93699111834553,-8.3789188976889477],[123.93765867970433,-8.3783945551645616],[123.93804654021574,-8.3780929917980984],[123.93864831886492,-8.3776691503109646],[123.93865952531689,-8.3776612569614031],[123.93886221182163,-8.3775542259467102],[123.93886331888712,-8.3775538680165482],[123.93886335486002,-8.377553852728056],[123.93886339263156,-8.3775538356409811],[123.93886564992988,-8.3775531170826412],[123.93887382116998,-8.3775482355625854],[123.93887905882161,-8.3775451068211737],[123.93922202427711,-8.3773402412591054],[123.93940793392903,-8.377207209045423],[123.93987383670822,-8.3768738195710739],[123.94033583732914,-8.3765598203793843],[123.94067535298518,-8.3763046170643634],[123.94089907103535,-8.3760724291992119],[123.94153151027103,-8.3750049249372864],[123.94153411830496,-8.3750005218565775],[123.94153427388767,-8.3750002565565751],[123.94153443126902,-8.3749999912565727],[123.94195903987782,-8.3742833197193818],[123.94199008717283,-8.3742308820495168],[123.94209332124979,-8.3740523666234026],[123.94221122686668,-8.3730346173536532],[123.9422398837637,-8.3727631021354227],[123.94287003962074,-8.3715849920536698],[123.94303025833983,-8.3713421948863243],[123.94332044708108,-8.3710667415368221],[123.94350879029855,-8.3708736948650539],[123.94367905534421,-8.3705686628134686],[123.94379566503801,-8.3703572420930072],[123.94397389897631,-8.3701488979532428],[123.94444346199623,-8.3696767260000797],[123.94470503880655,-8.36933386666459],[123.94494846190207,-8.3690436797219832],[123.9452550237005,-8.3687702408539053],[123.94564675939046,-8.3685498197183392],[123.94635068033972,-8.3683108347771622],[123.94700791478351,-8.3680014760872155],[123.94719394584399,-8.3678942733019994],[123.94738485212929,-8.3676112728419412],[123.94761021234149,-8.3664355702453008],[123.94776002500521,-8.3659917260372936],[123.94786166458425,-8.3657498048095817],[123.94772483723148,-8.3655632881151973],[123.94750596203062,-8.3654049453818971],[123.94723440004759,-8.3652640701806718],[123.94685021236751,-8.3651525227706429],[123.94620390018986,-8.3650793197547841],[123.94589839869218,-8.3651076160236357],[123.94571102494388,-8.3651813982029353],[123.94555379017538,-8.3653420539925492],[123.94546786804779,-8.3655667262233919],[123.94542602439162,-8.3656493199600845],[123.94525286802548,-8.365641742272544],[123.94487999291744,-8.3653659139057481],[123.9447606645731,-8.3652287097370959],[123.94465461831601,-8.364790944946094],[123.9446113366439,-8.3643542890191611],[123.94462782211633,-8.3640635543894746],[123.94471302478632,-8.3637706478970131],[123.94500675775578,-8.3632665697963375],[123.94517635280647,-8.3630434291109168],[123.94556974324917,-8.3626603655833378],[123.94581922777525,-8.362429460151418],[123.94605393104416,-8.362147538877764],[123.94621404004602,-8.3619422884058281],[123.94673107108213,-8.3613322566782813],[123.94687652383254,-8.3611683660272433],[123.94749946173079,-8.3608600082827138],[123.9477325399248,-8.360687851962723],[123.94798388424897,-8.3605411950200619],[123.9482876959205,-8.3601903506041708],[123.94849880637491,-8.3599481793649488],[123.94865521196857,-8.3597895083790377],[123.94926746232363,-8.3591818976263994],[123.94959411767445,-8.3588186947269492],[123.94971525905203,-8.3586845536491978],[123.95087641511452,-8.3583367570356586],[123.95201158706516,-8.3579634763333388],[123.95233780534545,-8.3578993825504426],[123.95261032060989,-8.35792663290772],[123.95310911789159,-8.3579351009241236],[123.95351224259593,-8.3578415381564355],[123.95401629011974,-8.3576081317098669],[123.95449082189396,-8.3570813825996879],[123.95464482090188,-8.3568379918797859],[123.95474560162825,-8.3565438982822116],[123.95480700913618,-8.3560571483187118],[123.95484813333474,-8.3557311170973207],[123.95485099317887,-8.3552904447981291],[123.95479614892315,-8.3550101009353739],[123.95456940015777,-8.3538929918680083],[123.95453949320313,-8.3535341317946745],[123.9546059459077,-8.3531521330644409],[123.95473711832346,-8.3526201948660628],[123.95467935217039,-8.3513238203379956],[123.9548408209472,-8.3503478041077983],[123.95490372762504,-8.3498243672007106],[123.95489915007579,-8.3494805860601673]]],[[[125.08869743214086,-8.3466080552175299],[125.08877651042769,-8.3465340230267202],[125.08880180745746,-8.3464436951203993],[125.08880600998941,-8.3462431795790053],[125.08871157308067,-8.3462004761709636],[125.08853104137449,-8.3464624918504455],[125.0886239323487,-8.3466627259040251],[125.08869743214086,-8.3466080552175299]]],[[[124.35637271183123,-8.2765293362598413],[124.35605038491735,-8.2759867258067175],[124.35593753978571,-8.2757843513666671],[124.35559458692069,-8.2753718674176753],[124.35526521201996,-8.2751279613862607],[124.3550000711964,-8.2750463038437942],[124.35479018112198,-8.2750244916869065],[124.35442241596184,-8.2750774599567762],[124.35418539963655,-8.2751553511384941],[124.35397697815506,-8.2753008038889675],[124.35373563429221,-8.2754122568700836],[124.35314880597264,-8.2756832423876858],[124.35258943125734,-8.2759258668851885],[124.35237702487984,-8.2761190862267995],[124.35210596202057,-8.2765267111387857],[124.35189194675604,-8.2767289605730525],[124.35182789973783,-8.2767718042753131],[124.35177160307705,-8.2767898042060324],[124.35132991544333,-8.2768072411611797],[124.35099818072149,-8.2767598046212356],[124.35055029136288,-8.2765609762080317],[124.35024641494022,-8.2763689439715336],[124.34963146212237,-8.275684523022278],[124.34940593103897,-8.2753945699034261],[124.34932919728465,-8.2752922099674606],[124.34908536769558,-8.2752181013342465],[124.34891961814594,-8.2752147261786035],[124.34867465001514,-8.27528813154197],[124.3484548835861,-8.2754399919620028],[124.34806725869714,-8.275858772963943],[124.34786758671976,-8.276193554588815],[124.34780889876174,-8.2762845695771716],[124.34771579105097,-8.2763597106321072],[124.34767419740638,-8.276405242407975],[124.34744494582765,-8.2765424285901759],[124.34695375860917,-8.2767267419455379],[124.34576850880967,-8.2770006790380535],[124.34541499430657,-8.2770427727057267],[124.34497883660413,-8.2769897729596096],[124.34467147800638,-8.2768802580174565],[124.34452508726304,-8.2767664919799699],[124.34450369688818,-8.2767498824010772],[124.34442280646738,-8.2766098984280347],[124.34434721215416,-8.2764309450320184],[124.34425352528001,-8.2763229130719083],[124.3442112904188,-8.2762900068782415],[124.34369493117617,-8.2760584296527782],[124.34324864890607,-8.2759645853972756],[124.34321252403879,-8.2759609602300657],[124.34313004001945,-8.2758012577218096],[124.3429461187684,-8.2755169757277827],[124.34278649270254,-8.2753407418816778],[124.34273183730454,-8.2752999918011483],[124.34270158680886,-8.2752872583002954],[124.34258286820489,-8.2752891630643717],[124.34205524315496,-8.2755921482589656],[124.34183383726179,-8.2757149920531674],[124.34165008688205,-8.2757645393019743],[124.34137846194653,-8.2757630859975961],[124.34104983797965,-8.2757396316786185],[124.33938563443951,-8.2756643350409718],[124.33897694562961,-8.2757183510210552],[124.33884783715803,-8.2757437415803565],[124.33809028963526,-8.2759943016956186],[124.33799258728811,-8.2760266170346881],[124.33770457220828,-8.2761825073168325],[124.33742000872644,-8.2764338363523962],[124.33706786838752,-8.2770449607563137],[124.33701947766679,-8.277141335704016],[124.33699385328373,-8.2771922418284589],[124.33667150928284,-8.277305443990997],[124.33638810322839,-8.2774058200225227],[124.33584882116622,-8.2775755229919241],[124.33556497804136,-8.2776393352870627],[124.33515075930018,-8.277743897662674],[124.33511030599584,-8.277747601070871],[124.3350716972011,-8.277760522530059],[124.33422382177207,-8.2780695700545834],[124.33419499310446,-8.2780874287917641],[124.33313075877754,-8.2786695383684332],[124.33254277482922,-8.2790077257259327],[124.33236479090249,-8.2791956480606359],[124.3319769780552,-8.2796931943853451],[124.33197274314762,-8.2797054287624974],[124.33188288378813,-8.2798344446038641],[124.33171332111294,-8.2799766633922331],[124.33152525938328,-8.2800747407566178],[124.33119469917608,-8.2801800549655127],[124.33116243060181,-8.280190335115833],[124.33098336928708,-8.2801994128725482],[124.33094746205575,-8.2801923352080848],[124.33084616511849,-8.2801331787031813],[124.33080961217388,-8.2801087009557364],[124.33055385217858,-8.2799374286693705],[124.33035868130821,-8.2799714761026735],[124.33006330617673,-8.2800945851968777],[124.33004691513304,-8.2801041171112502],[124.32987974375521,-8.2802506787257926],[124.32935518089698,-8.2807342423913042],[124.32909985167692,-8.2808490228640608],[124.3288240251087,-8.2809072107991142],[124.32857615036914,-8.2809377113063078],[124.32834489869822,-8.2810190702738282],[124.32814782216428,-8.281166381922958],[124.32753472824515,-8.2816615072727018],[124.32704647821242,-8.282119381803966],[124.32677016511104,-8.2823729285677246],[124.32641786918941,-8.2825930079608838],[124.3261826649981,-8.2827645068764468],[124.32576635713178,-8.2830013325454388],[124.32572768088778,-8.2830233353586209],[124.32564128122021,-8.2829955238242974],[124.32558235314309,-8.282976555323728],[124.3255092589452,-8.2829478822389433],[124.32545260345489,-8.2829441950185583],[124.3253503838132,-8.2829885387899935],[124.32533352512212,-8.2830948980110861],[124.32534016571617,-8.2832727407443372],[124.32536688367486,-8.2835392413428508],[124.32541744715752,-8.2838001481582637],[124.32545541473564,-8.2841880698235286],[124.32538843143107,-8.284363053611969],[124.32533947773481,-8.2844891322675949],[124.32524185183001,-8.2847756949423115],[124.32500474287463,-8.2853398819299855],[124.32482175871723,-8.2857226477819381],[124.32446093092733,-8.2863757579348203],[124.3244278061984,-8.2864356950512388],[124.32416544697787,-8.2867119595892405],[124.32384371181786,-8.2869326640112035],[124.32362610286236,-8.2870659291492643],[124.32338443074696,-8.2871910383357204],[124.32297535342991,-8.2873387582770306],[124.32254802437194,-8.287486444943454],[124.32222479004213,-8.2877097888755884],[124.32210918129374,-8.2878218821740575],[124.32192797779396,-8.2880086947454288],[124.32178336860761,-8.2881581332911765],[124.32161649400609,-8.2883807262894607],[124.32144644659627,-8.2886315067386249],[124.32130390045472,-8.2888693981041683],[124.32119121180506,-8.2892205707726703],[124.32107835318357,-8.2895359126521839],[124.32096133699622,-8.2897176170743023],[124.32089796177161,-8.2898140702631054],[124.32078418134495,-8.2900729446106425],[124.32056293103449,-8.2906722258425134],[124.32033794673896,-8.2910259453910271],[124.32010168134752,-8.2912633825989701],[124.31921266643144,-8.2920557410795368],[124.31864043141081,-8.2925996789319925],[124.31847752461817,-8.2929301168313714],[124.31839694716143,-8.2930926477074536],[124.31799636843766,-8.293958819843624],[124.31778932201962,-8.2941693196583515],[124.31709625858548,-8.2947079757923916],[124.31699421161363,-8.2947861169856765],[124.31625383664527,-8.2954024286790968],[124.31598543128268,-8.2956617733721032],[124.31569421281768,-8.2958999606146335],[124.31567580639341,-8.2959130385558524],[124.31544230461873,-8.2961369598527881],[124.31530507167179,-8.2963901163107607],[124.31523408728333,-8.2965969450929151],[124.31508966515594,-8.2970803190014522],[124.31505616540971,-8.2972193820687608],[124.3149508368117,-8.2978162099500992],[124.31491464989119,-8.2984468037769261],[124.31494300821328,-8.2985718823863976],[124.3149763370883,-8.298669537968749],[124.31511797761266,-8.2989639769059522],[124.31551752391465,-8.2996412581375125],[124.31559630632455,-8.2997365547981303],[124.31567799264531,-8.2998937104263746],[124.31577175865982,-8.3002312727550134],[124.31594982172692,-8.300777116270865],[124.31604374332414,-8.3009968350358463],[124.31624079018036,-8.3013779137596657],[124.31679211776213,-8.302151866715235],[124.31689317278176,-8.3023863460529697],[124.31693085167751,-8.3024737727463958],[124.31720636797957,-8.3034144285330171],[124.31750652480639,-8.3037086480356379],[124.31771347679557,-8.3039258361084194],[124.31774524264893,-8.3039601155668379],[124.31839771158513,-8.3046772727378766],[124.31865004066685,-8.3050664138838215],[124.31868147826765,-8.3051267098297217],[124.31916324418842,-8.3060967113940478],[124.31941741508172,-8.3066459606425269],[124.31972963361579,-8.3073849911244224],[124.31974521167228,-8.3074230072659248],[124.31985690027579,-8.3077669907539757],[124.31993549292872,-8.3081565851582582],[124.31995763423754,-8.3084701787557265],[124.31994313446819,-8.308576070329309],[124.31989741563325,-8.308906975876198],[124.31981094671789,-8.3092506481988266],[124.31974694646442,-8.3095066797894219],[124.31972035261219,-8.3096811626554654],[124.31970163412313,-8.3100841012002888],[124.31974843124522,-8.3103729598441873],[124.31979574277932,-8.3105434596129157],[124.31986579097349,-8.3107245542947226],[124.32001128958939,-8.3111757099909482],[124.320091400298,-8.3115739918462168],[124.32014454033833,-8.3118840376181993],[124.32019063419045,-8.3120221168271655],[124.32027114959396,-8.3121743666536645],[124.32048599313418,-8.3124308362140482],[124.3205662441369,-8.3125231786017366],[124.32068930466778,-8.3126489757695481],[124.32094060312636,-8.3129699599955984],[124.32100718083677,-8.3131382411368691],[124.32105496181714,-8.3134241482058542],[124.3210724149601,-8.3137779450960352],[124.3211744781197,-8.3149116637422367],[124.32125650888088,-8.3153914916239842],[124.32139866471664,-8.3157502725570112],[124.321797681318,-8.3164466949589837],[124.32187905557407,-8.3165233657607018],[124.32227185336342,-8.31681125673407],[124.32275944689104,-8.3171284296332715],[124.32279919602615,-8.3171416946334489],[124.32302183668844,-8.3171986792755774],[124.32310445110954,-8.3172145981750987],[124.32373404039367,-8.3173359140211574],[124.32387994730175,-8.3173390229774782],[124.32405074744406,-8.3173333491546941],[124.32408282716085,-8.3173322825587661],[124.32412311858707,-8.3173309452668605],[124.32488766463405,-8.3173442894074014],[124.32492154029694,-8.3173555696038193],[124.32497452115729,-8.3173913005680333],[124.32506478970834,-8.3174521792745963],[124.32525674370379,-8.3176637726649574],[124.32539597674304,-8.3179031793881677],[124.3254809941526,-8.3181065700621275],[124.32584722776744,-8.3190014440613709],[124.32596243092155,-8.319357429002082],[124.32605511864892,-8.3193974452358361],[124.32633365037771,-8.3194775703335608],[124.32636392785309,-8.3194855041526239],[124.32638434696014,-8.3194908542195094],[124.32678677379067,-8.3195963042260246],[124.32697305576198,-8.3196816633779918],[124.32732085327484,-8.319901225660999],[124.32757865023461,-8.3202177411557727],[124.32766550945576,-8.3203464916971939],[124.32774535306567,-8.3205129912814755],[124.32812260157687,-8.3215440226384771],[124.32860475870268,-8.3229009763988984],[124.32872293141827,-8.3231117882783678],[124.32877633675855,-8.3232070849389856],[124.32920608679149,-8.3237967731025719],[124.32953641587301,-8.3239956320927035],[124.3297814469563,-8.3240751798256269],[124.32983379919051,-8.3240803851016381],[124.33012418128601,-8.3241092578359144],[124.33034066518962,-8.3240691013079413],[124.33107505606904,-8.3237441321858796],[124.33143852516787,-8.3236219610845978],[124.33146647339913,-8.3236240133375077],[124.33190926989698,-8.3233854843525705],[124.33243037216403,-8.3234854206156115],[124.33277301476289,-8.3235282508280761],[124.33315134875579,-8.3235710819398605],[124.3338651874285,-8.3234854206156115],[124.33450764241388,-8.3234283136657155],[124.33587107309165,-8.3236067742332125],[124.33689228475123,-8.3238450442133853],[124.33717982139171,-8.3239121318393927],[124.33718371275825,-8.3239126588420618],[124.33739992596588,-8.3239419308753781],[124.33789075885147,-8.3240083817813684],[124.33825828119484,-8.324123552559854],[124.33895416939947,-8.3243416255655234],[124.33902290008689,-8.3243631643285312],[124.34003063810349,-8.3247854266061267],[124.34012696178991,-8.3248257890788295],[124.34122208423184,-8.3252585158677448],[124.34128841462871,-8.32528472570948],[124.34137787289058,-8.3253149339370225],[124.34156554071717,-8.3253783046649801],[124.34174167024196,-8.3254055577202735],[124.34193250817873,-8.3254350860603381],[124.34234063311374,-8.3254214613313025],[124.34302732215326,-8.325239116591888],[124.34349072841439,-8.3251172098912889],[124.3457229770338,-8.3249097731674624],[124.34622119605137,-8.3248169289580574],[124.34663044603826,-8.3247400072455093],[124.34725315011281,-8.3246132729840951],[124.34786958771133,-8.3245191949048944],[124.34858628982545,-8.3245628830705414],[124.34879258710828,-8.3245558827477453],[124.34920843092436,-8.3244254918429306],[124.34960460297009,-8.3244000068547734],[124.3498915874269,-8.32445359026093],[124.35121638412886,-8.3247009451924328],[124.35145792224534,-8.3247270273304252],[124.35188228983588,-8.3247728513859443],[124.35210182064259,-8.32474753906763],[124.35236263392846,-8.3246699446621619],[124.35247343310255,-8.3246643292953308],[124.35288793063353,-8.3246433202330081],[124.35370735331173,-8.3248236334039234],[124.35427871239267,-8.3248884448457829],[124.35491280638098,-8.3249360846325544],[124.35589000881691,-8.3251913823763743],[124.35663430572868,-8.3254679445899455],[124.35693146871233,-8.3256193526509605],[124.35693900862839,-8.325623194554737],[124.3569450205963,-8.3256288449951512],[124.35739038375925,-8.3260473831801391],[124.35753315023476,-8.3261675550885457],[124.35794136869924,-8.3262583821185672],[124.35818594742364,-8.3262845227125126],[124.35837485271736,-8.3262658356997008],[124.35857022773394,-8.3261718043852397],[124.35886125913987,-8.3258401011397041],[124.35900891522931,-8.3256883513362823],[124.35927532139908,-8.3255560853449992],[124.36067350907524,-8.3252880855766307],[124.36111499346225,-8.3252268831141123],[124.3611807276086,-8.3252110073820518],[124.36121855579177,-8.3252074127918263],[124.36166588397339,-8.3251134911945996],[124.36208261811839,-8.3249526636344626],[124.36227228963457,-8.3248412574180293],[124.36236516532017,-8.3247729611032355],[124.36284433669687,-8.3242933508574311],[124.36308657088864,-8.3239895229980334],[124.3632125254378,-8.323825272618194],[124.36328850915743,-8.3236902259231442],[124.3633914311697,-8.3233160845696261],[124.36348135258243,-8.3231058356657286],[124.36357208698234,-8.3230097889705235],[124.36387221233281,-8.3223241638290233],[124.36418058716447,-8.3214438201761141],[124.36421532078054,-8.3213359132217875],[124.36430086879011,-8.3210453665503792],[124.36430227532981,-8.3207468204093971],[124.36428994742323,-8.3206195699371506],[124.36428888442458,-8.3203941170947928],[124.36433730572219,-8.3202041479030413],[124.36438786111091,-8.3201187806571397],[124.36443841470111,-8.3200334143105579],[124.36460407162065,-8.3198772578291482],[124.36466369577306,-8.3198421321086471],[124.3647887123293,-8.3197914301303513],[124.3650766653559,-8.3197944446578731],[124.36527683825557,-8.3198175851134124],[124.36555900864141,-8.319705538579683],[124.36582760196234,-8.3195456481131487],[124.36605390016746,-8.3193570386963529],[124.3662863056685,-8.3190107097763644],[124.36645400944508,-8.3186521788549044],[124.36650460170608,-8.317524023414876],[124.36650432111753,-8.3170289286421166],[124.36642658731716,-8.3165762728766595],[124.36639602385753,-8.316462555402552],[124.3662209150632,-8.3157908670548295],[124.3661833216031,-8.3156620697486687],[124.36617352528799,-8.3155548822519449],[124.36624769687376,-8.3151934141446873],[124.36633883776722,-8.3149213980040599],[124.36653940007329,-8.3146608662059407],[124.36666250916755,-8.3145438203409867],[124.36722291540525,-8.3141370695700516],[124.36748433663286,-8.3139602583592023],[124.36771779074354,-8.3137866640232687],[124.36782463379984,-8.3136984450271711],[124.3679782748776,-8.3135297726807948],[124.36803325942742,-8.3134387109276986],[124.36818828995763,-8.313145085876954],[124.36836286905123,-8.3125859602737933],[124.36842493126562,-8.3123835066934362],[124.36849988436222,-8.3122333037239287],[124.36867918129929,-8.3119284920062455],[124.36891202477022,-8.3116228511136683],[124.36894468095238,-8.3115703819674991],[124.36905849285517,-8.3113509294018399],[124.36929058809028,-8.3105119923345114],[124.36938841634242,-8.3101854449022881],[124.36944818078894,-8.3100599921748426],[124.36954474369497,-8.3099055228215661],[124.36971975895972,-8.3096532414039075],[124.36981127487047,-8.3094473820909798],[124.36987304030868,-8.3092537733429026],[124.36988966517595,-8.3092177096295359],[124.37004482161126,-8.3090015377906639],[124.37031777484549,-8.308868662958389],[124.37050789961995,-8.308788037837644],[124.37061855490242,-8.3087222110611378],[124.37103252543079,-8.3082744287218588],[124.37143232174435,-8.3077107273681463],[124.37148629006026,-8.3076231010252286],[124.3716416497424,-8.3074181949936587],[124.37180144667946,-8.3072693823760346],[124.37232066576621,-8.3070261634266558],[124.37243967305255,-8.3069816406901396],[124.37244149328035,-8.306980959903342],[124.3733793836517,-8.3065172730536574],[124.37341276198947,-8.306498577946968],[124.37343255606766,-8.3064874920041234],[124.373536852244,-8.3064234449859669],[124.37367138362754,-8.306263648048855],[124.37376194715625,-8.3059430856048948],[124.37379280559355,-8.305602928732128],[124.37375143138354,-8.3051643986180466],[124.37362950939439,-8.3046095232108996],[124.37353966622265,-8.3039281626545289],[124.37351193113079,-8.3034879759892419],[124.37353877499459,-8.3026135390834952],[124.37355672816057,-8.3024265070775982],[124.3737080067192,-8.3011330085814166],[124.37378657239242,-8.3004612410933305],[124.3737928370698,-8.300388554288304],[124.37382945116826,-8.3001135056337034],[124.37396313359181,-8.2991092569865827],[124.37409781426277,-8.2984028961766967],[124.37414561772619,-8.2981521786800272],[124.37423608772531,-8.2977527726722542],[124.37439929039499,-8.2973835227313657],[124.37443808714806,-8.297313740736513],[124.37460736833543,-8.2970355696357956],[124.37499924072245,-8.296669279363698],[124.37499963282687,-8.2966689115409622],[124.37500001234071,-8.2966685572080792],[124.37510494613639,-8.2965704600586605],[124.3755228853729,-8.296211570307662],[124.37561704439111,-8.2960819797994532],[124.37572336763935,-8.2959356484113869],[124.37574467167929,-8.2958898531341561],[124.37589888382649,-8.2955583513368083],[124.37593474339371,-8.2953435860376317],[124.3759312594201,-8.2952818673642241],[124.37580683821511,-8.2948495542634646],[124.37564472822169,-8.2943771952512861],[124.3754923057254,-8.2940909131650642],[124.37545901462192,-8.2940388172376061],[124.37545571231135,-8.294033647934441],[124.37501789086309,-8.2937141278047193],[124.37500045390789,-8.293701402397744],[124.37500000514615,-8.2937010750445097],[124.37499925960822,-8.293700537249947],[124.37499693036409,-8.2936988366319611],[124.37499152543865,-8.2936948994000659],[124.37498482459,-8.2936898479081265],[124.37494884901025,-8.2936627270531744],[124.37478330630461,-8.2935379290321407],[124.37477444528452,-8.2935250102709688],[124.37454965883978,-8.2931972613445168],[124.37421478998067,-8.292709006815187],[124.37413858682635,-8.2925531785862745],[124.3739326501717,-8.2921672570132614],[124.37352044591194,-8.2912219301479126],[124.37339543115434,-8.2909023668507302],[124.37338233612593,-8.2907808018924243],[124.37336085312097,-8.2905813673361877],[124.37336227494905,-8.2901490227591239],[124.37330461941269,-8.2891906943949607],[124.37327213140384,-8.2890520387205697],[124.37321754075697,-8.2888190540560345],[124.37315466645475,-8.2885225232957396],[124.37313989868744,-8.2882521798941298],[124.37306072777039,-8.2880078673691173],[124.37286122846297,-8.2876277419267126],[124.37275672814053,-8.2874534452202511],[124.37257032206276,-8.2872573507460743],[124.37240650065951,-8.287148915889702],[124.37240269742665,-8.2871463977879785],[124.37213019565206,-8.2870618669115856],[124.37167555598216,-8.2870333817850792],[124.37163720259491,-8.2870245252615859],[124.37153772678471,-8.2870015538785538],[124.37125725881549,-8.2867879612953175],[124.37097349303235,-8.2864464131714044],[124.37076148595384,-8.2861221374266734],[124.37041711935467,-8.2855954107995444],[124.3703315560565,-8.285464537858104],[124.37008475870471,-8.2849974129002248],[124.36978786911493,-8.2841811162654722],[124.36977189086019,-8.2840975188853463],[124.36966243077666,-8.283524819814545],[124.36953879018313,-8.2827586945580833],[124.36945257577577,-8.2825212447596073],[124.36940466529313,-8.2823892881351071],[124.36927711804458,-8.2821776012152668],[124.36913494871897,-8.28206010928659],[124.36902741588256,-8.2819712409799422],[124.36872350888291,-8.2818307111184026],[124.36872152317983,-8.2818303262085351],[124.36827086840594,-8.2817428671395419],[124.36775113400768,-8.2817381007326958],[124.36753413389317,-8.2817076793658657],[124.36718827441939,-8.2815902099201821],[124.36716953704456,-8.281579769690552],[124.36677319682565,-8.2813589285716489],[124.3667529306033,-8.2813454918009484],[124.3665667682418,-8.2812436966392511],[124.36621763433641,-8.2810527885553142],[124.36575519664507,-8.2807838364049076],[124.36567140141415,-8.2806873517398571],[124.36525697582886,-8.280210179556093],[124.36508946270862,-8.2800173037555282],[124.36487191490698,-8.2798306476661878],[124.36463349294138,-8.2796917878457066],[124.36436902481069,-8.2795873351873297],[124.36393241564849,-8.2794851155455831],[124.3630093218228,-8.2794889142818988],[124.36229921173924,-8.2795788347953589],[124.36224865005522,-8.2795869916462834],[124.36182449380544,-8.2795787880306193],[124.36134657158709,-8.2795411945704132],[124.36109116592468,-8.2794542571082275],[124.36106355583854,-8.2794448672867702],[124.36080529123126,-8.2792645226395507],[124.36071242993478,-8.2791449766593246],[124.36054933698233,-8.2789499451837969],[124.35973741465,-8.2784293357452157],[124.35969072814464,-8.2784028354224688],[124.35947461925832,-8.2783321172333899],[124.35887846317064,-8.2781653829260335],[124.35807705571165,-8.2777411790121391],[124.35729969612419,-8.2772906951094569],[124.3572187751264,-8.2772468819380265],[124.35686368141387,-8.2769936328498375],[124.35637271183123,-8.2765293362598413]]],[[[124.40180144697922,-8.2770279599723153],[124.40187005625819,-8.2769738981268688],[124.40215227520741,-8.2760875685863766],[124.40224754039173,-8.2758095377798782],[124.40243082222469,-8.2753378199843723],[124.40255451857627,-8.275057658683977],[124.4025664309961,-8.2750306790225636],[124.40288402387864,-8.2743858507263894],[124.40288433864134,-8.2743851807314854],[124.40288455178074,-8.2743847409630007],[124.40362792329006,-8.2728603307396043],[124.40365643179894,-8.2728018676120314],[124.40365686527218,-8.2728009736859462],[124.40365729065149,-8.2728000851557795],[124.40370137182094,-8.272680329633431],[124.40370325410197,-8.2726752169876363],[124.40395724333223,-8.2719852112484773],[124.40396530935163,-8.2719226948764231],[124.40403825785938,-8.2713573036965613],[124.40400524284769,-8.271110695202367],[124.40376129005153,-8.2695723976480053],[124.40363654059388,-8.2694541628792422],[124.40327283497345,-8.2692345403416994],[124.40323530806313,-8.2692118792248266],[124.40323435298308,-8.2692113360342887],[124.4032172604683,-8.2692016377453115],[124.40283471584951,-8.2689845836715676],[124.40283467178278,-8.2689845593898781],[124.40283462771595,-8.268984534208812],[124.40277449364805,-8.2689504139303835],[124.40277081721945,-8.2689488068419337],[124.40276836746625,-8.268947742943908],[124.40235855630237,-8.2687706790235893],[124.40190758676579,-8.2686541322823359],[124.4012669313239,-8.2686432729686317],[124.40071099381737,-8.2687469755924212],[124.39979874311757,-8.2691241638490283],[124.39947043121549,-8.2694365541536285],[124.39921580526527,-8.2697914599078786],[124.39884102539304,-8.2704770382846391],[124.39867258776974,-8.270665913900757],[124.39844686782874,-8.2710587566562594],[124.39839785297863,-8.2713587570009963],[124.39841551026768,-8.2717191791967366],[124.39844186759819,-8.2724222421927038],[124.39843105594855,-8.2730579909334665],[124.39842633720571,-8.2733351628874061],[124.39839910303624,-8.273558898024703],[124.39829741489382,-8.2738716786350324],[124.39786616479171,-8.2746515068615167],[124.39772632111294,-8.2749899918945857],[124.39753560278587,-8.2752819451056325],[124.39725077490345,-8.2757114918917978],[124.3972964928389,-8.275852507387242],[124.39740243117728,-8.2759733816661765],[124.39755277534039,-8.2760525696702985],[124.39787880566246,-8.2761435082163075],[124.39892543306235,-8.2764469178908939],[124.39906722827004,-8.276488023203683],[124.40035932022647,-8.277013962924002],[124.4003663691127,-8.2770168317613297],[124.40048026735053,-8.2770631936114683],[124.40049294239543,-8.2770683530220026],[124.40049332190938,-8.277068507705394],[124.40049394603886,-8.2770685535708708],[124.40049455577923,-8.2770686021342499],[124.40050788283258,-8.2770696525423659],[124.40082632197721,-8.2770947742044427],[124.40180144697922,-8.2770279599723153]]],[[[124.2214752907521,-8.2362492737848925],[124.22165243561153,-8.236089842871877],[124.22165375042027,-8.2360886602634196],[124.22159721364051,-8.2356151213407429],[124.22158013371632,-8.2356000073344262],[124.22150291522746,-8.2353233039272595],[124.22146079098275,-8.2351556837877524],[124.22145993033155,-8.2351522573707143],[124.22127619703895,-8.2347137416458054],[124.22114152446181,-8.2345784764154928],[124.2210276648949,-8.2345679129787754],[124.22084054025879,-8.2346318511789605],[124.2205307750753,-8.2348210226720084],[124.22030482220987,-8.2350639916098771],[124.22010541463328,-8.2353976787597958],[124.21999327367075,-8.2357059132972381],[124.21999317384598,-8.2359885360420435],[124.22056514716382,-8.2359994295300112],[124.22111837231512,-8.2362076333755567],[124.22124329264386,-8.2363682468970296],[124.2214752907521,-8.2362492737848925]]],[[[124.08924597831935,-8.2229368199782016],[124.0881992897655,-8.2223560701764313],[124.08680957100501,-8.2218330073873176],[124.08618669605926,-8.2219632579979134],[124.08611293096703,-8.2220281323923246],[124.08605957059274,-8.2221391941684487],[124.08598907093892,-8.2222520384008249],[124.08592388358045,-8.2224146322294587],[124.08573357174703,-8.2225946953888069],[124.08541710211762,-8.2228001167319462],[124.08530886781011,-8.2229133350822963],[124.08521042981749,-8.2229454597651284],[124.0849708054584,-8.2229652421521564],[124.08478838427652,-8.2230029291418418],[124.08452966461243,-8.2229825226252728],[124.08388997774034,-8.2227543511323802],[124.08367902376801,-8.2227663975511405],[124.08347355566013,-8.2228844758378159],[124.0833265560758,-8.2229594604107206],[124.08294755568522,-8.2229953505549247],[124.08214329018074,-8.2230345538015968],[124.08198708693453,-8.2231223815925887],[124.08148685343565,-8.2232151007962102],[124.08126060289453,-8.2232219914017151],[124.08036796191197,-8.2232527572089111],[124.08010724305484,-8.2232329289564632],[124.07943386757904,-8.2231544136452044],[124.07820438372539,-8.2230574298564534],[124.07750155635176,-8.2231697731664326],[124.07689477387476,-8.2233475538465086],[124.07618668097064,-8.2236574449350996],[124.07585497682578,-8.2238416332846782],[124.0753467276694,-8.224194913064764],[124.07463800883716,-8.2247708505942114],[124.07440958643338,-8.2250159446301154],[124.0738292593129,-8.2256332725574453],[124.07319157163374,-8.2261757418169736],[124.07235161833262,-8.2271742878630221],[124.07193461798829,-8.2275696172440007],[124.07170291485772,-8.2279027728945948],[124.07119813438646,-8.2290462258026196],[124.07101474283616,-8.229514897594413],[124.07055658681713,-8.2317126005560226],[124.07032986772924,-8.2327907725760383],[124.07025711797166,-8.2332953506998479],[124.07020007217568,-8.2347600225569408],[124.07030914914799,-8.2352559905714884],[124.07048905582531,-8.2355372112732539],[124.07085986788866,-8.2358603817511948],[124.07172266486918,-8.2364841173480841],[124.07203072763605,-8.2366419132936244],[124.07239414907076,-8.2367891323125377],[124.07266158676293,-8.2368579448382206],[124.0731987428278,-8.2370370232399637],[124.07471296193376,-8.2377989603537003],[124.07501580593475,-8.238025131754398],[124.07531164871364,-8.2382658038237651],[124.07564691507309,-8.2384127422541837],[124.07636571170826,-8.2387468197098883],[124.07665174288366,-8.2388564128930852],[124.0770332272017,-8.2389361800605911],[124.07746347815703,-8.2390503346052242],[124.0784417741686,-8.2393399756592771],[124.0791657751804,-8.2394867881847063],[124.08011432161868,-8.2395642566850711],[124.08027136932833,-8.239571006996357],[124.08087257061266,-8.2395548821520492],[124.08176899414377,-8.2394573506761617],[124.08206646199767,-8.2394288043957431],[124.08252428976425,-8.2394448042342674],[124.08269479043224,-8.2394219911319624],[124.08290132063951,-8.2393574449900484],[124.08302152402416,-8.2393187111895259],[124.08331905572993,-8.239158256848043],[124.0844215867869,-8.238428007346613],[124.08474016532648,-8.2381921475495119],[124.0852363527755,-8.2378875067030322],[124.08553575776909,-8.2377526317785055],[124.0863528835788,-8.2374774293398332],[124.08699135186941,-8.2372884449057437],[124.08822641511699,-8.2367570382066901],[124.08841794643115,-8.2365481158028615],[124.08853314868588,-8.2362789289293801],[124.088631697295,-8.2358846940233548],[124.08867127376038,-8.2353076476297815],[124.08858138382391,-8.234803397758526],[124.0883736017604,-8.2340826477959013],[124.08841685195625,-8.2339179612448561],[124.08852314912406,-8.2338229451727329],[124.08861300938293,-8.2338299140192817],[124.08879894601466,-8.2338976320700112],[124.08931161893611,-8.2336618190376498],[124.08938928978398,-8.2335060537613458],[124.08936972773085,-8.233302256593845],[124.08932025872298,-8.2332031477070586],[124.08926763309489,-8.2330740230476636],[124.08942077504878,-8.2326140701831605],[124.08951949273046,-8.2323206951439261],[124.08972264868135,-8.23187822599931],[124.08994327396294,-8.231580382228799],[124.09011422699007,-8.2314140849919681],[124.09088421213676,-8.2309520232172417],[124.09119505470812,-8.2307893817245485],[124.09138008662171,-8.2307152569035225],[124.09171707158566,-8.2305679758313772],[124.09306719589449,-8.2299178199513676],[124.09319507229486,-8.2297994448884424],[124.09339489895547,-8.2295153508526937],[124.09342077514873,-8.2293717731887455],[124.09349171187307,-8.2288032262878232],[124.09376804026294,-8.2280598673689269],[124.0938557115719,-8.2279755388399849],[124.09428305591837,-8.227712976372743],[124.09439575895715,-8.2276303826359936],[124.09447649289586,-8.2274319130522713],[124.09448682071024,-8.2269271011047636],[124.09452767960875,-8.2265035851722814],[124.09443144585464,-8.226280788027907],[124.09423294569399,-8.2260255703237704],[124.09398089989872,-8.2258214763799629],[124.09380777410956,-8.2257628828506881],[124.09347596204611,-8.2256182727650184],[124.09335230526472,-8.2255161628406199],[124.09333966529334,-8.2254058978638227],[124.09325630623357,-8.2251849128534218],[124.09283194673696,-8.2248963815627008],[124.09263285302382,-8.2247240849484911],[124.09235202532579,-8.2245542569733061],[124.09198386806111,-8.224357444840166],[124.09110977469641,-8.2239602583591704],[124.09084602422467,-8.2238409758803073],[124.09026310166087,-8.2235073345957517],[124.08969944707189,-8.2231658350352177],[124.08924597831935,-8.2229368199782016]]],[[[124.56082889983395,-8.219813631893544],[124.56069175861785,-8.2197866792118361],[124.56026843064365,-8.2194535847150973],[124.56004169626738,-8.2192158669186597],[124.5599071181191,-8.2191381798830321],[124.55963557232383,-8.2191155538396856],[124.55938919585481,-8.2191659293641237],[124.55899074312833,-8.2193056327487284],[124.55878621301338,-8.219337287985411],[124.55863117978515,-8.2193401478294845],[124.55837374435293,-8.2195414448817132],[124.5581222282583,-8.2198390548284692],[124.55805649321269,-8.2200052261601968],[124.55811574324707,-8.2201960542045072],[124.55831399429542,-8.2203715227275325],[124.5585861965958,-8.2204966166254962],[124.55875349387873,-8.2205345077612719],[124.55894204034291,-8.2205303672825494],[124.55907374335868,-8.2205731633208075],[124.55927807202545,-8.2208177258573301],[124.55946819679991,-8.2210363834223017],[124.55972755588209,-8.2212776013801658],[124.55990403973965,-8.2214132892918315],[124.56018396182048,-8.2215262261543671],[124.56041151008321,-8.2215489133516257],[124.56070035343862,-8.2214721166448044],[124.56103991496013,-8.2212715228624234],[124.56129846195449,-8.2210721476614594],[124.56147018120396,-8.2209278829154186],[124.56155191518883,-8.220783913147045],[124.56154174385642,-8.2203857886731839],[124.56166394733339,-8.2202340226819501],[124.56178064965729,-8.2200967096953264],[124.56185386886102,-8.2199481012238493],[124.56184749446641,-8.219869288237021],[124.561764181272,-8.219790568779672],[124.56151194661913,-8.2197217571533088],[124.56117605613019,-8.2198303979544676],[124.56082889983395,-8.219813631893544]]],[[[124.04552254033308,-8.2112596484139999],[124.04494571157534,-8.2108630231099937],[124.04468900909058,-8.2107136007520012],[124.04410363407555,-8.2108484756765847],[124.04358899433669,-8.2111108187092441],[124.04342822793046,-8.2112272728203379],[124.04329102466113,-8.2114464906629792],[124.04318360334071,-8.2117132583601347],[124.04310704045758,-8.2121316787339538],[124.04309963364119,-8.2124382729079457],[124.04320939859497,-8.2128371788926415],[124.04332377527203,-8.2131536790989799],[124.04332313405541,-8.2133969762894026],[124.04317744568266,-8.2138810228908596],[124.04267227490561,-8.2149955068371128],[124.04246079033328,-8.2153123505844405],[124.04225844557084,-8.2155433198682886],[124.04168611792011,-8.2163257255517692],[124.04160105644371,-8.2164580068314876],[124.04159135275881,-8.2166298196104322],[124.04174283726218,-8.2169743831611868],[124.0418463366392,-8.2174853356796689],[124.04183097801729,-8.2177153975475221],[124.04170553967901,-8.2180453192360687],[124.04151065029635,-8.2183447880814811],[124.04080960268107,-8.2191956321726138],[124.04061615041508,-8.2194490701184577],[124.04020558741797,-8.219798053837053],[124.03973855598963,-8.2202728509112717],[124.03911236794147,-8.2206687882339224],[124.03874780616638,-8.2208677569414021],[124.03837650756986,-8.2209916628349333],[124.03790510273836,-8.2210438981573475],[124.03758800897947,-8.2210154597955807],[124.03691450939721,-8.2207303351368068],[124.03670535316962,-8.220616586186452],[124.03629761764103,-8.2201784760557643],[124.03599763438342,-8.2197382111494903],[124.03566491490392,-8.2192116329104579],[124.03535013420139,-8.2187631643884629],[124.03529768124304,-8.2186461005370575],[124.03529907609152,-8.2186307787873716],[124.03530018135837,-8.2186186523288711],[124.03497096024171,-8.2179424835587156],[124.03489022720225,-8.2175611791050756],[124.03485031978653,-8.2174597238870888],[124.03470327073944,-8.2170858784105008],[124.03460804422593,-8.2168346042335543],[124.03460536874286,-8.2168310537101092],[124.03460338034176,-8.2168040902365078],[124.03459160282023,-8.2166443976208257],[124.03461683689761,-8.2164737422693293],[124.03474158725453,-8.2157119760268529],[124.03469514986136,-8.2154641012871821],[124.03465397709942,-8.2152756159768501],[124.03482611903019,-8.2147023979972005],[124.03465422711099,-8.2142791788409681],[124.03449850859931,-8.2140547098569527],[124.03415486775305,-8.2137547409884633],[124.03391832087391,-8.2135655856831704],[124.03369214857389,-8.2133549446749043],[124.0334368679172,-8.2132163510536884],[124.03325974284292,-8.2131719290412661],[124.03301472704811,-8.2132403188855392],[124.03279841491496,-8.2133579448132537],[124.03265013379666,-8.2134411950550543],[124.03253516536563,-8.2134334294091786],[124.03224602433465,-8.2127716318053103],[124.03203622689045,-8.2124430069391678],[124.03195691477981,-8.2123531322911845],[124.0314731802431,-8.2131879909329655],[124.03126157066504,-8.2135692261388158],[124.03122266509399,-8.2138286949382859],[124.03114724345062,-8.2139924920597878],[124.03045483742085,-8.2148444126394793],[124.03030052544898,-8.2150372569637966],[124.02930018075881,-8.2163733977141078],[124.02914463401771,-8.2166210071537193],[124.02896613388009,-8.2172153196312365],[124.02887663424929,-8.2173877583383046],[124.02866832068651,-8.2176694763651881],[124.02850218083108,-8.2179023980771717],[124.02844678978761,-8.2180174141722659],[124.02837614983946,-8.2180702565370893],[124.02821836828309,-8.2180994602218789],[124.02809605508889,-8.2182009909828935],[124.02802471187101,-8.2182986321760723],[124.02769833710863,-8.2187825231948182],[124.02751091479695,-8.2191141949641064],[124.02687499338629,-8.2206827726917595],[124.02658324342201,-8.2214964612925883],[124.02632444641608,-8.2221938819420757],[124.02591602470488,-8.2235557729804896],[124.02579638429575,-8.2240239924132652],[124.02574405634323,-8.2242818199499652],[124.02576685325778,-8.2257289757116041],[124.0256265086565,-8.2265679910199196],[124.02547700895684,-8.2282429756327815],[124.02547597833382,-8.2284852889648619],[124.02547113368598,-8.2291146785995011],[124.02541354020275,-8.2294508667640685],[124.02540174379556,-8.2297473507595669],[124.02556071245692,-8.2300115850665634],[124.02574227478624,-8.2302262730240159],[124.02631930589132,-8.2312517726511487],[124.02641016529697,-8.2313960697727566],[124.02660455645514,-8.2317129755733163],[124.02681158578616,-8.2320016012928363],[124.02735952472233,-8.2324041792094818],[124.02784228978987,-8.2325992727381845],[124.02839168113121,-8.2327472103154378],[124.02875575907103,-8.2327728203093784],[124.02958239970803,-8.2326359443932802],[124.03004857138455,-8.2326038197104481],[124.03082544713675,-8.2324945376927303],[124.03103778966238,-8.2324597573119149],[124.03132211842114,-8.2322890066322998],[124.03153436831656,-8.2322183352079605],[124.03181527515494,-8.2319977728788558],[124.03203797787046,-8.2319383195977025],[124.03214350791666,-8.2318623673543243],[124.0322370868721,-8.2317765540446999],[124.03238044600084,-8.2317051640620207],[124.0325736023899,-8.2315834453196999],[124.03278011820794,-8.231432414074618],[124.03283639868096,-8.2313475864219185],[124.03286207072802,-8.2312015850850457],[124.03293857245717,-8.2310988195548589],[124.03318616480976,-8.2309820380905308],[124.03336799333829,-8.2309680851089979],[124.03343354042556,-8.2309720376293853],[124.03364097804877,-8.2307558819783253],[124.03377407231562,-8.230642475669697],[124.03404469630573,-8.230586084580068],[124.034262164967,-8.2304599285827749],[124.03445797795337,-8.2303242730467332],[124.03455100922179,-8.2302639285373971],[124.03473821209889,-8.230122850988721],[124.03502024398915,-8.2298472726334921],[124.03520871221235,-8.2296740856904762],[124.03541735312842,-8.2295647578072817],[124.03555614999641,-8.2293176483906905],[124.0363995557949,-8.22844578894194],[124.03684174345176,-8.2280775543356413],[124.03722685203763,-8.2278475383332079],[124.03765327457904,-8.2276253203522174],[124.03819271222392,-8.2272238360111487],[124.03897277427416,-8.2262491786566443],[124.03911308739907,-8.2260461629999782],[124.04005964903365,-8.2240103191209073],[124.04034328981106,-8.223580632939786],[124.04093297797465,-8.2224731484170093],[124.04186043081427,-8.2204695380386852],[124.04265400787619,-8.2190873043355737],[124.04288574158375,-8.2186967728377454],[124.04314627518056,-8.2182718521642073],[124.04327329003036,-8.2179766479039245],[124.04331310301734,-8.2177473351713388],[124.0433187444645,-8.2173577722433606],[124.04330263400936,-8.2170876159007094],[124.04329743143137,-8.2168814292345473],[124.0433849777346,-8.2166023821941394],[124.04365875924441,-8.216128335154508],[124.04489714998351,-8.2142443346082814],[124.04526116497084,-8.2136767886528332],[124.0454879146356,-8.2133158349577684],[124.04592232135815,-8.2126243831087322],[124.04621514871019,-8.2121938039009024],[124.04685527535071,-8.2112075380973693],[124.04697922800904,-8.210988209638117],[124.0469731809676,-8.2108695072219575],[124.04615053961572,-8.2111930230395274],[124.04587916469177,-8.2112716318802654],[124.04552254033308,-8.2112596484139999]]],[[[124.37533885260598,-8.206593131967395],[124.37517391514416,-8.2063157261897572],[124.37506432196096,-8.2061009294143332],[124.37499999975023,-8.2059252711343333],[124.37499963192749,-8.2059242593970225],[124.37499925780958,-8.2059232341698589],[124.37488521298224,-8.2056117108117519],[124.3747584778215,-8.2050356788534486],[124.37466455622439,-8.2045802109079773],[124.37451052484096,-8.2040980070173646],[124.37448877383792,-8.2040234298373775],[124.37428263393645,-8.2035144135592759],[124.37400088533263,-8.2030836796680546],[124.37387041528746,-8.2029069143225684],[124.37382894574932,-8.202433429359246],[124.3738303046249,-8.2023904759396942],[124.3735710723472,-8.201843522660397],[124.37336852433793,-8.2015819125751364],[124.37285804036628,-8.2011073043585725],[124.37263041476194,-8.2010056638802098],[124.37226066479786,-8.2009068508704104],[124.37153052501378,-8.2007981165397723],[124.3708477902934,-8.2006883039220497],[124.3703701180865,-8.2006091950582345],[124.37008674260915,-8.2006520549483071],[124.36961102372982,-8.2008258983964311],[124.36922429006904,-8.2010990386896196],[124.36897089978731,-8.2013478667106483],[124.36891932186927,-8.2014376793053998],[124.36863664966177,-8.2017132423721932],[124.36846533690584,-8.2019034759645706],[124.36853963439671,-8.2025883672592954],[124.3685868056366,-8.2027595379223044],[124.36885858705421,-8.2031041788147263],[124.36902032203034,-8.2033345230697137],[124.3691489781429,-8.2036879125670907],[124.36918355617627,-8.2040444451949384],[124.36914491590517,-8.2047105847256603],[124.36879657160455,-8.2055040700567474],[124.36857747786837,-8.2058883036023076],[124.36841674293839,-8.2061160542124867],[124.36811266596681,-8.2064025377468965],[124.36780102479747,-8.2065981169095039],[124.36729680640258,-8.2068027405539965],[124.36724961807545,-8.2068171638809417],[124.36695763518674,-8.2068704963762684],[124.36693507119662,-8.2068746170699001],[124.36688622901636,-8.206865155302637],[124.36655532796613,-8.2068010489292078],[124.36624991640053,-8.2067418816324675],[124.36599966475274,-8.2067305537719903],[124.36594526026556,-8.2067374452768149],[124.36580126531624,-8.2067840049778056],[124.36550013272506,-8.2068813727771044],[124.36545255499152,-8.2068967565800222],[124.36496657125031,-8.2071458346125041],[124.36425014972474,-8.207778694730905],[124.36408310335264,-8.2079281800414492],[124.36380678935188,-8.2084380084073132],[124.36378955564351,-8.2084698039382715],[124.36375360884199,-8.208542587870113],[124.36375107725053,-8.2085477140057606],[124.3637484782098,-8.2085529759390283],[124.3637488739115,-8.2085570939347008],[124.36374889639455,-8.2085573196645214],[124.36374889639455,-8.2085573493421293],[124.36374889729382,-8.2085573781204744],[124.36374898722602,-8.2085583314018322],[124.36374911942642,-8.2085597226530354],[124.36374930468673,-8.2085616795778265],[124.3637317580143,-8.2088267790325631],[124.36373007628208,-8.2088521983702094],[124.36371703970963,-8.2090491480996661],[124.36370940806285,-8.2090756574156103],[124.36370291405831,-8.2090982097145684],[124.36349219570832,-8.2098300851902195],[124.36346655603677,-8.2099070230905795],[124.36322152495347,-8.2105795702909177],[124.36291838417617,-8.2110953512694209],[124.36278405603946,-8.2113096318340126],[124.36232741537799,-8.2120991799331478],[124.36228795672389,-8.2121923092276461],[124.36209193059813,-8.2126549762460854],[124.36195155631935,-8.2130842568329285],[124.36165599322953,-8.2135738981168629],[124.36128311812149,-8.2141023982070465],[124.36119793703517,-8.2142442887428615],[124.36110669721631,-8.2143962732693581],[124.3609290874075,-8.2146829924261056],[124.36074633707381,-8.2153577105898421],[124.36073180582821,-8.215428428778921],[124.36064118114564,-8.2157263822666664],[124.3605727751135,-8.215932569832205],[124.36053800912191,-8.2163356010071311],[124.360531916215,-8.2163965543574591],[124.36052864987732,-8.216449788826651],[124.36060772007033,-8.2165236213679691],[124.36083950773718,-8.2167400540102449],[124.3609660090741,-8.2168395379143249],[124.3610634308327,-8.2170697733513407],[124.36117463380242,-8.2175865390874492],[124.36134394646604,-8.2180732728631938],[124.36141866483956,-8.2183947409245093],[124.36148754121712,-8.2192147877321986],[124.36152835335088,-8.2199024453415177],[124.36159875857595,-8.2202050069554389],[124.36161343101514,-8.220242288350903],[124.36180908662016,-8.2207528982276017],[124.36190713430688,-8.2212323825683598],[124.36197308698843,-8.2215585226076655],[124.36212916612817,-8.2219004763258567],[124.36234061922426,-8.2221842582968634],[124.36241011793265,-8.2222544449866177],[124.36256472758021,-8.222396022558371],[124.36332472845356,-8.2226659127016433],[124.36379344701004,-8.2228508816627937],[124.3645399148852,-8.2232518983563523],[124.36493397802076,-8.2235814450276052],[124.36518821186655,-8.2238869447266438],[124.36542100857275,-8.2240985228285126],[124.36579586758523,-8.2243141631680601],[124.36630980585289,-8.2245058356757568],[124.36648234978065,-8.2245386933059876],[124.36675627428269,-8.2241981200471628],[124.36704180903234,-8.2242159661938103],[124.36758313615292,-8.2241564787384505],[124.36780243493445,-8.2240771936075703],[124.36814670170895,-8.223952729235009],[124.36835646138161,-8.2238768930041601],[124.36888589137084,-8.2237817141547112],[124.36920804291697,-8.2239460769498578],[124.36946885890075,-8.2240791469350256],[124.36961757529093,-8.2245133989741248],[124.36981388110576,-8.2249060097045117],[124.37034926011029,-8.2255841560838689],[124.3705162192482,-8.2255715053206586],[124.37134863263339,-8.2251736992068345],[124.37204383285666,-8.2250361263161267],[124.37239004396542,-8.2250718177101589],[124.37290757682331,-8.2251824631001682],[124.37402830296389,-8.2245542857516512],[124.37449229828098,-8.2239261084031341],[124.37485833764219,-8.2232760793275474],[124.37552327118203,-8.2219697511030745],[124.37553053590557,-8.2219554779628652],[124.37581607065522,-8.2211821527341158],[124.37595628215672,-8.2214192742800378],[124.37622058031559,-8.2218662481287765],[124.37641688523115,-8.2218186587040805],[124.37674406128951,-8.2213725095336372],[124.37708313357984,-8.2208549766758097],[124.37708365698529,-8.2208543426537517],[124.37736272111272,-8.2205159043854223],[124.37739246439082,-8.220254162999197],[124.37716046718185,-8.2200459609522909],[124.37741600864194,-8.2195230816248568],[124.37754712889694,-8.2192547895768371],[124.37764951311465,-8.2190589819863931],[124.37802302224475,-8.2183446459885658],[124.37816578872025,-8.2174999370723754],[124.37808845691677,-8.2165957416001447],[124.3781836348669,-8.2159413903827954],[124.37842158109117,-8.2152929872814866],[124.37867142534606,-8.2152810901501425],[124.37882608985228,-8.2149955554004919],[124.37916908588466,-8.2147188187184383],[124.37910765859158,-8.2142519725504712],[124.37892919982278,-8.2136273637117938],[124.37880427769528,-8.2132644971587752],[124.37866745933582,-8.2129313720851087],[124.37841166696489,-8.2123246102925123],[124.37817372074073,-8.2118606149753646],[124.37816310244523,-8.2118424108984982],[124.3780071582039,-8.2115750793263942],[124.37789413410701,-8.2113252359708326],[124.37791912986404,-8.2111109850838488],[124.37793577541572,-8.210968316634478],[124.37798336394121,-8.2106113981974431],[124.37799526107256,-8.2103675029578653],[124.37809949879295,-8.2101226022762148],[124.37808785257243,-8.21001770984941],[124.37802998839334,-8.2098648017191636],[124.37793094605638,-8.2096030864132672],[124.37788386834586,-8.2095035863214321],[124.37722371290408,-8.2084748509335554],[124.37683711773889,-8.2079787579132812],[124.3761436657976,-8.2073947732501438],[124.37586449285209,-8.2072004612322758],[124.37561650929456,-8.206956835789299],[124.37533885260598,-8.206593131967395]]],[[[124.29164269635339,-8.1773923978408334],[124.29144155488393,-8.1773258830829718],[124.29123068095123,-8.1772561478529155],[124.29122794521356,-8.1772548483325522],[124.29051182136357,-8.1769146006282654],[124.28983099320578,-8.1765938978900294],[124.28890925915505,-8.1762416010689662],[124.28777464928066,-8.1757261951077567],[124.28565216471566,-8.1750206940497492],[124.28535785258293,-8.1749734292802714],[124.28464129076303,-8.1748973187562228],[124.28355633695548,-8.1748680233405366],[124.28313155567685,-8.1748339920949888],[124.28284371236748,-8.174782990642484],[124.282725009052,-8.1747776945349528],[124.28247636898925,-8.1747666013974936],[124.28223472835009,-8.174770960411422],[124.28137810341684,-8.1748578825851723],[124.28008849268986,-8.1749887411374402],[124.27990105059303,-8.1749985437477335],[124.2798136032153,-8.1750031168003261],[124.27944933102185,-8.175140764334742],[124.27849271316825,-8.1755022405359341],[124.27795403994708,-8.1757349446119747],[124.27695415031383,-8.1764546477637623],[124.27676869571883,-8.1765930066619035],[124.276476665166,-8.176851053633186],[124.27602633684603,-8.1772018971498142],[124.27556922763779,-8.1776267881456874],[124.27532235294427,-8.1778628350018039],[124.27527277421916,-8.1779021632542026],[124.27498891490654,-8.1781043038704979],[124.27462264981546,-8.178385272762057],[124.27425043121252,-8.1786441318211587],[124.27368797811778,-8.1791478043276697],[124.27337829117528,-8.1794427271001382],[124.27204905631891,-8.1806435387682654],[124.27137130564131,-8.1812631635640969],[124.27087265045247,-8.1817451480201271],[124.27083222772524,-8.181788836185774],[124.27045491626143,-8.1821991626611634],[124.27033804126768,-8.1823432259590732],[124.270220228281,-8.1825211793089352],[124.27019471181654,-8.1825428673594161],[124.26964215036503,-8.1828186948268353],[124.2694003676329,-8.1828696477160179],[124.26915119607088,-8.1829034136615633],[124.26901527523478,-8.1829706164007803],[124.26891396300903,-8.18313353218673],[124.26857403996007,-8.1836801482202191],[124.2685571956581,-8.1837092421877173],[124.26847227357666,-8.1838963191597713],[124.26824775872717,-8.1845080703910753],[124.26805105631126,-8.1848411936661023],[124.26787844673299,-8.1850356163005813],[124.26762733533337,-8.1851926801979857],[124.26758461843542,-8.1852193981566757],[124.26751456034879,-8.1852421168301817],[124.2670646340257,-8.1853880228389357],[124.2665819004344,-8.1854791169675991],[124.2658313676236,-8.1856128353639974],[124.26537246156988,-8.1857618035643327],[124.26459305602475,-8.1860185231362834],[124.26317332239103,-8.1862040226974386],[124.26291516480308,-8.186247101122774],[124.26269222826375,-8.186272069900042],[124.26245175944121,-8.1863699287291638],[124.26233480620635,-8.1864473360756733],[124.26208897562583,-8.1867337089934153],[124.26203303329794,-8.1867988792648134],[124.26199336779973,-8.186845084632921],[124.26176047846343,-8.1871621316270193],[124.26166863430012,-8.1873113831138085],[124.26150221205751,-8.187477226192982],[124.26111924295878,-8.1878299447960785],[124.26085047696802,-8.1880300466492599],[124.26074343066489,-8.188109744569033],[124.26071938369262,-8.1881276482723138],[124.26071544825936,-8.1881299226577653],[124.26024210359026,-8.1885225999379827],[124.26021129821288,-8.1885488763295484],[124.26003984965939,-8.1886951105908565],[124.25969482835376,-8.1888914164056814],[124.25892942885014,-8.1891622499378514],[124.25892150312495,-8.189165054023988],[124.25860266018469,-8.1892807401140431],[124.25824930486158,-8.1894089492635658],[124.25814817789615,-8.1894743839356465],[124.2577020287257,-8.1897242281905278],[124.25730889998579,-8.1900097143767425],[124.25720234201458,-8.190087095642923],[124.25695844767426,-8.1901941707243395],[124.2568920273452,-8.1902439868704278],[124.25683947546145,-8.1902834005584282],[124.2566550658787,-8.1903369389984846],[124.25641117243777,-8.1905035006359981],[124.25610789586278,-8.1905892087249299],[124.25567121115751,-8.1907126199913591],[124.25559025778421,-8.1907354987442318],[124.25547564998135,-8.1909178650673766],[124.25526315726893,-8.1910119827167591],[124.25510841721973,-8.1910805209492423],[124.25496564894559,-8.1911162123432746],[124.25493790036387,-8.1910949370816297],[124.25478719017678,-8.1909793930844899],[124.25471767977717,-8.1908551130729848],[124.2546694041697,-8.190768797042324],[124.25463720933976,-8.1907112341360744],[124.25462331031758,-8.1906863831699752],[124.25461631629003,-8.190673878096959],[124.25461375861812,-8.1906749761691913],[124.25457839457727,-8.1906862131981484],[124.25373593126824,-8.1909538982038157],[124.25311077474248,-8.191172186147412],[124.25308046309294,-8.1911827702685969],[124.25304510264948,-8.1911951170609427],[124.25154141640326,-8.191849023113889],[124.25143744038564,-8.1919110196777751],[124.25139063427036,-8.1919389292381197],[124.25124135310602,-8.1920520081935706],[124.2510062271557,-8.1922301162268241],[124.25037727459164,-8.1927522572108273],[124.25003050860118,-8.1931181158083746],[124.2499999910068,-8.1931658185476408],[124.24999962138543,-8.1931663986103445],[124.2499992652539,-8.1931669561900549],[124.24973360282354,-8.1935823980091982],[124.24941711790575,-8.194140537955434],[124.24914324286647,-8.1945682573191903],[124.24868639895817,-8.1951910702116493],[124.24825336819845,-8.195653819967788],[124.2472283056419,-8.1967749759842832],[124.2463863207721,-8.1979188200974136],[124.24625069671231,-8.198099600915782],[124.24589481969019,-8.1985336631979635],[124.24559027507121,-8.1989051155785546],[124.24509747806621,-8.1995481479286241],[124.24444882225544,-8.2005117732996382],[124.24415739964434,-8.2010022257720721],[124.24330452488402,-8.2025067259046409],[124.24289922831679,-8.203158694817887],[124.24257360268973,-8.2036145692568994],[124.24237882212503,-8.2038580687947729],[124.24231882205606,-8.2039361011700862],[124.2416242270765,-8.204839398219633],[124.24111202360109,-8.2056830072649518],[124.24097708662327,-8.2058400702629797],[124.23991408706547,-8.2070974609790142],[124.23986571163334,-8.207168647714866],[124.23982946176034,-8.2072058041045466],[124.23935925932244,-8.2077297410346546],[124.23856929034059,-8.2085751010600347],[124.23809572803543,-8.208998772575228],[124.23736649296939,-8.2096053823824491],[124.23661683699754,-8.2103296477949357],[124.23618441597807,-8.2105419138781599],[124.23537746240004,-8.21082514816203],[124.23409414962532,-8.2112633823991246],[124.23367114900441,-8.2115314451200447],[124.23311275904666,-8.2120584757180382],[124.23252996238796,-8.2126294292047533],[124.2323177736464,-8.2127041952423951],[124.23174411769696,-8.2128379136387366],[124.23146868143454,-8.2129725070755057],[124.23121072799279,-8.2131495539087496],[124.23102019672478,-8.2133923043113555],[124.23064438443089,-8.2137836793732504],[124.23034928988784,-8.214074881650447],[124.23010471206283,-8.2144108036156354],[124.22980235189709,-8.2149033667968752],[124.22945464881309,-8.2156183979706157],[124.22914522717053,-8.2162393357766632],[124.2287614306955,-8.2169291013968859],[124.2284633692891,-8.2175379918847966],[124.22826608681055,-8.2181258346395225],[124.22828704101414,-8.2182985377472733],[124.22838018020127,-8.2186111483857189],[124.22848711768643,-8.2187242732065897],[124.22864746141124,-8.2189038192557859],[124.22874510260442,-8.2190875696355761],[124.22876699390167,-8.2192552410364783],[124.22871211816982,-8.2197898978854482],[124.22873816523418,-8.2199505689635544],[124.22878164925373,-8.220198021921135],[124.22871644570751,-8.2209784437001758],[124.22863100921381,-8.2212935229776463],[124.22839472763462,-8.2222112100792515],[124.22825730583008,-8.2227433047596605],[124.22810644635547,-8.2231391476535123],[124.22789957080863,-8.223561273234111],[124.22785386006763,-8.2236194332901391],[124.22788571675244,-8.2238361806951161],[124.22768108411481,-8.2243263498810961],[124.22683485894163,-8.2252884068344656],[124.2266929567146,-8.2254497326190403],[124.22655020732623,-8.2256120233761294],[124.22642948683142,-8.2257492671149635],[124.22631527293152,-8.2261299807140063],[124.22658177263077,-8.226515454424657],[124.22665815115283,-8.2265281825295347],[124.22675309437989,-8.2265440070002569],[124.22679592369298,-8.2260966689260613],[124.22667351427128,-8.2260521560821189],[124.22663887958072,-8.2260395619761653],[124.22660080768117,-8.2259158296517967],[124.22665315631821,-8.2257873390144596],[124.22668241845895,-8.2257762818499032],[124.22672955642395,-8.2257584707767819],[124.2268880403509,-8.2258878823198529],[124.22698472736329,-8.2262059761248452],[124.22699874329737,-8.2265399906279981],[124.2269471186147,-8.2268613822469661],[124.22693987187768,-8.226889960003632],[124.22677643088764,-8.2275344906241799],[124.22661963408893,-8.2280007891050673],[124.22645250857647,-8.2283213038850249],[124.22606494664001,-8.2290205852317513],[124.22572711901137,-8.2298404287927269],[124.2257047663619,-8.2298972695433008],[124.22547952486025,-8.2304700225734564],[124.22528586934743,-8.2310593662966767],[124.22500349391612,-8.2318184912303423],[124.22482916573347,-8.2321405375557219],[124.22452293758352,-8.2325629140472074],[124.22448855560242,-8.2326103361980358],[124.22443721330683,-8.2326694207571336],[124.22374163087159,-8.233469883028647],[124.22367882132062,-8.2335421633401324],[124.22325153632937,-8.2339644543960162],[124.22309338425237,-8.23412075656762],[124.22297792029485,-8.2343573232318477],[124.22295285259213,-8.2344086799166121],[124.22293018517996,-8.2345005249791825],[124.22286275940883,-8.2347737264262832],[124.22285323019253,-8.2349174281966953],[124.22283933746553,-8.2351269288646449],[124.22283871693332,-8.2352354482572991],[124.22283539034106,-8.2358182368221264],[124.22251227382242,-8.2360890955353057],[124.22249820932495,-8.2361008856473177],[124.22200254438201,-8.2365163868217337],[124.22191756834115,-8.236587620322382],[124.22049733198639,-8.2370475830794589],[124.22042478907281,-8.2370318980036359],[124.21979301173815,-8.2368952972801139],[124.21949193130763,-8.2365936322902371],[124.21948465938954,-8.2365955685306176],[124.21936777360395,-8.2366267111537468],[124.21917561816031,-8.236685085248439],[124.21910366520206,-8.2367271123662817],[124.21887578958604,-8.2368602102304749],[124.21862933667467,-8.2370951158468984],[124.21830786771397,-8.237344116537713],[124.217875461983,-8.2376304130131075],[124.21770702525907,-8.2378650380410363],[124.21753727462556,-8.2381758041699982],[124.2175666806578,-8.2382555380625604],[124.2177143529351,-8.2383079289676857],[124.21804400932365,-8.2383651798091364],[124.2185954933874,-8.2384655846190071],[124.21866774402122,-8.2385433975596811],[124.21870450920585,-8.2387739288736839],[124.21862264931588,-8.2389591478463444],[124.21824505636437,-8.2396049294239333],[124.21723850905005,-8.2416404288626381],[124.21635219659663,-8.2432058670570996],[124.21619663366778,-8.2435328200835443],[124.21605183742247,-8.2440085389628734],[124.21590960334561,-8.2443408978141406],[124.21559200866432,-8.2449543820390545],[124.21524335319828,-8.2455201005721506],[124.21492386724276,-8.246215522028649],[124.21492357226509,-8.2462161650439612],[124.21492296072608,-8.2462174906446535],[124.21490574320558,-8.2462608361686307],[124.21490401560789,-8.2462651852900422],[124.21442525072484,-8.2474704342131417],[124.21442139623048,-8.24748013969662],[124.2143849925734,-8.2475717734185423],[124.21430080164077,-8.247858813633286],[124.21375693123741,-8.249713100579072],[124.21376152407515,-8.2498467857005267],[124.21376678690774,-8.2499999924056624],[124.21376678960576,-8.2500001174114459],[124.2137667941023,-8.2500002424172294],[124.21376692180604,-8.2500040132745198],[124.21376855497488,-8.2500516476653729],[124.2138720093858,-8.2508156073543546],[124.21389377477794,-8.2509763350897742],[124.21390341461097,-8.2512993976490634],[124.21397704480489,-8.2516701800347505],[124.21398207111577,-8.2516954923530648],[124.21413838407921,-8.2524552261277222],[124.21416538442497,-8.2529375073600022],[124.21418424410763,-8.2546088820942032],[124.21410463432153,-8.2550927263482095],[124.21376419596095,-8.2566858816480817],[124.21363688433485,-8.2572816321415416],[124.21350294560455,-8.2575944757044226],[124.21297113421053,-8.2587140228338285],[124.21243260308222,-8.2595722575536001],[124.21241346191175,-8.2595982101892105],[124.21212063366033,-8.2599954452335851],[124.21198091498729,-8.2602234287681995],[124.21154490027698,-8.2609359301490031],[124.21106503462374,-8.2615741052607063],[124.21098124388936,-8.2616855375574687],[124.21053446159624,-8.2620804910217771],[124.21026480617593,-8.2622628816266115],[124.21022633677603,-8.2622951484023019],[124.20953036943104,-8.2628362578869314],[124.2091835548772,-8.2631064286187552],[124.20862669646488,-8.263572992399645],[124.20821569729662,-8.2639945226290479],[124.20747493112322,-8.2647272101925751],[124.20702606510088,-8.2651357838892636],[124.20680477522023,-8.2653372095445548],[124.20648899267292,-8.2656537583142722],[124.20640641512398,-8.2657551640695033],[124.20605049403514,-8.2662349595756837],[124.2059212794436,-8.2664703427320774],[124.20589611641276,-8.2665161811767689],[124.20585032203485,-8.2665996013904532],[124.20576029270342,-8.2667891209211462],[124.20539936508874,-8.267548905057879],[124.20539921220393,-8.2675492270151949],[124.20539709789784,-8.2675521318253686],[124.20539545393706,-8.2675543909223848],[124.20539299339202,-8.2675577732725856],[124.20534107193293,-8.2677167095584423],[124.20507952390096,-8.2684059562698167],[124.20503044609825,-8.2685352877732612],[124.20492432070091,-8.2688637570566925],[124.20461408697065,-8.2699816952989522],[124.20428496208137,-8.2710258666504046],[124.2041504621742,-8.2714078833670897],[124.20398236899121,-8.2717792889829411],[124.20368794624176,-8.2722323989060556],[124.20323359345559,-8.272874020219831],[124.2030951176456,-8.2730695697048304],[124.20300935289936,-8.2731810226860034],[124.20257100804565,-8.273704241957148],[124.20168227461738,-8.2745816951890561],[124.20152232119824,-8.2747258511170685],[124.20059535309315,-8.27556007034093],[124.20020961767977,-8.2759367882521246],[124.19993214984891,-8.2761581006158167],[124.19925775903846,-8.2767085702442955],[124.19852377465259,-8.2772363346890643],[124.19800688301132,-8.2774455385807073],[124.1974116181517,-8.2776008667865426],[124.19724560330201,-8.2776441952233881],[124.19721961919015,-8.2776474435746081],[124.19698957890603,-8.2776555392716773],[124.19674578978641,-8.2776641170053722],[124.1962076813395,-8.2776830225533899],[124.19607640010588,-8.2776735697793811],[124.19577979020517,-8.2776158360019849],[124.19530771178154,-8.2775158655646806],[124.19527454028787,-8.2775055863137368],[124.19498580575043,-8.2773602882466548],[124.19475186780448,-8.2772222890773151],[124.19440936909712,-8.2770274293723105],[124.19423169633581,-8.2768895848863622],[124.19417888364865,-8.276844304021381],[124.19368378977515,-8.2763811162954539],[124.19347202461427,-8.2760568513425596],[124.19340008694451,-8.2759350228829476],[124.19323282113783,-8.2755821010330806],[124.19312663368726,-8.2752451007807508],[124.19308186903311,-8.2750759131228619],[124.1929392527444,-8.2745789792364803],[124.19282077425942,-8.2741661481491633],[124.19261352459455,-8.2733441165377144],[124.19251872795701,-8.2731848672877391],[124.19235397665477,-8.273083334728085],[124.1920478843025,-8.272958882046737],[124.19177346157608,-8.2728693041750034],[124.19143647481349,-8.2727876268474461],[124.19121202471524,-8.2727332259575519],[124.19062829006361,-8.2726786479012162],[124.19059622113878,-8.2726777431832375],[124.19049266600382,-8.2726748203866123],[124.18997707208428,-8.2727014286279541],[124.18903430558885,-8.272775742306635],[124.18838061897043,-8.2728323977968898],[124.18740841586578,-8.2729564448839596],[124.18732325906126,-8.2729701793302866],[124.18681852445536,-8.273093476382769],[124.18653629021765,-8.2732914288562824],[124.18627807057658,-8.273510694362983],[124.18620518232342,-8.2735661303725578],[124.18520538262237,-8.2743265233503394],[124.18515627514205,-8.2743560858646106],[124.18497389982565,-8.2744058201724329],[124.18489404092736,-8.2744165850572813],[124.18486086943369,-8.2744620233036699],[124.18473371159155,-8.2747099133317761],[124.18470472824072,-8.2747539450384693],[124.18447460342031,-8.2750576802677074],[124.18429266517444,-8.2752008352503026],[124.18418435262583,-8.2752680388888393],[124.18412843098235,-8.2753045540618473],[124.18384491521078,-8.2754383039345498],[124.18332175889213,-8.2756685231837537],[124.18316679041516,-8.2758625851901115],[124.18303869727811,-8.2761390376863915],[124.18302204003521,-8.2762096479568186],[124.1828002276485,-8.2767295388371167],[124.18244746228061,-8.2772521951326326],[124.18207775908138,-8.2779386476504442],[124.18205808731091,-8.2779796630309761],[124.18186290025267,-8.2784217265813709],[124.18170991478075,-8.2789224762911999],[124.18153869645369,-8.2794977258393487],[124.18146947833384,-8.2796662111267096],[124.18127982120689,-8.27996911718094],[124.18112863437909,-8.2800753819732336],[124.18101135289169,-8.2801110382937395],[124.18084828961696,-8.2801453348392897],[124.17944046210766,-8.2803956161646965],[124.17934997771931,-8.2803880699534034],[124.17913461796832,-8.2803570541346971],[124.17898747808965,-8.2802804453862109],[124.17895898397001,-8.2802691373107677],[124.17888279070826,-8.2802388976069778],[124.17881610328061,-8.2802349918513301],[124.17858558725516,-8.2802917885351803],[124.17842755568722,-8.2804095700455491],[124.17824732075735,-8.2806514597970136],[124.17807080632269,-8.280937070089692],[124.17787394742481,-8.2812054448753543],[124.17752374332611,-8.2815653040954658],[124.17734449405327,-8.2817359288699777],[124.17693924335151,-8.2820756639606543],[124.176699322216,-8.2822272725705375],[124.17576446166061,-8.2828840699438047],[124.17551857082549,-8.2830885380055861],[124.17489624446614,-8.2836486789433366],[124.17452593062728,-8.28411149165197],[124.17442360216762,-8.2842369129031681],[124.1738877429251,-8.2848908819086091],[124.17357230571736,-8.2852611948482036],[124.17345063373978,-8.2854373198763369],[124.17317360208017,-8.2859638036865704],[124.17308168057514,-8.2862081791640776],[124.17298078293686,-8.2864425946499978],[124.17286791532206,-8.2867048198714883],[124.17271671230651,-8.2871415702272202],[124.17270353993649,-8.2871807096220209],[124.17249310217494,-8.2876516953693908],[124.17222746222762,-8.2880453978767719],[124.17212657088464,-8.2881819761172437],[124.17198482064305,-8.2883438046228548],[124.17174014928855,-8.2885809135782438],[124.17147785212126,-8.2887318360053541],[124.17116600860447,-8.2887886479776967],[124.17087629020864,-8.2888678359818186],[124.16988802521223,-8.2892570535701111],[124.1697915252588,-8.2893042877626044],[124.16966377926008,-8.2893508465642753],[124.16956850867984,-8.2893855702877772],[124.16932672774635,-8.2894479445669162],[124.16898997840485,-8.2896351483433932],[124.16879249267947,-8.2898394922987109],[124.16857554022909,-8.2901391643908937],[124.16841355614076,-8.2903478044075882],[124.16823402088346,-8.2906044169602069],[124.16793318057194,-8.2910344143067505],[124.16777069646048,-8.2913808043805943],[124.1677161184042,-8.291611554229803],[124.16769994589583,-8.2917073976782376],[124.16764372657678,-8.2921757717944047],[124.16762238386593,-8.292353584849991],[124.16760482190512,-8.2927923820627143],[124.16766121209537,-8.2933207877241557],[124.16768633735467,-8.2935316014022646],[124.16767964999588,-8.2938114137656953],[124.16760658727424,-8.2942864293751768],[124.16753736825501,-8.2945359139012567],[124.16741067985902,-8.2949457880176283],[124.16729218068963,-8.2953833981252956],[124.1672827270163,-8.2954167422887508],[124.16713722840041,-8.2961417100718222],[124.16702972793962,-8.296882131804864],[124.16678604044353,-8.2981608670303331],[124.16677291483825,-8.2981999920359613],[124.16651932220907,-8.29908181957029],[124.16647358718637,-8.2994470225619921],[124.16642155511079,-8.3003301316302327],[124.16639802524878,-8.3006942419456777],[124.16644478999513,-8.3010003666735201],[124.1665239779993,-8.3013166330561035],[124.16661035338518,-8.3014670230846264],[124.16684296213305,-8.3020090858505569],[124.16688507108927,-8.3022395389235157],[124.16692577440506,-8.302543179723898],[124.16693127465862,-8.3028881317817991],[124.16687800871318,-8.3030694144218842],[124.1667396498151,-8.3033059756901935],[124.1667181767026,-8.3033302367010151],[124.16643005640208,-8.3036557571074354],[124.16616057185297,-8.3038748661321051],[124.16582363365387,-8.3040763358541767],[124.16555354026377,-8.3042671791869225],[124.16553091511969,-8.30429067937132],[124.16537749437589,-8.304469819826295],[124.16516029011541,-8.3048228513934532],[124.16507268085957,-8.3051519600948609],[124.16487972771733,-8.3058988821276785],[124.16486783688129,-8.3059399613600817],[124.16442125873414,-8.3073511793134003],[124.16401041604797,-8.308588178801358],[124.16395099334375,-8.3089127657115114],[124.16392924324009,-8.3090315697510846],[124.16375241494211,-8.3097318979087049],[124.16375241584137,-8.3097331947311091],[124.16375241224409,-8.3097338359477249],[124.16375213525293,-8.3097692386593849],[124.16375060280814,-8.3099651946379822],[124.16383369566859,-8.3101805696775273],[124.16401260229986,-8.3104683671214161],[124.16469050766091,-8.3112331173144867],[124.16483432094719,-8.3113443670488323],[124.16584529022805,-8.3121226952061988],[124.16588358695799,-8.3121712100332843],[124.1659353366465,-8.3122848348771754],[124.16590550883222,-8.3123814922120687],[124.16580327390204,-8.3124414293284303],[124.16542374291146,-8.3124954129328898],[124.16492864903796,-8.3125622262656975],[124.16398055585807,-8.3127595851866545],[124.16390672691398,-8.3127836006825646],[124.1632588058493,-8.3129662565874014],[124.16314799318536,-8.3129488511085583],[124.1629244460064,-8.3128665073833758],[124.16279208738501,-8.3128567731215526],[124.16269988439217,-8.3129237573255068],[124.16253114999267,-8.3131512255485518],[124.16248239864387,-8.3132336169378505],[124.16238866590425,-8.3134643820755514],[124.16229661939349,-8.3138373039483895],[124.16234185259452,-8.313955209565222],[124.16244591494706,-8.3142348510575061],[124.16253008699402,-8.3145103979364876],[124.16252708685568,-8.3146369604273218],[124.16251455570227,-8.3147056947120177],[124.16229299692429,-8.3158534077085733],[124.16228182104931,-8.3159113042632384],[124.16221230615304,-8.3160215854277908],[124.16215069719703,-8.3160999289685265],[124.16197685284953,-8.3162357113089911],[124.16170218101092,-8.3163182259053769],[124.1614043992937,-8.3163367258591734],[124.16136512500054,-8.3163263845549409],[124.16133341130796,-8.3163180352490826],[124.16114500873528,-8.3163786540516185],[124.16089516537966,-8.3163643773141303],[124.16065959876153,-8.3162216099393049],[124.1605739383366,-8.3158075827536777],[124.16058213116048,-8.3157873749873374],[124.16068101431745,-8.3155434626606279],[124.16055252278079,-8.3150937449802882],[124.16011708183794,-8.3149438387870873],[124.1598660306928,-8.3146634706425857],[124.15982189736269,-8.3146693162358929],[124.15978907210808,-8.3146736635586649],[124.1597431329393,-8.314686428535822],[124.15926789969387,-8.3148469773061038],[124.15795758657339,-8.3153216628643918],[124.1577684312681,-8.3153785386885488],[124.15651816498143,-8.3158432255843309],[124.15587191485702,-8.3161729611132387],[124.15509611829134,-8.3166687888335105],[124.15457024332215,-8.3169081937580813],[124.15412122801229,-8.3171369758906621],[124.15353769570811,-8.3174253821755997],[124.15343226728532,-8.3174907898680317],[124.15244749345709,-8.3181017416020495],[124.15211244563295,-8.3183868977370707],[124.1514047430345,-8.3191032877864473],[124.15110360234939,-8.3195916169594852],[124.15087561791552,-8.3199495066643294],[124.15066585284694,-8.3201597726553587],[124.15029532946596,-8.3205166110527102],[124.1502364778313,-8.3205732890260151],[124.15020382164914,-8.3209878036441864],[124.15023645714689,-8.3212501898443634],[124.15024533705275,-8.3213215852229609],[124.150418633713,-8.3224837179491828],[124.15041869576623,-8.3224841325366583],[124.15041761837847,-8.3224855696532813],[124.15041546180419,-8.3224884447858472],[124.15040310332063,-8.3225138506336407],[124.15040053575615,-8.3225174650089571],[124.15036471845701,-8.3225678881974545],[124.15029603993037,-8.3226645698139805],[124.15012698896942,-8.3228090998600237],[124.15009534722253,-8.3228361523665058],[124.15009330486214,-8.3228378979505919],[124.14957675766129,-8.3230548980650383],[124.14898536887972,-8.3232884609936377],[124.14860921124614,-8.3235222739337473],[124.14794033777639,-8.3239484500608683],[124.14787310266161,-8.3239912892665302],[124.14786885426429,-8.3239843069301855],[124.14777407201586,-8.3238285551436775],[124.14764535295069,-8.3238763199361756],[124.14744435267482,-8.3240391170115799],[124.14719441489035,-8.3242744758862841],[124.14706132781805,-8.3243893759689058],[124.14691805502423,-8.3245130696224123],[124.1463390912761,-8.3249261165469761],[124.14578932132019,-8.3253183360723142],[124.14558668068082,-8.3254838203220061],[124.14409766507526,-8.3270535698663366],[124.14384497716401,-8.3273692732732911],[124.14365566537674,-8.3277986006248739],[124.14358366385511,-8.3280492209947283],[124.14353752503678,-8.3282098201270287],[124.14339208667548,-8.3285906173630337],[124.14315968117444,-8.3289805696974781],[124.1428800711584,-8.3292719140675331],[124.14136072771544,-8.3306817407696485],[124.14121268132021,-8.3307944294193135],[124.14085507220386,-8.3311640067134931],[124.14034913430521,-8.3316578820056293],[124.13972074291803,-8.3322205230586519],[124.13923575922297,-8.3326594452771587],[124.13856591538479,-8.333120115800682],[124.13835421227714,-8.3333823347269345],[124.13829415195357,-8.3334994786180232],[124.13814136792985,-8.3337974761725491],[124.13800363406051,-8.3343020066322424],[124.13799409675028,-8.3346754905813896],[124.13799371184041,-8.3346905704134429],[124.13798058713451,-8.335501100595252],[124.13779111796578,-8.3358296328312349],[124.13708317974499,-8.3366262424071351],[124.13617757233715,-8.3374467577615974],[124.13538924371869,-8.3380688520957733],[124.13507566540966,-8.3382612890272299],[124.13471693124143,-8.3384428819334175],[124.13434503999167,-8.3386688977514041],[124.13430597793854,-8.3387417572262734],[124.13385736822306,-8.3392845547383558],[124.13377832141248,-8.3394306010413857],[124.13380047711041,-8.3395865227997206],[124.13399921199414,-8.3404263816721027],[124.13392471215582,-8.3409636015888964],[124.13382479028189,-8.3411337272396509],[124.13335908715226,-8.3416851006867887],[124.13335580462672,-8.3416940732228682],[124.13329953944231,-8.3418478986615696],[124.13326766477098,-8.3421043978996181],[124.13329791526667,-8.342603850787043],[124.13332105482289,-8.3429441326655365],[124.13329059478519,-8.3433160886664837],[124.13327938293719,-8.3434530068507229],[124.13311530612657,-8.343870523405883],[124.13258203962948,-8.3446033665520645],[124.13242186767513,-8.3446879127169495],[124.13069474306803,-8.3455633982321729],[124.13007532241829,-8.345922350935723],[124.12941713379371,-8.3461183671688559],[124.12858402433335,-8.3463501476411466],[124.12815694618621,-8.3464689606739739],[124.12751660190975,-8.346819726848878],[124.12694760175043,-8.3472106333639999],[124.12653208708616,-8.3475036171981287],[124.12616949392702,-8.3477829286392193],[124.12609833057354,-8.3478313040714056],[124.12573833735439,-8.3480760230899591],[124.12528383707945,-8.3485277894258729],[124.12513633477408,-8.3487401301528621],[124.12511727544199,-8.3487675693677943],[124.12510408688422,-8.3487865540561756],[124.12501669346568,-8.3489035567536689],[124.12501636970978,-8.3489039893275958],[124.12499999395459,-8.348925913899734],[124.1249995586827,-8.3489265038550116],[124.1249167284243,-8.3490374604104431],[124.12489890116342,-8.3490500383285848],[124.12472568004614,-8.349172257093926],[124.12414171157081,-8.3494163978484153],[124.12387859781904,-8.3494829449819008],[124.12350688373579,-8.3495769601085499],[124.12233844586262,-8.3499828088595223],[124.12211722792779,-8.3500596478344278],[124.12128285222195,-8.3502437111782797],[124.12090505602362,-8.3503073669913306],[124.12052771218418,-8.3503749447478413],[124.12042776782732,-8.3504086819150984],[124.12016194621685,-8.3504984135709037],[124.1199707899201,-8.350636398351071],[124.11992004567367,-8.3506868943846371],[124.11911069720099,-8.3514922876389051],[124.11879172835563,-8.3517119605385233],[124.11839552483366,-8.3518500073719224],[124.11742680570262,-8.3520774135417355],[124.11694221231335,-8.3522572410787461],[124.11632647798467,-8.3524561009682543],[124.11561965042654,-8.3527656008517397],[124.11545305641346,-8.3529355232557236],[124.11505280594236,-8.3533555390268361],[124.11448771243806,-8.3535690084029852],[124.11424871220834,-8.3536263977400154],[124.11405216537514,-8.3537784757959912],[124.11385314990298,-8.3539590857431563],[124.11372500910193,-8.3539746008470956],[124.11315708722987,-8.3540037101030862],[124.11313794695877,-8.3540286438068279],[124.11313695140927,-8.354029940629232],[124.11304585188464,-8.3541486169650625],[124.11292418530297,-8.3543568226092475],[124.11286932126222,-8.3544507100322107],[124.11281986844222,-8.3547293829545879],[124.11287727396711,-8.3549061330115819],[124.11299635319915,-8.355064616039158],[124.11308850942726,-8.3551975700117964],[124.1130482278935,-8.3553357733272264],[124.11297571195962,-8.3553576790136503],[124.1128410870466,-8.3553392096367816],[124.1126938527392,-8.3552220072897398],[124.11248513897806,-8.3550313483180503],[124.11239077491439,-8.3549451482999189],[124.11226928999577,-8.3549756640955479],[124.1119712429786,-8.355161008073992],[124.11165025875255,-8.3554671013256439],[124.11146685281312,-8.355745257137869],[124.11139190421306,-8.3558605897943607],[124.11110150772845,-8.3563074602210463],[124.11075779043972,-8.3568044138925188],[124.11053291496216,-8.356864631597432],[124.11035863444351,-8.3569611171618021],[124.11033447775401,-8.357085381884815],[124.11038889932831,-8.3571978672877094],[124.11044061843984,-8.3573473040348176],[124.11039805532607,-8.3574147891611688],[124.1103090557184,-8.3574228821602219],[124.1101328218723,-8.3573708042192152],[124.10995961244623,-8.357216116330676],[124.10989230628502,-8.3571560065444146],[124.10947886815529,-8.3567545851559544],[124.10915566530173,-8.3565641950814893],[124.10906849311652,-8.3565857572268669],[124.10898985190022,-8.3566807732989901],[124.10880310318078,-8.3569097730675139],[124.10845949291138,-8.3571474908639516],[124.10775968006521,-8.3575696641086665],[124.10744415022737,-8.3577436316631974],[124.10687382087019,-8.3580319138417281],[124.10672657217367,-8.3581818506118566],[124.10642663388217,-8.3584892892492348],[124.10613032165713,-8.3586915233950663],[124.1059134933131,-8.3589007263873896],[124.10544754017189,-8.3593946322564534],[124.10529129016095,-8.3594323039575897],[124.10510500908902,-8.3594919128214542],[124.10485194705973,-8.359669883258448],[124.10461839941968,-8.3599504141802186],[124.10397155574276,-8.3610869126308671],[124.10383118865855,-8.3614116839020198],[124.10367965019577,-8.3617623043867866],[124.10323525919989,-8.3626203511482231],[124.1032855546847,-8.3628884759223752],[124.10339583674852,-8.3632701167224468],[124.10337666500118,-8.3637602733178937],[124.10347886845511,-8.3638380538830575],[124.10385327420931,-8.3640439446722894],[124.10392030607727,-8.364204256920857],[124.10396302477386,-8.3644372568738845],[124.1039503991916,-8.3648885699515176],[124.10387105560483,-8.3651211786993827],[124.10387577434756,-8.3653761329021563],[124.10395885281889,-8.3655833358022846],[124.10428735177993,-8.3662471164112731],[124.10457236762068,-8.3664877102395963],[124.10487752467805,-8.3667192568881319],[124.10560632177442,-8.3674603351263386],[124.10566299075447,-8.3675575302557945],[124.10570938408091,-8.3676371013710877],[124.10578311859615,-8.3679166637230082],[124.10578718083377,-8.3682193035779733],[124.10574597839422,-8.368794804036952],[124.10573603908699,-8.3689967459030754],[124.10573161891909,-8.369086538712736],[124.10577807160075,-8.3692743360417126],[124.10587641516452,-8.3693872099517534],[124.10597679029672,-8.3695136951009204],[124.10605268138625,-8.3696172259541868],[124.10615608723367,-8.3696294288550348],[124.10633740045068,-8.3696660078799141],[124.10659352467144,-8.3697834143730461],[124.1069081336035,-8.3700419595687094],[124.10745557071812,-8.370548898412892],[124.1076645560745,-8.370753179415658],[124.10768641499612,-8.37087796034956],[124.10763367965069,-8.3711391009886711],[124.10762561273191,-8.3711668819460101],[124.10745429008352,-8.3717568668858462],[124.1072648838674,-8.3718930233442848],[124.10682107113564,-8.3721800230895269],[124.10661353818432,-8.3723837905794198],[124.10660657113647,-8.3723906317222259],[124.10660212398886,-8.3723975160324926],[124.10647860300514,-8.3725887101008425],[124.10647871811841,-8.3725909620032439],[124.1064847426768,-8.3727084449387235],[124.10660413397363,-8.3728576487614532],[124.10675730560524,-8.3729620375679588],[124.10696947815893,-8.3730361021343356],[124.10717135257596,-8.3730241951104745],[124.10753225770759,-8.3730310542397319],[124.10778700866354,-8.3730968666270655],[124.10798755568123,-8.3732479140599594],[124.1080981183336,-8.3733911787598458],[124.10824400815454,-8.3735668505296985],[124.1085925404135,-8.3737640385794521],[124.10881764971487,-8.374042991191061],[124.10900188392986,-8.3742592259824278],[124.10928883691031,-8.3745369609119962],[124.1093856804049,-8.3747569449769799],[124.10948892797171,-8.3749999921558924],[124.10948904128634,-8.3750002565565751],[124.10948914740629,-8.3750005083667247],[124.10948984528022,-8.375002149629438],[124.10958064982719,-8.3752158977953854],[124.10976755502872,-8.3752771793982674],[124.1099711489494,-8.3752415851309934],[124.11013725912721,-8.3751513345663966],[124.1103823028011,-8.3750020426101059],[124.11038485237907,-8.375000491279593],[124.11038525977199,-8.3750002421674026],[124.11038567795674,-8.3749999876592369],[124.11043629000289,-8.3749691642954645],[124.11060307197431,-8.3749472738975328],[124.11098907088899,-8.3749880698434822],[124.11106330632663,-8.3749999948538516],[124.11106483697267,-8.3750002421674026],[124.11106636941747,-8.3750004885816338],[124.11107552001931,-8.3750019553758648],[124.11130307098006,-8.3750384912333402],[124.11144152160898,-8.3750019131077806],[124.11144436526536,-8.3750011621738736],[124.11144697599718,-8.3750004723938218],[124.11144875935281,-8.3749999957531713],[124.11145121180402,-8.3749993500399],[124.11145790006208,-8.374997600858535],[124.1114893817296,-8.3749870760926228],[124.11172163344668,-8.374909444814989],[124.11173044680277,-8.3749046514284942],[124.11185530597766,-8.3748367418221505],[124.11205894666307,-8.3746245701677253],[124.11224585276398,-8.3743571477641012],[124.11259110159813,-8.3736828351946428],[124.11312754000403,-8.372897289078594],[124.11341678895371,-8.3726463656371948],[124.11371013431528,-8.3725355376848825],[124.11426519588213,-8.3724341166411023],[124.11521857167975,-8.3722282411403626],[124.11620200911545,-8.3719101788116745],[124.11646436833598,-8.3718629302300087],[124.11699439997165,-8.3719038197054942],[124.11734055532247,-8.3720076644221422],[124.11797661792662,-8.3722647886889945],[124.11882780645817,-8.372681022810923],[124.11888705379454,-8.3727147132133837],[124.11897055584654,-8.3727621947194848],[124.1190124624552,-8.3728726008897638],[124.11898819694784,-8.3730562271630902],[124.11886471193702,-8.373243584723582],[124.11878504459423,-8.3733756007033548],[124.11872122780244,-8.3734813510834556],[124.11871141529969,-8.3736563672475199],[124.11871159786199,-8.373851440091812],[124.11871216533427,-8.3744566010911967],[124.11867135140176,-8.3749999921558924],[124.11867134330794,-8.3750001036718231],[124.11867133971066,-8.3750001477386036],[124.11867132981808,-8.3750002871335028],[124.11867128035533,-8.3750009499338489],[124.11866558674751,-8.3750768203389612],[124.11856433657499,-8.3751345226400531],[124.11842647769981,-8.3751420382744186],[124.11809072840447,-8.3751564607020441],[124.11755091484292,-8.3751162097452152],[124.1171907588465,-8.3750843512617621],[124.11679750060421,-8.3751378726146868],[124.11679743045715,-8.3751378834065235],[124.11671227365252,-8.3752433819764747],[124.11662294669168,-8.3754948665947495],[124.11661612173668,-8.3755773982782671],[124.11660630563654,-8.3756960854059912],[124.11656572822585,-8.3762341479874749],[124.11651769633465,-8.3764544755935049],[124.11640196168128,-8.3766260698371866],[124.11626643115096,-8.3766893821092481],[124.11619551780893,-8.3767583691034133],[124.11617324340057,-8.3767800391674427],[124.11612142986019,-8.3769322260413333],[124.11616161786446,-8.3770416321655716],[124.11625786780644,-8.3771201483760933],[124.11650979039462,-8.3773071480064232],[124.11694449299398,-8.3776193665405003],[124.11711791735809,-8.3776689947282534],[124.11719428958486,-8.3776908509519785],[124.1175374456966,-8.3777314607382891],[124.11774261792755,-8.3777557415342017],[124.11806608698043,-8.3777487582985373],[124.11817472688222,-8.377817773171671],[124.11828368064744,-8.377977570108726],[124.11836691470137,-8.3780618671614207],[124.11867113376593,-8.3779401951838395],[124.11886930567402,-8.3778654759109372],[124.11898618066778,-8.3778980070873104],[124.11909172780111,-8.3779875229058121],[124.11928260171078,-8.3782493982910751],[124.11930388416704,-8.3782670537814852],[124.1192670713184,-8.3783967737920193],[124.11914722766244,-8.3786094922342045],[124.11896690010246,-8.3789003509703548],[124.11900008688451,-8.379157569666063],[124.11932625929944,-8.3798315243053594],[124.11937596033238,-8.3798982180283019],[124.11951632112141,-8.3800865702389729],[124.11960205529067,-8.3802879293444335],[124.11970622825993,-8.3806116169325264],[124.11977804002458,-8.3809860226867272],[124.11983966516846,-8.3812309143751236],[124.1199140561888,-8.3816072725575168],[124.11985585296532,-8.3819831630924568],[124.11973155586668,-8.3823043046998578],[124.11945554134024,-8.3826352731992415],[124.11925486841756,-8.3827576322588584],[124.11910363392565,-8.3827403346986671],[124.11879325900179,-8.3827124916880962],[124.11863410328135,-8.3827918667511767],[124.11812785331779,-8.3831745228858949],[124.11789911884932,-8.3833781006188133],[124.117735383781,-8.3834341949320788],[124.11745939983155,-8.3836389139046901],[124.1171917274163,-8.3838819448957906],[124.11699168132111,-8.3839282725716657],[124.11616724402313,-8.38415427310116],[124.1159011490189,-8.3842063834177907],[124.11574057057089,-8.3842086793869726],[124.11553433714005,-8.3841072727324217],[124.11525910232581,-8.383894179272886],[124.11494790002564,-8.3837531790659341],[124.1145993371897,-8.3836788671859495],[124.11445077368433,-8.3836954452885379],[124.11427221239273,-8.3838177566840955],[124.11417603979248,-8.3839478822889077],[124.11404844577919,-8.3844367879273705],[124.11378303965557,-8.385351304019423],[124.11364710173245,-8.3856151012558939],[124.1136035241833,-8.3856649129053835],[124.11352649365278,-8.3857529610302777],[124.11335566473224,-8.3858379136887038],[124.11267339945789,-8.3859655391782439],[124.11203349315122,-8.3861012423784018],[124.11176633694697,-8.3862029763861869],[124.11156861829716,-8.3863363980063355],[124.11141104088688,-8.3865292881960727],[124.11121466492489,-8.3870363673344173],[124.11118229023054,-8.3871992894156051],[124.11122554132578,-8.3873198201535502],[124.11128735262923,-8.387402179167168],[124.1112462428199,-8.3878935381562201],[124.11106993882663,-8.3883284422037718],[124.11098738376086,-8.3885320855872578],[124.11090650862855,-8.3887824289658965],[124.11104127473516,-8.3889127892937267],[124.11120675898485,-8.3890358201469439],[124.11131985322868,-8.3892013673491874],[124.11137871205801,-8.3900481483033786],[124.11139849264634,-8.390190788873781],[124.11147257160201,-8.3903223506958966],[124.11166388438085,-8.3904737578575919],[124.1120484147026,-8.3906043672976693],[124.11214077417742,-8.3906701005446394],[124.11216727539954,-8.3907554596966634],[124.1120163988378,-8.3910652572557751],[124.11193975771369,-8.391321475905329],[124.11197119621374,-8.3915954453734685],[124.11196936879139,-8.3916605535916347],[124.1119078911363,-8.3917194268100275],[124.11185353970916,-8.3917714759728028],[124.11178013434574,-8.3917915380490058],[124.1116957428643,-8.3917439756039585],[124.11164475939825,-8.3916457111805585],[124.11164679006743,-8.391443554376508],[124.11181694629511,-8.3911121011424825],[124.11189846174466,-8.3909419763910478],[124.11190427406302,-8.3908482418528365],[124.11148163407017,-8.3906107569807773],[124.11126738408257,-8.3905271479094949],[124.11117632232947,-8.3904666631059968],[124.11114539914092,-8.389755303864149],[124.11112572737045,-8.3895324923306021],[124.11104969688608,-8.3894008819451074],[124.11053330616721,-8.389235272689632],[124.11015324277798,-8.3891409607866763],[124.10988938438766,-8.38877572631867],[124.10978416460762,-8.3885451320521724],[124.10977707435256,-8.3883284422037718],[124.10975611835022,-8.3876880070957895],[124.10973574331001,-8.3874452566931836],[124.10966597660365,-8.3873214919931911],[124.10928075919969,-8.3870391948029237],[124.1091479778969,-8.386957430241182],[124.10885707059742,-8.386960756833389],[124.10841463382837,-8.3871119445605586],[124.10816058704154,-8.3871783361112762],[124.10743421181951,-8.3872361948944558],[124.10695310330311,-8.387397149258959],[124.10676560185107,-8.3875317112194239],[124.10653882160943,-8.3877857103422002],[124.10645714967779,-8.3880277727634507],[124.10646958730172,-8.388193164382983],[124.10663042475437,-8.3883284422037718],[124.10686002527007,-8.388521553626731],[124.10716241511341,-8.3888379908805177],[124.10724608713724,-8.3889964136535013],[124.10726235317509,-8.3893839450129803],[124.10722072805424,-8.389671164192805],[124.10706077373572,-8.3899220552585803],[124.10677435225466,-8.3901416013537755],[124.10655190044986,-8.390303038654281],[124.10642774274618,-8.3904926013524346],[124.10634683703699,-8.3907196172165186],[124.10634902508752,-8.3908343356360433],[124.10732119581655,-8.3917218360938364],[124.10742086857829,-8.3918638507360583],[124.10746678976057,-8.3920490544202835],[124.10744533733248,-8.3923350703071833],[124.10740680587946,-8.3924517420542202],[124.10729735299049,-8.3925343816563327],[124.10724561769121,-8.3925345228499282],[124.10726246199306,-8.3923354597136495],[124.1073041806435,-8.3921211009080139],[124.10720071184346,-8.3918307727719252],[124.10705191631291,-8.3916225077724675],[124.10667186821217,-8.3913572734193735],[124.10644991463187,-8.3912216637487518],[124.10632018113154,-8.3911303196085214],[124.10623024443032,-8.3908634448920338],[124.10619427514575,-8.3906861318594679],[124.10624221170872,-8.3904320230194003],[124.10663643132625,-8.3899131168967642],[124.10680107111261,-8.3896326318404135],[124.10689625805594,-8.3894325389804294],[124.10689918085257,-8.3892595390964289],[124.1066923691576,-8.3891941952558682],[124.10573952485925,-8.3890431010582347],[124.10552858707467,-8.3889687568026261],[124.10508054033471,-8.3886328510251928],[124.10495997812052,-8.3885100710828624],[124.1049348987267,-8.3883936322602608],[124.10493937015588,-8.3883284422037718],[124.10494529129221,-8.3882421171799137],[124.10490986789614,-8.3880424595918157],[124.10497875866281,-8.387715695422969],[124.10511218028296,-8.3873318198075708],[124.1051225089966,-8.3869742421674687],[124.10506730591146,-8.3863418047304776],[124.10502216534076,-8.3860166485494574],[124.10505433678827,-8.3858002572760029],[124.10511200941176,-8.3856605026300599],[124.10519307070376,-8.3854640700107552],[124.10549271221896,-8.3849824920483229],[124.1055912122647,-8.384850960803135],[124.10563566485416,-8.384375178971311],[124.10563605605921,-8.3843398050379392],[124.10563025902934,-8.3840887422016408],[124.10576143144499,-8.3837175065576162],[124.10580346216011,-8.3834577113042883],[124.10577058744275,-8.3831494138143512],[124.10569521166474,-8.3821065698622874],[124.10570229022858,-8.3817311011093807],[124.10588155479002,-8.3808370230101445],[124.10601464905687,-8.3804065067548095],[124.10622992966762,-8.3799332268368971],[124.10657679008682,-8.3791708355655601],[124.10662458635568,-8.3790030553466863],[124.10660082087122,-8.3787955547709885],[124.10652853966042,-8.3786797580643224],[124.10610485285679,-8.3785637572115661],[124.10600849319746,-8.3785317575345175],[124.10585396179101,-8.3782975084232021],[124.10561872702272,-8.3780722894045994],[124.10555539946222,-8.378001007340572],[124.10554204003313,-8.3778091945386564],[124.10554946213801,-8.3776720856981228],[124.10533694694266,-8.377323272850731],[124.10520847788905,-8.3771958506079613],[124.1049107267487,-8.377088492240091],[124.10456257130568,-8.3770320381979673],[124.1042530093689,-8.3770197579553951],[124.1039179003908,-8.3771064292183155],[124.10357950888726,-8.3771387733356732],[124.1034947279993,-8.3771198363113513],[124.10314943060177,-8.37668649168819],[124.10289388374576,-8.3764205387768129],[124.10266866472716,-8.3761658507733614],[124.10256708720135,-8.3759983511429255],[124.10247864967005,-8.3757949919452699],[124.10232899258904,-8.3756297424186528],[124.10191125929725,-8.3753763827138528],[124.10116452522277,-8.3751439763133817],[124.10087788790429,-8.3750030822264421],[124.10087273209092,-8.3750005470375868],[124.1008721808065,-8.3750002727443302],[124.10087163132084,-8.37500000024977],[124.10077197834414,-8.3749510069833377],[124.10011819729698,-8.3746184916500397],[124.09969650878691,-8.3744120855492383],[124.09955457238561,-8.3743490071009319],[124.09941594638883,-8.3743388042923357],[124.09930071175847,-8.3746844299424197],[124.09925899310815,-8.3747900229411698],[124.09923282193722,-8.3748433203629133],[124.09894403973567,-8.3746728673588677],[124.09887707082021,-8.3746316019668257],[124.09837881672911,-8.37500000024977],[124.09837846329549,-8.3750002583552146],[124.09837811885518,-8.3750005092660444],[124.0983743219175,-8.37500331694946],[124.09835118146191,-8.3750204292493891],[124.09772769587653,-8.3754501945707602],[124.09761277421023,-8.3757442261151027],[124.09747280642489,-8.3757807421874304],[124.09746532136751,-8.3757682263225206],[124.09742702463757,-8.3757041478281167],[124.09743742979356,-8.3753413667106429],[124.0974201807968,-8.3752069135681495],[124.09734211784451,-8.375145428718497],[124.09723730545738,-8.375083694756654],[124.09719134380555,-8.3750034221701526],[124.09718966567061,-8.375000491279593],[124.09718952357775,-8.3750002421674026],[124.09718938238416,-8.3749999921558924],[124.09710836875627,-8.3748584919258064],[124.09690091494531,-8.3744139921120109],[124.09678446173359,-8.374304944817311],[124.09659046178047,-8.3742666948520537],[124.09634483714456,-8.3743037568128784],[124.0962179616896,-8.3743785696152599],[124.09609941485621,-8.374517507676785],[124.0959466029534,-8.3745547728844372],[124.09579822830563,-8.374541601413739],[124.09562042963921,-8.3744534597593088],[124.09537536797893,-8.3743081005383715],[124.09489483592802,-8.3740344449336135],[124.09466107245055,-8.3738843363929618],[124.09445044583151,-8.3738478508975618],[124.09417518133966,-8.3739156642764669],[124.09384036823849,-8.3740622582665765],[124.09329558682191,-8.3743339758322577],[124.09326100878855,-8.3743431947825684],[124.09297046211725,-8.3743770695460853],[124.0926315400136,-8.3744133976601347],[124.09246410243645,-8.3744466006300513],[124.09234815014702,-8.374419772954127],[124.09215915042455,-8.3742846165417859],[124.09180108715054,-8.3742405542581082],[124.09161472783751,-8.3742611487329555],[124.09143188397434,-8.3743191945751505],[124.09111422813919,-8.3746242733914755],[124.09101519659407,-8.374756460242395],[124.09087255512441,-8.3750000047463686],[124.09087250835967,-8.3750000838867322],[124.09087245979629,-8.375000163027039],[124.09087236087078,-8.3750003249050451],[124.09087025285999,-8.3750039266898284],[124.09050232222444,-8.3756322416346052],[124.09025921209297,-8.3758951476428933],[124.09013714980972,-8.375977601085367],[124.09005591494861,-8.3759910540438796],[124.08998446201338,-8.375946132907643],[124.09054203268875,-8.3750039500721982],[124.09054418206836,-8.3750003204083896],[124.09054422883321,-8.3750002421674026],[124.09054427739659,-8.3750001639263587],[124.09054437632199,-8.3750000020484094],[124.09069460177454,-8.374746133327335],[124.09087602470879,-8.3743813512183465],[124.09098019587941,-8.3740945232436275],[124.09101955560811,-8.3737967568148406],[124.09082171195246,-8.373066320254452],[124.09054846194203,-8.3726603833699755],[124.09048964897818,-8.3725507569118349],[124.09057564934676,-8.3723882566126804],[124.09100283721125,-8.3716735393023782],[124.09136239875579,-8.3705508670288395],[124.09140454008752,-8.3702521482180146],[124.09137318072771,-8.3699161480117823],[124.09120219622446,-8.3696262569461624],[124.09114758579256,-8.3695176476213078],[124.09082180638131,-8.3685211475328742],[124.09070069737936,-8.3683008828793959],[124.09050896191911,-8.3679611477887192],[124.09054058657887,-8.3678685230138967],[124.09080007066677,-8.3674846797741225],[124.09084091517616,-8.3673664288176042],[124.09078499263342,-8.3672364129300831],[124.09061289926592,-8.3670916166847178],[124.0904109618964,-8.3669786483458779],[124.08981063295437,-8.3669348036982001],[124.08949885328946,-8.366989163219273],[124.08945372710787,-8.3669800081208336],[124.08949597815695,-8.3668496172160189],[124.08963696217609,-8.3665486006373726],[124.08967836876172,-8.3662484294214323],[124.08969311764338,-8.3659241168044787],[124.08973299268348,-8.365421070226148],[124.08978529005913,-8.3652406788142457],[124.09025624343099,-8.3648476013356685],[124.09059405487176,-8.3645229451777254],[124.09078782100119,-8.364302303708314],[124.09102947692884,-8.3641839142562162],[124.09135603964955,-8.364073037740468],[124.09161150916384,-8.3638742569913234],[124.09171988376568,-8.3637935230526068],[124.09193871220191,-8.3637922577065069],[124.09220429009599,-8.3638076792809102],[124.09265758707807,-8.3636775230991702],[124.09301060335667,-8.363464284848817],[124.09436513434355,-8.3626460861478904],[124.09456786761302,-8.3625148040149497],[124.0947821337885,-8.3624427107624228],[124.09546743067745,-8.3624445390841515],[124.09562970614604,-8.3624428312716077],[124.09567888197489,-8.3624423141613988],[124.09568365737493,-8.3625580443182344],[124.0958502190125,-8.3625509046005391],[124.09586687535602,-8.3627460206122919],[124.09616906734868,-8.3627602982490998],[124.0965196185856,-8.3626298641768244],[124.09652666477382,-8.3626272417537848],[124.09652691478539,-8.3626271949889883],[124.09652703979111,-8.3626271707072988],[124.09652716389758,-8.362627147324929],[124.09676343108754,-8.3625816020592652],[124.09684827492799,-8.3625652415925629],[124.09683757209632,-8.3625123308793263],[124.09683357101255,-8.3624925538882167],[124.09674564699412,-8.362509974655552],[124.09674562001442,-8.3625099800514704],[124.09674559303471,-8.3625099845481259],[124.09662520798702,-8.3625338318707918],[124.09661915824756,-8.3625350306670612],[124.09660397769153,-8.3625380388993449],[124.09660386527628,-8.3625380739728712],[124.09660382300808,-8.3625380865634042],[124.09660368091522,-8.3625381333281439],[124.09659894598462,-8.3625116006298299],[124.09659856557141,-8.3625094656392776],[124.09659682898052,-8.362499716088962],[124.09657797829118,-8.3623939099509244],[124.09657440438536,-8.3623738505726806],[124.09657433333882,-8.362373462065591],[124.09657425779585,-8.3623730708604853],[124.09677558722365,-8.3623271478795118],[124.0967933731157,-8.3623230919370712],[124.0968790524264,-8.3623035550649547],[124.09692030612734,-8.3622941481563657],[124.09690343124839,-8.3622241332371345],[124.09690391508366,-8.3622240531974512],[124.09690488275419,-8.3622238823262478],[124.09712469594797,-8.3621938512652036],[124.09714916740018,-8.3621772659680005],[124.09723063428646,-8.3621220538896068],[124.09732678979958,-8.3620848983993028],[124.09731464985123,-8.3617605857823492],[124.0972929618008,-8.3616075859213197],[124.09720854064165,-8.3614824920233559],[124.0971458533985,-8.3613789602707698],[124.0971344616861,-8.3609833359121808],[124.09718371215865,-8.3608082729833768],[124.09722957398571,-8.360752424184966],[124.09731830559542,-8.3606443670438466],[124.09749419590048,-8.360554477107371],[124.09761215008075,-8.3604901629905726],[124.09766429007504,-8.3604002730540969],[124.09765821245662,-8.3602727410940929],[124.09754920293346,-8.3600851317233946],[124.09740745089323,-8.3598411699339863],[124.09731311920518,-8.3596788198216245],[124.09712196920361,-8.3594416973763828],[124.09707728998501,-8.3593862730580213],[124.0966718369358,-8.3590397732668862],[124.09645671190776,-8.3588837408918835],[124.096400337006,-8.3587829134006597],[124.09641243108888,-8.3587248306863557],[124.0964476341511,-8.358555772530849],[124.09649393035068,-8.3584298035925144],[124.09636550896118,-8.3581734446486848],[124.0963026967122,-8.35801613163909],[124.09632189903652,-8.357880132562002],[124.09637700859219,-8.3576997879148394],[124.09636450801565,-8.3575789918769487],[124.09630794605494,-8.3574914293859024],[124.09617460267589,-8.3574468041266528],[124.09587211840358,-8.3573059613010514],[124.09576988437277,-8.3572748672413013],[124.0955467122111,-8.3574004143975458],[124.09541463417804,-8.3575047888148788],[124.09527944718877,-8.3575383668021459],[124.09499452397813,-8.3574631484055431],[124.09471457132042,-8.3572470080429184],[124.09453067974709,-8.3570230849473432],[124.09448946201917,-8.3569097730675139],[124.09449452430295,-8.356645195219528],[124.09445158707115,-8.3564754292975749],[124.09428318092409,-8.3563354911898955],[124.09384224422422,-8.3561466947141412],[124.09377261781208,-8.3561697110632736],[124.09368157134747,-8.3562971333059863],[124.09347505642882,-8.3563304450939313],[124.09317975863905,-8.3562663513110351],[124.09212071160164,-8.3559675065951069],[124.09160688395059,-8.3557464613300567],[124.09127975825436,-8.3556898508059021],[124.09111439901039,-8.3557132421723281],[124.09063218073061,-8.3557219916765462],[124.09034175906504,-8.3558334608454743],[124.0899453531955,-8.3560738523264035],[124.0892840709032,-8.3561073979379898],[124.08910608697636,-8.3561250066636603],[124.08895407097361,-8.3561769290220127],[124.08888685834188,-8.3561779803295053],[124.08883827516638,-8.3561787393572899],[124.08882510279636,-8.3561789453020197],[124.08754381799292,-8.3560347507031452],[124.08747481391163,-8.3560870993401295],[124.08749926018277,-8.3561482055751526],[124.08751091539648,-8.3561578364149796],[124.08755544712619,-8.3562458980297265],[124.08754849266882,-8.3562642343069342],[124.08751207192461,-8.3563602729082049],[124.08732838269873,-8.3565104920655244],[124.08716200901961,-8.3566227571344598],[124.08696839937215,-8.3570301949874874],[124.08692544685198,-8.3575838185383304],[124.08689468104478,-8.3577829293386685],[124.08671669621867,-8.3580689290378132],[124.08656594736067,-8.3582521173412943],[124.08640868111581,-8.3584161482865511],[124.08627982085716,-8.3587202099696469],[124.08612379028079,-8.3592166321417949],[124.08593310163144,-8.3594028043958701],[124.08585450897851,-8.3594413979021169],[124.08575291526483,-8.3593278818761974],[124.08569143131456,-8.3591082890162625],[124.0857084770646,-8.3589051483538697],[124.08582078979771,-8.3587902113990822],[124.08599371234004,-8.3585641317292243],[124.08606974372378,-8.3579233198053089],[124.08606057243753,-8.3575223669636216],[124.08592119640616,-8.3571798044043817],[124.08567133686279,-8.3562858036468697],[124.08558072656933,-8.3560464292992265],[124.08541161895107,-8.3557789286546154],[124.08535993131579,-8.3554470698263685],[124.08539078975321,-8.355205147699337],[124.08575005632008,-8.354669648185677],[124.08582555530518,-8.3545070552563629],[124.08576671086507,-8.3541921315616037],[124.08571939933086,-8.3538997268908588],[124.08573146193748,-8.3536084607617909],[124.08573136930727,-8.3533691169911322],[124.08572855622799,-8.3528329915492918],[124.08571771220272,-8.3523503047227337],[124.0856579297697,-8.3520451009006251],[124.08533858680642,-8.3514013508915923],[124.08517968109743,-8.3511329922936852],[124.08514554013459,-8.3510241167695085],[124.0851741017035,-8.3506342876422082],[124.08522985337504,-8.350245258012194],[124.0852184778505,-8.3499196791498207],[124.08523702366972,-8.3494163816606601],[124.08527961825985,-8.3492251947868681],[124.08550105562927,-8.3489587886171535],[124.08579685164341,-8.3488030233407926],[124.08603253966999,-8.3486939445698454],[124.08624294595529,-8.3484891626446824],[124.08644127434536,-8.3481858815731016],[124.08661274358326,-8.3477577422259515],[124.08654682057931,-8.3470214447838202],[124.08660203985232,-8.346577444993045],[124.08657966471981,-8.3459311642917555],[124.08652241477773,-8.3453866481752357],[124.08652802384927,-8.3452573040812581],[124.0866081336585,-8.3451483656045298],[124.08700286768828,-8.3446858505715227],[124.0873081974155,-8.3439478660011446],[124.08751566471619,-8.3431713355886359],[124.08765410275475,-8.3425964142930411],[124.08783675865959,-8.342259867298992],[124.08797461843392,-8.3419403363773768],[124.08802443098273,-8.340828820193849],[124.0881477433237,-8.3404794596592637],[124.08819555578032,-8.3403063185816677],[124.0881566645985,-8.3399760542514514],[124.08813777433886,-8.3384405535886117],[124.08811349264363,-8.338106554373951],[124.08779814986474,-8.3368635231330472],[124.0874108694162,-8.3358035695790136],[124.08684419670237,-8.3352197566863993],[124.08671457921457,-8.3350227494003093],[124.08658496172666,-8.3348257421142762],[124.08636125896498,-8.3344691006684002],[124.08596232060472,-8.333684352250998],[124.08583953976301,-8.3334154288788795],[124.08574157121654,-8.3332051475994149],[124.08569438378879,-8.3329414447917998],[124.08572603992491,-8.3321945857115338],[124.08573786780846,-8.3312898659345365],[124.08566033725481,-8.3303476938909284],[124.08530480467311,-8.3282801165341311],[124.08519882136852,-8.3273463819299423],[124.08520019643197,-8.3269902881712028],[124.08546875917591,-8.3265189759699183],[124.08564018074981,-8.3262640388542764],[124.08574649320622,-8.3260691800485915],[124.08589058708094,-8.3258883506667871],[124.08595089921471,-8.3257460068726914],[124.0859043368157,-8.3255596637474127],[124.08581513306206,-8.3253134761359888],[124.08582003976312,-8.3250245698279741],[124.08587938422625,-8.3248389128854683],[124.08602886773815,-8.3245321640280849],[124.08626753971521,-8.3231790072053968],[124.08633082141034,-8.3227068829162931],[124.08630090006659,-8.3225791009447221],[124.08620341535539,-8.3224627565509195],[124.0859794311059,-8.3223999443019352],[124.08540797759611,-8.3224888665678805],[124.08532313375565,-8.3224748362446235],[124.08527527543367,-8.3223175070472735],[124.08529461805222,-8.3220258353239842],[124.08560268081908,-8.3210748202467357],[124.08570811823517,-8.3208760538867068],[124.08617875864286,-8.3204645699838693],[124.0864631962196,-8.3200614758563916],[124.08653150782288,-8.3199162893052403],[124.08598024319372,-8.3194402727503416],[124.08589691471093,-8.3193326481830923],[124.08584757160816,-8.3190042256644574],[124.08585013377672,-8.3187113821245475],[124.08595332108894,-8.318309741301448],[124.086034164745,-8.3180382260832175],[124.0860364616135,-8.3177512263379754],[124.08562058722043,-8.3167128358286391],[124.08548641466632,-8.31639660092236],[124.08538483714062,-8.3161775233739377],[124.08525343090116,-8.3160146480574895],[124.0852166342404,-8.3159863670771301],[124.08518069733134,-8.3153911166066905],[124.0851802431738,-8.3152966158460799],[124.08517105569967,-8.3148848351669358],[124.08516641519793,-8.3148454133850578],[124.08512485213032,-8.3140449286304943],[124.08501107170366,-8.3135772568848552],[124.08487108593192,-8.3133853667412154],[124.08468944716037,-8.3130838672266236],[124.08450108685577,-8.3127769448001345],[124.08387297785566,-8.3119198360315636],[124.08333332077621,-8.3112491639177506],[124.08304516540215,-8.310688851209477],[124.08238660265965,-8.3097862259535304],[124.08176238412682,-8.3090260856852751],[124.08086955608519,-8.3076726320862804],[124.08059916501952,-8.3073081476528614],[124.08040814901688,-8.3068972725910157],[124.08013936773773,-8.3066481477937373],[124.07939099419912,-8.306100709779912],[124.07918816470215,-8.3059638509508886],[124.07841530622147,-8.3054766477290514],[124.07828436762952,-8.305329194886383],[124.07811575913502,-8.3049644127773945],[124.07798613445266,-8.3047366172010584],[124.07774768011143,-8.3044955854028899],[124.07754871230327,-8.3043391006689262],[124.07679444640667,-8.3037395856133571],[124.0761528997366,-8.303140867357115],[124.07566604005581,-8.3026804756233901],[124.07532066531655,-8.3025772100701261],[124.07504218125177,-8.3024703975907528],[124.07469868069961,-8.3023532878738706],[124.07396755615787,-8.3018356012319714],[124.07353030577906,-8.3015432891913861],[124.07321699277009,-8.3013893828137384],[124.0722215871566,-8.3010505686287956],[124.07197507219189,-8.3009453830229631],[124.07156505508328,-8.3008152259419035],[124.0713189619006,-8.3008913508551245],[124.07074963438822,-8.3010144293723442],[124.07019380569966,-8.3010092573712768],[124.06990319607576,-8.3009502726369533],[124.06953664859748,-8.3008217415301147],[124.06943154033343,-8.3006900376150838],[124.06924700934212,-8.3004571635672164],[124.06895707241108,-8.3002896477490253],[124.06874086819653,-8.300230288896671],[124.06862525944825,-8.3002595852116201],[124.06855714929304,-8.3003522891268062],[124.0684193677597,-8.3005050695532532],[124.06831258675652,-8.3005152885496614],[124.06808638298025,-8.3004514771538993],[124.0680066967517,-8.3004167255513721],[124.06790396179849,-8.3003387417394947],[124.06789918100242,-8.3002766012840539],[124.06795057096213,-8.3001170390700736],[124.06799502445085,-8.2999197260144797],[124.06791385344161,-8.2998576332231551],[124.06605125945816,-8.298907976122166],[124.06564011819694,-8.2986321792316176],[124.06526224285824,-8.2983946008301359],[124.0645629003576,-8.2981113197815262],[124.06439758697911,-8.2980435702544924],[124.06427257132214,-8.2979266952607418],[124.06410236832971,-8.2976932258616216],[124.06395308716526,-8.2975427890684159],[124.06354025877602,-8.2972425701884163],[124.06310883690333,-8.2969269135462014],[124.06250369568909,-8.2963831951283282],[124.06199313437571,-8.2959717256146064],[124.06162066486183,-8.2956079606388471],[124.06140152526029,-8.2953420553914725],[124.0612549771356,-8.2950706013271542],[124.06118035319082,-8.2947702421528788],[124.06115513440204,-8.2941810225361223],[124.06111786829501,-8.2939122259684268],[124.0609651499218,-8.2934667261084769],[124.06077368066087,-8.2931783198235394],[124.06059630557513,-8.2931021319577667],[124.06005257096945,-8.2930466482841325],[124.05967313440772,-8.2930560542934018],[124.05924243109337,-8.293023365735678],[124.0586632587025,-8.2929729758221242],[124.05847971156948,-8.2930008035442029],[124.05813336826043,-8.2931557882089919],[124.05746671161955,-8.2934768353875938],[124.05680152537013,-8.2937308668859373],[124.05644913412027,-8.2938791318164249],[124.05599521210945,-8.2940740391854888],[124.05567738360446,-8.2942991331983649],[124.05531982125285,-8.2944903047836647],[124.05487530525124,-8.2946725703827724],[124.05437197808442,-8.2949358361199188],[124.05412174262437,-8.2949947273247631],[124.05357525789191,-8.2951012421285668],[124.05340358720582,-8.2952416946484391],[124.05308427392015,-8.2954916162450445],[124.0527266648038,-8.2957410387178925],[124.05187911762721,-8.2963671476256877],[124.05099043096368,-8.2967781333041444],[124.05046732140977,-8.2970027102068684],[124.05020864940968,-8.2971572101370725],[124.05014361763392,-8.2972830549689434],[124.05001725928912,-8.2976023817444684],[124.04983138381135,-8.2978336334153937],[124.04962683571,-8.2979867259066395],[124.0484483838859,-8.2988509141383133],[124.04775424306388,-8.2994688670945038],[124.0472188298852,-8.3000400256266289],[124.04715208580023,-8.3001112258523335],[124.04618164896397,-8.3009746325731726],[124.04585193142157,-8.3013135699652594],[124.04546603862684,-8.3016514452579599],[124.04509360328723,-8.3019858833417857],[124.04483639898069,-8.3021770846047502],[124.04480583642032,-8.3022042702108365],[124.04470088104085,-8.3022976252351555],[124.04453585274746,-8.3024444143781579],[124.0439313059851,-8.3029222727446381],[124.04335469576267,-8.3033960068202077],[124.04309157121907,-8.3035937110808504],[124.04266160265092,-8.3039051022386161],[124.04182424299449,-8.3045115231881823],[124.04159779010604,-8.3046754300270322],[124.04141127431092,-8.3048760229100935],[124.04094549294018,-8.3054615696956375],[124.04056135202484,-8.3058281162744834],[124.04023361838688,-8.3060678980150442],[124.03986724267918,-8.3063858830020649],[124.03972816522275,-8.3064959303428623],[124.03913774321234,-8.3068026800995654],[124.03879919702536,-8.3069998672499992],[124.03806924340097,-8.3075988822825479],[124.03767843041533,-8.307909429876247],[124.03743114922827,-8.3080292105795479],[124.03722246244672,-8.3082042105558003],[124.03694933744202,-8.3084670383231014],[124.03644128973383,-8.3087689910960307],[124.03618400808557,-8.3091310860307317],[124.03594202480463,-8.3092945540004166],[124.03575283622445,-8.3094607891840155],[124.0354915094257,-8.3095069298009321],[124.0352014304018,-8.3095788818598635],[124.03513138310689,-8.3096908357634334],[124.03509319609418,-8.309732226161259],[124.03498060187337,-8.3097667106651443],[124.03416093008298,-8.3098087108033383],[124.0339362587514,-8.3098163505441107],[124.03342297698885,-8.3096996644079582],[124.03268174316793,-8.3094220230079259],[124.03198172707516,-8.3093106788447244],[124.03147463444691,-8.3094777728808822],[124.03117686801806,-8.3095888832203286],[124.03076254045891,-8.3097431790044425],[124.03042558697132,-8.3099543200357857],[124.02918194688937,-8.3107209920800642],[124.02879839862726,-8.3108500241092997],[124.02836769621229,-8.3109505071601575],[124.02727419704661,-8.3111031787686329],[124.02574883713919,-8.3116595542450113],[124.02539689914761,-8.3118706638000504],[124.02452878987185,-8.312516820394876],[124.02432594598565,-8.3127457877878328],[124.02377227387137,-8.3134841950395071],[124.02301227389739,-8.3146056945971054],[124.02285253991283,-8.3148347258418767],[124.02241900912998,-8.3154453825982841],[124.02210282098849,-8.3158964141881029],[124.02204363390661,-8.316005788836037],[124.02187532218841,-8.3162448511189382],[124.0216497587295,-8.3165877886954718],[124.02148899322253,-8.3167956948653909],[124.02143094558176,-8.3168270542251435],[124.02139075937612,-8.31686510184295],[124.02109316471785,-8.3172291635949591],[124.01963318102651,-8.3189441005897038],[124.01929233707176,-8.3193214606168908],[124.01900269601765,-8.3195949759273731],[124.0187513364051,-8.3198892260069215],[124.0183030243652,-8.3203847272732787],[124.01802049335117,-8.320713131805519],[124.01754639864748,-8.3213637418431858],[124.01641319711143,-8.3222979917588873],[124.01534494641226,-8.322954881762314],[124.01414193140511,-8.3235763043029465],[124.01371650801048,-8.3239227744164737],[124.01346844621185,-8.324212803977673],[124.0129918046282,-8.32473894514618],[124.01268263389647,-8.3251320082355278],[124.01255103969879,-8.3253331317185939],[124.01237097833803,-8.3255472270228665],[124.01227384885908,-8.3256238213821803],[124.01210365306122,-8.3257580326070979],[124.01147371214222,-8.326254789327038],[124.01061467972374,-8.3267548672432667],[124.00890303784502,-8.3276791553686849],[124.00862035304692,-8.3278318053934299],[124.00818893027497,-8.3280606792569074],[124.00757725908329,-8.3283949140939626],[124.00731313359427,-8.3285762264116556],[124.0066893988967,-8.3291112259022952],[124.00642985275556,-8.3292673203305299],[124.00625571882642,-8.3293056683218651],[124.00619925938838,-8.3293181005498695],[124.00530550864232,-8.3292878041887661],[124.00445985184081,-8.3292791005500249],[124.00336418081235,-8.3292677726894908],[124.00260519887092,-8.3295675050362661],[124.0018481028078,-8.3298664918450527],[124.00164266527679,-8.3300179610599798],[124.00136475857676,-8.3303170863644027],[124.00112936822586,-8.3305843666751116],[124.00101375767883,-8.3307954447539032],[124.00093286815741,-8.3309042888018325],[124.00074783714308,-8.3309669445687859],[124.00053036758243,-8.3309747893550252],[124.00034893115833,-8.3310209128847532],[124.00028796162019,-8.3311534450753584],[124.000279633898,-8.3313798359106386],[124.00024447760063,-8.3318949298071061],[124.00016713410605,-8.3320285699624606],[124.00006336763033,-8.3320993690905425],[124.00000384510145,-8.3321399815748691],[123.99999998970782,-8.3321426120918431],[123.99999973070305,-8.3321427910569241],[123.99999946360447,-8.332142989807096],[123.99953257157097,-8.3323986949437767],[123.99951261021886,-8.3324043426862318],[123.99950239481973,-8.3324072340066095],[123.99854613309765,-8.3326778202251717],[123.99808380512354,-8.332812663673451],[123.99735736784828,-8.3330825538167801],[123.99582494376625,-8.3335957942105097],[123.99576230508637,-8.3336167726958479],[123.99536130637921,-8.3337452417494546],[123.99471583686648,-8.3339391625622739],[123.99452943438598,-8.3339962731094488],[123.99421114902532,-8.3340937892969009],[123.99383525759117,-8.3342182581660609],[123.99352169636927,-8.3343881005303615],[123.99346974343393,-8.3344193285890924],[123.99312660171131,-8.3346255863017404],[123.99274950878282,-8.3348733360355709],[123.99265511773956,-8.3349635542246006],[123.99250657222058,-8.3351357420208387],[123.99246680509907,-8.3351496950023716],[123.99139024286546,-8.3357350232526528],[123.99122163257232,-8.3359294611756241],[123.99117463400216,-8.3359836786038386],[123.99037269594328,-8.3363188658229319],[123.98999836843007,-8.3364332568892223],[123.98963780594011,-8.3364783821715491],[123.98738118119661,-8.3366052567271822],[123.98681328990142,-8.3365875382842205],[123.9860323519116,-8.3365588346224513],[123.98562075829147,-8.3365474608965542],[123.98432288369418,-8.3364021007762972],[123.98328313340994,-8.336451788319323],[123.98279482222335,-8.3365110698299532],[123.98247706386542,-8.3366279951857791],[123.98224972784271,-8.3367116483238419],[123.98201441483343,-8.3368845852553477],[123.98174532238875,-8.3370792489081396],[123.98150451721972,-8.3372534493871058],[123.98124252492266,-8.3374429761124134],[123.98075413369634,-8.3378395852286076],[123.98042860069938,-8.3380946923161332],[123.97997982191134,-8.3384463820947872],[123.97957643100756,-8.3386357730224745],[123.97908261776865,-8.3388720546016089],[123.97810638390251,-8.3393773818606292],[123.97759933713974,-8.3395849597780511],[123.97612019698954,-8.34046715153778],[123.97608111784939,-8.3404904601665635],[123.97600363136257,-8.3405692416770876],[123.97587608591266,-8.340698921218177],[123.97567747783341,-8.3409008495945045],[123.97560919590774,-8.3409702727598187],[123.9753349926159,-8.3411491020493713],[123.97527708796724,-8.3411578650433853],[123.97526395426814,-8.3411598516457843],[123.97516411782988,-8.3411749602561827],[123.97489932144663,-8.3412327893616975],[123.97391027493927,-8.3414581162990089],[123.97334022796917,-8.3417640072030963],[123.97309871233574,-8.3419744908300686],[123.97305608716874,-8.342097459629997],[123.97290750927425,-8.3426101946047311],[123.97278605583188,-8.3427336013745617],[123.97236530531461,-8.3429691167312967],[123.97190392972266,-8.3431786012114344],[123.97057830564438,-8.3437942725875587],[123.97006614893371,-8.3440713671997742],[123.9696656493503,-8.3442975862645312],[123.96915911789904,-8.3445837100701397],[123.96888455577766,-8.3448039918107497],[123.96833944700791,-8.345154445021592],[123.96771890040702,-8.3456090703023165],[123.96590236790007,-8.3469135225410014],[123.96529160322495,-8.3473851018409277],[123.96482513387286,-8.347886335386022],[123.96447164904748,-8.3483869609893873],[123.96435516525878,-8.3485819600893478],[123.96416082086523,-8.3489065389056236],[123.96415507239874,-8.3489223822620602],[123.96411872809688,-8.3490003040207625],[123.96391274287885,-8.3493602576697299],[123.96378983613215,-8.3495442733494656],[123.9636676020782,-8.3497941023159115],[123.96351000758079,-8.3505244597359933],[123.96343018105802,-8.3509671636036842],[123.96336257092594,-8.3514983041034156],[123.96334688405148,-8.3522400226588616],[123.96330485333635,-8.3525717420921524],[123.96307305487767,-8.35312185109251],[123.96294066477992,-8.3533159292866799],[123.96272150899051,-8.3536463977629865],[123.962453305076,-8.3542314292370179],[123.9621359927819,-8.35498474185232],[123.96202289943733,-8.3552917892845926],[123.96186664942638,-8.3559861171655143],[123.96188824304807,-8.3561888198581187],[123.96205554033099,-8.3566813200868069],[123.96208657143814,-8.3568608040827712],[123.96205793072897,-8.3570762420748679],[123.96175205601264,-8.3579223980001984],[123.96106777445834,-8.3589211167160897],[123.96062844664561,-8.3595098830746224],[123.9604101182324,-8.359671554198826],[123.96027964998586,-8.3598078833271074],[123.96012346202826,-8.3600756168961539],[123.95995847780159,-8.3602983510879767],[123.95933128970728,-8.361042178553646],[123.95891672832443,-8.3615133981247709],[123.95836802496444,-8.3623463816801404],[123.95816488430205,-8.3626137573190249],[123.95771425920577,-8.3631721023106138],[123.95748650859559,-8.3634736476906255],[123.9569369778593,-8.3642219303977186],[123.95664769563473,-8.3646158199640581],[123.95602027371672,-8.3652664920549],[123.9555317592833,-8.3658504758187746],[123.95529307111838,-8.3661428508118547],[123.95491605463224,-8.3665280232496002],[123.95483692958067,-8.3665980696451356],[123.95438949258107,-8.3670439921864386],[123.95356532058315,-8.3679509917448058],[123.95330774305796,-8.3684245846268368],[123.95325016486333,-8.3686711949196706],[123.95323463357158,-8.3689346630042678],[123.95333429014545,-8.3694820083879335],[123.95340924324205,-8.3700342568753854],[123.95349544685746,-8.3707334599811247],[123.95344727467204,-8.3709558659204504],[123.95328397667424,-8.3711781477532554],[123.95298955572343,-8.3715535535536105],[123.95269424264529,-8.3719777098034456],[123.95249608602558,-8.3721328509502655],[123.95215344612473,-8.3723502107935701],[123.95204369735882,-8.3725968507640118],[123.95193366530646,-8.3729302888017401],[123.95169783698566,-8.3733194290483652],[123.95121653961166,-8.3739568667159574],[123.95108902473874,-8.3742614446099424],[123.95103444578308,-8.3743918346154373],[123.95098114926066,-8.3745761317829874],[123.95081638626732,-8.3749999930552121],[123.95081631971743,-8.375000163027039],[123.95081629003982,-8.3750002421674026],[123.95081626036222,-8.3750003213077093],[123.95081454895228,-8.3750047207911962],[123.95051969632698,-8.3757631478509325],[123.95024498671683,-8.3763120157868798],[123.94986389989913,-8.3770734285957928],[123.94970910319262,-8.3772602726434116],[123.94961285325064,-8.3774320701338638],[123.9493816501431,-8.3780275391395662],[123.94888502472418,-8.379361148298301],[123.94811927358569,-8.3810082566257051],[123.94727775906142,-8.3828221478238447],[123.94699933704987,-8.3831700847316029],[123.94646639880534,-8.3839638353626924],[123.94626174188591,-8.3844653665833562],[123.94606633719172,-8.3849442879484855],[123.94602146192096,-8.3851266479763922],[123.94596974280944,-8.3853369445442922],[123.94575013376175,-8.3860145081629867],[123.94567639924651,-8.386373444678668],[123.94552213403927,-8.3870322268557516],[123.94533754009547,-8.387536383197471],[123.94449071237659,-8.3896295381725849],[123.94424547804647,-8.390264725736472],[123.94403722833545,-8.3909493040670782],[123.94399546112174,-8.3911495803887988],[123.94387414977223,-8.3917312726800333],[123.94380133706215,-8.3923393348923696],[123.94375494643373,-8.3940457876828987],[123.94397486844548,-8.394768382155064],[123.94427868011701,-8.3954169300472472],[123.94468935283146,-8.3960688665848693],[123.94536713408604,-8.396962117307794],[123.94563963406188,-8.3975076946243803],[123.94576813369247,-8.3980736011157546],[123.94577524283329,-8.3983920852265328],[123.94576675862902,-8.3990491173228747],[123.94585160157021,-8.399878945157127],[123.94593707133879,-8.4003026796249287],[123.94615438441735,-8.4011178512078004],[123.94624125892699,-8.4013422257630737],[123.94637760334376,-8.4016942419956422],[123.94647400886845,-8.4021225702003903],[123.94675311796209,-8.403637960223648],[123.94675150907494,-8.404128366830605],[123.94668760235106,-8.4046537417767126],[123.94655815033843,-8.4050370076517424],[123.94635069742685,-8.4054188822755691],[123.94585493086038,-8.4064443989897768],[123.94546869632336,-8.4076206007101177],[123.94535121158924,-8.4078150539215812],[123.94527908686041,-8.4078771638000376],[123.94513172844654,-8.4080534138339544],[123.94476411796973,-8.4084650389303306],[123.9444548366215,-8.4087253198176199],[123.94384891479569,-8.4092931166839548],[123.94346105608292,-8.4097370382336862],[123.9427238827011,-8.4107230864012763],[123.94226486782941,-8.4113397569241783],[123.94175350881744,-8.4120325082935778],[123.94148857034133,-8.4126166332509911],[123.94134580476509,-8.4130669453831501],[123.94114319560208,-8.4136531486738022],[123.94073782079386,-8.4145979449391461],[123.94060427416798,-8.414862679269163],[123.94049471066239,-8.4151288201388752],[123.94045077428382,-8.4152025078893757],[123.94039628885776,-8.415262429717302],[123.94012913445204,-8.4156107416423538],[123.93979944568798,-8.4164428816336567],[123.93971241469626,-8.4166480079991288],[123.93944388432783,-8.4172809139829496],[123.93906549277835,-8.41802805455103],[123.93875249003543,-8.4186345060775238],[123.93869857118216,-8.4187389758230324],[123.93865547836765,-8.4187936635966594],[123.93864233567535,-8.4188103199402917],[123.93861598374076,-8.4188451632736019],[123.93859844606152,-8.4188683522925771],[123.93851813930075,-8.4189961567471983],[123.93820760159963,-8.4194903665871266],[123.93802930560798,-8.419831445264947],[123.93782420622222,-8.4200670379634062],[123.93778471609187,-8.4201123997673903],[123.93774062143257,-8.4201630495850281],[123.93772075810659,-8.4201858662846689],[123.93769036821595,-8.4202130851656989],[123.93720483683387,-8.4206480845414262],[123.93718728746342,-8.420676188355344],[123.93717737063923,-8.4206920649867811],[123.93697482083132,-8.4210163982880886],[123.93658083593687,-8.4218166168433299],[123.93643755325058,-8.4220369867175009],[123.93613839916782,-8.4224970861715178],[123.93605910504368,-8.4225482692871765],[123.93600908744952,-8.4225805549485813],[123.93553257177086,-8.4227619769836224],[123.93524008616112,-8.4229041795841795],[123.93501439679699,-8.4230593387174508],[123.9350106601139,-8.4230619080805695],[123.9349968995873,-8.4230713680491363],[123.93480972728719,-8.4231709445833758],[123.93480299316366,-8.4231724923166098],[123.93479625814086,-8.4231740391505241],[123.93464666401235,-8.4231879606558095],[123.934605632444,-8.4231863670571556],[123.93442652166675,-8.423179407203861],[123.93421200907699,-8.4231710713877987],[123.93382371239443,-8.4231554915326683],[123.9337098834045,-8.4232279301248241],[123.93365244640336,-8.4232686010650468],[123.93261574302221,-8.4242415389158509],[123.93245607109088,-8.4243107894113791],[123.93224631411613,-8.4243579876309695],[123.93207499326638,-8.4243965388691322],[123.93161300883332,-8.4245021768339257],[123.93143902419172,-8.4245419610426211],[123.93125541500547,-8.4246113518323682],[123.9311287886627,-8.4246124454080018],[123.93094178993169,-8.4246294605811158],[123.93057629016369,-8.4246679605578834],[123.93025819635875,-8.4246891476859673],[123.93012439882204,-8.424769038959937],[123.93000058645794,-8.4249399919870029],[123.92983050757198,-8.4251966171301547],[123.92948188268281,-8.4255491792511634],[123.92909452399317,-8.4260421642144365],[123.92874636675151,-8.4264264463233758],[123.92851624283037,-8.4265550862481859],[123.92784429008202,-8.4269397892398388],[123.92756236700973,-8.42723008589968],[123.92733763362492,-8.4274546484132316],[123.9272052579164,-8.4275602575997368],[123.92698657067376,-8.4276997406504393],[123.9268219668603,-8.4278188207819085],[123.92660392982759,-8.4279765546742169],[123.92643172044757,-8.4281489601063981],[123.92632902416517,-8.4282517733006443],[123.92603146188253,-8.4284272580114816],[123.92563068081131,-8.4286198829012164],[123.92550485216725,-8.4287689761073352],[123.92537633724828,-8.4288640704204454],[123.92512300901967,-8.4288956006514013],[123.92489453985115,-8.4289548210081193],[123.92434677538347,-8.4293171317801807],[123.92418008694153,-8.4293943511682983],[123.92398458691923,-8.4294893672404783],[123.92389169594503,-8.4294918826442427],[123.92359097704207,-8.4295375079495898],[123.92315757126494,-8.4296148199679237],[123.92303165538669,-8.4296093835661736],[123.92285899274839,-8.4296019290857203],[123.92275093021135,-8.4295528198067586],[123.9226950706211,-8.4295591951007509],[123.92222913276828,-8.4296934917612134],[123.92199399332821,-8.4298284916914668],[123.92198040007543,-8.429900944672795],[123.92203347716327,-8.4300281483803019],[123.92208406762563,-8.4301117790353146],[123.92223222823486,-8.4303566950054005],[123.92215883726055,-8.4308043046748935],[123.9220400404156,-8.4308637255804229],[123.92160960330057,-8.4309790231633315],[123.92154985324316,-8.431102475798582],[123.92143846141596,-8.4313140539003939],[123.92134627371161,-8.4312955233696698],[123.92133687219894,-8.4312926599282605],[123.92088250862093,-8.4311543037280785],[123.92074330615867,-8.4311976006886766],[123.92060291479277,-8.4313641803126416],[123.92065324265309,-8.4314712257164501],[123.92082053993602,-8.4315523040955327],[123.92103813360302,-8.4316776785819343],[123.92105079515818,-8.4317447787984747],[123.92107233661909,-8.4318589450342643],[123.9210368205928,-8.4319328198437233],[123.92084710321126,-8.4321423196122964],[123.92072434305408,-8.4322607081651313],[123.92061447737626,-8.4323666626912654],[123.9203797902951,-8.432521648255431],[123.92032050069065,-8.4325443984052413],[123.92020314905619,-8.4325894292587122],[123.92016482084989,-8.432564461380764],[123.92008193123615,-8.4324391786251454],[123.92006804210655,-8.4324055179002926],[123.91979179015902,-8.4317360229990186],[123.91964358638245,-8.4317903519431638],[123.91959364972718,-8.431905397715866],[123.91950021106595,-8.4321151331068336],[123.91931746163164,-8.4322923346235257],[123.91918228993075,-8.4324398818949931],[123.91911016520203,-8.432577211069372],[123.91910377461954,-8.4326128862756491],[123.91906866508691,-8.4328089133006756],[123.91903054012744,-8.433302225617183],[123.91895371194437,-8.4333270541002321],[123.91872575808736,-8.433381413621305],[123.91846266502,-8.4335272422883349],[123.91838291493968,-8.4334665857143136],[123.91823919608214,-8.4333176013261664],[123.91812857317518,-8.4333099274111873],[123.91804730593844,-8.4333042886619296],[123.91752383665585,-8.4334879446129207],[123.91748438429693,-8.4336198823516497],[123.91740830345054,-8.4338477004109791],[123.91737243039336,-8.4339551172348024],[123.91725311823689,-8.4340207875292776],[123.91713316306505,-8.4340594619745275],[123.91692182058557,-8.4341276009080275],[123.91656535270897,-8.4342175537969979],[123.9165067888573,-8.4343971169333258],[123.91652947695388,-8.4344924612580598],[123.91654589227915,-8.4345114585369174],[123.91672289864289,-8.4347163196024439],[123.91676085273127,-8.4348176803915749],[123.91670322687253,-8.4349113510779716],[123.91660938441566,-8.4349578352358776],[123.91639894575485,-8.4349797418215644],[123.9159567428095,-8.4349859597342061],[123.91593709711935,-8.4349800206114196],[123.91573107143188,-8.4349177416603993],[123.91555663443114,-8.4349022112679677],[123.91534657078762,-8.4349770078825372],[123.91519049344663,-8.4351099447681008],[123.91515296203966,-8.4352240228703295],[123.91508346243188,-8.435526648336122],[123.91493164877659,-8.4356372100891122],[123.91455764861666,-8.4359167112871773],[123.91454833703619,-8.4360536789341154],[123.91450098683117,-8.4362237767059014],[123.91449310157543,-8.4362521017530412],[123.91439350885344,-8.4363278984137082],[123.9143506957281,-8.4363598090578762],[123.91399669559109,-8.4366236629516607],[123.91399533491688,-8.4366814542856332],[123.91399238334191,-8.4368068197788375],[123.9139881493337,-8.4370475539014365],[123.91389358741924,-8.4372458822915632],[123.91378307063223,-8.4373195700420638],[123.91366395722594,-8.4373588542276821],[123.91361488391976,-8.4373750393265823],[123.91360216480814,-8.4374564135825949],[123.91364802393718,-8.4376223196143201],[123.91366482327305,-8.4377274395696418],[123.91366500943275,-8.4377286005943688],[123.91366482687033,-8.4377291590733989],[123.91359722842947,-8.437936867392466],[123.9134384153507,-8.43817125769732],[123.91344888435856,-8.4383658673908144],[123.9134057753563,-8.4386015536187529],[123.91338453966489,-8.4389231475851716],[123.91330550904206,-8.4391870230626296],[123.91342550918,-8.4392571333099795],[123.91372135195888,-8.4393632883849818],[123.9139342736479,-8.4393405229467362],[123.91414786802977,-8.4392574291869664],[123.91435617979391,-8.439083209822229],[123.91451714944697,-8.4389075380523764],[123.91470099335618,-8.4386745857634651],[123.91480983740416,-8.4386080386300364],[123.91506050903536,-8.4384431632213364],[123.9152979462433,-8.4382931949749036],[123.91535358639896,-8.4383450076159647],[123.91535386788678,-8.4386333833239178],[123.91547330504909,-8.4387563674123953],[123.91568839860076,-8.4388702566569691],[123.9157665712703,-8.4389239057136365],[123.91587279019723,-8.4389968038593679],[123.91585493145999,-8.4390821333337271],[123.91574230576282,-8.4392243197465291],[123.91529894628945,-8.4397100858517433],[123.91526722720084,-8.4397375547442834],[123.91516641769613,-8.439824830351597],[123.91492297661409,-8.440035585573753],[123.91488878978589,-8.4402122106249635],[123.9148766003749,-8.4402598908812365],[123.91485114776231,-8.4403594458316888],[123.91470755570924,-8.4409211021271062],[123.91465347677661,-8.4411353979801902],[123.91465314942332,-8.4413836018716779],[123.91473036791217,-8.4414897272690723],[123.91481016475734,-8.4414785073271901],[123.91489255614658,-8.4413846792594995],[123.91505458699964,-8.4410251635803775],[123.91518855630693,-8.441077257709253],[123.91531229042994,-8.4412009612553334],[123.9154408206374,-8.4413197733887841],[123.91583254013972,-8.4415871481283489],[123.91595841464914,-8.4414947257009771],[123.91604943143614,-8.4413549755516328],[123.91614440883745,-8.4412881118568066],[123.91614682171848,-8.4412864130374601],[123.91629088411707,-8.441294961093547],[123.91663064888542,-8.4414090230079637],[123.91665886241663,-8.4414291048692576],[123.91697452535414,-8.4416537878919371],[123.91734714865208,-8.4418764447420926],[123.91750712905082,-8.4417641508948122],[123.9177437586676,-8.4415980551061125],[123.91775057193138,-8.4416626012480265],[123.9177043836504,-8.4417721953304863],[123.91753702431424,-8.4419575366109711],[123.9174853834437,-8.4420147262985097],[123.91743207073353,-8.4421178515575548],[123.91747144575072,-8.4422618977683328],[123.91758396173054,-8.4425083830553831],[123.91762554008665,-8.4427323673048704],[123.91760138429652,-8.4431219599104566],[123.91747953964909,-8.4433351010340516],[123.91740999327658,-8.4435444128443464],[123.91739008678314,-8.4439335234133068],[123.91742897796507,-8.4443108816418544],[123.91755915033457,-8.4444685543802507],[123.91769255576685,-8.4445546006142536],[123.91789879009718,-8.4446205847721103],[123.91804189921436,-8.4446045075919187],[123.91812515035542,-8.4446089295583988],[123.91828616497457,-8.4446121644198229],[123.91832750860772,-8.4445257881345697],[123.91829536773707,-8.4444403345537467],[123.91821129011896,-8.4442093041160433],[123.91824436808315,-8.4440594761638295],[123.91838213432811,-8.4439280231596854],[123.91847996078161,-8.4437814291695759],[123.91849355583304,-8.44366878908329],[123.91856421106957,-8.4433790697881932],[123.918488540314,-8.4432567727818082],[123.91844054799299,-8.4432064943841851],[123.91838557063761,-8.4431488982030487],[123.91832744565511,-8.4429824759604344],[123.9183364928349,-8.4427923817629562],[123.91838397793833,-8.4427473823857326],[123.91875452470163,-8.4423476391322083],[123.91893132062398,-8.4421569127113116],[123.91895557084297,-8.4421307100641911],[123.91902608668465,-8.4419845225676227],[123.91904725043037,-8.4419344402222123],[123.9191114314475,-8.4417825537218505],[123.91924610312526,-8.4417559760573795],[123.91989916471471,-8.4417608036181377],[123.92002946209004,-8.4418326630469096],[123.92010321369241,-8.4420556238678728],[123.92013153963887,-8.4421412573131533],[123.92018974286236,-8.4421129142795053],[123.92022579578395,-8.4420696919626721],[123.92040403961482,-8.4418560067492763],[123.92046780604448,-8.4418811320085752],[123.92053761771695,-8.4419927423710988],[123.92052144610795,-8.4421446171803041],[123.92043496190399,-8.4422977726240447],[123.92035040224937,-8.4424506987406858],[123.92017264944832,-8.4427721632047223],[123.9196516811802,-8.4446680851639258],[123.91966371231058,-8.4456861950617963],[123.91955766515423,-8.4459415539595284],[123.91948693077734,-8.4462114450021204],[123.91949947721912,-8.4463559129949317],[123.91956478059024,-8.4464675836120477],[123.91960180567889,-8.4465308976827487],[123.91961052460613,-8.4466296954040558],[123.91942937596502,-8.4471599114007176],[123.91935296236943,-8.4473835700956101],[123.91916408675331,-8.4476592410810554],[123.91910186805683,-8.4477606009709234],[123.91910068095171,-8.44803856972419],[123.91905622746299,-8.4481700065405221],[123.91913285329861,-8.4485128991509555],[123.91924955472325,-8.448490836083181],[123.91939863443952,-8.4484953353913852],[123.91956743089224,-8.4485746322134787],[123.9197282593517,-8.4486578671667871],[123.91981157074747,-8.4486329595433745],[123.9199125088553,-8.4485214597974618],[123.92002208585063,-8.4484176006916982],[123.92028530662162,-8.4481129058858642],[123.92033127546802,-8.4480596947990421],[123.92049996130424,-8.4478839133118981],[123.92051572821833,-8.4479857102722917],[123.92049440619201,-8.4480638091973788],[123.92047008672523,-8.4481528825494365],[123.9202708212415,-8.4487385228645167],[123.92034858741749,-8.4487438198713676],[123.92071315009184,-8.4486901168553459],[123.92092692973404,-8.4485232107775232],[123.92106972678653,-8.4483605081309179],[123.92120147836556,-8.4481783981145213],[123.92136785294417,-8.4479167106875934],[123.92142250294626,-8.4478458890764614],[123.9214917273614,-8.4477561790043865],[123.92159352432179,-8.4477056020318742],[123.92171608662818,-8.4477343983238029],[123.92176572920505,-8.4477652981299798],[123.92187445274385,-8.4478329739125684],[123.92189727394009,-8.4478471787043077],[123.92198733744578,-8.4479814600762779],[123.92206478975834,-8.4480491628385721],[123.9223790236731,-8.4481858975610749],[123.92251605607123,-8.4482770699307821],[123.92248736679858,-8.4483440073699967],[123.92223979423113,-8.448726335252104],[123.92223974296985,-8.4487264143924676],[123.92226538444004,-8.4488624917105994],[123.92234746196584,-8.4489560068142282],[123.92259696178041,-8.4491088672803585],[123.92259247776076,-8.4492314610630501],[123.92245535273241,-8.4495006011717351],[123.92251768114613,-8.4496218819442674],[123.92258594598468,-8.4496323671399978],[123.92268783737381,-8.4495591479362702],[123.92286558657759,-8.4494451786520131],[123.92301030817919,-8.4494195003096593],[123.92301884994004,-8.4494179840526726],[123.92309357101158,-8.4494047262470531],[123.92311411242645,-8.4493777825585994],[123.92325183730247,-8.449197132141876],[123.92333738441278,-8.4490716011733866],[123.923814680703,-8.448752662905008],[123.92401999322817,-8.4485070535576483],[123.92407024284751,-8.4485488198720873],[123.92423065042419,-8.4487840393518923],[123.92436115104636,-8.4488515199815879],[123.92449483706719,-8.4489206490686684],[123.92465594701446,-8.4488896332499053],[123.92494039898031,-8.4489732728981721],[123.92514118611689,-8.4490800152304928],[123.92516571242777,-8.449093053601473],[123.92516480591109,-8.4490996762090163],[123.92515661758387,-8.4491595386817266],[123.92492038366879,-8.4496349922610534],[123.92496883734202,-8.4497174142272229],[123.92509682076172,-8.4497735238290375],[123.92525093038614,-8.4497475846832231],[123.92541822766918,-8.449610304971543],[123.92558508428431,-8.4494494882032996],[123.92567503987129,-8.4493627890614107],[123.92597211831867,-8.4485946007601456],[123.92610293100552,-8.448439100783844],[123.92624213436704,-8.4483935231425562],[123.92629163395179,-8.4484341644051142],[123.92631280579144,-8.4485667415618195],[123.92627836805229,-8.4486396478014854],[123.92614547703215,-8.4489138043285834],[123.92619080646057,-8.4490593667962912],[123.92627336782175,-8.449091131750265],[123.92639711813251,-8.4490481477537855],[123.92660371219165,-8.4489660540401132],[123.92691938412236,-8.4489309292189887],[123.9269816486842,-8.449013976213962],[123.92696775865522,-8.4490938665886119],[123.92688507138905,-8.4492956951401652],[123.92677632087054,-8.449653319545007],[123.92669575870241,-8.4498745069029155],[123.92668341460796,-8.4500124772939671],[123.92673397809062,-8.4501292416711067],[123.92678236791198,-8.4502748041388713],[123.9267853869361,-8.4504485441649422],[123.92678874320598,-8.4506416483932867],[123.92691427417446,-8.4508238834154668],[123.92700203991228,-8.4508189758150252],[123.92722463380983,-8.4507564288660433],[123.92727697705095,-8.4510077417138518],[123.92732636781773,-8.451115272751565],[123.92740611789804,-8.4511218198160805],[123.92753268128831,-8.4511539921629719],[123.92770103887187,-8.4512071636796122],[123.92778985321922,-8.4511848047349076],[123.92795119609093,-8.451051773420545],[123.92800818073306,-8.4510552726826518],[123.92815472705911,-8.4512073363494551],[123.92845330557566,-8.4512259756981507],[123.9285601027666,-8.4511727259405234],[123.9287951963413,-8.4509694755607825],[123.92905232240685,-8.4507739917262938],[123.92927719608576,-8.4505548818023044],[123.92955452362241,-8.4503623981061651],[123.92957446159221,-8.4502398357997208],[123.92958970689949,-8.4501494692225947],[123.92961689880087,-8.4499882891282141],[123.92981658696601,-8.4496338977861001],[123.92993304017773,-8.4494564768348823],[123.92999077485445,-8.4493716788598476],[123.93008500941573,-8.4493652100363761],[123.93035005581044,-8.449439959886206],[123.93037386176434,-8.4494554740908256],[123.9305092861747,-8.4495437263618101],[123.93054518081556,-8.4495671168289164],[123.93058580589025,-8.4499380071332553],[123.93059222794898,-8.4504696638438759],[123.93053897819141,-8.4507554450077578],[123.93050863686415,-8.4507743370659796],[123.93043922718869,-8.4508175539868944],[123.93036305640999,-8.4507909601346682],[123.93022625783556,-8.4506875228108811],[123.93012979025764,-8.4507676173316213],[123.9301083063533,-8.4508489610107063],[123.93007747759361,-8.4510007881557954],[123.93006649327413,-8.4511094613325213],[123.93014025926561,-8.4513618668566437],[123.93024702408093,-8.4513301010032933],[123.9306203992121,-8.451138709983411],[123.93062596061964,-8.4511350713264619],[123.93100539987938,-8.45088683595867],[123.93109128963135,-8.4508258817090223],[123.93110018122843,-8.4508636316512593],[123.93107918115936,-8.4510695862923058],[123.93098119642514,-8.4512207416438514],[123.9308664618178,-8.4514155392956809],[123.9308247602545,-8.4515612555474604],[123.9307734782135,-8.4517404445658144],[123.93076080586661,-8.4520941479265161],[123.9309460239399,-8.4521880542352505],[123.9311363843367,-8.4522250541429003],[123.93140600918002,-8.452265618063791],[123.93171250892522,-8.4523060695694312],[123.9318094153723,-8.452211694713867],[123.93195891507196,-8.4520116171423751],[123.93211663367572,-8.4519331638843482],[123.93221763383679,-8.4518210391096318],[123.93224963441321,-8.451680133331422],[123.93230477364648,-8.4515358200220021],[123.93238568205368,-8.4514522055548014],[123.93240613443561,-8.4514310696880557],[123.93257122837952,-8.4513977893764149],[123.93262457076742,-8.4513995862218962],[123.9326312428376,-8.4514472565855954],[123.9326084297353,-8.4516765387411965],[123.93255191274068,-8.4518072408114904],[123.93252180613649,-8.4518768672235751],[123.93250191493144,-8.4520158043858373],[123.93253758743981,-8.4521921011844938],[123.93256166498895,-8.452560929343349],[123.93267349298742,-8.4524981018059293],[123.93275029509016,-8.4523951141431439],[123.93276657102047,-8.4523732893957231],[123.93287089867306,-8.4522829605901393],[123.93290630588137,-8.452346584926886],[123.93302183728804,-8.4525534451852877],[123.93308621165943,-8.4525302417771968],[123.93316532142251,-8.4524308514025961],[123.93334507161785,-8.4521953045696137],[123.93345718110413,-8.4522233202499706],[123.93350600889528,-8.4522873196040678],[123.93350091513514,-8.4524595541650456],[123.9334162268774,-8.4527239296655807],[123.9334123319137,-8.4527398836386851],[123.93333218073565,-8.4530682108292012],[123.93335117981314,-8.4532469447906351],[123.93333780599505,-8.4534201641092181],[123.93337902372298,-8.4534800697493893],[123.93343091460508,-8.4534665070735855],[123.93355985310484,-8.4533194922007624],[123.93367682162807,-8.4531490068211497],[123.93376210163979,-8.4530986321960881],[123.93390763442983,-8.45311853868958],[123.93402211812634,-8.4531903981183518],[123.93410100935421,-8.4534263667333676],[123.93407164918733,-8.4536526478513565],[123.93402027541549,-8.4538888044247642],[123.93398255605018,-8.4543255385926841],[123.93404393118249,-8.4543058353459628],[123.93415044598635,-8.4541900854040932],[123.93437613714912,-8.4538095237904258],[123.93439904737818,-8.4537708934119564],[123.934489736812,-8.4531846019877435],[123.93454118432828,-8.4528520057154424],[123.93492784604337,-8.4527865701440419],[123.93527286824838,-8.4528401076847786],[123.93582014438425,-8.4532327193144852],[123.93576556722724,-8.4533083055338238],[123.93552281592531,-8.4536445062888674],[123.93551338293639,-8.4536575698409138],[123.93551300971774,-8.4536846826019882],[123.93551142601154,-8.453799722978772],[123.93551130640174,-8.453808459892457],[123.93545594593525,-8.4539483197590926],[123.93530163396326,-8.4541961315462117],[123.93536672689299,-8.4542272570822092],[123.93558000921007,-8.454266100600023],[123.93558205606712,-8.4543241788177284],[123.93550383663285,-8.4543888670525007],[123.93523563271833,-8.4546057421612204],[123.93519505530764,-8.4547481012438084],[123.93525791522063,-8.4548150081060953],[123.93536597685841,-8.4548606486999347],[123.93550472786092,-8.4547974452458448],[123.93583366479186,-8.4546393516247349],[123.93593472700616,-8.4547032727377882],[123.93595849698715,-8.4547469474136392],[123.93599343115204,-8.4548111320280555],[123.93595441496439,-8.4548602260185817],[123.93588489826948,-8.4549091950033244],[123.93571521238721,-8.4550287256951151],[123.93547294581981,-8.4552188981335803],[123.93530204045692,-8.4554270228387622],[123.93527835231419,-8.4555530376425168],[123.93530861809836,-8.4557114613148201],[123.9355423222205,-8.4561497423167111],[123.93564149316046,-8.4561685066711902],[123.93608057096162,-8.4562273196350475],[123.93619071183196,-8.4563677262894998],[123.93626422781188,-8.45643922688879],[123.93651625831876,-8.4565320081455866],[123.9368620710278,-8.456607991865269],[123.93702721083719,-8.4565616480015819],[123.93711496218577,-8.4565628351066948],[123.93730075942256,-8.4566296007753863],[123.93743053968774,-8.456564102251491],[123.93750291173001,-8.4565247910861672],[123.93760077415641,-8.4564716330593797],[123.93765844588063,-8.4565108821714148],[123.93766864239399,-8.4565370839192155],[123.93769575875228,-8.4566067732839088],[123.9376633372932,-8.4567158817325208],[123.93748952442206,-8.4568848976198865],[123.93724639990148,-8.4571478036281746],[123.93691921125264,-8.457678086174667],[123.93679013425731,-8.4580629762253352],[123.93690455500132,-8.4585790072153486],[123.93686955518592,-8.458721881609506],[123.93692152430901,-8.4589825860774113],[123.93701375877799,-8.4593918360643556],[123.93702530517373,-8.4599974449261026],[123.93703878960855,-8.4601493673993673],[123.93697352400898,-8.4603822729234821],[123.93685544572236,-8.4605080071387988],[123.93691546197908,-8.4609060066068764],[123.93702360275711,-8.4609230082901377],[123.93729482119909,-8.4609209767216385],[123.93753949345296,-8.4609750700433892],[123.93774013310076,-8.4610854924014802],[123.93806908711872,-8.4612694604172134],[123.93814139890651,-8.4611802422743381],[123.93817239943678,-8.461020959749419],[123.93812774270123,-8.4608506479390257],[123.93801277427019,-8.4607238507250599],[123.93785619600669,-8.4605313670289206],[123.93789382094315,-8.4604733823406946],[123.9379650031824,-8.4604181315914389],[123.93803853984684,-8.4603610543191508],[123.93829555619504,-8.4602531635526361],[123.93847552402633,-8.4602551321685837],[123.93855668064634,-8.460321657718282],[123.93857155543299,-8.4603338507265562],[123.93871346215667,-8.4605332268268967],[123.93880915002228,-8.4606520389604043],[123.93891274292878,-8.4606968198023651],[123.93898810161966,-8.4606669137470476],[123.93929821214283,-8.4603939596134978],[123.93951820969767,-8.4601648798052906],[123.93984360329966,-8.4598260539291914],[123.9402718991289,-8.459608836178802],[123.94068452427143,-8.4594759919234548],[123.94098261805345,-8.4594908514216058],[123.94151343030057,-8.459553179835325],[123.94203066458351,-8.4594543515370333],[123.94219736831394,-8.4593798507994507],[123.94286204015111,-8.4591321010655633],[123.94291599317864,-8.4591771642946583],[123.94315464986721,-8.4592080236313336],[123.94323441523613,-8.4592461476914877],[123.94324371062885,-8.4593380700958392],[123.94316390029383,-8.4595181791206073],[123.94318478974628,-8.4598696638538513],[123.94319107061153,-8.4600105705313808],[123.94319206706029,-8.4600207751386165],[123.94320042985601,-8.4601064463553826],[123.94330207123369,-8.4604414923809372],[123.94341216533917,-8.4606731172705167],[123.94349355578299,-8.4609786331573673],[123.94351830602511,-8.4610590550313418],[123.94378414921914,-8.4610057728980337],[123.94388497760974,-8.4609066172465646],[123.9439963649404,-8.4608645667462952],[123.94412327007296,-8.4608166589616189],[123.94428691520898,-8.4607548818322584],[123.9444286015987,-8.4606380383147552],[123.94449572789563,-8.4602992583040759],[123.94460364923907,-8.4599018047244385],[123.94469930562855,-8.4596716169515389],[123.94487107074337,-8.4592786168146858],[123.9449460562156,-8.4590950696816662],[123.94507952370111,-8.4588868505476853],[123.94518189892551,-8.458474101298691],[123.94517463959801,-8.4584221285783201],[123.94515685280658,-8.4582947728854379],[123.94510361833738,-8.4581250375404124],[123.9451229618553,-8.4580884450256804],[123.94521910207993,-8.4581246319461343],[123.94528233701033,-8.4582109452788359],[123.94534608725223,-8.4583637571815871],[123.94546968108102,-8.4585226017366608],[123.94551625876841,-8.4586918820247092],[123.94554157828122,-8.4587856984011864],[123.94558658665176,-8.4589524758760035],[123.9456958515824,-8.4592009288797385],[123.9457683369393,-8.4596088982320339],[123.94582121167969,-8.4596903039642939],[123.94590527400931,-8.4597056481970867],[123.94607546171324,-8.4596151008561833],[123.94635341517801,-8.4594542103434947],[123.94643449265777,-8.4594053672638552],[123.9465994930722,-8.4589763348898828],[123.94664008667075,-8.4588538670122944],[123.94683625938592,-8.4586849446544079],[123.94710535272986,-8.4578993823505471],[123.94717330460435,-8.4575665378653753],[123.94721969613215,-8.457290226562634],[123.94734419557824,-8.4570543667655897],[123.94742974268854,-8.4568989288424632],[123.94744639903217,-8.4567133348524521],[123.94742524338039,-8.4565161638898303],[123.94752424344915,-8.4562854599059847],[123.94771294639543,-8.4557934291233892],[123.9477243839732,-8.4556578356405794],[123.94766871234128,-8.455527180335082],[123.94758194664962,-8.4554185377352837],[123.94757188413519,-8.4552692583695261],[123.94774893096849,-8.4549639763064306],[123.94782250900164,-8.4548259285737117],[123.94782769629126,-8.4544633821793127],[123.9478514617756,-8.4543558817185271],[123.94795404024683,-8.4542171316152803],[123.94788914157073,-8.4541158778454246],[123.94786450913989,-8.4540774453178074],[123.94782746246744,-8.4539402258606628],[123.94783485309608,-8.4538486793729817],[123.94793118127905,-8.4537307422799017],[123.94795747835497,-8.4536237256543814],[123.94791443140593,-8.4535266636245865],[123.94762679044413,-8.4534563672175409],[123.94757877384143,-8.4533590066127999],[123.94745007096401,-8.4532278827605296],[123.94735640027773,-8.4531443510309145],[123.94731310331713,-8.45291025840163],[123.94726305604524,-8.4526707572496207],[123.94722703909667,-8.4525587889568783],[123.94729319682369,-8.4523075390616214],[123.94725961793711,-8.4520788045930999],[123.94725893085501,-8.4520090702623634],[123.94740108669089,-8.4520008819351347],[123.94782810188542,-8.4519247588204962],[123.94791400872464,-8.4519094451646879],[123.94810327374717,-8.4517931331465093],[123.94802833503968,-8.4515839445433585],[123.94795433702313,-8.4513773819605831],[123.94788861816528,-8.4512344599023663],[123.94792366474542,-8.4511184608482495],[123.9481544766478,-8.450985585116598],[123.94843769564318,-8.450865554401787],[123.94864252433308,-8.4508248357975049],[123.94887155018193,-8.4509498199781774],[123.94899349285549,-8.4510163671116061],[123.94927424321179,-8.4510938823767106],[123.94988044832405,-8.4509473738222027],[123.94995152534273,-8.4509301958718197],[123.95021741889877,-8.4508490239632579],[123.95025432078035,-8.4508377581559557],[123.95047010321275,-8.4506742263344563],[123.95063233731253,-8.4504865540112064],[123.95076583717366,-8.4502540855575603],[123.95076260321161,-8.4501299764172586],[123.95078640017232,-8.4499393983844584],[123.95085097779042,-8.4497564142270676],[123.95091375946254,-8.4495739453812462],[123.95104099284765,-8.4493747095751246],[123.95107702418534,-8.4493042261091205],[123.95101510316454,-8.4491558199850374],[123.95097745934231,-8.4490847420671571],[123.95095639901865,-8.4490449758449131],[123.95109888400634,-8.4486621173628009],[123.95105108683822,-8.4484641478021558],[123.95102199287078,-8.4483758505650144],[123.95117383710294,-8.448281475709507],[123.95133735273669,-8.4482282259518229],[123.95134919590873,-8.4479965228211995],[123.95135975844619,-8.4478367096963325],[123.95142054002599,-8.447716553975738],[123.95161392214482,-8.447607321420719],[123.95162603961012,-8.4476004757812575],[123.95176269609158,-8.4475433202679824],[123.95171905379141,-8.4473632795916274],[123.95171071168011,-8.4473288670335478],[123.95165925876779,-8.4471522096067133],[123.95174586797748,-8.4467964449999045],[123.95173949268349,-8.4467089760383942],[123.95166371221057,-8.4466266161253998],[123.95175208589012,-8.4462822099559958],[123.9520067280281,-8.4458900857587764],[123.95206373785129,-8.4458434235351092],[123.95253688377022,-8.4454561637708707],[123.95322079030734,-8.4448963816626588],[123.95333314890581,-8.4448452875799376],[123.95358157133251,-8.4450427885937529],[123.95368053992502,-8.4451244758138841],[123.95375197757176,-8.4451131641411621],[123.95379522776761,-8.4449995383979513],[123.95365159434562,-8.4446109854085876],[123.95361382192038,-8.4445088035383833],[123.95354071243401,-8.4442141010998171],[123.95355454040975,-8.4441388197506626],[123.95386749279066,-8.4444433823561553],[123.95390733275724,-8.444476409059007],[123.95396122732882,-8.4445210855795949],[123.95405522716703,-8.4445384757700026],[123.9541273986606,-8.4444779918657673],[123.95421849278932,-8.4443205511524866],[123.95427089898283,-8.4442299768319344],[123.95466517975433,-8.4438768670237323],[123.95480044588396,-8.4438319296997406],[123.955024227786,-8.4436970538758942],[123.95520086812564,-8.4434681323483574],[123.95528204003415,-8.4433847256245258],[123.95539302356929,-8.443348788715582],[123.95555746190735,-8.4434188036348132],[123.95569111825057,-8.4434884300469548],[123.9557121138231,-8.4434869758432001],[123.95577054007845,-8.4434829297933334],[123.95585522743681,-8.4433905541307013],[123.95595127413208,-8.4431400848470162],[123.95636600908415,-8.442423319780346],[123.95638082001892,-8.4422010595312145],[123.95638816478208,-8.4420908350239756],[123.95642463408967,-8.4419871476886783],[123.95651258598707,-8.4419338673540665],[123.95655181621339,-8.4420839543109878],[123.95658778999461,-8.4422215856575917],[123.95660796178811,-8.4423475545959263],[123.95670102543204,-8.4424102418391271],[123.95686199328645,-8.4421854922666171],[123.95694180631938,-8.4421246018688407],[123.95712161766858,-8.4421328036859222],[123.95724825929983,-8.4421308980224694],[123.95736046231559,-8.44153535077578],[123.95736222228879,-8.4415289458041798],[123.95738428985317,-8.4414486165603648],[123.95795100933162,-8.4411048821845043],[123.95843363410495,-8.4410841015500182],[123.95881821209093,-8.4411648822534744],[123.95898213421822,-8.4412327423971192],[123.95909478869362,-8.4413375700727329],[123.95912729019233,-8.4414050857760685],[123.95900911837623,-8.4416196172514901],[123.95894921363538,-8.4417120001086801],[123.95884508743086,-8.4418725848518648],[123.95881069645657,-8.4419781949376898],[123.95884775931665,-8.4420556328611269],[123.9589482594547,-8.442075616696286],[123.95907057085026,-8.4420266324231079],[123.95916755643759,-8.4418602731330452],[123.95917618723126,-8.441848451544729],[123.95925688429782,-8.4417379293619206],[123.95938097814974,-8.4416625697717222],[123.95978336810799,-8.4419460855433499],[123.960012461406,-8.4421957418399529],[123.96045833268602,-8.4425786839590273],[123.9604599460697,-8.4425800698143121],[123.9606323209249,-8.4427467726454211],[123.96090424263673,-8.4425024286441044],[123.96094018044505,-8.4424269764238034],[123.96085988267748,-8.4420690237664076],[123.96084399345557,-8.4416463046331955],[123.96119107061145,-8.441133038159137],[123.96126199294667,-8.4408837568798276],[123.96134808684485,-8.4407761799766945],[123.96142941523544,-8.4408362420988396],[123.96187897823233,-8.4409544921560382],[123.96210468018694,-8.440915383338222],[123.96221597668602,-8.4408546170469094],[123.96223872773521,-8.4407634293887099],[123.96224074491454,-8.4407271102678578],[123.9622416963972,-8.4407099916727475],[123.96248518064658,-8.4406577113842332],[123.96267127376029,-8.4407736708681682],[123.96283452409409,-8.4408753976813955],[123.96306422713246,-8.441035257571059],[123.96327138416711,-8.4411046006966899],[123.96347578927634,-8.4410726477844378],[123.96361472823719,-8.4409896007894076],[123.96376924345589,-8.4403558818184479],[123.96373050875604,-8.440187038600925],[123.96363366526145,-8.4399147733480504],[123.96360971631543,-8.4398008742109027],[123.96356347767244,-8.4395809755815208],[123.96356678987547,-8.4393450699189998],[123.96359261840473,-8.4392797737424985],[123.96381953624268,-8.4392957537959319],[123.96386396185244,-8.4392988825373436],[123.96397966413031,-8.4392946008650824],[123.96405496166722,-8.4392278666726384],[123.9642500093305,-8.4387456789698376],[123.96424773764306,-8.438699453816696],[123.96423038432488,-8.438346226197325],[123.96425967974051,-8.43815558521203],[123.96432513419768,-8.4380260702469059],[123.96498341545237,-8.4376137265921898],[123.96511977785553,-8.4374850785734452],[123.96531782116062,-8.4372982417204412],[123.96555905530624,-8.436912148376905],[123.96595514911087,-8.4368112894094338],[123.9661577429855,-8.4368042728988257],[123.96625450913837,-8.4368558202398845],[123.96628260305977,-8.4369772565950711],[123.96628280540722,-8.4370430384054771],[123.96650004024468,-8.4370670700891424],[123.9667083529082,-8.4370259288035072],[123.96684821187557,-8.4368695861624019],[123.9669332904391,-8.4367571628127394],[123.96704125944666,-8.4367162418610064],[123.96714761776843,-8.4367255696292887],[123.96727616506303,-8.4367780702517052],[123.9673776958241,-8.4366725536953595],[123.96748077431835,-8.436507084734103],[123.96757085311242,-8.4364362262508052],[123.96766246165339,-8.4364023505879686],[123.9677171979904,-8.4362101915470475],[123.96773008617458,-8.4361649457555927],[123.96774739902332,-8.4360876643141864],[123.96787650929355,-8.4360269447876135],[123.96796591539476,-8.4359883198050625],[123.9680580401465,-8.4359019920832452],[123.96822985292545,-8.4358298196903547],[123.96834945826095,-8.4358510679723508],[123.96846908697887,-8.4358723198516259],[123.96879864983794,-8.4357761643384492],[123.96885758690814,-8.4357345230297938],[123.96893588368414,-8.435586554875556],[123.96898864960656,-8.4354880062664392],[123.96908025904679,-8.4353169129451544],[123.96912730618033,-8.4352734289255409],[123.96919815027445,-8.4353665069587009],[123.96920084194539,-8.4353674809244694],[123.96944369577,-8.4354553509836023],[123.96952658718226,-8.4354480080191365],[123.96959613445415,-8.4353186954014063],[123.96967597716468,-8.435231944998236],[123.96975539989182,-8.4351725393811421],[123.96976912444563,-8.4350446962556589],[123.96977250859447,-8.4350131642261204],[123.96977774264872,-8.4346698822092776],[123.9698054624522,-8.434535163766725],[123.96982907145457,-8.4345030849493696],[123.96989510327649,-8.4346050698680415],[123.96996982075063,-8.4346776010903568],[123.97004877403174,-8.4346733347065879],[123.97012819585962,-8.4345307579880568],[123.97017646157451,-8.4344833520250404],[123.97018658704144,-8.4347121008826775],[123.97025065294531,-8.4347711872404716],[123.97026297815398,-8.4347825537718109],[123.97036600898423,-8.4348113050975826],[123.97062794642261,-8.4347016480625712],[123.97069297819849,-8.4346416174166734],[123.97073721225263,-8.4345592422151867],[123.9709050869003,-8.4345583977518004],[123.97105568107486,-8.4345700700526436],[123.97124339926347,-8.4345661319214287],[123.97142171234225,-8.4345698362288886],[123.97154683681708,-8.4344967258431893],[123.97168513366205,-8.434317648340766],[123.97179402537404,-8.4339276006782029],[123.97181180587017,-8.4338844512064384],[123.97185249299821,-8.4337857110417076],[123.97205932178031,-8.4336572419881008],[123.97234821190057,-8.4333002570012354],[123.97245044593137,-8.4331907267705901],[123.97279814901538,-8.4331938051499264],[123.97290255490907,-8.4333369133678389],[123.97298318002981,-8.4334360699186277],[123.9731665868685,-8.4335191951547017],[123.97345929011419,-8.4334733513140918],[123.9736584153037,-8.4336687416191012],[123.97372478976729,-8.4337350846064396],[123.97382488431106,-8.4337045697100734],[123.97389391537195,-8.4335609758583132],[123.97392508587404,-8.4334543981019578],[123.97413787896005,-8.4338750272107177],[123.97429277459196,-8.4341812103945131],[123.97433489883656,-8.4342463042235067],[123.97444922784962,-8.4342600377704571],[123.97458972803361,-8.4341856791257328],[123.97469728964825,-8.4340901477420971],[123.97484868332015,-8.4341089858409646],[123.97498761778445,-8.4341262726093191],[123.97509842505235,-8.4340964133187981],[123.97512938331442,-8.434088070308178],[123.97540249303074,-8.4336999453961425],[123.97543916468578,-8.4335394290014278],[123.97539211845162,-8.4330912095916233],[123.97539401781978,-8.4330464629238691],[123.97541055635213,-8.432656866721004],[123.97553474373353,-8.4325465999455673],[123.97570563290867,-8.4323948672292772],[123.97576935167433,-8.4323153509726012],[123.97580318057237,-8.4321835553267874],[123.97617869608996,-8.4321447576743935],[123.9762673368682,-8.432109616665457],[123.97630060279062,-8.4320672729862167],[123.9761395872722,-8.4318741318856496],[123.97599561840309,-8.4318197732638964],[123.97590644612569,-8.4317868346946057],[123.97586650813287,-8.4317114598159719],[123.97595091490291,-8.431591038795375],[123.97592775825944,-8.4314396316336229],[123.97598736802263,-8.4314086167142364],[123.97607300866252,-8.4314494135595623],[123.97626153983822,-8.4316480863900551],[123.97639525823467,-8.431728429123666],[123.97646867978585,-8.4317168350638667],[123.97640343037403,-8.4311471010578316],[123.97640833617584,-8.4308681331577873],[123.97646099328028,-8.4306526007368916],[123.9764988052757,-8.4305039446012984],[123.97651286797452,-8.4302718979296856],[123.97651672696543,-8.4301645539509309],[123.97626799337331,-8.4299420850591105],[123.97624416493636,-8.4299207729252998],[123.97615793074397,-8.4298421946614894],[123.9761508530795,-8.4297408671472454],[123.97621561775657,-8.4296167256313197],[123.97632955466531,-8.4295124447434659],[123.97650284592964,-8.4294413938052344],[123.97651472687323,-8.4294365230770154],[123.97679946212554,-8.4294501478060511],[123.97695853960499,-8.4294708510988698],[123.97701377506576,-8.4294501010413114],[123.9769903216461,-8.4293469137290344],[123.97693413560194,-8.4292253280863747],[123.97691744598342,-8.4291892113130302],[123.97693121190594,-8.4290793195548872],[123.977023072257,-8.4289709449531074],[123.97732771220421,-8.4289286786155913],[123.97745530531813,-8.4289215388978391],[123.97746491097689,-8.4289165962238712],[123.9775745248445,-8.4288601952417821],[123.97766007105554,-8.4287648976818446],[123.97772710202423,-8.4281041477881331],[123.97769794600345,-8.428008429345482],[123.97765002472897,-8.4279363351936922],[123.97765747830999,-8.4278788981925459],[123.97779355562818,-8.4278124922526558],[123.97803069695919,-8.4277752890982924],[123.97820177499193,-8.4278040233369325],[123.97836653978402,-8.4278540858973088],[123.97845718065446,-8.4278199764107171],[123.97846030579854,-8.4276829602004],[123.97825000923058,-8.4273907875547707],[123.97795799306698,-8.4271915697351005],[123.97774853106989,-8.4271956166843438],[123.97766846173022,-8.4271971644175778],[123.97759122705349,-8.4271651161771501],[123.97757078996005,-8.427128663956637],[123.9776184153576,-8.4271208506467019],[123.97776833683929,-8.4269943052429426],[123.97779161309256,-8.4269342008526564],[123.97786150930131,-8.4267537096159799],[123.97787521227133,-8.4264870390455826],[123.97791177420902,-8.4263967570046816],[123.97788557425986,-8.4263640513598261],[123.97776378986703,-8.426212022766606],[123.97770461807374,-8.4261371020455726],[123.97770829000569,-8.4260198673229638],[123.97790738371884,-8.425970882150466],[123.97795368531433,-8.4259507634169495],[123.9780940092312,-8.4258897893822109],[123.97819733683764,-8.4257946483043042],[123.97824575903462,-8.4256577876766983],[123.97825380616825,-8.4255607877001353],[123.97840393089677,-8.4254075225391034],[123.97859824291459,-8.4253580076658636],[123.97892338290785,-8.4252687571473643],[123.97912889867985,-8.4251883667496941],[123.97935241528182,-8.4249370377140735],[123.97962893073066,-8.4245553987126414],[123.97972511772002,-8.4244812424153679],[123.97988297661811,-8.4244697418850478],[123.98001902425858,-8.4245304919885484],[123.98017082082674,-8.4247972407999896],[123.98022902405023,-8.4248744916644114],[123.98075643146421,-8.4248651171313895],[123.98085755573163,-8.4248400071605829],[123.98093069039908,-8.4246973378118355],[123.98093821232874,-8.4246826626746838],[123.9810271759635,-8.4245331395926542],[123.9810854151599,-8.4244352582804822],[123.98118110212624,-8.4242624292676282],[123.98134096201579,-8.42391007039339],[123.98148308727468,-8.4236800229146525],[123.98153708616769,-8.4235831794201204],[123.98136900827319,-8.4232904761744862],[123.98126897038674,-8.4231154851914312],[123.98125810297915,-8.4230964762213603],[123.98116841539013,-8.422961148038496],[123.98100116487194,-8.4227566476011475],[123.98099244594471,-8.4226632098392429],[123.98117063311827,-8.4226268052827891],[123.98127677470347,-8.422609819787283],[123.98137538986236,-8.422491538253837],[123.98143511833609,-8.4224198982596477],[123.98150069600035,-8.4222744922739707],[123.98154172666943,-8.4221684307284477],[123.9815478987166,-8.4221524758560236],[123.98171471216426,-8.4219758822811173],[123.98188588372659,-8.4217828041330449],[123.98232923060959,-8.4214862140175342],[123.9824416962274,-8.4214109767351601],[123.98269650923658,-8.4212831318110375],[123.98296602436255,-8.4213885071738446],[123.9830705093965,-8.4214140227389294],[123.98315202484616,-8.4213495548380592],[123.98330994579737,-8.4210313513157757],[123.98333177414213,-8.4209283042977745],[123.98323861786798,-8.4207168512016892],[123.98310538420617,-8.4205442730996651],[123.98299027458154,-8.4204959300431028],[123.98294210239612,-8.4204832891724095],[123.98296232275311,-8.4200917971986087],[123.98296333718827,-8.4200721640990537],[123.98318475926931,-8.41985816322358],[123.98342366507018,-8.4197285070649173],[123.98379955560506,-8.4195891643084337],[123.98384718100272,-8.4195786953005154],[123.9838753684536,-8.4196091481436497],[123.98392624310168,-8.4197486329929916],[123.98400446163669,-8.4199819602991965],[123.98400825497708,-8.4199863310043384],[123.98408950872386,-8.4200799756103493],[123.98426994690055,-8.4201639300213174],[123.98454002500216,-8.4201486631302487],[123.98504277480424,-8.4199704768559513],[123.98523439874862,-8.4198933977620527],[123.98536347844185,-8.4198213512743223],[123.9854634147049,-8.4197701007095134],[123.9855533666946,-8.4197001793197614],[123.98574679018225,-8.419526789129975],[123.98580386835386,-8.4194561329940711],[123.98587097846291,-8.4193666792288013],[123.98607604007725,-8.4192939285719035],[123.98641247735407,-8.4192550697655975],[123.98675300924401,-8.4192298833523864],[123.98698646245532,-8.4192329599330833],[123.98713246199361,-8.4191647418592765],[123.9872647576625,-8.4190584446914158],[123.98754757196298,-8.418956381531757],[123.98774110336933,-8.4188706005976996],[123.9880585874339,-8.4188842568029827],[123.98822004002284,-8.4188883199399811],[123.98830050866161,-8.4188376008745536],[123.98875368063796,-8.4184376327904715],[123.98892646198669,-8.4183635700226773],[123.98896313364173,-8.4183540237191892],[123.98900758713046,-8.4184127566433631],[123.98904616534833,-8.4188763508628313],[123.98905115029038,-8.4189826642185039],[123.9891128221991,-8.4190521008737278],[123.98924013382521,-8.4190728976960258],[123.98935777414204,-8.4189818512314218],[123.98942997801112,-8.4188098352057068],[123.98946347775734,-8.4187373822243785],[123.98964464978087,-8.4187213050441301],[123.9897536808877,-8.4187564289659917],[123.98993338431831,-8.4189431947725666],[123.9900414000906,-8.4190917259023763],[123.99010808661899,-8.4191193359885119],[123.99013008673421,-8.4191284452215314],[123.99024649318119,-8.4190866321422959],[123.99030242741514,-8.4188660743098467],[123.9903113675756,-8.4188308199862831],[123.99032605620255,-8.4187575225415685],[123.99040638364772,-8.4187381637352132],[123.99047517998565,-8.4187736006211367],[123.99048716525056,-8.4188416963871191],[123.99049247844516,-8.4188718821316115],[123.99049491470862,-8.4189564453836283],[123.990589884016,-8.4190351315660337],[123.99083677489728,-8.4189762268713366],[123.99110361813757,-8.4189945856315944],[123.99141280595632,-8.4190270385669237],[123.99155799340679,-8.4189836166005989],[123.99171879038988,-8.4188452424139655],[123.99179202398284,-8.4187760386831769],[123.99195246213651,-8.4187775846177715],[123.99209968025605,-8.418870225580406],[123.9923300559874,-8.4191301008734172],[123.99241663372072,-8.4191967100600777],[123.99258578990236,-8.4192346785375207],[123.99289021221364,-8.4191642733125036],[123.99307911840663,-8.4191206013346118],[123.99332086786387,-8.4191698832834163],[123.99357325809945,-8.4193088195463588],[123.99372782188152,-8.419388006651161],[123.99412682139575,-8.4192812580236023],[123.9942707587885,-8.4192678985946259],[123.99439219604312,-8.4193016483523593],[123.99448502406472,-8.4194819921002022],[123.99453780617489,-8.4195770387493098],[123.99466860267398,-8.419663772964725],[123.99514893057869,-8.4196056174052956],[123.99542896237676,-8.419528210058786],[123.995713945842,-8.4193206006651167],[123.99630135242558,-8.4190294289649046],[123.99644008724033,-8.4189864755453527],[123.99695146244005,-8.4191548673032344],[123.99712266457936,-8.4192004287567102],[123.99722658663768,-8.4191516639181145],[123.99730516490149,-8.419022976329245],[123.99746688368975,-8.4187705069533081],[123.99790825925879,-8.4184731173404543],[123.99805235313363,-8.4183571317761903],[123.99809874735934,-8.4181939821664855],[123.99812240042854,-8.4181108038704338],[123.99817205469662,-8.4179848043551715],[123.9984102284493,-8.4177970699787465],[123.99880507129706,-8.4176683671014416],[123.99894186087829,-8.4176302889066505],[123.99902263438707,-8.4176078040568427],[123.9990441758481,-8.4175835385494224],[123.99911594624393,-8.4175026948934146],[123.99918617969854,-8.4173291005574811],[123.99920665006687,-8.4172784597330974],[123.99934192968635,-8.4171342408524765],[123.99940827357307,-8.417107476129047],[123.99975609087096,-8.4172582492687411],[123.99988219560692,-8.4173129127606785],[123.99999946900039,-8.4173603555958607],[123.99999972710577,-8.4173604608165533],[123.99999999420447,-8.4173605687352051],[124.00004660336811,-8.4173794140286873],[124.00016621230088,-8.4173677255400321],[124.00091541501445,-8.4170116947339011],[124.00180161775052,-8.4168368359511874],[124.00194786819964,-8.4168032885409048],[124.00222350770878,-8.4166079611883902],[124.00226518139311,-8.4165181800698861],[124.00225092444066,-8.4164208590353837],[124.00224672730474,-8.4163922102322886],[124.00221424289305,-8.4162292413863611],[124.00225711807161,-8.416129006548374],[124.00246614929347,-8.4160552738317733],[124.00277836782743,-8.4160327107409785],[124.00297496232474,-8.4160848039704774],[124.00313316476377,-8.4161830072399653],[124.00318607187978,-8.4162829920663853],[124.00313739787271,-8.4164273503419054],[124.00313257211053,-8.4164416639515593],[124.00306482078486,-8.4166034142161266],[124.00306277392792,-8.4167369446542466],[124.00312658712232,-8.4168260386906582],[124.00330458633766,-8.4168503509628749],[124.00354489957749,-8.4168412893939717],[124.00367541458877,-8.4168267878259257],[124.00419939918299,-8.4170205539553535],[124.00437158697923,-8.4170664598491953],[124.00466604030555,-8.4169914294108708],[124.00483709405671,-8.4169598209389278],[124.00492936000205,-8.4169427715916072],[124.00505585324504,-8.4169193982116326],[124.00528754018785,-8.4168851475315023],[124.00540266240296,-8.416815604756323],[124.00549319625406,-8.4167609142847368],[124.00585871131057,-8.4165637577112307],[124.00597993092913,-8.4165033817256472],[124.00608860320654,-8.4163690391997648],[124.0061254781084,-8.416158569961965],[124.0062488677911,-8.416096836000122],[124.00648974400656,-8.4160974142641862],[124.00761900920998,-8.416077164229705],[124.00781833674694,-8.4160328510351974],[124.00811280626101,-8.4158986640920261],[124.00833338387861,-8.4158424141959927],[124.00848586842812,-8.4158417406038097],[124.00896976844012,-8.4160445656041816],[124.00940418145785,-8.4162266477415528],[124.00945543112334,-8.4162507423778266],[124.00949144627327,-8.4162750078852469],[124.00981499266788,-8.4165264142625347],[124.00998594659427,-8.4167239287662596],[124.01032585345547,-8.4170773200622193],[124.01034175886514,-8.4171860696813496],[124.01026957208319,-8.4172660382969866],[124.01005239929884,-8.4174015535388094],[124.00973435315791,-8.4175831950083762],[124.00958969630756,-8.4177688051861423],[124.00947418108865,-8.4179589128734733],[124.00942754044866,-8.418117179164426],[124.00939697788829,-8.4184855225887532],[124.00951435290517,-8.4186119285975565],[124.00962349282997,-8.4186287890872791],[124.00976436803126,-8.4185884293125355],[124.00989307090856,-8.418466335552921],[124.01016871221634,-8.4182062570130824],[124.01070696185684,-8.4178541157747873],[124.01086908713876,-8.4178077889982319],[124.01112358718387,-8.4177623345640313],[124.01133882102988,-8.4176044136127643],[124.0114662279841,-8.4174425698187179],[124.01155869717616,-8.4172751007652664],[124.0117111961149,-8.4173124289254133],[124.01184113376132,-8.4173074448826242],[124.01190330569307,-8.4172238672875892],[124.01192064911868,-8.4170670075363319],[124.01197760318394,-8.4167857733447136],[124.01210338866053,-8.4166436642736357],[124.01216316479827,-8.416576132382545],[124.01227957214462,-8.4163880077003341],[124.01226788275665,-8.4162689446559966],[124.01223372830395,-8.4161021015307256],[124.01230025835025,-8.4159064917911337],[124.01247533746687,-8.4156815542602885],[124.01270291540732,-8.4155231791513643],[124.01289721213675,-8.4154546157378718],[124.0132187899153,-8.4154485695957533],[124.01370725938261,-8.4154857565623615],[124.01399949318215,-8.4155785845839546],[124.01400607891742,-8.4155828302833697],[124.01423085277168,-8.4157276948771482],[124.01487193089497,-8.4162139133413802],[124.0151042590544,-8.416497288818789],[124.01509735226102,-8.4166979761306493],[124.01502041436072,-8.4169270388517248],[124.01499747715195,-8.4170651954024152],[124.0150395402427,-8.4172330232853483],[124.01514038392168,-8.4174014761971421],[124.01529255460775,-8.4175717106658681],[124.01552443040816,-8.4176991167208257],[124.01573482140498,-8.4177195232373379],[124.01598883671545,-8.4176717107807804],[124.01618961935549,-8.4175719139126386],[124.01632558695633,-8.4174262255398276],[124.01674778987865,-8.4169016330039312],[124.01709541472167,-8.4165618979131978],[124.01780947822488,-8.4158692886367135],[124.01813055598041,-8.4156475697794804],[124.01834503979183,-8.4156026477439241],[124.01860836758215,-8.4155961321557129],[124.01871863435758,-8.4156723667862252],[124.01881290039512,-8.4158324452111515],[124.01901541512939,-8.4162708197424649],[124.01914719728541,-8.4163231476950386],[124.01942077374974,-8.4163689609587209],[124.01976555583576,-8.4163783669679901],[124.02062107100573,-8.4163953039001171],[124.02089808737685,-8.4164503199262981],[124.02158827477911,-8.4166305845337774],[124.02191013404547,-8.416722428697085],[124.02198008691153,-8.4166553509636515],[124.02215324327767,-8.4164951637208105],[124.02224955527277,-8.4164997727462492],[124.02252005605578,-8.4165902256583536],[124.02260607081359,-8.4166750542103159],[124.02257650919864,-8.4167935389905892],[124.02250546185769,-8.417069835904158],[124.02250905644792,-8.417230679652107],[124.02257047834496,-8.4173951009031498],[124.02280080641219,-8.4177900543674582],[124.02284332186184,-8.4178875390786061],[124.0229301810831,-8.4179196475736262],[124.02328089869457,-8.4179268043784532],[124.02348636770182,-8.4179411791420762],[124.02354921232632,-8.4180047261371556],[124.02367422798329,-8.4182124758250438],[124.02403682114243,-8.4184290541574569],[124.02451496189599,-8.4186692567807313],[124.02476478996311,-8.4187286318208407],[124.02564366502315,-8.4186905698139185],[124.02581485277335,-8.4187944756844786],[124.02603294736264,-8.4189057730829404],[124.02616058724141,-8.4190004447146976],[124.02622280593778,-8.4192145553074624],[124.02622063317574,-8.4194113035887312],[124.02621050860819,-8.4196562411425475],[124.02626425928815,-8.4197891636389386],[124.02624658671073,-8.4198776641228505],[124.02622327538393,-8.4200532099876],[124.02627565010118,-8.4202028508807985],[124.0263884781458,-8.420334445078538],[124.02655675928702,-8.4204151331518347],[124.02684411786186,-8.4204789913123363],[124.0272415246767,-8.4205900701755354],[124.02754114910476,-8.4206923815481218],[124.02809482211842,-8.4207369762304438],[124.02832805589514,-8.4207035853021921],[124.02855057245097,-8.4206003359366832],[124.02872460295816,-8.4205307257123536],[124.02898907108886,-8.4204367573504442],[124.02911166487149,-8.4204072110239281],[124.02929475874623,-8.4204863666524261],[124.02953600907961,-8.4206294451926738],[124.02968905570538,-8.4206656330125043],[124.0299462753004,-8.4207346011208983],[124.03017225874282,-8.420856944892023],[124.03046785330889,-8.4209906318121739],[124.03072274276042,-8.4210017096611409],[124.03129369624719,-8.4210434292108403],[124.03149875876079,-8.4210078673191902],[124.03165952426764,-8.4209100381676762],[124.0325060561097,-8.420260085534494],[124.03270685223947,-8.4201499446641606],[124.03289460280371,-8.4201346633839762],[124.03308222836222,-8.4201756949523201],[124.03335849290022,-8.4203406638904994],[124.03362924369469,-8.4205470394143163],[124.03393568138665,-8.4209362579019285],[124.0339914780244,-8.4210249292570438],[124.03468136865035,-8.4220957727017094],[124.03466693093412,-8.4222329759710419],[124.03445691495472,-8.4227312894174133],[124.03449832243973,-8.4228152887944816],[124.03463357238149,-8.4228614303107179],[124.03476732135482,-8.4229127726063098],[124.03498419736286,-8.4231543359038596],[124.03512168122063,-8.4234241478061449],[124.03513055483131,-8.4235633817446001],[124.03512280627251,-8.423930788974701],[124.03527241479014,-8.4240732730630725],[124.03548375906826,-8.4243172105707913],[124.03564703997893,-8.4245812101546562],[124.03571607193919,-8.4247977875878064],[124.03574868135661,-8.4252031785837858],[124.03575325890586,-8.4254869920309829],[124.03581221216393,-8.4259357258530372],[124.03590958715779,-8.426156789104482],[124.0360270871804,-8.4262528510881793],[124.03631307159105,-8.4264971006606402],[124.03704167083652,-8.4271739376270602],[124.03704208722263,-8.4271743198389686],[124.03704250720602,-8.427174695755582],[124.03743166543904,-8.4275251786440322],[124.03771669746766,-8.4278789611450975],[124.03790296235195,-8.4282153201808114],[124.03818479009601,-8.4290845850854907],[124.03822418130096,-8.4294363665949845],[124.038231430736,-8.430014335692988],[124.03814766518269,-8.4303004451094239],[124.03791364989513,-8.4308547728294343],[124.03769499322937,-8.4314071786982936],[124.03732586919352,-8.4321171628766933],[124.03719205636833,-8.4322692580198009],[124.037039820931,-8.4323096960355883],[124.0366948526854,-8.4323785067626318],[124.03640040025834,-8.4323946010299551],[124.0359145253351,-8.4323643658227638],[124.03506135289922,-8.4323112419701829],[124.03498488444495,-8.4324011480944705],[124.03490694739776,-8.4325272420385318],[124.03474636894987,-8.4325393361214083],[124.03449452460268,-8.4325883671593829],[124.03450068136146,-8.4326405386299257],[124.0345561812228,-8.4327004127937926],[124.03482100908241,-8.43283792902713],[124.03478288412282,-8.4328818195402846],[124.03463949261857,-8.4329345863620233],[124.03424755458104,-8.433099944706612],[124.03423438400966,-8.4332484767357414],[124.03418660213003,-8.4333856008647672],[124.03408224300119,-8.4334903359102213],[124.0340040721303,-8.433593225546872],[124.03387864997978,-8.4338639763413994],[124.03368672835984,-8.4340013351934431],[124.03355786810118,-8.4341214288608057],[124.03330846181609,-8.4343466640672204],[124.03321569584773,-8.4344756790093243],[124.03319343043256,-8.4346290853639516],[124.03314211781458,-8.4347160552017613],[124.03306932219152,-8.434841523217699],[124.03314972787769,-8.4349204917872385],[124.03322083637261,-8.4350401789610601],[124.03317263361021,-8.4353337257707608],[124.03339753966475,-8.4355895855908329],[124.03357764868963,-8.4356754285781221],[124.03373080593201,-8.435673006703837],[124.03411266526734,-8.43567342938519],[124.0342729928044,-8.4357798200825869],[124.03428500864629,-8.4358383821355574],[124.03423177507648,-8.4360778050466365],[124.0342867119623,-8.4362097571744812],[124.0343760398224,-8.4363235232119678],[124.03449152536371,-8.436374834930632],[124.03459738366234,-8.4363130389155572],[124.03488832243818,-8.4360980227055506],[124.03509697774336,-8.4360127732708179],[124.03570335192819,-8.4361322886741164],[124.03605525844353,-8.4360510079476398],[124.03673657133572,-8.4360108990836693],[124.03694489928773,-8.4360830229131238],[124.03719405646063,-8.4362298822032358],[124.03778736799268,-8.4366777256964269],[124.03806593029856,-8.4369297112371555],[124.03825871167032,-8.4371040852852843],[124.03857250761519,-8.437509569810743],[124.03869652412538,-8.4377483991692657],[124.0391769779352,-8.4386721953654842],[124.03936819718456,-8.43908972630976],[124.03971964864297,-8.4400221011389931],[124.04033374260814,-8.4413308359492589],[124.04048261907769,-8.4417561325394104],[124.04074847845959,-8.4427488204016754],[124.04085480620438,-8.4443707728927961],[124.04077314866197,-8.4446327732837858],[124.04062963395052,-8.4448646319971203],[124.04047882124064,-8.4449764141301671],[124.04018315023222,-8.4450937729591828],[124.03905982145363,-8.445295991816522],[124.03892855640777,-8.4454595227387586],[124.03881299262559,-8.4456249449352185],[124.0386953208324,-8.4457838506441476],[124.03850968097709,-8.4461251172803031],[124.03834866545856,-8.4463364759475326],[124.03828430637566,-8.4465586642509152],[124.03824594579385,-8.4467740231026482],[124.03816530628387,-8.4469189758300445],[124.03800218095591,-8.4470530386667519],[124.03778947780222,-8.4472515541158941],[124.03779807082435,-8.4473027417280946],[124.03789696207525,-8.4475580538610302],[124.03767132217388,-8.4474956328171515],[124.03755469629232,-8.4475109608621324],[124.03754461759013,-8.4475633670556931],[124.03750127476405,-8.4476393822516229],[124.03735685263666,-8.4477170863743822],[124.03719139896396,-8.4478734919680392],[124.03718727377372,-8.4479546324002968],[124.0372634931158,-8.4481786013612918],[124.03728646180082,-8.4482603200576705],[124.03734960230236,-8.4484412573580698],[124.03721869608603,-8.4484450228194987],[124.03704375906227,-8.4484581628138926],[124.03701150937377,-8.4485259770921175],[124.03692368068334,-8.4487913832157346],[124.03695519562586,-8.4489336316817116],[124.03707738381422,-8.4491757885317611],[124.03719685335216,-8.4492248978107227],[124.03733905595277,-8.4493164757747081],[124.03736899258502,-8.4494333660569509],[124.03725046193938,-8.4495790067657026],[124.03727871234275,-8.4497448345564408],[124.03736525859983,-8.4498783200284038],[124.03743013299436,-8.4500388202353065],[124.0373837432652,-8.4502428521258821],[124.037419822267,-8.4504858984054181],[124.03751752371477,-8.4509470077981064],[124.03766124257231,-8.4514087107433511],[124.0379632897741,-8.4518824915836603],[124.03806793039075,-8.451922961075752],[124.03817614940988,-8.451820381705204],[124.03826071176252,-8.4518081167511241],[124.03873463379637,-8.4519640699858201],[124.03889803971288,-8.4520208981458609],[124.03929980464238,-8.4521918979376665],[124.03946728988353,-8.4521823201578741],[124.03961924293378,-8.4520537260985407],[124.03972161905756,-8.4520021481805543],[124.03978277475528,-8.4520466016692808],[124.04001975870494,-8.4522342101406593],[124.0404319153007,-8.4521901793332859],[124.04064608704732,-8.4522970385773988],[124.04103486936378,-8.4520485702852284],[124.04115969616316,-8.4519196173963564],[124.04136616521646,-8.4515457422421605],[124.0415044926383,-8.4512941946712772],[124.04152608715924,-8.451107820069808],[124.04159132218183,-8.45068150814501],[124.04174227518592,-8.4504403036769986],[124.04203583728417,-8.4500178984072249],[124.04232919703486,-8.4494843513217006],[124.04262714962329,-8.4492234606940997],[124.04273439917324,-8.4492013832372095],[124.04300999281702,-8.4492352409135947],[124.04353429037531,-8.4493994760049418],[124.0441952282273,-8.4496581785820126],[124.04492578979341,-8.4499304141572225],[124.04570814961153,-8.4502432882970879],[124.04776941462683,-8.451069585392986],[124.04844260304378,-8.4513785393880312],[124.04884183728097,-8.4515724458116779],[124.0500167592661,-8.4522064453711323],[124.05128757146429,-8.45258703936031],[124.05132488433605,-8.4527234287431838],[124.05139466543153,-8.4528616482464258],[124.05151274281889,-8.4528706639499092],[124.05181052543549,-8.4528868346596369],[124.05196824313998,-8.4529677727444437],[124.05223955511144,-8.4529120543477916],[124.05246715013891,-8.4529661638573543],[124.05276366471139,-8.4531016332337572],[124.05355560320857,-8.453572131548583],[124.05440857239773,-8.4543513824103229],[124.05456983702845,-8.454647476999412],[124.05462604015963,-8.4548268359896497],[124.0548696808911,-8.4555869447816576],[124.05487366488774,-8.456007913834128],[124.054769962264,-8.4562633203958626],[124.05465941490013,-8.4562868358687524],[124.05380124403223,-8.45636574238506],[124.05376061895743,-8.4564574138785247],[124.05375982125884,-8.4566020230648746],[124.05378782165076,-8.456883211391073],[124.05374424410161,-8.4572630850233281],[124.05367975911361,-8.4574192262162455],[124.05356135257443,-8.4574324921157995],[124.05339383675619,-8.4573458505305439],[124.05299825916234,-8.4571360701734761],[124.0528125239789,-8.4571290068981284],[124.05277882188523,-8.4571858665344735],[124.05285878960149,-8.4572930702189524],[124.05307321225905,-8.4574251320641451],[124.05327191476715,-8.4575700856908611],[124.05326014983609,-8.4576163980782439],[124.05312671202819,-8.457664897616894],[124.05298739894931,-8.4577331633547601],[124.05297583726519,-8.4578447107647321],[124.05292543116377,-8.4579436478809953],[124.05287388382271,-8.4580421479267329],[124.05280330592791,-8.4583373359992038],[124.05274363411149,-8.4585618670365079],[124.05264816478109,-8.4588387566033134],[124.05262746238759,-8.4590533834068538],[124.05269380627419,-8.4593625379507102],[124.05277966544929,-8.4599004125739157],[124.05271447809071,-8.4601892109632786],[124.05269530634337,-8.4605135703449719],[124.05271341509206,-8.4607759133776312],[124.05283077482045,-8.4610703819924993],[124.05289853963598,-8.461482788599767],[124.05277332073217,-8.4622644289601681],[124.05265886761276,-8.4623586949977039],[124.05238685237146,-8.4625703360521243],[124.05236279011069,-8.4627011478396525],[124.05244138366299,-8.4628625860394777],[124.05257174399082,-8.4628877733520085],[124.05282500926683,-8.4628659611951207],[124.05297886798041,-8.4627928669971766],[124.05316622823887,-8.4627231155792515],[124.05334605577593,-8.4626895393906807],[124.0534668527132,-8.4626839303190877],[124.05352065015791,-8.4627541475857697],[124.05367566539974,-8.4635433665330879],[124.05369832112069,-8.4638239756959024],[124.05384468128705,-8.4640844445414132],[124.05403789972934,-8.4643730387846858],[124.05416144589412,-8.4645985078148556],[124.0542831808242,-8.4646653355367789],[124.05441485236361,-8.4647373361590894],[124.0544829148547,-8.4648565233098338],[124.05460661840073,-8.4650807108060917],[124.05506771160572,-8.4655497261389314],[124.0551477746501,-8.4657548668935192],[124.05526080594154,-8.4660407730631846],[124.05532586829429,-8.4662566643135619],[124.05546779030635,-8.4665783203331557],[124.055716352128,-8.4667383510939658],[124.05592405595053,-8.4667840393518645],[124.05619472670537,-8.4667370551709382],[124.05646393066593,-8.4667228521778384],[124.05667741533057,-8.4667835231410322],[124.05683878967841,-8.4669296171081214],[124.05697386784982,-8.4671365547081905],[124.05712522824672,-8.4673340233464387],[124.0572573206689,-8.4673760549609369],[124.05739752407658,-8.4673468359876551],[124.05768991525747,-8.4672538505847115],[124.05772324323311,-8.4672933200306488],[124.05779216457677,-8.4674429447360922],[124.05783513418419,-8.4676764600005754],[124.05782264889615,-8.4679011951839698],[124.05772821198741,-8.4681496625768204],[124.05733854024152,-8.4689099449379341],[124.05711160261842,-8.4697653818668073],[124.05704543140155,-8.470266617210541],[124.05708024325872,-8.470500506593055],[124.05726778967687,-8.471460272973161],[124.05734036946251,-8.4723719759858795],[124.05731939997042,-8.472527242138483],[124.05725482145294,-8.4729476949800642],[124.05727126285854,-8.4732392461942254],[124.05727494558232,-8.4733045540618832],[124.05724827438837,-8.4737569921913973],[124.05710691535194,-8.4742831171720923],[124.05702766529453,-8.474578117286228],[124.05686372697949,-8.4748839128622535],[124.05667838390036,-8.4752038520760493],[124.05627625924205,-8.47611805520404],[124.05617549290469,-8.4763265387387037],[124.05614874257049,-8.4764049299434987],[124.05608869573678,-8.4764556166333591],[124.05592499304407,-8.4766351950581793],[124.05588443811644,-8.4766912219222945],[124.05550707089469,-8.4772125544158143],[124.05539232099886,-8.4775125862367986],[124.0553733057335,-8.4777724588318506],[124.0553670239691,-8.4778583054164187],[124.05546577402629,-8.4782661947290308],[124.05572608728914,-8.4786904454076648],[124.0560910249809,-8.4791391630419071],[124.05621016536691,-8.4793508670488222],[124.0565433677823,-8.4800763672305379],[124.0567751806301,-8.4804528036539182],[124.05691335156996,-8.4805770539878154],[124.05696921205958,-8.4806358669516726],[124.05724555573784,-8.480890600820544],[124.05758226910655,-8.481058617561132],[124.05758683676322,-8.4810608982418216],[124.05806257093093,-8.4812608040428472],[124.05875008734677,-8.4816734453731328],[124.05936611845163,-8.4821985388314829],[124.05976773589236,-8.482627267234534],[124.05992627377861,-8.4827965070531377],[124.06086303999734,-8.4838755379257123],[124.06197794572563,-8.4851692261788116],[124.06230090036627,-8.4856297582067555],[124.06237024708935,-8.4857147045698866],[124.06254318492006,-8.4859265461731184],[124.06255810287416,-8.4859448203970942],[124.06256946041231,-8.4859562246999758],[124.06258249068946,-8.4859693107350722],[124.06260014438124,-8.485987039070551],[124.06260289900467,-8.4859898053851452],[124.06283030427517,-8.4862942267970993],[124.06283063432636,-8.4862946683642235],[124.06302855262561,-8.4865596176322242],[124.06302982876366,-8.4865613245454483],[124.06303639201599,-8.4865701118211518],[124.06303952435462,-8.4865743035612127],[124.06304305329434,-8.4865796338430073],[124.06304657144221,-8.4865849614267859],[124.06305192960292,-8.4865918322471998],[124.06305512039751,-8.4865959223639038],[124.06308347242441,-8.486632273860323],[124.06337468009747,-8.4870056480921221],[124.06340430466503,-8.4870319982280762],[124.06342160672182,-8.4870473874269692],[124.0636379925993,-8.4872398522373373],[124.0638828528115,-8.4875530393412646],[124.06439557069905,-8.4882306326375669],[124.06453658709393,-8.488400070306966],[124.06492004002791,-8.4890547263944427],[124.06502329299065,-8.4893136466074566],[124.06513475946167,-8.4895931639932769],[124.06546930546415,-8.4910222937438107],[124.0654941654235,-8.4911284919862737],[124.06555338398152,-8.4914125392572259],[124.06563791485792,-8.4919730552122701],[124.06563999319121,-8.4920487106793985],[124.06568346192228,-8.4930974137146222],[124.06569068078034,-8.4934525541920038],[124.06560897827183,-8.4939721006318791],[124.06559160157121,-8.4940626012080429],[124.0655584462653,-8.4946675382762464],[124.0655324153887,-8.4950662266249992],[124.06549327419532,-8.4952016168610953],[124.06546930546415,-8.4952709150206829],[124.06537775897641,-8.4955355863981481],[124.06538236800191,-8.4958303517892659],[124.06546802482956,-8.4961186483569122],[124.06546930546415,-8.49613606103037],[124.0654917426499,-8.4964413044226035],[124.06546930546415,-8.4977563156014639],[124.06546313431625,-8.4981179770629183],[124.06539218140415,-8.4983764449169712],[124.06532566484759,-8.499246101926019],[124.0652427590461,-8.4995926170056464],[124.06502717716251,-8.5000000035972221],[124.06502702517719,-8.5000002886823154],[124.06502688398359,-8.5000005539823178],[124.0650245268605,-8.5000050101230613],[124.06496296197122,-8.500121350919585],[124.0649637272943,-8.5003144452554125],[124.06500354118054,-8.5007270721965824],[124.06503749328579,-8.5010789445375963],[124.06497739878796,-8.5012493822531496],[124.06483013390357,-8.501429288930467],[124.06473810178204,-8.501572928647704],[124.06474080604346,-8.5017276785894751],[124.06476128990164,-8.5022906326065595],[124.06466325930205,-8.5024898351377374],[124.06412633706088,-8.5034837730576101],[124.06421969658174,-8.5036363988007224],[124.06429360286756,-8.5038353522197099],[124.06429571177773,-8.504153258066367],[124.06424722662825,-8.5043864765546004],[124.06401096123693,-8.505036772728829],[124.06387661871099,-8.5053698834133229],[124.06363819584612,-8.5057111176739113],[124.06346386946211,-8.5059953816814868],[124.06343989713366,-8.5060466043672704],[124.06327074275066,-8.5064080391995844],[124.0629558370423,-8.5070608669653893],[124.06285821203687,-8.5071933829681825],[124.06264134861942,-8.5073576225561851],[124.06243657119091,-8.5075127097437075],[124.06226986835975,-8.5076651951925442],[124.06207471097923,-8.5078965538828015],[124.06199186813024,-8.5080818978612456],[124.06195611917963,-8.508372038039056],[124.06192402417446,-8.5087840228642904],[124.06185914978005,-8.5089368041901139],[124.06172302479786,-8.5090781173611845],[124.06166586568725,-8.5091103760429974],[124.06109777384324,-8.5094309915469921],[124.06041425941055,-8.5095076173826101],[124.06021860290628,-8.5096148984088131],[124.06019774403069,-8.5096494962272118],[124.06014710230704,-8.5097334920070011],[124.06001007080818,-8.5100695695549575],[124.05986516484552,-8.5102683206264373],[124.0598515401166,-8.5104295861564196],[124.05981933719272,-8.5108602427059736],[124.05974607212363,-8.5109940231556038],[124.05958774288013,-8.5110783507852261],[124.05911833724156,-8.5112758041349821],[124.05889366141344,-8.5113135801575481],[124.05880924295229,-8.5113277732580741],[124.05844430526054,-8.5113675862450577],[124.05823966542823,-8.511461678713431],[124.05810770700509,-8.5116031411719746],[124.05808475900449,-8.5116277421265636],[124.05805450940818,-8.5117517730258783],[124.0580804467553,-8.5119726950837844],[124.05817871117858,-8.5123380392690251],[124.0581846961669,-8.5123572209089957],[124.05832616492069,-8.5128106330042783],[124.05849813328234,-8.513266850984337],[124.05850623437527,-8.513275899962764],[124.05866857099784,-8.5134572419581218],[124.05904190026354,-8.5138771012472034],[124.0590968209616,-8.5140884761022448],[124.05912739881046,-8.5145393197337853],[124.05910113860671,-8.5150220812040516],[124.05909846672091,-8.5150712003755302],[124.05909536765716,-8.5151281787224207],[124.05901418135943,-8.5152803053417756],[124.05890205568539,-8.5153351019333741],[124.05877857157384,-8.5153234611087782],[124.0584369479069,-8.5152175308643336],[124.0584303208027,-8.5152154759134078],[124.05838718212283,-8.5152285403647738],[124.05819983625349,-8.5152852731967528],[124.05800624369328,-8.515405774257033],[124.0579770400085,-8.5154389583412353],[124.05783805608144,-8.5155968828897812],[124.0577212917043,-8.5158652046154657],[124.05771750915574,-8.51587389836169],[124.05773908658966,-8.5159720081016417],[124.05786811682015,-8.5161443262995817],[124.05787137146672,-8.5161486709243945],[124.05787894735556,-8.5161587891967088],[124.05780352391355,-8.516470851248755],[124.05774308317677,-8.5166297506623891],[124.05765220758337,-8.5168686645571938],[124.05764685301995,-8.5168827416451904],[124.05745636761731,-8.517024585416209],[124.05729594745003,-8.5170895227632286],[124.0566160240104,-8.5173239301552144],[124.05649493929013,-8.5174911950625756],[124.05648119585055,-8.5175101797509569],[124.05642147996741,-8.5176942889602287],[124.05622688376377,-8.5182942419856431],[124.05619219601306,-8.5185745552714707],[124.05612761839495,-8.5187823670125908],[124.05606372426155,-8.5189108036905736],[124.05557157027181,-8.5199001101019576],[124.0554613988246,-8.5201215699544264],[124.05543958936562,-8.5201437670211817],[124.05516116465606,-8.5204271317066969],[124.05515379111466,-8.5204386052573682],[124.0549492430132,-8.5207568672356047],[124.05482054013589,-8.5209573827769418],[124.0544679456392,-8.5211918818997674],[124.05440827382279,-8.5213466012646109],[124.05429524343083,-8.5217483509056251],[124.05402317063283,-8.5220719593534113],[124.05399102526565,-8.5221101949294962],[124.05399103965487,-8.5221241730920951],[124.05399115027149,-8.5222251786490233],[124.05405750764794,-8.5222532887582361],[124.05457891478511,-8.5224168979214596],[124.05482849284078,-8.5226366481627451],[124.05490215630948,-8.5227387418993885],[124.05507769228177,-8.5229820255999584],[124.05523690016287,-8.523202679659903],[124.05540605634451,-8.5235169126753476],[124.05554719594636,-8.5239694137574133],[124.05554547824124,-8.5242494923201662],[124.05549691485078,-8.5245554758544699],[124.0554095079425,-8.5247339598043368],[124.05540807981913,-8.5247350839568981],[124.05529821234268,-8.5248215708587622],[124.05504753981222,-8.5250206007200973],[124.05504680416675,-8.5250230675604826],[124.0550096648642,-8.5251476317577612],[124.05490089995658,-8.5255867095589792],[124.05488547208688,-8.5256168422434371],[124.05468930476763,-8.5259999759181255],[124.05468082416076,-8.5260164299142502],[124.05453728966427,-8.5262948977912743],[124.05437513200684,-8.5265464417648218],[124.05436894557045,-8.5265560375310656],[124.05436843745349,-8.5265754511960949],[124.05436207205207,-8.5268184606034083],[124.05424500909999,-8.5271259127306394],[124.0541901909246,-8.5272301783300009],[124.05412158704166,-8.5273606636636714],[124.0541085540666,-8.5274342713744886],[124.0540920560037,-8.5275274447357674],[124.0541197749078,-8.528074602161098],[124.05409235277989,-8.5285347097090494],[124.05413635211107,-8.5292782880624713],[124.05410227410073,-8.5296755392946579],[124.05402036924465,-8.5297621637927818],[124.05393472770561,-8.5299036945997955],[124.05392749445832,-8.5300432891664286],[124.0539729003292,-8.5301834916747339],[124.05403664877235,-8.5304119923195572],[124.05400002118404,-8.5305083106100028],[124.05397294619456,-8.5305795072384285],[124.05386916532973,-8.530737992064644],[124.05378128268012,-8.5309057830753545],[124.0537797898055,-8.5309086330269679],[124.05369791462715,-8.5313538819760311],[124.05374854016304,-8.5315481022630593],[124.05383655501305,-8.5316234762423733],[124.05391169606798,-8.5317061626092823],[124.05388908711177,-8.5318011642922329],[124.0538264781095,-8.5320173037555378],[124.05388571195613,-8.5322065391004571],[124.05394429919011,-8.5322846173411904],[124.05398110304554,-8.5323336636676004],[124.05403587445608,-8.5323654178297375],[124.05411491497136,-8.5324112418852565],[124.05438861824018,-8.5324439286443408],[124.05457719618073,-8.5324462111236699],[124.05462170542739,-8.5324751863806796],[124.05468612116761,-8.5325171199690431],[124.05471208729307,-8.5325340227269066],[124.054779758579,-8.5326494920803384],[124.05482255641596,-8.5328398201015716],[124.05477882058619,-8.5330573202390951],[124.05475593104143,-8.5332225859535242],[124.05495277465093,-8.5334042876776834],[124.05507925890072,-8.5334227885307996],[124.05510018522546,-8.5334266088508457],[124.055278852637,-8.5334592245635008],[124.05528664885981,-8.5334606481903279],[124.05535632113742,-8.5336075389566872],[124.05534166488599,-8.5337226476819978],[124.05527716460949,-8.5338331482811327],[124.05517677688681,-8.5339866148902956],[124.05516543014051,-8.5340039610139229],[124.05512182830978,-8.5342589098207782],[124.0551190718877,-8.5342750229738726],[124.05492594607563,-8.5351951652246498],[124.05481727469748,-8.5357129139197809],[124.05479777289895,-8.5357838758251887],[124.05473027518212,-8.5360294761793511],[124.05462633693594,-8.5362198815422516],[124.05454232766635,-8.5364449836490053],[124.05454194635377,-8.5364460070775294],[124.05450032213218,-8.5367455550632485],[124.05443550889163,-8.537116007397799],[124.05438531682898,-8.537471173056133],[124.05434855614101,-8.5377313046559493],[124.05435519583568,-8.5381130227977451],[124.05443047988285,-8.5386527922925097],[124.05444474313049,-8.5387550551016602],[124.05449230557554,-8.539233773220019],[124.05453191531569,-8.5398408048092733],[124.05475315033766,-8.5408946168930129],[124.05486907115073,-8.5411286483683853],[124.0550978209078,-8.5414440540997703],[124.05529058699108,-8.54263353880674],[124.0554301653699,-8.5434949930993866],[124.05564980589384,-8.543951836108306],[124.0558066971214,-8.5441250860038735],[124.05617586792198,-8.5443909606742636],[124.05642496214239,-8.5445695228651175],[124.05676632230802,-8.5448712571027841],[124.05691800915884,-8.5449612567565509],[124.05740093070847,-8.545394693110552],[124.05755949287641,-8.5455370072270398],[124.05760043631119,-8.5455460418163511],[124.05775527528579,-8.5455802106581586],[124.05782077111178,-8.5455706112946359],[124.05791602460488,-8.5455566493198489],[124.0580187020015,-8.5454716454000845],[124.05805816425288,-8.5454389757280751],[124.05810663411398,-8.5453256170835061],[124.05808019584447,-8.5451558043968134],[124.05805157132306,-8.544934912915835],[124.05807037614704,-8.5448963463892369],[124.05811024309332,-8.544814586324037],[124.05816701369679,-8.5447855975772313],[124.0582213840097,-8.5447578364049832],[124.05828885294829,-8.5447634463758959],[124.05838338428578,-8.5447713046519311],[124.05866994965857,-8.5448658278955918],[124.05868669683366,-8.5448713515315831],[124.05885008746168,-8.5450098201470155],[124.05892977908604,-8.5451142907918438],[124.05901012811501,-8.5452196238865099],[124.05904988444468,-8.5452717422970181],[124.05910672789321,-8.5454644292399848],[124.05927352515312,-8.5459879920521189],[124.05937328964569,-8.5463216962892261],[124.05942347811106,-8.5464895385613318],[124.05953449312244,-8.5469840226944598],[124.05965864902748,-8.5474533348034925],[124.05977622459318,-8.5477476730166586],[124.05979721207177,-8.5478002096119212],[124.05982707406031,-8.5478421063281189],[124.05997839938368,-8.5480544137801076],[124.06032358706398,-8.548341523242641],[124.06079772763303,-8.5486487271570013],[124.06120466546304,-8.5488123983734567],[124.06131946302287,-8.5489009159444436],[124.0613863518987,-8.5489524920637905],[124.06161119590001,-8.5491220538396533],[124.06164238528788,-8.5491371426649607],[124.06181182205796,-8.5492191167687679],[124.06198052408195,-8.5493394613470173],[124.06257049283408,-8.5499083041248696],[124.06283047784439,-8.5500238508200255],[124.06303006258736,-8.550104981359766],[124.06320921203553,-8.5501778039624128],[124.06371830565536,-8.5503375388462928],[124.06467658725478,-8.5505645538110571],[124.06576816097197,-8.5505820393295835],[124.06613389906022,-8.5505878984127435],[124.06641897785357,-8.5504883668446041],[124.06710569567133,-8.5502292730624276],[124.06734433707152,-8.5502631640137565],[124.06770743115305,-8.5503021019603693],[124.06790460571301,-8.550258967777097],[124.06801199285928,-8.5502354756866339],[124.0682675693929,-8.5501642376893869],[124.06838785281718,-8.550130710963515],[124.06853147724598,-8.5501952103406325],[124.06873887439963,-8.5502858656001877],[124.06882166508785,-8.5503220552186008],[124.06891458124301,-8.5503312103170401],[124.06910124272827,-8.5503496005536022],[124.06928735742565,-8.5503801900936764],[124.06959693105364,-8.5504310701377335],[124.07020757072291,-8.5505039287132831],[124.07037542558544,-8.5504921970572241],[124.07077002471692,-8.5504646166486964],[124.07103061946759,-8.55046208505712],[124.07133547795002,-8.5504372259971433],[124.07162889885467,-8.5503983042382856],[124.07191005570462,-8.5503724757091391],[124.07239083686773,-8.5502366789795019],[124.07332328004543,-8.5498252607271752],[124.07348214888214,-8.5497551639696212],[124.07377713370784,-8.5495947572921409],[124.07396375922019,-8.5494657423500939],[124.07429439946702,-8.5491858355578074],[124.07450952539432,-8.5490381174151366],[124.07472828997868,-8.54898119482624],[124.07490738366891,-8.5489044295957228],[124.07501628527336,-8.5488058225306531],[124.07504688380675,-8.5487781171163419],[124.07516618067473,-8.5485807105313256],[124.07517958417054,-8.5485620154246362],[124.07535454008007,-8.5483179601057486],[124.0755518684241,-8.5481684918823362],[124.07557737769389,-8.5481465942898467],[124.07568121791394,-8.5480574543879584],[124.07569711882707,-8.5480438035786506],[124.07576105522855,-8.5478890536368795],[124.07584843066059,-8.5476948351484907],[124.07597880178037,-8.5475835206628972],[124.07598267965705,-8.5475802102584453],[124.07618157102274,-8.547507429024563],[124.07643318064686,-8.5474909138745261],[124.07703927514251,-8.5475503356793752],[124.0777548207285,-8.5477272889831397],[124.07775160295421,-8.5478471946922241],[124.07770042433515,-8.5480465321217025],[124.07769838377351,-8.5480544758333394],[124.07784152526619,-8.5480539290455226],[124.07795697483459,-8.5480208771617185],[124.07805530580777,-8.5479927256836845],[124.07822152390429,-8.5479749757644754],[124.07832473909548,-8.54798410118525],[124.07890907179626,-8.5480357582436],[124.07913785302958,-8.5480690862193001],[124.07991770463843,-8.5480429033572705],[124.08047816483554,-8.5480240859427568],[124.08066630480619,-8.5479783230411499],[124.08073980639699,-8.5479604454181981],[124.08089993068734,-8.547853600563144],[124.0812480789358,-8.5475537845794634],[124.08148755580612,-8.5473475538464641],[124.08165196176867,-8.5472838197924261],[124.08247238089575,-8.5469832978408817],[124.08249032057188,-8.546976725595357],[124.0827611810837,-8.5468927891708404],[124.08304372828547,-8.5468539447537069],[124.08304412668519,-8.5468537244198046],[124.08321627491125,-8.546758241599548],[124.08398735723085,-8.5462404929043601],[124.08403066498329,-8.5462114133260343],[124.08411580110339,-8.5461383739867074],[124.08425433716798,-8.5460195240817143],[124.08438305623315,-8.5459258956635153],[124.08444880566788,-8.5458780706164248],[124.08444808800891,-8.5458741936390652],[124.08443735280161,-8.545816242225726],[124.0843433529634,-8.5457131169667377],[124.08425000873103,-8.5455982879306021],[124.08434418123909,-8.5454892577230339],[124.08450539910496,-8.5452895695579514],[124.08467666509603,-8.5451055547774786],[124.084872621974,-8.5449515081055551],[124.0850127408454,-8.5448413573427047],[124.085019226756,-8.5448362581867059],[124.08523788432092,-8.5447680392135794],[124.0854036149849,-8.5447669051685011],[124.08547528915335,-8.5447664141386781],[124.08571946228346,-8.5448108667280849],[124.08596383686165,-8.5448176790925459],[124.08600338814585,-8.5448148768050487],[124.08653266525039,-8.5447773831696736],[124.08674335662067,-8.5447577149964786],[124.08687747791339,-8.5447451946349702],[124.08712422760107,-8.5446734296349973],[124.08717621381129,-8.5446413679047737],[124.08736843130816,-8.5445228210712685],[124.08753388408149,-8.5444683976983242],[124.08780582108182,-8.5444623038921463],[124.08917627546475,-8.5444253363601206],[124.08928538301404,-8.544494352132574],[124.08938636788662,-8.5446419920342578],[124.08945625869944,-8.5446814920571796],[124.0896276811726,-8.5446342893409337],[124.08969987335058,-8.5446062871503727],[124.09008444594053,-8.5444571166025867],[124.09020154036887,-8.5444063516717392],[124.09020506301329,-8.5444065612138047],[124.09042968038545,-8.5444198666834268],[124.09064008667076,-8.5445026007143952],[124.09119035215315,-8.5447592420453589],[124.09160490634144,-8.5448368328534912],[124.09162186845458,-8.5448400083596425],[124.09227630600674,-8.544827819847967],[124.09236769061647,-8.5448039140693481],[124.09262410172096,-8.5447368363358578],[124.09271352401004,-8.5446461639892277],[124.09292424325929,-8.5443718518794185],[124.09309786817209,-8.5443559770466777],[124.09351799276124,-8.5444314301662985],[124.09383550920143,-8.5444668823407142],[124.09397321159452,-8.5442418350925777],[124.09411649338153,-8.5440507876136849],[124.09423164887153,-8.5440042423018667],[124.09438080592952,-8.5440160387091737],[124.09446953843849,-8.5440580928066652],[124.09451783293173,-8.5440809823514314],[124.0945303829709,-8.5440869295680955],[124.09476692445401,-8.5443102438226219],[124.09482913415729,-8.544368975847533],[124.09486491278551,-8.5444004332333634],[124.09515330558065,-8.5446539916883353],[124.09520019982938,-8.5446581501534524],[124.09529357104157,-8.5446664302115209],[124.09544946222297,-8.5446275390296478],[124.09555224304165,-8.5446018975594598],[124.09587314902672,-8.5445449596820708],[124.0964074137712,-8.5445032734073152],[124.09654397762256,-8.5444144761470966],[124.0967202312537,-8.5442826319378469],[124.09693928901709,-8.544118770065154],[124.09694774264426,-8.5441124460325],[124.09709119620186,-8.5441540387778332],[124.09723202373891,-8.5442447417014478],[124.09734691482834,-8.544374210801152],[124.09740843115424,-8.5445756787245273],[124.09748624319559,-8.5449470699512631],[124.09765022737611,-8.5451488832143241],[124.09779364945746,-8.545186366957239],[124.09840461827855,-8.5453045387733937],[124.09884445780551,-8.5453608606151761],[124.09892833667345,-8.5453716021177115],[124.0989345006268,-8.5453696146159928],[124.09906030588843,-8.5453290695808732],[124.09915797765859,-8.5452210394194026],[124.09933241465922,-8.5449269287347533],[124.09947578997583,-8.5446183038915819],[124.09953103982571,-8.5443683040539327],[124.09957513358563,-8.5442402262054316],[124.09966265021114,-8.5441939929583555],[124.09972902377547,-8.544225553766239],[124.09978040024532,-8.5443206795556534],[124.09978324570034,-8.5443265791083149],[124.09986027533148,-8.5444862258585772],[124.09987153934014,-8.5444737342753569],[124.09988002444368,-8.5444643228701693],[124.0999210236364,-8.5444188513488371],[124.0999328200437,-8.544374568731314],[124.09995538403382,-8.5442898669837177],[124.10001857219936,-8.5441523201733958],[124.10007327616086,-8.5441357942314653],[124.10014860337537,-8.5441130386857367],[124.10030708730233,-8.5441223520648464],[124.10032453594863,-8.5441250095614691],[124.10122821161269,-8.54426266339118],[124.10135754041823,-8.5442617101097653],[124.10198507205348,-8.5442950713604091],[124.10211396198986,-8.5443236482177554],[124.10221250340442,-8.5444046798320414],[124.10245294614663,-8.5446023975825369],[124.10253982695156,-8.5446361077700885],[124.10278493087992,-8.5447312101771331],[124.10297182079296,-8.544807898065983],[124.1033674163732,-8.545062284796586],[124.10337400930314,-8.5450665242007062],[124.10366411800476,-8.5450503202160348],[124.10377050870204,-8.5450699299332769],[124.10400579023508,-8.5452076952788616],[124.10409246329664,-8.5452311819734064],[124.10415759939372,-8.5452488329672178],[124.10416308705692,-8.5452503195465397],[124.10417494911462,-8.5452474722929423],[124.10442055486476,-8.5451885073437097],[124.10470704019781,-8.5451068039358233],[124.10506905509283,-8.5451198036359983],[124.10621817193112,-8.5447396179389443],[124.10646630567555,-8.5446575233260091],[124.10670043068035,-8.5446135689609832],[124.10672927463634,-8.5446081640354805],[124.10702797815873,-8.5446665857942321],[124.10725496164719,-8.5447129287585994],[124.10742841478952,-8.5447191790468082],[124.10762443102271,-8.54491896074137],[124.10829597727763,-8.5449792108218503],[124.10841219576628,-8.5450056481920456],[124.10858516507335,-8.5451000392353649],[124.10905889914898,-8.5451298670496953],[124.10930602385395,-8.5451473040048427],[124.109527415358,-8.5452179916169939],[124.11022011816397,-8.5458939922139052],[124.11032027476097,-8.5459644136267343],[124.1109391648107,-8.5459939599532504],[124.11177916487657,-8.5458872742782432],[124.11204902444297,-8.5459799916832253],[124.11253797684617,-8.5460647419942006],[124.11287550859788,-8.5460656790877465],[124.11319577426559,-8.5460450378481596],[124.11335799307699,-8.5460928035399775],[124.1135269460118,-8.5461784603676278],[124.11366007175502,-8.5461926948369751],[124.11381404018584,-8.5461092422476668],[124.11397849381251,-8.5459491952991016],[124.11405813417559,-8.5458445393939542],[124.11424458701811,-8.5459369762104416],[124.11435216482062,-8.5459736946302769],[124.11467510237412,-8.5458426319318619],[124.11488147789794,-8.5457402423182884],[124.11508572832372,-8.5458002567763742],[124.11535582081456,-8.5457804923757976],[124.11563461874277,-8.5456634761884516],[124.11600252509652,-8.5455465697183968],[124.11636864899401,-8.5456211316098916],[124.11647186778248,-8.5456185703407073],[124.11659358742418,-8.5456138201216731],[124.11690946170233,-8.5455493036573671],[124.11708950867398,-8.5454437106586738],[124.11718539978642,-8.5453920697881358],[124.11733963441668,-8.5454213975793891],[124.11742490003917,-8.5454835065585257],[124.11736072801523,-8.5456892732412939],[124.11732965014335,-8.5457603979239707],[124.11762669711447,-8.5458539292154114],[124.11774363416146,-8.5458583511818915],[124.11785515009512,-8.5457212567305874],[124.11793893003767,-8.5455729756122878],[124.11801957134617,-8.5455363669097437],[124.11827386814457,-8.5455412421345613],[124.11839993061233,-8.5454882262006322],[124.11845308684053,-8.5453355707799119],[124.1184834938183,-8.5452758045346968],[124.11862193095737,-8.5453488357800893],[124.11880164877709,-8.545483960716183],[124.1190639306559,-8.5455064140896866],[124.11934390040074,-8.5454528819449251],[124.11958464981183,-8.5453757416970575],[124.11968597822533,-8.5453779918008195],[124.11984530571635,-8.5455670697643882],[124.11993566509898,-8.5456638350179333],[124.12034972825745,-8.5456245391411016],[124.1205226651889,-8.545671538610577],[124.12064089995761,-8.5457062578374803],[124.1208545869697,-8.5455595847070072],[124.12104614886073,-8.5455284762581414],[124.12115777541112,-8.5454915536922158],[124.1212601182599,-8.5453358360799143],[124.12133622788463,-8.5452041168764481],[124.12143675859954,-8.5451316791836121],[124.12160388321274,-8.5451821482375294],[124.12169469585365,-8.545203804811706],[124.121876775293,-8.5451061950947746],[124.12196735231157,-8.5449922725752572],[124.12200794591001,-8.5449132887172254],[124.12213319718933,-8.5448749596116613],[124.12232357197536,-8.5449141169928566],[124.12246269619652,-8.5450201011966556],[124.12257966471986,-8.5451483508156798],[124.12274352479392,-8.5451653507003016],[124.12285228970143,-8.5449747573791228],[124.12292111931424,-8.544898492171626],[124.12326761820611,-8.5446925078529148],[124.12384552435151,-8.5443582568280476],[124.12459472706507,-8.5438332568992337],[124.12499939680481,-8.5435496610879227],[124.1249996818899,-8.5435494623377508],[124.12499999305533,-8.5435492429031683],[124.12515161785291,-8.5434429916007275],[124.12593685190427,-8.542912742329122],[124.12632516477458,-8.5427470233564122],[124.12693253990483,-8.5423114610050561],[124.12740435302851,-8.5420167729556624],[124.12786097840149,-8.5418157097271887],[124.1283687590111,-8.5417524136429392],[124.12974855645075,-8.5419301322697265],[124.13009489975991,-8.5419340227369389],[124.13096815045981,-8.5417524136429392],[124.13178277525492,-8.5413748980330979],[124.1318223993843,-8.5413581013951898],[124.13188199295962,-8.5412346478606764],[124.13201882121166,-8.5411130226478349],[124.132511197334,-8.5408659303183754],[124.13271271202211,-8.5407402257807234],[124.13278530619698,-8.5406543666056791],[124.1330734777589,-8.5401051317463725],[124.13323360294851,-8.5398894140651578],[124.13342457128704,-8.5397562577450685],[124.1336971962686,-8.5396199933679782],[124.13424160176862,-8.5394638206986997],[124.13461039935055,-8.5393538983636859],[124.13464711777033,-8.5393385082654731],[124.13483455626977,-8.5388767270792414],[124.13488338406103,-8.5387418980201346],[124.13497641532933,-8.5385593041685297],[124.13506843126311,-8.5384641334129583],[124.13532180625646,-8.5382930068167866],[124.13556446223026,-8.5381839604214065],[124.13561792962378,-8.5381680855886088],[124.13584518111031,-8.5381388036628323],[124.13594647804757,-8.5381383198275671],[124.13631430616033,-8.5381263669382292],[124.13649661762486,-8.5380841320769605],[124.13693691490676,-8.537940132630979],[124.13723543137007,-8.5378211172507008],[124.13751222830672,-8.5376546950081433],[124.13779321158756,-8.5374388667102608],[124.13805096178248,-8.5373106800437881],[124.13852963403542,-8.5371973672646391],[124.13858833728204,-8.5371868200156769],[124.13883380633513,-8.5371632730665397],[124.1392273055958,-8.5372273200846962],[124.13934022716978,-8.5372592729970052],[124.13937564876721,-8.5372750551995864],[124.13939339958574,-8.5372878984177305],[124.13950318072727,-8.5374077105973356],[124.13971463382336,-8.5378970542056436],[124.13972083734677,-8.5379260231674152],[124.13977882203505,-8.538034085704453],[124.13980132127404,-8.5380417892970968],[124.13994357243803,-8.5381177892045343],[124.14010088364887,-8.5381422876364468],[124.14012429030379,-8.5381421950062304],[124.14028163389037,-8.5381767262748554],[124.14039036822101,-8.5382345697695428],[124.14051722658883,-8.5382869139099284],[124.14068096165715,-8.5382562263437194],[124.14099514970644,-8.5383161787486301],[124.14104586787255,-8.5383312109166241],[124.14128402363883,-8.5382800071166116],[124.14135225879977,-8.5382625233966678],[124.14139146204639,-8.5382664759170552],[124.14149335163688,-8.5382919600058926],[124.14154247800298,-8.5382741327449594],[124.14172521214891,-8.5381195078089718],[124.14184764944957,-8.5380485863731224],[124.14206418101719,-8.5377990703707383],[124.14214115039385,-8.5376764765881035],[124.14225533731405,-8.5374771490511421],[124.14229578971901,-8.5374132261394493],[124.14264018059987,-8.5369731006280176],[124.14299733735731,-8.5365267266270735],[124.1431793529448,-8.5363553823949587],[124.14342524288077,-8.5362215228049649],[124.14357694591934,-8.5361719611670424],[124.14387386788474,-8.5361209138490608],[124.14404803958541,-8.53607200691755],[124.14421950882331,-8.5358927576446035],[124.14423497806183,-8.5358693815666697],[124.14432463417461,-8.5357760697098115],[124.1443808373059,-8.5357416625476503],[124.14473474301406,-8.5356142879689401],[124.14504664858407,-8.5354980541918053],[124.14523099431494,-8.5353804768274699],[124.14552461846642,-8.5351351013038084],[124.14606374314724,-8.534680647793607],[124.14622949269699,-8.5344820702912898],[124.14629753989959,-8.5342852887350205],[124.14634283695239,-8.5341543195661416],[124.14635299389556,-8.5341071950909395],[124.14638016511265,-8.5337779451959932],[124.14639599318059,-8.5330920709422458],[124.14640369587391,-8.5328028822471538],[124.14645614883227,-8.532110164152698],[124.14647769568921,-8.5319188675616147],[124.14650360335872,-8.5316405390795467],[124.14654097828361,-8.5311947262555918],[124.14655153992169,-8.531124287755631],[124.14656974309923,-8.5308559597347084],[124.14655963382006,-8.5305406951968621],[124.14654375898738,-8.5301845546734398],[124.14652172829517,-8.5299630390629773],[124.14647143011246,-8.5292265698502661],[124.14647666506607,-8.5289816170079575],[124.14649435293211,-8.528732804275478],[124.14658516467364,-8.5283699763932646],[124.1466452429836,-8.5281452106329425],[124.14676150913635,-8.5278193520813943],[124.14695107093519,-8.5274465543149631],[124.14717552463082,-8.5270773826150617],[124.14726910268701,-8.5269342582093941],[124.14748219614648,-8.5265475389377343],[124.14751774364902,-8.5264760392377639],[124.14774258675106,-8.5257283042178074],[124.14775555587426,-8.5256721172743255],[124.14779663420734,-8.5255416013637841],[124.14799914984098,-8.5252581476453315],[124.14801335283403,-8.5252444608631208],[124.14828030579156,-8.524987429226428],[124.14919141525172,-8.5244952266733094],[124.1493863370099,-8.5243939917892249],[124.14963174311049,-8.5242604757403342],[124.14992072676023,-8.5240497106256043],[124.15033169715014,-8.5236192887990683],[124.15089088300795,-8.523146570957465],[124.1514861973302,-8.5227696012360639],[124.15153027400299,-8.5227484923490238],[124.15159833739347,-8.5227283358439649],[124.15182446202937,-8.5226404289126094],[124.15204536879878,-8.5225254137168349],[124.15228372781189,-8.522402414339922],[124.15250860328945,-8.5222295385623283],[124.15272583722765,-8.5219537731480841],[124.1529540087206,-8.5217265081717528],[124.15325513411722,-8.5215403035421105],[124.15350747758805,-8.5213205550994644],[124.15369005615128,-8.521086133318363],[124.15390749333619,-8.5207087418149285],[124.154100618249,-8.5204382734075352],[124.15421805531901,-8.5203218669605576],[124.15436733738272,-8.5202105389851113],[124.15463082075587,-8.5200709453177979],[124.15496738393767,-8.5200026642914963],[124.15535911782911,-8.5199947259757778],[124.15538391483585,-8.5199953608971555],[124.15545914942027,-8.5199972890436015],[124.15577441485743,-8.5199526637843519],[124.15577983866865,-8.5199509496765131],[124.15577988183611,-8.5199509397839961],[124.15578535331144,-8.5199492103877219],[124.15589213431463,-8.5198175226605031],[124.15596820706719,-8.5196114816844783],[124.15606343088268,-8.5193535696114964],[124.15611016505216,-8.5191790067057696],[124.15623324356943,-8.5187599756922623],[124.15624293106646,-8.5187322423990395],[124.15644407073739,-8.5183220391307373],[124.15667193106481,-8.5178914293459229],[124.15672475904046,-8.5176846482278847],[124.15683308687755,-8.5175136169598318],[124.15708094632862,-8.5172878673411674],[124.15717480587261,-8.5172232420589467],[124.15734633716374,-8.5171297575322455],[124.15781405567418,-8.5168892734211568],[124.15790807170026,-8.5168377107916626],[124.15822741646218,-8.5167106788546789],[124.158541351802,-8.5165826171939898],[124.15871528967898,-8.5164531642820407],[124.15873902458634,-8.5164277422464352],[124.1589437588475,-8.5162594763936568],[124.15962477406413,-8.5160660079398554],[124.15977843132964,-8.5160352583204713],[124.1601213680068,-8.5159490232288135],[124.1606077897178,-8.5156323197757047],[124.16071766618745,-8.5155595700180697],[124.16137327465697,-8.5154138681554628],[124.16167352501327,-8.5153584456356839],[124.16187414937258,-8.5152851014262296],[124.16199349300541,-8.5152452731508106],[124.16231374338463,-8.5151210084277409],[124.16267346231052,-8.5149382419062931],[124.16277057110506,-8.5149009919871332],[124.16287782245365,-8.5148719142074469],[124.16311632176087,-8.5148590709893028],[124.1632980396729,-8.5149069760760199],[124.16334772811524,-8.514930227148227],[124.16367689886988,-8.5151785065827426],[124.16386568095652,-8.5152968978335366],[124.16404564968707,-8.5153558043268731],[124.16414993057492,-8.5153657733117143],[124.16434088362496,-8.5153412110280442],[124.16463338362382,-8.515222914206106],[124.16476858680085,-8.5151222728745211],[124.16497971164449,-8.5148812096001052],[124.16535043017825,-8.5144975543186092],[124.16538524383395,-8.5144663352531325],[124.16566133660149,-8.5141447889508299],[124.16585908672755,-8.5139126946151009],[124.16589391567175,-8.5138814755496242],[124.16657044686872,-8.513095352068774],[124.16661830609007,-8.5130366793991925],[124.16701605644596,-8.5126953507098051],[124.16718150921929,-8.5125387256816225],[124.1674269926616,-8.5121895549040119],[124.16750643067735,-8.5120565703543889],[124.16784647783277,-8.5112719289563188],[124.16799293062934,-8.5109442888477815],[124.16802841517926,-8.5108872565415936],[124.16817147843108,-8.5107249756770216],[124.16837232132559,-8.510545460204753],[124.1686636809842,-8.5104704612427327],[124.16889899399348,-8.5104668513640718],[124.16932080571064,-8.510612584702983],[124.16949074340312,-8.5106584762076523],[124.16979246235235,-8.5102729764166725],[124.16984007066276,-8.509838272917932],[124.16981929002827,-8.5094105697419309],[124.16973252523587,-8.5091331010117415],[124.16971102514378,-8.5090873821769151],[124.16950080591755,-8.5084532261354298],[124.16943468146542,-8.5081531007849094],[124.16943619592382,-8.5074629601474498],[124.16944261798244,-8.5073801802510616],[124.16947629039851,-8.5070182570868269],[124.1695100401563,-8.5069071791229476],[124.16947447826465,-8.5065685537956597],[124.16946053967229,-8.5065004598283167],[124.16936142988618,-8.5062344448637077],[124.16924225892319,-8.5059161639997001],[124.16920043145478,-8.505717758267906],[124.16915908692238,-8.5054290543073421],[124.16909950863544,-8.5051551019263911],[124.16903639961026,-8.5049291796378839],[124.16905596166339,-8.5046155077993717],[124.16906522827776,-8.5045636951583674],[124.16920171208938,-8.5040129449413939],[124.16941200865733,-8.503687429930892],[124.16953907117124,-8.503524241650382],[124.16977519716772,-8.5032042727589214],[124.16997381873682,-8.502942206717421],[124.17005333679208,-8.5028372891095501],[124.17032121245404,-8.5025772726230002],[124.17042823627412,-8.5024963201490209],[124.170574134189,-8.5023859607434247],[124.170677711807,-8.5023272107321191],[124.17079936759683,-8.5022747892500661],[124.17122664989006,-8.5022451790717355],[124.17166647772581,-8.5023804290135558],[124.17189222824379,-8.5024416170869017],[124.17222869699685,-8.5023762741456608],[124.17253973831828,-8.5022350841817342],[124.17259711416557,-8.5022090389159644],[124.17259986788963,-8.5022077888582999],[124.17298271198263,-8.5019881483343056],[124.17329144564371,-8.5017077271298831],[124.1734505402103,-8.5015394612770478],[124.17367896081544,-8.5012492419589307],[124.17384492979977,-8.5009618671963949],[124.17391707161562,-8.5007707729527624],[124.17401643141329,-8.5002387259364127],[124.17406514858783,-8.5000190539361711],[124.17406821887323,-8.5000047870911999],[124.1740691883424,-8.5000003228565788],[124.17406921532211,-8.5000002041460334],[124.17406922521468,-8.500000162777269],[124.17406926118747,-8.5000000062951813],[124.1740971023994,-8.499870631624276],[124.17436332240948,-8.4993462567243228],[124.17448374432945,-8.4991568819844474],[124.17481838386141,-8.4985100230190938],[124.17495822843955,-8.4982224755867151],[124.17505913417176,-8.4980591173343782],[124.17545880637886,-8.4976243508830294],[124.17570566488462,-8.4974386318872916],[124.17577783727745,-8.4973928348114214],[124.17582271164883,-8.4973494137444163],[124.17602783711504,-8.4968583200553667],[124.17603255585777,-8.4967725391213094],[124.17598102380532,-8.4963927572199509],[124.17598229814462,-8.496342137079921],[124.17598396189044,-8.4962760081312467],[124.17602889921443,-8.4958858984154517],[124.17603005574256,-8.4958407740324446],[124.17603827374739,-8.495303459686852],[124.17602027471594,-8.4950796642950195],[124.17580674418593,-8.4946083826706626],[124.17573286757784,-8.4944685857565787],[124.17540666458592,-8.4936861953615903],[124.17532299436073,-8.4935166785518277],[124.17527625929199,-8.4934448038345636],[124.17490533661203,-8.4926116952734674],[124.1748556175927,-8.4925156953430019],[124.17482036776585,-8.492468648209524],[124.17468746235659,-8.4923639923043766],[124.1745186344275,-8.4922952418319255],[124.17413455646465,-8.4922165700386358],[124.1736437280756,-8.4916543831432136],[124.17349747672722,-8.4914018040499855],[124.17332730611031,-8.4911019772744112],[124.17309981270625,-8.4904134482220002],[124.1730958682798,-8.4904015079231954],[124.17304200878175,-8.4902347106633442],[124.17288286924907,-8.4897628669626783],[124.17273516459625,-8.4895215230997678],[124.17260123845642,-8.4893464817546942],[124.17242952370361,-8.4891220541394432],[124.17239763374391,-8.4890834453447042],[124.17236468078545,-8.4890065236320993],[124.17234838057334,-8.4888053596795316],[124.17233769662744,-8.4886735073764044],[124.17234263390549,-8.488640742376333],[124.17270077542048,-8.4876587267687569],[124.17294591532175,-8.4871735704039111],[124.17305227364352,-8.4870191801909414],[124.17323989920203,-8.4868743362815735],[124.17346571177325,-8.4867397581332966],[124.17375025906722,-8.486622773422198],[124.17403039968326,-8.4865807256199446],[124.17419329028814,-8.4866130859251143],[124.17440755646362,-8.4866981950656282],[124.17464130645124,-8.4867352417379607],[124.17483890009521,-8.4866825387680933],[124.17516557073452,-8.4863770390690547],[124.17518171176664,-8.4863592729620336],[124.17531208738296,-8.4862839448481395],[124.17544936799402,-8.4862175703844969],[124.17572191473459,-8.4858756643304218],[124.17574813267026,-8.4858301793192936],[124.17584466499932,-8.4857242580679895],[124.17681355500167,-8.4852221323954495],[124.17737033697153,-8.4849479920561635],[124.17783116487647,-8.4847434448540753],[124.17829194691592,-8.4846177726919905],[124.17931032121442,-8.4846295861864292],[124.17973560341545,-8.484677430119234],[124.18030057101464,-8.4847961010591462],[124.18033946219646,-8.4848027731294451],[124.18083888360763,-8.4848263200785823],[124.18156950902573,-8.4850795538782791],[124.18171157313066,-8.4851657961644946],[124.18172828972888,-8.4851759450137934],[124.18180694623368,-8.4852553209762505],[124.18180074271015,-8.4854792260853742],[124.18167227545518,-8.4858170393248429],[124.18142936587265,-8.486131904563706],[124.1812938209531,-8.4863076006152482],[124.18123038367537,-8.4863944292594624],[124.1812473188088,-8.4867551230504432],[124.18124791595858,-8.4867678358668854],[124.18128271972182,-8.486949432370352],[124.18134672806912,-8.4872833983101259],[124.1815002900064,-8.4875963821672826],[124.18193769596792,-8.4881978199733794],[124.18217657119192,-8.488459508299627],[124.18222145005996,-8.4884963499265496],[124.18263611846214,-8.4888367577101462],[124.18267967622614,-8.488877318033758],[124.18277530563591,-8.4889663671041262],[124.18292921201362,-8.4890424758295353],[124.18332755592201,-8.4891017573401655],[124.18381057190038,-8.489177461370673],[124.18437435329383,-8.4892848521141673],[124.18465885202443,-8.4892886625416963],[124.18599485337984,-8.4890485066832184],[124.18652893106537,-8.4889532891629074],[124.18744796175406,-8.4887378349830556],[124.18763986808551,-8.4886686330509065],[124.18790191524124,-8.4884431802085487],[124.18827146195849,-8.4880857113864181],[124.18953461822809,-8.4874962894221539],[124.19012893070567,-8.4871833046657343],[124.1910289308405,-8.4864635862254545],[124.19176522828275,-8.4859408202126474],[124.1935610404098,-8.4846424294045732],[124.19393268074873,-8.4843846953973525],[124.19544186814778,-8.4832261635565374],[124.19586780595455,-8.4827258041524942],[124.19606446160572,-8.4824097095404341],[124.19630641520894,-8.4820099761794268],[124.1967393371508,-8.4813898036964588],[124.19700857168834,-8.4810372730516406],[124.19724916461735,-8.4808375390211381],[124.19776391497271,-8.4804018669525476],[124.19803105588858,-8.4801212568904702],[124.1983525716139,-8.47971966373143],[124.19861075887945,-8.4792898507459427],[124.19874535321549,-8.4787838993574383],[124.19885027801797,-8.4783643970991989],[124.19885190039497,-8.4783579138865548],[124.20007577427759,-8.4766245389912456],[124.2004879146856,-8.4760652578053737],[124.200657617655,-8.4757526480661909],[124.20164747714944,-8.4737932573528951],[124.20192982200376,-8.4732529608554046],[124.20207163429859,-8.4729123822006045],[124.20225510319051,-8.4720288666388228],[124.20244549326492,-8.4712843673796101],[124.20251719711098,-8.4711232259560916],[124.20289074311336,-8.4708122565803023],[124.20329418078188,-8.4705662101624171],[124.20382833221186,-8.4702865093149171],[124.20391621216356,-8.4702404919051446],[124.20419763341408,-8.4698955983031965],[124.20431628996482,-8.4697501788276668],[124.20457127384532,-8.4694835388341971],[124.20502955576944,-8.4688827728216438],[124.20526236776413,-8.4685796329436585],[124.20585036879959,-8.4681047729168881],[124.20605615167017,-8.4679283151396021],[124.20612447766257,-8.467869726106926],[124.20655272672707,-8.4674091167373149],[124.20665836199385,-8.4672908540895833],[124.20696182113124,-8.4669511172002672],[124.20723450906542,-8.4665844600047535],[124.2077778057012,-8.4660719921286613],[124.20796185285724,-8.4659094756417517],[124.20804679112655,-8.4657536627013315],[124.20806905564245,-8.4651707734124102],[124.20802205617304,-8.4646908043371241],[124.20802511926388,-8.4646153512174465],[124.20805930339418,-8.4645937719849371],[124.20829491497841,-8.4644450394069963],[124.20855229015615,-8.4643145846503103],[124.20929802418448,-8.4636824448888888],[124.20948557330064,-8.4635457308507398],[124.2097547592748,-8.4633495077735006],[124.20994330573899,-8.463202179037296],[124.21008544628637,-8.463001991748456],[124.21015721218566,-8.4627263036759359],[124.21015758360568,-8.4626134738327323],[124.21015818075546,-8.462432351271957],[124.21020874423823,-8.4622606005462444],[124.21048425874164,-8.4619907256914075],[124.21069991257093,-8.4618611198947065],[124.21086747785193,-8.4617604138119873],[124.21109388757293,-8.4616150482958119],[124.2111478064262,-8.4615804297929458],[124.21160121222624,-8.4611679917094307],[124.21160154137806,-8.4611676931344846],[124.21160160073339,-8.4611676391751871],[124.2116016600886,-8.4611675852158328],[124.21160241641849,-8.4611668981337971],[124.21171041600292,-8.4610009597264479],[124.21171617346272,-8.4609792860651396],[124.21172054506712,-8.4609628248744002],[124.21172259821935,-8.4609550952014274],[124.21191857128508,-8.4602173048846794],[124.21193636617045,-8.4601458303657182],[124.21219608678007,-8.4591026635570188],[124.21225279802832,-8.4587817683638491],[124.21229914998582,-8.4585194918810203],[124.21229854024546,-8.4580618044087146],[124.21201225186394,-8.4570844284036184],[124.21192399329766,-8.4567831168473049],[124.21178115037981,-8.4563036172181114],[124.21173807195453,-8.4557923040715082],[124.21177504218451,-8.4554106353924681],[124.21179377506269,-8.4552172415823748],[124.21190852495852,-8.4546003516248902],[124.21189088385722,-8.4542730703458915],[124.21168107112464,-8.4537657726722273],[124.21161576415625,-8.4536197542482228],[124.21155838381242,-8.4534914596630983],[124.21148494697275,-8.4532167113820833],[124.21145272786111,-8.4529520391052984],[124.21145704011042,-8.4528306953802144],[124.21145932079105,-8.4526501636740932],[124.2114596490436,-8.4519442111563876],[124.21146363393962,-8.4518561315551892],[124.21138250879585,-8.4512009916323905],[124.21134084590335,-8.4497037265456925],[124.21134047808061,-8.4496904921224427],[124.21128214895202,-8.4494446948167479],[124.21073661840023,-8.4484621324214118],[124.20993264967206,-8.4471838828299042],[124.20962860237819,-8.446740211291683],[124.20939104016441,-8.4464063199956172],[124.2092065091731,-8.4461469303365106],[124.20878941529929,-8.4451612733740262],[124.20871044583043,-8.4449023828386771],[124.20871513399629,-8.4444087260818037],[124.20871766468849,-8.4439464142955103],[124.20861093045016,-8.4434215231847247],[124.20828250883073,-8.4425958825938778],[124.20805805603447,-8.4420461477114941],[124.2078854464562,-8.4413777571776905],[124.20777840015307,-8.4406180386914684],[124.20771254010174,-8.4401697419399966],[124.20756799296851,-8.4397526633546818],[124.20733236789454,-8.4389877270019724],[124.20707649368535,-8.4383344127029432],[124.20691666527193,-8.4378738986614508],[124.20651725746552,-8.4358526489805286],[124.2064796496162,-8.4356623353484679],[124.20647657123686,-8.4356427418190378],[124.20643847685426,-8.435400319668986],[124.20648116587313,-8.4347518832927335],[124.20652955569449,-8.4344170072390625],[124.20678560257352,-8.4337044141273623],[124.20711382094612,-8.4324498985439504],[124.20719655587641,-8.4319588039555811],[124.20723696241589,-8.4317951947923575],[124.20769654026321,-8.4307518670050285],[124.20796789989868,-8.4300670710384793],[124.20852960295883,-8.4288461172544658],[124.2088121177851,-8.4283369139174056],[124.20915225487272,-8.4277797542322332],[124.20939747661237,-8.4273780702417298],[124.20975221239473,-8.4265637098473007],[124.20983163422261,-8.4262379915899714],[124.2098685082251,-8.4258787097346044],[124.20978957113186,-8.4243424761243091],[124.20971047665728,-8.4232377102520672],[124.2096685403709,-8.4218490230139764],[124.20963058628263,-8.4215615547219045],[124.20956552392988,-8.4213332744110403],[124.20953813327833,-8.4208678347827117],[124.20955383723981,-8.420763537707046],[124.20949700907977,-8.4203836946517185],[124.20948916519285,-8.4203519296977447],[124.20947249266146,-8.4199287743933837],[124.20945727523315,-8.4195429130749062],[124.20942933509582,-8.4189994698496093],[124.20942438612656,-8.4189032109143795],[124.20942438432792,-8.4189031803374519],[124.20939665013532,-8.4186254454079403],[124.2093126660468,-8.418311100876565],[124.20928641483624,-8.4182128355538453],[124.20927846213135,-8.4181747267821834],[124.20913366498667,-8.4179401323311822],[124.208990492917,-8.4175837112192653],[124.20898288375315,-8.4175279757354247],[124.20900724279011,-8.4171628977495061],[124.20901552374744,-8.4167455547635086],[124.20909941610523,-8.4163307730466954],[124.20946252457588,-8.4155618670864669],[124.20966971128826,-8.4152384286105644],[124.20991274317862,-8.4146579917728559],[124.2101572589504,-8.4141259771320733],[124.21018985307933,-8.4140700393008387],[124.21031147829217,-8.4138326785352433],[124.21040768686532,-8.4136216742008401],[124.2104150523129,-8.4136055223768835],[124.2104190102292,-8.4135968412211923],[124.21041953093663,-8.4135956981828599],[124.21042349334959,-8.4135870080339714],[124.21045206840824,-8.4134959723612042],[124.21045247220388,-8.4134946863306368],[124.2104587117002,-8.4134748041188914],[124.21045886998093,-8.4134737105432578],[124.21045903995275,-8.4134726016791888],[124.21046273886441,-8.4134644915929471],[124.21049852468718,-8.413386038334977],[124.21050546475544,-8.4133758328283648],[124.21051001892226,-8.4133691355771134],[124.21074557115128,-8.4130227419059906],[124.21096675940851,-8.4127313345833841],[124.21161075942905,-8.4121142099028248],[124.21170536810837,-8.4120292266674142],[124.21221789893696,-8.411375102079262],[124.2124798678517,-8.4109813671963138],[124.21275344611468,-8.4105373359292912],[124.21283090022598,-8.4103990228965699],[124.21283783669685,-8.4101972267205838],[124.21309413358745,-8.4092329916092012],[124.21318260169573,-8.4089201804219442],[124.2133998518218,-8.4086270077301606],[124.21370118136451,-8.4083484454243944],[124.21420200931539,-8.4079344919831556],[124.21452202497153,-8.407693616667018],[124.21517490040139,-8.4073855539001556],[124.21523357127239,-8.4073636167374843],[124.21548127514075,-8.4072519452210486],[124.21587264930338,-8.4068685237633076],[124.21608152494252,-8.4066748979281556],[124.21618541462522,-8.4066106800387956],[124.21647163375894,-8.4064697256972636],[124.21745442997803,-8.4062017879820701],[124.21760105544445,-8.406133242555029],[124.21772029025919,-8.4060218822040724],[124.21783840002217,-8.4058721010165982],[124.21829939969757,-8.4049398817700762],[124.21841010264416,-8.4047123523931191],[124.21861189882009,-8.4043443992745779],[124.21884900867485,-8.4039761790573948],[124.2190957115979,-8.4037055541679706],[124.21923157128003,-8.4035752891682023],[124.21941804031042,-8.4033211947173072],[124.21975166630637,-8.4028005241248138],[124.2199353986997,-8.4025465070156429],[124.22009116487538,-8.4023760081462342],[124.22046900873784,-8.4018756325543791],[124.22067672784874,-8.4016072101046007],[124.22070274343696,-8.4015818051561268],[124.22122275932293,-8.401218851368867],[124.22155096240704,-8.4010378825921634],[124.22160727525556,-8.4010146009430287],[124.22177891536467,-8.40091691388443],[124.22200933696138,-8.4006909286433711],[124.22222374433045,-8.4002749760093138],[124.22243627391492,-8.3999118819277783],[124.22246794623879,-8.3998686011549921],[124.22321474326588,-8.3991841963934917],[124.22360949258405,-8.3988654595732442],[124.2239167432632,-8.3986377728149364],[124.22414239935233,-8.3984498666679883],[124.22428294720032,-8.3982273042466318],[124.22431532189466,-8.3981506316462742],[124.22440604010671,-8.3978762260069857],[124.2245591343966,-8.3975885229918958],[124.22476182090134,-8.3973493204147758],[124.22561430625524,-8.3963760228351134],[124.22600405534297,-8.3959626323695602],[124.22655147806836,-8.3953790065359044],[124.22738399307684,-8.3948923204242192],[124.22761503970241,-8.3947408826855394],[124.22780900907856,-8.3945442108466182],[124.22798971165594,-8.3941905857269035],[124.22809696210516,-8.3939696321927499],[124.22840944593929,-8.393624913958547],[124.22932357082618,-8.3929821792841039],[124.22936175783889,-8.3929595082746573],[124.22969200778005,-8.39274585094023],[124.23006091507921,-8.3925686170479707],[124.23036516472064,-8.3924476951049769],[124.23066825783394,-8.392209070791921],[124.23075566474222,-8.3920236953372296],[124.23076991539938,-8.391312819930647],[124.23083461802321,-8.3908749921870935],[124.23104208712266,-8.3902226491558736],[124.2317121962609,-8.3880888520188819],[124.2319200089014,-8.3876133831510629],[124.23226293029006,-8.3870476331417194],[124.23291396121044,-8.3863566012760771],[124.23317300822782,-8.3860658828342025],[124.23328486770254,-8.3858566492648947],[124.23332372830748,-8.3856282106733602],[124.23330235322112,-8.3854757728885829],[124.23312055526947,-8.3851976953173448],[124.23301389927212,-8.3850487729824295],[124.23294380611185,-8.3846097581337631],[124.23295646227098,-8.3841816952290174],[124.23303791476803,-8.3838885863891051],[124.23316421195887,-8.3835228357102665],[124.2332121647097,-8.382875647593039],[124.23324974288141,-8.3822100080853374],[124.23330242966347,-8.3817777273602019],[124.23340522756928,-8.3813970227543564],[124.23364818121865,-8.3808464919719654],[124.23370785213569,-8.3807145704210484],[124.23390500870926,-8.3802787112934425],[124.2341298518113,-8.3799256635384722],[124.23425766525907,-8.3798085070569073],[124.23510771165161,-8.3790293668117783],[124.23543072834548,-8.3787571950884399],[124.23579724344813,-8.3784632732613886],[124.23599202491209,-8.3782135387237986],[124.23622652403492,-8.3775843658257827],[124.23636374259274,-8.3772488665418905],[124.23651057130587,-8.3770202570791525],[124.23676383658187,-8.3767879289197253],[124.2380058219112,-8.3761059136569429],[124.23868277489021,-8.3758614599383918],[124.239635899777,-8.3755181167676369],[124.23989970240939,-8.3753643246038223],[124.23991589470279,-8.3753548853196662],[124.23996325929704,-8.3753272725355714],[124.24031807242113,-8.3750160882218552],[124.24031839078123,-8.3750158076333605],[124.24033011794063,-8.3750055229864415],[124.24033238513152,-8.3750019778589717],[124.24033274665896,-8.3750014130847035],[124.24033339686878,-8.3750003959514743],[124.24033364688034,-8.3750000056456884],[124.24034818532061,-8.3749772788782479],[124.24035324490637,-8.3749693693408744],[124.24105696170943,-8.3738692727486637],[124.24138493096984,-8.3728351315360214],[124.24152044621167,-8.3723218668606023],[124.24153935265906,-8.3721549293064754],[124.24169946166091,-8.3707410538564773],[124.24174577404824,-8.370211944925245],[124.24178850893259,-8.3699945239280851],[124.2420090559732,-8.3696049457116146],[124.24239669615065,-8.3689800068218005],[124.24300180498938,-8.3681726791257915],[124.24363705640508,-8.3672461795674735],[124.24424594689299,-8.3663580855571809],[124.24433921198511,-8.3662118656849884],[124.24451083680572,-8.3659427732403628],[124.24497947802058,-8.3652036330411761],[124.24580424267174,-8.3637188982085604],[124.24617446208185,-8.3630300543934482],[124.24664469689526,-8.3621927424010778],[124.24707305567699,-8.3615965242601646],[124.2476628211823,-8.3609613348976382],[124.24812468060964,-8.3605312260352207],[124.24843360312832,-8.3602443351079501],[124.24908007088857,-8.3591662260404291],[124.24916652541492,-8.3589523357816233],[124.24924721168952,-8.358833538936608],[124.24986047827849,-8.3583389918509283],[124.24997209223829,-8.3582762047829533],[124.24999067133251,-8.3582657537614864],[124.24999966815028,-8.3582606932763497],[124.25000000899331,-8.3582605080159738],[124.25037400915323,-8.3580501323077101],[124.25039304420363,-8.3580435222906999],[124.25040225236216,-8.3580403252008182],[124.25132839938624,-8.3577187267378008],[124.25194172802844,-8.3575723827592014],[124.25329742993256,-8.357444679927994],[124.253659836932,-8.357410538965155],[124.254791633727,-8.3574074138210221],[124.2557492741098,-8.3573327584000481],[124.2559299461102,-8.3572751802053631],[124.25610694707802,-8.3571313507312084],[124.25653385345458,-8.3567844300573597],[124.25718453993466,-8.3561119449103103],[124.25752132165178,-8.3556420392486643],[124.25805232095786,-8.3545736482552115],[124.25809043062895,-8.3544946167331204],[124.25816444573263,-8.3541554446180157],[124.25822619588234,-8.3539838206967261],[124.25885838420709,-8.35248691354019],[124.2590124461675,-8.3522865230045795],[124.25942857057214,-8.3519488518579692],[124.26055905615556,-8.3513497262088663],[124.26098952474683,-8.3511901334179015],[124.26178313418438,-8.3510318833147039],[124.26274991527646,-8.35086811587081],[124.26384590016823,-8.3506683512633799],[124.264423195674,-8.3505990845800397],[124.26576250923245,-8.3505941005372506],[124.26618557100733,-8.3505915005972042],[124.26618700902327,-8.3505914916040069],[124.26626960995463,-8.3505711894088108],[124.26652747796084,-8.3505078051910004],[124.26689371157556,-8.3503245377471558],[124.26720725930761,-8.3501275232665648],[124.26720830162185,-8.350126537609583],[124.26738372697753,-8.3499607727713965],[124.26758355633615,-8.3496621016246308],[124.26792019685968,-8.3490628347819325],[124.26820182135702,-8.3486614448697196],[124.26827656401224,-8.3485991380397309],[124.2687485399133,-8.3482056945371141],[124.26986629019723,-8.3469715378061551],[124.27014038377172,-8.3466857098775904],[124.27130497794246,-8.3456517422340539],[124.27193666534492,-8.3450378047508593],[124.27219886898263,-8.3448136325430369],[124.27290618127529,-8.3445104288131802],[124.27335533687938,-8.3444056173253216],[124.27392943619463,-8.3443245839123961],[124.27427391520905,-8.344275961166602],[124.27431849280424,-8.3442608039928814],[124.274461773692,-8.3442120850196488],[124.27483050922069,-8.3438616174196341],[124.27496896164837,-8.3436909449810628],[124.27514813357959,-8.3432472581544062],[124.27530480627183,-8.3429830859006415],[124.27556508715907,-8.3426998345296965],[124.27569316590689,-8.3425463823096493],[124.27586228971302,-8.3421160387241571],[124.27593492975325,-8.3418233363778427],[124.27614498530284,-8.3409530750243448],[124.27619249378859,-8.340756242206794],[124.27623049104443,-8.3406006738819656],[124.27623813438242,-8.3405693819713633],[124.27655954308852,-8.3401459047096864],[124.27665711323527,-8.340017350220478],[124.27693697686004,-8.3397996783124313],[124.27695692472241,-8.3397841632084919],[124.27715204073411,-8.339617599772339],[124.27767106826525,-8.3393616913888877],[124.27775232740805,-8.3393216256924347],[124.27783732593196,-8.3392797172850806],[124.27868441445423,-8.338899002786718],[124.2789651899916,-8.3388038248365888],[124.27987414377674,-8.3388704502110613],[124.28072599061204,-8.3391274323850553],[124.28086439177832,-8.3392320756996696],[124.28092110662385,-8.3392749580727923],[124.28121140058568,-8.3392987532348002],[124.28144890614215,-8.3393376875841909],[124.28150169634625,-8.3393463417602334],[124.28199186463291,-8.3393273058104569],[124.2823059537568,-8.3392701988605609],[124.28297220300487,-8.3389418338984456],[124.28320063080457,-8.3387800296745809],[124.28334815739163,-8.3386467798249555],[124.28352423835292,-8.3384992541372185],[124.28373591538025,-8.3383681006072834],[124.28391480582366,-8.3382683666917501],[124.28423218107037,-8.338193350642598],[124.28441109939274,-8.3381607367285824],[124.2846425839881,-8.338118539638856],[124.28506612779961,-8.338075710325711],[124.28510768457204,-8.3380732938474011],[124.28547539577301,-8.3380519151637031],[124.28590845710971,-8.3380471559514149],[124.28637483203295,-8.338085227850911],[124.28664609004511,-8.3381042629013677],[124.286960179169,-8.3380804686386796],[124.28740275893028,-8.3380376384262149],[124.28777902538172,-8.3377913509900168],[124.28781678521648,-8.3376854783021486],[124.28795479427845,-8.3375855411397879],[124.28810827797474,-8.3375387467157225],[124.28834502630195,-8.3374665680276507],[124.28851634715181,-8.337471327239939],[124.28893513175103,-8.3375665051900114],[124.28902134975556,-8.3375439555890125],[124.28924446166263,-8.3374856030780506],[124.28947289036171,-8.3374665680276507],[124.28963008735866,-8.3377712259612622],[124.2897591490655,-8.3378270225989581],[124.28990119338539,-8.3377568619895328],[124.29002016559821,-8.3376902366150603],[124.29029142540901,-8.3376521656148839],[124.29044371030909,-8.3379377012638543],[124.29056744173408,-8.338166129063552],[124.29063406710861,-8.3384183520252577],[124.29082918312042,-8.3385801553498595],[124.29106237013229,-8.3386087088247791],[124.29138121846847,-8.3387229227246848],[124.29170482511768,-8.3388799677362613],[124.29187614596742,-8.3389513514237024],[124.29204385334117,-8.3391143346587455],[124.29206823396191,-8.3390580676756372],[124.29209177371649,-8.3390037423287708],[124.292147874325,-8.3389374272204577],[124.29219877505352,-8.3388772580789237],[124.29223347629397,-8.3388436108439237],[124.29226774406118,-8.3388103826929409],[124.29229940019718,-8.3386982570189048],[124.29237465007009,-8.3385065233572959],[124.29261113399673,-8.3382352410635008],[124.29276082075535,-8.3380866173034747],[124.29288697765196,-8.3378473823507875],[124.29297761942166,-8.3375598349184088],[124.29295750878202,-8.3368508507861065],[124.29291205614652,-8.3364861172404972],[124.29284969715582,-8.3361981804016523],[124.29287547802096,-8.3360095377099697],[124.29308205499285,-8.3355531479593878],[124.29323379130653,-8.3353467418585865],[124.29507722793176,-8.3340608822039144],[124.29559591461987,-8.3338082095811501],[124.29588932203467,-8.3336646157293899],[124.29644686842835,-8.3333161949863666],[124.29676469693322,-8.333130742189951],[124.2968845819579,-8.3330200941020394],[124.29712968138972,-8.3327938822318401],[124.29739008728279,-8.3325602725385011],[124.29761261822784,-8.3324281792170609],[124.29794607065469,-8.3323494291827842],[124.29831514972443,-8.3323711010454531],[124.29854494809092,-8.3323923664145241],[124.29881680595088,-8.3324175240494469],[124.29908693081723,-8.3324754286980465],[124.29920040007846,-8.3324989756471837],[124.29946633140617,-8.3323475001369616],[124.29955472846802,-8.3322971479949501],[124.29974043127595,-8.3321359921822591],[124.29994707120045,-8.3318020226452063],[124.30004507212243,-8.3315982731417648],[124.30066789940406,-8.3312304603174425],[124.30091216606365,-8.3311124773588858],[124.30115524292023,-8.3308767416682485],[124.301343478219,-8.3305874135782005],[124.30149269733022,-8.3302586169415918],[124.3015651799891,-8.3300834919595559],[124.30171875901362,-8.3292863508843311],[124.30175179021296,-8.3288073980429544],[124.30168322769885,-8.3283673363833941],[124.30164680605537,-8.3281761324225272],[124.30160157195508,-8.3277226007173795],[124.30162777460214,-8.3272778976568134],[124.3018291022313,-8.3263640083922041],[124.302027337092,-8.325809663585062],[124.30226310335956,-8.3251982424048947],[124.30227752488793,-8.3251531791758566],[124.30237913388999,-8.3248571952033217],[124.3025440866403,-8.3244789142704576],[124.30260436909646,-8.3243507878585206],[124.3027816029886,-8.3240372095495445],[124.30297889985638,-8.3238471171507058],[124.30307482604246,-8.3237926928784418],[124.30314221224342,-8.323754460899579],[124.30332403987256,-8.3236910541987186],[124.30350963386263,-8.3236533977860176],[124.30361589865481,-8.3236158043258683],[124.30377714979568,-8.323446914343549],[124.30385054076987,-8.3233254447134755],[124.303850878915,-8.3233248187852951],[124.30389750876304,-8.3232384919627975],[124.30399910337599,-8.3229995852626075],[124.30397382073534,-8.3220565390779484],[124.3039510561963,-8.3218163508438465],[124.30394764866514,-8.3216329907698423],[124.3041000091082,-8.3210543975423548],[124.30424114960942,-8.320752022987449],[124.30447849328789,-8.320360085849245],[124.30467104083596,-8.3199760699396279],[124.30522213369454,-8.3186297263807205],[124.30532150878071,-8.3183566949055034],[124.30537986938555,-8.3182251951366197],[124.30579221214089,-8.3174670387727474],[124.30601497690975,-8.3170616315889561],[124.30611741598602,-8.3168027095773596],[124.30616018144724,-8.3167343359208417],[124.30634541480913,-8.3165535227268492],[124.30667643097263,-8.3158225393786438],[124.3068783215773,-8.3152852879856027],[124.30702824395837,-8.3145915536572375],[124.30712029136839,-8.3141605697544492],[124.30716141466758,-8.3140395848589037],[124.30753182203603,-8.3133068037659541],[124.3076968062627,-8.3130363200700685],[124.30840491535457,-8.312448398174979],[124.30860319608075,-8.3122972095485466],[124.30898450862821,-8.311993007571175],[124.30922482096878,-8.3117855069954771],[124.30937630637152,-8.3115678818522269],[124.30947874274989,-8.3112904293097927],[124.30949388373585,-8.3112151011958986],[124.30952418099616,-8.3109117877487506],[124.30952082202839,-8.3106665381301923],[124.30925499322348,-8.3102481006692415],[124.30900432069291,-8.3096383351410168],[124.3086488690501,-8.3085645383227416],[124.30850110234405,-8.3080260386706755],[124.30843807245913,-8.3077137257078562],[124.30838611862453,-8.3073173513146799],[124.30836164987033,-8.306918179130605],[124.30846057169811,-8.3062276158117925],[124.3084830403601,-8.3061034293297666],[124.30873068127596,-8.3052372095295368],[124.30876496073438,-8.3050781644257086],[124.30867552495556,-8.304715054156361],[124.30864758661687,-8.3044295697687858],[124.30872922797153,-8.3039655699550394],[124.30888080600448,-8.3035879446279068],[124.30891903978193,-8.3031645231242237],[124.30890785311499,-8.3030432261639362],[124.30884316577954,-8.3029192096537372],[124.30877790017996,-8.3027718035758085],[124.30865410310446,-8.3019193353090373],[124.30860607121326,-8.3016356010021468],[124.30859685316227,-8.3016079126749673],[124.30850344687667,-8.301480381614283],[124.30839983688304,-8.3014061155997183],[124.30819785274878,-8.3012613040658607],[124.30795677418587,-8.3010463822846532],[124.30771252461341,-8.3007359920723047],[124.30754122804535,-8.3002563512495726],[124.307467445866,-8.2999953976694201],[124.30745678979906,-8.2996921327856512],[124.30745704070989,-8.2996628508598178],[124.30733719705404,-8.2993308202611047],[124.30702971165192,-8.2987461638043669],[124.30671183728157,-8.2981928523182091],[124.30668611757028,-8.2981449139565484],[124.3064644931419,-8.2977171631165447],[124.30592699263661,-8.2966887568805987],[124.30585585176618,-8.296555553795713],[124.30539471179657,-8.2955593199066584],[124.30527611819832,-8.2952511483217677],[124.30515480594954,-8.2948644920026595],[124.30496813367245,-8.2940391949528589],[124.30483838398425,-8.2934360700185721],[124.30465388356993,-8.2927502578181134],[124.30457829015597,-8.2923829917816079],[124.30460243065772,-8.2922124443487633],[124.30461805637822,-8.2921727096028235],[124.30462680678181,-8.2921505071401498],[124.30476377532807,-8.291802975826613],[124.30475904039747,-8.2915928042644396],[124.30470224371368,-8.2913979760357392],[124.30445324302286,-8.2912269915323691],[124.30434014967818,-8.2911562580547979],[124.30426285294834,-8.2909597408992681],[124.30421555580335,-8.2906647731606995],[124.3041655705847,-8.2904283818642739],[124.30409591539421,-8.290212726236291],[124.30392175898203,-8.2899565075867372],[124.30366960167089,-8.2896906005407232],[124.30356807180908,-8.2895436953851913],[124.30333449269278,-8.2890931638183929],[124.30317972746252,-8.2887007887104005],[124.30316932140715,-8.2886743981049449],[124.30306810271088,-8.288335756589845],[124.30302625815534,-8.2881782727090467],[124.30293947807456,-8.2874267731270379],[124.30292860257305,-8.2870693672574589],[124.30298615019069,-8.2867930073913385],[124.30326522780808,-8.2861844136796776],[124.30333155640631,-8.2860596327458325],[124.30411463388327,-8.2850067892318862],[124.30428675872702,-8.2847937569263195],[124.30444497825317,-8.2845975068693747],[124.30459869667254,-8.2843496006535133],[124.30467957090559,-8.2840173200432332],[124.30470938433064,-8.2837140065960853],[124.30464808743932,-8.2831938818920889],[124.30451329075584,-8.282612757073025],[124.30429563413622,-8.2819342725485967],[124.30425557203705,-8.2818279286159395],[124.3040183839413,-8.2813442894074001],[124.30374433713155,-8.2808333198018431],[124.30356605642839,-8.2804079143936633],[124.30352894680357,-8.2803103667300206],[124.30336444731142,-8.2797848200133899],[124.30328889886368,-8.279341882321944],[124.30323699269309,-8.2790255071213892],[124.30319822831564,-8.2788948203396444],[124.30310843100938,-8.2786667405775916],[124.30297952488525,-8.278413835030392],[124.30290682189241,-8.2783270072854975],[124.3026178526319,-8.2777045846987676],[124.30254008735517,-8.2774822111350659],[124.30238856058372,-8.2771973895478368],[124.3023251646747,-8.2770782257794622],[124.30202655558116,-8.2766588035609061],[124.30197560179261,-8.2765731332434598],[124.30170428982115,-8.2758241014010991],[124.30162118077294,-8.2755905699488039],[124.30152996163849,-8.2753903349959046],[124.30127495527506,-8.2747501579933669],[124.30120429014596,-8.2745727577265598],[124.30117328961569,-8.2744765851262514],[124.30083771209081,-8.273904976033748],[124.30056111840099,-8.2735472095360478],[124.30033958660272,-8.2732623672644081],[124.30006783666136,-8.2729875065681426],[124.30000864957958,-8.2729268347056291],[124.29955241541165,-8.2722417113858455],[124.29929436933969,-8.2715173830207505],[124.29916390019389,-8.2709576629657136],[124.29914282098446,-8.2707281793619245],[124.29909271165934,-8.2701825381935237],[124.29902016514859,-8.2695679127289168],[124.29876039957287,-8.268686023141413],[124.29873499282576,-8.2685982421151607],[124.29872266491907,-8.2685750234185775],[124.29866235278541,-8.2683784136328313],[124.29865129022494,-8.2682196787951057],[124.29867174440551,-8.2680351010390609],[124.29882689364626,-8.2675740635921215],[124.29895718382704,-8.2676422358005084],[124.29887152340211,-8.2678078468546232],[124.29890995682911,-8.2678270635680633],[124.29896406364071,-8.2678541169738651],[124.29896670225162,-8.2678554362793193],[124.29898007606971,-8.2678285789257302],[124.29901723695593,-8.2677539576789627],[124.2992027437117,-8.2673814467962643],[124.29908852981191,-8.2673395689658946],[124.29898954413227,-8.2675622860705857],[124.29890388370734,-8.2675280219006595],[124.29884763201267,-8.2675124411462093],[124.29895838442201,-8.2671833360420806],[124.29921150940368,-8.2660503827189586],[124.29925605642188,-8.2658359915377559],[124.29942894568933,-8.2649814764139364],[124.29948866516986,-8.2647041641657779],[124.29976943081465,-8.2638765540596637],[124.29983991517997,-8.2637358668167735],[124.300334837283,-8.2633800392573562],[124.30046822742679,-8.263248632118632],[124.30055785296258,-8.2630660850317668],[124.3005666024668,-8.2630393823615691],[124.30051399302647,-8.2619964448799692],[124.30051768114618,-8.2618245376722257],[124.3005816193463,-8.2616864125978395],[124.30082935289238,-8.2614332102743901],[124.30136652424574,-8.2611183980955616],[124.30158057098663,-8.2609917888399309],[124.30191619617563,-8.260632789371698],[124.30231643045897,-8.2600646948297367],[124.30249019566611,-8.2597895850212808],[124.3026698361441,-8.2595235700566718],[124.30284418141389,-8.2591459762057866],[124.30316135161513,-8.258410600568709],[124.30325729039168,-8.2581129447565331],[124.30328993038609,-8.257305117037447],[124.30328355599136,-8.2569448198474902],[124.30320615044354,-8.2561874917593059],[124.30324388419797,-8.2558183506363321],[124.30328689877138,-8.255651726046267],[124.30336735302103,-8.2553973833825012],[124.30370336761644,-8.2546613827166198],[124.303864900245,-8.2543271011147681],[124.30414164861827,-8.253909616935232],[124.304629898651,-8.2534523521442793],[124.30477646206418,-8.2533454758130347],[124.30510024318176,-8.253179539204325],[124.30640068084676,-8.2526435225804562],[124.30670647822149,-8.2525055072233613],[124.30715541529025,-8.252276225967023],[124.30734494561284,-8.2521804139948358],[124.30823513414418,-8.2512079132145573],[124.30860985286245,-8.2506786945660338],[124.30893047825907,-8.25011517937196],[124.30898181965529,-8.2500048595366025],[124.30898383773399,-8.2500005230056672],[124.30898396184045,-8.2500002568063451],[124.30898408594692,-8.2499999906070229],[124.30919982071521,-8.2495364143739494],[124.30929030600294,-8.2493333825295281],[124.30949025946791,-8.2490123047739985],[124.30956552462931,-8.2488655381140461],[124.3099417748931,-8.2481946007002307],[124.31067538426169,-8.2474452891686951],[124.31165244640329,-8.2465963984050177],[124.31235641501655,-8.2459847730787601],[124.31278855634685,-8.2456602257387885],[124.31335408692166,-8.2453672733809071],[124.31375735192034,-8.245098647684415],[124.31379350916313,-8.2450716005738514],[124.31433682108752,-8.2438705856589536],[124.31514463441738,-8.2427766008593721],[124.31537816497041,-8.2424406950819389],[124.31589410333027,-8.2416008982627886],[124.31607408734931,-8.2414257732807528],[124.31626283706032,-8.2413124137368641],[124.31631851408827,-8.2412813817303459],[124.31639428107133,-8.2412391531643152],[124.31646061866263,-8.2412021793370513],[124.3164751031436,-8.2411832423127294],[124.31671004833015,-8.2408760626801154],[124.31716850832004,-8.2402766492479032],[124.31720986904031,-8.2402225730132841],[124.31726025175931,-8.2401567021699975],[124.31746824336483,-8.2398847732636114],[124.3178766183114,-8.2393718818068464],[124.31815554124535,-8.2390098983880762],[124.31837644621612,-8.238611819779635],[124.31859065033825,-8.2382959446021005],[124.31876993108756,-8.2381112733165764],[124.31892744734387,-8.238063522913194],[124.31932404027225,-8.238021522775],[124.31947602479875,-8.2379497730635194],[124.3197342120643,-8.2377438364088675],[124.32000635321072,-8.2374063981866925],[124.32043908719413,-8.2367450853174091],[124.32075775836392,-8.2362026007693885],[124.32091564873826,-8.2359614448647562],[124.32117564903706,-8.2357148039949379],[124.32185619570691,-8.2351964761364229],[124.32270835280826,-8.2343996947900564],[124.32307277518851,-8.2339670075713229],[124.32342090005454,-8.2334305538769286],[124.32395927380151,-8.2324383345614365],[124.32418675911174,-8.2319560227522288],[124.32486488390737,-8.2304458820717628],[124.32507263359525,-8.2300492882440039],[124.32549066636125,-8.2291638823072617],[124.3258689149186,-8.2284908989357746],[124.32596716495277,-8.2283160698307256],[124.32612157225287,-8.2279390227676572],[124.32613007174552,-8.2277941329928126],[124.32602877480815,-8.2274226005725382],[124.32593386935264,-8.227217022747368],[124.32584150897856,-8.227089194910377],[124.32584654068535,-8.2265517258813929],[124.32593952428965,-8.2260543198509595],[124.32600491489495,-8.2256397269917443],[124.32569027538591,-8.2244379287673723],[124.32561669735276,-8.2242123041544914],[124.32560543064619,-8.2239490851820847],[124.32573704013237,-8.2232231011651606],[124.3258904779633,-8.2229518359584404],[124.32601136842993,-8.222691132389798],[124.32605646313527,-8.2224554920272794],[124.32603779141095,-8.2222619597216067],[124.32593336932962,-8.2221005071326658],[124.32580771245603,-8.2219772262679385],[124.32577247791755,-8.2218067579754575],[124.32577772815966,-8.2214994128675585],[124.32583177471668,-8.2214100697188996],[124.32609521222435,-8.2211661483989928],[124.32632788392482,-8.2208402727603129],[124.32652632113286,-8.2204256322370952],[124.32676125912485,-8.2197442725800443],[124.32707499301659,-8.2188989449303449],[124.32722647841933,-8.2184747886805098],[124.32734546232325,-8.2177222260997951],[124.32745468138853,-8.2170538976192233],[124.32762679004441,-8.2165008820100525],[124.32792618064877,-8.2158556166433527],[124.32813644663975,-8.2154740702720801],[124.32845933742851,-8.2148308193867479],[124.32875586818886,-8.2140582100183224],[124.32887141578328,-8.2136230073958245],[124.32893124408167,-8.2133833506610472],[124.32902938439861,-8.2131943347507104],[124.32948577414925,-8.2128356482465392],[124.32960454041722,-8.2126385699140201],[124.32961908785069,-8.2125162261428954],[124.32957310281654,-8.212372834638586],[124.32950525886065,-8.2122846480180556],[124.32926571184316,-8.2122630858726779],[124.32912783678034,-8.2122515547653734],[124.32903325867801,-8.2121465067558574],[124.32898038393762,-8.2117875225760599],[124.3290624146988,-8.2111923980107235],[124.32931154039534,-8.2094561317949797],[124.32945049284604,-8.2087963351826829],[124.32950021186537,-8.2084027567817657],[124.32939766576976,-8.2072014603790535],[124.32939199284624,-8.2071685703731987],[124.32929446316905,-8.2066033203868756],[124.32913655570758,-8.2053463667413666],[124.32909946227039,-8.2049497882021001],[124.32903113357997,-8.2047888356362364],[124.32899944686699,-8.2045136331975641],[124.32898832135402,-8.2034722272614431],[124.32889081236112,-8.2029402881637452],[124.32889080606594,-8.202940256687441],[124.32848949439472,-8.2019620847823376],[124.32824305587235,-8.201483772258257],[124.32797478990472,-8.2009979449991306],[124.32756108827368,-8.200174781141186],[124.32740908666005,-8.1998723355397942],[124.32681630572802,-8.1986800539413025],[124.32662543091897,-8.1982749453324004],[124.32658828981778,-8.1981532418785719],[124.32656466462765,-8.1981035066714298],[124.32601025866654,-8.19672061736253],[124.3257311495729,-8.1960301790495009],[124.32553639958519,-8.19536963240256],[124.32546636218296,-8.1950589400180434],[124.3253935395802,-8.1947358981431648],[124.32531611784464,-8.1943363824180437],[124.32504741480636,-8.1938272582213472],[124.32478661770836,-8.1933252098904745],[124.32474435316942,-8.193213569850343],[124.32471557216604,-8.1931261008887759],[124.32473016546487,-8.193030163910862],[124.32485922807098,-8.1929004447996476],[124.32505000215599,-8.1927869836323453],[124.32516377538798,-8.1927193186415934],[124.32523807197947,-8.1926631793621709],[124.32545130573328,-8.1925056010525736],[124.32549415033486,-8.1924631629445912],[124.32554169569278,-8.1924131480482743],[124.32559160177107,-8.1921893976225419],[124.32559244713377,-8.1919352878831546],[124.32557855530615,-8.1918322876299499],[124.32552850893364,-8.1916332568692383],[124.32537380845451,-8.1912940110097452],[124.32529685346708,-8.191125256825103],[124.32496361867618,-8.1906696629745284],[124.32479547782907,-8.1903858513259138],[124.3247590561856,-8.1902755072088667],[124.32465938432324,-8.189973601200677],[124.3246480717512,-8.1889661626582324],[124.32463928987136,-8.1887331168398418],[124.32453322832589,-8.1884384755551309],[124.32439611858604,-8.1882070071476392],[124.32423577486122,-8.1879865068717663],[124.32406258791821,-8.1877212572301801],[124.32383446319,-8.187292633148445],[124.32357669590783,-8.1868744304105689],[124.32313450915035,-8.1859534293072898],[124.32285832195407,-8.1846909906965948],[124.32280653988994,-8.1844457572658484],[124.32184743001494,-8.1832859609782531],[124.32083264940729,-8.1823685382773874],[124.32035210296726,-8.1818818359778902],[124.31958360260126,-8.1807945079601154],[124.319268180682,-8.1805269290744604],[124.31731524260442,-8.1794459610621857],[124.31628330563012,-8.1789089758684668],[124.31605082188798,-8.1788036949345155],[124.31577702419042,-8.1786861481471647],[124.31524933708727,-8.1785336483091555],[124.31372349424396,-8.1779891007163883],[124.31332721158162,-8.177874959661608],[124.31312791462165,-8.177795554021543],[124.31290347801314,-8.1776880067960178],[124.31180808667398,-8.1774286171369113],[124.31176427530113,-8.1774222877083389],[124.31172416463858,-8.1774185069584746],[124.31105097802026,-8.1772744292714492],[124.31046638361681,-8.177112679006882],[124.30995283745358,-8.176919147600529],[124.30948043077728,-8.1766948827626038],[124.30799838401822,-8.17601697560292],[124.30776710177042,-8.1759325067797022],[124.30695207228041,-8.1756975543985959],[124.30673073203775,-8.1756337448014165],[124.30643305644048,-8.1755479287938329],[124.30602793074445,-8.1754712103280553],[124.30559160307007,-8.1754222422426324],[124.30556233373477,-8.1754193797005428],[124.30552129137459,-8.1754153660263],[124.30496960586265,-8.1753929432297241],[124.3049077432978,-8.1753904287252794],[124.30490715424185,-8.1753906031937618],[124.30490685206962,-8.1753906913273227],[124.30483337026385,-8.1754121887215092],[124.30458649377169,-8.1754844141743206],[124.3045118374514,-8.1754971323866812],[124.30428660314431,-8.1754958202758417],[124.30421930597629,-8.1754906635632096],[124.30349650915662,-8.1753765081193137],[124.30292811783841,-8.1752514304091619],[124.30257758818516,-8.175215757900844],[124.3023542118774,-8.1752686641174819],[124.30208810338331,-8.1753366007035311],[124.30156007094058,-8.1754328659339421],[124.30071302468639,-8.1756580858519214],[124.29970060300047,-8.175961725752984],[124.29956598977867,-8.1759793668542784],[124.29931951888079,-8.1760116669048557],[124.2990175409268,-8.1760512406721659],[124.2987796468633,-8.1760503440480647],[124.29868221341349,-8.1760499771247055],[124.29860475930229,-8.1760189918829269],[124.29843143116568,-8.1758760077714783],[124.29835787381694,-8.1758088499983614],[124.29819075909631,-8.175656272818685],[124.29797368074082,-8.1755335225539625],[124.2977918612055,-8.1754847676078839],[124.29768763427694,-8.175456820275997],[124.29730011910533,-8.1754046793823818],[124.2969520868694,-8.1754444599937983],[124.29673644563047,-8.1755340387648516],[124.29644016578106,-8.1757101008404334],[124.29548685293594,-8.1762093037163481],[124.29537730561822,-8.1762211639754696],[124.29512235321408,-8.1762446785490397],[124.29484980557413,-8.1763193042924058],[124.29386032109699,-8.1766297565579862],[124.29287835315358,-8.1767977112453423],[124.29249727532908,-8.1767430225723956],[124.29224988442468,-8.1767804451613415],[124.29212972780476,-8.1768593975431259],[124.29204872766672,-8.1770078819081959],[124.2920620870957,-8.1771408655584423],[124.29203414875701,-8.1772011318267346],[124.291795915649,-8.1774276332786258],[124.29164269635339,-8.1773923978408334]]],[[[124.05698882087745,-8.1698055542828456],[124.05683310326515,-8.169723288798707],[124.05669880570542,-8.1697038346641762],[124.05657919587327,-8.1697318980086493],[124.05648688406256,-8.1698167265606116],[124.05648536061096,-8.1698186205328511],[124.0563072903492,-8.1700400381172358],[124.05603250789397,-8.1702253659078679],[124.05559700939455,-8.1705358505490153],[124.05538994588937,-8.1707041173011135],[124.05508410174991,-8.1709754445610656],[124.05491268017613,-8.1712463977030438],[124.05487203981284,-8.1713991169756355],[124.05473128871802,-8.1717504758037762],[124.05470738383872,-8.1718650854053294],[124.05476936781213,-8.1719349285540375],[124.05481646081103,-8.1719514293149587],[124.05485861833063,-8.1719418038711069],[124.05488030638105,-8.1719057257685677],[124.05494617992235,-8.1715186018020063],[124.05500217980682,-8.1714200846691369],[124.05505324421188,-8.1713753829674829],[124.0551477746501,-8.1713426953090789],[124.05520280506551,-8.1712263832909002],[124.05521372733176,-8.1711145687822864],[124.05543727540999,-8.1708479908420486],[124.05657269557355,-8.1700183509660746],[124.05666903994427,-8.169958475902888],[124.05683216527223,-8.1699585847208596],[124.05712144569827,-8.1702986480640902],[124.05723916515547,-8.1704699599206947],[124.05736994726533,-8.1705716642508719],[124.05747810243258,-8.1705938361365611],[124.05751952520598,-8.1705474131325673],[124.05748760287065,-8.1704085389229135],[124.05719233745651,-8.1700062415947059],[124.05698882087745,-8.1698055542828456]]],[[[124.37911922836975,-8.1822880849271087],[124.37941852544463,-8.1820983819347362],[124.37981019638357,-8.1818861626162516],[124.38006246341206,-8.1817494755578082],[124.38035985302486,-8.1815187733726589],[124.38062232196262,-8.181234413137588],[124.38065999276455,-8.181175414014092],[124.38067325866405,-8.1810801155548347],[124.38103374111438,-8.1806188532773945],[124.38105972702488,-8.180585600844779],[124.38201729096522,-8.1798555698786117],[124.38224646160495,-8.1796637103119565],[124.3823020873715,-8.1796133051099105],[124.38343466567733,-8.1790220539245979],[124.38398533675399,-8.1786113506332754],[124.38415746159762,-8.1784561483325433],[124.38426263371366,-8.1782640702306253],[124.38439630624464,-8.1774657726272721],[124.38437027536793,-8.1772320226397142],[124.38411649388115,-8.1766235071690971],[124.38318774331981,-8.1755532419884958],[124.38289191493004,-8.1752249759518349],[124.38229200866931,-8.1744947570273894],[124.38197686823798,-8.1740442722253306],[124.38174250940938,-8.1736296164136206],[124.38135768141194,-8.1729246792305048],[124.38130608730614,-8.1728041475932969],[124.38106150858187,-8.1726677258348559],[124.380793228225,-8.172505773222781],[124.38042990031965,-8.1722488980681192],[124.37977605901801,-8.1719577497502769],[124.37977268026509,-8.1719562451845036],[124.37976928982096,-8.1719547424173697],[124.37759497822572,-8.1712669130375843],[124.37561336886199,-8.1705108979595025],[124.37523622826939,-8.1703425232887525],[124.37504275801689,-8.170198988792265],[124.37503862203482,-8.1701959203054457],[124.37501835311457,-8.1701808827414766],[124.37500817998364,-8.1701691321996464],[124.37500247738251,-8.1701656940914518],[124.37499999345505,-8.1701641958209166],[124.37499925061502,-8.1701637425626359],[124.37498943091759,-8.1701578187282848],[124.37497488798078,-8.170144799243019],[124.37497357497057,-8.1701436229297997],[124.37479110342679,-8.1699802565835284],[124.3744586177711,-8.1696796788740471],[124.37386486826915,-8.1690851946260068],[124.37345985318973,-8.1686993198177333],[124.37328124333476,-8.1685162727077909],[124.37302850865876,-8.1683948669295319],[124.37265722714938,-8.1683104286832986],[124.37252104011395,-8.1683538983136827],[124.37245318086968,-8.1684356161107416],[124.37226872811937,-8.1687272725455387],[124.37198424377789,-8.1688307890096326],[124.37166713383124,-8.1688702260800028],[124.37125368041313,-8.1689377732595858],[124.37087119604894,-8.1691317732127118],[124.3704456503466,-8.1694253991627761],[124.37040370416764,-8.1694656842938684],[124.37021480606847,-8.1696471009329343],[124.36966474293365,-8.170347945301387],[124.36950267970496,-8.1706664761769048],[124.36900021229008,-8.171899741679681],[124.36886925840963,-8.1721450227745436],[124.3686888840848,-8.1723172258592172],[124.36839347837633,-8.1725125693994869],[124.36826005585692,-8.1728256323969504],[124.36820674404612,-8.173065538243975],[124.36811114970988,-8.1735655388185364],[124.3680589161861,-8.1743126946750522],[124.36806574383911,-8.1749233820084442],[124.36812775569149,-8.17620242390268],[124.36814989969821,-8.176659164388866],[124.36816718107059,-8.1769323982115338],[124.36819829131821,-8.1789457878177814],[124.36830644558609,-8.1793924451052362],[124.36865293098799,-8.1803228351307098],[124.36892052516214,-8.1809386162241253],[124.36937358742114,-8.1817672731410767],[124.36956919626141,-8.1820147890512089],[124.37045732174806,-8.1829463041285635],[124.37074141488449,-8.1830268977730611],[124.37197730640764,-8.1832614139830184],[124.37228477472263,-8.1832493522757659],[124.3728550564158,-8.1831612411982633],[124.37327863440157,-8.1830690391048506],[124.37354522763019,-8.1830870543240621],[124.37389125887455,-8.1831956951251641],[124.37428861982403,-8.1833358931369276],[124.37428935097284,-8.1833361503429956],[124.37428972868804,-8.1833362825433369],[124.37499919215907,-8.1835832903365144],[124.37499957257228,-8.183583425234815],[124.3749999916563,-8.1835835718243288],[124.37613849289721,-8.1839799291303734],[124.37625035237193,-8.1839971457516185],[124.37668972784877,-8.184064772970828],[124.37732694698104,-8.1840059303293629],[124.37768111798925,-8.1838574756419575],[124.37796782095825,-8.1836717575455395],[124.37816082086522,-8.1834746009720334],[124.37911922836975,-8.1822880849271087]]],[[[124.52968666610684,-8.1227233822781955],[124.5292007911836,-8.1226162568347604],[124.52872405607036,-8.1226259290433518],[124.52835149392638,-8.1227386941353643],[124.5279850246892,-8.1228156644113483],[124.52780602542782,-8.1228053347983291],[124.527066009289,-8.1226642419611608],[124.52628397772344,-8.1226430692221925],[124.52605105691077,-8.122684725819397],[124.52551293137674,-8.1228435227103546],[124.5250685871456,-8.1228666316896465],[124.52476230593572,-8.1229162571794973],[124.52438345842995,-8.1230924262744111],[124.52438049426451,-8.1230938040357614],[124.5241611972815,-8.1231605849929451],[124.52339550999488,-8.1233655701648786],[124.52310872788553,-8.123528601064038],[124.52291497794397,-8.1235993201524366],[124.52290239642855,-8.1236014308612994],[124.52250724421401,-8.1236677405736941],[124.52206191612458,-8.1236926005330474],[124.52126116607008,-8.1237261632318223],[124.51920043075529,-8.1238508038714485],[124.51833857176769,-8.1237768831965695],[124.51799343085224,-8.1237881786814796],[124.51767790011502,-8.1238662101574164],[124.51747519742253,-8.1239812406416831],[124.51702269723978,-8.1242595376475037],[124.51660574366019,-8.1244332875661485],[124.5153373065715,-8.1248858354129538],[124.51518724299694,-8.1249999917561695],[124.51518691474439,-8.1250002399690402],[124.51518660357897,-8.1250004773900741],[124.51518453693689,-8.1250020512036372],[124.51510499280118,-8.1250626160468187],[124.5145797896256,-8.1253596009647708],[124.51425899425726,-8.1255722717428966],[124.51376943121431,-8.1258914905997699],[124.51337938445113,-8.1261101949294812],[124.51287730644265,-8.1264441941441987],[124.51260008682459,-8.1266333665365664],[124.5120453058463,-8.1270081787843651],[124.51159849297608,-8.127390146937671],[124.51141936870897,-8.1275570377270583],[124.51119658775235,-8.1277632891444114],[124.51061279104749,-8.1282436638139757],[124.50978433737737,-8.1288343196480923],[124.50947447776502,-8.129016725541419],[124.50922691509015,-8.1292230848774238],[124.50829458792498,-8.129857069148386],[124.5076569308228,-8.130393897860074],[124.50697335343762,-8.1310376793453543],[124.5066437591023,-8.1314043347422285],[124.50630338369422,-8.1317951953919305],[124.50599429030433,-8.132236710355869],[124.50556947844871,-8.1328201788081742],[124.5048834459144,-8.1331133038358416],[124.50446422784194,-8.1332063818690017],[124.50401471160967,-8.1331947257559705],[124.50369266528435,-8.1331142733050115],[124.5034753998699,-8.1329968982881837],[124.50339394737284,-8.1329546949032192],[124.50273836768156,-8.1326152421996198],[124.50252350975222,-8.1324947582264713],[124.50231272844974,-8.1323035227893001],[124.50207529034242,-8.1319847886670118],[124.50199638382617,-8.131761664169403],[124.50189974267903,-8.1317065069496834],[124.50134802389221,-8.1315738038878749],[124.50000000939303,-8.1314981511187057],[124.49999991586344,-8.1314981484207465],[124.49999982503198,-8.1314981439241478],[124.499928244393,-8.1314941320484877],[124.49949147784946,-8.1315695698796731],[124.49921828989227,-8.1315292101049295],[124.49880569622599,-8.1314292423655843],[124.49870149267986,-8.1313846009185227],[124.49828841517831,-8.1312189134220603],[124.49774425879059,-8.1310952260637919],[124.49683482206945,-8.1312609909019784],[124.49631910314417,-8.1311674137451178],[124.49554099442139,-8.1309899757067683],[124.49488296317827,-8.1308331950958177],[124.4947248218931,-8.1307955233946245],[124.49392480568531,-8.1304800538113682],[124.49328397757358,-8.1300639761715274],[124.49311111708448,-8.1299608671002943],[124.49267711865411,-8.1297019918533806],[124.49248869719565,-8.1296872879379407],[124.49228379116414,-8.1296431321247837],[124.49211943106695,-8.1295349760582667],[124.49183125860577,-8.1293881005803428],[124.49167611835821,-8.1293267416357935],[124.49162530576336,-8.1292948669644716],[124.49116290044753,-8.1290362570176171],[124.49043788410108,-8.1286421785936227],[124.49011624337004,-8.1284381637901788],[124.48976561838867,-8.1282841953592992],[124.4885220718362,-8.1278396937468074],[124.48806219721268,-8.1277518506673232],[124.48743130571029,-8.1277069142426512],[124.48686002397096,-8.1277500070571591],[124.48535544739605,-8.1280727107869097],[124.48465896204152,-8.1283838186582784],[124.48448352409537,-8.1285167717315971],[124.48408375925817,-8.1289278347517211],[124.48392947786317,-8.1289760851781239],[124.48360685327373,-8.1290147416369791],[124.48282555645437,-8.1290337101375485],[124.48169111924983,-8.1289871315508435],[124.48120063440183,-8.1290242420750474],[124.47971365036472,-8.1291981475764032],[124.47924302434615,-8.1293069448595929],[124.47862957159748,-8.1293178824142842],[124.47833043100468,-8.1293712257014477],[124.47819683671469,-8.1294508831516623],[124.47808814914879,-8.129607100787041],[124.47792522796692,-8.129793553629554],[124.47774207113969,-8.1299190378333037],[124.47718508682237,-8.1302015553574734],[124.47689125942418,-8.1302697572434681],[124.47596360243836,-8.1304045692154432],[124.47543422820718,-8.1305256800160919],[124.47517819571726,-8.130599788649306],[124.47507760294911,-8.1307184452000456],[124.47485558731557,-8.1311390689128302],[124.47465957198176,-8.1314048050876409],[124.47394655618871,-8.1317774913380845],[124.47365558683589,-8.1318411948152516],[124.47333161865936,-8.1319079290076957],[124.47253929075578,-8.1320452258065075],[124.47210716561324,-8.1322146319996023],[124.47165968094953,-8.1324977098014415],[124.47106771300457,-8.1328886316049989],[124.46987994600272,-8.1336702728647765],[124.46903863292664,-8.1343850846039345],[124.46855029116307,-8.1347384453229665],[124.46797975945844,-8.1351103041971555],[124.46771850910193,-8.1354028041960191],[124.46647143091184,-8.1367993982735811],[124.46628737116532,-8.1370055183899126],[124.46627701097532,-8.1370171196443266],[124.46624935142654,-8.1370480949935313],[124.46624093107414,-8.1370575243851704],[124.46567300740344,-8.1375956544158612],[124.46567119976612,-8.1375973658257408],[124.46566191516536,-8.1376061638932811],[124.46566136837748,-8.1376066180509383],[124.46566108419177,-8.1376068482773576],[124.46564042406635,-8.1376235666742218],[124.46563973968227,-8.1376241206565965],[124.46491627466639,-8.1382096008923099],[124.46371325875998,-8.1390117565872515],[124.46310028984658,-8.1394161322486411],[124.46272182095538,-8.1396644125825333],[124.46178368057247,-8.1402798195579749],[124.46123841532062,-8.1406346012058179],[124.46077286867296,-8.1411006478765557],[124.46030757113761,-8.1416894448119592],[124.45966346229898,-8.142735897743421],[124.45922771198934,-8.1435251949317262],[124.45877447795988,-8.1441530233432786],[124.45852939921247,-8.1443753672293724],[124.45828814887898,-8.1446290084219299],[124.45792749375892,-8.1451556640026297],[124.45796043142877,-8.1453723511530143],[124.45798778970482,-8.1457458351021614],[124.4579172118099,-8.1459386173732469],[124.45778516615258,-8.146121132084545],[124.45727664899823,-8.1467110378840175],[124.45693300905123,-8.1470271630730622],[124.45603637328009,-8.1476783279924234],[124.45601046920785,-8.1476971400109619],[124.4560077901275,-8.1476990861438594],[124.45566562596798,-8.1479548740181826],[124.4556525093559,-8.1479646793264351],[124.45565043282124,-8.147966168603773],[124.45564939590292,-8.1479669087457864],[124.45563508139401,-8.1479771790035898],[124.45492422757115,-8.1484871638514846],[124.45463096224921,-8.1485858509562377],[124.45461375911771,-8.1485885390297881],[124.45456103996014,-8.1485815072307446],[124.45440825863432,-8.1485036637130861],[124.45418141544008,-8.1483550066781731],[124.45393093086784,-8.1482790076699985],[124.45339652492976,-8.148197694567898],[124.45280341484579,-8.1482142879589787],[124.45244721226913,-8.148338476239644],[124.45200114943361,-8.1485875695606182],[124.45171311816591,-8.1488441641268423],[124.45158446205335,-8.149060366542642],[124.45117646212407,-8.1500085379636289],[124.45072086917287,-8.1509831791303782],[124.45033671206966,-8.1515066798893372],[124.44995185259597,-8.1519257891438315],[124.44950771161166,-8.1522894444022995],[124.44831252520294,-8.1533102108974731],[124.44805225870482,-8.1536895854059708],[124.4478023676852,-8.1540630549659454],[124.44717574346589,-8.1548174449690691],[124.44641836771359,-8.1557308980624725],[124.44614918084005,-8.1562008522874407],[124.44611177533818,-8.1564001483480979],[124.44614544685498,-8.1568694910341151],[124.44615553994629,-8.1570100379828432],[124.44628600909209,-8.1573332893997303],[124.44649486764411,-8.1577209763419205],[124.44689632140819,-8.1584389608892707],[124.44705310201914,-8.1588673043825679],[124.4471812751957,-8.1595717883073462],[124.4471548998788,-8.1600329759410215],[124.44705829020802,-8.1603703035466424],[124.44665297745303,-8.1611636171072064],[124.44600497814724,-8.1621361160888455],[124.44564236880035,-8.1628107883871053],[124.44548674381826,-8.1631003035361118],[124.44508425943104,-8.1638234915608336],[124.44463647799114,-8.1646437730915977],[124.44363958759698,-8.1663139301437013],[124.44320124364253,-8.1668756161167266],[124.44283054039715,-8.1671910542237356],[124.44105369587146,-8.1683113046229892],[124.44022508661851,-8.1688309445924006],[124.43975328968259,-8.1691287263096228],[124.4394323369329,-8.1692714613088242],[124.43929336829433,-8.169304152564564],[124.43903773690215,-8.1693642893304173],[124.43896326224478,-8.1693818090232071],[124.43874937108671,-8.1695316342774618],[124.43858875846445,-8.1697100939456391],[124.43849357871579,-8.1699777825485853],[124.43832701707822,-8.1700432181199858],[124.43785707274583,-8.1697279400922866],[124.43751205144008,-8.1701562431160824],[124.43748230816209,-8.1703882403249963],[124.43725625906916,-8.170346599016284],[124.43728005423122,-8.1700670132819937],[124.43714323497238,-8.1698766555831526],[124.43691123776352,-8.1699837315638888],[124.43673037061023,-8.1701687796654028],[124.43673379163124,-8.1701816471652364],[124.436817711868,-8.1704972579420314],[124.43697383687311,-8.1712079759672633],[124.43687335292293,-8.1715905700487497],[124.43671789881205,-8.1718789763336304],[124.43651958660973,-8.1721132731090051],[124.43629727419989,-8.1722405226819319],[124.43607772810469,-8.1723279763549499],[124.43592215078672,-8.1723522427617468],[124.43583941495706,-8.1723651480331228],[124.43552719732236,-8.1724961630674215],[124.43532463492397,-8.1726717727840423],[124.43506866538667,-8.1729824759604526],[124.43473574445909,-8.1734575383346737],[124.4345774296047,-8.173734740865541],[124.43443585742898,-8.1741016138983014],[124.43419316638153,-8.1747305232949543],[124.43370070212575,-8.1755334065414331],[124.43327107170262,-8.1762338507115828],[124.43311851161013,-8.1764322933156564],[124.4322899617124,-8.1775100228692281],[124.43180496182958,-8.1781741488178454],[124.43125672791575,-8.1789948035672637],[124.43043558663305,-8.1804193350841956],[124.43027493084344,-8.1805666791088925],[124.42997491521021,-8.1806944763689557],[124.42974335237386,-8.1808333038138699],[124.42953422672326,-8.181079867341964],[124.42926850943422,-8.181446585691333],[124.42889518106779,-8.1819992415717024],[124.42863182090184,-8.1825495070540342],[124.42844005576399,-8.1829967578939886],[124.4282271961282,-8.1833832262548185],[124.42804002472747,-8.1836145696566405],[124.42793710271519,-8.1836592416806297],[124.42772582138957,-8.1836192416346307],[124.42721728984611,-8.1835397262772744],[124.42679793058005,-8.1835189447434686],[124.42652888400085,-8.1835737269458946],[124.42636600958372,-8.183659351397921],[124.42630194727712,-8.1837580070263698],[124.42619313380612,-8.1840374290840145],[124.42614477546113,-8.1843097878663684],[124.42618196242768,-8.1844936938288697],[124.42639286783663,-8.185050772575039],[124.42657025911024,-8.1852774907635535],[124.42682024276007,-8.1856114288243589],[124.42680486795041,-8.1857848666782047],[124.42672565026862,-8.1859928978539074],[124.42645864964697,-8.186251585142486],[124.42618096238152,-8.1864981792475078],[124.42535121188894,-8.1874403665796081],[124.42509430615735,-8.1875942423803281],[124.42499850857439,-8.1875871638164881],[124.42470211900763,-8.1874077256859437],[124.42452541571538,-8.1873381793134854],[124.42434965041605,-8.1873732888461745],[124.42409353968515,-8.1874872734188671],[124.42393605580435,-8.1876475074265045],[124.42380546165282,-8.1878637269294359],[124.42329294701199,-8.1888493047515567],[124.42315044583643,-8.1893825541615115],[124.42303963407187,-8.189885445157131],[124.42290852370945,-8.1902633052073384],[124.42274968095307,-8.19052444404781],[124.42205319739719,-8.1913478201457224],[124.42187082208079,-8.1914466637325063],[124.42162768137246,-8.1915031789285422],[124.4212477268012,-8.1915604126828612],[124.42086168112178,-8.1916865381032267],[124.42051060288213,-8.1918809445498937],[124.42007700914667,-8.1922127422242284],[124.41978807136252,-8.1925110383537003],[124.41957375932157,-8.1928337420835078],[124.4195110397028,-8.1930594287495637],[124.41953057207832,-8.1932881794058972],[124.41972572676093,-8.1941321625691899],[124.41983191601014,-8.1944180228734353],[124.42011482114219,-8.1948818832922257],[124.42034966470533,-8.1953069919240988],[124.42040630580641,-8.1955969450429507],[124.42039339873645,-8.1957046010864474],[124.42032897760032,-8.1957360548749989],[124.41982760286169,-8.1959672103184289],[124.4195504470955,-8.196007850681724],[124.41922505529215,-8.195960319712924],[124.41899849268634,-8.1958816641074463],[124.41878979061642,-8.195711381974661],[124.41850933703631,-8.1954791950087724],[124.41836427459168,-8.1955477728114374],[124.41832566489757,-8.1956633815597684],[124.41832514958605,-8.195936147734983],[124.4184833844007,-8.1964100230040913],[124.41841630576801,-8.1964752418388684],[124.41824996176638,-8.1964855067007534],[124.41809339879137,-8.1964237727388536],[124.41792685334167,-8.1963638509109273],[124.41784183683137,-8.1964397258126382],[124.41776318122595,-8.1965917876808021],[124.41767108705108,-8.1968738042825748],[124.41750685285899,-8.1970171643106369],[124.41731580627948,-8.1971756473382129],[124.41726179029945,-8.1974022881850033],[124.41711607224897,-8.1978910382407548],[124.41697772684063,-8.1981020227900672],[124.41682619557253,-8.1982106950674734],[124.41610414878755,-8.1986568667209667],[124.41598000907027,-8.198583273399322],[124.41578488406526,-8.1984904597668447],[124.41570155558236,-8.1985253984283304],[124.4154858379012,-8.1987223355673109],[124.41538350764279,-8.1988640066685434],[124.41536404091778,-8.1990786010965166],[124.41540810320146,-8.1993696630794375],[124.41545824310344,-8.199873334686572],[124.41548157241675,-8.2001076161735114],[124.41546808798194,-8.2001339150480703],[124.41535785178348,-8.200348914171002],[124.41513650884292,-8.200593992019094],[124.41472047796776,-8.2010467422133502],[124.41441735337821,-8.2013489144208052],[124.41331822805387,-8.2024182416085409],[124.41304411829151,-8.2026405863938976],[124.41304433682672,-8.2027117731298063],[124.413004398834,-8.2029503659665579],[124.41269358683962,-8.2031584286185648],[124.41240791539303,-8.2033543827984658],[124.41129182166026,-8.2042071946062833],[124.41116572771625,-8.2044335539653162],[124.41111441509827,-8.2046975229722534],[124.41103693130935,-8.2051547113208017],[124.41060650858356,-8.2060296005855662],[124.41045907102932,-8.2064158198341488],[124.41027774342319,-8.2068135845792085],[124.41002230628442,-8.2071463822996407],[124.4097995559049,-8.2074616477368068],[124.4093766650011,-8.2082528820648122],[124.40922511934389,-8.2083608672601827],[124.4089240560005,-8.2085920541799169],[124.40817329026515,-8.2092633351347786],[124.40779352545087,-8.2095719761657051],[124.40707932075406,-8.2101016013078265],[124.40683094689075,-8.210285757281838],[124.40647099324178,-8.2105375377770997],[124.40601749391226,-8.2109571479539909],[124.40589244587977,-8.2112058977339188],[124.40571765004961,-8.2115369597628387],[124.40544443061606,-8.2118588523041467],[124.40514013420989,-8.212237070284516],[124.40511930591128,-8.2122689917205207],[124.40373328965961,-8.2139134920140009],[124.4036615246597,-8.2140715082934435],[124.40350393106166,-8.2142325238118588],[124.40309421162863,-8.2145500861175265],[124.40271986882692,-8.2148354607878105],[124.40241405616382,-8.2151448041893218],[124.40231130592213,-8.2153327741881412],[124.40231211800995,-8.215498538127008],[124.40230661865564,-8.215758381943715],[124.4022050240427,-8.2160010855815813],[124.40192105501274,-8.2163956946055805],[124.40128936761027,-8.2171935380512764],[124.40099725881646,-8.2177101158291634],[124.40073263420379,-8.2182579612358495],[124.40063474299905,-8.2185957412004313],[124.40052429096329,-8.2188598981657037],[124.40029107157579,-8.219225477074076],[124.3998443989999,-8.219974475641493],[124.39978166499191,-8.2205291639896814],[124.39982877417867,-8.2217107103809326],[124.39972103989419,-8.2220336173575106],[124.39948760287064,-8.2226505378919796],[124.39913843119371,-8.2234420546070623],[124.39887722760204,-8.2240496167963215],[124.39869158684735,-8.2247281318977343],[124.39863607169741,-8.2252658977029682],[124.39854772769559,-8.2261432268284125],[124.39830971312279,-8.2271788195468503],[124.39805599278986,-8.2280143203045668],[124.3977564942669,-8.2287588978048234],[124.39751046223807,-8.2293445228314113],[124.39733355569911,-8.2299752263755295],[124.39736736840939,-8.2302807566515526],[124.39772289919256,-8.2316584919457796],[124.39803713400659,-8.232447492357835],[124.39823522767369,-8.2327176639889785],[124.39846118143839,-8.2330683977882586],[124.39865014878535,-8.2333102416742463],[124.39888708776891,-8.2335107113502204],[124.39928711790628,-8.2337694436048992],[124.40006082174955,-8.2341600695315265],[124.40032041465543,-8.2342446480719786],[124.40099505637681,-8.2344644918428003],[124.40160878971392,-8.2346864292352961],[124.40229941508596,-8.23504111735366],[124.40265588386205,-8.2352732881316797],[124.40291640037162,-8.2355146625715747],[124.40357552519038,-8.2366336008599319],[124.4039844622132,-8.2373063351192286],[124.40415210213791,-8.2377951166512844],[124.4041770718145,-8.2379316948917563],[124.40423540004372,-8.2382508202191502],[124.4043478063063,-8.2392315542927577],[124.40431593073572,-8.2406303831855894],[124.40426471164722,-8.2408226798227702],[124.40406683831395,-8.2413573816377834],[124.4040809306905,-8.2416316011174331],[124.40415369663583,-8.2419300375411808],[124.40432710301343,-8.2423899436409442],[124.40452002467941,-8.2427163822551961],[124.40482541466122,-8.2432535239309459],[124.40513205559989,-8.2440450379480694],[124.40569574436313,-8.245784976095706],[124.40576253970949,-8.2462009143407045],[124.40575508702773,-8.2467345387678961],[124.4057525869124,-8.247429912560392],[124.40587049342855,-8.2480224138033122],[124.40623007116096,-8.2493881476448792],[124.40638844267255,-8.2499999924056624],[124.40638846695424,-8.2500000931297564],[124.40638849303457,-8.2500001947531132],[124.4063885460946,-8.250000413288376],[124.40638938875929,-8.2500036679348909],[124.40658694643048,-8.250766865898072],[124.40692738389168,-8.2522690538737038],[124.40713802489995,-8.2540105856199943],[124.40709036802616,-8.2544821172558613],[124.4068641192838,-8.2566819129398823],[124.40692001124955,-8.2571232714217899],[124.40692025946248,-8.2571252256486218],[124.40691946176378,-8.2571273984106597],[124.40691908494784,-8.2571284272351022],[124.4069178690645,-8.2571317421361528],[124.40690269660217,-8.2576159290318287],[124.40691389945698,-8.2576501743160406],[124.40706185322199,-8.2581024757486148],[124.40712908833677,-8.258321475955313],[124.40712655584593,-8.2587229602963248],[124.40706204118032,-8.2592196630569674],[124.4069565722881,-8.2597001951078823],[124.40691749404721,-8.2602676169569236],[124.40713402471556,-8.2618262733637948],[124.40718154039587,-8.2630767419980202],[124.40720666565517,-8.2636318512289222],[124.40747635345099,-8.2650302421519086],[124.40759591471976,-8.2657463821897181],[124.40763907138614,-8.2664566010911926],[124.40768413371586,-8.2673152566936778],[124.40754213436207,-8.2690172101760595],[124.40750391587312,-8.2694964597937428],[124.40748358669828,-8.2699524772249902],[124.4073790872751,-8.2709111005667637],[124.40719563367156,-8.2716083512443674],[124.40688541522979,-8.2724319755552074],[124.40626214997826,-8.2741814141409122],[124.40618038361788,-8.2743079127799319],[124.40606257242985,-8.2743612102016186],[124.40579418145637,-8.2743942881658086],[124.40562221309472,-8.2744547729693636],[124.40542196285332,-8.274638288626079],[124.40523324281992,-8.2753678510454165],[124.40540730570262,-8.276032209918526],[124.40561269736816,-8.2769484293265236],[124.40563569663016,-8.2773459449593361],[124.40564236870046,-8.2776895543294131],[124.40568407206229,-8.2778358821202005],[124.40588208658903,-8.2780561170960709],[124.40648182197856,-8.2785378362520987],[124.40670882165489,-8.2786580225496778],[124.4070614152522,-8.2787383203171885],[124.40714894626694,-8.2787262109458197],[124.40725030615681,-8.2783016625916162],[124.4073170403492,-8.2780806317157385],[124.40740263422424,-8.2779753345939753],[124.40757054034827,-8.277977897661799],[124.40769008722782,-8.2781118669690272],[124.4078131657451,-8.2782708347311882],[124.40791738368034,-8.2783128042924545],[124.40802022835089,-8.2782548672682879],[124.40824083744474,-8.277805647812329],[124.40834271264612,-8.2775762568387563],[124.40849941591534,-8.2773903345961912],[124.40877119643358,-8.2774984609851572],[124.40890385183138,-8.2775189286555815],[124.40911444697417,-8.2774426481596493],[124.40926779037625,-8.277329648344562],[124.40971680568612,-8.2766364913809412],[124.40989055560476,-8.276392695066761],[124.41012357174554,-8.2760846475883909],[124.41029525861939,-8.2758144453803197],[124.41042794729196,-8.2755950386800237],[124.41052416575769,-8.2752109760056669],[124.41055300881442,-8.2750074450374882],[124.4104551499853,-8.2748453818088592],[124.4102155400152,-8.2746173353216932],[124.41015494639373,-8.2745207418387281],[124.41022272829639,-8.274124740664206],[124.41030433727542,-8.2738578362700537],[124.41044605604077,-8.2735820070039949],[124.41072107231969,-8.2731754450906578],[124.41095647795919,-8.2728104921104659],[124.41122190027056,-8.2725254609811714],[124.41161746257592,-8.2722626952671021],[124.41243140028894,-8.2718641948766276],[124.41338694615069,-8.2713308834134978],[124.41425163440545,-8.2709258665354923],[124.41479649406301,-8.2707237376103535],[124.41503605636899,-8.2706348657064268],[124.41716216520183,-8.2699271316317891],[124.41832815781834,-8.2695329030210019],[124.4183476856972,-8.2695263010978692],[124.41836645814556,-8.2695199536828454],[124.41847180562934,-8.2694843351339387],[124.41961391495033,-8.2691437259021541],[124.41961486733237,-8.2691434471123557],[124.41961546178425,-8.2691432726438734],[124.42068691496922,-8.2688784906497972],[124.42079410246595,-8.2688624665295833],[124.42087317175958,-8.2688506467399066],[124.42113031671079,-8.2688122052190351],[124.42143777423394,-8.268766241768617],[124.42209128998115,-8.2687398511631613],[124.42279849345573,-8.2687040230721323],[124.4235414620689,-8.2685819131247627],[124.42360772771451,-8.2685594921268262],[124.42506268059833,-8.2679391631618273],[124.42649843025845,-8.2670415228479328],[124.42702229074621,-8.2665961641815784],[124.42745816516231,-8.2662685699385179],[124.42781588399589,-8.266097148364679],[124.42834207192914,-8.2659442258453169],[124.4290834784199,-8.2658802732559593],[124.42953089923162,-8.2658570698478684],[124.42997608702683,-8.2657647256615405],[124.43010489782284,-8.2656928401523828],[124.4303153382823,-8.2655753976864048],[124.43070289931939,-8.2652650848157805],[124.43087111930674,-8.2650871008889339],[124.43122754041872,-8.2643895228581528],[124.43125187337534,-8.264332903340744],[124.43139086809413,-8.264009475656735],[124.43159483703221,-8.2637434759805615],[124.43161680567107,-8.2637222582755498],[124.43361889889309,-8.2627894445771517],[124.43434161927041,-8.2622442728548435],[124.434726931103,-8.2619697269213361],[124.43524429129104,-8.2616896636470187],[124.43722894665859,-8.2607559910960617],[124.43740254279317,-8.260663763821583],[124.43746244573538,-8.2606319386130167],[124.4381087911878,-8.2602885540734405],[124.43849080610585,-8.2600378347781884],[124.43877022816355,-8.2597786483659092],[124.43934372763101,-8.2592430391349012],[124.43965797773353,-8.2589838347361137],[124.44040902225868,-8.2586224997285171],[124.44048103996806,-8.2585878506487234],[124.44078054028978,-8.2584892732613184],[124.44111059417867,-8.2584503533011002],[124.44112386817199,-8.2584487875814148],[124.44138182071447,-8.2584659133711398],[124.44164861808929,-8.2585146323443723],[124.44183336761591,-8.25849966312893],[124.44219949421131,-8.2582645227894318],[124.44222004012283,-8.2582512577892544],[124.44239533687539,-8.2581381788338604],[124.44268288071044,-8.2580576967052934],[124.44279347843633,-8.2580267420404425],[124.4431756966012,-8.2580274911757101],[124.4432168702624,-8.2580357838243117],[124.44353550905657,-8.2580999603448504],[124.4444257281649,-8.2580362415792479],[124.44448393138839,-8.2580320849127702],[124.4448377903318,-8.2579699291688371],[124.44587747766354,-8.2575474303695842],[124.44634335346302,-8.2572945697885416],[124.44651918081559,-8.2571313203541195],[124.44654921187669,-8.2570121008277511],[124.44659500805324,-8.2568302255344292],[124.44655802523278,-8.2565304446242749],[124.44653800992126,-8.2563936640362954],[124.44660563444256,-8.2562081626765007],[124.44677546241769,-8.2560285383863175],[124.44710490027103,-8.2557756319397981],[124.44744597804947,-8.2555780535842587],[124.44773253982487,-8.2554652875929264],[124.44776838410371,-8.2554608512372738],[124.44839597689293,-8.25538311653753],[124.4483964841105,-8.2553831336246617],[124.4483969463621,-8.2553831489131539],[124.44861643130332,-8.2553891707735829],[124.4486297457662,-8.2553895358983027],[124.44873846660698,-8.2553925252448153],[124.44888694917347,-8.2553966045696257],[124.44889646220201,-8.255396867171612],[124.44942632206721,-8.2554984141204955],[124.44989336788467,-8.2555876952159224],[124.45032360265225,-8.2556008352103163],[124.45076074421308,-8.2556058507293528],[124.45098541644393,-8.2555829917616279],[124.45111729033079,-8.2555203350953548],[124.45132328993793,-8.2553258513069636],[124.451537697307,-8.2550436638339875],[124.45166271296387,-8.2546992423760912],[124.45172429044374,-8.2545282731612133],[124.45184177517785,-8.2544005703300058],[124.45203697842385,-8.2542995386926918],[124.45272643108001,-8.2544462729770771],[124.45307571337355,-8.2545054600589083],[124.45326096202382,-8.2544718038306542],[124.45363377507874,-8.2541346012308168],[124.45387516570645,-8.2539634287691683],[124.45400168143249,-8.2538737097038961],[124.45413463360649,-8.2537707571146939],[124.45421522815036,-8.2536490698486205],[124.45428419715802,-8.2534300381656749],[124.45443032170203,-8.2531967099601502],[124.4544666660039,-8.253098881707956],[124.45449635262469,-8.2526680389987632],[124.45465118080745,-8.2522933346696163],[124.45499560316466,-8.2512021017955135],[124.45506889971,-8.2508528671660315],[124.45505647827395,-8.2503890229349963],[124.45504671163644,-8.2500890225902594],[124.45507550702905,-8.2500044899152272],[124.4550769810179,-8.2500001650755053],[124.45507700619896,-8.2500000850358219],[124.45507703227929,-8.2500000103921138],[124.45512804002703,-8.249850195030433],[124.45531947781171,-8.2495560537687993],[124.45562450896398,-8.2493417417279602],[124.45588607228444,-8.2491906951943861],[124.45609813422163,-8.2491104289031227],[124.45632007161407,-8.2489174128082823],[124.45645727488341,-8.2487703655598921],[124.45703211883733,-8.2484674756934169],[124.45731893062418,-8.2483288038311571],[124.45789475933577,-8.2481246316463626],[124.45805965003285,-8.2480291794030336],[124.45830335281755,-8.2477507259152389],[124.45850700879146,-8.2476475071267146],[124.45914968141278,-8.2475900080723932],[124.45955144724155,-8.2475689603392084],[124.46011535274135,-8.2474850850685471],[124.46085464942257,-8.2474768050104785],[124.46111868138212,-8.2475194913313885],[124.46134744732694,-8.2475748347108038],[124.46183893132172,-8.2475104918157172],[124.46202726014997,-8.2474622575770695],[124.46227024437633,-8.2474637882232287],[124.46279727497438,-8.2476052569769536],[124.46309244685904,-8.2477056159214044],[124.46333296244632,-8.2477076322014113],[124.46358880607863,-8.2476408512442276],[124.46411907243726,-8.247207569573618],[124.46415986928264,-8.2471700381667006],[124.46436602357323,-8.2470143043665871],[124.46477174282177,-8.2466635696679873],[124.46506008705342,-8.2463907576272959],[124.46526275916904,-8.2462372262669419],[124.46553675921416,-8.2461386317923484],[124.46589827498542,-8.2460489918674398],[124.46634264889417,-8.2457375863205016],[124.4665516027743,-8.245515881852441],[124.46675322807903,-8.2448142730602285],[124.46683779133105,-8.2442104601445862],[124.46687544684448,-8.2440296640377255],[124.46760966505406,-8.2432989756671304],[124.46782364974172,-8.2431235071441051],[124.46821397799272,-8.2429253820007489],[124.46851818086941,-8.2428437730216615],[124.46869744722949,-8.2428023349597197],[124.46890171204439,-8.2426867262113888],[124.46919371202023,-8.2424876477866746],[124.46955796173063,-8.2423264757861716],[124.4699195404545,-8.2422723815651011],[124.47071893073417,-8.2420195848359299],[124.47092933701936,-8.2419794597842042],[124.47115058822908,-8.2420130773415963],[124.47128480035326,-8.242033468569673],[124.47137183764028,-8.2420466939996686],[124.47152993575799,-8.2420660770877134],[124.47174284575578,-8.2420921790107968],[124.47196013545192,-8.2421188187284429],[124.47199946370438,-8.2421179418894326],[124.47203480706071,-8.2421171540833598],[124.47234705617177,-8.2421101951293281],[124.47331835275986,-8.2418383984232833],[124.47351627465639,-8.2417493196753071],[124.47365025925217,-8.2416331011866077],[124.47376118073396,-8.2414329138978246],[124.4740099467017,-8.2410688665349312],[124.47432624366127,-8.2405692580647383],[124.47442871331452,-8.2404099602514407],[124.47461254013672,-8.2402456316305575],[124.47530991492067,-8.2399267113486303],[124.47572257064019,-8.2397592890599185],[124.47700419718603,-8.239655459631706],[124.47720627484978,-8.2395686156989996],[124.47754300890279,-8.2392773666571202],[124.47792850869382,-8.2386022887645822],[124.47839452478752,-8.2379447098804235],[124.47871246211048,-8.2376739303076079],[124.47897144707474,-8.2375134759660682],[124.47916982222955,-8.2374191316875454],[124.47954371267224,-8.2370488358350826],[124.47969947704928,-8.2369158980501993],[124.48015811870232,-8.2367563349368424],[124.48048466613454,-8.2367166172780344],[124.48065557239681,-8.2366856949888074],[124.48082436795028,-8.2365631632593477],[124.48101830585017,-8.2362657421702465],[124.48116357064237,-8.2360113041783052],[124.4814015717252,-8.2357378356325626],[124.48155405807336,-8.2356563876321616],[124.4815876504498,-8.2356384452580187],[124.48187361867258,-8.2355999596703668],[124.48211860568915,-8.2356654896705663],[124.48230238394797,-8.2357146484122268],[124.48252838357814,-8.2357618043637331],[124.48273741479989,-8.2357581477202757],[124.48301239870329,-8.2356651011634199],[124.48329907199468,-8.2354956625947011],[124.48349794717262,-8.2353088203457219],[124.48395357160007,-8.2342086625996558],[124.48407419676687,-8.2339838356854216],[124.48415776087199,-8.2339150357502717],[124.48440608797068,-8.233710584775622],[124.48473810238158,-8.2335163977634807],[124.48507069685525,-8.2333486166452872],[124.48553210302418,-8.232948960626004],[124.48579932218104,-8.2326986478242929],[124.4862175716836,-8.2324193975371145],[124.48673069696417,-8.2321378512807541],[124.4878371814408,-8.2316568237034176],[124.4882261813932,-8.2314877115885565],[124.48822704114514,-8.2314873041956957],[124.48939727406503,-8.2309430551778178],[124.48961115802854,-8.2308501498145006],[124.48972450857923,-8.230800913731116],[124.49028114935561,-8.2307024910271025],[124.49068733715092,-8.2306924599889726],[124.49120996197018,-8.2307931642730523],[124.49151560286282,-8.2308747417758923],[124.49198733774551,-8.2309746636497607],[124.49216722823508,-8.2309822260488659],[124.49244472844157,-8.2309033510088057],[124.49305624315116,-8.2304678507106814],[124.49341263368615,-8.2300769289071241],[124.49351828873807,-8.2299827078356316],[124.49351921324114,-8.2299818831573361],[124.49352107213986,-8.2299802257068109],[124.49374644584191,-8.2299865542360635],[124.49377951661143,-8.2299958514273612],[124.49378679662345,-8.2299978982843527],[124.4939408064231,-8.230041195244894],[124.49407003990052,-8.2301358821652002],[124.49441957220552,-8.2309151950801152],[124.49455563423521,-8.2311958977724089],[124.49464471208387,-8.2313083669874914],[124.4946557431681,-8.2313222893920965],[124.49466371296,-8.2313323510071541],[124.49495561760773,-8.2314509922694583],[124.49572674309479,-8.2315225702104158],[124.49611078958128,-8.2315481019633125],[124.49616022801217,-8.2315561320098141],[124.49642527440699,-8.2315936328398607],[124.49671494693735,-8.2316023661562099],[124.49727318131238,-8.231570194708695],[124.49761394702614,-8.2314524608623287],[124.49802466470658,-8.2312290845545704],[124.49823936795258,-8.2310759138223375],[124.49845914967011,-8.230943867265637],[124.49865111805468,-8.2307563046596783],[124.49874630589738,-8.2305945696836034],[124.49884416472651,-8.2303565856878436],[124.49919957230247,-8.230186288266566],[124.49942971331063,-8.2300738199508032],[124.49960030570958,-8.2298688977314214],[124.49972152532814,-8.2295244142202932],[124.49982963373066,-8.2293238977796364],[124.499999506672,-8.2291143638367998],[124.49999974319371,-8.2291140697584524],[124.49999999410454,-8.2291137576937103],[124.50002950895475,-8.2290773036745577],[124.50010586769167,-8.2289093975506376],[124.50039471194646,-8.2275861791587772],[124.50043150860733,-8.2273930380582101],[124.50052375926418,-8.2271983672108036],[124.50067635263167,-8.2270410703890207],[124.50085911915312,-8.2269668511391956],[124.50103679011579,-8.2269017582095216],[124.50115282244485,-8.2268029451997222],[124.50124300915763,-8.2264352879581111],[124.501233258708,-8.2263145539734523],[124.50123646209306,-8.226205414048593],[124.50147207097939,-8.2258738358088408],[124.5018757280825,-8.2257611642463075],[124.50200519718214,-8.2257192108728532],[124.50217060319085,-8.2252525535624272],[124.50260771327544,-8.2244565069621558],[124.50277655559364,-8.2240271643221377],[124.50270011771636,-8.2232976792444674],[124.50268344698361,-8.2231111166846631],[124.5027307441286,-8.2228517261262368],[124.50302144638272,-8.2224054762316996],[124.50334472837653,-8.2219950544281915],[124.50356536894674,-8.2216563976245993],[124.50394953864031,-8.2213141120565751],[124.50421299323511,-8.2210793818079537],[124.50435224785804,-8.2209664260596469],[124.50444929100206,-8.2208877110989533],[124.5048065556781,-8.2208287110760807],[124.50501049403908,-8.2208573976507182],[124.50528169719269,-8.2209793349283018],[124.50550296279152,-8.2211508041662569],[124.50572930596275,-8.2214383363101433],[124.5061311806096,-8.2222497730085706],[124.50628289893666,-8.2226603351063545],[124.5064658219402,-8.2229699447071312],[124.50671988401552,-8.2232286328950295],[124.50765758822718,-8.2237196483430353],[124.50781076705334,-8.2237886326392413],[124.50793126001975,-8.2238428977315152],[124.50802149259789,-8.2239339756723666],[124.5081789162241,-8.2241142420785422],[124.50862660323526,-8.2243178036237055],[124.50880797760612,-8.2243506954281997],[124.50908472777803,-8.2242877257978648],[124.50929216540112,-8.2241949598295037],[124.50957233659415,-8.2236133979399142],[124.50973769673737,-8.2233396173294295],[124.51002824340878,-8.2230591322730788],[124.51026446293463,-8.2228753827926084],[124.51044875920297,-8.2227680559009855],[124.51058175904097,-8.2226906008904734],[124.5107663224079,-8.2225895548640437],[124.51076758685474,-8.2225888668826315],[124.5107798221311,-8.2225821642354617],[124.5109672444429,-8.2223701949284873],[124.51096958717676,-8.2223675536196765],[124.51117447342324,-8.2221358334019214],[124.51126400902683,-8.2220345697395487],[124.51134744722697,-8.2219301791344037],[124.51145002389956,-8.2217787737713479],[124.51148158740534,-8.2218309758188184],[124.51161643085368,-8.2220126631538619],[124.51165185335037,-8.2219860702009555],[124.51185574314809,-8.2218329516293807],[124.51243982134076,-8.2213943198918855],[124.51221854045332,-8.2211881170379115],[124.51229033333232,-8.2211424206861352],[124.51229500890759,-8.2211394448294755],[124.51234818132355,-8.2210913041203639],[124.51234897812287,-8.221090585562024],[124.51236232226347,-8.2210784923784672],[124.51240249318062,-8.2210534453601554],[124.51240344736129,-8.2210528509082792],[124.51293532080842,-8.2207210541333211],[124.51296544899628,-8.2206992653587463],[124.51307853964295,-8.2206174792132742],[124.51308936837972,-8.2206096479168878],[124.51365192759442,-8.2199722812957248],[124.5136608191915,-8.2199959172776857],[124.5138119880329,-8.2203978072129757],[124.513895822834,-8.2206206843970335],[124.51450258642524,-8.2203886871881195],[124.5144549970006,-8.2202935092379903],[124.51395531028936,-8.220483865138192],[124.513875264332,-8.220266597025784],[124.51374888710154,-8.2199235740137055],[124.51374710734319,-8.2199187428556684],[124.51429280516891,-8.219258945343995],[124.5144014594598,-8.219127573278854],[124.51438361331316,-8.218996702136053],[124.51444865498149,-8.2189697881251504],[124.51452149557065,-8.218939647346815],[124.51455612396603,-8.2189253175492922],[124.51457795231067,-8.2190843536599232],[124.51458847797596,-8.2191610469446914],[124.51459776437537,-8.2192287002442868],[124.51479407019031,-8.2191751618042304],[124.51478885771962,-8.2190891668315658],[124.51478217215958,-8.2189788559893486],[124.51479691744385,-8.2189803488639654],[124.51525211559272,-8.2190264463134213],[124.51526401272406,-8.2190978291014858],[124.51550195894833,-8.2191573156575259],[124.51567446960121,-8.2186933212397548],[124.51560775879113,-8.2184771952663027],[124.51561200538981,-8.2184784327334341],[124.51570677864493,-8.2185060599067015],[124.51590808738842,-8.2185647415695371],[124.51629449279665,-8.2187091322206243],[124.51630808245216,-8.2187139471908495],[124.51631390196508,-8.2187160093363332],[124.51633069680429,-8.2187219610495958],[124.51655979100167,-8.2187789340005679],[124.5165601408379,-8.2187790212348091],[124.51661318105357,-8.2187922106919018],[124.51661477735013,-8.2187926207827786],[124.51661530615149,-8.2187927565803989],[124.5166884929796,-8.218810945368773],[124.51672209344997,-8.2188187299004198],[124.5168289625866,-8.2188434918336384],[124.51679355627766,-8.2190391321501579],[124.5168133998186,-8.2190482728594816],[124.51697186845706,-8.2191211332336707],[124.51752662605304,-8.219376215140187],[124.51756688420437,-8.2193947258858202],[124.51779247824038,-8.219504069057507],[124.5182504633882,-8.21972603882557],[124.5182735049184,-8.2197372030094584],[124.51827496541739,-8.219737909876585],[124.51827803930018,-8.2197394009525624],[124.51828111857878,-8.2197408983237779],[124.51823991613924,-8.2197977885370506],[124.51819525041049,-8.2198594658416368],[124.51819350842379,-8.2198618706287903],[124.5181832588504,-8.2198760232598147],[124.5181773062377,-8.2198842106877237],[124.51797982231096,-8.2197769125743889],[124.51796188263484,-8.2197993290757267],[124.51792822820528,-8.2198413822738985],[124.51795149276722,-8.219853476356775],[124.51827188523941,-8.2200200227058531],[124.51827422527538,-8.2200163579685182],[124.51828154126019,-8.220004897008323],[124.51834224280037,-8.2199096318240095],[124.51834661890143,-8.2199120680874103],[124.51835099140521,-8.2199144980555729],[124.51837413186081,-8.2199273700520621],[124.51840586893582,-8.2199450228444562],[124.5188090556934,-8.2201693506349898],[124.51878635230833,-8.2202001317306213],[124.51872688373874,-8.2202807721398585],[124.51892816460315,-8.2204039765622383],[124.51901355613074,-8.2204464605356975],[124.51931524270435,-8.2206208822478857],[124.51949246220738,-8.2207233357133305],[124.51949677895323,-8.2207268052977724],[124.51949727088243,-8.220727200100157],[124.51950140236784,-8.2207305185984865],[124.51950310298582,-8.2207318819707211],[124.51950480630182,-8.2207332417456769],[124.51960213543032,-8.2207264608574633],[124.51961203696601,-8.2207261056252037],[124.51961433743179,-8.2207260237869377],[124.51984397841693,-8.2207177877956497],[124.52002657226853,-8.2207243663364125],[124.52045118087733,-8.2206922110766527],[124.52130465008963,-8.2205363037073766],[124.52182596189868,-8.2204659605355914],[124.52200521297027,-8.2203921172023797],[124.52230318084719,-8.2201830383165202],[124.52283302542389,-8.2198301794192048],[124.52330157131053,-8.2195673516519037],[124.52386294611813,-8.2190692576400579],[124.52437566580443,-8.2186571010443572],[124.52457710225156,-8.2185627891413446],[124.52485460335731,-8.2185294126022654],[124.52590480646177,-8.2183663511261784],[124.52652260203649,-8.2182676172566858],[124.52666444670695,-8.2182968506191401],[124.52695468131355,-8.2184809445399196],[124.52717721315787,-8.2186186793085767],[124.52741639864792,-8.2186827569036609],[124.52789832105077,-8.218674992157105],[124.5287301813529,-8.2185303047297111],[124.53021455465807,-8.218506289233801],[124.53052419663447,-8.2184599759470984],[124.53109796230115,-8.2181497880822008],[124.53115125882357,-8.2181182416634897],[124.53118782076137,-8.2181143197200299],[124.53240222838019,-8.2179713041323339],[124.53285857136609,-8.2179787568141478],[124.53320747774296,-8.2180883976614041],[124.53363657127079,-8.2184388670600015],[124.53397110288415,-8.2187974924103173],[124.5341596025836,-8.219088990564444],[124.53418455697181,-8.2191275543930828],[124.53460350884495,-8.2197900228911749],[124.53525002516858,-8.220910788601941],[124.53576919569184,-8.2215214606468408],[124.53609688436381,-8.2218268659170803],[124.53696946327022,-8.2224254303892508],[124.53737000871899,-8.2227230862014267],[124.53773949338301,-8.2228845378910478],[124.53814977399293,-8.2230323666503295],[124.53962405600544,-8.22450335084892],[124.53984792963831,-8.2245848195337317],[124.54004361941759,-8.2246067575957227],[124.54019924439967,-8.2245715392451189],[124.54083005586244,-8.2243548826716619],[124.541205149598,-8.2242639288372175],[124.54159950861049,-8.2241358833642835],[124.54185154001664,-8.2241049772628685],[124.54212346172847,-8.2239962420329107],[124.54277152488601,-8.2236552892601367],[124.54349835336643,-8.2232791172374391],[124.54372430623187,-8.2232524451441691],[124.54391485278825,-8.2233038665801246],[124.54433233696784,-8.2234403512911172],[124.54464566526531,-8.223447258084434],[124.54579761946468,-8.2233589599479728],[124.54610474333924,-8.2233201802820304],[124.54695561800747,-8.2232101023643054],[124.54718249357722,-8.2231054923245779],[124.54725704018028,-8.2229625540785491],[124.54741641623468,-8.222607788618518],[124.54751258703629,-8.2223764290289409],[124.54790660340711,-8.2217041327394895],[124.54813136916744,-8.2213520535543694],[124.54824285272548,-8.2209033053431995],[124.54822708671077,-8.2206793975361165],[124.54816029226379,-8.2205286261951187],[124.54809897828534,-8.2203902259281563],[124.547906555743,-8.2198641171352733],[124.54791628370958,-8.2196016940628738],[124.54791696179836,-8.2195833991544873],[124.54798583817592,-8.2192942743112667],[124.54814829081101,-8.218903695149379],[124.54828993133538,-8.2185949605889164],[124.54829509524257,-8.2185785245791863],[124.54839504229744,-8.218260420881677],[124.5484875564556,-8.2179659756492356],[124.54860624268406,-8.2176015847452959],[124.54861866412011,-8.2175852872312021],[124.5487856808146,-8.2173661323411125],[124.54900744643658,-8.2172661007498959],[124.54940613388601,-8.2172521171914354],[124.54964219603062,-8.2171914597180375],[124.54987274263306,-8.2170758509697066],[124.5503333690898,-8.2167596637274301],[124.55052849319543,-8.2165711631286058],[124.55061346204172,-8.2164312259203029],[124.55068718126847,-8.2163790553490799],[124.55078625867895,-8.2163188196577721],[124.55138869743053,-8.2159284770175418],[124.55166077472506,-8.2158106316553017],[124.55206125901998,-8.2156410231146992],[124.5526202910936,-8.2153853350650934],[124.5527258391262,-8.2153599993644093],[124.55337041561222,-8.2152052728050649],[124.55353936764777,-8.215084117038316],[124.55362872968215,-8.2149270675300841],[124.55374416486143,-8.2147241948656529],[124.55383167519176,-8.2145096472024193],[124.55384418566075,-8.214478973126063],[124.55395652357481,-8.2142035539508242],[124.55408860430566,-8.2140469352178229],[124.55411008731073,-8.2140214601222397],[124.55436088394765,-8.2138913821814867],[124.55471522762571,-8.2137856641770099],[124.55514732219126,-8.213748365694471],[124.55576004019372,-8.2137588832658253],[124.55662824389844,-8.2137668350713398],[124.55729046328429,-8.2139145073485906],[124.55753588377411,-8.2139719758259844],[124.55770708681268,-8.2140983665463523],[124.55839469585862,-8.214779694727099],[124.55875597780619,-8.2152956627645608],[124.55882883818037,-8.2155305539918118],[124.55884268144462,-8.2157359906234433],[124.55881835298464,-8.2161155701773509],[124.55889275929349,-8.2163280862721422],[124.55918821176658,-8.2169434761604521],[124.55929179028396,-8.2172466484140614],[124.5595418215978,-8.2177118191451086],[124.55969072684559,-8.2178236012781554],[124.55982777543159,-8.2178477103035448],[124.56003940029814,-8.2178745541672811],[124.56007725995767,-8.2180520389703702],[124.56019761892503,-8.2181890695698598],[124.56058277517502,-8.21856521011631],[124.56090682069328,-8.2190316947568363],[124.56117696264675,-8.2192853980026825],[124.56144199375308,-8.21939228782378],[124.56167958834237,-8.2194121790287795],[124.56229696213518,-8.2193870861450478],[124.56248994675366,-8.2193024923161033],[124.56262144742198,-8.2191458196238045],[124.5628720102352,-8.2188511639500348],[124.56334283770184,-8.2184875230806824],[124.56361886841614,-8.2184546627524355],[124.56388340039871,-8.2184511625910091],[124.56433082210981,-8.2184236936984689],[124.56506118132847,-8.2183690077234814],[124.56509796899616,-8.2184255912679873],[124.56510180640328,-8.2184314917199117],[124.56504488291512,-8.2184977843452316],[124.5650445564612,-8.2184981638591239],[124.56504389905672,-8.2184982088252241],[124.56504357170354,-8.2184982322075939],[124.56494693145578,-8.2185046317832757],[124.56463840014214,-8.2185351475789616],[124.56431357221368,-8.2185876787783059],[124.56406952498867,-8.218619992318736],[124.56367832169724,-8.2186875853637389],[124.56343936913163,-8.2187448982584215],[124.5633237585846,-8.2188307412456538],[124.5630834777204,-8.2191481938340303],[124.56290752536211,-8.2194632892993127],[124.56257785368507,-8.2201729596143309],[124.56226421332281,-8.2206858043063562],[124.56199455610397,-8.2212443039813934],[124.56181257199262,-8.2217500539218236],[124.56164090040727,-8.2220174286613315],[124.56147133773209,-8.222182741140557],[124.56119285276804,-8.2223787258974426],[124.56109700931961,-8.222371148209902],[124.56089457102769,-8.2224248512258669],[124.56073871312117,-8.2225710225346234],[124.56054872774166,-8.2227296008903181],[124.56041486905099,-8.2227785536872489],[124.5601897903266,-8.2228400700131488],[124.55995019564511,-8.2229583659357672],[124.55925611867497,-8.2232461786681483],[124.5589428686186,-8.223206914267621],[124.55790419662139,-8.2232255068516338],[124.55762543016954,-8.2233192845573058],[124.55762513339323,-8.2233193825833837],[124.55762453984073,-8.2233195696423991],[124.55740125976035,-8.2233644287253469],[124.55738409799778,-8.2233698579325392],[124.55704227468129,-8.2234779906167432],[124.55676541569142,-8.2236671953847349],[124.55651808684024,-8.2239286319007761],[124.55648666632669,-8.2239519297377228],[124.55635119605097,-8.2240065230825508],[124.55519744680475,-8.2242243038085121],[124.55464549419423,-8.2243368036005791],[124.55414888406381,-8.2242920704226776],[124.55381747759463,-8.2242612884276696],[124.55288096228662,-8.2242972730007295],[124.55168399342165,-8.2242495702614065],[124.55138852476068,-8.2242489919973423],[124.55124022835389,-8.2241847273432427],[124.55070063422693,-8.2239172887518066],[124.55053600882979,-8.2239254141265405],[124.55031880636784,-8.223993288659301],[124.5495461961001,-8.2243388522561531],[124.54915780588806,-8.2245845704215412],[124.5486669927875,-8.2249382270175033],[124.54845578970298,-8.2251395861229639],[124.54745985169086,-8.2261140231436229],[124.54726541466721,-8.2261672729012503],[124.54667469677986,-8.2263230543654231],[124.54646086767491,-8.2264535379003974],[124.54622921220846,-8.2266609764228633],[124.54594013412998,-8.2269133360815658],[124.54522494737353,-8.227488945358516],[124.54493099317085,-8.2279294296993726],[124.5447874784594,-8.2282084137872289],[124.54462771209933,-8.2282546641213798],[124.54372710312339,-8.2284024299281668],[124.5431400868456,-8.2285483656145288],[124.54277005629308,-8.2287440535951646],[124.54247716508917,-8.2290284138301786],[124.5423543680597,-8.2292812258478421],[124.54233610282893,-8.2298974916758425],[124.54238742983603,-8.2307077421685335],[124.54234625887284,-8.2310317256335566],[124.54234575884971,-8.2313649298475866],[124.54241754003749,-8.2316146949621611],[124.54256293073468,-8.2318020848982769],[124.54263069734884,-8.2319985391012551],[124.54266066006153,-8.2322418380903173],[124.5426764305729,-8.232369897952367],[124.54261833796602,-8.2325700582615582],[124.54260941489269,-8.2326008042836634],[124.54262541563048,-8.2327893516472272],[124.54263310303531,-8.2328050430182884],[124.54276991599886,-8.2330843040973036],[124.54285574369771,-8.2332292730125118],[124.54293924395097,-8.2337084129129039],[124.54290977496623,-8.2338642879064992],[124.54252269686503,-8.23474089937298],[124.54201654133033,-8.2358607576678082],[124.54176971340166,-8.2367334139158856],[124.5416573062397,-8.2373415237922245],[124.5416076465757,-8.2375432255393548],[124.54155463423899,-8.23775855471348],[124.54138744577403,-8.2380832891124669],[124.54097858699231,-8.2385376481938692],[124.54079872797899,-8.2386690382454617],[124.54043964937034,-8.2388723515776974],[124.54030443090483,-8.2389378051355493],[124.53940250981805,-8.2394091479138183],[124.53914550875834,-8.2394383659877803],[124.53877857187365,-8.2394369126833453],[124.53855857072153,-8.2393823193385174],[124.53833652541039,-8.2392503042580643],[124.53756129092085,-8.238711148100947],[124.53723732184494,-8.2386282575879477],[124.53674499338683,-8.2385657259274581],[124.53600246184419,-8.2385163666369863],[124.53572074381736,-8.2384752100628589],[124.53544432099864,-8.2385273203794895],[124.53514679109162,-8.2386414758233855],[124.53498147771313,-8.2387424139312202],[124.53480569622593,-8.2389252730828275],[124.53460757108257,-8.2392265387737211],[124.53446502404165,-8.2394044291710316],[124.5343374471156,-8.2395419454044259],[124.53423377506874,-8.239723881851603],[124.53404496240512,-8.2403535232963918],[124.53391027364023,-8.2404534127946931],[124.53363630597084,-8.2405334128866343],[124.53359349374477,-8.2405379760467099],[124.53325282066123,-8.2405415850261079],[124.5324740869097,-8.2405051013292905],[124.53243796294169,-8.2405034133018376],[124.53241399331125,-8.240500976139117],[124.53188630620809,-8.2404472884115876],[124.53165752497489,-8.2403884916355423],[124.53161789994624,-8.2403702731695034],[124.53125230574938,-8.2404101796860232],[124.53102219711673,-8.2404725863407293],[124.53077041572215,-8.2405999132553234],[124.53052849269579,-8.2407931478854266],[124.52996404130749,-8.2413407423812828],[124.52974318130282,-8.2413894289788914],[124.52971174280276,-8.2413862255937715],[124.52958393115352,-8.2414019916085977],[124.52945369583142,-8.2414771479519686],[124.52916980594182,-8.2416762731414224],[124.52866053965226,-8.2420189912833735],[124.52811074361603,-8.2421784437801193],[124.52809163212316,-8.2421816318767469],[124.52762068144932,-8.2422601948520651],[124.52737018068933,-8.2423545067550208],[124.52716578996933,-8.2425004919041385],[124.52707972844678,-8.2426279132475315],[124.52677282130867,-8.2432445702806376],[124.52661068073837,-8.243463491347029],[124.52624461799473,-8.2437707573145644],[124.52594571212501,-8.243984179925917],[124.52557263377014,-8.2443988977908589],[124.52534815039689,-8.2447664758921064],[124.52511569633236,-8.2452017729434033],[124.52490946200214,-8.2455719923535185],[124.52479305645443,-8.2458457261992635],[124.5247033688654,-8.2462278661230926],[124.52463539900452,-8.2466111328974421],[124.52439693117344,-8.2468478200707978],[124.5232028221526,-8.247885570262838],[124.5224173371904,-8.2482244608901283],[124.52229136825213,-8.2482087263516064],[124.52220663412891,-8.2481182572517469],[124.5220270242279,-8.2478764916067462],[124.52185213396888,-8.2477407569303409],[124.52164804092445,-8.2476729606385675],[124.52105308723026,-8.2474815390417575],[124.52017014903322,-8.2469027263796875],[124.51976333710843,-8.2465468673440228],[124.51949121214977,-8.24641413280591],[124.5191739619089,-8.2463492566128593],[124.51888869695586,-8.2463511478871396],[124.51858221339853,-8.2464368200031686],[124.51795141632488,-8.2467696483005852],[124.51771940023025,-8.2469449711334732],[124.51750292891711,-8.2471085479211297],[124.51745085277469,-8.2471478986565785],[124.5172926971004,-8.2472096173299292],[124.51712357239501,-8.2472664607785191],[124.51702905904392,-8.2473050956535872],[124.51638043111211,-8.2475702409738005],[124.51574235312717,-8.2477528519125372],[124.51538558667551,-8.2479285857356217],[124.51497738439889,-8.2482112255675588],[124.51479971163747,-8.2483490080002753],[124.51460933685144,-8.2486013047064262],[124.51444893107339,-8.2487661315516903],[124.51435708780946,-8.2487967102998709],[124.51391275976607,-8.2489704287422683],[124.51339608666012,-8.2493583818837806],[124.51309086934816,-8.2497277730182645],[124.51299798197135,-8.2499165982723639],[124.51299696933472,-8.2499186577198316],[124.51299389994858,-8.2499248981155233],[124.51296930618855,-8.2499999924056624],[124.51296924413532,-8.2500002253300977],[124.51296920906179,-8.2500003413426271],[124.51296917308889,-8.250000455556517],[124.51296872882381,-8.2500018126335135],[124.51296813167403,-8.2500036373579064],[124.5129670380984,-8.250006981037302],[124.51280094590697,-8.2505145539034856],[124.51282266633302,-8.2511488979032492],[124.5126452426839,-8.2518149448038116],[124.51272157174321,-8.2522488047384854],[124.51283122787891,-8.2528564136924842],[124.51281046163353,-8.2532909607092506],[124.51276311772381,-8.2534605863369279],[124.51271983695096,-8.2535569450968751],[124.51260463379685,-8.2537494144038988],[124.51250366511215,-8.2537960550438356],[124.51213491519422,-8.2539663048010539],[124.51197921197115,-8.2540961318309769],[124.5118234781711,-8.254178616749698],[124.51132338406694,-8.2544649141244122],[124.5112723223599,-8.2544454761777502],[124.51100004001989,-8.254466117417337],[124.5108567123674,-8.2545234905666121],[124.51066696171097,-8.2547352107613392],[124.51044758738635,-8.2551071172995876],[124.51030908729456,-8.2553321798361594],[124.51011213396782,-8.2554802577076885],[124.50985532176571,-8.2555668822058124],[124.50962963420034,-8.2556416626325699],[124.50902766579418,-8.2558618832192678],[124.50876080636624,-8.2561530081547403],[124.50852990543081,-8.2564017138679446],[124.5084381934679,-8.2565004989987756],[124.5082648293585,-8.2563567387724106],[124.50844640158027,-8.2561308893290288],[124.50842284383918,-8.2560972340000944],[124.5083838015712,-8.2560414598454486],[124.50732494159286,-8.2570348851517679],[124.50741417142694,-8.2571300631018971],[124.50765806576715,-8.256921861054991],[124.50770748081561,-8.2569691276231083],[124.5079084631052,-8.2571613712002545],[124.50806852264429,-8.2573144717853779],[124.50774496905512,-8.257732225761572],[124.50759858011043,-8.2579212335780312],[124.50774764903485,-8.2580208038169758],[124.50775133985246,-8.2580413533257229],[124.50775272300984,-8.2580490488244891],[124.50783683660075,-8.2585173051294873],[124.50780524431661,-8.2587896953880886],[124.50769396220664,-8.2590463825844154],[124.50723688537403,-8.259553756700484],[124.50692797814372,-8.259799725776702],[124.50668628984045,-8.2599119144032898],[124.5064278534627,-8.2599398671310951],[124.50621202426555,-8.2598716643457806],[124.506034415356,-8.2597129447964903],[124.5059842907425,-8.2596426160138776],[124.50594182205748,-8.2595467410891956],[124.50571263523,-8.2593034286102807],[124.50543024361093,-8.2591148039050495],[124.50537982671767,-8.2591048538059226],[124.5048009780827,-8.2589906174230237],[124.50451499367205,-8.2589382256185786],[124.50414043143587,-8.2587608829083479],[124.50396518144805,-8.2586302878574429],[124.50383947780972,-8.2583981161800466],[124.50378463445338,-8.2581482098719334],[124.50356399388329,-8.2575309772727223],[124.50309780601901,-8.2568936790000294],[124.50253247779165,-8.256261773062306],[124.50108466462564,-8.2546342106002726],[124.50084121275188,-8.2544186476024493],[124.50050321335266,-8.2541317108097587],[124.4999999923059,-8.2535891183430863],[124.49999993295057,-8.2535890526925755],[124.49999989967569,-8.2535890167196726],[124.49965082242761,-8.2532125704037753],[124.49928194660458,-8.2529375226484945],[124.49916061906742,-8.2528962257801481],[124.4981122442847,-8.2526576788087596],[124.49770363461516,-8.2526434596279046],[124.49740661822091,-8.2527259436473628],[124.49712988513613,-8.2528018203476563],[124.49655350873752,-8.2529144595346224],[124.49599196305871,-8.2530273037669986],[124.49558691560378,-8.2530428359580696],[124.49533889967051,-8.2529751170080203],[124.49531165021256,-8.252967678715379],[124.49485935327664,-8.2529001791998553],[124.49457471335245,-8.2529837882711377],[124.49430218100088,-8.2531410230397455],[124.49411652495769,-8.253243507082118],[124.49396118146342,-8.2532350858305108],[124.49355538487316,-8.25317172589439],[124.49337694678877,-8.253209147584073],[124.49314632104597,-8.2533240071971363],[124.49295619717077,-8.2534196788750478],[124.49214044732389,-8.2536978202981004],[124.49204569745109,-8.2537075392714883],[124.49201061939459,-8.2537104449809817],[124.4917681972446,-8.2537896167973486],[124.49150146192301,-8.2538340082328432],[124.49127552524533,-8.2538053819127981],[124.49101529022357,-8.2537038196754793],[124.49083889989538,-8.25355621035078],[124.49037869701931,-8.2531241940262703],[124.49012471228571,-8.2529651642109343],[124.48989207116222,-8.2528451478852389],[124.48978915004932,-8.2527920393210934],[124.48948994740317,-8.2527232420839027],[124.48930671323433,-8.2527599128396787],[124.48904164975238,-8.2528676012587425],[124.48898458776853,-8.2529051641419642],[124.48873335316182,-8.2530705386743648],[124.48840822845705,-8.2534170699418041],[124.48806339960629,-8.2537666643000875],[124.48781236914556,-8.2539432416871819],[124.48753688431987,-8.2540390383708768],[124.4867615248246,-8.2542233202499915],[124.48628135340175,-8.2542934763628182],[124.48588050937803,-8.2542760232198589],[124.48472430588208,-8.2541865856423442],[124.4834920557139,-8.2541221321306466],[124.48292788401466,-8.2540143519806861],[124.48250322774186,-8.2539681007472154],[124.48205107110016,-8.2539815069409315],[124.48063171158424,-8.2541534447256595],[124.4799153521119,-8.254233866599634],[124.47849643146515,-8.2543821477178767],[124.47709272824693,-8.2546700243021291],[124.47662519589619,-8.2546692418919747],[124.47630774420713,-8.2546038827629218],[124.47579739963032,-8.254494600745204],[124.47546297773431,-8.2545451786170361],[124.47517711922876,-8.2546469144235175],[124.4746154314571,-8.254892647877341],[124.4742577126234,-8.2550983201313102],[124.47387129012805,-8.2552887569705149],[124.47321347831939,-8.2556278670323877],[124.47202947767835,-8.2563617731772183],[124.47052658823156,-8.2568831479388791],[124.47036907197514,-8.2569253351360885],[124.4698930086555,-8.2570528203313529],[124.46959047761845,-8.2572004449445444],[124.46934639981657,-8.2573918053874422],[124.46918666493275,-8.2575845543836408],[124.46903636933303,-8.2579128348094173],[124.46872493141052,-8.2584695538267852],[124.46850413525772,-8.2587183197945819],[124.46843675894934,-8.2587711171932483],[124.46837832190215,-8.2588067888021897],[124.46770140039939,-8.2591620380975428],[124.46748485174453,-8.2593102112971906],[124.4672218989715,-8.2595254442438204],[124.46604935299536,-8.2601874918591989],[124.46566586858501,-8.2603431006535288],[124.46525222810794,-8.2605715392451202],[124.46515954038057,-8.2606563039452112],[124.46465630584385,-8.2612157730894182],[124.46436622771932,-8.2614137408514239],[124.46414266525187,-8.2615986792355898],[124.46369618063432,-8.2619597417486261],[124.46322546198553,-8.2620366328842465],[124.46304066569428,-8.2621724449023759],[124.46267333940318,-8.262566632144285],[124.4624562907253,-8.2628700067453451],[124.4622422592729,-8.2631982727820059],[124.46197274414692,-8.2634952729883935],[124.46137625890731,-8.26403886640054],[124.46088460314195,-8.2643342568204616],[124.46058974332209,-8.2645314907356351],[124.46022188373297,-8.2648192567032766],[124.46011489858381,-8.2649029611027345],[124.45992080600047,-8.2649756631962532],[124.45968396234503,-8.2650953036053352],[124.45953208843514,-8.2652734449135323],[124.45907868083657,-8.2659072106492317],[124.45882752537011,-8.2661752257060357],[124.45848705643255,-8.2663786793325471],[124.45821274432274,-8.2664655376543692],[124.45786929143469,-8.2664853982824411],[124.45741968077368,-8.2664062111776389],[124.45704329021578,-8.2663753977063834],[124.45676383668183,-8.2664518202952308],[124.45645139961243,-8.2665217263964905],[124.45549444631172,-8.2667284913267736],[124.45502510272638,-8.2668865543709558],[124.45496143072546,-8.2669185702357595],[124.4549214162904,-8.2669424769137549],[124.45465199379453,-8.2671671941106979],[124.4543160250646,-8.2675195538842559],[124.45413071166308,-8.2678563356013797],[124.45409404000804,-8.2679910225675712],[124.45404808734941,-8.2681598828722258],[124.45389624401651,-8.2689466475696918],[124.453766728152,-8.2691207410293259],[124.45345863390889,-8.2693831479139135],[124.45299913430267,-8.2697219126361006],[124.45248779057908,-8.2700445848896607],[124.45205568072515,-8.2702456157425104],[124.45150532171328,-8.2703949292825314],[124.45128641593544,-8.2703468668144069],[124.45109191595918,-8.2702420229509244],[124.45091979021618,-8.2700906625539687],[124.45068191503844,-8.2698886802183438],[124.45045157078346,-8.2698803830732004],[124.44994291513353,-8.2699485229059633],[124.44958238411982,-8.270053366769389],[124.44940122828416,-8.2700940700852357],[124.44931538439755,-8.2700106480729119],[124.44909596240882,-8.2698529600460233],[124.44888616496462,-8.2697866944003522],[124.44809382177255,-8.26971433494856],[124.44780758735033,-8.2697544141348658],[124.44755702543648,-8.2698739286388445],[124.44733097724281,-8.2700591332223894],[124.4468753366275,-8.2703985067856252],[124.44647550883769,-8.2707452260113428],[124.4461376650213,-8.2711612568864439],[124.44575513389236,-8.2716917255926319],[124.44555447805681,-8.2719779762026064],[124.44535877478768,-8.2721451952444909],[124.4449860867386,-8.2723148199729053],[124.44473733695861,-8.27261333463764],[124.44459954013678,-8.2728212111299513],[124.44446186921994,-8.273003538782234],[124.44430307232903,-8.2732529612551389],[124.44416388425589,-8.2735885540684535],[124.44408407212234,-8.2738964135885453],[124.44407830746798,-8.2740183319804146],[124.44406777460813,-8.2742410850580086],[124.44416211798739,-8.2749712886939619],[124.44427193060517,-8.2755925070885041],[124.44436668137735,-8.2762586169415613],[124.44440635317073,-8.2770353353124051],[124.44422286809095,-8.2782449135718821],[124.44416682144174,-8.2783506396702364],[124.44408302531144,-8.2785087108082962],[124.44364410309299,-8.279007133072696],[124.44297297772084,-8.279773663923379],[124.44273432103216,-8.2801945232586149],[124.44266721182248,-8.2805712411698096],[124.4425519628029,-8.2811563823611323],[124.44242500910696,-8.2814466160684219],[124.44228391537047,-8.2816249129593302],[124.44174829085102,-8.2820397891049424],[124.44126143117012,-8.2823249290522085],[124.44042178993368,-8.2827038979664849],[124.44012925935795,-8.2827496320898035],[124.43961427427939,-8.2828139767835296],[124.43809377520768,-8.2834877569544005],[124.43776361789674,-8.2835521169366189],[124.43750080631719,-8.2836384761347404],[124.43724891610464,-8.2837880225991398],[124.43687880641187,-8.2842510547423558],[124.4363573210336,-8.2851118039665153],[124.43571440019946,-8.2858550846443677],[124.43515102529966,-8.2863411628143808],[124.43475658714681,-8.2866318192030235],[124.43397918079461,-8.2870799288955368],[124.43341213396286,-8.2871901480068573],[124.43280830575873,-8.2872974919856119],[124.4325850724432,-8.2874683505838789],[124.4324476191623,-8.2876487725727657],[124.43240065026987,-8.2878195862048756],[124.43242627375355,-8.2879597257606861],[124.43244669645799,-8.288203490598562],[124.43238702464157,-8.2883478830483455],[124.43207025913523,-8.2887161491309485],[124.43154980527936,-8.2891816319267377],[124.43122191515931,-8.2893209288177445],[124.43070514942315,-8.2895343505298342],[124.43032447719293,-8.2898550226910857],[124.43001155628838,-8.290107912949793],[124.42945519610043,-8.2904382420312004],[124.42941227145923,-8.2904589507199375],[124.42894972764782,-8.2906821012978753],[124.42858992958168,-8.2909315228714604],[124.42832569617406,-8.2910274760371294],[124.42827258131467,-8.2910272404147918],[124.42794635314169,-8.2910257889089962],[124.42770686907681,-8.2909273671042456],[124.42758256118634,-8.2908794305412243],[124.42749095804129,-8.2908441060706082],[124.42741943046246,-8.2908165229641213],[124.42718457161072,-8.290772975992013],[124.42663205602457,-8.2909949763370605],[124.42633066622727,-8.2912596009497861],[124.42626774965697,-8.2913559812934636],[124.42620128975773,-8.291457789045694],[124.42614130407799,-8.2915826967839621],[124.42591574421624,-8.2920523830110255],[124.4256795094019,-8.2925448202871621],[124.42522307108788,-8.2928245544096058],[124.42457110307396,-8.2930938042356388],[124.42410791624741,-8.2931700073899037],[124.42369900890219,-8.2931584762825992],[124.42320350943453,-8.293046445037362],[124.42273863368109,-8.2928597259955268],[124.42241188390142,-8.2927205388217544],[124.42237121206188,-8.2927126787470797],[124.42194260326858,-8.2926298197103847],[124.42128986813293,-8.2926281172937593],[124.42077232088593,-8.2925622725308017],[124.41992055588901,-8.2923120541579465],[124.41974797778698,-8.2921831786107418],[124.41962609626739,-8.2920921636223852],[124.41926277465734,-8.2918208516509253],[124.4189986320813,-8.2916050332456166],[124.41890500995828,-8.2915285387110202],[124.41814546234332,-8.2914413350495124],[124.41784797830167,-8.2914624448359291],[124.41758039761737,-8.2915080305710944],[124.41690422704846,-8.2916232256313265],[124.4164834468537,-8.2915058200375142],[124.41640571215396,-8.2914841319870334],[124.41639906976127,-8.2914820581503932],[124.41557424305688,-8.2912245228933443],[124.41527702521455,-8.291307461070403],[124.41476164893106,-8.2915023360638997],[124.4141685712226,-8.2918474607916437],[124.41336788412059,-8.2924004296360749],[124.41313604878974,-8.2925738378123128],[124.4128466874248,-8.2927902740518675],[124.4127260712512,-8.2928804922408972],[124.41169594731014,-8.2937747106343522],[124.41139658728275,-8.2940181481189938],[124.4110699148448,-8.2942199757712274],[124.41088614917646,-8.2942375233429857],[124.41037575873429,-8.2942567571435575],[124.40984258666606,-8.2943707570047991],[124.40959202475221,-8.2944967574193811],[124.40938690018538,-8.2947246950885756],[124.40909517000614,-8.2950161437799466],[124.40873891616809,-8.2953720540770064],[124.40829193062814,-8.2957882108572107],[124.40825310959337,-8.2958359837435864],[124.40793932084307,-8.2962221328451164],[124.40757257191672,-8.2968079287428509],[124.40739055632912,-8.2972367263937485],[124.40733902517593,-8.2975458989240565],[124.40737239991643,-8.29784552335218],[124.40752430620182,-8.2983648827330967],[124.40753399100095,-8.2984197359820087],[124.40759419611527,-8.2987607274255879],[124.40757923499382,-8.298988770315475],[124.40752271170379,-8.2998502893593127],[124.40712847769714,-8.3006940539873426],[124.40700471389653,-8.3010622157486296],[124.40676921832483,-8.3017627435557415],[124.40670405524804,-8.3019565852281971],[124.4065538891507,-8.3024032955755729],[124.40642360346658,-8.3027908674045534],[124.40626389915963,-8.3029993203622894],[124.40609705603435,-8.303306601618317],[124.4060000407693,-8.3037422422106602],[124.40564252518243,-8.3053714450360872],[124.40558766473896,-8.3061678981299565],[124.40553493119216,-8.3066920239177193],[124.405447041348,-8.3068986953184663],[124.40520997825797,-8.3075133036959414],[124.40504194712821,-8.3078364921603338],[124.40488574388201,-8.3081297421937848],[124.40483711843831,-8.3083150376088497],[124.4047165868011,-8.3090794919249902],[124.40469314956931,-8.3092868351192806],[124.40475841606815,-8.3096234441665615],[124.40495758802228,-8.3102746315689728],[124.4052376485987,-8.3112387272853994],[124.40536454114067,-8.3118256788119993],[124.40559579011369,-8.3128777111373893],[124.40570383736224,-8.31330133498858],[124.4057759459032,-8.3134295540306198],[124.40573891541862,-8.3136719599929165],[124.40546811875879,-8.3152202732969158],[124.40546338382819,-8.3157548042407825],[124.40542282170588,-8.3159889921981858],[124.40528961862105,-8.3163219760783136],[124.40516283759496,-8.3166404449005427],[124.4051207897927,-8.3169007572640794],[124.40490104045068,-8.3180523355467813],[124.40479575861741,-8.31833158493464],[124.40453643101159,-8.3188209923948193],[124.4043372122926,-8.3190058507393587],[124.40337219567039,-8.3197704921144577],[124.4027923370968,-8.3201668512191418],[124.40256093074242,-8.3203657407862579],[124.40144999282302,-8.3214199908398427],[124.40130546277692,-8.3216794605386326],[124.40115552510747,-8.3221116477342889],[124.40100711898344,-8.3226497570805691],[124.40091733786494,-8.3228912583248871],[124.40073822798695,-8.3233307255325144],[124.40065541571494,-8.3236728357327365],[124.40048219729567,-8.3249462730520349],[124.40041933738257,-8.3257116167976051],[124.40031669685811,-8.3261103510118346],[124.40011789992116,-8.3265169605892311],[124.39991958771884,-8.326776492341196],[124.39957668071929,-8.3270902568098677],[124.39928793089337,-8.3272748984177838],[124.39881853964391,-8.3274818665948374],[124.39857721196881,-8.327533554230115],[124.39827605599521,-8.3275146486820404],[124.39803174436952,-8.3275018036652568],[124.39772194681041,-8.327555069610753],[124.39748310306277,-8.3276507727649118],[124.39735957128721,-8.3277782579601762],[124.39731697759646,-8.3279263349323855],[124.3972814309933,-8.3282645231891479],[124.39719366525549,-8.3287183822474731],[124.39706214929879,-8.3290223351126542],[124.39686450889008,-8.3293491163685758],[124.39682106623923,-8.3294408876867578],[124.39675796171059,-8.3295741950929596],[124.39618838418664,-8.330983585623926],[124.39588157057813,-8.3313304451438626],[124.39554919643831,-8.3315780078187345],[124.3948808526693,-8.331932865908982],[124.39482333832643,-8.3319497875526167],[124.39397932098893,-8.3321635698927707],[124.39370699368283,-8.3322627111551242],[124.39342552476819,-8.332325209540727],[124.39228640029717,-8.3326114916270058],[124.39169021183386,-8.3328135863778812],[124.39143232134461,-8.3329639296416076],[124.39124749267773,-8.3331624136144455],[124.39109672763198,-8.3334049922465283],[124.39103897766677,-8.3336313201292569],[124.39103419687081,-8.3338345696096781],[124.39100922809348,-8.334193569077911],[124.39071404002095,-8.3354249127294793],[124.39055407221269,-8.3356660065808796],[124.39050363373576,-8.3358062261763735],[124.39049649401807,-8.3358652423870012],[124.39036822821117,-8.3361393035859237],[124.39022182217946,-8.3365594758390671],[124.3901174153865,-8.3369110541017903],[124.39002718100971,-8.3370107097763935],[124.38980883730801,-8.3370873976652433],[124.38956025929861,-8.3372070542620804],[124.38954385296654,-8.3372980233850171],[124.38948000919515,-8.3374943040188896],[124.38919558690691,-8.3380007734169226],[124.38901400928921,-8.3385321639281642],[124.38893683666572,-8.3387778038525084],[124.38884493134856,-8.3388865228946543],[124.38874671279063,-8.3389125070065688],[124.38863853963699,-8.3389579767292048],[124.38863408799284,-8.3390334442379981],[124.38860049381776,-8.3393556632332206],[124.38846344613114,-8.3395605072116155],[124.38827619738868,-8.3397176007866278],[124.38817757233721,-8.3397124440739958],[124.38802979124193,-8.3397417412882646],[124.38779163367701,-8.3399497886517793],[124.38708290045554,-8.3407211785395248],[124.38623885164179,-8.3413407565706166],[124.38599905641138,-8.3416174608770461],[124.38575722781388,-8.3419739125659476],[124.38551732196686,-8.3421532418785773],[124.38515346346162,-8.3423245852113723],[124.38447510304366,-8.3425463508334019],[124.38417655600335,-8.3426232419690223],[124.38344852512944,-8.3428886948573222],[124.38318863364861,-8.3430595390664166],[124.38287360293452,-8.3434246323408843],[124.3820945867958,-8.3444399291593641],[124.38201333844484,-8.3444984129713475],[124.38174016487676,-8.3447548672432958],[124.3815203058175,-8.3451035703734533],[124.38151343139975,-8.3454098821603111],[124.38147457169418,-8.3454234916007977],[124.38139135292863,-8.3455194285787115],[124.38096933706527,-8.3460343507046559],[124.38064716573422,-8.3463164293596606],[124.37998908772624,-8.34685535079376],[124.37953619723783,-8.3472712260861499],[124.37921952526096,-8.3475433348569936],[124.37902580589628,-8.3477906322318631],[124.37872268130673,-8.3482859131643181],[124.37864710318138,-8.3484560711906965],[124.37853032171699,-8.3485581316523962],[124.37818299365028,-8.3488134608724636],[124.37727110178002,-8.3497365376110793],[124.37705230571942,-8.3499823196282819],[124.37678263411135,-8.3503924914202798],[124.37654411861627,-8.3506996953346402],[124.37600608841035,-8.3513169135446788],[124.37584947777123,-8.3516504918766259],[124.37564700890243,-8.3520220863501322],[124.37525718067445,-8.352427085241743],[124.37506986808,-8.3524974760775876],[124.3750000249313,-8.3526305802370189],[124.3750000096428,-8.352630615310602],[124.37499985226145,-8.3526309129861716],[124.37499952310952,-8.3526315371157125],[124.37498821233623,-8.3526531010597296],[124.3748883534148,-8.352829960833958],[124.37473404144293,-8.352939397535124],[124.37445802511786,-8.3531402566175075],[124.37403730607684,-8.3534984448972409],[124.37319227520345,-8.354097101100308],[124.37288685284602,-8.354208225828927],[124.37244425869562,-8.3543776625990063],[124.37191899346681,-8.3545703513406124],[124.37113993146272,-8.354820522948728],[124.37086733705803,-8.3550174762754637],[124.3706103063206,-8.3552981627799454],[124.37053583795864,-8.3554828349647892],[124.37048203961444,-8.3558204755344718],[124.3703319157853,-8.3561099762943059],[124.37008204005417,-8.3566344285359833],[124.37013215027855,-8.3568043977047637],[124.37023911834069,-8.3571651949177408],[124.37023739973631,-8.3573074595715298],[124.37017444629373,-8.3574723196917375],[124.37000769579856,-8.3576640848295938],[124.36981688394212,-8.3578526789578973],[124.36980832239624,-8.3581343043546212],[124.36979347818658,-8.3584749603510886],[124.36967279096655,-8.3588971174079916],[124.36975146186057,-8.3590681477767248],[124.37001838424112,-8.3595682113038379],[124.37039569570481,-8.36023696066718],[124.37044450910685,-8.3606160078224434],[124.37048391560029,-8.3615752418039051],[124.37044928990292,-8.3622216798865452],[124.37037584317068,-8.3624571430826222],[124.37035049308088,-8.3625384130173188],[124.3702242750303,-8.3630094599186009],[124.36999580586178,-8.3638068671931478],[124.36970928995186,-8.3645949916655127],[124.36948878967598,-8.3651712565481944],[124.36926858707568,-8.3656076489737643],[124.36905424445786,-8.3658844602995828],[124.36843383725181,-8.3666750695987275],[124.36794502514283,-8.3673006011417783],[124.36780008680466,-8.3673567422198403],[124.36759644701851,-8.3673681006572451],[124.36733299332309,-8.3674015068739891],[124.36644943099645,-8.3676526947160141],[124.36628155544952,-8.3677873043405953],[124.36620994693158,-8.3679352095422246],[124.36619603981546,-8.3681495539586876],[124.36618244746205,-8.3689765543244903],[124.36607453960835,-8.3692061476455706],[124.36595924292476,-8.3692581788218376],[124.36570828980575,-8.3693409758053576],[124.36559116569981,-8.3695226478518521],[124.36558202499054,-8.3696648981165254],[124.36560302505961,-8.370145008385407],[124.3654356971997,-8.3708312729448267],[124.36530650868849,-8.3710961637569312],[124.36514682236805,-8.3712515702037535],[124.36492882220739,-8.3714910695571803],[124.36441010314377,-8.3720472570752236],[124.3639336027536,-8.3724711633134916],[124.36379988435726,-8.372600007384392],[124.36365468071904,-8.3727399140157672],[124.36359525981345,-8.3728039916108514],[124.36355900904107,-8.3728374913570747],[124.36331824344222,-8.3730538196779776],[124.363138540911,-8.3732152875554107],[124.36184661802702,-8.3740410702391728],[124.3615616192734,-8.3741394129035598],[124.3613824617313,-8.3743166953591412],[124.36121868079749,-8.3745234755779165],[124.36098644616766,-8.3747008200867299],[124.36089874428171,-8.3746989755771892],[124.36072285307728,-8.3746934132703359],[124.36064793145692,-8.3747768820473993],[124.36050858780118,-8.3750000065450081],[124.36050843131909,-8.3750002565565751],[124.36050827483712,-8.3750005065680853],[124.36050732515298,-8.3750020282209903],[124.36003061881809,-8.3757653359014625],[124.35986212543685,-8.3760614026115832],[124.35985735273471,-8.3760697878903443],[124.35967130638574,-8.3763581635982973],[124.35899693086378,-8.3773200236001344],[124.35865033664379,-8.3776858507213774],[124.35830743144288,-8.3778996159744565],[124.35806241564808,-8.3779922416485988],[124.35781904111593,-8.3779996628541085],[124.35771025912118,-8.3779420846594235],[124.35762274339493,-8.3775834611078039],[124.35754658700546,-8.3774364759125888],[124.35744689985461,-8.3773638358723019],[124.35734827480314,-8.3773938210679262],[124.35722077521871,-8.3775063199606734],[124.35656230600569,-8.3781213195431974],[124.35647921224586,-8.3781098352006893],[124.3562028838561,-8.3780847890816972],[124.35586936937591,-8.3780497568907322],[124.35567557087097,-8.3779689923750311],[124.35556072834504,-8.3779465695784552],[124.35533974333453,-8.378030648095887],[124.35517989963273,-8.3781443979455616],[124.35511769712411,-8.3782761009612159],[124.35513557204911,-8.378410382333243],[124.35515557117276,-8.3786866639583195],[124.35510957085012,-8.3788275238711094],[124.35499897762077,-8.3789783671578562],[124.35477555634691,-8.3791305702196155],[124.35457632144016,-8.3792639756518952],[124.3544073999816,-8.3794523197686885],[124.35427402512619,-8.3797369453037618],[124.35394122560717,-8.3802595854114657],[124.35394061946408,-8.3802605395922001],[124.35393941527184,-8.3802624290677841],[124.35393098412771,-8.3802685039882476],[124.35343708725179,-8.3806243980974386],[124.35335910703725,-8.3806152223145887],[124.35331068124299,-8.3806095233107953],[124.35322377525711,-8.3805116482938615],[124.35312099443843,-8.3803943353302657],[124.35303325927759,-8.3803944297590647],[124.35289296234043,-8.3805131483630362],[124.35279155568583,-8.3806845231721354],[124.35257299344892,-8.3810087107833056],[124.35245169558937,-8.3810932884244949],[124.35217394716994,-8.3812816316419116],[124.35180349393613,-8.3815041481978483],[124.35156371219557,-8.3815924292471777],[124.35144127489502,-8.3813629600325612],[124.35137413420898,-8.3813520701418724],[124.35114330611873,-8.3814982099743816],[124.35102410278023,-8.3816668508444536],[124.35081560305775,-8.3819618815355739],[124.35065096327139,-8.382081414026004],[124.35039668086222,-8.3823023513723456],[124.35011160296813,-8.3826390701369178],[124.34985922802105,-8.383226882314716],[124.3498824772945,-8.3834213040498753],[124.34994580575437,-8.3835438043030877],[124.35025918081658,-8.3839245547743531],[124.3501666972353,-8.3840343512043205],[124.35004136771499,-8.3840855541050132],[124.34988572834379,-8.3840202732170042],[124.34975868111826,-8.3838801633388016],[124.3496227440944,-8.3837746638695876],[124.34950922806843,-8.3838004141577471],[124.34938521245761,-8.3839227876065365],[124.3493505876595,-8.3840449290302104],[124.34938743108512,-8.3842196951827646],[124.34946013407796,-8.3844281949052402],[124.34940594722673,-8.3845743824017518],[124.34927261913617,-8.3847173359362728],[124.34896708706151,-8.3850441477691788],[124.34884693673678,-8.3852613331439443],[124.34882943143316,-8.3852929757901506],[124.34878755630075,-8.3854884920002632],[124.34878776044684,-8.3854922268847076],[124.34878796189503,-8.3854959446820772],[124.34883719617972,-8.3856635387412553],[124.34884451486255,-8.385694146267781],[124.34894622818592,-8.3861195228976158],[124.34895427442029,-8.3863543511723151],[124.34885290014131,-8.3867811478316412],[124.34870066470398,-8.3868857263951213],[124.34853940007326,-8.3869110234249433],[124.34852496865244,-8.3869145469687396],[124.34823193085901,-8.3869861168158195],[124.3481231029989,-8.3871243668959892],[124.34808246173623,-8.3872974755979612],[124.34799339917606,-8.3876113983473033],[124.34785974373222,-8.3877946010399569],[124.34741780608692,-8.3882714755480947],[124.34729072828452,-8.3884086086703178],[124.34705821216687,-8.3886595231184629],[124.34699127472766,-8.3888456638962339],[124.3469506541494,-8.388959109775044],[124.34685707159667,-8.3892204608555403],[124.34665177525926,-8.3895659758890133],[124.34647925921047,-8.3897057260383576],[124.34616871521405,-8.3899588546174186],[124.34566261813541,-8.3903713817338144],[124.34487494692132,-8.3911875542621601],[124.34440238376305,-8.3916476788972432],[124.34424811765655,-8.3917382568150742],[124.34411858740293,-8.3918143052858909],[124.3438679679324,-8.3918997112026545],[124.34380469702921,-8.3919212733480322],[124.34362888406577,-8.3919155545591479],[124.34329493071652,-8.3918866008858686],[124.34306166636293,-8.3918559304067912],[124.34296624379715,-8.391801835286401],[124.34287125920127,-8.3916645852523857],[124.34278893975784,-8.3915731116097732],[124.34273032194687,-8.3915079764119582],[124.34258214964655,-8.391447726331478],[124.34225297799264,-8.391435461377398],[124.34201368098661,-8.3914798348264412],[124.34189207106226,-8.3915467659704177],[124.34186105524361,-8.3915638360022058],[124.34182224320205,-8.3916650232221741],[124.34184861761969,-8.3917760391328784],[124.34194505641926,-8.3919157892822227],[124.3421260872492,-8.392191148202869],[124.3421435871569,-8.3923089917665266],[124.34215520100179,-8.392526368696906],[124.34217213433658,-8.3928432888866382],[124.34215266581293,-8.3932915847387903],[124.34213318110153,-8.3935895229381003],[124.34216014817241,-8.3937710537910561],[124.34216132178767,-8.3937789597311507],[124.34215554814011,-8.3938283810748544],[124.34214922680542,-8.3938824923830566],[124.34214893722378,-8.3939107940478834],[124.34214086940563,-8.3946976172012455],[124.3421378207039,-8.3947979446693921],[124.34212407186851,-8.3952496318649992],[124.34202322729016,-8.3956799601619991],[124.3418314621523,-8.3961472416018523],[124.3415091811039,-8.3969402412990348],[124.34131560293281,-8.3980460845590983],[124.34130702519917,-8.3987867733908388],[124.3413238371254,-8.3992588239355541],[124.34132677521052,-8.3993413043576766],[124.3413416428026,-8.3994302059392112],[124.34145660224044,-8.4001176171342991],[124.34148275902214,-8.4011004286418256],[124.34141163523884,-8.4031402888931552],[124.34115147665943,-8.4045042573655451],[124.34103712066667,-8.4048650797595883],[124.34100663364927,-8.4049612730442504],[124.34036193125814,-8.4065129920808772],[124.34013761875622,-8.4069659446225842],[124.33969671173395,-8.4082862573048942],[124.3395873208982,-8.4089799286807079],[124.339581383574,-8.4095574139434461],[124.33970022808307,-8.4107831323356663],[124.33980602702661,-8.4111104369970349],[124.33990160337635,-8.4114061169986485],[124.33999060298402,-8.411765084990634],[124.34006410277618,-8.4123565538118896],[124.34014393019834,-8.4134909298624621],[124.34011300880832,-8.413928147865704],[124.34002190029048,-8.414473226058476],[124.33989844675602,-8.4153036483446613],[124.33987114963395,-8.4156384551505425],[124.33986300897072,-8.4157382996827437],[124.33982890038351,-8.416156648110757],[124.33958293130729,-8.4171838825300824],[124.33946993059294,-8.4173753670795008],[124.33919330632614,-8.4176820071189127],[124.33915727498834,-8.4177303043100551],[124.33908000703673,-8.4177941112092185],[124.33888497825922,-8.4179551635998564],[124.33859502514031,-8.4181268513730174],[124.33831647812303,-8.4184065702070257],[124.33808485323345,-8.4188575073680454],[124.33799052514269,-8.4189227423905777],[124.33784055599688,-8.4190453352739496],[124.33779808731197,-8.4191868202155433],[124.33771592345113,-8.4194658708532302],[124.33770427543197,-8.4195054293320482],[124.33757169737601,-8.4198086483503971],[124.33750295499749,-8.4201745006526494],[124.33748866477015,-8.4202505536201215],[124.33755974268809,-8.4205131637514796],[124.33766732228912,-8.4207181327356011],[124.33781832115869,-8.4208784287964136],[124.33808914929489,-8.4210704916098393],[124.33859082170909,-8.4214687581766157],[124.33897335283802,-8.4219173975698141],[124.3392771033557,-8.4221136413314639],[124.33973754005547,-8.4224111163798625],[124.3400111497948,-8.422541397567386],[124.34045650936048,-8.4228528831540075],[124.34046713395117,-8.4228578339218529],[124.34055335825099,-8.4228980075369577],[124.341135680967,-8.4231693204077374],[124.34123960122668,-8.4232267520129653],[124.34153432075232,-8.4233896327253319],[124.3419803368231,-8.4235715538840736],[124.34299854025051,-8.4240913053694157],[124.34335488312138,-8.4243034302590445],[124.34393988311922,-8.4246923052056673],[124.34446685166392,-8.424746054087052],[124.34481024429738,-8.4248406636656341],[124.34514522737038,-8.4250075535557016],[124.34559465007305,-8.4253137727123999],[124.34589551826366,-8.4255858113360773],[124.34612313397554,-8.4257916166897076],[124.34641493070455,-8.4261350066252021],[124.34678777523573,-8.4265048510180236],[124.34751261801296,-8.4271545392505232],[124.34769583689342,-8.4274373976177799],[124.34786611812694,-8.4276928833198781],[124.34818783709909,-8.4280508359772739],[124.34864578537474,-8.428532479590217],[124.34973088397317,-8.42967372736058],[124.35007444657856,-8.4301598046312165],[124.35054458696322,-8.431019928826629],[124.35065766591856,-8.4314231182822255],[124.35068930586681,-8.4317641789736513],[124.35053758664037,-8.4324331315837071],[124.35038337179526,-8.4329686859560411],[124.35035479044132,-8.4330679450296202],[124.35034779011846,-8.4334735860371097],[124.35040379090231,-8.4338631165895208],[124.35052352394155,-8.4341049919517559],[124.35115197738196,-8.4352993509842236],[124.35141471161967,-8.4357466476895979],[124.35163368035012,-8.4360046793723882],[124.35279046211019,-8.4371481790451526],[124.35312913420228,-8.4373402580464472],[124.35381285907624,-8.4377261976059117],[124.35439672772691,-8.4380557730554528],[124.35477172793298,-8.4383710070163147],[124.35513430580363,-8.4386848353368578],[124.35537730621775,-8.438829554240499],[124.35563372721481,-8.4389030864082883],[124.35648702375715,-8.4390226800525738],[124.35695191479908,-8.4390951636108866],[124.35695258119677,-8.4390954909640641],[124.3572488061875,-8.4392410075664088],[124.35751332108293,-8.4393823827907113],[124.35759999414449,-8.4394183826522067],[124.35802827378586,-8.4395962415732697],[124.35804241922233,-8.4396032598825172],[124.35842721214624,-8.4397941796576106],[124.35895411773845,-8.4401265394081975],[124.35927608132613,-8.4404019352011233],[124.35936507104122,-8.4404780538191062],[124.35989485266543,-8.4409255393820786],[124.36028922786568,-8.4412586329794976],[124.36066627402943,-8.44149199176195],[124.36161754091688,-8.4419474300298134],[124.36177673980478,-8.4420208659701643],[124.36240935260957,-8.4423126788869922],[124.36246547660051,-8.4422920862107844],[124.36266786902695,-8.4422611801093126],[124.36282197685284,-8.4422612421625445],[124.36344143077747,-8.4422988041464464],[124.36374471184899,-8.4423305232350003],[124.36429566891002,-8.4424224726189436],[124.36430973160884,-8.4424248207488404],[124.36434652467244,-8.4424309613197579],[124.36471255324182,-8.4424675187609637],[124.36471262159023,-8.4424675268548413],[124.36471268993876,-8.4424675331500794],[124.36476846499272,-8.4424731035508671],[124.36477030590493,-8.4424732879118665],[124.36477097769853,-8.4424732258586346],[124.36477132123957,-8.4424731952817069],[124.3651523531986,-8.442438897836837],[124.3652818987407,-8.4424248036617087],[124.36544469581611,-8.4424071166950512],[124.36605322837386,-8.4424552421156704],[124.36641439430889,-8.4425553987126136],[124.36771841487302,-8.442917023301959],[124.36868579041698,-8.4429038356434489],[124.36953041479683,-8.4428923360124486],[124.36984016469194,-8.442862241998796],[124.37018785338682,-8.4428613363814975],[124.37038208806302,-8.4428995081057678],[124.3711744312551,-8.4429468052508128],[124.3713293988327,-8.4429078978811276],[124.37164022791421,-8.4428006950959684],[124.37194330573902,-8.4427495236715231],[124.37225605577237,-8.442754631820776],[124.37247730608283,-8.4427840540408283],[124.3728363091484,-8.4427392273334476],[124.37296582141562,-8.4427230548250805],[124.37328927697865,-8.442606803960814],[124.37331827381934,-8.4425963826168982],[124.37345980642499,-8.4425210392145686],[124.3735563369554,-8.442375382318005],[124.37374804004003,-8.4409630546012409],[124.37380346166049,-8.4405675696376079],[124.37382233663163,-8.4404329141476069],[124.37409777379332,-8.4397091631473131],[124.37438360172189,-8.4393536170757102],[124.37486043126398,-8.4389919448223623],[124.37499918586377,-8.4389384801266942],[124.3749995716729,-8.4389383353358767],[124.3749999916563,-8.4389381770552063],[124.37503071159813,-8.4389263347824794],[124.37506186861037,-8.438914289262982],[124.37597974007303,-8.4385593088649671],[124.37626729020337,-8.4384481013987056],[124.37727660293297,-8.4382247727550066],[124.37745486924689,-8.4381593200964744],[124.3777612754626,-8.4380467888282169],[124.37806491536367,-8.4379193360085196],[124.37892032171555,-8.4377674297230669],[124.37940371181196,-8.4376797889910335],[124.37978327517806,-8.4376090393256504],[124.38063187815874,-8.4377318318585139],[124.38115227535729,-8.4378071329927593],[124.38150778815395,-8.4378757215872611],[124.38159835168267,-8.4378931954145742],[124.38169946246023,-8.437912288920927],[124.38262175858733,-8.4380864911985896],[124.3831130869994,-8.4382865076161693],[124.3834013520908,-8.4384385065317815],[124.38372482114369,-8.4386006803770783],[124.38395450799419,-8.4387219611495539],[124.38441408674078,-8.4389646333111159],[124.3851037741199,-8.4392977880624471],[124.38533283684103,-8.4394135227158813],[124.38549154020245,-8.4394937422423482],[124.38559461869681,-8.4395310236378123],[124.38565888425012,-8.4395318195378195],[124.38568143115322,-8.4395389142894146],[124.38569540032256,-8.4395541802811636],[124.38573421236413,-8.4396217418498622],[124.38595171160227,-8.4397262889370381],[124.38637254036053,-8.4397627267683788],[124.38652035293205,-8.4398842728408567],[124.38655779080943,-8.4399150539365451],[124.38772947793314,-8.4400930702389587],[124.38794816517577,-8.4401072417557543],[124.38816660240684,-8.4402277572052071],[124.38841855557189,-8.4403545858953635],[124.38884375863256,-8.44058350832222],[124.38914286774923,-8.4407094601734229],[124.38946942957057,-8.4409318517235192],[124.3896295871358,-8.4410325065449001],[124.38987963373813,-8.441146086422691],[124.39029614934793,-8.4413561167913258],[124.3905050240877,-8.4414058052336713],[124.39057746267986,-8.4414077270848793],[124.39080150898246,-8.4414136787981988],[124.39107502519232,-8.4414681948013026],[124.39146154031789,-8.4416235859596895],[124.3916421340773,-8.4417166639927927],[124.39191681940576,-8.4418026104020782],[124.39205691489474,-8.4418464451572959],[124.3925609309423,-8.4419994773938924],[124.39256924427525,-8.4420020071868294],[124.39298361859915,-8.4421278349315685],[124.39311144913415,-8.4421382131080236],[124.39345013381671,-8.442165709879589],[124.39359599396005,-8.4421514915979969],[124.39371931979088,-8.4420992850539278],[124.39383635306535,-8.4420497423017196],[124.39452361857025,-8.4420576788187986],[124.39463605900698,-8.4420858887527288],[124.3947174314643,-8.4421063042624951],[124.39481204014362,-8.4421800855424749],[124.39493172821676,-8.4422673980219542],[124.39527618115085,-8.4423351169720036],[124.39665085335423,-8.4422965702304964],[124.39679380598943,-8.4422724755942227],[124.39694541459926,-8.4421489447179852],[124.3970155868999,-8.4420413363385478],[124.39706641478324,-8.4419634136805257],[124.39723377501878,-8.4418774303990745],[124.39795030626169,-8.4418431320548279],[124.39802954103061,-8.4417984771179704],[124.39834385318636,-8.4416683200369107],[124.3986268212708,-8.441634304979118],[124.39883593073364,-8.4415858207290171],[124.39898679020826,-8.4414560071889468],[124.39912685332172,-8.4412598677486699],[124.39979951563521,-8.440693781392838],[124.40008294597123,-8.4404552578038761],[124.400398400266,-8.4402500549959996],[124.40062021175345,-8.4401778511268617],[124.40092555586978,-8.4401426165884459],[124.40122172690121,-8.4402007145912421],[124.40157169717611,-8.4402693670376152],[124.40182238409579,-8.4403174915589148],[124.40214602401988,-8.440340602336903],[124.40242338393205,-8.4402185697311438],[124.40255080167822,-8.4401570291235544],[124.40280683686603,-8.4400333669462952],[124.40377610188568,-8.4399991018769924],[124.40406091627835,-8.4400098352856503],[124.40447541560798,-8.4400468037169958],[124.40513150881213,-8.4398799138269283],[124.40539316476281,-8.4398137111338087],[124.40585071284022,-8.4399403356778748],[124.40611630332478,-8.4400398330718076],[124.40624310323665,-8.4400873352622625],[124.40635771283826,-8.4401240078166779],[124.40647583968837,-8.4400280150807703],[124.40663865025351,-8.4398957113180018],[124.40679625824077,-8.4394493975715932],[124.40686180532816,-8.4392559758825314],[124.40720413406359,-8.4388357577639681],[124.40730683664128,-8.438711133312097],[124.40738541490509,-8.4386596327358347],[124.40760708789685,-8.4386435069922072],[124.4078486961605,-8.4386259459305961],[124.40815054011534,-8.4386240537570529],[124.40848925897217,-8.438452086294717],[124.40869752487095,-8.4383467424082141],[124.40917253958105,-8.4382865229046615],[124.40939724328825,-8.4382182256904912],[124.41020124439194,-8.4377894298382898],[124.41172382179695,-8.4370660700430449],[124.41194715044071,-8.4369751171079201],[124.41296938373011,-8.4369413511623748],[124.41320327491133,-8.4369621947494693],[124.41369878966748,-8.4370063820388737],[124.41388968066428,-8.4370587891317541],[124.41433915282971,-8.4375262963014848],[124.41434294706937,-8.4375302416273144],[124.41454225931784,-8.4377013196601069],[124.41487421167562,-8.4379075863659523],[124.41511029000799,-8.4379696171041019],[124.41548218395565,-8.4379156631772503],[124.41566311765882,-8.4378894137653901],[124.41594463423758,-8.4378539454032193],[124.41603868533707,-8.4378571029229192],[124.41607260236879,-8.4378582423639727],[124.41618227469223,-8.4378619133965458],[124.41717132209885,-8.4382925069935482],[124.41737966623862,-8.4383644293748716],[124.41756360367742,-8.4383341168259562],[124.41766363436932,-8.4383176322529039],[124.41786883717714,-8.4382811800323907],[124.41811277468491,-8.4383063043923698],[124.41847550903753,-8.4384478046224558],[124.41874818078395,-8.4386520847259021],[124.41896352524657,-8.4388465235481931],[124.41901947746692,-8.4388978208776848],[124.4195747117036,-8.4394069288866262],[124.4200891347059,-8.4400222890973282],[124.42034671223109,-8.4402587271584935],[124.42039661830938,-8.4403042265587374],[124.42067947667658,-8.4405620855717416],[124.42081363394209,-8.4407496787546279],[124.42088857085093,-8.4410353978652779],[124.42092229003174,-8.4411194601948978],[124.42106579125334,-8.4414771799278583],[124.42141199336891,-8.4423670231195729],[124.42149405560622,-8.4426459766304447],[124.42154508673639,-8.4429495553776519],[124.42161010322377,-8.4432908669799076],[124.42163819714517,-8.4434303203529453],[124.42182685242733,-8.4436512568000239],[124.42194361770385,-8.4440354139031797],[124.42209302477329,-8.4445269761390023],[124.42215557082295,-8.4447947420836158],[124.42216016545933,-8.4451315849546518],[124.42213940011334,-8.4453523667182822],[124.42213405634163,-8.4454093207834831],[124.42207968063281,-8.4456037416193226],[124.42204086769198,-8.4458998362084117],[124.42198649288241,-8.4460419920442291],[124.42184492969977,-8.4462468522104359],[124.42169882224289,-8.4463964760165027],[124.42166257236988,-8.446451084649766],[124.42133707084918,-8.4467008200867326],[124.42131354008791,-8.4467188982584958],[124.42100211925242,-8.4468617573641609],[124.42087752537759,-8.4469325699820956],[124.42067791635282,-8.4470311635573125],[124.42058641483129,-8.4470799607715321],[124.42051552487169,-8.4472482113358183],[124.42047802494096,-8.4480790697932093],[124.42042100882259,-8.448712929058388],[124.42067788397719,-8.4497221005944425],[124.42092682171551,-8.4502066319304845],[124.42107502459282,-8.4504208828174683],[124.42120163294908,-8.4505710228343673],[124.42125332058436,-8.4506323197257416],[124.4213806187206,-8.4507903818706041],[124.42163591646442,-8.4510324757681019],[124.42189988367272,-8.4513670388577111],[124.42200825917394,-8.4515202113885834],[124.4220435719534,-8.4518348670853811],[124.42203724432341,-8.451962616681385],[124.42190585337255,-8.4520868832030374],[124.42175989969962,-8.4521475541662312],[124.42163354135494,-8.4521354609826744],[124.42149074340318,-8.4520890847434202],[124.421377008842,-8.4520900847895177],[124.42118188383688,-8.4522834597138399],[124.42098361929868,-8.45249219505871],[124.42086483684284,-8.4525643665522239],[124.42042749293455,-8.4525178518173334],[124.42025852471124,-8.4524362887037228],[124.42001663406052,-8.4523675849960114],[124.41986988358838,-8.4523508818876394],[124.41965182227386,-8.4525415849261663],[124.41948336846269,-8.4529312575714357],[124.41947460277072,-8.4535221319408151],[124.41953618114985,-8.4537119923145383],[124.41973188441898,-8.454036711425033],[124.41983725888247,-8.4541763203808387],[124.41987419673683,-8.4545500228651917],[124.41984053960925,-8.4546777113072835],[124.41976513415364,-8.4551798819459236],[124.41974452528973,-8.4553240540618049],[124.41958916560759,-8.4559083040249448],[124.41953693028518,-8.456181133152711],[124.41947772791491,-8.4563803815493088],[124.41930468126611,-8.4565511637051713],[124.41904202526928,-8.4566257885492746],[124.41888929070831,-8.4566743663289117],[124.41871807238124,-8.456847695364786],[124.41866683710487,-8.4569676010738704],[124.41852958797017,-8.4573525082116134],[124.41835897758483,-8.4575466952237548],[124.41774153994015,-8.4579360863812099],[124.41754066556928,-8.4582528977529705],[124.41731985322872,-8.45845288179504],[124.41726263476289,-8.45851760060674],[124.41731843140053,-8.458785835997503],[124.41745996220754,-8.458994272767427],[124.41755121281824,-8.4591154600104232],[124.41759777521725,-8.4592385070513956],[124.4177803528811,-8.4593158820222811],[124.41795418104073,-8.4593930069816565],[124.41808035322583,-8.4594771628407557],[124.41838061797125,-8.4595314450201045],[124.41856132234716,-8.4595958346799875],[124.41861085340827,-8.4596135072575294],[124.41923658729877,-8.4595428052562056],[124.41944977518699,-8.4593140078351325],[124.4195558987858,-8.4591284138451783],[124.41966054030172,-8.4589844449761245],[124.41985041506462,-8.4588511321739475],[124.42025213412876,-8.4587701958877801],[124.42047877497555,-8.4587072730221848],[124.42161055558279,-8.4584174772846836],[124.42218011871762,-8.4582578979835716],[124.42340054010288,-8.4580970389471304],[124.42348327503316,-8.458070007125059],[124.42354160326249,-8.4580509298065181],[124.42377808718902,-8.4579456632616825],[124.4242921027984,-8.4578427259609725],[124.42462077442929,-8.4578097109493342],[124.42495425923175,-8.4577893350097497],[124.42519532160691,-8.4578047260072253],[124.42634708694857,-8.4578960701474557],[124.4267352586254,-8.4579833826269351],[124.42690390039479,-8.4580365703313873],[124.4272297283693,-8.4581393826263707],[124.42744590020823,-8.4581870242117247],[124.42755875882972,-8.4581465385318779],[124.42777728959027,-8.4579625552277093],[124.42787369781297,-8.4578015379105977],[124.42788435298053,-8.4577837421259687],[124.42794254091564,-8.4575796643699732],[124.42790994588734,-8.4571096642795283],[124.42790807170024,-8.4570825551157895],[124.42793833658504,-8.4564863990280514],[124.42789614039464,-8.4562620937206248],[124.42786200932437,-8.4560806635917061],[124.42779583720824,-8.4559033829347072],[124.42776147771008,-8.4556148669325353],[124.42790926779855,-8.4553615998578948],[124.42793992838506,-8.4553090569673373],[124.42803560186155,-8.4551451006657885],[124.42870146260248,-8.4546457107309152],[124.42950319561601,-8.4542770543425263],[124.4297622426335,-8.4541579301443335],[124.43017935269506,-8.4540641011772664],[124.43147189970841,-8.4537733359706522],[124.43176052362935,-8.4537084139121248],[124.43218865038602,-8.4535478039879308],[124.43245319585833,-8.4534973043570858],[124.4327387899632,-8.453465507027488],[124.43287227543522,-8.4534506637170921],[124.43324272776977,-8.4534164759895134],[124.43381263444553,-8.4533200228007672],[124.43426393133541,-8.4532175702346422],[124.43470583840383,-8.4531846802287873],[124.43537186911658,-8.4531325860999118],[124.43540733837801,-8.4531254292950848],[124.43555069570812,-8.4530980386435317],[124.43630972801157,-8.452947351838759],[124.43716105593808,-8.4529536641801997],[124.43787411939513,-8.4531584613938549],[124.4381741341291,-8.4532337580314447],[124.43871010308885,-8.4530852583779392],[124.4392879148055,-8.4529201788231489],[124.44042258763238,-8.4525464610503036],[124.44053804169732,-8.4525001999242591],[124.44074329037062,-8.4524179614197124],[124.44096977473532,-8.4521871333295167],[124.44106614878376,-8.4520701018536784],[124.44108487176948,-8.4520500892401742],[124.44198093107514,-8.451092258201129],[124.44210608792571,-8.4506105381457814],[124.44228266621212,-8.4503547421775806],[124.44256493102682,-8.4499458042554352],[124.44293669637148,-8.4495171792743804],[124.44350964995044,-8.449152006859606],[124.4439508060849,-8.4489236483076979],[124.44437985284799,-8.4487811804070816],[124.44471755277289,-8.4487496465789036],[124.44482046219468,-8.4487400382221267],[124.44493843076407,-8.4487268523623129],[124.44524429109117,-8.4482820081081513],[124.44531134364365,-8.4481829396908665],[124.44536488388235,-8.4481038362230265],[124.44543250930292,-8.4480483039860133],[124.44557371185738,-8.4479322887440844],[124.44557472179599,-8.4479315746824],[124.44597075894342,-8.447651461046064],[124.44613754091483,-8.4474938053947426],[124.44625943772292,-8.4472780886128476],[124.44628866479013,-8.4472263668033634],[124.44669436875017,-8.4465418037611926],[124.44718427443479,-8.446072429598928],[124.44742674334964,-8.445906429138347],[124.44769794560375,-8.4458024126511759],[124.4480785872571,-8.445713459808303],[124.44861757074432,-8.4455916952005055],[124.44887799282515,-8.4453200387887364],[124.44920654034956,-8.4449880702431983],[124.44929492572032,-8.444935568721462],[124.44940735266721,-8.444868788663598],[124.44972053977119,-8.4447815391366703],[124.45007471167867,-8.4446965082372003],[124.45026288402494,-8.4446560702214128],[124.45036558660263,-8.4446746637047454],[124.4505694925881,-8.4449262733288037],[124.45066546194153,-8.4450166641876763],[124.45093802486997,-8.4450893509927027],[124.45107308685351,-8.4450260387206413],[124.45118919562492,-8.4448975543785991],[124.45157858678238,-8.4446036946047798],[124.45171524326395,-8.4443669291903802],[124.45181950886331,-8.4441862877669109],[124.45200824328583,-8.4439158040710822],[124.45332493080093,-8.4428923980656805],[124.45375636886138,-8.4426524301654808],[124.45385011778876,-8.4426225070230316],[124.45463805610143,-8.4423710385925119],[124.45502440035591,-8.4422703828718113],[124.45522696185492,-8.4422163039392331],[124.45554385326625,-8.441998477347795],[124.45576308819602,-8.4417696475511548],[124.45579318131036,-8.4417386946849433],[124.45598122685215,-8.4415452577074461],[124.45626327493028,-8.4413945232386141],[124.4565808534237,-8.4413165079504324],[124.45689271222898,-8.4412531165380642],[124.45731454013401,-8.4412108672876229],[124.4578826652529,-8.4413403993399356],[124.45822105585705,-8.4413794613929554],[124.45879457241165,-8.4412307566940399],[124.45903416619387,-8.4411653669880593],[124.45925619621653,-8.4411302097913108],[124.45928639994747,-8.4411254289952922],[124.45967625875244,-8.4408221946885078],[124.45988618120236,-8.4406501786627928],[124.46016997846175,-8.4404176157802908],[124.4609184770062,-8.4399949299220225],[124.46110235329104,-8.439866882650449],[124.46133343139286,-8.4395894139202596],[124.46172475879064,-8.4390885859694436],[124.46194457198442,-8.4389298826079653],[124.46304177545767,-8.4385917887800019],[124.46362544715669,-8.4385474450085098],[124.46413882065008,-8.438416725851198],[124.46439930568351,-8.4382889142019621],[124.46454841597665,-8.4381565546811999],[124.46478374337516,-8.4378875081019942],[124.4650385249081,-8.4376821182351023],[124.46525943077813,-8.4375916788129075],[124.46550969591578,-8.4374892415352178],[124.46571819563826,-8.437374256916371],[124.46588494613343,-8.4372310389812242],[124.46609124341626,-8.4370538671421969],[124.46619594698541,-8.4369339137690531],[124.46647646171937,-8.4368151331118497],[124.46678040019538,-8.4367091165324837],[124.46721553986538,-8.436439569930144],[124.46772855992515,-8.4362418198040814],[124.46773695869376,-8.4362385831440747],[124.46774733327288,-8.4362345838588908],[124.46779974306378,-8.4362143823877886],[124.46829242405624,-8.436030714745641],[124.46829971306136,-8.4360279978937456],[124.46830224285429,-8.4360270554042245],[124.46830292004381,-8.4360268467615356],[124.46830295691598,-8.4360268341710025],[124.46830299468752,-8.4360268206812066],[124.46830336880544,-8.4360267100645956],[124.46830362331366,-8.4360266318235517],[124.46830784742929,-8.4360253260079503],[124.46832069604341,-8.436021353702472],[124.46834113133821,-8.4360150368644327],[124.46835441792211,-8.4360109287613341],[124.46836545799954,-8.4360075158341488],[124.46862452480207,-8.4359274294072861],[124.46907524432709,-8.4357886640156039],[124.46934388441275,-8.4356564447890605],[124.46958330462587,-8.4354578358104391],[124.46990080577768,-8.4351344602870881],[124.47024680464642,-8.4347671789620904],[124.47045563442009,-8.4344725862408154],[124.47053172785706,-8.43441063284439],[124.47093124358207,-8.433901210972067],[124.47094016575613,-8.433889804870546],[124.47114122808523,-8.4337747105344079],[124.47137619935222,-8.4336940179645126],[124.47139010287106,-8.4336892425644692],[124.47149133685582,-8.433654461284334],[124.47157185315859,-8.4335989452350759],[124.47171089913877,-8.4333886477678561],[124.47201308663466,-8.4330948356580961],[124.4722709627348,-8.4327350861552759],[124.47233804046823,-8.4326415080990955],[124.47282257090501,-8.432266929674995],[124.47360225883722,-8.4316641635702467],[124.47382560276947,-8.4315302419270779],[124.47395239998332,-8.4314517113273837],[124.47402283668464,-8.4313482416280294],[124.47434064990114,-8.4310287583704735],[124.47449368123841,-8.4309446951415339],[124.47468583668206,-8.4308385553550238],[124.47497577541174,-8.4306266481012813],[124.47517005595341,-8.4304530078999278],[124.47533300861153,-8.4303475390076983],[124.4754818059406,-8.4302512108246788],[124.47557166530021,-8.4301631950753517],[124.47637311862456,-8.4292991021717967],[124.47679341498417,-8.4288921022886711],[124.4770029147528,-8.4287511020816623],[124.47742191518932,-8.4284255079307968],[124.47774574397101,-8.4281282433237266],[124.47796994585633,-8.4279515858969489],[124.4781347592118,-8.4277113203211229],[124.47817493102832,-8.4276039286783089],[124.47844358730174,-8.4273865535465688],[124.47877524378259,-8.4271244137606232],[124.47895486807272,-8.4269481637267063],[124.47911202460034,-8.4268473677117868],[124.47926163401723,-8.4265604453082688],[124.4796788223199,-8.4258098666319938],[124.47983839892299,-8.425684460669288],[124.48039113394373,-8.4254239765352281],[124.48061046240298,-8.4253253361952716],[124.48074758743132,-8.4252115548692927],[124.48087686767337,-8.4251195065599518],[124.48109344600584,-8.4249263681573439],[124.48121650923463,-8.42476655503242],[124.48130855574527,-8.4246343672821808],[124.48142704142492,-8.4244642731076738],[124.48159930566351,-8.4242991171105359],[124.48172422689163,-8.4241874446947804],[124.48187865037949,-8.424135649140851],[124.48217713446729,-8.423999211194598],[124.48219579090312,-8.4239301801336524],[124.48223955461185,-8.4238798360855185],[124.48234408820917,-8.4238060386177267],[124.48250954008324,-8.4236891959995432],[124.48280225861743,-8.4234951169060537],[124.48326544634335,-8.4233941949860878],[124.48351330579453,-8.4233493197152711],[124.4839598048012,-8.4233486641095396],[124.48416338433276,-8.4234286947784085],[124.48468585267005,-8.4237031013170167],[124.48479304016678,-8.4237521008786871],[124.48502907173429,-8.4238431950074073],[124.48524543063218,-8.4239275388247847],[124.48544605589086,-8.4240173981843327],[124.4863056018221,-8.4244066328597569],[124.48667932229296,-8.424450726619682],[124.4872625254452,-8.4244516484247924],[124.48757527457929,-8.4243747581884918],[124.48777591602573,-8.4243051011994226],[124.48815938424821,-8.4241506327454658],[124.48835608666411,-8.4240913979995753],[124.48893536877233,-8.4240113196666471],[124.48929041572012,-8.4239489291996961],[124.48946252527537,-8.4239087268062462],[124.48971625909815,-8.4238528348404316],[124.4898244619294,-8.4238289920143075],[124.49059994643039,-8.4236633054171648],[124.4906498372203,-8.423574179904449],[124.49095947829733,-8.4232021636489094],[124.49104839966401,-8.4230646788917625],[124.49113780576522,-8.4229026165624532],[124.49114391575915,-8.4227155701673837],[124.49116111889055,-8.4221426948294607],[124.49119897765081,-8.421994820204759],[124.49150966463935,-8.4214567270462908],[124.49212988388706,-8.420814397966069],[124.4922914147171,-8.4206824125632238],[124.49240402512567,-8.4206083668825613],[124.49279349272558,-8.4203417259898288],[124.49330413497796,-8.4198638199592892],[124.49350145432868,-8.4196791477743886],[124.49350207845816,-8.4196785641144061],[124.49351329030617,-8.4196680699254216],[124.49351443244518,-8.419666676875579],[124.49351445402885,-8.4196666543925289],[124.49351447561264,-8.4196666301108394],[124.49351505567529,-8.4196659142505155],[124.49352619737613,-8.4196521519252201],[124.49354436008423,-8.4196297165381679],[124.49368319742166,-8.4194582257164825],[124.49405802405863,-8.4189952880020655],[124.49432019711946,-8.4186850551711245],[124.4943662576967,-8.418654164358145],[124.49488291461489,-8.418307820149721],[124.49514746188595,-8.4182362422087635],[124.4955005249293,-8.4181792108018954],[124.49624207081501,-8.4180570379019173],[124.49717046164756,-8.418091898322416],[124.49774579033601,-8.4181716951675298],[124.49813622740498,-8.4182399141406563],[124.49972820998892,-8.418523663736039],[124.49973706291519,-8.4185252429455772],[124.49974346159149,-8.4185263832858936],[124.49999919730521,-8.4185740230726651],[124.49999960289938,-8.4185740545489125],[124.5000000102923,-8.4185740797299218],[124.50002396193634,-8.4185753495726772],[124.50004504204514,-8.4185764683293201],[124.50058896191115,-8.4186053041913738],[124.50185371267878,-8.4185710238336355],[124.5020435235898,-8.4185185861637706],[124.50211605571144,-8.4185073671212649],[124.50215458806383,-8.4185014450855533],[124.5021956969739,-8.4184951012678653],[124.50228347800021,-8.4184815385920615],[124.50264935278551,-8.418448992127253],[124.50272319162207,-8.4184424342709008],[124.50304075932365,-8.4184142270349298],[124.50325122676281,-8.4183531315916866],[124.50366035264324,-8.4182801021449336],[124.50413636919814,-8.4181260536743707],[124.50424369608982,-8.4180379300063919],[124.50429818061662,-8.417992007924795],[124.50465460172859,-8.4178308674005393],[124.50530271165087,-8.4177492737099442],[124.50532335289051,-8.4177513196676159],[124.5053646650473,-8.417720491807188],[124.50555250914101,-8.4177328197138195],[124.50664688424638,-8.4178030073028935],[124.50673905576286,-8.4178584451111078],[124.50701014919912,-8.4179465382021021],[124.5078070411621,-8.4180137733169431],[124.50922232135315,-8.4179799767944701],[124.50947018080421,-8.4179755863042374],[124.50952139989272,-8.4179645696091256],[124.50980755607395,-8.4179129764027039],[124.51019736811406,-8.4178534295920713],[124.51059868068467,-8.4179004758262295],[124.51135930568751,-8.4180447423709097],[124.51256602500212,-8.4182767260899709],[124.5129829003406,-8.4183685702532784],[124.51320021162053,-8.4183644090901453],[124.51370332205079,-8.4183221013838079],[124.51466652384102,-8.4183842733154961],[124.5158156496725,-8.4186117271494254],[124.51692347773633,-8.4189323984114139],[124.51759258682853,-8.4191049918018734],[124.51850728997954,-8.4193741319106152],[124.51909822820073,-8.4195518208597946],[124.52013972766633,-8.4198515388173973],[124.52045519724959,-8.4199904948653739],[124.52064450903697,-8.4200738818041714],[124.52091654046603,-8.4203068673679695],[124.52111430588059,-8.420596444570208],[124.52129460286369,-8.4209792733747122],[124.52153861861245,-8.4215739293932756],[124.52170913366967,-8.4218421333077345],[124.52184389977617,-8.4220455383708668],[124.52209063417547,-8.422307992020194],[124.52232150992984,-8.422433553565611],[124.5227284306726,-8.4225552570194395],[124.52301921296635,-8.4225651477632937],[124.52346291598087,-8.4224331641591448],[124.52371308758893,-8.4223732423312185],[124.5240581502635,-8.4223943035541993],[124.52428782182562,-8.4224687107623595],[124.52457527482909,-8.4225901947816055],[124.52485713494889,-8.422638725796503],[124.52508623274355,-8.4226313432618554],[124.52544574302669,-8.4226197572959336],[124.52545042579652,-8.4226196916454228],[124.52578399333663,-8.4226150385531469],[124.52616794719302,-8.422753787757074],[124.52639852527182,-8.4229229286501663],[124.5266505252016,-8.4233512892305384],[124.52683016567971,-8.4235896329551565],[124.52695477484303,-8.4236641948466513],[124.52774169692179,-8.423573428970542],[124.52795424359351,-8.4235736789820521],[124.52802670736673,-8.4236198942426768],[124.52815922786613,-8.4237044134279131],[124.52834568880257,-8.423929238543451],[124.52834647211205,-8.4239301828316115],[124.52857075943302,-8.4242006170647983],[124.52857136917339,-8.4242014759173571],[124.5285716659497,-8.4242018976993904],[124.52868539961162,-8.4243634923812465],[124.52914302772865,-8.4248824830401077],[124.52920208710668,-8.4249494609488238],[124.52928858839766,-8.4250245453464458],[124.52931018201934,-8.4250432881171946],[124.52937835332841,-8.4250532580014124],[124.5295313064247,-8.4248418049053271],[124.52957879062876,-8.4246882096931017],[124.52958960317767,-8.4245591785631859],[124.52967177513233,-8.4244640860486584],[124.52986163370747,-8.4244355226811649],[124.53000924393154,-8.4245065700221176],[124.53031371210818,-8.4250029139532785],[124.53079808786151,-8.4254238353416895],[124.53088666568715,-8.4255095704103269],[124.53109063372585,-8.4256311479590522],[124.53126855559947,-8.4258362095733901],[124.53135305589888,-8.4259977727789419],[124.53155414970433,-8.4263910229273051],[124.53204986770731,-8.4271684598564889],[124.53221802474206,-8.4273761951552615],[124.5324817752138,-8.427559648758745],[124.53302586774964,-8.4279849921136361],[124.533391524899,-8.4284411156648957],[124.53355630587885,-8.4287437411306882],[124.53367888527237,-8.4289118361123201],[124.53480590037202,-8.4294399755743825],[124.53560777367989,-8.4298884449956972],[124.53591482201148,-8.4300998513270429],[124.53611211797988,-8.43029177294693],[124.53619486909804,-8.430437116879375],[124.53622952537239,-8.4307040230721668],[124.53623732159519,-8.4308343977891695],[124.53656904102843,-8.4313952096212006],[124.53701024302836,-8.4320252737473425],[124.5376572746635,-8.4328349918413323],[124.53782096296709,-8.4330535378904301],[124.5379233381916,-8.4333430701265115],[124.5379261027075,-8.4336320861518175],[124.53770666632965,-8.4348560697517883],[124.53767036789327,-8.435324913314048],[124.53775963370015,-8.4361328363612529],[124.5377832912659,-8.4363133051148793],[124.5377572244164,-8.4367746762102911],[124.53774727521659,-8.4369507742587757],[124.53772394680277,-8.4373072727124168],[124.53777352462851,-8.4381125067866947],[124.53778582195821,-8.4385376477941918],[124.53773597793315,-8.4388469606187186],[124.53766790015356,-8.4390976007736072],[124.53771988546441,-8.4392755703112812],[124.53814122773554,-8.4395756947624818],[124.53827046211222,-8.4397615225761342],[124.53835421237704,-8.4400520845360347],[124.53847700940651,-8.440234508415756],[124.53961297815647,-8.4410332260025029],[124.54022810274478,-8.4414543506377413],[124.54045661418149,-8.441587541132094],[124.54093814987573,-8.441868210549444],[124.54123910260262,-8.4419955077864302],[124.54180944724828,-8.442076757935979],[124.54228893068966,-8.4421138666615434],[124.54255061721733,-8.442149998723437],[124.54306094740491,-8.4422204606057107],[124.54381603977845,-8.4421925852195727],[124.54461010337366,-8.4420848356465967],[124.54544927516395,-8.442087101038851],[124.54560658007972,-8.4420873897212232],[124.54591758812626,-8.4420879607907295],[124.54672694739077,-8.4420755852200386],[124.54714808731444,-8.442043601730802],[124.54719077543405,-8.4420355231208646],[124.54741644681167,-8.4420283510275453],[124.5474786160454,-8.4420088861011777],[124.54756007213973,-8.4419833831265692],[124.54775291646399,-8.4418229143959138],[124.54788967546824,-8.4415384687252981],[124.54802649382771,-8.4412538980488989],[124.54816571157835,-8.4407742581254865],[124.54822147763912,-8.4406203994118414],[124.54822547782362,-8.4406093656296548],[124.54849246315666,-8.4402280863570809],[124.54858881382279,-8.4401370938517744],[124.54876155560135,-8.4399739613292013],[124.54914338435981,-8.4397291325933566],[124.54959880464116,-8.4395825341065915],[124.55041314884784,-8.4393203979179816],[124.55071692724448,-8.439346604162381],[124.55187302462048,-8.4394463362793317],[124.55203521285489,-8.4394775391570533],[124.55219632190278,-8.4395085226001925],[124.55238250045204,-8.4395613235961378],[124.55314835321394,-8.4397785233601326],[124.55370622786018,-8.439872491722042],[124.5539452280899,-8.4399010703780277],[124.55414335143462,-8.4399373562239361],[124.55447835339339,-8.4399987106718868],[124.55481327531243,-8.4400034141262381],[124.5551659633386,-8.4399410857124622],[124.5554280563598,-8.4398453196057517],[124.55631510715648,-8.4389748675960163],[124.55642088361697,-8.438871069644108],[124.55683457175815,-8.438528585325912],[124.55769718078034,-8.4378534921448818],[124.5584122443297,-8.4371166317271218],[124.55869119694125,-8.4369346494144679],[124.55902453965086,-8.4368346484002359],[124.55943469705369,-8.4367755386601289],[124.56051580715882,-8.4365276477327029],[124.56058705594796,-8.4365193667753147],[124.5607467602548,-8.4365008038689666],[124.56113340038621,-8.4365145392145564],[124.56150686814749,-8.436350773569302],[124.56178591069124,-8.4362237092567511],[124.56180471191794,-8.4362151477108682],[124.56205344730881,-8.4361300385703544],[124.56279252365607,-8.4358711012702656],[124.56301647822795,-8.4358150860973069],[124.5633365568367,-8.435844632423823],[124.5638791034379,-8.4358285696327471],[124.56447446182699,-8.4356485541374013],[124.5653222752029,-8.4355476636936828],[124.56560113428498,-8.4355454612539802],[124.56580519585316,-8.435606132217174],[124.56617185304867,-8.4359857099724991],[124.56627252495707,-8.4360644141413559],[124.56663447779897,-8.4359298827578186],[124.56674338390008,-8.4358953353014385],[124.56682816568741,-8.4359676021230712],[124.56687861225817,-8.4361621362735377],[124.56689850975852,-8.4362388673297914],[124.56694963441817,-8.4364897422078116],[124.56702619730117,-8.4366233670746738],[124.56714661922115,-8.436692227264416],[124.56725452527621,-8.436673664358068],[124.56738293137721,-8.4365484139780733],[124.56750460335479,-8.4363719292210817],[124.56799447846242,-8.4362008358997969],[124.56826560337493,-8.4360973203350227],[124.56856008817761,-8.4359651640610309],[124.56891900940479,-8.4358918980925637],[124.56915394559815,-8.4358085381334718],[124.56942443109267,-8.4356129607695038],[124.56978389011454,-8.4350370268372785],[124.56991355616572,-8.4348292726527916],[124.57005008674219,-8.4346012567425532],[124.57024032213326,-8.4344382258433939],[124.57065232224693,-8.4342565537968994],[124.57090764966836,-8.4341859606135472],[124.57133535284436,-8.4342804919510854],[124.57182107128551,-8.4342109608671194],[124.57218283706834,-8.4342715392001537],[124.57244579074074,-8.4341539609364986],[124.57289901038109,-8.434001803740216],[124.57302985274555,-8.4339389923905514],[124.57344299319959,-8.4337029131588679],[124.57381482059759,-8.4334543666256536],[124.57399519672106,-8.433353164117193],[124.57422764988621,-8.4333069758362171],[124.57432966538181,-8.4333396158305618],[124.57446360321273,-8.4335062422192664],[124.57449872803397,-8.4336851479511665],[124.57450349264218,-8.4338483362316765],[124.57455996287206,-8.4339502258222296],[124.5746676027278,-8.4340127260064719],[124.57478352533951,-8.4340063507124796],[124.57488300924354,-8.4339348357240169],[124.57491179114629,-8.4336799759500991],[124.57495872766322,-8.4336078197450206],[124.5750424311633,-8.4335790072653367],[124.57515055575357,-8.4336636172820931],[124.57520860339434,-8.4340161794031019],[124.57521097760457,-8.4341036951293518],[124.57530111845188,-8.4341625548579486],[124.5754070406025,-8.4341653670380197],[124.57554877465634,-8.4340281008161355],[124.57560822793744,-8.4338561333537996],[124.57570316576857,-8.4336497416422276],[124.57597955711094,-8.4331752881089983],[124.57612607196074,-8.4329293514084043],[124.57634572777317,-8.4327187886411252],[124.5766151187928,-8.4325614126789787],[124.57688808731541,-8.4324703203489548],[124.57743140013906,-8.4326541165941649],[124.57759078968331,-8.4327212114147301],[124.57792002428971,-8.4325798829551672],[124.57820872825027,-8.4324769609429495],[124.57843680621374,-8.4324586633366039],[124.57868496244112,-8.4325443822174293],[124.57880471166823,-8.4326813831392542],[124.57894972734812,-8.4331014285880315],[124.57896425859371,-8.433433506850804],[124.57898761938316,-8.4336648817288733],[124.57909836909448,-8.4339570858508068],[124.57924793084737,-8.4339008197669614],[124.57951302490619,-8.4336031315792184],[124.57978597814042,-8.4331726638872624],[124.57988904134629,-8.4330079287728381],[124.58062874272241,-8.4327919448923012],[124.5807764149996,-8.4328116949037621],[124.58093852499303,-8.4329130700820656],[124.58096907226491,-8.4330196010736813],[124.58082969713291,-8.4334836170752396],[124.5808219701579,-8.433843620186849],[124.58081552471674,-8.4341438984221213],[124.58083397790585,-8.4341945536356775],[124.58103035296847,-8.4341414603600811],[124.58138629833911,-8.4337701797499562],[124.58161897813341,-8.43352747611209],[124.58198024389321,-8.4330821642104752],[124.58218069558268,-8.4329461165699513],[124.58246593085812,-8.4327388039525886],[124.58262836910399,-8.4326004126788803],[124.58282958701591,-8.4325192578573933],[124.58357397835653,-8.4325150859024234],[124.58373299378275,-8.4325532108619541],[124.58427152491106,-8.4329722571638968],[124.58499786685809,-8.4333380716946067],[124.585166415098,-8.4334229596018417],[124.58553077362637,-8.4338067272985882],[124.58567946303685,-8.4337779759727596],[124.58597121300113,-8.4336126796814028],[124.58627375932656,-8.4333466638174173],[124.58639069277626,-8.4331908607695709],[124.58672774428999,-8.4327417726146905],[124.58709307228753,-8.4323889919583621],[124.58717735315236,-8.4323296169182527],[124.58726055662942,-8.4324348196112169],[124.58732876031411,-8.4326246952734323],[124.58743171200399,-8.4326815225342102],[124.58763852459833,-8.4326302099162262],[124.58782708814965,-8.4324940849340351],[124.58812686905981,-8.4319691011930331],[124.58824038418641,-8.4318058202823067],[124.58837982227101,-8.4317189133971056],[124.5885063847619,-8.4320041333839981],[124.58859986838922,-8.4321652415326298],[124.58879043203285,-8.4322870547037496],[124.58908810313346,-8.4323380390691796],[124.58937610292492,-8.4322958042079676],[124.58971835341936,-8.4320859141336086],[124.58993825924335,-8.4319558038172318],[124.59083155583176,-8.4318842879295062],[124.59117444664344,-8.4319056953914924],[124.59130961924359,-8.4319715536442459],[124.59139313478545,-8.4320831792952617],[124.59143150975638,-8.4321731789490286],[124.59155280761604,-8.432217704383504],[124.59160088357396,-8.4322353508807169],[124.59164640006134,-8.432231913671842],[124.5918497277828,-8.4320959919364213],[124.59198588334186,-8.4319949701916812],[124.592263915947,-8.4317886792041463],[124.59266569706438,-8.431187210821065],[124.59291497834363,-8.4308085701593427],[124.59310650875841,-8.4306209922649487],[124.59332874382653,-8.4306107741678602],[124.59340094679635,-8.4305784759158655],[124.59360175911399,-8.4300833820424259],[124.59367647838678,-8.4299090079942971],[124.59377119678334,-8.4298591010166319],[124.59386550958561,-8.4298465078100548],[124.59411188425611,-8.4294030233307922],[124.5941774313435,-8.429185069934988],[124.59440350921466,-8.42885183604335],[124.59450443113462,-8.4285875846492786],[124.5945827737761,-8.4284378349381086],[124.59475424391326,-8.4282699288141316],[124.59506202519242,-8.428114741801835],[124.59520969657035,-8.4280193201354905],[124.59535016527798,-8.4277741793348468],[124.59571802486698,-8.4275833827668407],[124.59581854029341,-8.4275553050332519],[124.59597361938711,-8.4276069297159779],[124.59626790004359,-8.4279909609140873],[124.5965504940101,-8.428342319742228],[124.59663980568257,-8.428587258195364],[124.59676649407845,-8.4289641631655741],[124.59687991567569,-8.4291333508234629],[124.59698660314928,-8.4292289451596503],[124.59707482214537,-8.4292510702805998],[124.59725760305605,-8.4290546952179852],[124.59751554031004,-8.4288813041288222],[124.59771396222959,-8.4286863670821504],[124.59782747825557,-8.4285378035767167],[124.59790164984133,-8.4285013513562603],[124.59805735306441,-8.4285068039458224],[124.59815722817359,-8.4284597271346797],[124.59852749344918,-8.427773147812502],[124.59861079135499,-8.4276480701022933],[124.59875318101456,-8.4276305072420428],[124.59923475897699,-8.4272661316266522],[124.59972138393482,-8.4270873670882906],[124.60014997833889,-8.426637382309309],[124.60030032160262,-8.4264333351302412],[124.60042136945071,-8.4261287581356328],[124.60044410341266,-8.4257158820822724],[124.60045318116943,-8.4254862258086405],[124.60049819673441,-8.4251696005965186],[124.60052790044233,-8.4248564755458801],[124.60057013440428,-8.4246783980895543],[124.60064159183605,-8.4245636562876598],[124.6006438842079,-8.4245599762618326],[124.60074654002085,-8.424491913770737],[124.60074683679716,-8.4244919470456807],[124.60074744743679,-8.424492024387348],[124.60075584170875,-8.4244931269561789],[124.60085169684839,-8.4245057255587312],[124.60108836873326,-8.4248825073217972],[124.60125105609143,-8.425009851323523],[124.6013886658543,-8.4250694448988952],[124.60177601015482,-8.4250883981110292],[124.60205861940983,-8.4250839293798094],[124.60276738410755,-8.4253480701572698],[124.60300069702464,-8.4254561012180602],[124.60324411832141,-8.4256972571226925],[124.60333627544878,-8.4257991952765678],[124.60343369630812,-8.4258166484195272],[124.60354690026929,-8.4257448672317992],[124.60380719734439,-8.4256165546602233],[124.60398546275894,-8.4255121011025267],[124.60409340029025,-8.4253931792517847],[124.60418663390612,-8.4249221800145619],[124.60423149388839,-8.4245852103391599],[124.60435985322476,-8.4243270698383412],[124.60454160261293,-8.4241155232127767],[124.60465232174727,-8.4240223984149338],[124.6051025556385,-8.4236587107808418],[124.60531733802475,-8.423420304103729],[124.60567174375603,-8.4230826482455541],[124.60593477477005,-8.4228645698439664],[124.60609260309127,-8.4226725699830922],[124.6061782122548,-8.4224709446783095],[124.60621204115284,-8.422329257389265],[124.60674571234483,-8.4219188976389887],[124.60754457202449,-8.4216677889372704],[124.60806410317593,-8.4214660539151964],[124.60821893135869,-8.4214183358874379],[124.60835352479535,-8.4213979923234206],[124.60853311940798,-8.421278444544555],[124.60874118116067,-8.4209713035827463],[124.60902660259569,-8.4204151007762107],[124.60924232117623,-8.4199587110256289],[124.60953850929479,-8.4194775080804902],[124.6102032278967,-8.4191503823842027],[124.6104348222093,-8.4190221318658587],[124.61070836899614,-8.4187796629510103],[124.61096468117512,-8.4184450234190535],[124.61121279063786,-8.4182521952825482],[124.61141747813417,-8.4181678820420984],[124.61164597787968,-8.4181518983913293],[124.61271690046465,-8.418517398159338],[124.61336761932023,-8.4186959612495684],[124.61366413479209,-8.418733241745656],[124.61390838436455,-8.4187389290582928],[124.61405368063288,-8.4187870382911569],[124.61428830566081,-8.4190455538092124],[124.61449310287446,-8.4193860236460409],[124.61452199269581,-8.4194638212982795],[124.61451836932736,-8.4194822421117124],[124.61450815033095,-8.4197482417878859],[124.61449332230904,-8.4199735849129524],[124.61451563358969,-8.4200460855583401],[124.61467280630507,-8.4201867728012871],[124.61486274312119,-8.4202815388619001],[124.61498055610787,-8.4202945853268147],[124.61523301019531,-8.4200481477038238],[124.61532393075481,-8.4199345228598759],[124.61549014975071,-8.4198473506746723],[124.61613947825435,-8.4198349292385615],[124.61662366604946,-8.4196609131205946],[124.61673694645299,-8.4195855859060202],[124.61685346171794,-8.4194132731039986],[124.61690254131929,-8.4192942415359653],[124.61702926029216,-8.4192890065823462],[124.61734915004331,-8.4192608200307859],[124.61749860297823,-8.4192113977877057],[124.61760225883722,-8.419006194979886],[124.61765235287385,-8.4189031317740728],[124.61804436915236,-8.4186948667746151],[124.61819155579576,-8.4185808363365027],[124.61833444637762,-8.4183632876355432],[124.61851194556994,-8.4180713668000635],[124.61876641593744,-8.4176486009021687],[124.61890327476635,-8.4173056318493877],[124.61905499309353,-8.4172644608860878],[124.61928853983432,-8.4172070697504182],[124.61955249175412,-8.4169963028370489],[124.61956555620554,-8.4169858671040174],[124.61976050943997,-8.4170575079975265],[124.61989068180958,-8.4170309761985322],[124.62003644572542,-8.4169009755995035],[124.62016650927706,-8.4166801317825843],[124.62026032205631,-8.4163646010454727],[124.62029468245373,-8.4162940240499324],[124.62054189978892,-8.4163737417547395],[124.62064615009979,-8.4163963830865782],[124.62087039964933,-8.4162628976145584],[124.6209778677345,-8.4162062574127958],[124.6216000870744,-8.4155091803043547],[124.62189805135404,-8.4152390257603997],[124.62204720391537,-8.415103793804974],[124.62205790314977,-8.4150940937174141],[124.62207269699741,-8.4150806803290834],[124.62229087162643,-8.4148403392102296],[124.62231643665427,-8.414812176041039],[124.62245088440091,-8.4146640702905415],[124.62245183858158,-8.4146628382193853],[124.62245431441511,-8.4146596456261022],[124.62245433959617,-8.4146596150491746],[124.6224543656765,-8.4146595826735506],[124.62245783705964,-8.4146551013517978],[124.62247809608732,-8.4146488465669904],[124.62267496217987,-8.414588070383104],[124.62281580590479,-8.4145452113923511],[124.62283260524055,-8.414504408251787],[124.62294155630786,-8.4142397728471678],[124.62341430562572,-8.413948304370706],[124.62393968057188,-8.4134936476136772],[124.62426536915154,-8.4132294762592892],[124.62443378968771,-8.4131092099220268],[124.62499918176684,-8.4128405230716226],[124.62499958646185,-8.4128403324153851],[124.62499999745194,-8.4128401372624921],[124.62504639887231,-8.4128180849866112],[124.6252468379713,-8.4126843818786483],[124.62543322786121,-8.4124537273575584],[124.62556938521902,-8.4119408826655331],[124.62558007096357,-8.4119053360623752],[124.62576589967659,-8.4119753662700987],[124.62596399424297,-8.4120011642223176],[124.62604866631295,-8.4119801785423647],[124.62635524429913,-8.411575256992478],[124.62662761926924,-8.4110093199241192],[124.62668499331789,-8.4109036172081346],[124.62784913512951,-8.4103574445404092],[124.62795118120209,-8.4103143346387697],[124.62796941585589,-8.4103151476259086],[124.62843241472422,-8.4102308505732708],[124.62858811884666,-8.4101577257983422],[124.6287087278256,-8.4100176006317042],[124.62887182167731,-8.4096545856905323],[124.62915974412692,-8.4093417421276513],[124.62967693074586,-8.4090194763676891],[124.62995652457403,-8.4088972099382318],[124.63015036894444,-8.4088399923717247],[124.63054943141117,-8.4084628823561047],[124.63095019629463,-8.4082421797327811],[124.63107486841056,-8.4081846168265315],[124.63118258830582,-8.4080373348550665],[124.6314855411249,-8.4078163039791889],[124.6320792591506,-8.4075940230457036],[124.63289466545655,-8.407357726178077],[124.63294772815516,-8.4073464136060352],[124.63380614993389,-8.4074538673020811],[124.63422760282162,-8.4074517727810303],[124.63471483841909,-8.40714106960462],[124.6348601176004,-8.4069905392819351],[124.63512925860846,-8.4068058356207871],[124.63543729079845,-8.4066262733837789],[124.63584697785575,-8.406063272601898],[124.63610613459048,-8.4057218818593356],[124.63631457225972,-8.4055006801122545],[124.63695624393551,-8.404839819601932],[124.63719774338119,-8.4044312261201526],[124.63734457209443,-8.4041713508271414],[124.63767022829848,-8.4037049759038496],[124.63786410414514,-8.4033786640940207],[124.63803229085761,-8.4029513512238054],[124.63816141641632,-8.4027517880645064],[124.63842719665786,-8.4024879449626155],[124.63897758804535,-8.4021419757715421],[124.63922252469979,-8.4019604763948337],[124.63927672773889,-8.4019083364005382],[124.63948850908753,-8.4017630536220054],[124.64103000912769,-8.4011598045812548],[124.6415210245757,-8.4010152880250644],[124.64166555642032,-8.4009862570101177],[124.64176200870975,-8.4009846643107835],[124.64235191540865,-8.4010555695588209],[124.64269929113948,-8.401074054224182],[124.64303488395285,-8.4010358816005919],[124.6432937277234,-8.4009135378294673],[124.64351307057177,-8.4007353038911106],[124.64371105632029,-8.4004244918967288],[124.64388746283623,-8.4000506482187802],[124.64402294660181,-8.3994119757820158],[124.64408375965786,-8.399187069727418],[124.6442674470851,-8.3989051475544443],[124.64451357174403,-8.3986618197870939],[124.6447208061204,-8.3985180082993907],[124.64540772808425,-8.398175773093385],[124.64563149379842,-8.3980528042934566],[124.64609321293153,-8.3977151790122662],[124.64631666478226,-8.3975477423343818],[124.64638464903237,-8.3975100859216809],[124.64703424373545,-8.3971483821920287],[124.64710960332559,-8.3971106007735443],[124.64730232174486,-8.397023944799173],[124.64792866627499,-8.3967123360054643],[124.64826085335574,-8.3964680702451915],[124.64854661923118,-8.3961306787877561],[124.64887471169868,-8.3957781643307499],[124.64939047828796,-8.3954210390496655],[124.64991427492396,-8.3951395386587251],[124.65059161910801,-8.3948894596807691],[124.65070616485764,-8.3948550857935516],[124.65108279013873,-8.3946950703211769],[124.65144421238051,-8.394392179555382],[124.65164555619754,-8.3941139922669095],[124.65180052467451,-8.3939919128964107],[124.65249944719176,-8.3937684448578125],[124.65270785338475,-8.3936811170898409],[124.65291897822829,-8.3934689130598485],[124.65318922810047,-8.3931770857538481],[124.65353472784545,-8.3929488513084038],[124.65395477509287,-8.3927718512398997],[124.65445113431247,-8.3926751165633391],[124.65464707230456,-8.392593601113731],[124.65487944722872,-8.3923604141018018],[124.65516699376178,-8.3920557103027136],[124.65536127520272,-8.3919196626622465],[124.65549533714011,-8.391846742033465],[124.65566774437093,-8.3916092733492178],[124.65583827471664,-8.3913654446594705],[124.65609721201679,-8.3911739915864132],[124.6567148223312,-8.3908503201860754],[124.6572451498439,-8.390678584748855],[124.65778585283488,-8.3905656793625667],[124.65813011871012,-8.3905492100779497],[124.65837274410694,-8.3905695230649826],[124.65890632087007,-8.390774648531135],[124.65943155642128,-8.3909867410451966],[124.65970813392335,-8.3910596643719941],[124.66004361881801,-8.3910470387897362],[124.66091554032005,-8.3905725070155199],[124.66117061862917,-8.3904645541957734],[124.66194560310714,-8.3903856629679012],[124.66229139962843,-8.3903305228353133],[124.66294636868008,-8.3901246806094605],[124.66295149391635,-8.3901230699236748],[124.66306999398512,-8.3901000068098028],[124.6637599943283,-8.3901700073399184],[124.66463999444022,-8.3902300074088885],[124.66655999394868,-8.3904300229271485],[124.66712999325466,-8.3905500068772767],[124.6679500085861,-8.3908600229716512],[124.66811999394258,-8.3909300073139548],[124.66860000978272,-8.3909500073369259],[124.66905999412347,-8.3910100083052157],[124.66950032468026,-8.39111361470151],[124.66956999425986,-8.3911300075437794],[124.669670008764,-8.3911600071285761],[124.66967202504395,-8.3911606006811326],[124.67007999439625,-8.3912800072664595],[124.67013538364108,-8.3912859418926473],[124.67035999381869,-8.3913100077506328],[124.67061999411749,-8.3912400072205173],[124.67081366312016,-8.3911108951516553],[124.67082999390914,-8.3911000079589257],[124.671129849463,-8.3908201416361976],[124.67112992140881,-8.3908200750863671],[124.67112999335461,-8.3908200076372168],[124.67134999360735,-8.3906800083756252],[124.67158681477974,-8.3905980360704575],[124.67161000919464,-8.3905900078225386],[124.67191999381271,-8.3905600082377418],[124.67200751943153,-8.3905763462213372],[124.67266999422486,-8.3907000083985963],[124.67362999442878,-8.3908900081672755],[124.67481999444726,-8.3911199917941417],[124.6755245728009,-8.391312149935743],[124.67558999398307,-8.391329991585792],[124.67624999294287,-8.3916800068267889],[124.67638311329006,-8.3917450880653064],[124.67669999390966,-8.3919000070796415],[124.67675164197476,-8.3919468077988881],[124.67702001046518,-8.3921899916747407],[124.67721999360788,-8.3924300081383194],[124.67745999388364,-8.3927300066844168],[124.67766999367529,-8.3929200073524157],[124.67827997773884,-8.3930800066369784],[124.67885999369378,-8.393130007144066],[124.68006999373529,-8.3930600228017624],[124.68042997796113,-8.3930400065909794],[124.6811999936848,-8.3931500071670371],[124.68208999425792,-8.3934500084110937],[124.68244999287299,-8.3935600071885119],[124.68279997843626,-8.3935800072115399],[124.68320999374623,-8.3935000080189184],[124.68372999434382,-8.3931800067518907],[124.68427196717755,-8.3926477268111057],[124.68428999408798,-8.3926300227573165],[124.68443999291139,-8.3924800077460873],[124.6844899943178,-8.3924400068008254],[124.6845144810585,-8.3924295126118977],[124.68477000902874,-8.3923200075622617],[124.68552999371434,-8.3922000227128137],[124.68642847309559,-8.3921905357645414],[124.68647999435632,-8.3921899916747407],[124.68687814940711,-8.3921800712532217],[124.68687905502441,-8.3921800397769744],[124.6868799939167,-8.3921800074013504],[124.68873999425534,-8.392210006986204],[124.68874163461885,-8.3922101949444823],[124.68927997778883,-8.392270007954437],[124.68943694905602,-8.3923178959540792],[124.6897630926926,-8.3924173942472748],[124.68980872159534,-8.3924313139539208],[124.68986999420497,-8.3924500072619708],[124.69025999420342,-8.3926100083451729],[124.69026502501094,-8.3926124607963857],[124.69062999327957,-8.392789990565575],[124.69067724635795,-8.3928088916169941],[124.69117999526065,-8.3930099917176904],[124.69138999415293,-8.3931000075592692],[124.69194999299782,-8.3938100070261612],[124.69205260474394,-8.3939454611140718],[124.69219999373479,-8.3941400240428266],[124.69262975815684,-8.3945036559189248],[124.69271999433238,-8.3945800065620233],[124.69344479124413,-8.3949275081978953],[124.6934473920835,-8.3949287582555598],[124.69344999382224,-8.3949300083131675],[124.69374999416698,-8.3950300066294403],[124.69381467700578,-8.3950385178133047],[124.69412999370434,-8.3950800080359045],[124.69479999312523,-8.3949600069987014],[124.69521999360791,-8.3947799924026754],[124.69572000857158,-8.3946600066539645],[124.69648999371827,-8.3946200084066049],[124.69697999383175,-8.3946400075302563],[124.6972999941994,-8.3947400229336608],[124.69776999428984,-8.3950100066064692],[124.69801999412743,-8.3951800081508168],[124.6994499944218,-8.3954600066739431],[124.70016999434984,-8.39576000701868],[124.70035999321919,-8.395820007986913],[124.70084999423193,-8.3957800070416511],[124.70109997788177,-8.3957700065805057],[124.70201999422738,-8.3960699916367503],[124.70264001022838,-8.3963000067398639],[124.70340999357643,-8.3964200068777473],[124.70414999262812,-8.3965700066004842],[124.70421999405755,-8.3965800079609494],[124.70450999394109,-8.3967400072455121],[124.70476999423988,-8.3968300068992789],[124.70506999368536,-8.3968600073833954],[124.70560999430586,-8.3970999923707268],[124.70597999428139,-8.3973000078889868],[124.70644999437184,-8.3974700067353751],[124.70716000912716,-8.3976100068962296],[124.70752999381421,-8.3977800075412574],[124.70877999390166,-8.3987000067997997],[124.70905999422337,-8.3989200079519719],[124.7091699939001,-8.3989800071215654],[124.70967999403661,-8.3989800080208852],[124.70993001006195,-8.3989500075367687],[124.71023999378076,-8.3988699921563921],[124.71051999410247,-8.3988699921563921],[124.71096999417,-8.3988900065684788],[124.71174999416701,-8.399200007374418],[124.71218999377322,-8.3993300079734468],[124.71251999370281,-8.3994900081573292],[124.71297999423143,-8.3998200071875431],[124.71494999424692,-8.4006700068152895],[124.71547999440622,-8.4009000066299677],[124.71586999440478,-8.4012200078969954],[124.71622999391911,-8.4015100077805869],[124.71644999417197,-8.4016500079414413],[124.71659997860615,-8.4018200076871494],[124.71682001033525,-8.4022200072474789],[124.71698999389321,-8.4023900069931869],[124.71706000971176,-8.4024300070391291],[124.71753999407554,-8.4020200070176543],[124.71829596598616,-8.4014686902278299],[124.71862248823732,-8.4012305632398352],[124.71934999300788,-8.4007000072994629],[124.71995086873767,-8.4002252408021718],[124.72004289726192,-8.4001525279167595],[124.72015999438827,-8.4000600065639901],[124.7205299943638,-8.3996700065654863],[124.72068997925919,-8.3994800067968072],[124.72092997773632,-8.3992400074203601],[124.72104999406201,-8.3990700067753323],[124.72125999385366,-8.3986900081372937],[124.72154997844882,-8.3983899916048017],[124.72183639993,-8.3982684985923015],[124.72187999366679,-8.3982500067323826],[124.72204999431187,-8.3982100066864405],[124.72232714288339,-8.3982482359672872],[124.72262997789119,-8.3982900067783248],[124.72322999386915,-8.3985200083916425],[124.72329711566942,-8.3985473540770954],[124.7234670713483,-8.39861659378073],[124.7234780520705,-8.398621067907925],[124.72349999372977,-8.3986300071690607],[124.72406999393513,-8.3987200077221473],[124.72410913243061,-8.398721095002486],[124.72412056731037,-8.3987214133624661],[124.72442999434884,-8.398730007283973],[124.72474999381723,-8.3986900081372937],[124.72507999374682,-8.3986300071690607],[124.72547999330709,-8.3986800067768286],[124.72570999402103,-8.398730007283973],[124.72595999385874,-8.3989000070296811],[124.72610999358142,-8.3990300067293902],[124.72615871435323,-8.3990717775404278],[124.72617999411148,-8.3990900229861154],[124.72626755480383,-8.3991970270211596],[124.72626777064113,-8.3991972914218422],[124.7262699937653,-8.3992000082737377],[124.72627196328051,-8.3992006000275978],[124.72627627463044,-8.3992018977493217],[124.72646999399512,-8.3992600227318235],[124.72648524469832,-8.3992629383338908],[124.72714997768935,-8.3993900080424169],[124.72741999373784,-8.3994800067968072],[124.72763999399058,-8.3996200078570382],[124.72779038581768,-8.3997592588826251],[124.7279099938512,-8.3998700067953109],[124.72805999357388,-8.3999400073254264],[124.72823000860808,-8.399899991990992],[124.72850999274203,-8.3997800080408638],[124.72871999433232,-8.3997700066803986],[124.72888999317865,-8.3998200080868628],[124.72900999421597,-8.3998700076946307],[124.72942999379927,-8.3996500065425153],[124.72972997795614,-8.3996100082952125],[124.72988999432789,-8.3995700073498938],[124.73001999402754,-8.3994500072120104],[124.73011999414246,-8.3991100077206511],[124.73017999421143,-8.3989200079519719],[124.73029999434937,-8.3988600069836821],[124.73079999402455,-8.398730007283973],[124.73106000961184,-8.3986600229416695],[124.73139999381476,-8.3986400067308864],[124.73227999392668,-8.3988199916492476],[124.7329009713028,-8.3989824173046941],[124.73292999422392,-8.3989900075827109],[124.7331499935774,-8.3990900238854351],[124.73316892340711,-8.3991247143340502],[124.73321000893486,-8.3992000082737377],[124.73360997791826,-8.3997200079719505],[124.73379999387464,-8.39991000684131],[124.73423999438035,-8.4001300079934254],[124.73456999430982,-8.4002100071860468],[124.73476999364038,-8.4002700072549601],[124.7349799943313,-8.4004300083381622],[124.73508999400804,-8.4005600080378713],[124.73516999320066,-8.4008900079674618],[124.73520999414598,-8.4012000240618363],[124.73529999379969,-8.4012700066055004],[124.73549999313025,-8.4012800070666458],[124.73558999368333,-8.4012500065824725],[124.73569999425933,-8.4008700070451141],[124.73572999384419,-8.4007400082447248],[124.73581999439727,-8.4007000072994629],[124.73592999407401,-8.4007200082217537],[124.73596550290574,-8.4007413140603262],[124.73602999418893,-8.4007800082907238],[124.73635999411852,-8.400820008336666],[124.73636068209987,-8.4008199453841144],[124.73673999365587,-8.4007800082907238],[124.7367921264555,-8.4007732076174193],[124.73696999436982,-8.4007500069072307],[124.73725999425335,-8.4008000074143752],[124.73741999443723,-8.400890007068142],[124.73742244419054,-8.400893681697994],[124.73751999365288,-8.4010400067908222],[124.73765999381374,-8.4013400071355591],[124.73778999261413,-8.4015000073194415],[124.7379699937203,-8.401600006535034],[124.73805617305402,-8.4015843385463427],[124.73807999429641,-8.4015800083107024],[124.73819999443424,-8.4014600225619347],[124.73825999360383,-8.4013800071815581],[124.73835000944541,-8.4013600080579067],[124.73885999429342,-8.4019300082632071],[124.73889941967252,-8.4019566965442891],[124.73950999279202,-8.4023700069702159],[124.73979999267556,-8.4025700080993602],[124.74008997816998,-8.4027900065535164],[124.74026999366538,-8.4028000079139815],[124.74040999382623,-8.4024900232959112],[124.74041999428732,-8.4024000065550126],[124.74041752025244,-8.4023604183985299],[124.74040999382623,-8.40224000727045],[124.74041303713204,-8.4022268214106361],[124.74043999431035,-8.4021100075707409],[124.740649994102,-8.4020400070406254],[124.7413299939841,-8.4017800067418875],[124.74146999414495,-8.401700007549266],[124.74159997765696,-8.4015200073424126],[124.74162578999824,-8.4014490616248736],[124.74163999389066,-8.4014100229541668],[124.74179999407454,-8.4012500065824725],[124.7419199933131,-8.4011899921243867],[124.74199499227518,-8.4012483257495774],[124.74201001005395,-8.4012600070436179],[124.74207999439625,-8.4014600225619347],[124.74218999317372,-8.401810007226004],[124.7422300103068,-8.4018700072949741],[124.74295999360891,-8.4018400229986128],[124.74307997845835,-8.4018200067878297],[124.74309995509896,-8.4018026948384659],[124.74322999436879,-8.4016900070881206],[124.74328999443776,-8.401570007849557],[124.74346695133875,-8.4014007563397968],[124.74352001044019,-8.4013500066973847],[124.74363999439026,-8.4013000079889366],[124.74373001023184,-8.4013000079889366],[124.74376945719473,-8.4013236826418165],[124.74377999365186,-8.4013300066744137],[124.743829994159,-8.401600006535034],[124.74386999420494,-8.4016900079874404],[124.74405999397356,-8.4017100071110917],[124.74441999438727,-8.4016700232529047],[124.74528125442646,-8.401263570157596],[124.74530999406102,-8.4012500065824725],[124.74540903999525,-8.4010618198470866],[124.74540999327667,-8.4010600068137933],[124.74610000890834,-8.4007500078065505],[124.74613151485755,-8.4007434436549602],[124.74634000918411,-8.4007000072994629],[124.74650999364133,-8.4007100068612885],[124.74677999440132,-8.4008600065839687],[124.7471099943308,-8.4013400080348788],[124.74729549209337,-8.4014616458382534],[124.74771999368284,-8.4017400066958885],[124.74791151960096,-8.4018597235473749],[124.7479599939586,-8.4018900226064375],[124.74829999434928,-8.4020000078940029],[124.74855999374881,-8.4020100065565089],[124.74857038361642,-8.4020078679686776],[124.74890001032725,-8.4019400078250328],[124.74927999367685,-8.4017900081023527],[124.74966239080675,-8.4017103443568431],[124.74999821294728,-8.4016403815982699],[124.74999930562353,-8.4016401612643676],[124.75030214962453,-8.4015788508831974],[124.75095188372256,-8.4014008507685958],[124.75134802519131,-8.4012804603249265],[124.75204484869084,-8.4012888456036876],[124.75225825871178,-8.4012914140674866],[124.75280794682931,-8.4013007112587843],[124.75293597791313,-8.4012748980180731],[124.75335419683881,-8.4012724131912933],[124.75391771293221,-8.4013281162994531],[124.75450850995981,-8.401507256754428],[124.75501527523488,-8.4016416793199937],[124.7552129003551,-8.4016558202598617],[124.75557266514647,-8.4016172258542383],[124.75598905575043,-8.4016880546599282],[124.75634586896672,-8.401689648258639],[124.75650360375835,-8.4016468360326257],[124.75683944658329,-8.4014659922617057],[124.75739536880133,-8.4007575540178436],[124.7579337749238,-8.4004211787943177],[124.75863602493268,-8.4002594609053745],[124.75942769902917,-8.4002454440719134],[124.76000916559053,-8.4002351477338379],[124.76068055626274,-8.4002757422316563],[124.76095161822263,-8.4003124453629994],[124.76170432199694,-8.4004995376234888],[124.76193958734211,-8.4005741948431591],[124.7622867751146,-8.4007271011747093],[124.76321219728516,-8.4010292733822212],[124.76377290029916,-8.4013293510686253],[124.76385313511412,-8.401380459540519],[124.76402740034428,-8.4013326641710933],[124.76448463815564,-8.4011986507970278],[124.76452841625348,-8.4011858201694167],[124.764708493802,-8.4011028352276185],[124.76482991576802,-8.4010468200546597],[124.76509360328726,-8.4011086322575466],[124.76523211866743,-8.4012046016110276],[124.7653020409565,-8.4012610079890919],[124.76537619725377,-8.4012113042582541],[124.76550391627279,-8.4008232413994506],[124.76551197779565,-8.4006302576801772],[124.76552313478487,-8.4005771167405214],[124.76566528972137,-8.4005540860022165],[124.76592577385543,-8.4004210232116066],[124.76597235424083,-8.4003959285292353],[124.76600582161143,-8.4003982730617963],[124.76627894661613,-8.4004244451319892],[124.76644839957407,-8.4004730229116262],[124.76658541578433,-8.4005273203794673],[124.76723732174503,-8.4007944756844495],[124.76734843208453,-8.4008401162782889],[124.76760896208395,-8.4009404446457552],[124.76793427474706,-8.4010446949566813],[124.7684612603789,-8.4013692566858253],[124.76869196166479,-8.4015720861827958],[124.76881549433961,-8.40173341376601],[124.76886538423014,-8.4018885863890773],[124.76889472820915,-8.4019497573753483],[124.76897105726857,-8.4019581948147675],[124.76925318178894,-8.4016257271455288],[124.76934529305095,-8.4016564398927471],[124.76979324446268,-8.4018058037947867],[124.76995533736897,-8.4018952566607368],[124.77007080582314,-8.4020318196127164],[124.77010338466357,-8.4021384756101156],[124.77010522827368,-8.4022183992596524],[124.77016611867145,-8.4022772419011744],[124.77043461936228,-8.4021427581816965],[124.77067979073979,-8.4020251160662269],[124.77081380591244,-8.4020057419713794],[124.77104727531162,-8.4020853670460269],[124.77126307213314,-8.4024598357527793],[124.7712738082397,-8.4024706590935807],[124.77137183794002,-8.4025694909891513],[124.7715380722243,-8.4026877734219738],[124.77161193084601,-8.4027318977588266],[124.77172682193532,-8.4026981021356733],[124.77190568090248,-8.4024706590935807],[124.77202922796653,-8.4023135538274119],[124.77215346301193,-8.402129460805952],[124.77222160374413,-8.4020356786036245],[124.77225535260254,-8.4018974132349626],[124.77225030380851,-8.4018562332785223],[124.77223680588395,-8.4017461328776903],[124.77221522845014,-8.4016369596778873],[124.77222319284613,-8.4016153885393123],[124.77225519701983,-8.4015287100818341],[124.77272832225435,-8.4013025539696287],[124.77305608826794,-8.4011848830758709],[124.77332229119088,-8.4012305236697102],[124.77350375909123,-8.4012830863453019],[124.77367086841593,-8.4012669138369347],[124.77382732167359,-8.4010969599567034],[124.77388569666766,-8.4010308507930631],[124.77398257163838,-8.4010134920789596],[124.77417169726607,-8.4007274132395082],[124.77430471239268,-8.4006123818558649],[124.77473586896519,-8.4005435387532543],[124.77486511863037,-8.400494756827527],[124.77495416590205,-8.4002985391462062],[124.7749541703987,-8.400296159540062],[124.77495439972586,-8.4001596478494207],[124.77500274368174,-8.4000215227750346],[124.77517865017467,-8.3999808977002317],[124.77532929111396,-8.3999662261603589],[124.77546743057758,-8.3998659445576322],[124.7755102437028,-8.399724288744892],[124.77551017535438,-8.3997221366672079],[124.77550538466585,-8.3995722421652204],[124.77550737216757,-8.3995725407401096],[124.77568493161436,-8.3995993036648997],[124.77579999357488,-8.3996162576841016],[124.77599658807219,-8.3995004447896235],[124.77607675903528,-8.3992927256787198],[124.77639722794981,-8.3990227572943468],[124.77654566644946,-8.3989497890015059],[124.77684536821926,-8.3989959296184225],[124.77702688378372,-8.3990297576171997],[124.77722485334436,-8.3989144285579869],[124.77744300908762,-8.3986950848102424],[124.77763490013058,-8.3983011637676555],[124.7777506968373,-8.3979043352168219],[124.7777778069003,-8.3977452109726869],[124.77786504113885,-8.3976249761117288],[124.77787535276536,-8.3976142418037512],[124.77808826006526,-8.3975525393182124],[124.7786195723354,-8.3975521643009188],[124.77904188497507,-8.3975818347338418],[124.77949008729775,-8.3975999290934169],[124.78033379077192,-8.3976795083026445],[124.78116624372728,-8.3978326799341971],[124.78187074383982,-8.3980088823040546],[124.78243846336443,-8.3980988360923448],[124.7828154159987,-8.398152647926338],[124.783218713373,-8.3982567417551763],[124.78353552474471,-8.3983504286293282],[124.78408030616129,-8.3985671166790326],[124.78462191566894,-8.398782523194825],[124.78578244670257,-8.3993117418433485],[124.78620496168969,-8.3995799916232841],[124.78634069726547,-8.3997517423489967],[124.78638730642911,-8.3998736319625209],[124.78639919726515,-8.4007300536489993],[124.7864192899184,-8.4010631481457381],[124.78653172765712,-8.4013170069742387],[124.78668146207986,-8.4014443203990368],[124.7869988840913,-8.4015239292858723],[124.78718143117817,-8.401521397694296],[124.78776071328639,-8.4013446170603743],[124.78798744676328,-8.4012026482835722],[124.7883232751991,-8.401055006583249],[124.78846005578703,-8.4009746161855219],[124.78879532214648,-8.4005332424151788],[124.78885835293067,-8.4004426788864635],[124.78909302472334,-8.4003898050453927],[124.78938625946842,-8.4003504453167466],[124.79020386911338,-8.400141601153905],[124.79046314995446,-8.4001231479648482],[124.79076853993627,-8.4001351629074179],[124.79094363524064,-8.4000855536053791],[124.79110302478477,-8.3999334611602308],[124.79117680606475,-8.3997901946617048],[124.79117676199803,-8.3997879013904821],[124.79117375916167,-8.3996308042181909],[124.79115814962893,-8.3994968196224704],[124.79115838075472,-8.3994964212228069],[124.79126890023963,-8.3993052415436296],[124.79135630714791,-8.3991973345892461],[124.79138772766157,-8.3990367417521838],[124.79138771417172,-8.3990344367898047],[124.79138729059105,-8.3989663823925866],[124.79168958780429,-8.3989215853628139],[124.79185850926285,-8.3988381165857504],[124.79190463369196,-8.3988278346367906],[124.79208594690897,-8.3989943351204488],[124.79217797093668,-8.3990548442056365],[124.79222004122198,-8.3990825073518067],[124.79248851043644,-8.3991057890009415],[124.79286922763276,-8.3990602419365814],[124.79301180615005,-8.3990338036670664],[124.79308325998454,-8.3988802417297279],[124.79311363368731,-8.3987763349598481],[124.79326977488029,-8.3987112744057413],[124.79367508763528,-8.3986970228492623],[124.79388346325129,-8.3987006012516758],[124.79404029062698,-8.3987381173701579],[124.79411346306597,-8.3987064918110832],[124.79421032184894,-8.3985854916271023],[124.79433660375128,-8.3984740377466096],[124.79445300929899,-8.3983074608206039],[124.79478832242319,-8.3982831953131836],[124.79490189960302,-8.3982731166109943],[124.79497941576744,-8.3982118511959243],[124.79504629115343,-8.3980925066638292],[124.79518502506892,-8.3979962099570571],[124.79533930736318,-8.3980016643452586],[124.79560869658417,-8.3979838820504824],[124.79570205700441,-8.3979725856662526],[124.79576418127203,-8.3980499453486459],[124.79581413501444,-8.3981946012997355],[124.79592257166939,-8.3983137569742325],[124.79601036888346,-8.3983430550878779],[124.79618321228543,-8.3981784449791803],[124.79653233719762,-8.3979227569296313],[124.79670223711867,-8.3977610111616627],[124.79670872212989,-8.3977548373158584],[124.79671335273906,-8.3977504288391742],[124.79680260415694,-8.3976562932033403],[124.79680383712741,-8.3976549918843375],[124.79680482188508,-8.3976548497914223],[124.79680579135425,-8.3976547112958428],[124.79680593614512,-8.3976494871340606],[124.79681382230012,-8.3973653202533001],[124.796861635656,-8.3972664748678767],[124.79687257231137,-8.3972438668109817],[124.79696502261777,-8.3971487859876106],[124.79701646204012,-8.3970958833682516],[124.79711518421846,-8.3970969571587943],[124.79741158727495,-8.3971001803290051],[124.79745082199793,-8.3971482571862452],[124.79747642569657,-8.3974506011642802],[124.79749921271855,-8.3977196792197901],[124.7975021499044,-8.3977684440583857],[124.79750952074789,-8.3978908013193632],[124.79751246243029,-8.3979396174193539],[124.79757736920033,-8.3980403513810415],[124.79773169736006,-8.3980481323154095],[124.79795408801078,-8.3980206481343771],[124.7980747752307,-8.3980427732553267],[124.79817388501681,-8.3981615539125301],[124.79823207205254,-8.3982973506421672],[124.79837366581205,-8.3983885859644261],[124.79853835326242,-8.3983874609125451],[124.79875946327866,-8.3982815702382254],[124.7988665122798,-8.3982220351188062],[124.79907991600533,-8.3981033506890412],[124.79918878973092,-8.3980681629153651],[124.79925317489415,-8.3980954906143666],[124.79934255671367,-8.3981334294142016],[124.79940060705246,-8.398143618732945],[124.79943744688069,-8.3981500848584574],[124.7994477468161,-8.398143618732945],[124.79996286859159,-8.3978202261225192],[124.80020133732194,-8.3977115700328682],[124.80032810305954,-8.3976238195835435],[124.80044915540429,-8.3974476262069402],[124.80046345912137,-8.3974268060022723],[124.80081501040445,-8.3969151169390557],[124.80086829973231,-8.3967406151871842],[124.80089661938359,-8.3966478833930296],[124.80090515035249,-8.3965691171709977],[124.80106496257804,-8.3964196480482656],[124.80123807217933,-8.3963844611739091],[124.80132688472804,-8.396395819611314],[124.8014550102406,-8.3964635547492321],[124.8014809448897,-8.3964765526507108],[124.80173105714266,-8.396601898358881],[124.80207443178961,-8.3968740700822195],[124.802224701309,-8.3969614563061441],[124.80225104065312,-8.3969767726599116],[124.80261182167828,-8.396962351131549],[124.80270934236228,-8.3969303280721306],[124.80302997765136,-8.3968250390442449],[124.80322593183132,-8.3967016952270228],[124.80326638513566,-8.396667742222462],[124.80335730659453,-8.3966371481857891],[124.80359818191062,-8.3964374762085185],[124.80364514001121,-8.3964110415362825],[124.80403425867416,-8.3961919918668855],[124.80418768211587,-8.3961516950446367],[124.80434907175231,-8.3961989760018696],[124.80468980688909,-8.3965940697604537],[124.80469916613367,-8.396603296804642],[124.80473754110471,-8.3966411321824808],[124.80500354078083,-8.3964976642357669],[124.80515393170867,-8.3964353672982952],[124.80534909268658,-8.3964555975477424],[124.80543157220939,-8.3964641483017317],[124.80567955576691,-8.396504225689398],[124.80624652525705,-8.39634075771977],[124.80659516633398,-8.3962950847503066],[124.80670061544106,-8.396272069300494],[124.8069006183689,-8.3962284144097339],[124.80748210381614,-8.3958735392324115],[124.80769258834232,-8.3956337880688352],[124.80831838518543,-8.3951260704117772],[124.8085693841698,-8.3945149451085967],[124.80860758826964,-8.3943476478256116],[124.80860734994928,-8.3943463105337628],[124.80860663229032,-8.394342277973692],[124.80859786300107,-8.3942930328971102],[124.80859737646779,-8.3942902962601238],[124.80859233396905,-8.3942619802061813],[124.80858897679991,-8.3942431313154202],[124.80858203673165,-8.3942041600938637],[124.80857774876415,-8.3941800798467625],[124.8085756542431,-8.394168317613719],[124.80857305610175,-8.3941537261135295],[124.80857319999325,-8.3941521567965651],[124.80857904108996,-8.3940886790492755],[124.80879868161389,-8.393997117273102],[124.8089062144503,-8.3939942223554453],[124.8089542130665,-8.3939929300296399],[124.80898163969096,-8.394011378722098],[124.80898994223207,-8.3940169626126817],[124.80905695521437,-8.3940620393316294],[124.80915969736225,-8.3941311486335621],[124.80933602473783,-8.3942542577277663],[124.80963657187033,-8.3943198668683294],[124.80984185291925,-8.3942969917127357],[124.81016963422132,-8.3941928978838973],[124.81062079081687,-8.3940893508428189],[124.81101879118432,-8.3939713822734348],[124.81142650962579,-8.3938680393784466],[124.81203690018287,-8.3937186790737428],[124.81261449426358,-8.3935704447201829],[124.81284614973003,-8.3934923817679419],[124.81299271224395,-8.3933839756898578],[124.81309135438255,-8.3932508967114927],[124.81318243142414,-8.3931280232396261],[124.81329821194299,-8.3930242099992256],[124.81344329687067,-8.39303078314407],[124.81376729112765,-8.3930454609791809],[124.81418304141425,-8.3930457100914282],[124.81463074371391,-8.3929223204087293],[124.81499741619791,-8.3927645703286089],[124.81538791532012,-8.392516539106964],[124.81582435271173,-8.3921766475341997],[124.8160739937199,-8.391999788659291],[124.81616491607804,-8.3919287098420341],[124.8161890412913,-8.3917853210356839],[124.81614952597988,-8.3916242110884127],[124.81617813521279,-8.3914531006799962],[124.81626479028796,-8.3913474303395788],[124.81632054016086,-8.3913152103286279],[124.81645218202266,-8.3912450065517419],[124.81659791536151,-8.3912373668109694],[124.81676110274282,-8.3913257108128505],[124.81688574428176,-8.3914216963541435],[124.81708122272028,-8.3914429149585317],[124.81749765019651,-8.391488116683206],[124.81785233831488,-8.3915142258008473],[124.817979619364,-8.3914795542380034],[124.8183207286188,-8.3911556013498512],[124.81844652488724,-8.3909928042744468],[124.81850743237214,-8.3905446316293819],[124.81853935290883,-8.3903968505341595],[124.81868232173179,-8.3902211787643637],[124.81880511876125,-8.3901344598373839],[124.81906622792417,-8.3900398043934388],[124.81908779006949,-8.3900356630153965],[124.81932675972223,-8.390248117056899],[124.81937028511061,-8.3902842922861964],[124.81944333793979,-8.3903450073161707],[124.81965308682061,-8.3904024452166368],[124.82006254005421,-8.3903521317454306],[124.82054331492213,-8.3901490126667682],[124.82095003961274,-8.389977179203413],[124.82120624297374,-8.3898036010552914],[124.82126620527117,-8.389753220134935],[124.82164991631066,-8.389430820375992],[124.82228577476872,-8.388784570251687],[124.82245757225917,-8.388545757980296],[124.8225611822528,-8.3883772421160074],[124.82275757170464,-8.388175257981743],[124.82281724442032,-8.3880569449719928],[124.82277689993407,-8.3879184143033285],[124.82274723759497,-8.387845809336568],[124.82274147833664,-8.3878317097655213],[124.82278040009544,-8.387751085544096],[124.82283496646062,-8.3877281933014274],[124.82303919710137,-8.3876425067962259],[124.82321872786201,-8.387511319991404],[124.8233054629768,-8.3874091480137167],[124.82333287161475,-8.3870345776835507],[124.8233378538589,-8.3869664918100852],[124.82335988545037,-8.3868273514011094],[124.82347622804559,-8.386654257088253],[124.82365663744395,-8.3865642142670254],[124.82398250858591,-8.386401570076373],[124.82422827531468,-8.386332006616783],[124.82515324422695,-8.3864372893493737],[124.82555027512512,-8.3864870227578194],[124.82589127466269,-8.3864899293666895],[124.82610672794317,-8.3864403200646507],[124.826380352971,-8.3862765229431488],[124.82654985269357,-8.3861185228515183],[124.82672827459021,-8.3855846322249477],[124.82674782225422,-8.3854473821908755],[124.82666049358693,-8.3852781945329866],[124.82663892694495,-8.3852358355653109],[124.82662316632616,-8.3852048817998366],[124.82704079079997,-8.3848828201859646],[124.82754427534815,-8.3846441482088494],[124.82769799286814,-8.3845963510407273],[124.82771894707184,-8.3845898345531964],[124.8278741502719,-8.3845619600663781],[124.82848269721876,-8.3846522573957145],[124.82875072576542,-8.3847316261635569],[124.8292929162352,-8.384892180329814],[124.82956447821812,-8.3850034759296364],[124.82985708793433,-8.3852770541926702],[124.83001336942152,-8.3854544607547155],[124.83050999394118,-8.385737710327021],[124.83081486861136,-8.3859701949684791],[124.8310414779819,-8.3861328670381567],[124.83153713483102,-8.3864010853417881],[124.8316471030314,-8.3864440846267598],[124.8317823071078,-8.3864117566971572],[124.83217541606268,-8.3859515232441595],[124.83226358829404,-8.3859065859201678],[124.83236718120054,-8.3859099287001868],[124.83259322759545,-8.3859432728636989],[124.83310633758742,-8.3861660700080733],[124.83336910330149,-8.3863046006767377],[124.83383161923393,-8.3864688519558968],[124.8343360246879,-8.3865338045913518],[124.83505038316866,-8.3866061649425205],[124.83505438515181,-8.3866065696374221],[124.83621875988797,-8.3867362257961418],[124.83623566624306,-8.386738117070422],[124.83670747936674,-8.3868001478085148],[124.83677156595502,-8.3868112886100334],[124.83804496280482,-8.3870326630269574],[124.83841335299394,-8.3870544598953529],[124.83900374442737,-8.3869999609793808],[124.83926478434239,-8.3869173717392869],[124.83937769692329,-8.3868816479696306],[124.84015832194905,-8.3864322261662778],[124.84056411943857,-8.3861584923205328],[124.84110755636868,-8.3855814612153949],[124.8412774778734,-8.3853367260090295],[124.84139279074475,-8.3849636008894208],[124.84143535295925,-8.3844884287979085],[124.84150885275142,-8.3840361804253121],[124.84170246329813,-8.3835763040031566],[124.84186086898399,-8.3833342415819629],[124.84224436868271,-8.3828967106146592],[124.84226705588003,-8.3828661012894941],[124.84242160527288,-8.3826575206280154],[124.84244591574645,-8.3826247106618439],[124.84245591890556,-8.382617274167842],[124.8428521503065,-8.382322694936363],[124.843712743948,-8.3819174289461671],[124.84457538534582,-8.3815741019631673],[124.84462390017291,-8.3815596165829902],[124.84467582163188,-8.3815483507757449],[124.84493160411034,-8.3814521008337124],[124.84538121207333,-8.3812238672875878],[124.84559016595347,-8.3810656954254341],[124.8457363588459,-8.3809263517696877],[124.84641585420832,-8.3802786951056305],[124.84663104128958,-8.3801408038549425],[124.84694744706712,-8.3800206787113325],[124.8473140089344,-8.37997638170458],[124.8482273064451,-8.3799531639073166],[124.84991211795,-8.3799827264216447],[124.85037793079698,-8.3799279918832781],[124.85128738460514,-8.3795360232688267],[124.85162600903311,-8.3794818831823363],[124.85217033719141,-8.3794398353800261],[124.85235339689177,-8.379403931746026],[124.85250215015412,-8.3793747577388444],[124.85267682187794,-8.3792828506229853],[124.85346744736489,-8.378655320786379],[124.85399444738584,-8.3783493507418711],[124.85426285364781,-8.378161929329508],[124.85459681059444,-8.3778423039790937],[124.85468699370983,-8.3777559915457118],[124.85482955603925,-8.3774708039343864],[124.85526519663154,-8.3767523976050029],[124.85558124357954,-8.376501381533501],[124.85591747940816,-8.3763471792788664],[124.85655410408867,-8.3761356155661701],[124.85717255706788,-8.3760134768404555],[124.85788848036918,-8.3759643486757227],[124.85798863516743,-8.3759574760566124],[124.85985640025274,-8.3761873976302468],[124.86042919734962,-8.3763032887657118],[124.86102397837396,-8.3763204136561171],[124.86122407213327,-8.3762691945676124],[124.86170991558015,-8.3760405392394546],[124.86218583770631,-8.3759867417946339],[124.86296101014261,-8.375953992082998],[124.86340427518724,-8.3759227730175212],[124.86359230723929,-8.3758439762185048],[124.86370474407875,-8.3757285698176247],[124.8638414158487,-8.37547838292096],[124.86408674280904,-8.375107037559701],[124.86417474506845,-8.375002809731825],[124.86417579457736,-8.3750015659694554],[124.86417674336212,-8.3750004292263611],[124.86417710309092,-8.3749999921558924],[124.86417764897942,-8.3749993806168845],[124.86417872996446,-8.3749981557402293],[124.86417909868646,-8.3749977375554749],[124.86430000983762,-8.3748600072834734],[124.86457999397157,-8.3746700066154744],[124.86531999392264,-8.3742900070781161],[124.86581997830945,-8.3740400072404668],[124.86622997833092,-8.373880007955961],[124.8668499943318,-8.3736100071960209],[124.86839000959128,-8.3731900067134006],[124.86891999266356,-8.3729500082362165],[124.86954999383715,-8.3725700069002755],[124.87081999394763,-8.3717600082177341],[124.87154999433687,-8.3711700079894058],[124.87207999359691,-8.3708900229561323],[124.87306999428483,-8.3704499909742367],[124.87341999423745,-8.3703100070011942],[124.87499982068528,-8.3697400688490688],[124.87499990791946,-8.3697400382720843],[124.87499999425438,-8.3697400058965172],[124.87512999395415,-8.3696900071880123],[124.87550997910228,-8.369630007119099],[124.87573000993211,-8.3696200066579536],[124.87592408183093,-8.3695524855586996],[124.87595999445819,-8.3695399912775201],[124.87612997801614,-8.3694300068892744],[124.87705999392369,-8.3686200082067899],[124.87883999417045,-8.3677100076106967],[124.8789848731534,-8.3676134213222895],[124.8790499939621,-8.3675700065505225],[124.87951999405254,-8.3671800227398307],[124.87996999411996,-8.3669000071295727],[124.88036999368035,-8.3663099916127521],[124.88048552508701,-8.3662002455448601],[124.88056999391017,-8.3661200071325652],[124.88071999363285,-8.3660700066254776],[124.88238999420298,-8.3658500081713214],[124.88245977979511,-8.3658469738587087],[124.88284999383222,-8.3658300072489737],[124.88348999366838,-8.3658100072260027],[124.883869994105,-8.3659500073868571],[124.88435999421847,-8.3661600071785642],[124.88459999359486,-8.366160008077884],[124.88518999382325,-8.3661800072015353],[124.88645720333727,-8.3662585935592233],[124.88647999395664,-8.3662600072934765],[124.88681999434732,-8.3661200080318849],[124.88682054023582,-8.3661196321152715],[124.88708999420794,-8.3659299920754506],[124.8871033932071,-8.3659191993115769],[124.88780999413598,-8.3653500075967031],[124.88833999429539,-8.364770007829577],[124.88857999367178,-8.3645400071155791],[124.88936999412999,-8.364030006979192],[124.89014541837639,-8.3637380843450728],[124.8902199937578,-8.3637100084101235],[124.8908299940091,-8.3637400070956005],[124.89130999366137,-8.3637800233293547],[124.89144481372728,-8.3637898852949206],[124.89212999370432,-8.3638400072105128],[124.89284999363235,-8.3639899916447575],[124.89497999383173,-8.3645899923342313],[124.89545999438326,-8.3648000074143738],[124.89640000985264,-8.3652900228162252],[124.89674102737661,-8.3653657933966201],[124.89675208274252,-8.3653682485457921],[124.89675999407848,-8.3653700067204113],[124.89691999426236,-8.3653600080579054],[124.89692008959048,-8.3653599531992313],[124.89692018581798,-8.3653598992399338],[124.89692202493154,-8.3653588515297201],[124.89692647657569,-8.3653563082469873],[124.89698999389316,-8.3653200071125866],[124.89700122372756,-8.3653136902745473],[124.89730999426092,-8.3651400069057331],[124.89761999416748,-8.3650500072519662],[124.89857999437129,-8.3648200065380252],[124.89886999425494,-8.3647200082217523],[124.89928999383824,-8.3646900068383161],[124.8998599940436,-8.3646800072764904],[124.90030999411101,-8.3647500069072294],[124.90104999406208,-8.3649000066299664],[124.90174997777933,-8.3649700080594016],[124.90224224508358,-8.3649263846448889],[124.9025399944253,-8.3649000066299664],[124.90280999428592,-8.3647800073914027],[124.90293999398557,-8.3646600072534625],[124.90323999343104,-8.3643600078080453],[124.90333085373595,-8.3643486502699602],[124.90339999361493,-8.3643400077850742],[124.90424999414199,-8.3641900071630744],[124.90463588513808,-8.3641005246194595],[124.90464626781102,-8.3640981171343469],[124.90493999358591,-8.364030006979192],[124.9050345456078,-8.3639891193023459],[124.90530999446071,-8.3638700067953096],[124.90552999381418,-8.3636900065885129],[124.90565543485047,-8.3636107907053656],[124.90571999358292,-8.3635700226383847],[124.90625596164341,-8.3633814141209086],[124.90625999420342,-8.3633800075812132],[124.90688999357837,-8.3632500069821845],[124.90697209358734,-8.3632099583728063],[124.90729999359985,-8.3630500067523599],[124.90749524181206,-8.3629868383718531],[124.90763999399064,-8.3629400070756219],[124.90795999345903,-8.3628100073759128],[124.90992997908529,-8.3617000083486346],[124.91012250504969,-8.3616358354254317],[124.91024489738413,-8.3615950385801057],[124.91031999437234,-8.3615700068502861],[124.91077890042595,-8.3614802266311017],[124.91077999400159,-8.3614800071965192],[124.911309994161,-8.3613800079809266],[124.91166999367533,-8.3613200070126936],[124.91235999401852,-8.3612800069666946],[124.9126700352939,-8.3612690640160281],[124.91320999364632,-8.3612500073818978],[124.91348999396814,-8.3612700074048689],[124.91395999405859,-8.3612300073589267],[124.91425997821545,-8.3611400068058401],[124.91480795672192,-8.3609773311388835],[124.91489999423936,-8.3609500079364807],[124.9159900103308,-8.3607100076606571],[124.91645999423338,-8.3607300067843653],[124.91650520315261,-8.3607300067843653],[124.91718999372324,-8.3607300067843653],[124.91762999422895,-8.3607000071995117],[124.91948999366832,-8.3603400229736167],[124.9196199780796,-8.3602300080084433],[124.91980999403609,-8.3601000083086774],[124.92004997902336,-8.360010006856271],[124.92056999401007,-8.3598999918910408],[124.92106411841439,-8.3598659399611392],[124.92114997758949,-8.359860023321346],[124.9218747340318,-8.3599514151256358],[124.92187669005727,-8.3599516615399239],[124.92224830611451,-8.3599985234130827],[124.92225999280447,-8.3600000081937651],[124.92286999305577,-8.360090007847532],[124.92287571274403,-8.3600915699699385],[124.92341999413748,-8.360240007570269],[124.92357888365859,-8.3602914128184125],[124.92375999362889,-8.3603500072470069],[124.92399999390466,-8.3603200067628336],[124.92415999408854,-8.3602600075932401],[124.9245399936259,-8.3601300069941544],[124.92484999443172,-8.3600500069022701],[124.92527999357685,-8.3600100077555908],[124.9258864540966,-8.359954860428445],[124.92593810396045,-8.3599501632693887],[124.92593905634249,-8.3599500850283448],[124.92593999343603,-8.3599500067873578],[124.92596005011626,-8.3599469679781464],[124.92596060409869,-8.3599468843411842],[124.92692999412395,-8.3598000070646208],[124.92699132339089,-8.3597852033244067],[124.9272199940076,-8.3597300065345053],[124.92855999374876,-8.3592700069052626],[124.92883999407059,-8.3592600226318723],[124.92962999362942,-8.3592700078045823],[124.92963272846771,-8.3592694763052577],[124.93094999424693,-8.3590100066064679],[124.93103781394404,-8.3589637023129626],[124.93149999442926,-8.3587200076221961],[124.93176999428988,-8.3586300070691095],[124.93217999431135,-8.3585200073923716],[124.93241999368786,-8.3584100068163139],[124.93262999437877,-8.3583300076236924],[124.93287999421648,-8.3583000080388956],[124.93323283063069,-8.3583168100726652],[124.93329999379978,-8.3583200080618667],[124.93380549372864,-8.3583398201265595],[124.93380999393617,-8.3583400080848378],[124.93440999372626,-8.3582400070706058],[124.93446901982941,-8.3582447932625428],[124.9347799937018,-8.3582700066554594],[124.93588999362839,-8.3584600073234583],[124.93653999392563,-8.3584000225429804],[124.93874999421689,-8.3579800067718679],[124.93955999379875,-8.3578300070491309],[124.94008999395817,-8.3576700068653054],[124.94081999434729,-8.3574500066124529],[124.94168999399812,-8.3573100082502378],[124.94301999417746,-8.357080006636977],[124.94313692223125,-8.3570540234243822],[124.94328999403808,-8.3570200065680069],[124.94364999445179,-8.3569900078825299],[124.94437997775378,-8.3569700069601822],[124.94450094736089,-8.3569812988478134],[124.9458799938667,-8.3571100233089055],[124.94645999363388,-8.3572100072360058],[124.94695997891995,-8.3572000076741801],[124.94764001027829,-8.3571600067288614],[124.94831999397263,-8.3571800067518893],[124.94882999410902,-8.3571500080663554],[124.94888999417799,-8.3571100233089055],[124.94932997759645,-8.3568600072834442],[124.95002999368933,-8.3567900067533856],[124.9502228856777,-8.356807027322418],[124.95036999408001,-8.3568200072375021],[124.9508399779827,-8.3568800073064722],[124.95084049419347,-8.3568801008359515],[124.95168999289888,-8.3570100070061812],[124.95170521392458,-8.3570078333447668],[124.95175999432831,-8.3570000083436753],[124.95239999416447,-8.3570000083436753],[124.95295999390862,-8.3571700080893834],[124.9530967610068,-8.3572119200940165],[124.95357999372175,-8.357360006958686],[124.95410000870845,-8.3574000079040047],[124.95537999309227,-8.3575700076497128],[124.95698801238689,-8.3578703002741008],[124.95703999410046,-8.3578800066569556],[124.95728999393816,-8.3578900080174208],[124.95729524418027,-8.3578909756879511],[124.95782999365929,-8.3579900072330133],[124.95787032375654,-8.3580058946562872],[124.95815997830039,-8.3581200069327224],[124.95860997926718,-8.3582700066554594],[124.95876999384018,-8.3583000071395759],[124.95904016187399,-8.3584024839873905],[124.95905999372383,-8.3584100068163139],[124.95930999446068,-8.3584500077615758],[124.95931997783475,-8.3584522578653377],[124.96019999413443,-8.3586500070920806],[124.96028571841123,-8.3586676562872526],[124.96053999362584,-8.3587200067228764],[124.96154999433679,-8.3588000068148176],[124.96190999385124,-8.358779992402674],[124.96387412309241,-8.3583871802241561],[124.96410999368129,-8.3583400071855181],[124.96450999414094,-8.358360007208546],[124.96484001025829,-8.3584300068392849],[124.96514999307783,-8.3585900079224871],[124.96545183073749,-8.358772686310374],[124.96552999441383,-8.3588199915492964],[124.96577908503684,-8.3589694723631851],[124.96582999385919,-8.3590000232324542],[124.96591766786617,-8.3590398560045287],[124.96594000972368,-8.35905000665241],[124.96601289977559,-8.3590753585409061],[124.96639999406455,-8.3592099915478002],[124.96640419120058,-8.359211266786474],[124.9665182423231,-8.3592459176649072],[124.96797999408147,-8.3596900226763751],[124.96856999430986,-8.3600000072944454],[124.96869999400963,-8.3601300069941544],[124.96878999366334,-8.3601500070171824],[124.96915997924975,-8.360140006556037],[124.96930999426093,-8.3600600073634155],[124.96953999407549,-8.3599200072025042],[124.96985999444325,-8.3598300066494176],[124.97025000883093,-8.3597200069726796],[124.97075999367883,-8.359520006742855],[124.9712499937923,-8.3593200074123502],[124.97140999397607,-8.359280007366408],[124.97197999418142,-8.3591300067443512],[124.97228507839372,-8.3589430206038742],[124.97228999408799,-8.3589400078749918],[124.9726299935794,-8.3587400076451672],[124.97279997803662,-8.3587400067458475],[124.97291147058797,-8.3587298722857213],[124.9730749808258,-8.3587150082909716],[124.9732399938307,-8.3587000066999053],[124.97342036725615,-8.3586344173444331],[124.97345999408356,-8.3586200066079641],[124.97395999375874,-8.3585400074153426],[124.97498999359334,-8.358470006885284],[124.97499621330462,-8.3584695698147584],[124.97596999292091,-8.3584000225429804],[124.97687999441632,-8.3584300077386047],[124.97736075669366,-8.3584727417236309],[124.97833561279833,-8.358559395000043],[124.97867999378673,-8.3585900070231673],[124.97879276517403,-8.358552417160297],[124.97894999364735,-8.3585000073694005],[124.97936999413002,-8.3583500229351557],[124.97981299477397,-8.3582606393169954],[124.98050999364136,-8.3581200069327224],[124.98148999386819,-8.3576999911616099],[124.98195999395864,-8.3575000071195973],[124.98240999402606,-8.3573900065435396],[124.98351999395265,-8.3571200075822389],[124.98380700628832,-8.3570554299640776],[124.98388831039722,-8.3570371368543306],[124.9839199944123,-8.3570300079284721],[124.98436999358046,-8.3569900078825299],[124.98444195643117,-8.3569900078825299],[124.9846412129217,-8.3569900069832102],[124.98469999440931,-8.3569900069832102],[124.98522999366935,-8.3570700079744142],[124.98523641572808,-8.3570706788686948],[124.98560999320671,-8.3571100233089055],[124.98564125723829,-8.3571185479825658],[124.98594001022332,-8.3572000076741801],[124.98630999401109,-8.3573800078810336],[124.98648999421789,-8.3574300083881212],[124.98670382332284,-8.357414167729587],[124.98675999407851,-8.3574100065665107],[124.9872699942149,-8.3573100082502378],[124.98751999405249,-8.3571700071900068],[124.98758296278356,-8.3571475205416164],[124.98766001040121,-8.3571200066829192],[124.98831999407253,-8.3569100068912689],[124.98876999413994,-8.3566200079069972],[124.98902591691262,-8.3564816705925864],[124.98913999411548,-8.3564200076771726],[124.98950999409101,-8.3563100080004347],[124.99003000907771,-8.3562100069862026],[124.99011350213652,-8.3561919539954488],[124.99039999376475,-8.3561300077935812],[124.99045419140782,-8.3561091192403865],[124.9912255803963,-8.355811799774699],[124.99135999396856,-8.3557599916302365],[124.99150945140013,-8.3557599907309168],[124.99162999382918,-8.3557599907309168],[124.99179766972679,-8.3557844513912869],[124.9921048223797,-8.355829257414257],[124.99210999258219,-8.355830008348164],[124.9924200086765,-8.3558600070336411],[124.99253003713159,-8.3558009161793052],[124.99263525061633,-8.3557444108757863],[124.99295999400863,-8.3555700071500496],[124.99334999400708,-8.3554900079574281],[124.99390999375123,-8.3554400083496603],[124.99474234508318,-8.3554743309755395],[124.99487999441624,-8.355480006596963],[124.99535869994406,-8.3556236202338141],[124.99537999409154,-8.3556300081183394],[124.9961099935814,-8.3558600070336411],[124.99627870190068,-8.3559515067565826],[124.99670000999754,-8.356180007401349],[124.99689999314023,-8.3563100071011149],[124.99704999376229,-8.3563000075392893],[124.99719999438435,-8.3562300070091737],[124.99744999422194,-8.3560900068482624],[124.99802999398912,-8.3558800070566122],[124.99828999428792,-8.3559000079789598],[124.99892999412396,-8.3560400081398143],[124.99916323599462,-8.3561566232295377],[124.99931000984918,-8.3562300070091737],[124.99969999365987,-8.3565900074228807],[124.99999941214321,-8.3568146940428392],[124.99999999400461,-8.3568151320126844],[125.00007617107849,-8.3568731445799358],[125.00016932195672,-8.3569440858008761],[125.00067069669535,-8.3570547887474618],[125.00083572858603,-8.3570819293875047],[125.00100500977339,-8.3570293037593046],[125.00104543160148,-8.3569112263719489],[125.0010756029568,-8.3567232096083899],[125.00123935421288,-8.3566248039914512],[125.00148632243588,-8.3565726639972127],[125.00188149443545,-8.3564832408088705],[125.00262847762224,-8.3562058035549285],[125.00285233776526,-8.356053912557968],[125.00295794695171,-8.3560313359773204],[125.0032089936002,-8.3559461638843118],[125.00337074386482,-8.3558369133428414],[125.00388674427791,-8.3555061319024162],[125.00444518189965,-8.3553929908937903],[125.00450314680279,-8.3553497883619912],[125.00474422896309,-8.3551701011191994],[125.00514466559389,-8.3549812416908935],[125.00528594099342,-8.3549243595714984],[125.00543160328596,-8.3548657111835496],[125.00575041564923,-8.3546611945584459],[125.00608827475412,-8.354552615810519],[125.00687193229385,-8.3542982407711293],[125.0071951657244,-8.3539394292612315],[125.00742605586788,-8.3538131482581548],[125.00772055595894,-8.3537229606460528],[125.00802941642451,-8.3537119601388099],[125.00916985930166,-8.3537725501630007],[125.00937285427392,-8.3537833348329968],[125.00958669686861,-8.3538733039097792],[125.00972929067427,-8.3540037101030862],[125.00978552528181,-8.3541347728015012],[125.00986210435269,-8.3545044139474953],[125.00983682261131,-8.3547368203479095],[125.00979563635963,-8.3548090368075805],[125.00969361996465,-8.3549879137611924],[125.00931650994903,-8.3554231316721257],[125.00916985930166,-8.355609382167188],[125.00908822783947,-8.3557130542140499],[125.00901833792602,-8.3559599603838137],[125.00900115008312,-8.3562305699847457],[125.00909877508843,-8.3564316008376522],[125.00916985930166,-8.3564900028113129],[125.0092525717489,-8.3565579600817728],[125.00973821194896,-8.356970898188365],[125.00983590080625,-8.357046366596478],[125.00997263462943,-8.3570310700278014],[125.01016705726397,-8.3569160863082743],[125.01033110439698,-8.3568327803085367],[125.01053400943704,-8.3567297422837328],[125.01087847945837,-8.3565990069385521],[125.01104233773378,-8.3564537889112103],[125.0116099160648,-8.3556020077264179],[125.01157744694171,-8.3554982268616413],[125.01151371288756,-8.355219148344986],[125.01149741627285,-8.3549269136461248],[125.01156161887366,-8.3547188509941179],[125.01173286867697,-8.3545123045991545],[125.01200505568886,-8.3543128655462624],[125.01228613519709,-8.3540807415329255],[125.01260821209939,-8.3538276012627648],[125.012980806619,-8.3536260227227217],[125.01342788478917,-8.3534629918235623],[125.01374758838051,-8.3534043668180402],[125.01399708279916,-8.3533735677359005],[125.01450994997424,-8.3533102572625353],[125.01468943127225,-8.3532881006652815],[125.01537924365721,-8.3534546946783621],[125.01640850964509,-8.3538518352939377],[125.01647351803854,-8.3538985173026958],[125.01662960437284,-8.354010600708591],[125.01668830672008,-8.3541403656852822],[125.01665557229694,-8.3542822876973446],[125.01654891629948,-8.3543984917969283],[125.01643891572348,-8.3545783975749259],[125.01644193564687,-8.3546548183651339],[125.01644441597705,-8.3547175541717138],[125.01655172937888,-8.3548857579713172],[125.01680618086061,-8.355301350876573],[125.01691811857643,-8.3554579768041322],[125.0170966501903,-8.3555847110654895],[125.01725882583423,-8.35565681510991],[125.01739944742667,-8.3557193350791863],[125.01766476002069,-8.355853663215953],[125.01783533803052,-8.3560055083474936],[125.01801521323159,-8.3561743830413207],[125.0181999780466,-8.3562561952671786],[125.01849469667297,-8.3562917571588287],[125.01883157191958,-8.356251944171845],[125.01931799363058,-8.3561352256600685],[125.01955888513453,-8.3559759611216577],[125.01979177267219,-8.3557458641802214],[125.01982741640222,-8.355710647628257],[125.01986304124637,-8.35565427272644],[125.01997388538655,-8.3554987106969065],[125.02027682201776,-8.3552256333562696],[125.02056207168232,-8.3551083509696014],[125.02098752475456,-8.3551263670881326],[125.02102794658254,-8.3550670082357783],[125.02107716557884,-8.35494016335781],[125.02102414964486,-8.354782226218731],[125.02095599362428,-8.3546331006370451],[125.02096252540025,-8.3544228355453924],[125.02101761876816,-8.3543228201419879],[125.02126388462068,-8.3542013990752366],[125.02140794701916,-8.3541758196582805],[125.02171691630269,-8.3542092888275761],[125.02192944678666,-8.3541886322994969],[125.02222597934554,-8.3540621318618378],[125.02231149318095,-8.3540139623744381],[125.02234655774748,-8.3539942096650179],[125.02241024413752,-8.3539583348092492],[125.02249377496776,-8.3539534919600555],[125.02248405599448,-8.3541410365795059],[125.02247683803569,-8.3542803208800365],[125.02249085307051,-8.3543790538502094],[125.0228839944009,-8.3545681147266464],[125.02330030676376,-8.3547683200019378],[125.02349330667084,-8.3548758978043907],[125.02369854095491,-8.3550635071750889],[125.02383594657169,-8.3552931328717364],[125.02390655684223,-8.3555449448433023],[125.02390933844526,-8.3556836167055053],[125.02372557907233,-8.3557068102210792],[125.02353683835452,-8.3557306323627358],[125.02350136909297,-8.3560933514269777],[125.02351716568467,-8.3562115538201169],[125.02373854100097,-8.3564442731845929],[125.0238473382841,-8.3565176947357713],[125.02396836904506,-8.3564804915813511],[125.02403188636254,-8.3564086285553003],[125.02407099428103,-8.3563643819106233],[125.02413055727948,-8.3562852415706175],[125.02433172932592,-8.3563598826024759],[125.02441830705925,-8.3563865376085573],[125.02454890031152,-8.3562942410862888],[125.02469929123936,-8.3558599917451488],[125.02481257344152,-8.3555183671788313],[125.02490582234589,-8.3553675850459399],[125.02507238488272,-8.355235289377049],[125.02532611870549,-8.3551494607789323],[125.02570944663375,-8.3548321952495712],[125.02616833829825,-8.354494273192131],[125.02630932231739,-8.3544314762315821],[125.02640869740355,-8.3544753505569247],[125.02633486935883,-8.3547516007057538],[125.02634040018938,-8.3548128975971281],[125.02639691628474,-8.3548643514086507],[125.0265390721205,-8.354737826689302],[125.02668122795637,-8.3546113037685927],[125.0268167279097,-8.3543226321837096],[125.02688125966245,-8.354144241763322],[125.0269727755732,-8.3540496798487993],[125.02784538415722,-8.3537833519201286],[125.02809050966937,-8.353738336355093],[125.02839442206493,-8.3537647197659339],[125.0287191663565,-8.3537929126127892],[125.02877661684749,-8.3538059365946538],[125.02932371221959,-8.3539299611987303],[125.02972128720774,-8.3541271780267721],[125.03011899439616,-8.3543244596060617],[125.03027383786741,-8.3544236008684152],[125.030444962665,-8.3546428348988684],[125.03045768177662,-8.3546853332615001],[125.03054911944639,-8.3549908509469901],[125.03059990146437,-8.3551453976419339],[125.03066002474043,-8.3551411168689924],[125.0308644316483,-8.35505683510479],[125.03094465117476,-8.3551435072669733],[125.0309728071494,-8.3552748046884631],[125.03103144744341,-8.3553063825834215],[125.03115814123532,-8.3552162507293133],[125.0313071966699,-8.3551102098682577],[125.0315590733926,-8.3550106953872501],[125.03200499413526,-8.3547281625745882],[125.03239083836661,-8.3543685848422911],[125.03255763472714,-8.3542259757481361],[125.03280685395316,-8.3541086169190635],[125.03321107223326,-8.3540143976462673],[125.03375829081256,-8.3538817575370103],[125.03433468070102,-8.3535961787206361],[125.03448222887187,-8.3535324410692624],[125.03478586877293,-8.3534012731502116],[125.03533227526441,-8.3533062570780316],[125.03551378183568,-8.3532997666708297],[125.03571680558616,-8.3532925082425891],[125.03576069160272,-8.353304008772966],[125.03664579087058,-8.3535359601164032],[125.03685626010838,-8.3536151328320898],[125.03711447885019,-8.353835225715045],[125.03726038395962,-8.3540171171961788],[125.03735371290361,-8.3542225862033206],[125.03736174744677,-8.3543431142433064],[125.03737304113304,-8.3545125384228527],[125.03732947887238,-8.3547171332890002],[125.03728333825552,-8.3549193053815998],[125.03735547917211,-8.355280101695314],[125.03741264997393,-8.3554151636787992],[125.0374925097716,-8.3554904450279537],[125.03755065004248,-8.3554851012563631],[125.03778127578528,-8.3548986479542009],[125.03779820642217,-8.354868814743952],[125.03780865024908,-8.3548504128162335],[125.03793082224968,-8.354853305035931],[125.0381408382292,-8.3550214755605907],[125.03829636878243,-8.3551664300866264],[125.03848644769153,-8.3552811637946434],[125.03858666903966,-8.355303558712194],[125.03879019730982,-8.3553490383274038],[125.03894167461863,-8.3553282639881559],[125.03899971326621,-8.355320304088707],[125.03921108812131,-8.3552674446368087],[125.03945885314363,-8.3552730537084017],[125.0395724321221,-8.355207709867841],[125.03971452590474,-8.3550751632881202],[125.03972975592353,-8.3550697430741252],[125.04000580732225,-8.35497150832839],[125.04020213472086,-8.354944975630076],[125.04028056369714,-8.3549570769075103],[125.04032486879771,-8.354963912654398],[125.04035032230956,-8.3550416788303892],[125.04026541461724,-8.3552191789219137],[125.04022111940924,-8.3553186475375014],[125.04031074404566,-8.3553979920236543],[125.04039393223422,-8.3554236316952029],[125.04061255742363,-8.3552066639563236],[125.04070647902086,-8.3551280542162658],[125.04094974383565,-8.3551081009580344],[125.04147686886245,-8.3553029597637192],[125.04180057173903,-8.3554643359103125],[125.04219311861755,-8.3557402730950798],[125.04221655674871,-8.3557596319014351],[125.04243936918158,-8.3558693042249388],[125.04272505591666,-8.3559438832036221],[125.04287766187463,-8.3559531048518352],[125.04312685412106,-8.3559681639995347],[125.0434133997087,-8.3559007571142274],[125.04375922860561,-8.3557495226223182],[125.04384143113725,-8.3556857885682234],[125.0439745406926,-8.3555825230149594],[125.04435164980885,-8.3552973983561856],[125.04450946284146,-8.3551786626650824],[125.04475125996271,-8.3548822263336433],[125.0449494318708,-8.3546335377075707],[125.04535002588307,-8.354380570107196],[125.04538785316697,-8.3543620548649073],[125.04606657241447,-8.3542362576970959],[125.04641546799951,-8.3542407911795067],[125.04703465122827,-8.3542488356152376],[125.04804463485209,-8.3542308671607657],[125.0480597686435,-8.3542292240993561],[125.0485892292096,-8.3541717583199215],[125.04891388446822,-8.3541005850739225],[125.04918802570694,-8.3539874908299794],[125.0494898363869,-8.3538217259917928],[125.04952977617825,-8.3537997888291216],[125.04976783661641,-8.3537059130973716],[125.0501714010893,-8.3536916012863003],[125.05071957205064,-8.3537793508363052],[125.05108271289691,-8.353908710218775],[125.0514446027862,-8.3540885071788011],[125.05182277490121,-8.3541914291910757],[125.05380668203281,-8.3547487732372474],[125.05403890587093,-8.3548022900935734],[125.05538074292701,-8.3551115237777367],[125.05579224391704,-8.355235412584193],[125.05606869731264,-8.3553193975720887],[125.05623208794054,-8.3553613833211102],[125.05653582227046,-8.3556296951542777],[125.05656676524404,-8.3557011732704609],[125.05669711927669,-8.3560022887745617],[125.05680041630626,-8.3561814139410444],[125.05694340041771,-8.3562744757863925],[125.0571083540674,-8.3561568831336217],[125.05728224428026,-8.3560817267901939],[125.05739052625188,-8.3560345852278601],[125.05741201015621,-8.3559545302773017],[125.05743144810288,-8.3558821006783432],[125.05742796323,-8.3555949921151296],[125.05743761925078,-8.3553769137135419],[125.0574979475723,-8.3552126480452102],[125.05765777508634,-8.3550274290725497],[125.05769482175867,-8.3550060863617546],[125.05782507686581,-8.3549310936949723],[125.05787225979702,-8.3549039296725596],[125.05825196345745,-8.354795320347705],[125.05847041597701,-8.3547978051745417],[125.05869297929758,-8.3548518832078003],[125.05890076046182,-8.3549897573713565],[125.05927055719053,-8.3554278666027244],[125.05942002541394,-8.3557425861513934],[125.05950719669988,-8.3559991636304289],[125.05959985385027,-8.3561476947602387],[125.06035444799943,-8.3562838350309221],[125.06095165089801,-8.356190366692033],[125.06151697912537,-8.3560633203658767],[125.0620090251964,-8.3559438670158102],[125.06219624516064,-8.3559584917909433],[125.06233055710959,-8.3560684447029416],[125.06247682194783,-8.3563617567896245],[125.06268593141067,-8.3564103507570167],[125.06288561867643,-8.3563713201802443],[125.0630400718419,-8.3561780073091541],[125.06313144745843,-8.356074007009795],[125.06338868144258,-8.3560067727942737],[125.06350160301668,-8.3560162111791669],[125.0636249468339,-8.3560601169807569],[125.06369327462494,-8.3560423050083159],[125.0636996661068,-8.3558962730944586],[125.06415758830212,-8.3556250393640426],[125.06446449274222,-8.3554027260549333],[125.06495755594653,-8.3550694453985557],[125.06529857257112,-8.3549424143608917],[125.06564432322705,-8.3548879918872672],[125.06594194666354,-8.3548953663280372],[125.06605722805864,-8.3548906475852505],[125.06620444707767,-8.3546493513863993],[125.06629035301739,-8.3544134448245586],[125.06650307235896,-8.3541069127037986],[125.06672252942121,-8.3536556113173788],[125.06675302543181,-8.3535928979937921],[125.06678786876523,-8.3535129302774749],[125.06739210346291,-8.3530960387511186],[125.06780577541622,-8.3528254291501867],[125.06813393083632,-8.3526611787703473],[125.06824863486668,-8.3526181012443317],[125.06833446346479,-8.3525765696529106],[125.06876624416691,-8.3523124603516976],[125.06923158846712,-8.3520086792570964],[125.06949965298668,-8.3514170350680956],[125.06962611925007,-8.3511379133839228],[125.06972711941114,-8.3509009600112449],[125.07002679060395,-8.3506285535648317],[125.07009204091503,-8.350576475623825],[125.07044155703227,-8.3503810538425114],[125.07062485325446,-8.3502781021526289],[125.07141751030997,-8.3495206625485139],[125.07155343114596,-8.3494255232692467],[125.07173944691806,-8.3492846642557765],[125.07260727560538,-8.3489480552085524],[125.07305195888091,-8.3487634387816456],[125.0730623703322,-8.3487591166398829],[125.07374991642553,-8.3484268818950227],[125.07508766606304,-8.3478301628317126],[125.07620877531474,-8.3475312416734369],[125.07692950998899,-8.3474162417660978],[125.07787110286915,-8.3473119995491061],[125.07853735391586,-8.3472382407521764],[125.07899113383382,-8.3472020700194776],[125.07975552609673,-8.3472356012419482],[125.08024529058775,-8.3472697880702071],[125.08157972892138,-8.3472623039121459],[125.08200040119766,-8.347281217554098],[125.08367836886168,-8.3473566625798412],[125.08388471290925,-8.3473876010568802],[125.08404680581555,-8.3474664131443888],[125.08425116595856,-8.3476845230222807],[125.08437199707009,-8.3478508157625129],[125.08441541543914,-8.3479105703165146],[125.08456396275676,-8.3480228506739991],[125.08470385409964,-8.3480533358927005],[125.08475115933857,-8.3478633442178989],[125.08477208836121,-8.3477792890828937],[125.08478618163701,-8.3477184139735527],[125.08541594808764,-8.3476982583678705],[125.08576141635638,-8.347696022653281],[125.0860485411074,-8.3476501005716273],[125.08661890014218,-8.3473755375509882],[125.08679902535482,-8.3473025863452222],[125.08707991600534,-8.3475201791129052],[125.08719266580897,-8.3476017260387607],[125.08735679118308,-8.3475886948623383],[125.087431446604,-8.347550756961823],[125.08753799378349,-8.3474473043495436],[125.08775190023005,-8.3470981632495977],[125.08781890062187,-8.3468533668893201],[125.08784418236314,-8.3466726319363715],[125.08796018231658,-8.3465353036613124],[125.08810488503252,-8.3464234450858612],[125.08848774531327,-8.3461795543429389],[125.08899504118824,-8.3458950547129689],[125.09035706802433,-8.3454714695326402],[125.09050360265917,-8.3454258981865905],[125.09054427629735,-8.3454090233077522],[125.09111932169935,-8.3452249761516555],[125.09243526007924,-8.3448038506171542],[125.0945353074585,-8.3442558981910793],[125.095497886918,-8.3440453866851954],[125.09572418062646,-8.3439958978923414],[125.09660077410649,-8.3438041930090776],[125.09671686938805,-8.3437788042483589],[125.09864816617994,-8.3436988976859539],[125.09954283783179,-8.3436777887988569],[125.10041747528635,-8.3434224290018619],[125.10047794659999,-8.3434047726121321],[125.10084101010455,-8.3433064614239925],[125.10179933756945,-8.3432465539852387],[125.1027584159682,-8.343324258107998],[125.10321941564359,-8.3433577416664093],[125.10497405590797,-8.3430936323651963],[125.10507165483307,-8.3430863775342345],[125.10661932332323,-8.3429713506472467],[125.10712294726625,-8.3429339136691283],[125.10805279140322,-8.3428714287733783],[125.10887267183637,-8.3428485140476596],[125.10894894693638,-8.3428463817550664],[125.109621947395,-8.3428263655442834],[125.11038724437594,-8.3427450695293146],[125.1112540883056,-8.3427668043444783],[125.11168247946296,-8.3428238978045783],[125.11189858834928,-8.3429126168237531],[125.11209129058068,-8.3431570390660568],[125.11218093230423,-8.3432765850463397],[125.11234565123084,-8.3433245539849281],[125.11246282210163,-8.3432974610089445],[125.11250371337576,-8.343126600612095],[125.11267094770608,-8.3429602880867719],[125.11290761869168,-8.3425349141548963],[125.11301841606712,-8.3422765542195521],[125.11316563508603,-8.3421060688399393],[125.11422318205427,-8.3415748204215561],[125.11628000981466,-8.3406517571727932],[125.11705424515731,-8.3404298512566015],[125.11818157232176,-8.3400372423248541],[125.11875224432072,-8.3398400227987395],[125.11990127482409,-8.3396732570151357],[125.12023171272347,-8.3396670696794786],[125.12048091576173,-8.3397271803650597],[125.12065160438806,-8.3398180856360682],[125.12072580745007,-8.3397916320781178],[125.12116999429986,-8.3396333037339332],[125.12209019680517,-8.3390037890935673],[125.12272152537821,-8.3386607876651624],[125.12349846318364,-8.3381769595989681],[125.12393374404712,-8.337829117120009],[125.12426180683701,-8.3374649924154483],[125.12458227485217,-8.3369924760219192],[125.12484149364013,-8.3366117417384658],[125.12499892625954,-8.3363025530203458],[125.12499946495336,-8.3363014927196559],[125.12499999015745,-8.3363004593986147],[125.12544927526392,-8.3354181480290777],[125.12609296321978,-8.334291225559582],[125.12661986881199,-8.333556820290994],[125.12688063533312,-8.3332574296865687],[125.12717208762183,-8.3330645071212643],[125.12746119717656,-8.3329211632810143],[125.12805705738731,-8.3317266639543277],[125.12814094704709,-8.3315830862903795],[125.12847585367774,-8.331414147744681],[125.12873911941494,-8.3312968347810283],[125.12909207184168,-8.3310296785767832],[125.12952158805092,-8.3302622097331209],[125.12970594817102,-8.3299515856970743],[125.12994421275528,-8.329703617427981],[125.13024283803657,-8.3295176160451092],[125.13085479071606,-8.3292899445752369],[125.13200555601168,-8.3289738040977568],[125.13239240118844,-8.3288071786083719],[125.13263233761234,-8.3286518665903486],[125.13330855674451,-8.3277148980240554],[125.1335672440332,-8.3273986478292841],[125.13432861907063,-8.3267555552246222],[125.13466154089747,-8.3264561951971814],[125.13511844775826,-8.325798133377134],[125.13560593246791,-8.3252009763439219],[125.13587269746711,-8.324892007959761],[125.13596944293556,-8.3247222852052687],[125.1359974217437,-8.3246732020066361],[125.13591431359475,-8.3244778521710714],[125.13574299274501,-8.3241637630471814],[125.13561215487709,-8.3238641008475156],[125.13552170286437,-8.3236569384169456],[125.13553597870248,-8.3230787291999491],[125.13527899832718,-8.3227789168134905],[125.13511172172866,-8.3225926051645729],[125.13569292658735,-8.321712936902486],[125.13577154621998,-8.3215939449045777],[125.13597855936314,-8.3217224355419148],[125.13596451015405,-8.3218263998684279],[125.13594286706973,-8.3219865556349646],[125.13633547780012,-8.3223863060831036],[125.13676378082391,-8.3226147338828014],[125.13714658804463,-8.3225711950046275],[125.13715475388881,-8.3225529495589399],[125.13731240144625,-8.3222006950060177],[125.13738165014308,-8.3220459612520585],[125.13750868208012,-8.3216771169053914],[125.13751344668833,-8.3216490697487302],[125.13820168076302,-8.3206467258656858],[125.13856661935404,-8.3199845847207712],[125.13871452545504,-8.319857882834981],[125.13884552520085,-8.3197597110417973],[125.13892550910498,-8.319640117397455],[125.1389244622942,-8.3193105068743307],[125.13929425992217,-8.319232881891935],[125.13946910431582,-8.3191201950409095],[125.13962068234866,-8.3190719913792464],[125.13983280723835,-8.3191162569096946],[125.14007849392738,-8.3191902099601975],[125.14026461941671,-8.3190732567253463],[125.14028660334418,-8.3188776478850741],[125.14007129125719,-8.318326008238671],[125.13992579084265,-8.3179442730097435],[125.13988613433764,-8.3176865695794504],[125.13989157163883,-8.3174095388191063],[125.13981891630999,-8.3172886636408521],[125.13950750986373,-8.3171977583697867],[125.13909385409818,-8.3170770225864885],[125.1387901035805,-8.3170719450142201],[125.13860079089386,-8.3171275851698852],[125.13827804129858,-8.3173686322565459],[125.13806563492119,-8.3175259128905168],[125.13787143082197,-8.3175882889682953],[125.13768958790422,-8.3175603668174176],[125.13747057240903,-8.3174176803815953],[125.13726180738661,-8.3172291635949591],[125.13720922762377,-8.3171926628110668],[125.13644605574098,-8.3167796005980676],[125.13605499364314,-8.3165373978825414],[125.13575321264068,-8.3163021945905484],[125.13500285339899,-8.3154392258395546],[125.13472543143359,-8.3150347260717012],[125.1346313380659,-8.3148266013665193],[125.13459718181457,-8.3146815227340198],[125.13466988480741,-8.3139855697781968],[125.13471579070119,-8.3135650539840071],[125.13466102468658,-8.3131329756062655],[125.13462196263356,-8.3128248822624755],[125.13446318193041,-8.3120832266595244],[125.13424822867285,-8.3114622888534768],[125.13331822895316,-8.3096466169977248],[125.1326454937946,-8.3082444300363818],[125.13229760275226,-8.3075309762734832],[125.13186919720579,-8.3065137567044758],[125.13156085295111,-8.3055249916849903],[125.13136757245559,-8.3048590383139071],[125.13128652645207,-8.3045331482861116],[125.13104158799899,-8.3040086483803748],[125.13079878993233,-8.3034823983938963],[125.1304431197542,-8.3027114761536609],[125.12967879134317,-8.3006629293506649],[125.12954038478097,-8.3002220690931949],[125.1293215878211,-8.2992677409134785],[125.12912607161093,-8.2981567877055227],[125.12905268243537,-8.29761883574065],[125.1291846984152,-8.2970032569946852],[125.12981738496444,-8.2959315699858962],[125.13002139976788,-8.2954902726579007],[125.1300718688218,-8.2952839600866355],[125.13013485374051,-8.2950265390434765],[125.13014986882149,-8.2943354136483549],[125.12966072845995,-8.2922834287372211],[125.1292722905838,-8.2912906158691726],[125.12901861881426,-8.2905563041300638],[125.12879444660643,-8.2898587890518343],[125.12874002503224,-8.2890973195856077],[125.12874191630647,-8.2886701640967431],[125.12855031124798,-8.2879959441574442],[125.12855022581232,-8.2879956491798339],[125.12855006213567,-8.2879950691170734],[125.12794877631507,-8.2858853513278632],[125.12781452641934,-8.2853348511224567],[125.12777455695027,-8.2849044598729051],[125.12780069844359,-8.2841321023146293],[125.12784335418746,-8.2835292570695174],[125.1279745571801,-8.2830185383747903],[125.12819974382319,-8.2825091012139751],[125.12843626012534,-8.2820791317465137],[125.1291733067028,-8.2813822731733353],[125.13001711899494,-8.2802078817882716],[125.13031043198089,-8.279732710596079],[125.13063618171452,-8.2791514922475358],[125.13120477538018,-8.2782240699847875],[125.13159758845802,-8.2776198505756042],[125.13227182278649,-8.2764273198648652],[125.13286227537378,-8.2755395226308224],[125.13336661967378,-8.2746928513939224],[125.1334753845814,-8.274494147986502],[125.13352375911427,-8.2744401949589701],[125.13415314964823,-8.2733231011801536],[125.1346718848996,-8.2724901787786962],[125.13531077587163,-8.2718018358859808],[125.13600522875834,-8.2710360083050887],[125.13620088526272,-8.2707957256421878],[125.13646996331818,-8.2703376640519082],[125.13701721337372,-8.2690114293339434],[125.1373481971616,-8.2682987885581838],[125.13764808688973,-8.2674530849918142],[125.13792441617898,-8.266673867405018],[125.13821547906116,-8.2659068347326183],[125.13846827579039,-8.2652204451673583],[125.13875319720239,-8.2643267258976607],[125.13897122883918,-8.2632184607633121],[125.13905635326819,-8.2627856791157797],[125.13939869729211,-8.2610844136147534],[125.13952524359513,-8.2605295696838539],[125.13957654092474,-8.2600486167502254],[125.13958747937875,-8.2595936479284546],[125.13963151018606,-8.2577614141578692],[125.13967119726806,-8.2572274758672961],[125.13997130733003,-8.2559472108950445],[125.14030694690814,-8.2551864132223614],[125.14086539981838,-8.2542927883814059],[125.14171436972242,-8.2532253821456152],[125.14195996288208,-8.2528808509704277],[125.14225293142772,-8.2522508201192295],[125.14234543209602,-8.2519799290304263],[125.14242858790908,-8.2515487580686795],[125.14244763824797,-8.2514499837297421],[125.14245991579253,-8.2513863189234371],[125.14252477579782,-8.250264945270942],[125.14252443225678,-8.2502593505885216],[125.14252425958693,-8.2502565545962625],[125.14250880473764,-8.2500060862118403],[125.1425087309932,-8.2500048820196525],[125.14250857541049,-8.2500023522267156],[125.14250846299524,-8.2500005230056672],[125.14250846029722,-8.2500002568063451],[125.14250845400204,-8.2500001318006184],[125.14250844770675,-8.2500000067948349],[125.14250771385991,-8.2499881564282305],[125.14250764011558,-8.24998696122924],[125.14250558066806,-8.24995372408506],[125.1425006496853,-8.2498741160975442],[125.14243029122497,-8.2495948981859328],[125.1424178221248,-8.249552991577275],[125.14204107183809,-8.2482863980987418],[125.14186900994696,-8.2475581477902438],[125.14180169838971,-8.2466301949274907],[125.14182818162533,-8.2460373663313362],[125.14176891630245,-8.2455712567081036],[125.14175647777927,-8.2454733187386182],[125.14169663509165,-8.245037366081533],[125.14166490071466,-8.2448062097387265],[125.14157455662053,-8.2434314287174288],[125.14118049438434,-8.241266961101303],[125.14108029102272,-8.2403327111856015],[125.14107463518633,-8.2400272726404751],[125.14112199438455,-8.2397167574223431],[125.14114630665676,-8.2396508658947027],[125.14127614987444,-8.2394594137209083],[125.14147900904914,-8.2388891005514893],[125.14152032300456,-8.2386753361977867],[125.1415038384315,-8.2382972567129968],[125.14137722917587,-8.2377751319167487],[125.1404699310425,-8.2359707726329816],[125.14000061893353,-8.2349193671350349],[125.13984444806295,-8.2345633192417154],[125.13949288508866,-8.233720241695778],[125.13927455577618,-8.2328575850094694],[125.1387627444052,-8.231290162910625],[125.13855368170709,-8.230779086285736],[125.13779500913245,-8.2288274288426919],[125.13776101026247,-8.2287056948119357],[125.13762232221245,-8.2279149757954428],[125.13751232343509,-8.2272365380357542],[125.13742274376466,-8.2263542419546525],[125.13709308827549,-8.2244157263046986],[125.13699665127444,-8.2239445382098211],[125.13691679057752,-8.2234885072887209],[125.13674725937858,-8.2230479905722405],[125.13657666608037,-8.2228005070377321],[125.13655841613809,-8.2227740229027972],[125.13629493186568,-8.2223868350843077],[125.1359122280669,-8.221778522860518],[125.13479311980666,-8.2198200233753482],[125.13431441607747,-8.218843132104837],[125.13415944670112,-8.2185842721464155],[125.13373861884224,-8.2181849758558769],[125.13317297944945,-8.2176450067116207],[125.13231288403244,-8.216823913992414],[125.13137829057575,-8.2157849919837531],[125.13103335290702,-8.2153641641248214],[125.13040333824358,-8.2145901005526412],[125.13018069668192,-8.2143216322374997],[125.12992127464713,-8.2140149921980878],[125.12962588512653,-8.2137025227531808],[125.12913257191076,-8.2131368509848244],[125.12850969696501,-8.212412350849263],[125.12750900963317,-8.2115273037420025],[125.12589344682522,-8.2099363041170932],[125.12511479131467,-8.2090654761907444],[125.12499999825138,-8.208923473239679],[125.12499944606759,-8.2089227888556024],[125.12499889478318,-8.2089221062701654],[125.12471201015126,-8.2085672256968678],[125.12376993163707,-8.2072951013877855],[125.12364222790654,-8.2070032569946534],[125.12354366580757,-8.2067707408769479],[125.12317861929796,-8.2060876949910835],[125.12299088492148,-8.2055607732110616],[125.12287008798421,-8.2050164603413123],[125.12261271280647,-8.2042019452634918],[125.12246237044212,-8.2038691475430596],[125.12200710394472,-8.2033937407285293],[125.12073577643503,-8.2024515848726764],[125.11995293188238,-8.2018110697250677],[125.11972475859079,-8.201590022661378],[125.11952547781857,-8.2013969607011177],[125.11908196276238,-8.2008531316666335],[125.11872451012812,-8.2004879286749315],[125.11855729108618,-8.2003265552262974],[125.11833824411474,-8.2000168197204175],[125.11806971284705,-8.1996134126288212],[125.11786911007141,-8.1993877151708716],[125.11768590108352,-8.199181586061286],[125.11755564957366,-8.1990349911718567],[125.11739213393992,-8.1988509611029485],[125.11700052595359,-8.1984143357529433],[125.11697720203631,-8.1983979348167964],[125.11674615001482,-8.1982354596986511],[125.11637108775551,-8.1981074286148896],[125.11606979058843,-8.1980728352930896],[125.11569299443624,-8.1980351941688241],[125.11510354099573,-8.1977404287777063],[125.11422499418825,-8.196723553649008],[125.11397980662286,-8.1964075067010072],[125.11351186867785,-8.1957150862821777],[125.11290857197309,-8.194822366159201],[125.11214921321573,-8.193501506689131],[125.11201011867206,-8.1932089761132829],[125.111838822104,-8.1928487256880658],[125.11158349378331,-8.1922645377781578],[125.1112454790956,-8.1914232417891526],[125.11108251024973,-8.1910877883706803],[125.11096010262668,-8.1907839919875869],[125.11070679058594,-8.1901552408716043],[125.11061913546484,-8.1898794763566798],[125.11049068169962,-8.1895448979786352],[125.11033575998738,-8.1889721953104981],[125.11030077546047,-8.1887985847868094],[125.11027382277871,-8.1887038043370808],[125.1101581969433,-8.1883226950362769],[125.11006310442883,-8.1880756018075544],[125.10997575957367,-8.1872839447981391],[125.10989743132143,-8.1867320380530941],[125.10971729082041,-8.1859295702934105],[125.1094142759481,-8.1849544920561357],[125.1092009792419,-8.1845124294050606],[125.10905796275483,-8.1843080701612507],[125.1089283218846,-8.1842218197811007],[125.10881866574891,-8.1841488658774324],[125.10825424403822,-8.183773366547598],[125.10809969734316,-8.1836891954000066],[125.10792401028493,-8.183586084530134],[125.10775349432834,-8.1834809447897214],[125.10743435371251,-8.1831437565790566],[125.10691139974142,-8.182094194691274],[125.10664868169135,-8.1813692565858673],[125.10649188489265,-8.1807365079833971],[125.10625500976096,-8.1793920386116383],[125.10624425926517,-8.1793366322797283],[125.10600036942162,-8.1780835079474627],[125.10597758689619,-8.1779664602838693],[125.1059499633202,-8.1778244906076907],[125.10582474441651,-8.1771810535627196],[125.10578735420313,-8.1768162408767466],[125.10584327584661,-8.1759856953834742],[125.10589783681576,-8.1757205536605966],[125.1062065722756,-8.1750756938881182],[125.1063558066752,-8.1747639762764379],[125.10689183768818,-8.1738758193135368],[125.10733372766947,-8.1733288039810645],[125.10758396312951,-8.1730539288956834],[125.10795283805305,-8.1727831169472438],[125.10822022898049,-8.1726455692376021],[125.10903452642231,-8.1724156170870401],[125.10942158833575,-8.1723791315915832],[125.10964279098209,-8.1723840230042128],[125.10983699418205,-8.1722964290369191],[125.11001510401388,-8.17212602279767],[125.1101416656054,-8.1718354923140737],[125.11018077532253,-8.1714303819065321],[125.11017067773469,-8.1712764242675462],[125.11016358837901,-8.1711683041738752],[125.11006713519021,-8.1709524758759926],[125.10995141582521,-8.1708143669894184],[125.10984674373231,-8.1707738660210794],[125.10923657171043,-8.1708887256341427],[125.10909365414886,-8.1708905926266766],[125.10857746307954,-8.170897334844085],[125.10833680629867,-8.170862022963945],[125.10751426027491,-8.1704074453472799],[125.10733225997592,-8.1702683040389275],[125.10717191625099,-8.1700639609829864],[125.10696385269966,-8.1696546633319826],[125.10685804116576,-8.1694745848841421],[125.10665519817894,-8.1693203817301878],[125.10647476000224,-8.1692423043887743],[125.10599699516524,-8.1692497732584002],[125.10560401031694,-8.1693275538235071],[125.10453635406952,-8.1697726013244392],[125.10408815084759,-8.1699359757646448],[125.10351586906222,-8.1700681005623323],[125.10329558732155,-8.1700626317849583],[125.1032179011853,-8.1700233511966758],[125.10316005589198,-8.1698923658399849],[125.10305251046509,-8.1693668820759058],[125.10300035338366,-8.169112194971774],[125.10294977461251,-8.1688635540097607],[125.10288054120406,-8.1687410231796207],[125.10258091497735,-8.1685526637743919],[125.10243965126892,-8.1684309603205065],[125.10236129064106,-8.1683009920970449],[125.10235640012786,-8.1681118511809245],[125.10238247866857,-8.1678750390017854],[125.10234382220972,-8.1677291482815235],[125.10214247839269,-8.1674791790208587],[125.10162355698162,-8.1672218667956713],[125.10140668097358,-8.1670692095763116],[125.10107168171282,-8.1668830696978603],[125.10078005495564,-8.1668341807528009],[125.10077484338433,-8.1668333066117498],[125.10076224388251,-8.1668311950036241],[125.10060553701601,-8.1667968777736633],[125.10060486432315,-8.1667967311841494],[125.10060482025631,-8.1667967212916324],[125.10060477529021,-8.1667967113990585],[125.1006026313064,-8.1667945089593559],[125.10059360211312,-8.1667852369490674],[125.10059351937548,-8.166785150614146],[125.10059343573857,-8.166785066077864],[125.10055490068817,-8.1667454923105538],[125.10055807799301,-8.1667315042554947],[125.10056030381509,-8.1667217043431606],[125.10058286870446,-8.1666223508407825],[125.10094626046157,-8.1664051321910733],[125.101103086938,-8.1663085548958634],[125.10120102490748,-8.1661740846662383],[125.10122627517251,-8.1660236325845403],[125.10105440034033,-8.1657522891367762],[125.10094207231884,-8.1656191786821068],[125.10072574309868,-8.1655226643394485],[125.1005368692812,-8.1654789923615567],[125.10041575937987,-8.1653855537002755],[125.10033294800724,-8.1650580233090864],[125.100320165943,-8.1649031483615886],[125.10041310278257,-8.1647776947347666],[125.10043233658314,-8.1647635546942752],[125.1006037590563,-8.1646374760386493],[125.1007147911547,-8.1644556636978791],[125.10076958684704,-8.1640713977767518],[125.10074608846128,-8.1639095863582725],[125.10063077379129,-8.1637542167836159],[125.10062351536305,-8.163744435757053],[125.10060480496782,-8.1637192268607919],[125.10060182371524,-8.1637152086898936],[125.1005988532545,-8.1637111950155941],[125.10059250224219,-8.1637079808385806],[125.10056505223542,-8.1636940890109599],[125.10012530623794,-8.1634715382808167],[125.10012146793144,-8.1634687980465515],[125.10010627298618,-8.1634579522226431],[125.10007527875121,-8.163435828900333],[125.10004144715515,-8.1634116794054421],[125.10000349396614,-8.1626899446851553],[125.10000077621487,-8.1621642567749859],[125.09996485369516,-8.1616981642388282],[125.09970540018412,-8.1609746947263488],[125.0996038379468,-8.1607201641042479],[125.09952735420404,-8.1606139128018071],[125.09929915033558,-8.160597132351711],[125.09914074464973,-8.1606046947508162],[125.09906199371608,-8.1605646173631499],[125.09900694711303,-8.1603909447862293],[125.09900013474851,-8.1600911171113353],[125.09906258816795,-8.1599237730636105],[125.09920146327693,-8.1597803977471131],[125.09951808758979,-8.1595158351876194],[125.09960252493659,-8.1593777415894806],[125.09959321335623,-8.15864952275723],[125.09951118169579,-8.1575292417810488],[125.09948276941429,-8.1571927712293473],[125.09947433827017,-8.1570929293951053],[125.0994743580552,-8.157061341607573],[125.09930154702886,-8.1564189001121008],[125.0989803199858,-8.1552339291025078],[125.09860912391196,-8.1544843990357663],[125.09813085185738,-8.1540560960119706],[125.09794525427014,-8.1536920378572404],[125.09779534807694,-8.1533351194202055],[125.09773110320793,-8.1530638596094036],[125.09766685833893,-8.1528140171531049],[125.09770254883358,-8.152607004010008],[125.09781751007006,-8.1524371625449703],[125.09782066219384,-8.1524314698364151],[125.09790341241262,-8.1522820195994541],[125.09813840076663,-8.1518576169354446],[125.09826615036263,-8.1515745382342857],[125.09830519802654,-8.1513287733042148],[125.09825388540855,-8.1508820701513969],[125.09818361867917,-8.1506245070153227],[125.09797566574446,-8.1503030695309917],[125.09753494757979,-8.1500828345551213],[125.09725533846313,-8.1499545228828651],[125.09708738467509,-8.1497154758884562],[125.09676397857481,-8.1492055234161285],[125.09640666623477,-8.1488725701129852],[125.09620176020314,-8.148675413539479],[125.09605891638591,-8.1485213353912513],[125.09589240061382,-8.1484074443480381],[125.09553613508467,-8.148048023097715],[125.09528166561643,-8.1477793506364833],[125.09513867161252,-8.1476214800472349],[125.09510400994213,-8.1475832111962063],[125.09490810432567,-8.1474726791208241],[125.09486982018609,-8.1474670628546164],[125.09454288424672,-8.1474191011105859],[125.09429929117937,-8.147438521970173],[125.09387191625603,-8.147495209835995],[125.09354508823526,-8.1474664603088627],[125.09311097828913,-8.1472808672182282],[125.0913645254526,-8.1464985541649071],[125.0908616983088,-8.1463214596676039],[125.09010029089575,-8.1461486162655774],[125.08898226002339,-8.1460254909835612],[125.08848749440244,-8.1459446949916128],[125.0867985729958,-8.1458421156210647],[125.08552058780492,-8.1457056012324642],[125.08522318200426,-8.1456983041333615],[125.08492436876463,-8.1459430078634796],[125.08480391626779,-8.1460295226443122],[125.08430772881866,-8.1460401481342615],[125.08388501238346,-8.1460514750954758],[125.08366808781204,-8.146057288313159],[125.08341857270898,-8.1461003820269866],[125.08311082290618,-8.1462382570898626],[125.08262047835251,-8.14658405361115],[125.08243227632852,-8.1466999600351073],[125.08229482214836,-8.1467281007212478],[125.08199633806066,-8.1466602567654149],[125.08180596327463,-8.146589428858988],[125.08140915001229,-8.1468872096769474],[125.08052438529216,-8.147209461047737],[125.08040190122688,-8.14727342892553],[125.08026604064537,-8.1475133347725546],[125.07974161898062,-8.1485289292666039],[125.07963685335812,-8.1486809290815927],[125.07943326033671,-8.1488278819011839],[125.0792376380067,-8.1488777313222158],[125.07923005582245,-8.1488796630659408],[125.07897297921966,-8.1488708353207358],[125.07854254120537,-8.148857538844311],[125.07814710390574,-8.148979351116111],[125.07783138521029,-8.1491072095300296],[125.07771186890773,-8.1491972262709282],[125.07764552502101,-8.1494643662874182],[125.07777618212515,-8.1495902264077813],[125.0779396348064,-8.1496349290086982],[125.07840443231873,-8.1496221946085257],[125.07871525870235,-8.1495864762348447],[125.07881693245554,-8.1496251938475552],[125.07898938465246,-8.1500470703160204],[125.07892855630791,-8.1505261625522962],[125.07889335414507,-8.1506493040221244],[125.07870222932445,-8.1506750228339797],[125.07837130669054,-8.1505432101010342],[125.07762888486525,-8.1499462419254769],[125.07726693202335,-8.1496773185533584],[125.07700227503506,-8.1495528352950828],[125.07671524381351,-8.1494848834205982],[125.07546730677086,-8.1494939908549213],[125.07493669687108,-8.1494487882309272],[125.07280377477446,-8.1487823510246358],[125.07203985285696,-8.148563209624399],[125.07085435394538,-8.1482522096716821],[125.07034757158317,-8.1481323345395822],[125.0698966497107,-8.1480531627232153],[125.06893650921256,-8.1479224291767309],[125.0684737126918,-8.147945476102791],[125.06697520114471,-8.14809635716108],[125.06691754111171,-8.1481021631842623],[125.0668922602697,-8.1481091859901085],[125.06617644668574,-8.1483080377856822],[125.06582090061409,-8.1484589764006046],[125.06549233780117,-8.1487011476398266],[125.06483511864587,-8.1490920847318762],[125.06462744719897,-8.1491601948870311],[125.06392882325667,-8.14921494471389],[125.06257471315257,-8.1492473976492192],[125.06035643100449,-8.1494668816911826],[125.05982754060858,-8.1495636793202948],[125.05925440086992,-8.1496932257617232],[125.05821757158367,-8.1498874910148515],[125.05743930637891,-8.1499686800105451],[125.05622201013773,-8.1497246156984033],[125.05580688487987,-8.1497328975551113],[125.0549638379108,-8.1497281167591495],[125.05449811769404,-8.1497691950922331],[125.05356730588653,-8.1497751009401327],[125.05305274438865,-8.1496912877227032],[125.05191904103094,-8.1497123201673958],[125.05170008758898,-8.1497282102886288],[125.05156119719152,-8.1497657102192989],[125.05148361897386,-8.149765553737268],[125.0513391662696,-8.1497542726415304],[125.05118415012851,-8.149672023345147],[125.05091843194009,-8.1493434452437441],[125.05061166599569,-8.1489592890399081],[125.05049993242596,-8.1488726159784051],[125.05027844739254,-8.1487594443927946],[125.04957269722229,-8.1483557729005724],[125.04880468069155,-8.1479930538363305],[125.04833835433169,-8.1476696171590675],[125.04802080731451,-8.1474617721430036],[125.04761311944992,-8.1472735215557464],[125.04740726013699,-8.1471666946871437],[125.04705807227231,-8.1470397733668278],[125.04608880725266,-8.146952742375106],[125.04520294715837,-8.1469710696591164],[125.04464532162433,-8.1469718511699512],[125.04354068165719,-8.1470515068215263],[125.0420085408615,-8.1468794287425794],[125.04162732184352,-8.1467213513092815],[125.04118379059958,-8.1465946791010992],[125.04107386916382,-8.1465751170479734],[125.04052689340142,-8.1464777321615429],[125.04042751022143,-8.1464600380003276],[125.04012107163021,-8.146442163075335],[125.03802079132652,-8.146880210253471],[125.03750962207141,-8.1470033769042516],[125.03681119687928,-8.1471716643408172],[125.03544094844108,-8.1474316322639879],[125.0339070260884,-8.1477505381567426],[125.03378910428376,-8.1477773361551158],[125.03339625972967,-8.1478665848749188],[125.0324061043583,-8.1481413349545733],[125.03198591501803,-8.148260026578896],[125.03134582165239,-8.1484408352762898],[125.03064075946349,-8.1486421170400263],[125.03007397793181,-8.1487825227951589],[125.02969344689507,-8.1488961161628026],[125.02871361933808,-8.1490743042356826],[125.02825219428337,-8.1491771291211421],[125.02783582166592,-8.1492699139753313],[125.02722178975387,-8.1493277889462661],[125.02669321322128,-8.1493776005957557],[125.02615680629162,-8.149433366656524],[125.02574408761961,-8.1494680849841075],[125.02572958785026,-8.1494693197532797],[125.02455680085575,-8.1494838051334568],[125.02447976043265,-8.1494847566161752],[125.02420857346692,-8.1495049760737288],[125.02349547943288,-8.1497685080101974],[125.02263546315612,-8.1502430083081663],[125.02207958770282,-8.150651584702814],[125.02187480667703,-8.1507936011437323],[125.02169247812537,-8.1509280066221663],[125.02084293175596,-8.1515542890991242],[125.0200567444233,-8.1520656013463508],[125.0194556348697,-8.1523952568355753],[125.01782360367645,-8.1533885850151364],[125.0175121189892,-8.1535658512829627],[125.01727996260024,-8.1536966477819988],[125.01670709985285,-8.1539790573875166],[125.01580338461861,-8.1544245698379996],[125.01532021305741,-8.1546113509330667],[125.01514443067106,-8.1546783513248329],[125.01458082194745,-8.1548931939656768],[125.01400352464304,-8.1550843043970644],[125.01350577507151,-8.1551750540854187],[125.01323372925322,-8.155216600965332],[125.01311495758932,-8.1552440707571918],[125.01284332186185,-8.1553068982946684],[125.01231780662158,-8.1555158980402211],[125.01229142231136,-8.1555340886272347],[125.01179926022769,-8.1558734127277717],[125.01142177519478,-8.1561300540586785],[125.01097029124605,-8.1564267107240767],[125.01012290145081,-8.1568944292344554],[125.00966085316588,-8.1572289599484975],[125.00934743223831,-8.1574095384194152],[125.00856465063816,-8.1576128355638389],[125.00838835383956,-8.1576586317403894],[125.00791835374912,-8.1577331010017815],[125.00744455582162,-8.1577200077720704],[125.00724886874036,-8.1576959437127812],[125.00662591645289,-8.1576193520514266],[125.00518985382871,-8.157442772865636],[125.00499149396239,-8.1573777410898174],[125.00477183814985,-8.1573528667413484],[125.00446477542914,-8.1573102577621626],[125.00444594722273,-8.1573050380969789],[125.00442332207876,-8.1573095850692425],[125.00422872767376,-8.157271960132789],[125.00381765026441,-8.1571868051269121],[125.0030105878684,-8.1571468977111294],[125.00284102519322,-8.1571091010041528],[125.00227625994148,-8.1570617256181208],[125.00192915040998,-8.1570237256643736],[125.00166304101663,-8.157029382400026],[125.00128722782335,-8.1570386948798159],[125.00013511894065,-8.1571477259867038],[125.00005463411412,-8.1571656009116964],[124.99999999400461,-8.1571777255715574],[124.99999909738051,-8.1571779153284751],[124.99960999400605,-8.157259991055696],[124.9987999944243,-8.1574500079115069],[124.99782498813272,-8.1574117705367257],[124.99778000943991,-8.1574100069661881],[124.99775406130095,-8.1574061641630919],[124.99723999443029,-8.1573300068742469],[124.99717175027615,-8.1573183912307172],[124.99676999433984,-8.1572500067823626],[124.99657999367184,-8.1572200071975089],[124.99620999369631,-8.1571600080279154],[124.99553999337604,-8.1570900065984802],[124.99512999425394,-8.1570499912640457],[124.9948399943703,-8.1569700073599165],[124.99438999430288,-8.1567500071071208],[124.99361868085748,-8.1562505955884603],[124.99299999405457,-8.1558500078714928],[124.99295999400863,-8.1557900069032598],[124.99230999371127,-8.1550600083126596],[124.991829994059,-8.1546100073459229],[124.99119999378479,-8.1540700076246821],[124.99059999399458,-8.1535200065430331],[124.99011999434231,-8.1530200068677914],[124.98970999432083,-8.152750023194983],[124.98876999413994,-8.1521700072399881],[124.98839999416441,-8.1520100070561057],[124.98810997899238,-8.1519200074023956],[124.98783999442026,-8.1518700077945709],[124.98753999407552,-8.1518100077256577],[124.98699099034195,-8.1518003741878715],[124.98697557236483,-8.151800102592631],[124.98696999387016,-8.1518000081637751],[124.98640999412601,-8.1518700068952512],[124.98638032729036,-8.1518805343591225],[124.98609999421944,-8.1519800065719892],[124.98576999428985,-8.1521600067788427],[124.98556999406003,-8.1523500065475218],[124.98510001015745,-8.1528000228027508],[124.98500524589542,-8.1528468585955807],[124.98422997903037,-8.1532300228472536],[124.98381999429739,-8.1534300068892662],[124.98328999413798,-8.153670007165033],[124.98255999374874,-8.1539200070026823],[124.98193999303635,-8.1540400233283776],[124.98109999386963,-8.1540600071635367],[124.9801999937348,-8.1537300072340031],[124.97985999334412,-8.1535999922458018],[124.97939999371476,-8.1533400072354993],[124.97924999399208,-8.1531699922013559],[124.97914999387717,-8.1529599924096487],[124.97903997891194,-8.1527800065919678],[124.97891999406249,-8.1527300069841999],[124.97880999438576,-8.1527600065689967],[124.97810999358137,-8.1530800069367046],[124.97738999365333,-8.1531000069597326],[124.97692999402409,-8.1529900072829378],[124.97645997864515,-8.1528000228027508],[124.97438999380324,-8.1519700079094832],[124.97359999424441,-8.1516300066194844],[124.97313999371579,-8.1512900071280683],[124.97240999422593,-8.1507300073839133],[124.97149999362989,-8.1501200080318768],[124.97126999381521,-8.1500800070866148],[124.97076999414003,-8.1500400070406727],[124.9703999941645,-8.1501000071095859],[124.96986999400508,-8.1502000072244982],[124.96891997807461,-8.1502900068782651],[124.96859238293223,-8.1502172193491447],[124.96855999384866,-8.1502100229741359],[124.96815050734006,-8.1500481171268575],[124.96812999380427,-8.1500400070406727],[124.96810930579989,-8.1500310390011919],[124.96759999274548,-8.1498100072259945],[124.96723000985708,-8.1496500070421689],[124.96691999376276,-8.1493700067204031],[124.96664999390214,-8.149070007274986],[124.96645999413352,-8.1488699908573494],[124.96636322618201,-8.1487424400115742],[124.96623999388066,-8.1485800071615699],[124.96590997776332,-8.1480400065410095],[124.96590797767112,-8.1480346636687386],[124.96558999358342,-8.1471800073514373],[124.96553999397565,-8.1467100072609924],[124.96553999397565,-8.1465400066159646],[124.96553999397565,-8.1461213542170867],[124.96553999397565,-8.146032904994513],[124.96553999397565,-8.1458999923906958],[124.96552999441383,-8.1444900074078532],[124.96552999441383,-8.1438800071565538],[124.96558999358342,-8.1432000072744586],[124.96537999379177,-8.1428399915723162],[124.96515999263966,-8.1425600065390427],[124.96495999420847,-8.1424600226118855],[124.9646999930103,-8.1424200072774511],[124.96401999402758,-8.1423100076007131],[124.96345999428343,-8.1421600069787132],[124.96322999356937,-8.1420000067948308],[124.96303999380075,-8.1418300079484425],[124.9628299940091,-8.1416700068652972],[124.96260999285698,-8.1415800072115303],[124.9624580649878,-8.1415739295931076],[124.96235999391865,-8.1415700076497046],[124.96187999426638,-8.1415499923382413],[124.96125999445326,-8.1414200070276479],[124.96087999401652,-8.1413100073509099],[124.96076997815203,-8.1412800068667934],[124.95984999328266,-8.140990006983202],[124.95889999264057,-8.1408100076756682],[124.95848999441773,-8.1407700067304063],[124.95828999418791,-8.1408300067993196],[124.95819000936149,-8.1409300069142319],[124.95795000998498,-8.1411400067058821],[124.95766172510855,-8.1413893239580943],[124.9575799938217,-8.1414600079729667],[124.95737999359187,-8.1417200073723848],[124.95736999403005,-8.1418900080174126],[124.95737355444601,-8.1419594176929309],[124.95757371115792,-8.142096924933071],[124.95759264818219,-8.1420978269530906],[124.95777358638202,-8.1421064415590081],[124.95773059519092,-8.1422126559892263],[124.95769268427,-8.1423063167830492],[124.95762130058267,-8.1428726288687017],[124.95774979121995,-8.1431296110426956],[124.95758108919597,-8.1434234789103925],[124.95745473804584,-8.1436435735919872],[124.95731197067096,-8.1443050636277121],[124.95693016979158,-8.1444996481401972],[124.95692999442372,-8.1445000078689986],[124.95692614712402,-8.1445040683080379],[124.95674999421692,-8.1446900067383581],[124.95633999419545,-8.1450100080054426],[124.95626999366539,-8.1450700071750362],[124.95597999378174,-8.1453700066204533],[124.95529999389964,-8.1460000068947807],[124.95527281189084,-8.1460246600100277],[124.95486999385514,-8.1463900068932844],[124.95458999443281,-8.1466100071460801],[124.95425999360384,-8.1467900073529336],[124.95407001002297,-8.1467900073529336],[124.95384997919325,-8.1467100081603121],[124.9538099944358,-8.1466900072380213],[124.95252999386423,-8.146080006986665],[124.95198999414299,-8.145950007286956],[124.95183999442031,-8.1459800068717527],[124.95156999366031,-8.1461300065944897],[124.95143999396066,-8.1462900229661273],[124.95128997894938,-8.146440007400372],[124.95119999368478,-8.1464000073544298],[124.95114999407701,-8.1462900229661273],[124.95106999398513,-8.1459800077710725],[124.95087999421639,-8.1461000070096929],[124.95054999428692,-8.1462500067323731],[124.9500199941275,-8.1464999912815301],[124.94964999415197,-8.1468100073759047],[124.94954154940308,-8.1469100974230173],[124.9495199944522,-8.1469299913259761],[124.94936000865755,-8.1469400241627454],[124.94916999360044,-8.1468800070066436],[124.94911750197116,-8.1468331918982244],[124.9487999936249,-8.1465500223656022],[124.94826001009142,-8.1460400069407228],[124.94791999441225,-8.146050008301188],[124.94764999365236,-8.1460200069177517],[124.94734999330763,-8.1458999923906958],[124.94712999395415,-8.1457100070111892],[124.94697999423136,-8.1455000072195389],[124.94681999404759,-8.1453700066204533],[124.9466599938637,-8.1453200070126854],[124.94636999398006,-8.1453300065745111],[124.94619999423446,-8.1454199909397857],[124.94611000986913,-8.1455700068502779],[124.94579999287544,-8.1460500074018682],[124.94568000892536,-8.1462400071705474],[124.94497999373175,-8.1476000078340576],[124.94480997869766,-8.1477700066803891],[124.94433999389571,-8.1482600067938051],[124.94389999428938,-8.1486999920109611],[124.94381999329812,-8.1487400073453955],[124.94362999442876,-8.1488100069761913],[124.94288001020436,-8.1490100072060159],[124.94220912585058,-8.1492395159908142],[124.94211999404251,-8.1492700084041303],[124.94058155619393,-8.1499293355703344],[124.94057999407153,-8.1499300082631976],[124.94021999365782,-8.150140007155585],[124.94009351660259,-8.1502664842108175],[124.94005458674985,-8.1503054140635527],[124.94003999435029,-8.1503200073623816],[124.93987997887803,-8.1504300070391196],[124.93948999416796,-8.1506400221192621],[124.93910999373134,-8.1508300065995059],[124.93864999410198,-8.1510300230170856],[124.93824999364233,-8.1511200073823602],[124.93729997771186,-8.1512200065979528],[124.9369299939242,-8.1512799922777504],[124.93647999385666,-8.1513400076352127],[124.93584999358245,-8.1514000068048063],[124.93455999434832,-8.151300006689894],[124.93395999275947,-8.1513900072429806],[124.93359999414452,-8.1514999916312831],[124.93291999426242,-8.1517600072185132],[124.93249999377974,-8.1519700070101635],[124.93151999445229,-8.152510007630724],[124.93063999434037,-8.1531200069827037],[124.92982999385924,-8.1539000069797112],[124.92956000928712,-8.154280008315709],[124.92916999400006,-8.154870006745341],[124.92835999441832,-8.1559500070870854],[124.92790999435078,-8.1566700070151796],[124.92751999435234,-8.1571200070825967],[124.9272199940076,-8.1574700070351582],[124.92695000943547,-8.1576900072879539],[124.9265099783529,-8.1581100068712544],[124.92630999431083,-8.1583899910052082],[124.92602999398912,-8.1586900066384374],[124.9252199782195,-8.159629991530835],[124.92457999996714,-8.1603600063091903],[124.92418999367328,-8.1608400077601004],[124.9240399939506,-8.1610300066294599],[124.92363999439033,-8.1614500071120801],[124.92327997778875,-8.1617800070416706],[124.92235999381876,-8.1626400071305625],[124.92217999361185,-8.1628000073144449],[124.9217899936134,-8.1631600068288321],[124.9217726465904,-8.1631724606405101],[124.92139999361484,-8.1634400071505411],[124.92076999423989,-8.1637900071031027],[124.92015999398859,-8.1640400069406951],[124.91931999392261,-8.1644100069162278],[124.91913999371582,-8.1645200065929657],[124.91872999369434,-8.1646100071460523],[124.91832999323469,-8.1646200076071977],[124.91721999420747,-8.1645200065929657],[124.91657999257268,-8.164380007331431],[124.91629999315023,-8.1643500077466342],[124.91540999437575,-8.1643300068242866],[124.91436999408006,-8.1642500067324022],[124.91385999394367,-8.1642700067553733],[124.91363797831013,-8.1643162570895242],[124.91361997837942,-8.1643200072624609],[124.91329999330014,-8.1644100069162278],[124.91317999406158,-8.1644400082997208],[124.91312212268792,-8.1644446380095701],[124.91267999438628,-8.1644800065470235],[124.91227999392663,-8.1644200082766929],[124.9112999936998,-8.1641999918360852],[124.91106999388512,-8.164140007954984],[124.91004999361235,-8.1637900071031027],[124.90897999283243,-8.1634900067583658],[124.90822999421891,-8.1634000080039186],[124.90706999378529,-8.1633800070816278],[124.90589999378972,-8.1634100066664246],[124.90546999374533,-8.1634000071045989],[124.90402999388914,-8.1633800070816278],[124.90283999387066,-8.16342000712757],[124.90133999304635,-8.1636300069192202],[124.9008099937862,-8.1635600225769167],[124.90026997877658,-8.163530006804308],[124.89918997843483,-8.1634500076117433],[124.89822999441878,-8.16342000712757],[124.89746997915631,-8.16342000712757],[124.89698999389316,-8.1634300066893957],[124.89674999361739,-8.1634400080498608],[124.8960699937353,-8.1635800082107721],[124.89478999406299,-8.1639600077481305],[124.89472999399413,-8.1639900226214195],[124.89438865001625,-8.1641188343166959],[124.89260999425585,-8.1647900073529058],[124.89207999409655,-8.1650599910257142],[124.89139999421445,-8.1654100080653507],[124.8908299940091,-8.1655600077880877],[124.89071999433236,-8.165580006911739],[124.89049999407951,-8.1656400069807091],[124.88994999389718,-8.1657800071415636],[124.88909999426937,-8.1659100068412727],[124.8886799937867,-8.1658300067493883],[124.88835999431831,-8.1657900067033893],[124.88798001006944,-8.1658600072335048],[124.88770999402107,-8.1659700069102428],[124.88736999363039,-8.1661000218984441],[124.88716999429982,-8.1661100070710972],[124.88672999289497,-8.1660800083856202],[124.8859399942354,-8.1661300079934449],[124.88526999391513,-8.1660800065869807],[124.88499000888191,-8.1660800065869807],[124.88473999375572,-8.1660500079015037],[124.88406999433482,-8.1659800073713882],[124.88241999378772,-8.1660100078555047],[124.88200999286698,-8.166050007002184],[124.88153997838731,-8.1661500071170963],[124.88117999416147,-8.1661600066789219],[124.88071999363285,-8.1661000227977638],[124.88016999434979,-8.1659800073713882],[124.87885999419348,-8.1659500068872717],[124.87869999400959,-8.1659300230520557],[124.87836999408,-8.1659100068412727],[124.87805999417344,-8.1658900068183016],[124.87736999383026,-8.1660700070251551],[124.87713999401558,-8.1661300070941252],[124.87681001027386,-8.1661600075782417],[124.87652999376428,-8.1662500072320086],[124.87612997801614,-8.1664700065854845],[124.87583999432036,-8.1667000072994256],[124.87565999411345,-8.1668400065610172],[124.87546999344545,-8.1670500072519872],[124.87530999416094,-8.1673100066514621],[124.8752090686437,-8.1674575116547885],[124.87517999446129,-8.167500007319461],[124.87499999425438,-8.1676200065580247],[124.87499900320154,-8.1676206999352985],[124.87499858771469,-8.1676209922149496],[124.87473125973986,-8.1678067103113676],[124.87469047908246,-8.167824888307905],[124.87446696158111,-8.1679245232980406],[124.87386465143254,-8.1679909139494953],[124.87345130683241,-8.1678973349939952],[124.87298024374331,-8.1677906484196683],[124.8728468688879,-8.1677626165514425],[124.87256397814519,-8.1677652110955705],[124.87248354098267,-8.1677659449423459],[124.87168121171862,-8.167607178628316],[124.87107102530763,-8.1673861171755107],[124.87073433801936,-8.1672938035661105],[124.87048974310721,-8.1672697260169684],[124.87010729111864,-8.1673441476143012],[124.86987793162132,-8.1673651009186301],[124.86944599443711,-8.1672911946328668],[124.8692571970621,-8.1671956479607388],[124.8687938222771,-8.166961117361609],[124.86844558769383,-8.1667906319820531],[124.86803813545168,-8.1665852583029732],[124.86752566577695,-8.1662263505655801],[124.86716758811372,-8.1660673819040994],[124.86684964989149,-8.1660077406646678],[124.86633278972647,-8.1658828347249823],[124.86614879113381,-8.1658443509360268],[124.86600176007323,-8.1659300230520557],[124.8656785716089,-8.1661541323073266],[124.86453427513675,-8.1664224612275689],[124.86370861835815,-8.1664892421847526],[124.86321544723512,-8.1665381167406395],[124.86301510346436,-8.1665579755700719],[124.86258472930183,-8.1665902882111823],[124.86093176009274,-8.166747757702808],[124.86033886944335,-8.166853836335406],[124.85975752518971,-8.1670960219638005],[124.85958229138964,-8.167160413422323],[124.85929871266546,-8.1672646007806406],[124.85896796180202,-8.1673377255555692],[124.8574841029091,-8.1672139905331846],[124.85696979142278,-8.1671365382206318],[124.85672608683944,-8.167079977159176],[124.85650497862196,-8.1670286789303645],[124.85538640006234,-8.1668985227485678],[124.85521425903084,-8.1668903038444114],[124.85510660388672,-8.1668851786080836],[124.85433902622515,-8.1667682109841166],[124.85348146329898,-8.1666253815560594],[124.85183488467226,-8.1664810853337713],[124.85153452459872,-8.1664179763085372],[124.85132443217685,-8.1663497726238461],[124.85076661868459,-8.1661088352544766],[124.85052347797614,-8.1660811010619341],[124.85027883719863,-8.1660531950988116],[124.85002382094262,-8.1660241011313133],[124.84917496345383,-8.1659272891130286],[124.84812041572468,-8.1656048821595277],[124.84777149405932,-8.1655166802505619],[124.84725100872708,-8.1654780228923869],[124.84662716521154,-8.1654945380424238],[124.84639285314768,-8.1654643190230445],[124.84617991617029,-8.1653857884233503],[124.84600708805669,-8.1652938831061874],[124.84582404094681,-8.1652553966192158],[124.84560088407363,-8.1652916006268015],[124.84524785340579,-8.1652884916704807],[124.84411882202608,-8.1648336631429856],[124.8437204628292,-8.164593366990232],[124.84359772875223,-8.1645195704218168],[124.84348707167112,-8.1644530376775037],[124.84295291574449,-8.1640644298295229],[124.84260389965027,-8.1637869143345938],[124.84233300946084,-8.1636381322938973],[124.84206330727591,-8.1635820541684438],[124.84089374435086,-8.1634874913546014],[124.84036616516642,-8.1635382257085212],[124.84008808669591,-8.1635528351951621],[124.83985904106191,-8.1635349449816772],[124.83853116508124,-8.1636259599700338],[124.83827024297739,-8.1636721023855898],[124.83803805691082,-8.1637131483430494],[124.83786607236141,-8.1637409445888807],[124.83760897867148,-8.1637824447039975],[124.83667232216999,-8.1639282877602],[124.83636197782312,-8.1639376802796733],[124.83524135330583,-8.1639715847207981],[124.83493225901657,-8.1639651158973265],[124.83437889986635,-8.1638848819816872],[124.83411266636654,-8.1638406946922828],[124.83378272759091,-8.163785928677612],[124.83344271191174,-8.1637509603385183],[124.83303371283569,-8.163739867201059],[124.83281763542561,-8.1637678190296015],[124.83217201033005,-8.1640002883825673],[124.83149580738564,-8.1643012887734017],[124.83105571245119,-8.1647332565345323],[124.8302614626964,-8.1654899919694799],[124.82995363465261,-8.1657008506137458],[124.82966700992461,-8.1658631009013334],[124.82926655710594,-8.1661559138642588],[124.82903302475438,-8.1662987729699239],[124.82895594745912,-8.1663147422315205],[124.82865266458884,-8.1663775697689971],[124.82834941589294,-8.166339507762018],[124.82797658665027,-8.1662716332292575],[124.82709932137664,-8.166111928922362],[124.8268556347798,-8.1660575073480572],[124.82656202501755,-8.1659404758722189],[124.82593921212504,-8.1657581787968638],[124.82549350901832,-8.1656133816521788],[124.82428650911515,-8.1652212880319439],[124.82416627425425,-8.1651754612784657],[124.82392922825136,-8.1650850704195932],[124.82344269682301,-8.1649365231020283],[124.82288149378599,-8.1647482887025262],[124.8223825103446,-8.1645881788013526],[124.82205338365679,-8.164497820318104],[124.8219044936975,-8.164456945231791],[124.82110643081717,-8.1641749601062656],[124.82026885262553,-8.1638324919758816],[124.81933279057591,-8.1633191787370833],[124.81892905613108,-8.1631150542163482],[124.81837113472011,-8.1630065069446687],[124.81828558671054,-8.1629882570024392],[124.81735986866306,-8.1632250538930862],[124.81635236806744,-8.1634827726118147],[124.81538532167531,-8.163886632062372],[124.81505600882781,-8.1640212569753885],[124.81449811889308,-8.1642493196503096],[124.81405968140928,-8.1643424291597171],[124.81366710395378,-8.1643395693156435],[124.81334727535659,-8.1642568820494148],[124.81301480678792,-8.1641104760175836],[124.81300046170202,-8.1640997578974748],[124.81300028093824,-8.1640996229991742],[124.81299818102127,-8.1640980536822099],[124.8122913372755,-8.1635699286092631],[124.8118583532804,-8.1630127572329343],[124.81158089983876,-8.1625923817329635],[124.81122383840943,-8.1620811953907833],[124.8106345567395,-8.1614490700185343],[124.81038788439344,-8.1612527417206024],[124.80973024435536,-8.1609179600957305],[124.8093605870215,-8.1607904137465539],[124.80914727502682,-8.1607544921260455],[124.80805139985227,-8.1604161788634997],[124.80791058670422,-8.1603638976756656],[124.8073309781422,-8.1600379446953184],[124.80601575922003,-8.1592127879397367],[124.8058459159563,-8.1591022729514862],[124.80564399387526,-8.1590297732054182],[124.80550558821244,-8.1589523829460973],[124.80539124391089,-8.1589066946881417],[124.80472232187776,-8.1586394917191001],[124.80447305588689,-8.1585544140548905],[124.80414180589969,-8.1584679451395345],[124.80402893109033,-8.158446912694842],[124.80385021241739,-8.1585948979361547],[124.80369197760274,-8.1586996788470287],[124.80341022809966,-8.1587065703519102],[124.80319036814103,-8.1586410538415066],[124.80280139966487,-8.1585333510332703],[124.80275569701791,-8.1585202263273118],[124.80247921214595,-8.1584657570889476],[124.8022639468237,-8.1584384923424977],[124.80150824381042,-8.1583300071241069],[124.80118560303322,-8.1582926951517152],[124.80095796214027,-8.1582741628222948],[124.80079156417946,-8.1582350827828236],[124.80055958675564,-8.1581806009539264],[124.7995785253288,-8.1579986321311253],[124.79933255715184,-8.1580003363463902],[124.79904288372222,-8.158007851081436],[124.79870078970976,-8.1579484922290817],[124.79866177442136,-8.1579334762488998],[124.79840380569112,-8.1577794286776566],[124.79826138365604,-8.1576943815903746],[124.79762529137417,-8.157474475766378],[124.79710519724711,-8.157333553800413],[124.79678832202353,-8.157292366649358],[124.79612625911966,-8.1572182103520845],[124.79589125907444,-8.1571909923703743],[124.79478161887664,-8.1570573315305523],[124.79401786872972,-8.1569653362811891],[124.79386496869347,-8.1569203207161536],[124.79352010297043,-8.1568187890558193],[124.7932056190441,-8.1566552257580156],[124.79258318116899,-8.1560229915677382],[124.79190489989128,-8.1553339921699717],[124.7916128531507,-8.1549101785618632],[124.79096799517686,-8.1541975260948902],[124.79096352374768,-8.1541925852195618],[124.79096252190288,-8.1541917929168903],[124.79080589957266,-8.1540680075324872],[124.78988266545275,-8.1533384136368454],[124.78972044664135,-8.1531906631185507],[124.78956108767409,-8.1530538510543238],[124.78926478983828,-8.1528317113143771],[124.7883102134457,-8.151956143960831],[124.78760450914081,-8.151308850622911],[124.78728466615451,-8.1509811322733867],[124.78715645970294,-8.1508636187609227],[124.78709413398713,-8.1508064920259358],[124.78668393071894,-8.1504664133942129],[124.7862499466778,-8.1500966643295669],[124.78600030566963,-8.1499284137652239],[124.78521329096066,-8.1493273662649131],[124.78483850928978,-8.1490323193859808],[124.78408207242978,-8.1484703834014454],[124.78294683842591,-8.1477463823895846],[124.78220130584566,-8.1475463201065281],[124.7819534158175,-8.1474798035500271],[124.78157275887577,-8.1474382108047507],[124.78124283808654,-8.1474417415431049],[124.78086754110416,-8.1474370066125061],[124.78021274382309,-8.147341209928868],[124.77955722798379,-8.1471887568555985],[124.77910396157858,-8.1470833347280518],[124.77848358674817,-8.1469040072141183],[124.77738638417441,-8.1465938355370326],[124.77726438394427,-8.1465593519325239],[124.77630069741929,-8.1464490698686518],[124.7762400561337,-8.1464431945976798],[124.77605475981932,-8.1464252576195122],[124.77589804036234,-8.1463908666451061],[124.77568976007444,-8.146365976108882],[124.77490239732788,-8.146271880043173],[124.77490136760412,-8.1462717568360858],[124.77490091794311,-8.1462717433462331],[124.77452124396029,-8.1462596942294567],[124.77378449415914,-8.1462836170952073],[124.77351746206125,-8.1462492270201778],[124.77328963410935,-8.1461751633530639],[124.77312583788716,-8.1461163360000342],[124.77309830694139,-8.14610644525618],[124.77263916616459,-8.1463113359993145],[124.77245232211703,-8.1463683035543113],[124.77205644684761,-8.1463504286293187],[124.77082082242305,-8.1463984614198353],[124.77071627623525,-8.1464012691032508],[124.77051952525596,-8.1464065544188884],[124.77026429136401,-8.1464092101169285],[124.77004989029024,-8.1465018915490077],[124.76939799422212,-8.1467836950114929],[124.76885597822093,-8.1471032583086753],[124.76863997815258,-8.1472236010882852],[124.76855436808967,-8.1472307417053003],[124.7677252857934,-8.1473000470595025],[124.76737377497977,-8.147329429709373],[124.7671108383945,-8.1472862415667464],[124.76698036834944,-8.147280133371396],[124.76683551005078,-8.147382647990753],[124.76655818161487,-8.1476633983471061],[124.7655278058636,-8.1480947419786958],[124.76528741618142,-8.1481935226129281],[124.76502152532316,-8.1483404448555916],[124.76412030570759,-8.1485108510948407],[124.7627894466757,-8.1489601173155393],[124.76252136776702,-8.1490891637338905],[124.76208819671297,-8.1492768819225034],[124.76196832158087,-8.1493009288947178],[124.76001651035369,-8.149692319245105],[124.75861069732593,-8.1498057111646176],[124.75827969735019,-8.1498466626932782],[124.75795419672886,-8.1498513823353846],[124.75734010366295,-8.1497460231603895],[124.75683263421877,-8.1495245696031589],[124.75592041589459,-8.1488670392823792],[124.75556403974872,-8.1485328512100637],[124.75534150970293,-8.1483241482408175],[124.75527013410942,-8.14829255505731],[124.75475649441671,-8.1480651947529168],[124.75373360282356,-8.1475293040340944],[124.75355080572513,-8.1473920540000222],[124.75329263374806,-8.1471982258174194],[124.7530494939391,-8.14699992890354],[124.75269750918278,-8.1467991939276203],[124.75245566619606,-8.1466396479013952],[124.75211702468096,-8.1464701625678799],[124.75186908339151,-8.1463517794110203],[124.75186664892681,-8.1463506165876538],[124.75164535275087,-8.1462757255442284],[124.75153258765886,-8.1462375538200149],[124.75151532067559,-8.1462358810809974],[124.7510891346559,-8.1461945851119708],[124.75078693097214,-8.1462287728395495],[124.75074955604725,-8.1462342892809829],[124.75000000889338,-8.1463643330474724],[124.74999971301645,-8.1463643816108515],[124.74999941264286,-8.1463644328722467],[124.74923738469761,-8.1464966323136991],[124.74880599430128,-8.1466040077687012],[124.74829418203092,-8.1467602101155308],[124.74777760335382,-8.1469018821161399],[124.74744613393204,-8.1470388506623976],[124.74720273421883,-8.1471609633077833],[124.74720253097212,-8.1471610649311401],[124.74718797814273,-8.1471683656275218],[124.74616097844648,-8.1480216630692439],[124.74524049445336,-8.1485388038227029],[124.7446057754363,-8.1491012101527076],[124.74439546268047,-8.149324225832288],[124.74425846265797,-8.1494712883692273],[124.74406232231843,-8.1497101941700976],[124.74396702475849,-8.1497962565919124],[124.7436427130408,-8.1501599442260044],[124.74345699404512,-8.1503515070164099],[124.742956182282,-8.1508561786696418],[124.74272571212202,-8.151065538143996],[124.7426876033503,-8.1510822097761206],[124.74223772828861,-8.1512792098675959],[124.74200653957018,-8.1514145218626481],[124.74151654125546,-8.1517013039719473],[124.74133050929561,-8.1517701470745578],[124.74129189960149,-8.1517822717344188],[124.74125136895555,-8.1517898035565395],[124.73965507232379,-8.1521525540970288],[124.73912207202602,-8.1522678822569219],[124.73861761890805,-8.1524604756703525],[124.73824205572635,-8.1526691318749158],[124.73661243111883,-8.1536554129668843],[124.73624999444178,-8.1537787729719753],[124.73569835299668,-8.1538482878681293],[124.7348832443663,-8.1538353511205059],[124.73463885270098,-8.153767007141596],[124.73423758689523,-8.1535672569233384],[124.73393843101383,-8.1534551789133047],[124.73302100921228,-8.1531981158003646],[124.73281579111597,-8.1532174602175473],[124.73250289988903,-8.1532914609321097],[124.7321917443536,-8.1533971789365864],[124.73159249369871,-8.1537121475975027],[124.73144208838175,-8.1538362270601965],[124.73128140021652,-8.153954178542449],[124.73103591497556,-8.1540438346552264],[124.7304376499776,-8.1541013507966795],[124.73013200908497,-8.1541373038934353],[124.72933866584685,-8.1545738357139044],[124.72908188422161,-8.154776710176975],[124.72882113388823,-8.1549802258567183],[124.72827158786356,-8.1552226947715099],[124.72784286935303,-8.1553787730119325],[124.72675072816367,-8.1556709762345463],[124.7261864314587,-8.1558937733788639],[124.72566404046313,-8.1560918346704057],[124.72552774371047,-8.15612350699422],[124.72500227523483,-8.1562052104021063],[124.72425643058989,-8.1562123663076136],[124.72310105626877,-8.1560108821964263],[124.72262249373318,-8.1559350225831508],[124.72229991590848,-8.1559145845903345],[124.72140597810346,-8.1557450066267165],[124.72032493095082,-8.1556274598393657],[124.71989830606208,-8.1555777255315434],[124.71886191564499,-8.1554000698573077],[124.71833963526603,-8.1553270853766548],[124.71706099267078,-8.1551432423667052],[124.71482874405137,-8.1549292262027961],[124.71353032176705,-8.1549276469932579],[124.71324607124927,-8.1548933351592154],[124.7128761657026,-8.1548912883022808],[124.71215905619556,-8.1549695688904649],[124.71076722942416,-8.1552336476146934],[124.70978383785393,-8.1555823039801112],[124.7093157443262,-8.1558214759803036],[124.70866830619741,-8.1561344130726638],[124.7082709794222,-8.1562764762783218],[124.70745699404506,-8.1564238203030186],[124.70658351042073,-8.1565621792011598],[124.70605472794341,-8.1566858512709928],[124.7053956498894,-8.1568364760224767],[124.70424841533213,-8.1568643352208596],[124.70333054117157,-8.1568358671814849],[124.70214707202979,-8.156670382931793],[124.70125155681399,-8.156639584748973],[124.70005869695137,-8.1567896159479574],[124.69901235193856,-8.1569986022036574],[124.69773588480325,-8.1574270698033615],[124.6970274150832,-8.1576695072419056],[124.69586549369762,-8.1580531013694895],[124.69550063424697,-8.1581022421247553],[124.69516061946706,-8.1580892262367684],[124.69435233759032,-8.1578857096577053],[124.693090198454,-8.1576514101843713],[124.69308974879289,-8.1576513265474091],[124.69308911926748,-8.15765120963556],[124.69261299389461,-8.1575628035804471],[124.69229712321373,-8.1575354174255494],[124.6922666343977,-8.1575327734187226],[124.69194049435839,-8.1575855537302573],[124.69158738365093,-8.1576572719654905],[124.69068818121468,-8.1578438669008619],[124.6900952752768,-8.1579747263525064],[124.68977683793082,-8.1580583039475414],[124.68973151030104,-8.1580768983301368],[124.68934351039479,-8.1582312112013824],[124.6876345089255,-8.158720195080889],[124.68703108811428,-8.1588225226412874],[124.6864992911095,-8.1589130070295823],[124.68570725908285,-8.1590941169998246],[124.68481158828422,-8.1593218037581892],[124.68437535324006,-8.1594429442364458],[124.68405775945814,-8.159590335925202],[124.68372226017425,-8.1597896625628437],[124.68276619720234,-8.1601698050923801],[124.68215169674352,-8.1604141320065651],[124.68056296341013,-8.1609268346056751],[124.67994329095018,-8.1611104761674937],[124.67922132240619,-8.1613259285487061],[124.6786588378352,-8.1615616786285159],[124.67799591517939,-8.1619476172886607],[124.67791010276915,-8.1619958668157437],[124.67790825106499,-8.1619969082306625],[124.67758735137522,-8.1621773194277125],[124.67733863397086,-8.1623171478180438],[124.67729892620457,-8.1623397199020928],[124.67691294707492,-8.1625591319983073],[124.67656914614929,-8.1628091947884514],[124.67622816819551,-8.1630572053257424],[124.67620382174903,-8.1630749129768105],[124.67572924321007,-8.1633483977103651],[124.67535446333784,-8.1634892315427692],[124.67529140017803,-8.1635129295780189],[124.67505890114739,-8.1635711723716327],[124.6748675721808,-8.1636191008407764],[124.67432375933413,-8.1636494610537511],[124.67425954504199,-8.163641323088541],[124.6741416187408,-8.1636263790541079],[124.67401866343062,-8.163610797400338],[124.67397247784766,-8.1636049437131533],[124.67229753999959,-8.1628353506708322],[124.67195211939486,-8.1626136641892231],[124.67145996270722,-8.1622106941681523],[124.67078652517807,-8.1617756633161775],[124.66973604058592,-8.1614561629714899],[124.66915994657438,-8.1612897892923115],[124.66805768171673,-8.1612560539236938],[124.6677044469028,-8.1612736950249314],[124.66681801034292,-8.1615174607621839],[124.66656310290489,-8.1616162566848516],[124.66629940009727,-8.1618268824046254],[124.66619488358708,-8.1619554440884485],[124.66605535287226,-8.1621270859961896],[124.66592457166166,-8.1623752728005456],[124.66583474377842,-8.1625457096167793],[124.66583193879296,-8.1625510327039592],[124.66583146215237,-8.1625519383212577],[124.6656185719396,-8.1629559128850246],[124.665104416036,-8.1636207726804741],[124.66463063429637,-8.1640780230822543],[124.66434958716377,-8.1642831161728395],[124.66357046310645,-8.1647810384141621],[124.66307990001746,-8.1651720537472556],[124.66279033720434,-8.16547014752922],[124.66241560319759,-8.166014038616936],[124.66220315005535,-8.1663312582808771],[124.66169129102036,-8.1668023042828963],[124.66134261846707,-8.1671507259252394],[124.66129472327293,-8.1671980977139924],[124.66113063387172,-8.1673603983636553],[124.66042796298018,-8.1677799905540951],[124.65966172800643,-8.1681421169651003],[124.6590976039713,-8.1684087263815854],[124.65850708843141,-8.1686317879266426],[124.65768221226438,-8.1689215863620461],[124.65655658841592,-8.1691821172608456],[124.654946041127,-8.1696850073571454],[124.65418563465937,-8.1699171169813098],[124.65387016597549,-8.1699664600840265],[124.65373593136815,-8.1699508199743036],[124.65308488426001,-8.1698749756495772],[124.65271608757746,-8.1698320069415331],[124.65243918092358,-8.1698234759725779],[124.65217027463848,-8.1700014922749915],[124.65196861875677,-8.1701412406256964],[124.65170010277757,-8.1702236329142579],[124.65105466564034,-8.170507647809643],[124.64934849433757,-8.1710580230093228],[124.64890965036011,-8.1711995852925838],[124.64811110274525,-8.1716133040107479],[124.64754896261456,-8.1718349599154294],[124.64748638508865,-8.1718559437967428],[124.64744340019286,-8.1718726639921897],[124.64729863542379,-8.1719106009933853],[124.6469381187992,-8.1720151480805612],[124.64634727500675,-8.172186491413413],[124.64599271279349,-8.1723799292902299],[124.64546685311279,-8.1727342109150527],[124.64494683722683,-8.173179726063438],[124.64467405576318,-8.1734115389113526],[124.6441511971201,-8.1737983822894762],[124.64373150870222,-8.1741680072477152],[124.64344139910133,-8.1744913818717464],[124.64316932180679,-8.1747946170778505],[124.64297107165771,-8.1749835853241848],[124.64180447829415,-8.1760955062026142],[124.64159814863569,-8.1762921627530432],[124.64019563432112,-8.1773278822759039],[124.63972319706795,-8.1775900067733573],[124.6391908379868,-8.1778762411955199],[124.6386628379197,-8.1781578665922439],[124.63800702530409,-8.1784317416315275],[124.63759018234111,-8.178691632213031],[124.63702738480606,-8.1789106324197292],[124.63674461906896,-8.1789660081747115],[124.63612791527112,-8.179089663157356],[124.63581813479914,-8.1792534144134947],[124.63548154104035,-8.1794312103820062],[124.63500561891419,-8.1796678193143748],[124.63442293107346,-8.1801106320000372],[124.63339876064435,-8.1805262141134563],[124.6328695716735,-8.1807409452383695],[124.63205415007906,-8.1809613672732553],[124.63186706501313,-8.1810119352525703],[124.63181869317816,-8.1810250095964534],[124.63126641591248,-8.181174288962211],[124.63084841642137,-8.1813671476757008],[124.62933604092564,-8.1823782725392107],[124.62859785400781,-8.1830718198086174],[124.62810204067671,-8.18354083604072],[124.62753894726461,-8.1840234922902937],[124.62729214991282,-8.1842163833793506],[124.62692994705947,-8.1844858976060664],[124.62645368139238,-8.1847868979969007],[124.62587740032188,-8.1850761631343971],[124.62559700879501,-8.1852086476608861],[124.62538696493652,-8.1852392237111644],[124.62534208786712,-8.185245757285827],[124.62500661826084,-8.1852423200769522],[124.62500375122215,-8.185241731920371],[124.62500197865847,-8.1852413676949141],[124.62499999385466,-8.185240961201373],[124.62499903967398,-8.185240779538276],[124.62499508265705,-8.1852399737457517],[124.62496461632406,-8.1852337693229629],[124.62457821181511,-8.185155068751385],[124.62418591584742,-8.1850947098529332],[124.6240411618702,-8.1851181371922053],[124.62378554126974,-8.1851595069056771],[124.62348241578093,-8.1852752883238509],[124.62270499324086,-8.1857268199367468],[124.6212394148672,-8.1869382732826352],[124.61959777531717,-8.1883043362760759],[124.61801494693236,-8.18991963198539],[124.61764691557278,-8.1903288037312336],[124.6167800869315,-8.1910980226555807],[124.6164070724285,-8.1915328052946847],[124.61595438428742,-8.1918296166434743],[124.61566982170496,-8.1919984292840127],[124.61566324406351,-8.1920715693473767],[124.61556508665944,-8.1921173349469996],[124.61481929057788,-8.1924132730540578],[124.61456815039992,-8.1925526625752809],[124.6142530873102,-8.1928116952035452],[124.61342486926242,-8.1935176009564543],[124.61289169719419,-8.1939260541440149],[124.61170950958626,-8.1952273821379436],[124.61110529107634,-8.1961211949371773],[124.61076743107219,-8.1963434920584746],[124.60982400987018,-8.1968549302108045],[124.60912283724917,-8.1972678350425099],[124.60891485283821,-8.1973654447594413],[124.60863143239476,-8.1974048053874071],[124.60785761523687,-8.1972247440266415],[124.60753327474094,-8.1971492729205693],[124.60675774437448,-8.1969652113753568],[124.60649894736855,-8.1969376471546411],[124.60629911890931,-8.1969200069527233],[124.60627721322282,-8.1969185068835486],[124.60625900914602,-8.1969135228407595],[124.60573287607144,-8.1966726052564809],[124.60506068140535,-8.1963648041922852],[124.60436260335155,-8.196227147664672],[124.60417141557843,-8.1962034909982435],[124.60391297830142,-8.1962282574281176],[124.60327211871333,-8.1963437105937373],[124.60286832221539,-8.1963661172025013],[124.60230149391884,-8.196367522842877],[124.60174213539131,-8.196194069700482],[124.60147246288386,-8.1960206012697085],[124.60131213444754,-8.1958621793959878],[124.60130071125889,-8.1958482839710882],[124.60111712545506,-8.1956249697165049],[124.60088468218237,-8.1953422255631949],[124.60075365006094,-8.1952625393346921],[124.60063222809492,-8.19520130359723],[124.60017183815989,-8.1949022259569233],[124.59993147815521,-8.194746117139573],[124.59984590046804,-8.1946905228493279],[124.59922544739652,-8.1944494128101155],[124.59908025904679,-8.1943475852727943],[124.59878683814213,-8.1941423671764824],[124.59836580613705,-8.1938202578985511],[124.59753815016552,-8.1931312567020882],[124.59683913501817,-8.192609148093652],[124.59674386893448,-8.1925278044145671],[124.59584938524097,-8.1917744756115098],[124.59509790004813,-8.1910475850779676],[124.59480918079907,-8.1907263823166545],[124.59447843083501,-8.1903494602593128],[124.59317346328476,-8.1887865689449768],[124.59273152474009,-8.1881736935610547],[124.59201241604023,-8.1873297733503136],[124.59135427507977,-8.1862881785565378],[124.59100563400284,-8.1855211332936051],[124.59096329032366,-8.1853910859298367],[124.59091599407793,-8.1852458346274943],[124.59084654033563,-8.1848043196635558],[124.59088138366894,-8.1845674436325453],[124.59118644719683,-8.1838283187219076],[124.59142208666003,-8.1833825535619553],[124.59161738433488,-8.1829073517927782],[124.59175082214279,-8.1825917095397358],[124.59183524420121,-8.1823017878971314],[124.59206488428708,-8.1815208040418383],[124.59243005580254,-8.1809342095460806],[124.59260252508648,-8.1807711948347333],[124.59286011879954,-8.1806522567961792],[124.59302100931222,-8.1806357263576501],[124.593530415896,-8.1806306325975697],[124.59380389973023,-8.1803728976910293],[124.59389296318977,-8.1802839133718521],[124.59395055577363,-8.1801333821498474],[124.59397011782676,-8.1799709600916799],[124.59389349378978,-8.1798999127507273],[124.5937370558205,-8.1796865234142615],[124.59377724382477,-8.1796422731723055],[124.59393113401472,-8.1793856012644142],[124.59399079144191,-8.1789965536480054],[124.59405882245676,-8.1785267882806352],[124.59413411819503,-8.1784826468565939],[124.59429304099115,-8.1784839131020703],[124.59445755577167,-8.1785006162104423],[124.5946047442136,-8.1784500068623061],[124.5947054943631,-8.1783493979063451],[124.59475400919018,-8.1782384917129889],[124.59471052427136,-8.1781564600525485],[124.59461124271479,-8.1780058038247603],[124.59469808664744,-8.1778411478506428],[124.59481397778291,-8.1776904439587952],[124.59498232187673,-8.1774713978866771],[124.59516024285097,-8.1772137259326314],[124.59532163428605,-8.1768083043597244],[124.59550043119998,-8.1760044435501982],[124.59549266465478,-8.1757879920221512],[124.59553486893913,-8.1748898669737287],[124.59544099410664,-8.1746256173782967],[124.59521263465547,-8.1740957098490981],[124.59510771165162,-8.1737167103578372],[124.59505364980612,-8.173538506996465],[124.59469152519375,-8.1724543194112584],[124.59450644741469,-8.171794476034222],[124.59446935307824,-8.1715325385957271],[124.59444080589856,-8.1712369764052823],[124.594450273961,-8.1711836951713508],[124.59447654135931,-8.1710358978883164],[124.59464744672232,-8.170888116793094],[124.59470743060353,-8.1708046318282754],[124.59480560329598,-8.1703929132023632],[124.59475211881534,-8.1702071789181332],[124.5947110719585,-8.170032428953391],[124.59463805690086,-8.1698888512893859],[124.5943567444682,-8.1695068984245722],[124.59440888536187,-8.168303069530964],[124.59432002514916,-8.1680527261523252],[124.59418902540324,-8.1679753349936846],[124.59390205623492,-8.1678755543133548],[124.59390169560686,-8.1678754284082515],[124.5939009626594,-8.1678751640075689],[124.5938520881034,-8.1674864914083969],[124.59390236919899,-8.1671912412826941],[124.59391761900292,-8.1671016166462209],[124.59408697843139,-8.1670146009430482],[124.59420085238753,-8.1668258188564096],[124.59427779028783,-8.1665995539262326],[124.59420294690858,-8.1661913039854426],[124.59410777525363,-8.1661560379707225],[124.59411125922725,-8.1661149452484665],[124.59426510265246,-8.1658150699095131],[124.59410072816615,-8.1655684758044913],[124.59410680578458,-8.1654747583533549],[124.59411227546116,-8.1654291483365],[124.59416590023613,-8.1649819757375326],[124.59415958699537,-8.1648111162400028],[124.59424566560506,-8.1645642883112259],[124.59427485310209,-8.1644629760854173],[124.59429838476274,-8.1643260857802034],[124.5943239938573,-8.1640879758793403],[124.59405383661533,-8.1630581163389593],[124.59394102475858,-8.1629803042975482],[124.59370564879669,-8.1628884286579932],[124.59365547831771,-8.1627547570263914],[124.59358515043436,-8.1625525543568642],[124.59321385273722,-8.1612624454054981],[124.59322296197013,-8.1610996627192094],[124.59328321294993,-8.1610557569176194],[124.59351886770162,-8.1608753673042997],[124.59361565004224,-8.1606851319132829],[124.59366388428089,-8.1605040687077803],[124.59363955582091,-8.1602977102710383],[124.59358124377945,-8.1601535696314613],[124.5934347604059,-8.159934195306846],[124.59327966602382,-8.1596636009943495],[124.59316136920188,-8.1595861172054924],[124.59307083714953,-8.1595851630248148],[124.59291082167715,-8.1595593821597276],[124.59286889978,-8.1594673203604771],[124.59273354102015,-8.1590859286725959],[124.59262916570344,-8.1587345230797155],[124.59259594744503,-8.1583808359068257],[124.59259525946368,-8.158159850896368],[124.5925797740374,-8.1579088519119409],[124.59265963473445,-8.1577867257767025],[124.59297930595028,-8.1575420697107006],[124.59303250894322,-8.1572803202305408],[124.59294721274375,-8.1566657568191658],[124.59281166512631,-8.1562527881355891],[124.59283497825174,-8.1560803359387251],[124.59291247732904,-8.1557804138349752],[124.59293074435845,-8.1555273041417422],[124.59295663494083,-8.1554360067662515],[124.59293019667132,-8.1552638657347529],[124.5928122586788,-8.1550958822691086],[124.59282436894955,-8.1549856011045563],[124.59293199261742,-8.1548200862779368],[124.59306050933515,-8.1543155378317351],[124.59299452517723,-8.1542868512571545],[124.59295655580047,-8.1542263979298468],[124.59301169683238,-8.1541434759406002],[124.593088853268,-8.1540279139570089],[124.59307346227058,-8.1539172262989155],[124.59307077509629,-8.1536882256310719],[124.59306264972156,-8.1532748513532738],[124.59303475994625,-8.1531521631417831],[124.59309916489462,-8.1530497258640935],[124.59310407159569,-8.1529675377216222],[124.59304679017725,-8.1526795846950222],[124.59315096314651,-8.1522673363684248],[124.59329046238497,-8.1518499448190482],[124.59334105644461,-8.1516468347335831],[124.59335363436276,-8.1514859604087064],[124.59339047688911,-8.1513755857146748],[124.5934634002158,-8.1511633663961902],[124.59353480638629,-8.1508504445923222],[124.59349758704411,-8.1507087573032777],[124.59344375902231,-8.1505400543799738],[124.59338677527955,-8.1504592260124014],[124.5932713994556,-8.1503681013068103],[124.59315674398863,-8.1503705375702111],[124.59300324410447,-8.1503352113008987],[124.5929049940703,-8.1502505068553432],[124.59288741592161,-8.1501673834179655],[124.59291697843582,-8.150134053643626],[124.59303750917377,-8.1500676629922282],[124.59329977486482,-8.1499981013312777],[124.59333674419543,-8.1498170696020225],[124.5933410870216,-8.1494477423194098],[124.59326474357317,-8.149295664263434],[124.59316910337145,-8.1492530390964362],[124.59300713367236,-8.1491492879092675],[124.59287419678685,-8.1484797570350906],[124.59281026038525,-8.1474211479675773],[124.59280299386319,-8.147129522109708],[124.59281452407106,-8.1448870392054573],[124.59284883770374,-8.1441748660771509],[124.59286380601986,-8.1437613982698736],[124.59293869706323,-8.1429689129848839],[124.59304763374132,-8.1428339912956176],[124.59314157242568,-8.1428061320972915],[124.59338090000858,-8.1427873362665082],[124.59350238492721,-8.1426336007600071],[124.59359861868143,-8.1423571788407116],[124.59353169563133,-8.1422404918051825],[124.59333939989347,-8.1420753043317973],[124.59334297829582,-8.1419760848284],[124.59347655639806,-8.1415141318716451],[124.59348821161177,-8.1413146469533331],[124.59352066634574,-8.1404576479021102],[124.59361800896397,-8.1401881795408144],[124.59365624364079,-8.1400823662081621],[124.59376022775234,-8.1399752875294666],[124.5943141193012,-8.139737647974016],[124.59452302461796,-8.1396536629861203],[124.59464611932299,-8.1395571468448225],[124.59504763424104,-8.1390181156934318],[124.59526814890603,-8.1387463036988947],[124.59570685258927,-8.1382046006617657],[124.59595608710379,-8.1378474906691167],[124.59621182191813,-8.1376420378497301],[124.59642571307631,-8.1375419603930936],[124.59670415037635,-8.137345257077925],[124.59697361873759,-8.1370977726440401],[124.59723271341909,-8.1367851629049142],[124.59740575916851,-8.1365459756162295],[124.59773832216592,-8.1363104449710022],[124.59795743119059,-8.1362705375552196],[124.59811700869307,-8.1361476793718452],[124.59813016487522,-8.1359797732478683],[124.59816625916562,-8.1357611786354482],[124.59829125863473,-8.1356086626096271],[124.59843733821265,-8.1355310232380589],[124.59868625886384,-8.1353808040807962],[124.59880291532238,-8.1352554916475697],[124.59881461909947,-8.1351311936496131],[124.59879405610081,-8.1348471319894884],[124.5988836339726,-8.1347179911423382],[124.59931633827841,-8.1341755065943175],[124.59949378980662,-8.1337770538679024],[124.59957216572298,-8.1336075073805318],[124.59974071216425,-8.1334089757435777],[124.59981461934922,-8.1332724289793532],[124.59988469722111,-8.1329810540323706],[124.60000563445249,-8.1323743039309306],[124.60052888430062,-8.1312362262708007],[124.60064572781812,-8.1311008819001245],[124.60082663364233,-8.1308182096925634],[124.60106971319681,-8.1304565536270275],[124.60189638530994,-8.1291985378821892],[124.60235083792088,-8.1286914128783678],[124.60323680593388,-8.1273354906403483],[124.60369952511303,-8.1269557725908044],[124.60401796335839,-8.1266472880418519],[124.6040592899044,-8.1264512097554871],[124.60402368214727,-8.1263556163186195],[124.60393838414916,-8.1262783816419528],[124.60263451017454,-8.1259958982920466],[124.60251727545199,-8.1259759908992351],[124.60222997803112,-8.1259281478656931],[124.60216229145669,-8.125878757098917],[124.60216658661875,-8.1258280389328092],[124.60217288367176,-8.1257539446887677],[124.60212286877538,-8.1256553043487543],[124.60200704059253,-8.1256053667942183],[124.60186300877092,-8.1254992728730713],[124.60176143124511,-8.1254238350418859],[124.6015554784027,-8.125261820376636],[124.60144420168865,-8.125065099075016],[124.6014115841773,-8.1250074345454095],[124.60140904179389,-8.1250029415325002],[124.6014076649318,-8.125000523255494],[124.60140754082545,-8.1250002750426233],[124.60140739963185,-8.1249999917561695],[124.60140733937726,-8.1249998847368374],[124.60140730790101,-8.1249998280795808],[124.60140725214308,-8.124999730053446],[124.60138471333391,-8.1249598819929361],[124.60137807633726,-8.1249565859775998],[124.60128194690435,-8.1249088508627096],[124.60104977522701,-8.1248068506556024],[124.59993322823595,-8.1242947721859196],[124.59967025927506,-8.1241561785647605],[124.5995332907288,-8.1240386803407887],[124.59940583700984,-8.1238667263683055],[124.59915752519964,-8.1236724287395532],[124.59863529068616,-8.1234406006032032],[124.59809833696875,-8.123171429018214],[124.59765218060375,-8.1231332258176963],[124.59744221228834,-8.1230527886552295],[124.59708166598614,-8.1230523821616885],[124.59687480572779,-8.1229994435694266],[124.59679274438975,-8.1230428196703315],[124.59661949359486,-8.1232379761516427],[124.59650938420077,-8.1232413980720253],[124.59631421333029,-8.1232232569477105],[124.59596183736892,-8.1232603980488989],[124.59584824310195,-8.123277006728415],[124.5954626812578,-8.1231667255638627],[124.59535325894581,-8.1232255852924595],[124.59522371160506,-8.1232834602634512],[124.59499654015826,-8.1233199133832272],[124.59479313509519,-8.1233944599862866],[124.59455916477373,-8.1235038966874527],[124.59425711937058,-8.1235576788437811],[124.59387460263088,-8.1233353511454993],[124.5937538209821,-8.123344732873079],[124.59338055646754,-8.1233737261165402],[124.59325929098361,-8.1235006942016525],[124.59291811787693,-8.123867631985604],[124.59294763362641,-8.1239727726253363],[124.59285482179268,-8.124037459960789],[124.59270054039769,-8.1240654441648417],[124.59244350876099,-8.1239689756876032],[124.59256091525413,-8.1237554127820317],[124.59247751032888,-8.1235916786130247],[124.59240383786687,-8.1235473195530972],[124.59227113930172,-8.1235619245431394],[124.59221985276406,-8.1235675695876353],[124.59208499402735,-8.123541116029628],[124.59187064961088,-8.1235025845765563],[124.5916526503496,-8.1235731642700557],[124.59130427457262,-8.1237566169742195],[124.59121754035732,-8.1238705071181698],[124.59125354111814,-8.1239620850820984],[124.59121466612396,-8.1239887256990642],[124.59090999380123,-8.1241589907447747],[124.59066325940194,-8.1243902729926845],[124.59049041599997,-8.124674959681613],[124.59038480591414,-8.1248993036599018],[124.59029960684143,-8.124999993554809],[124.59029954209029,-8.1250000699972134],[124.59029947733904,-8.1250001473388807],[124.59029934244074,-8.1250003074181905],[124.59029633870512,-8.1250038543443566],[124.59011802472708,-8.1252145232315911],[124.58972385277366,-8.1253554442982932],[124.5896588209979,-8.125473459632417],[124.58957560313161,-8.1255669450584378],[124.58944958742859,-8.1256876160905449],[124.58940755671347,-8.1257824756806372],[124.5894453678095,-8.1258740536446226],[124.58947244729563,-8.1260283035633165],[124.58942518072752,-8.126091287582824],[124.58925583838629,-8.1261280536667186],[124.5890072118134,-8.1262152879051541],[124.58879658789226,-8.126317256636014],[124.58788521313215,-8.126717335336707],[124.58740022763845,-8.1268034292348261],[124.58629539971298,-8.1269432729136497],[124.58584532140458,-8.1270941323882653],[124.58543589964711,-8.1272194915862315],[124.58387783679279,-8.1274709132520115],[124.583143478289,-8.1275709916079109],[124.5825202750907,-8.1276775540758308],[124.58226980580696,-8.1276661155986858],[124.58184469717514,-8.1276130861749607],[124.58137165018161,-8.1275063969026746],[124.58124283758696,-8.1274838670867666],[124.58074016602586,-8.1273944133214968],[124.57850571316817,-8.127020131673703],[124.57619339970574,-8.1263774599517546],[124.57599113408367,-8.1263419915895838],[124.57460340012688,-8.1260920852814706],[124.57433619715789,-8.1260403670692654],[124.57277624392862,-8.1255659288245283],[124.57250110264386,-8.1255403655953273],[124.57228332191778,-8.125528537711773],[124.57189157183859,-8.1255265232304055],[124.57152007179388,-8.1255628036803955],[124.57113716474839,-8.1256473345567883],[124.57071200935184,-8.1258205538754282],[124.56989547799401,-8.1258606483501694],[124.56984505570483,-8.1258549763260248],[124.56980607099342,-8.1258544286389451],[124.56851797832212,-8.1258106316552698],[124.56800835320303,-8.1257238039103754],[124.56749899428326,-8.1255946162984287],[124.56713163471727,-8.1254924910855379],[124.56612991586303,-8.1253509755670166],[124.56584508708113,-8.1252684438835558],[124.56551971326417,-8.1251364602793501],[124.56542374391074,-8.1250433975347391],[124.56541332166751,-8.1250047941359185],[124.56541216783739,-8.1250005223561743],[124.56541210128751,-8.1250002732439839],[124.56541202574442,-8.1249999908568498],[124.5653830720712,-8.1248926792537191],[124.56515593120128,-8.1245810542721983],[124.56500549440807,-8.1244845381309005],[124.56453866622655,-8.1243999757782035],[124.56441054071399,-8.1242188352310336],[124.56431713442828,-8.12392271006496],[124.56434252408826,-8.1238742069290879],[124.56435269721931,-8.1238547725796479],[124.56442296215005,-8.1237365539986968],[124.56444257186729,-8.1235190232842456],[124.5643953376748,-8.1233863822756689],[124.56432077488387,-8.1233414449516772],[124.56425628989598,-8.1232561631413773],[124.5642549939729,-8.1231174292259425],[124.56419679074941,-8.1229675230327416],[124.5640824779241,-8.1229153506628791],[124.56387266519141,-8.1228733352361928],[124.56337727544098,-8.1229629607719858],[124.56324449413819,-8.1230491473002644],[124.56326510210283,-8.1231090700275104],[124.563317305949,-8.1232927259785015],[124.56338141591971,-8.1235994757351477],[124.5633900098411,-8.1237965693561591],[124.56339372404125,-8.1238006963450289],[124.56345919738408,-8.1238734443039675],[124.56363005598234,-8.123934600901066],[124.56393338381872,-8.1239649764024762],[124.56400641596338,-8.124001819828095],[124.56400713542098,-8.1241042876826555],[124.56390774414717,-8.1244785846189416],[124.56374103771873,-8.1246675753482691],[124.56349008819711,-8.1249520695823207],[124.56341685820155,-8.1249999989507273],[124.56341644361407,-8.125000269646705],[124.56341604521435,-8.1250005286514124],[124.56340951613629,-8.1250048031291158],[124.56309552503853,-8.1252103189010541],[124.56280263383451,-8.1255041157223218],[124.56252218115378,-8.1257891171739516],[124.5622638688825,-8.1258766625778662],[124.56212082181855,-8.1258605386328782],[124.56163025962883,-8.1257949447808073],[124.56098693140177,-8.1256915847987443],[124.56013918097847,-8.1254688200299938],[124.55964508715113,-8.1252514763745012],[124.55905893602119,-8.125004789639263],[124.55904880515834,-8.1250005259534532],[124.55904819811587,-8.1250002723446642],[124.55904755689926,-8.1250000052460223],[124.55893846194056,-8.124954068775196],[124.55858521183814,-8.124795930187986],[124.55847233792815,-8.124734209715939],[124.55823019726586,-8.1246017566656974],[124.55816704057656,-8.1245938039608632],[124.55787128772977,-8.1248388719163813],[124.55785477887503,-8.1248525524032971],[124.55784893058376,-8.124857397051187],[124.55769181902224,-8.1249527341813064],[124.55762015474636,-8.1249962199995025],[124.55761391525004,-8.1250000070446617],[124.55761355102459,-8.1250001806138243],[124.55761286933853,-8.1250005079670018],[124.55760403799604,-8.1250047752501473],[124.55760074737668,-8.1250063616542434],[124.55760041732549,-8.1250065208342335],[124.55759094566565,-8.1250110857929485],[124.5572407280772,-8.1250886478227926],[124.55684225916298,-8.1250901946567069],[124.55660108796985,-8.1250293348359151],[124.55656837692914,-8.1250047617602945],[124.55656267792529,-8.1250004809873531],[124.55656235327001,-8.1250002408683599],[124.55656203131275,-8.1250000007493668],[124.55643128967233,-8.1249017255341869],[124.55615678960419,-8.1246500232799121],[124.55607833724548,-8.1244824130328652],[124.55596477535414,-8.1241503662463401],[124.55583697809413,-8.1239658037787876],[124.55555744721846,-8.1236679609075964],[124.55511151028804,-8.1233020069819872],[124.55475643096463,-8.1232008512382663],[124.55426916479018,-8.1231639907255726],[124.55369464998819,-8.123239178545191],[124.55289304018174,-8.1231992423511201],[124.55276963431129,-8.1231712572476908],[124.55255013408146,-8.1231214761751289],[124.55214966597441,-8.1231296627037182],[124.55174972846726,-8.1231308507081508],[124.55145561868187,-8.1231195228476736],[124.5510728069645,-8.1231362097682336],[124.5502941352662,-8.1231291635799607],[124.54987324265608,-8.1232618036892177],[124.54972416473845,-8.1232674442371149],[124.54903158783759,-8.1231766315962091],[124.54869724418256,-8.1231470376056336],[124.54827374263914,-8.123222741636198],[124.54799344733976,-8.1234095380197004],[124.54764932175885,-8.1236653186994658],[124.5472366192746,-8.1237499601924696],[124.54597113376087,-8.123958444626453],[124.54575930564749,-8.1241018037551953],[124.54547701025592,-8.1243571320759429],[124.54500783664241,-8.1245847423919031],[124.54468379112416,-8.1246460383839008],[124.54429161926294,-8.1247489603961753],[124.54399708679614,-8.1248958187869675],[124.54385733844549,-8.1250000079439815],[124.54385727639226,-8.1250000538094014],[124.54385719635263,-8.1250001140639938],[124.54385148026165,-8.1250043768504838],[124.54338735274416,-8.1253504125914446],[124.5432427588463,-8.1255436786977953],[124.54305424295899,-8.1257513969093793],[124.54288199400889,-8.1258504446422535],[124.5426437905785,-8.1259506156283692],[124.5419895247968,-8.1262002098717403],[124.5415453055715,-8.1265364439017276],[124.54079943124884,-8.1272191480451852],[124.54048144716114,-8.1276356159908119],[124.54012663403694,-8.1281003667384653],[124.53983746242898,-8.1282774450480133],[124.53952769724549,-8.1284183193499189],[124.53896546268606,-8.1285761935364462],[124.53857896284887,-8.1286324596202917],[124.5376474783485,-8.1285097732074405],[124.53683711903784,-8.1282842412247192],[124.53643450964501,-8.1280711801408074],[124.53616991560921,-8.1279767729096761],[124.53542908738257,-8.1278074125820012],[124.53516482159932,-8.1277397880607509],[124.53487679033162,-8.1276151950851272],[124.53447130580616,-8.1273631483905433],[124.53427360334422,-8.1270732573249234],[124.53415708717989,-8.1269191324120129],[124.53378483799997,-8.1264056006378951],[124.53356332059082,-8.1260391008237889],[124.53276582878004,-8.1250037167480968],[124.53276324682645,-8.1250003631761842],[124.53276318297458,-8.1250002786399023],[124.53276311912271,-8.12500019500294],[124.53276297702985,-8.1250000079439815],[124.53231452469561,-8.1244177877506445],[124.53216661769534,-8.1242189125727009],[124.53200379004295,-8.1240101169732952],[124.53172722782938,-8.1236207258157833],[124.53153629006783,-8.1233333195770001],[124.53142736867824,-8.123259194755974],[124.53099544678253,-8.1232609601251511],[124.53079321263669,-8.1231875232855373],[124.52968666610684,-8.1227233822781955]]],[[[124.61571994721783,-8.1164415701223334],[124.61537689992406,-8.1163695686006463],[124.61519922806201,-8.1163678356070932],[124.61484154070456,-8.1166101786167815],[124.6144473219864,-8.1167949758074656],[124.61426105620285,-8.1168141322663701],[124.61405943089812,-8.1167366628666286],[124.61381888473386,-8.1165783821865602],[124.61353421333331,-8.1165009442631231],[124.61326093094726,-8.1164917891646837],[124.61302035330675,-8.1165780539340062],[124.61261061858522,-8.1168699756688056],[124.61232219701185,-8.1169460070525474],[124.6121267131773,-8.1169615383442988],[124.61194089975277,-8.1169731629810258],[124.61184835321899,-8.1170139760141069],[124.61180996206019,-8.1170853354198584],[124.61184800877868,-8.1173300697269042],[124.61191972791312,-8.1174981790976517],[124.61202486765353,-8.1176825230299414],[124.61206488388734,-8.1177930227297566],[124.61201458840264,-8.1179856638073034],[124.61189399381283,-8.1181492100179753],[124.61154729077487,-8.1183216325372882],[124.61130465008955,-8.1184422891802797],[124.60994668189392,-8.1185991012674776],[124.60942188521187,-8.1185937413080751],[124.60884271192162,-8.1185198655992963],[124.60880408783839,-8.1185163195724499],[124.60860439967337,-8.1183116005998386],[124.60847997846827,-8.1181990540430888],[124.60814325880438,-8.1181400378324611],[124.60801871259355,-8.1182087415401156],[124.60787954070827,-8.1183384921276911],[124.60773589919245,-8.1183992880966116],[124.60762929085911,-8.1184230068162719],[124.6075984926764,-8.118488365945268],[124.60770155588216,-8.1186736946352767],[124.60780527469376,-8.1188166643575528],[124.60777486861537,-8.1189072260875719],[124.60748763504637,-8.1189122110296807],[124.60730977522599,-8.1189885697666568],[124.60725952470739,-8.1191185227016263],[124.6072815401111,-8.1192714290331764],[124.60717815045132,-8.1195026321407227],[124.60721807225627,-8.1197305392329326],[124.60723357207178,-8.1198296013549793],[124.60715074361201,-8.119910835316773],[124.60700908779927,-8.1199822261987151],[124.60700939986395,-8.1200589599529849],[124.60712494745837,-8.12018391265741],[124.6074277132185,-8.1203246322759242],[124.60755636933106,-8.1203869921658907],[124.6075784467879,-8.1207075689990802],[124.60779339914609,-8.1210733511541662],[124.60790227467032,-8.1212235226474263],[124.60793328958971,-8.1213230083500889],[124.60789399371288,-8.1213996323870674],[124.60833960329012,-8.1216118975709719],[124.6083902441145,-8.1216463982626124],[124.60855647839878,-8.1218026482735581],[124.60872285297739,-8.1218753512663966],[124.60900753966632,-8.121835147973627],[124.60972902527431,-8.1213814139210854],[124.60985780639271,-8.1213492568626862],[124.61005299435033,-8.1213834598787003],[124.61018468117811,-8.1215163661872793],[124.61025427521474,-8.1216724597161942],[124.61024647809256,-8.1218581948997439],[124.61032872828821,-8.1221066173264944],[124.6104445555718,-8.1222463359995345],[124.61062600998241,-8.1223509451399423],[124.61076666574911,-8.1223947727005452],[124.61087953965909,-8.1223659602208613],[124.61092419729391,-8.1223283658613354],[124.61089058783045,-8.1221240066175824],[124.61074766577224,-8.1218705389941306],[124.61071650875988,-8.1218303815667809],[124.61082071320538,-8.1216081941627749],[124.61107835278381,-8.1214469133443004],[124.61123899328493,-8.1213236162918179],[124.61164602464441,-8.1210837095455304],[124.61186483689278,-8.1209830070600901],[124.61224774393827,-8.1209997407453898],[124.61245122724245,-8.1210577110445001],[124.61259736887359,-8.1211862259635268],[124.61286791642124,-8.1214830067353319],[124.61327724374985,-8.1217190850676957],[124.61384158721955,-8.1218281476508309],[124.61397188459489,-8.1218125381180926],[124.61406528998123,-8.1217468984006018],[124.61442254026804,-8.1214952258239919],[124.61480165037597,-8.1215198510602136],[124.61552539957756,-8.1215313201142862],[124.61574132230419,-8.1215619600163791],[124.61601775861277,-8.1216367728187606],[124.6163001034671,-8.1216119452350313],[124.61709038541301,-8.121347960040282],[124.61734704113314,-8.1210451637032861],[124.61743941499708,-8.120866336212373],[124.617491635031,-8.1207319136468641],[124.61791018130987,-8.1204366005686097],[124.61812136910601,-8.1201893202808719],[124.61829685291752,-8.1199240391630383],[124.6184277276576,-8.1197948362626562],[124.61854680599038,-8.1196864292852524],[124.61865093129552,-8.119394959909414],[124.61871932203917,-8.1190627422516854],[124.61878764983021,-8.1187786167397462],[124.61834585337851,-8.1178753349786916],[124.61788686818443,-8.117364429225006],[124.6176233218589,-8.1171291629804614],[124.61699110295706,-8.1169369292957754],[124.61661269701847,-8.1168364291578428],[124.61571994721783,-8.1164415701223334]]]]},"properties":{"OBJECTID":422,"nama_kawasan":"Sentra Produksi Berbasis Komoditas Rumput Laut Kab. Alor","delineasi_asal":"Alor","Shape_Length":5.6728875190275714,"Shape_Area":0.24037265184237214}}]}