{"type":"FeatureCollection","features":[{"type":"Feature","id":478,"geometry":{"type":"Polygon","coordinates":[[[111.23328375514126,1.0852355823562903],[111.23322617694657,1.0852709643835396],[111.23317505408556,1.0853206654164183],[111.23312393212382,1.0853703646506574],[111.23307280926281,1.085420065683536],[111.23302168640174,1.0854697658170949],[111.23297056264141,1.0855194659506537],[111.23291944067972,1.0855691660842126],[111.23286831691934,1.0856188671170912],[111.23281719495765,1.0856685672506501],[111.23276607209664,1.0857182682835287],[111.23271495013489,1.0857679693163504],[111.2326638281732,1.0858176685505896],[111.23261270531214,1.0858673695834682],[111.23256158155181,1.0859170706163468],[111.23251045959012,1.0859667707499057],[111.23245933672905,1.0860164717827843],[111.23238889732983,1.086027027125624],[111.23231845793055,1.0860375815692009],[111.23224801763195,1.0860481369120407],[111.23217757913204,1.0860586922548805],[111.23210713883344,1.0860692466984005],[111.23203669943422,1.0860798020412972],[111.23196626003494,1.086090357384137],[111.23189581973634,1.086100911827657],[111.23182538033711,1.0861114671704968],[111.23175494093783,1.0861220216140737],[111.23168450063923,1.0861325778562332],[111.23161406213933,1.086143133199073],[111.23154362184073,1.0861536894412893],[111.23148928480271,1.0861128080596814],[111.231434948664,1.08607192757745],[111.23138061162598,1.0860310479945383],[111.2313262763866,1.0859901684115698],[111.23127193934857,1.0859492870300187],[111.23121760231055,1.0859084056484676],[111.23116326617185,1.0858675260654991],[111.23110892913382,1.0858266455832677],[111.23105459299512,1.085785766000356],[111.2310002559571,1.0857448846188049],[111.23094591891908,1.0857040050358364],[111.23088195463856,1.0856773410365008],[111.23081799125737,1.0856506761378455],[111.2307540269768,1.0856240121385099],[111.23069006269628,1.0855973472398546],[111.23062609931509,1.0855706832404621],[111.23056213413525,1.0855440183418068],[111.23049816985474,1.0855173543424712],[111.23043420557417,1.0854906903431356],[111.23037024219298,1.0854640263438],[111.23030627791246,1.0854373623444644],[111.23023760028508,1.0854209497171041],[111.23016892175838,1.0854045370897438],[111.23010024413099,1.0853881253617601],[111.23003156560435,1.0853717118350801],[111.22996288797697,1.0853553001070395],[111.22989420855095,1.0853388865804163],[111.22982553092356,1.085322473953056],[111.22975685329618,1.0853060622250155],[111.22968817476954,1.085289649597712],[111.22961949714215,1.0852732369703517],[111.22955081861545,1.0852568252423112],[111.22948097906402,1.0852524059737902],[111.22941114041186,1.0852479876045891],[111.22934129996111,1.0852435692353879],[111.22927146130894,1.0852391508661867],[111.22920162085819,1.085234731597609],[111.22913178220603,1.0852303141277275],[111.22906194175528,1.0852258948592066],[111.22899210310311,1.0852214773893252],[111.22892226265236,1.0852170581208043],[111.22885242400025,1.0852126397515462],[111.22878258444877,1.0852082222816648],[111.22871468923159,1.0852122116742748],[111.22864679311505,1.0852162019662046],[111.22857889789788,1.0852201922581344],[111.2285110026807,1.0852241816506876],[111.2284431083628,1.0852281719426173],[111.22837521224631,1.0852321622345471],[111.22830731702913,1.0852361516271571],[111.22823942181191,1.0852401419190869],[111.22817152659474,1.0852441322109598],[111.22810363137756,1.0852481234022093],[111.22803573616034,1.0852521127948194],[111.22804159434418,1.0851807291074351],[111.22804745072932,1.0851093463193138],[111.22805330801384,1.0850379617326098],[111.22805916619762,1.0849665780451687],[111.22806502438141,1.0848951943577845],[111.22807088076661,1.0848238106704002],[111.22807673805107,1.0847524269829592],[111.22808259623491,1.0846810432955749],[111.22808845262006,1.0846096587088141],[111.2280896298326,1.084595310025577],[111.22809430990452,1.0845382759207496],[111.22810016718904,1.0844668922333653],[111.22810474923483,1.0843958691740454],[111.22810933218,1.0843248461147823],[111.22811391422584,1.0842538230555192],[111.22811849717095,1.0841827999962561],[111.2281230792168,1.0841117778363127],[111.22812766126259,1.0840407547770496],[111.22813224330844,1.0839697317177865],[111.22813682535428,1.0838987086585234],[111.22814140740007,1.0838276855992603],[111.22814598944592,1.083756663439317],[111.228157852403,1.0836894058414259],[111.22816971625946,1.0836221491429114],[111.2281815792166,1.083554892444397],[111.22819344217368,1.0834876357458256],[111.22820530513081,1.0834203790473111],[111.22821473901905,1.0833668927679128],[111.22821716808789,1.0833531223487398],[111.22822903104503,1.0832858647509056],[111.22820490673109,1.0832274178111447],[111.22818078331653,1.0831689699720073],[111.22815665810333,1.0831105221329267],[111.22813253378945,1.0830520742938461],[111.22810841037489,1.0829936255554458],[111.22808428606101,1.0829351777163083],[111.22806016174712,1.0828767298772277],[111.22799489344965,1.0828634298034672],[111.22792962425279,1.0828501288304437],[111.22786435415668,1.0828368278573635],[111.22779908495988,1.0828235277836029],[111.22773381576303,1.0828102268105795],[111.22766854656624,1.0827969267368189],[111.22760327736944,1.0827836257637387],[111.22753800817259,1.0827703247907152],[111.22747273897579,1.0827570238176349],[111.22740237781755,1.0827436616906994],[111.22733201576,1.0827302986643872],[111.22726165460176,1.0827169356381319],[111.22719129344352,1.0827035726118197],[111.22712093228523,1.0826902095855644],[111.22705057022768,1.0826768465592522],[111.22698020906944,1.0826634844323166],[111.22690984701188,1.0826501214060045],[111.22683948585365,1.0826367583797492],[111.22677128037037,1.0826314020176255],[111.22676771905503,1.0826311223285074],[111.22670307488704,1.0826260447561822],[111.22663486940377,1.0826206892934351],[111.22656666302112,1.0826153320319918],[111.22649845663852,1.0826099747705484],[111.22643025205457,1.0826046184084817],[111.22636204567192,1.0825992611470383],[111.22630495041318,1.0825627963360489],[111.22624785425512,1.0825263297263632],[111.22619075809706,1.0824898649153738],[111.22613366103968,1.0824533992050647],[111.22607656488162,1.0824169343940753],[111.22601946872356,1.0823804686837093],[111.2259623725655,1.0823440038727199],[111.22590793570271,1.0822966185941141],[111.22585349794065,1.082249234214828],[111.22579906197717,1.0822018498355419],[111.22574462421511,1.0821544645569361],[111.22569018555367,1.08210708017765],[111.2256784781793,1.082071719734131],[111.2256704661192,1.0820475207764844],[111.22565074488602,1.0819879622746953],[111.22563102455223,1.0819284028735296],[111.2256113051177,1.0818688452710603],[111.2255915847839,1.0818092858698947],[111.22557186534937,1.0817497273680488],[111.22555214501551,1.08169016796694],[111.22552134593343,1.081632024098667],[111.22549054685129,1.0815738802304509],[111.22545974866853,1.0815157372614976],[111.22542894958639,1.0814575933932815],[111.22539815140362,1.0813994486256888],[111.22536735232154,1.0813413047574727],[111.2253365532394,1.0812831617885195],[111.22530575415726,1.0812250179203033],[111.22527495507518,1.0811668740520304],[111.22523984824045,1.0811056014424025],[111.22520474140578,1.0810443270341352],[111.22516963367173,1.0809830544244505],[111.225134526837,1.0809217800161832],[111.22509942000227,1.0808605074065554],[111.22503604837499,1.0808575441403718],[111.22497267674771,1.0808545817735649],[111.22490930512038,1.0808516203060776],[111.22484593259378,1.0808486570399509],[111.22478256186582,1.0808456937738242],[111.22471919023849,1.0808427314069604],[111.22465682135527,1.0808177950052595],[111.22459445157273,1.0807928577042958],[111.22453208358883,1.0807679222019146],[111.22446971470561,1.0807429858002138],[111.22440734582239,1.0807180502978326],[111.22434497693922,1.0806931138961318],[111.22428260895532,1.0806681783937506],[111.2242202400721,1.0806432419920498],[111.22415787118888,1.0806183055904057],[111.22411965269987,1.080570198156181],[111.22408143511018,1.0805220898226366],[111.22404321841987,1.0804739832877317],[111.22400500083018,1.0804258749541873],[111.22396678324054,1.0803777666206997],[111.22391909129311,1.080323604950479],[111.22387139844636,1.0802694423808816],[111.22382370559961,1.0802152798113411],[111.22377601365218,1.0801611181411204],[111.22372832080544,1.0801069555715799],[111.22368062795869,1.0800527930020394],[111.22363293511194,1.0799986313318186],[111.22358280330377,1.0799589118743143],[111.22353267059634,1.0799191942155062],[111.22348253788886,1.0798794747580018],[111.22343240428211,1.0798397561998172],[111.22338227157462,1.0798000367423697],[111.22333213886719,1.0797603181841851],[111.2232639261893,1.0797616239997865],[111.2231957126121,1.0797629298153879],[111.22312749903489,1.0797642356309893],[111.22305928635706,1.0797655423459673],[111.22299107277985,1.0797668481615688],[111.22292286010196,1.0797681539771702],[111.22285464742413,1.0797694597927716],[111.2227864329476,1.0797707674070125],[111.22271822026971,1.0797720741219905],[111.2226500066925,1.0797733799375919],[111.22258757665537,1.0797508519203234],[111.22252514571898,1.0797283230037351],[111.22246271568184,1.0797057940871468],[111.22240028564471,1.0796832651706154],[111.22237268994775,1.0796733078769307],[111.22233785470831,1.0796607371533469],[111.22227542467118,1.0796382082367586],[111.22221299463405,1.0796156793201703],[111.2221683199121,1.0795995580731983],[111.2221505636976,1.0795931513029586],[111.22208813366052,1.0795706223863704],[111.22203143590212,1.0795309433983675],[111.22197473544577,1.0794912626117252],[111.22191803588873,1.0794515836237224],[111.22186133723096,1.0794119037363998],[111.22180463767393,1.079372224748397],[111.22174793811689,1.0793325448611313],[111.22169123855986,1.0792928658731284],[111.22162110942674,1.0792787348257775],[111.22155097939424,1.0792646046778032],[111.2214808493618,1.0792504736305091],[111.2214107193293,1.0792363443818545],[111.22134058839748,1.0792222133345035],[111.22127045836504,1.0792080831865292],[111.22120032833254,1.0791939521392351],[111.22113019830005,1.079179821091941],[111.22106652539986,1.0791498233057268],[111.221002853399,1.0791198264188893],[111.2209391795995,1.0790898277334122],[111.22087550759863,1.0790598308465746],[111.22081183469845,1.0790298330604173],[111.22074816179827,1.0789998352742032],[111.22068448979741,1.0789698383873656],[111.22062081689722,1.0789398397018886],[111.22057054479484,1.0788989754074123],[111.22052027359183,1.0788581102136732],[111.22047000238877,1.0788172450198772],[111.2204197311857,1.0787763807254578],[111.22036945908332,1.0787355146323421],[111.22031918698093,1.0786946503378658],[111.22026891577792,1.0786537851441267],[111.22021864367554,1.078612919051011],[111.22019534673791,1.0785484790291093],[111.22017205069966,1.0784840399065843],[111.22014875466135,1.0784196007840023],[111.2201254586231,1.0783551607621007],[111.22010216258479,1.0782907216395188],[111.22007886744586,1.078226281617674],[111.22005557140756,1.0781618433944118],[111.22003227536925,1.0780974033725101],[111.21996771483822,1.0780654612520948],[111.21990315520651,1.0780335191316226],[111.2198385955748,1.078001577910527],[111.21977403594309,1.0779696357901116],[111.21970947631132,1.0779376936696963],[111.21964491578029,1.0779057524485438],[111.2195803570479,1.0778738112274482],[111.21951579741619,1.0778418691070328],[111.21945123688516,1.0778099269865606],[111.21938864137275,1.0777921159134394],[111.21932604406175,1.0777743048403181],[111.21926344765006,1.0777564937671968],[111.2192008521377,1.0777386826940756],[111.21913825482665,1.0777208716209543],[111.21907565931429,1.0777030614471528],[111.21901306200328,1.0776852503740315],[111.21895046559155,1.0776674393009102],[111.2189098360202,1.0776115311472836],[111.2188692064488,1.0775556220943372],[111.21882857597808,1.0774997139407105],[111.218787947306,1.0774438066864036],[111.21874731683528,1.0773878994320398],[111.21870668726388,1.0773319903790934],[111.21866605679315,1.0772760813261471],[111.21861474417517,1.077226954060734],[111.21856343065787,1.0771778258960012],[111.21851211803988,1.0771286977312684],[111.2184608054219,1.0770795695665356],[111.21840949100527,1.0770304423011225],[111.21835817838729,1.0769813141363898],[111.21830686486999,1.076932185971657],[111.218255552252,1.0768830578069242],[111.21819024258571,1.0768687343046963],[111.21812493381873,1.0768544108024685],[111.21805962505169,1.0768400873002406],[111.2179943153854,1.076825762898693],[111.2179290057191,1.0768114393964652],[111.21786369695212,1.0767971149949176],[111.21779838818514,1.07678279059337],[111.21776233706225,1.0767272952285225],[111.21772628593942,1.0766717998637318],[111.21769023481653,1.0766163035995646],[111.2176541836937,1.0765608091340937],[111.21761813257081,1.0765053128699265],[111.21755552986389,1.0764703157525446],[111.21749292625759,1.0764353186351059],[111.21743032265135,1.0764003224169869],[111.21736771904506,1.0763653252995482],[111.21730511633808,1.0763303281821663],[111.21725274162077,1.0762901725534562],[111.21720036690346,1.0762500178241226],[111.21714799308546,1.0762098630947321],[111.21709561926747,1.0761697083653985],[111.21704324544947,1.0761295527367452],[111.21699086983284,1.0760893980073547],[111.21693849601485,1.0760492432780211],[111.21687783224621,1.0760198714199873],[111.21681716937695,1.0759904986626339],[111.216756504709,1.0759611259052804],[111.21669584183968,1.0759317540472466],[111.21663517807104,1.0759023821892129],[111.21657451520178,1.0758730103312359],[111.21651385143315,1.0758436375738825],[111.21645318676519,1.0758142657158487],[111.21639252389593,1.075784893857815],[111.2163318601273,1.0757555211004615],[111.21627119725798,1.0757261492424277],[111.21621053259008,1.075696777384394],[111.21615347330419,1.0756534156726616],[111.21609641221971,1.0756100548601921],[111.21603935203456,1.0755666949470424],[111.21598229095002,1.0755233341346297],[111.21592522986555,1.0754799733221603],[111.21586816878101,1.0754366116103711],[111.21581110859586,1.0753932516972782],[111.21575404841064,1.0753498908848087],[111.21569698642685,1.0753065300723392],[111.2156371536318,1.0752817717363996],[111.21557731993744,1.0752570134005168],[111.21551748624307,1.0752322541652575],[111.21545765344803,1.0752074949299981],[111.21539781975366,1.0751827365940585],[111.2153379860593,1.0751579782581189],[111.21527815326425,1.0751332190228595],[111.21522113984378,1.0750914302253705],[111.21516412732268,1.0750496414278814],[111.21510711480158,1.0750078526303355],[111.21505010228043,1.0749660638328464],[111.21499308886001,1.0749242759346203],[111.21493607633892,1.0748824871371312],[111.2148790629185,1.0748406983395853],[111.21482205039734,1.0747989086427765],[111.21476503787625,1.0747571207445503],[111.21470802535515,1.0747153319470613],[111.21465101193473,1.0746735431495722],[111.21460829503684,1.0746184362918711],[111.214565578139,1.0745633303334898],[111.21452286124111,1.0745082225764691],[111.21448014434327,1.074453115718768],[111.21443742744538,1.0743980097603867],[111.21439470964822,1.0743429029026856],[111.21435199275032,1.0742877960449846],[111.21430927585249,1.0742326891872835],[111.21426655895459,1.0741775832289591],[111.21422384205675,1.074122476371258],[111.2141723756547,1.0740760084011072],[111.21412091015196,1.0740295386323737],[111.21406944374991,1.0739830706622229],[111.21401797824717,1.0739366017928091],[111.21396651274443,1.0738901338226583],[111.2139150472417,1.0738436658525643],[111.21386358083964,1.0737971969830937],[111.21381211533691,1.0737507290129997],[111.21376064893485,1.0737042601435292],[111.21370918343212,1.0736577921734352],[111.21365085700148,1.0736200170501888],[111.21359253057091,1.0735822428263191],[111.21353420503959,1.0735444677030728],[111.21347587860896,1.0735066925798264],[111.21341755307765,1.0734689183559567],[111.21335922664707,1.0734311441320301],[111.21330090111576,1.0733933690088406],[111.21324084708749,1.0733662418586505],[111.2131807921599,1.0733391138090838],[111.21312073813164,1.0733119857595739],[111.21306068410337,1.0732848586093837],[111.21300062917578,1.0732577305598738],[111.21294057514751,1.0732306034096837],[111.21288052111919,1.0732034762594935],[111.2128204661916,1.0731763482099268],[111.21276041216333,1.0731492201604169],[111.21270458584803,1.0731045814113713],[111.21264875863335,1.0730599408636294],[111.21259293321737,1.073015302114527],[111.21253710600269,1.072970661566842],[111.21248127968738,1.0729260228177395],[111.21242545337202,1.0728813831693174],[111.21236962705672,1.0728367444202718],[111.21230590469384,1.0728072628449468],[111.21224218323022,1.0727777821689415],[111.21217846086734,1.0727483005936733],[111.21211473940377,1.072718819917668],[111.21205101704089,1.0726893392416628],[111.21198729467795,1.0726598576663378],[111.21192357321439,1.0726303769903325],[111.21186631158105,1.0725931117827372],[111.21180904994776,1.0725558456757653],[111.21175178921374,1.0725185813674898],[111.21169452758045,1.0724813152605179],[111.2116372659471,1.0724440491536029],[111.21158000521314,1.0724067839459508],[111.2115187164157,1.0723820328046259],[111.21145742761826,1.0723572816632441],[111.21139613882082,1.0723325314212389],[111.21133485002338,1.0723077802798571],[111.21127356212526,1.0722830291385321],[111.21121227332782,1.0722582779972072],[111.21115098363106,1.0722335268558254],[111.21108969573294,1.0722087757145005],[111.2110284069355,1.0721840245731187],[111.21095740905724,1.0721722200719341],[111.21088641207831,1.0721604155707496],[111.21081541420006,1.0721486119689416],[111.210787614357,1.0721439903529131],[111.2107444163218,1.0721368083670768],[111.21067341844355,1.0721250038658923],[111.21060242056529,1.0721132002640275],[111.21053142268704,1.0721013957628429],[111.21046042480884,1.0720895921609781],[111.21039749744659,1.0720843149392181],[111.21033456828576,1.072079037717458],[111.21027164002425,1.0720737613950178],[111.21020871086336,1.0720684841732577],[111.21014578260184,1.0720632069514977],[111.21008285434033,1.0720579297297377],[111.21001992607881,1.0720526534072974],[111.20996021109494,1.0720303223415613],[111.20990049611106,1.0720079903765054],[111.2098407820265,1.0719856593107693],[111.20978106704268,1.0719633273457134],[111.20972135205881,1.0719409962799773],[111.20968660585226,1.0718841123619427],[111.20965185964565,1.0718272266452686],[111.20961711523773,1.0717703427271772],[111.20958236903118,1.0717134588091426],[111.20954762282457,1.0716565748910512],[111.20951287661802,1.0715996900736968],[111.20947813131079,1.0715428061556054],[111.2094433860035,1.0714859222375708],[111.20940863979695,1.0714290374202164],[111.2093738935904,1.0713721526028053],[111.20931898008695,1.0713391402891261],[111.20926406658344,1.0713061270761273],[111.20920915308,1.0712731138631852],[111.20915423957655,1.0712401006501864],[111.2090993260731,1.0712070883365072],[111.20904441167033,1.0711740751235084],[111.20898949816689,1.0711410619105095],[111.20892514537923,1.0711095370755288],[111.20886079169225,1.0710780131398678],[111.20879643890459,1.0710464883048303],[111.20873208611692,1.0710149625705299],[111.20866773422864,1.070983438634812],[111.20860338144098,1.0709519137998313],[111.208539027754,1.0709203889648506],[111.20847467496634,1.0708888641298131],[111.20841032217868,1.0708573392948324],[111.20834596939102,1.0708258135604751],[111.20828149339627,1.0707949443312827],[111.20821701740147,1.0707640733033941],[111.20815254140672,1.0707332031748251],[111.20808806541197,1.0707023330462562],[111.20802358941717,1.0706714629177441],[111.20795911342242,1.0706405927891751],[111.20789463742761,1.0706097226606062],[111.20783897838618,1.0705727263502922],[111.2077833193448,1.0705357291406585],[111.20772765940404,1.070498731930968],[111.20767199856397,1.0704617347213343],[111.20761633862321,1.0704247384110204],[111.20755625491728,1.0703964079679054],[111.20749616941276,1.0703680766254706],[111.20743608480751,1.0703397470817322],[111.207375999303,1.0703114157392974],[111.20731591469774,1.0702830861955022],[111.20725582919323,1.0702547548531243],[111.20719722487212,1.0702194573621],[111.20713862324891,1.0701841598711326],[111.2070800189278,1.0701488623801652],[111.20702141460669,1.0701135639898212],[111.20696281208416,1.0700782673981735],[111.20690420776305,1.0700429690078863],[111.20684560434125,1.0700076706175423],[111.20678700091941,1.0699723740258946],[111.20672839569897,1.0699370756356075],[111.20666979227713,1.0699017781445832],[111.20661118885533,1.0698664797542961],[111.20655258543354,1.0698311822632718],[111.2064825480312,1.0698233356784499],[111.20641251062892,1.0698154890935712],[111.20634247322664,1.0698076416094295],[111.2062724358243,1.0697997959238705],[111.20620239932134,1.0697919502383684],[111.206132361919,1.0697841036534896],[111.2060623236174,1.0697762570686677],[111.20599228711444,1.0697684113831087],[111.2059222497121,1.0697605647982869],[111.20585221320914,1.0697527191127278],[111.20578217490748,1.0697448734272257],[111.20571213840452,1.0697370268423469],[111.20564500761105,1.0697167516268564],[111.20557787681764,1.069696476411309],[111.20551074692349,1.0696762002964419],[111.20544361613003,1.0696559241816317],[111.20537648623593,1.0696356480667646],[111.20530935634179,1.0696153719518975],[111.205242224649,1.0695950958370304],[111.20517509475491,1.0695748197222201],[111.20510796396144,1.069554543607353],[111.20504083406729,1.0695342683918057],[111.20497605140372,1.0695093059097758],[111.20491126694145,1.0694843434277459],[111.20484648427788,1.0694593800463963],[111.20478170071499,1.0694344175643664],[111.20471691715204,1.0694094550823365],[111.20465213358915,1.0693844926003067],[111.20458735002626,1.0693595301182768],[111.20452256736263,1.0693345667369272],[111.20445400394919,1.0693188942516372],[111.20438544143502,1.0693032199676509],[111.20431687802159,1.0692875456837214],[111.20424831640673,1.0692718731984314],[111.20417975299324,1.0692561998138217],[111.20411118957981,1.069240526429212],[111.20404262706563,1.0692248530446022],[111.20397942990684,1.0692013942290259],[111.20391623274799,1.0691779336148102],[111.20385303558919,1.0691544747992339],[111.20378983932966,1.0691310150843378],[111.20372664217086,1.0691075562687615],[111.20366344501201,1.0690840965538655],[111.2036002469539,1.0690606368389695],[111.20353705069442,1.0690371780233932],[111.20347385263625,1.0690137183084971],[111.20341065637678,1.0689902585936011],[111.20334745921792,1.0689667997780248],[111.20328426205913,1.0689433409624485],[111.20322106490028,1.0689198821468722],[111.20316094881878,1.0688885884376305],[111.20310083273728,1.0688572947283888],[111.20304071665583,1.0688260010192039],[111.20298060057434,1.0687947073099622],[111.20292048629148,1.0687634136007205],[111.20286037020998,1.0687321207907985],[111.20280025412848,1.0687008270815568],[111.2027401389463,1.0686695342716348],[111.20268002196548,1.0686382396630734],[111.2026235022729,1.0686026184161506],[111.20256697988225,1.0685669953705883],[111.20251046018967,1.0685313732243458],[111.2024539386984,1.0684957501787835],[111.20239741810644,1.068460128032541],[111.20234089661517,1.0684245058862984],[111.20228437602321,1.0683888828407362],[111.20222785543126,1.0683532606944937],[111.20217127098744,1.0683141725610881],[111.20211468834225,1.0682750862263219],[111.20205810389842,1.0682359980928595],[111.20200152035392,1.0681969099594539],[111.20194493591015,1.0681578227253681],[111.20188835236564,1.0681187345919625],[111.20183176792182,1.0680796473578766],[111.20177518437731,1.0680405592244711],[111.20171860083281,1.0680014719903852],[111.20166201728836,1.0679623838569796],[111.20160543284453,1.067923295723574],[111.20155524707707,1.0678770390941281],[111.2015050613096,1.0678307815653625],[111.2014548737435,1.0677845249359166],[111.20140468797604,1.0677382683064707],[111.20135450220857,1.067692010777705],[111.20130431644111,1.0676457541482591],[111.20125412977433,1.0675994966194935],[111.20120394400686,1.0675532399901044],[111.2011537582394,1.0675069833606585],[111.20110357157262,1.0674607258318929],[111.20105338490583,1.067414469202447],[111.20100319913837,1.0673682116736813],[111.20095301157227,1.0673219550442354],[111.20091032525136,1.0672696288903012],[111.20086763803113,1.0672173036356867],[111.2008249508109,1.0671649792803919],[111.20078226359067,1.0671126540258342],[111.20073957637044,1.0670603269725802],[111.20071090418492,1.0670251823663079],[111.20069688915015,1.0670080017179657],[111.20065420192992,1.0669556773626709],[111.20061151470969,1.0669033512087367],[111.20056882659014,1.0668510250548024],[111.20054567174543,1.0668226415517097],[111.20052614026923,1.0667986998001879],[111.200483453049,1.0667463736462537],[111.2004407649294,1.066694048391696],[111.20039807680985,1.0666417222377618],[111.20033670977142,1.0666048680203062],[111.20027534273294,1.0665680138028506],[111.20021397569451,1.066531159585395],[111.20015260865603,1.0664943062672592],[111.20009124071822,1.0664574520498036],[111.2000298736798,1.066420597832348],[111.19996850664131,1.0663837436149493],[111.19990713960289,1.0663468902968134],[111.1998457725644,1.0663100360793578],[111.19978440642529,1.0662731818619022],[111.19972303938681,1.0662363276444466],[111.19966167234838,1.0661994743263108],[111.19960728404897,1.0661668109495963],[111.19960030441058,1.0661626192095355],[111.1995389373721,1.0661257649921367],[111.19947757033367,1.0660889107746812],[111.19947597223842,1.0660879511980283],[111.19941620329519,1.0660520556579058],[111.19935483625676,1.06601520233977],[111.19929346921828,1.0659783481223144],[111.19923210217985,1.0659414939048588],[111.19917073514137,1.0659046396874032],[111.19910936810294,1.0658677863692674],[111.19904800106445,1.0658309321518686],[111.19898663402603,1.0657940779344131],[111.19892526608822,1.0657572228176377],[111.19886389904974,1.0657203686001822],[111.19880253201131,1.0656835152820463],[111.19874116497283,1.0656466610645907],[111.1986797979344,1.0656098068471351],[111.19861843089592,1.0655729526296795],[111.19855706385749,1.0655360993116005],[111.19849569681901,1.065499245094145],[111.19843432978058,1.0654623908766894],[111.1983729627421,1.0654255366592338],[111.1983115948043,1.0653886824417782],[111.19825022776587,1.0653518282243226],[111.19818886072738,1.065314974006867],[111.19812749368896,1.0652781197894683],[111.19806612665047,1.0652412655720127],[111.19800475961205,1.0652044122538769],[111.19794339257356,1.0651675580364213],[111.19788202643446,1.0651307038189657],[111.19782065939597,1.0650938496015101],[111.19775929055885,1.0650569953840545],[111.19769792441974,1.0650201411666558],[111.19763655738126,1.0649832869492002],[111.19757519034283,1.0649464327317446],[111.19751382330435,1.0649095794136088],[111.19745245626592,1.0648727251961532],[111.19739108922744,1.0648358709786976],[111.19732972218901,1.064799016761242],[111.19726835515053,1.064762163443163],[111.1972069881121,1.0647253092257074],[111.19714561927498,1.0646884541089321],[111.19708425223649,1.0646515998914765],[111.19702288519807,1.0646147456740209],[111.19696151815958,1.0645778923558851],[111.19690015112116,1.0645410381384295],[111.19683327573517,1.0645199993984988],[111.19676640034913,1.0644989588599287],[111.19669952496315,1.0644779192206215],[111.19663264957717,1.0644568795813711],[111.19656577419119,1.0644358399421208],[111.1964988988052,1.0644148012021333],[111.19643202341922,1.0643937606635632],[111.19636514803324,1.0643727219236325],[111.1962982726472,1.0643516831837019],[111.19623139726122,1.0643306426450749],[111.19616452187523,1.0643096039051443],[111.19609764738857,1.0642885651652136],[111.19603077110327,1.0642675246265867],[111.19596389571728,1.064246485886656],[111.1958970203313,1.0642254462474057],[111.19583014494532,1.0642044066080985],[111.19576326955928,1.0641833678681678],[111.1956963941733,1.0641623282289174],[111.19562951878731,1.0641412885896671],[111.19555920619246,1.0641227292805979],[111.19548889269828,1.0641041699715288],[111.19541858010348,1.0640856106624597],[111.1953482666093,1.0640670513533905],[111.19527795401444,1.0640484911450017],[111.19520764141959,1.0640299318359325],[111.19513732702609,1.0640113716275437],[111.19506701443123,1.0639928123184745],[111.19499670093705,1.0639742530094054],[111.1949263883422,1.0639556928010165],[111.19485607484802,1.0639371343912671],[111.19478576225316,1.0639185741828783],[111.19471544965836,1.0639000148738091],[111.1946451370635,1.0638814546654203],[111.19457482356933,1.0638628962557277],[111.19450451097447,1.0638443360473389],[111.19443419658097,1.06382577583895],[111.19441098417963,1.0638196487578284],[111.19436388488543,1.0638072174292006],[111.19429357139126,1.0637886572208117],[111.19422325789708,1.0637700970124229],[111.1941529444029,1.063751536804034],[111.19408263090872,1.0637329765956451],[111.19401231831392,1.063714417286576],[111.19394200481975,1.0636958570781871],[111.19387169222489,1.0636772968697983],[111.19380137873071,1.0636587366614094],[111.19373106613585,1.0636401773523403],[111.19366075264168,1.0636216171439514],[111.19359044004682,1.0636030569355626],[111.19352012655264,1.0635844967271737],[111.19344981395778,1.0635659374181046],[111.19337950136298,1.0635473772097157],[111.19330918786881,1.0635288170013268],[111.19323887437463,1.063510256792938],[111.19316856088045,1.0634916965845491],[111.19309824828559,1.0634731372755368],[111.19302793479142,1.063454577067148],[111.19295762219656,1.0634360168587591],[111.19288730870238,1.0634174566503702],[111.19281699610752,1.0633988973413011],[111.19275195713715,1.0633724581724664],[111.19268691906615,1.0633460199029514],[111.19262188009577,1.0633195807341167],[111.19255684202471,1.0632931433639214],[111.19249180305434,1.0632667050944065],[111.19242676408396,1.0632402659255717],[111.1923617260129,1.0632138276560568],[111.19229668704253,1.0631873893865418],[111.19223164897147,1.0631609511170268],[111.1921666100011,1.0631345128475118],[111.19210157103072,1.0631080736786771],[111.19203653295966,1.0630816363085387],[111.19197149398934,1.063055197139704],[111.19190645591829,1.063028758870189],[111.19184141694791,1.063002320600674],[111.1918193322964,1.0629933426686762],[111.19177637887685,1.062975882331159],[111.19171133990648,1.062949444061644],[111.1916463009361,1.0629230048928093],[111.19158126286504,1.0628965666232943],[111.19151622389467,1.0628701283537794],[111.19145118582361,1.0628436900842644],[111.19138614685323,1.0628172509154297],[111.19132110788286,1.062790811746595],[111.19125606981186,1.0627643743763997],[111.19119103084148,1.062737935207565],[111.19112599277042,1.0627114969381068],[111.19106095380005,1.0626850577692721],[111.19099058994385,1.0626814892593757],[111.1909202260876,1.0626779189508397],[111.1908498622314,1.0626743504409433],[111.19077949837521,1.0626707801324642],[111.19070913361969,1.062667210723248],[111.1906387697635,1.0626636413140318],[111.19056840590724,1.0626600719048156],[111.19049804115173,1.062656503394976],[111.19042767729553,1.0626529339857598],[111.19041879379233,1.0626524834254383],[111.19035731343934,1.0626493636772238],[111.19028694868382,1.0626457951673842],[111.19023284187222,1.0626430504364635],[111.19021658482757,1.0626422248588483],[111.19014622097137,1.0626386563489518],[111.19007585711518,1.0626350869397356],[111.19000549325898,1.062631518429896],[111.18993512940278,1.0626279490206798],[111.18986476464721,1.0626243796114636],[111.18979440079102,1.062620811101624],[111.18972403693482,1.0626172416924078],[111.18965367307862,1.0626136731825113],[111.18958330922243,1.0626101037732951],[111.18951294356754,1.0626065352634555],[111.18944257971134,1.0626029658542393],[111.18937221585514,1.0625993973443428],[111.18930185199895,1.0625958279351835],[111.18923148814275,1.062592259425287],[111.1891611242865,1.0625886900160708],[111.1890907604303,1.0625851206068546],[111.18906220695533,1.0625244451470621],[111.18903365258109,1.0624637687879499],[111.18900509910611,1.0624030924288377],[111.18897654563114,1.0623424160696686],[111.18894799305548,1.0622817397105564],[111.18891943868124,1.0622210642507639],[111.18889088520626,1.062160386992332],[111.18886233173129,1.0620997106331629],[111.18879262797748,1.0620904727971379],[111.18872292422361,1.0620812358603757],[111.18865321867116,1.0620719980243507],[111.18858351491735,1.0620627610875886],[111.18851381116349,1.0620535232515635],[111.18844410740968,1.0620442854154817],[111.18837440185723,1.0620350466800801],[111.18830469810342,1.0620258088440551],[111.18823499434956,1.0620165710079732],[111.18816528969643,1.0620073331719482],[111.1880955850433,1.0619980953358663],[111.18802588128943,1.0619888566005216],[111.18795617663631,1.0619796187644397],[111.1878864728825,1.0619703809283578],[111.18781676822931,1.0619611430923328],[111.18774706357618,1.0619519052562509],[111.18767735982237,1.0619426674202259],[111.18760635205155,1.0619272629328975],[111.18753534428078,1.0619118602442086],[111.18746433561068,1.0618964557568802],[111.18739332783986,1.0618810530681912],[111.18732231916977,1.0618656485808629],[111.18725131139894,1.0618502458921739],[111.18718030272885,1.0618348423041652],[111.18710929495808,1.0618194387161566],[111.18703828718725,1.0618040351281479],[111.18696727941648,1.0617886306408195],[111.18689627074633,1.0617732270528109],[111.18682526297556,1.0617578225654825],[111.18675425520479,1.0617424189774738],[111.18668324743396,1.061727015389522],[111.18661223786455,1.0617116109021936],[111.18654123009378,1.0616962073141849],[111.18647022232295,1.0616808028268565],[111.18639921365286,1.0616653992388478],[111.18632820588203,1.0616499947515194],[111.18625719811126,1.0616345911635108],[111.18618619034049,1.0616191866761824],[111.18611518167035,1.0616037830881737],[111.18604417389957,1.0615883786008453],[111.18597316522943,1.0615729750128367],[111.18590215655934,1.061557571424828],[111.18583114878857,1.0615421669374996],[111.18576014101774,1.0615267633494909],[111.18568913324697,1.0615113588621625],[111.18561812457688,1.0614959552741539],[111.18554711680605,1.0614805507868255],[111.18547610903528,1.0614651471988168],[111.18540510126445,1.0614497427114884],[111.18533409259436,1.0614343391234797],[111.18526308392427,1.0614189346361513],[111.18519207615344,1.0614035310481427],[111.18512106838267,1.0613881265608143],[111.18505005971252,1.0613727229728624],[111.18497905194175,1.0613573193848538],[111.1849134679822,1.0613283189468348],[111.1848478840227,1.0612993203074552],[111.18478230006315,1.0612703198694362],[111.18471671610365,1.0612413212300567],[111.1846511321441,1.0612123207920376],[111.18458554908386,1.0611833221526581],[111.18451996512437,1.0611543217146391],[111.18445438116481,1.0611253230752595],[111.18438879720532,1.0610963226372405],[111.18432321324576,1.0610673230985412],[111.18425762928621,1.061038323559842],[111.18419204532671,1.0610093240211427],[111.18412646136716,1.0609803253817631],[111.1840608774076,1.0609513249437441],[111.18399529344811,1.0609223254050448],[111.18392971038787,1.0608933258663455],[111.18386412642838,1.060864327226966],[111.1837985415695,1.060835326788947],[111.18373295760995,1.0608063272502477],[111.18366737365045,1.0607773277115484],[111.1836017896909,1.0607483281728491],[111.18353620573134,1.0607193277348301],[111.18347062177185,1.0606903281961308],[111.18340503781229,1.0606613277581118],[111.1833394538528,1.0606323282194126],[111.18327386989324,1.0606033277813935],[111.18320828683301,1.060574329142014],[111.18314270287351,1.060545328703995],[111.18307711891396,1.0605163291652957],[111.18301153495446,1.0604873287272767],[111.18294595099491,1.0604583291885774],[111.18288036703535,1.0604293287505584],[111.18281165973036,1.0604061289397464],[111.18274295332469,1.0603829300282541],[111.1826742460197,1.0603597302174421],[111.18260553871471,1.0603365313059498],[111.18253683230904,1.0603133323944007],[111.18249205056776,1.0602982111935262],[111.18246812500405,1.060290131684269],[111.182399417699,1.060266931873457],[111.18233071219265,1.0602437329619647],[111.18226200488766,1.0602205331511527],[111.18219329758267,1.0601973333402839],[111.182124591177,1.0601741326301521],[111.18205588387201,1.0601509328193401],[111.18198717656702,1.0601277330085281],[111.18191847016135,1.0601045331977161],[111.18184976285636,1.0600813333868473],[111.18178105555131,1.0600581326767156],[111.18170843169884,1.0600618567693232],[111.18163580514835,1.0600655808619308],[111.18156318039649,1.0600693049544816],[111.1814905556447,1.0600730290470892],[111.18141792909421,1.0600767540390166],[111.18134530434236,1.0600804781316242],[111.18127267869124,1.060084202224175],[111.18120005393939,1.0600879263167826],[111.18112742828822,1.06009165130871],[111.18105480263711,1.0600953754013176],[111.18098217788526,1.0600991003931881],[111.18090955223408,1.0601028253851155],[111.18083692658297,1.0601065485784034],[111.18076430273044,1.060110272671011],[111.18069167617995,1.0601139976628815],[111.18061905142815,1.0601177217554891],[111.1805464266763,1.0601214467474165],[111.18047380102513,1.0601251717393438],[111.18040117537402,1.0601288958319515],[111.18032854972284,1.060132620823822],[111.18025592497105,1.0601363449164296],[111.18019075919625,1.0601396867971289],[111.18018329931988,1.060140069908357],[111.18011067366871,1.0601437940009646],[111.18003810017825,1.0601461727077321],[111.17996552668779,1.0601485523138763],[111.17989295319728,1.0601509319200204],[111.17982037970683,1.0601533106268448],[111.17974780621637,1.0601556911323087],[111.17967523272586,1.0601580698390762],[111.1796026592354,1.0601604503445401],[111.17953008664426,1.0601628290513645],[111.17945751225443,1.0601652086575086],[111.17938493786465,1.0601675882636528],[111.17931236527352,1.0601699669704203],[111.17923979088368,1.0601723465765645],[111.17916721829255,1.0601747261827086],[111.17909464390277,1.0601771057888527],[111.17902207131158,1.0601794853949968],[111.1789494969218,1.060181865001141],[111.17887692433067,1.0601842437079085],[111.17880434994083,1.0601866242133724],[111.17873177555106,1.0601890038195165],[111.17865920295992,1.0601913834256607],[111.17858662857009,1.0601937630318048],[111.17851405597895,1.0601961417385724],[111.17844148158918,1.0601985222440362],[111.178419825015,1.060199231809122],[111.17836890899804,1.0602009009508606],[111.17829633460821,1.0602032805570047],[111.17822376201707,1.0602056601631489],[111.17815118762729,1.060208039769293],[111.17807861413678,1.0602104193753803],[111.17800604064632,1.0602127980822047],[111.17796544704782,1.0602141290788154],[111.17793346715587,1.0602151776883488],[111.17786089366535,1.060217557294493],[111.1777883201749,1.0602199369006371],[111.17771574668444,1.0602223156074047],[111.17764317319393,1.0602246961128685],[111.17757059970347,1.0602270748196929],[111.17749802621302,1.0602294553251568],[111.17743449360705,1.0602615782092926],[111.17737096279973,1.0602937001941655],[111.17730743109314,1.0603258230783013],[111.17724390028582,1.0603579459624939],[111.17718036767991,1.0603900688466297],[111.17711683597327,1.0604221917308223],[111.17705330516594,1.0604543137156384],[111.17703345532976,1.0604643501496867],[111.17698977256003,1.060486436599831],[111.17692624175271,1.0605185585846471],[111.17686271004607,1.0605506823681594],[111.17679917833948,1.0605828052522952],[111.17673564663284,1.0606149272371681],[111.17667211492625,1.0606470501213039],[111.17660858411892,1.0606791730054965],[111.17654505241228,1.0607112958896323],[111.17648151980637,1.0607434187738249],[111.17641798899905,1.060775540758641],[111.1763544572924,1.0608076636428336],[111.17629092558582,1.0608397856276497],[111.17622739387917,1.0608719094111621],[111.17616348805461,1.0608447148117648],[111.17609958312931,1.0608175211117441],[111.1760356773047,1.0607903274117234],[111.17597177237946,1.0607631337117027],[111.17590786565552,1.060735940011682],[111.17584396073028,1.0607087463116613],[111.17578005490566,1.0606815517122641],[111.17571614998042,1.0606543580122434],[111.1756522441558,1.0606271643122227],[111.17562330577101,1.060614849895444],[111.17558833923056,1.060599970612202],[111.17552443340594,1.0605727769121813],[111.17546052758132,1.0605455832121606],[111.17539662175676,1.0605183886128202],[111.17533271683146,1.0604911958120624],[111.1752688110069,1.0604640021120417],[111.1752049060816,1.060436808412021],[111.17514100025704,1.0604096138126806],[111.17507709533174,1.0603824201126599],[111.17501318860781,1.0603552264126392],[111.17494928368257,1.060328031813242],[111.17488537785795,1.0603008381132213],[111.17481562644008,1.0603167462209058],[111.17474587412283,1.0603326543285903],[111.17467612090633,1.0603485633355945],[111.17460636858908,1.0603644714432221],[111.17453661717121,1.0603803786515869],[111.17446686485397,1.0603962867592713],[111.1743971134361,1.0604121948669558],[111.17432736021954,1.06042810387396],[111.17425760790235,1.0604440119815877],[111.1741878555851,1.0604599200892721],[111.17411810416723,1.0604758281969566],[111.17404835185005,1.0604917363046411],[111.17397859863348,1.0605076453116453],[111.17390884721561,1.0605235534193298],[111.17383909489837,1.0605394624262772],[111.17376934258118,1.0605553696346419],[111.17369959116326,1.0605712786416461],[111.17362983794675,1.0605871876486503],[111.1735600856295,1.0606030957563348],[111.17349033421164,1.0606190038639625],[111.17342058189439,1.0606349128709667],[111.1733508295772,1.0606508209786512],[111.17328107725996,1.0606667299856554],[111.17321132494277,1.0606826380933398],[111.17314157262552,1.0606985471003441],[111.17307182120766,1.0607144552079717],[111.17300206889041,1.0607303642149759],[111.1729323156739,1.0607462732219801],[111.17286256425598,1.0607621813296646],[111.17279281193879,1.0607780894373491],[111.17272305962155,1.0607939984442964],[111.17265330820368,1.0608099056526612],[111.17258355498711,1.0608258146596654],[111.17251380266993,1.0608417236666696],[111.172444051252,1.0608576317743541],[111.17239443835268,1.0608858731845316],[111.17238218508982,1.0608928483263185],[111.17232031892763,1.06092806397902],[111.17225845276545,1.0609632796317214],[111.17219658660326,1.0609984961836858],[111.1721347213404,1.0610337118363873],[111.17207285517816,1.0610689283884085],[111.17201098901597,1.0611041440410531],[111.17194912285379,1.0611393596937546],[111.1718872566916,1.061174576245719],[111.17182539142874,1.0612097918984205],[111.17176352526656,1.0612450075511219],[111.17170165910437,1.0612802241030863],[111.17163979294213,1.0613154397557878],[111.17157792677995,1.0613506572071287],[111.17151606061776,1.0613858728597734],[111.17144715995852,1.061366010433062],[111.17137825929927,1.0613461462077112],[111.17130935774071,1.0613262828816801],[111.17124045708147,1.0613064186563292],[111.17117155642228,1.0612865562296179],[111.17110265576304,1.0612666929035868],[111.17103375510379,1.0612468286782359],[111.17096485444455,1.0612269662515246],[111.17089595288599,1.0612071020261737],[111.17082705222674,1.0611872387001426],[111.17075815066818,1.0611673753741115],[111.17068925000893,1.0611475120480804],[111.17062034934969,1.0611276478227296],[111.17055144779113,1.0611077853960182],[111.17048254713188,1.0610879211706674],[111.17041364557332,1.0610680578446363],[111.17034474491413,1.0610481954179249],[111.17027584515421,1.0610283320918938],[111.17020694359564,1.0610084687658627],[111.1701380429364,1.0609886063391514],[111.17006914227716,1.0609687430131203],[111.17002019487614,1.0609546317509171],[111.17000024071859,1.0609488787877694],[111.16993134005935,1.0609290163610581],[111.16985933494044,1.0609252913691307],[111.16978733072079,1.0609215672765799],[111.16971532560183,1.0609178422846526],[111.16964332228156,1.060914118192045],[111.16957131716259,1.0609103932001176],[111.169499312943,1.0609066691075668],[111.16942730782404,1.0609029450149592],[111.16935530270513,1.0608992200230318],[111.1692832993848,1.0608954959304242],[111.16921129426589,1.0608917709385537],[111.16913929004625,1.0608880468459461],[111.16906728492734,1.0608843218540187],[111.16899528070769,1.0608805977614111],[111.16892327558878,1.0608768727694837],[111.16885127226845,1.0608731486769329],[111.16877926714955,1.0608694236850056],[111.16870726203058,1.060865699592398],[111.16863525781093,1.0608619763991669],[111.16856325269202,1.0608582523065593],[111.1684912493717,1.0608545282139517],[111.16841924425279,1.060850804121344],[111.16834724003314,1.0608470800287932],[111.16827523491423,1.0608433559361856],[111.16820320731222,1.0608452256267356],[111.16813117881094,1.0608470962165484],[111.16805915210824,1.0608489659070983],[111.16798712360691,1.0608508355976483],[111.16791509600495,1.0608527061874611],[111.16784306840293,1.060854575878011],[111.16777103990165,1.060856445568561],[111.16769901319896,1.0608583161584306],[111.16762698469762,1.0608601858489237],[111.16755495709566,1.0608620573381131],[111.16748292859432,1.0608639270286631],[111.16741090099237,1.0608657976185327],[111.16733887339035,1.0608676682083455],[111.16726684578839,1.0608695378988955],[111.16719481818637,1.0608714093880849],[111.16712278968504,1.0608732799779546],[111.16705076208308,1.0608751496684476],[111.16697873358174,1.060877021157637],[111.1669067068791,1.060878890848187],[111.16683467927709,1.0608807623373764],[111.16676265077575,1.0608826320278695],[111.16671787892705,1.0608364140692856],[111.16667310707828,1.0607901952113821],[111.16662833522957,1.0607439772527982],[111.16658356338081,1.0606977583948947],[111.16653879063273,1.0606515404363108],[111.16647185589147,1.0606657533219277],[111.16640492025095,1.0606799662075446],[111.16633798461038,1.0606941790931614],[111.1662710489698,1.0607083919787783],[111.16620411422855,1.0607226048643952],[111.16613717768865,1.0607368186493318],[111.16608579582288,1.0606991235657688],[111.16603441305779,1.0606614275828861],[111.16598303029269,1.0606237333986428],[111.16593164842692,1.0605860383150798],[111.16588026566177,1.0605483432315168],[111.16582888289668,1.0605106472486341],[111.16577750013158,1.0604729521650711],[111.16571209243915,1.0604599911357582],[111.16564668384746,1.0604470292070687],[111.1655812752557,1.0604340681777558],[111.16551586666395,1.0604211071484428],[111.16545045897158,1.0604081461190731],[111.16538505127915,1.0603951850897602],[111.1653162405521,1.0604187248443395],[111.16524742982511,1.060442264598862],[111.16517861999739,1.0604658052527611],[111.16510980927035,1.0604893450073405],[111.16504824258237,1.0604659212652905],[111.16498667679377,1.0604424984226171],[111.16492511100512,1.0604190737813042],[111.1648635443172,1.0603956500392542],[111.16480197762922,1.0603722271965808],[111.16474041184057,1.0603488025552679],[111.16467713284345,1.0603376932299966],[111.16461385384633,1.0603265821061427],[111.16455057484922,1.0603154718815517],[111.1644872958521,1.0603043616570176],[111.16442401685498,1.0602932523318032],[111.16436073785781,1.0602821421072122],[111.16429602444202,1.0602563666380433],[111.16423131012692,1.0602305911688745],[111.16416659581182,1.0602048156997057],[111.16410188239604,1.0601790411299135],[111.16403716808088,1.0601532656607446],[111.16397027201049,1.0601308473607673],[111.16390337504077,1.0601084281614703],[111.16383647897038,1.060086009861493],[111.16376958200067,1.0600635906622529],[111.16370268593028,1.0600411723622756],[111.16363578896056,1.0600187531629786],[111.16356889289017,1.0599963339636815],[111.16350718860593,1.0599632820798774],[111.1634454843217,1.0599302301960165],[111.16338377823882,1.0598971774128358],[111.16332207215595,1.0598641237303923],[111.16326036697239,1.0598310709472116],[111.1631986617889,1.0597980190633507],[111.16313931822503,1.0597784381244537],[111.16307997286253,1.059758856286237],[111.16302062929867,1.0597392744480203],[111.16296128483549,1.0597196926097467],[111.16290194037231,1.05970011077153],[111.16284259590913,1.0596805298326331],[111.16277839780486,1.0596645785574879],[111.16271419970064,1.059648629081039],[111.16265000159638,1.0596326778058938],[111.16258580259279,1.0596167274300683],[111.16252160538784,1.0596007761549231],[111.16245740728357,1.0595848248798347],[111.1623932091793,1.0595688736046895],[111.16238881059519,1.0595067952024806],[111.1623844129104,1.0594447168002716],[111.16238001522561,1.0593826383981195],[111.16237561664144,1.0593205590965908],[111.16237121895665,1.0592584806943819],[111.16236682127186,1.0591964022921729],[111.16229952770112,1.0591722770789715],[111.16223223502971,1.0591481527650899],[111.16216494235829,1.0591240275518885],[111.16209764878749,1.0590999032380068],[111.16203035611608,1.0590757780248055],[111.16196306344466,1.0590516528116041],[111.16189576987392,1.0590275275983458],[111.16187889679372,1.0589682272019445],[111.16186202371347,1.0589089268056],[111.16184515063327,1.0588496264091987],[111.16182827755301,1.0587903251134776],[111.16178683859181,1.0587436071318166],[111.16174539873123,1.0586968882508359],[111.16170395976997,1.0586501702691749],[111.16166251990944,1.0586034513881941],[111.16162108094818,1.05855673340659],[111.16163584691685,1.0584917367043545],[111.16165061288552,1.0584267418007585],[111.1616653788542,1.0583617459978427],[111.16168014482287,1.058296750194927],[111.16169491079154,1.058231755291331],[111.16170967676021,1.0581667585890955],[111.16165934979921,1.0581255399617362],[111.16160902283821,1.0580843213344338],[111.16155869587715,1.0580431027070745],[111.16150836891615,1.0580018840797152],[111.16145804195514,1.057960664553093],[111.16139596715021,1.0579394630358365],[111.16133389144602,1.0579182606192603],[111.16127181574177,1.0578970600013804],[111.16120974003752,1.0578758575848042],[111.16114766523265,1.0578546560675477],[111.16108558862908,1.0578334536510283],[111.16105181458965,1.0577736253525813],[111.16101804144949,1.0577137961548146],[111.16098426741007,1.0576539678563677],[111.16095049337065,1.057594138658601],[111.16091671933117,1.0575343103602108],[111.16085211563268,1.0575123120436274],[111.16078751373283,1.0574903146263637],[111.16072291093366,1.0574683172091],[111.16065830903381,1.0574463197918931],[111.16059370623464,1.0574243223746294],[111.16053445440161,1.0573881831181779],[111.16047520166927,1.0573520438617834],[111.16041594983625,1.0573159046053888],[111.16035669800328,1.0572797662482571],[111.16029744706958,1.0572436278911823],[111.16023819523656,1.0572074886347309],[111.16017894340359,1.0571713502776561],[111.16011969067125,1.0571352110212047],[111.16006043883823,1.0570990717648101],[111.16001227384743,1.0570517611299124],[111.15996410795725,1.057004449595695],[111.15991594296645,1.0569571389608541],[111.15986777797565,1.0569098283259564],[111.15981961208547,1.0568625167917389],[111.15977144709467,1.0568152061568981],[111.15972328210387,1.0567678964213201],[111.15967511621369,1.0567205848871026],[111.15962695122289,1.0566732742522618],[111.15957878623203,1.0566259627180443],[111.15953062034191,1.0565786520831466],[111.15948245535111,1.0565313414483057],[111.15942621175031,1.0564871784405909],[111.15939509520751,1.0564627447599264],[111.1593699690489,1.0564430154328761],[111.15931372634748,1.0563988524251613],[111.15925748184736,1.0563546894174465],[111.15920123914594,1.0563105264097317],[111.15914499644447,1.0562663634020169],[111.1590757756266,1.0562506846214319],[111.15900655660738,1.0562350076395433],[111.15893733668878,1.0562193297583349],[111.15886811766956,1.0562036527763894],[111.15879889775101,1.056187974895181],[111.15872967873173,1.0561722970139158],[111.15866045881319,1.0561566191327074],[111.15859123979396,1.056140941251499],[111.15852201987536,1.0561252633702338],[111.15845861497314,1.056099272963138],[111.15839521007092,1.0560732816566656],[111.15833180516876,1.0560472921488895],[111.15826840116586,1.0560213017417368],[111.15820499626363,1.0559953122339039],[111.15814159136141,1.055969321826808],[111.15807818555987,1.0559433323189751],[111.1580264331734,1.0559027180360658],[111.15797468078694,1.0558621037531566],[111.15792292840047,1.0558214903695102],[111.15787117511468,1.055780876086601],[111.15781942182889,1.055740260904372],[111.15776766944248,1.0556996466214628],[111.15771591615669,1.0556590332378164],[111.1576641628709,1.0556184189549072],[111.15761240958511,1.0555778046719979],[111.15757633418053,1.0555169763274534],[111.15754025697731,1.0554561470835893],[111.15750418067347,1.0553953187390448],[111.15749364691436,1.0553775571286224],[111.15746810526889,1.0553344903944435],[111.15743202896505,1.0552736611505793],[111.15739595266115,1.0552128319067151],[111.15735987725657,1.0551520026628509],[111.15732380095272,1.0550911743183065],[111.15728772464882,1.0550303450743854],[111.15725062581578,1.054969396220713],[111.15721352698273,1.0549084482663034],[111.15717642725036,1.0548474994126309],[111.15713932841732,1.0547865505589016],[111.15710222868495,1.0547256017052291],[111.1570651298519,1.0546646537508195],[111.15702803101885,1.0546037048970902],[111.15700942134777,1.0545377567121363],[111.15699081167668,1.0544718103258219],[111.15697220290491,1.0544058621408681],[111.15695359323382,1.0543399139559142],[111.15693498356268,1.0542739657709603],[111.15691637479091,1.0542080193846459],[111.15689776601914,1.0541420711996921],[111.15685435934125,1.0540969162397573],[111.15683501492407,1.0540767939089619],[111.15681095086472,1.0540517603805029],[111.15676754418689,1.0540066054205681],[111.15672413571036,1.0539614486619939],[111.15668072903247,1.0539162937020592],[111.15663732055594,1.0538711387421245],[111.15659391387811,1.0538259846815095],[111.15652324425236,1.0538132089125156],[111.15645257372734,1.0538004322442021],[111.15638190410164,1.0537876546765688],[111.15631123357662,1.0537748789075749],[111.15624056485024,1.0537621031385811],[111.15616989522454,1.0537493255709478],[111.15609922469952,1.053736549801954],[111.15602855507382,1.053723774033017],[111.15595788544812,1.0537109982640231],[111.15589317113302,1.0537060780731053],[111.15586572562279,1.0537039907466124],[111.15582845591859,1.0537011569828678],[111.15576374160344,1.0536962358926303],[111.15569902818766,1.0536913157017125],[111.15563431387255,1.0536863964101144],[111.15556959865813,1.0536814753198769],[111.15550488524229,1.0536765551289591],[111.15544267104252,1.0536451130315641],[111.15538045594337,1.0536136709342259],[111.15531824174354,1.0535822297361506],[111.15525602664439,1.0535507876388124],[111.15519381334389,1.0535193464407371],[111.15513493113224,1.0534827611205628],[111.15507604981991,1.0534461766997651],[111.15501716760826,1.0534095931782304],[111.15495828719526,1.0533730087573758],[111.15489940498361,1.0533364243365781],[111.1548821002288,1.053325672042206],[111.15484052367128,1.0532998399157236],[111.15478164235896,1.0532632563941888],[111.15472700584672,1.0532331003273612],[111.15467237023375,1.0532029442605335],[111.15461773372152,1.053172788193649],[111.15456309720923,1.0531426312275016],[111.15450846159627,1.053112475160674],[111.15445382598335,1.0530823190937895],[111.15439919037038,1.0530521630269618],[111.15433595723869,1.0530465620492464],[111.15427272410699,1.0530409601722113],[111.15420949187461,1.0530353591944959],[111.15414625964223,1.0530297582168373],[111.15408302561121,1.0530241563398022],[111.15401979337884,1.0530185535634473],[111.15395349265964,1.0530020078364259],[111.15388719104112,1.0529854612101417],[111.15382089032187,1.0529689145838006],[111.15375458870335,1.0529523688567792],[111.15368828798415,1.0529358231297579],[111.15362198726496,1.0529192774027933],[111.15355568564644,1.0529027307764522],[111.15352215981989,1.0529298849062911],[111.15350090164537,1.0529471033262325],[111.15344611674493,1.052991475875956],[111.15339133364319,1.0530358484257363],[111.1533365487428,1.0530802209754597],[111.15328176474173,1.0531245944245597],[111.15322698074061,1.0531689669742832],[111.15317219673955,1.0532133404233832],[111.15311741273848,1.0532577129731067],[111.15304669994532,1.0532556022643007],[111.15297598715216,1.0532534915554379],[111.15290527256036,1.0532513808465751],[111.1528345597672,1.0532492701377691],[111.15276384697404,1.0532471594289063],[111.15269989708264,1.0532570546693591],[111.15263594719124,1.0532669508091885],[111.1525719972999,1.0532768469489611],[111.15250804830782,1.0532867430887904],[111.15244409841648,1.053296639228563],[111.15238014762576,1.0533065353683355],[111.15231619773442,1.0533164297095254],[111.15225224784302,1.053326325849298],[111.15218218795769,1.0533118827372618],[111.15211212717298,1.0532974387258491],[111.15204206638833,1.053282995613813],[111.15197200560362,1.0532685534010398],[111.15190229285662,1.0532563334131169],[111.15183258010956,1.0532441116264977],[111.15176286556385,1.0532318907391982],[111.15169315281679,1.0532196707512753],[111.15163125607768,1.0532088213300881],[111.15162344006978,1.0532074507632956],[111.15161831843074,1.0532036115574783],[111.15156803014054,1.0531659263664324],[111.15151262021129,1.0531244010703062],[111.15145721118142,1.053082876673443],[111.15140180125218,1.0530413522766366],[111.15134639132299,1.0529998269804537],[111.1512909795951,1.0529583016843276],[111.15123337621941,1.0529766901221933],[111.15117577284371,1.0529950776607393],[111.15113368277332,1.0530085144314398],[111.1511181685687,1.053013466098605],[111.15106056609233,1.0530318527378881],[111.15100296181731,1.0530502411757539],[111.15094463718532,1.0530673525763063],[111.15088631165401,1.0530844648761786],[111.15082798702207,1.0531015771761076],[111.15076966239008,1.0531186876773404],[111.15071133685876,1.0531357999772126],[111.15064884476845,1.0531257617445817],[111.15058635267809,1.0531157226125742],[111.15052386058778,1.0531056843798865],[111.15046137029606,1.0530956461471987],[111.15039887820575,1.053085607914511],[111.15033638611538,1.0530755696818233],[111.15027389402508,1.0530655323485121],[111.15022518674306,1.053115079597319],[111.15017648036036,1.0531646286447653],[111.15012777307834,1.053214176792892],[111.15007906579632,1.0532637249410186],[111.15003035941362,1.053313273988465],[111.1499816521316,1.0533628221365916],[111.14993294484958,1.0534123702847182],[111.14988423756756,1.0534619184328449],[111.14983553028554,1.0535114665809715],[111.14978682300352,1.0535610147290981],[111.14971692589546,1.0535446560610922],[111.14964702968672,1.0535282982924059],[111.14957713257866,1.0535119387250234],[111.14950723726923,1.0534955809563371],[111.14943734016117,1.0534792222883311],[111.14936744305311,1.0534628627210054],[111.14929754684437,1.0534465049522623],[111.1492276497363,1.0534301462842564],[111.14915775262824,1.0534137867169306],[111.14908785731882,1.0533974280489247],[111.14901796021076,1.0533810693809187],[111.14894806310269,1.0533647098135361],[111.14887816689395,1.0533483511455302],[111.14880826978589,1.0533319915782045],[111.14873837357715,1.0533156329101985],[111.1486684773684,1.0532992742421357],[111.14860141942,1.0532733162106069],[111.14853436237098,1.0532473590783979],[111.14846730442264,1.0532214010468692],[111.14840024737356,1.0531954430153405],[111.14833318942522,1.0531694849838118],[111.14826613237619,1.0531435278516028],[111.14819907442779,1.0531175698200173],[111.14813201737877,1.0530916117884885],[111.14806495943037,1.0530656537569598],[111.14799790238135,1.0530396966247508],[111.14793084443301,1.0530137385932221],[111.14787135697759,1.0529754967218423],[111.14781187132087,1.0529372557497823],[111.14775238386551,1.052899014777779],[111.14769289820873,1.052860773805719],[111.14763341075337,1.0528225319343392],[111.14757392509665,1.0527842909622791],[111.14751443764123,1.0527460490909561],[111.14745495198451,1.0527078081188961],[111.14739546542847,1.052669567146836],[111.14733597887238,1.0526313261748328],[111.14727649231634,1.052593084303453],[111.1472170057603,1.0525548433313929],[111.1471575192042,1.0525166023593329],[111.14709803264816,1.0524783613873296],[111.14703854609206,1.0524401186166301],[111.1469790586367,1.05240187764457],[111.14691957297998,1.0523636366725668],[111.14686008642389,1.052325394801187],[111.14680059986784,1.052287153829127],[111.14677691712109,1.0522719292061993],[111.1467411133118,1.0522489119577472],[111.14668162675571,1.0522106709857439],[111.14662214019967,1.0521724300136839],[111.14656265364363,1.0521341890416238],[111.14650316708753,1.0520959471703009],[111.14644368143081,1.0520577061982408],[111.14638419397545,1.052019464326861],[111.14632470831867,1.0519812233548009],[111.14626522086331,1.0519429823827977],[111.14619723571394,1.0519174884014433],[111.14612925236315,1.051891994420032],[111.14606126721378,1.0518664986400381],[111.14599328296367,1.0518410046586837],[111.1459252978143,1.0518155106773293],[111.14585731356425,1.0517900166959748],[111.14578932931414,1.0517645218153007],[111.14572134416477,1.0517390278338894],[111.14565335991466,1.051713533852535],[111.14558537476529,1.0516880389718608],[111.14551739141456,1.0516625449905064],[111.14544940626513,1.0516370510091519],[111.14538142201508,1.0516115570277975],[111.14531343686571,1.0515860630464431],[111.14524205317826,1.0515732513045464],[111.14517066859156,1.051560437764067],[111.14509928490412,1.0515476251228506],[111.14502790211606,1.0515348133809539],[111.14495651842867,1.0515220007397943],[111.14488513384191,1.0515091880985779],[111.14481375015453,1.051496376356738],[111.14474236556777,1.0514835628162018],[111.14467098188038,1.0514707501750422],[111.14459959909226,1.0514579384331455],[111.14452821540488,1.0514451257919859],[111.14445683081817,1.0514323131507695],[111.14438544713073,1.0514195014089296],[111.14431406344335,1.0514066878683934],[111.14424267885659,1.0513938761265536],[111.1441712951692,1.0513810625860174],[111.14409991238114,1.0513682508441207],[111.14402852779438,1.0513554382029611],[111.14395714410699,1.0513426255617446],[111.14388576041955,1.051329812920585],[111.14381437583285,1.0513170011786883],[111.14374299214541,1.051304187638209],[111.14367160935734,1.0512913758963123],[111.14360022477064,1.0512785632551527],[111.1435288410832,1.0512657506139362],[111.14345745739581,1.0512529379727766],[111.14338677338094,1.0512389409244065],[111.14331608936607,1.051224944775413],[111.14324540535125,1.0512109477270997],[111.14317472133638,1.0511969515781061],[111.14310403732151,1.0511829554291126],[111.14303335330669,1.051168959280119],[111.14296266929182,1.0511549622317489],[111.14289198527695,1.0511409660827553],[111.14282130126213,1.051126969034442],[111.14275061724726,1.0511129728854485],[111.14267993323239,1.0510989758371352],[111.14260924921751,1.0510849787887651],[111.1425385652027,1.0510709817404518],[111.14246788118783,1.0510569846921385],[111.14239719717295,1.0510429876438252],[111.14232651315814,1.0510289905955119],[111.14225583004259,1.0510149953457812],[111.14218514602771,1.051000998297468],[111.1421144620129,1.0509870012491547],[111.14204377799803,1.0509730042008414],[111.14197309398315,1.0509590071525281],[111.14190240996828,1.050945010104158],[111.14183172595347,1.0509310130558447],[111.14176104193859,1.0509170160075314],[111.14169035792372,1.0509030189592181],[111.14161967390891,1.0508890219109048],[111.14154898989403,1.0508750248625347],[111.14147830587916,1.0508610278142214],[111.14140762186435,1.0508470307659081],[111.14133693784947,1.0508330337175948],[111.1412662538346,1.0508190366692816],[111.14119556981973,1.0508050396209114],[111.14112488580491,1.0507910425725981],[111.14105420179004,1.0507770464236046],[111.14098281810266,1.0507673121617813],[111.14091143441522,1.0507575770006383],[111.14084004982851,1.0507478418394953],[111.14076866704039,1.0507381075776721],[111.14069728335301,1.0507283742151685],[111.1406258987663,1.0507186390539687],[111.14055451507886,1.0507089047921454],[111.14048313139148,1.0506991714296419],[111.14041174680472,1.0506894371678186],[111.14034036311733,1.0506797029059953],[111.14026898032927,1.0506699686441721],[111.14019759574251,1.0506602352816685],[111.14012621205512,1.0506505010198453],[111.14005482836768,1.050640766758022],[111.13998344378098,1.0506310333955184],[111.13991206009354,1.0506212991336952],[111.13984067640615,1.0506115648718719],[111.13976929181945,1.0506018306100486],[111.13969790903133,1.0505920972475451],[111.13967671111141,1.0505892059271673],[111.13962652534394,1.0505823620864021],[111.13955514075718,1.0505726278245788],[111.1394837570698,1.0505628935627556],[111.13941517297189,1.0505572961823191],[111.13934658797473,1.0505516970032431],[111.13927800387683,1.0505460987235438],[111.13920941887966,1.0505405004437876],[111.13914083478176,1.0505349021640313],[111.13907224978453,1.0505293029850122],[111.13900366568669,1.050523704705256],[111.13893508068946,1.0505181064254998],[111.13886649659162,1.0505125081458004],[111.13879791159439,1.0505069089667245],[111.13872932839587,1.0505013097876486],[111.13866074339865,1.0504957106086295],[111.1385921593008,1.0504901123288732],[111.13852357430358,1.0504845131497973],[111.13845499020567,1.0504789139707782],[111.13838640520851,1.0504733147917023],[111.1383178211106,1.0504677156126263],[111.13824775942663,1.0504716816228665],[111.13817769684329,1.0504756476331067],[111.13810763515932,1.0504796136432901],[111.13803757257597,1.0504835796535303],[111.13796751179132,1.0504875456637706],[111.13789745010729,1.0504915116739539],[111.13782738842332,1.0504954776841942],[111.13775732583997,1.0504994436944344],[111.137687264156,1.0505034097046178],[111.13761720157265,1.050507375714858],[111.13754713988868,1.0505113417250982],[111.13747707820465,1.0505153068359618],[111.13740701562131,1.0505192728462021],[111.13733695483666,1.0505232379571225],[111.13726689315268,1.050527203068043],[111.13719683056934,1.0505311690782264],[111.13712676888531,1.0505351341891469],[111.13705670720134,1.0505391001993871],[111.13698657626952,1.0505528760144784],[111.13691644443844,1.0505666518295698],[111.1368463126073,1.0505804276446611],[111.13677618077617,1.0505942043590721],[111.13670604984441,1.0506079801742203],[111.13669412663268,1.0506103220088221],[111.13663591801327,1.0506217559893116],[111.13656578708145,1.0506355318044029],[111.13649565525037,1.0506493076194943],[111.13642552431855,1.0506630843339053],[111.1363553915881,1.0506768601489966],[111.13628526065634,1.0506906350648251],[111.1362151288252,1.0507044108799164],[111.13614499789338,1.050718185795688],[111.1360748660623,1.0507319616107793],[111.13600473513048,1.0507457383251904],[111.13593460329935,1.0507595141403385],[111.13586447236759,1.0507732890561101],[111.13579433963713,1.0507870648712014],[111.13572420870531,1.050800839786973],[111.1356520821779,1.0507941479316401],[111.13557995385185,1.0507874551769874],[111.13550782732443,1.0507807633215975],[111.13543569899838,1.0507740696676251],[111.13536357157165,1.0507673769129724],[111.13529144504423,1.0507606850576394],[111.13521931671818,1.0507539923029299],[111.13514719019071,1.0507473004475969],[111.13507506186465,1.0507406067936245],[111.13500293533724,1.0507339149382915],[111.13493080791051,1.0507272230829017],[111.13485867958445,1.050720530328249],[111.13478655305704,1.0507138375735963],[111.13471442473099,1.0507071448189436],[111.13464229820357,1.0507004529635537],[111.13457017077684,1.0506937611082208],[111.13449804335011,1.0506870692528878],[111.13442591592332,1.0506803773975548],[111.13435378759726,1.0506736846429021],[111.13428166106985,1.0506669927875123],[111.1342095327438,1.0506603009321793],[111.13413740621638,1.0506536090768464],[111.13406527878965,1.0506469172215134],[111.13399315136292,1.0506402253661804],[111.13392102393618,1.0506335326114709],[111.13384889561013,1.0506268407561379],[111.13377676908271,1.0506201489008049],[111.13370464165592,1.0506134570454719],[111.13363251422919,1.0506067651900821],[111.13356038680246,1.0506000733347491],[111.13348825937572,1.0505933805800964],[111.13341613194899,1.0505866887247635],[111.13335029977657,1.0506081042806272],[111.13328446940278,1.0506295189371713],[111.13321863723036,1.0506509335937722],[111.13315280505799,1.0506723491496359],[111.13308697288556,1.05069376380618],[111.13302114161246,1.0507151793621006],[111.13295531033936,1.0507365940186446],[111.13288947816693,1.0507580095745084],[111.13282364599451,1.050779425130429],[111.13275781472146,1.050800839786973],[111.13269198344835,1.0508222562421565],[111.13262615127593,1.0508436708987574],[111.13255577662784,1.0508497278327127],[111.13248540197981,1.0508557847667248],[111.13241502823104,1.0508618417006801],[111.13234465358295,1.0508678986346354],[111.13227427893486,1.0508739555686475],[111.13220390518615,1.0508800134019225],[111.13213352963874,1.0508860703359346],[111.13206315588997,1.0508921272698899],[111.13199278214125,1.050898184203902],[111.13192240659384,1.0509042411378573],[111.13185203284507,1.0509102980718694],[111.13178165909636,1.0509163550058247],[111.13171128444827,1.05092241193978],[111.13164090980018,1.0509284688737921],[111.13157053605147,1.0509345258077474],[111.13150016140338,1.0509405827417595],[111.13142978675529,1.0509466396757148],[111.13135941210726,1.0509526966097269],[111.13128903835849,1.0509587544430019],[111.1312186637104,1.0509648095783746],[111.13114828906237,1.0509708674116496],[111.1310779153136,1.0509769234462851],[111.13100754066551,1.0509829803802972],[111.13093716601747,1.0509890373142525],[111.13086679226871,1.0509950933489449],[111.13079641762062,1.0510011493835805],[111.13072604297258,1.0510072063175926],[111.13065566922381,1.0510132623522281],[111.1305852936764,1.0510193192861834],[111.13051491992769,1.0510253753208758],[111.13044454617892,1.0510314322548311],[111.13037417063151,1.0510374891888432],[111.1303037968828,1.0510435452234788],[111.13023336467808,1.0510340267989591],[111.13016293337273,1.0510245101730789],[111.13009250116806,1.0510149917485023],[111.1300220689634,1.0510054751226221],[111.12995163675868,1.0509959566981024],[111.12988120455401,1.0509864400722222],[111.12981077324866,1.0509769216476457],[111.12974034014462,1.0509674041224457],[111.12966990793996,1.050957885697926],[111.12959947573529,1.0509483681727261],[111.12952904442994,1.0509388497481496],[111.12945861222522,1.0509293322229496],[111.12938818002056,1.0509198137984299],[111.12931774781589,1.05091029627323],[111.12924731561117,1.0509007778486534],[111.12917804712924,1.0508991923438771],[111.12910877774794,1.0508976050404613],[111.12903951016534,1.050896018636422],[111.12897024078404,1.0508944322323259],[111.12890097230206,1.0508928458282298],[111.12883170292082,1.0508912594241338],[111.12876243533816,1.0508896730200377],[111.12869316595692,1.0508880857166218],[111.12862389657562,1.0508865002118455],[111.1285546280937,1.0508849129084297],[111.1284853587124,1.0508833256050139],[111.12841609112974,1.0508817401002943],[111.12834682174849,1.0508801536961982],[111.12827755326651,1.0508785681914219],[111.12820828388527,1.0508769817873258],[111.12813901630261,1.0508753962825494],[111.12806974692137,1.0508738098784534],[111.12800047843939,1.050872224373677],[111.1279286181113,1.0508800763544741],[111.12785675868253,1.0508879283352712],[111.12778489925375,1.0508957803160683],[111.12771303892566,1.0509036322968655],[111.12764118039621,1.0509114842776057],[111.12756932006812,1.0509193362584028],[111.12749745974003,1.0509271882391999],[111.12742560031126,1.0509350402199971],[111.12735374088248,1.0509428922007373],[111.12728188055439,1.0509507441815344],[111.12721002112562,1.0509585961623316],[111.12713816169685,1.0509664481431287],[111.12706630226808,1.0509743001239258],[111.12699444193998,1.0509821521046661],[111.12692258161189,1.0509900040854632],[111.12685072308244,1.0509978560662603],[111.12677886275435,1.0510057080470574],[111.12670700332558,1.0510135600277977],[111.12663514389686,1.0510214120085948],[111.12656328356871,1.0510292639893919],[111.12649142414,1.051037115970189],[111.12641956471123,1.0510449679509861],[111.12634770528246,1.0510528208310461],[111.12627584495436,1.051060673711163],[111.12620398642491,1.0510685256919601],[111.12613212609682,1.0510763785720769],[111.12606026576873,1.0510842305528172],[111.12598840633996,1.0510920843322538],[111.12591654691118,1.0510999363130509],[111.12584468658309,1.051107788293848],[111.12577282715432,1.0511156411739648],[111.12570096772555,1.0511234931547051],[111.12562910829678,1.0511313460348219],[111.12555724796869,1.0511391980156191],[111.12548538764059,1.0511470508957359],[111.12541352911114,1.051154902876533],[111.12534166878305,1.051162755756593],[111.12526980935428,1.0511706077373901],[111.12519794992551,1.0511784597181872],[111.12512608959742,1.0511863125983041],[111.12505583905579,1.0512044420314055],[111.12498558761484,1.051222570565244],[111.12491533797254,1.0512406999983455],[111.12484508743091,1.0512588294315037],[111.12477483598997,1.0512769579652854],[111.12470458544834,1.0512950873983868],[111.12463433490672,1.0513132159322254],[111.12456408436509,1.0513313453653268],[111.12449383292409,1.0513494738991653],[111.12442358238246,1.0513676042315865],[111.12435333184084,1.051385732765425],[111.12428308129921,1.0514038621985264],[111.12421282985827,1.0514219916316847],[111.12414257931664,1.0514401210647861],[111.12407232877501,1.0514582495985678],[111.12400207823339,1.0514763799310458],[111.12393182679244,1.0514945093641472],[111.12386157625082,1.0515126387973055],[111.12379132570919,1.0515307682304069],[111.12372107516757,1.0515488976635652],[111.12365082372662,1.0515670270966666],[111.12357886896967,1.0515765446218666],[111.12350691421278,1.0515860630464431],[111.12343495855657,1.051595580571643],[111.12336300379962,1.0516050989961627],[111.12329104904273,1.0516146174206824],[111.12321909428584,1.0516241349459392],[111.12314714042827,1.0516336533704589],[111.12307518477201,1.0516431708956588],[111.12300323001512,1.0516526893201785],[111.12293127525822,1.0516622068454353],[111.12285931960196,1.051671725269955],[111.12278736484507,1.051681242795155],[111.12271541008818,1.0516907612196746],[111.12264345533129,1.0517002787449314],[111.12257149967502,1.0517097971694511],[111.12249954491813,1.0517193146946511],[111.12242759016124,1.0517288331192276],[111.12235563540429,1.0517383506444276],[111.1222836806474,1.0517478681696275],[111.12221172589051,1.0517573847955077],[111.12213977113362,1.0517669032200274],[111.12206781637667,1.0517764198459645],[111.12199586072046,1.0517859382704842],[111.12192390596357,1.0517954548963644],[111.12185195120662,1.0518049733208841],[111.12178215302401,1.0517872971461202],[111.12171235574067,1.0517696209712994],[111.12164255755806,1.0517519447964787],[111.12157276117404,1.051734268621658],[111.12150296299143,1.051716593346157],[111.12143316570808,1.0516989171713362],[111.1213633684248,1.0516812409965155],[111.12129357114145,1.0516635648216948],[111.12122377295884,1.051645888646874],[111.1211539756755,1.051628213371373],[111.12108417839215,1.0516105371966091],[111.12101438110886,1.0515928610217884],[111.1209445829262,1.0515751848469677],[111.12087478564291,1.0515575086721469],[111.12080498835957,1.0515398333966459],[111.12073519107628,1.0515221572218252],[111.12067485196292,1.0515068759416408],[111.12066539289361,1.0515044810470044],[111.12059559561033,1.0514868048721837],[111.12052579832698,1.051469128697363],[111.12045600104369,1.051451453421862],[111.12038620286103,1.0514337772470981],[111.12032486639953,1.0514549284022792],[111.12026352903871,1.0514760786581405],[111.12020219077857,1.0514972298133785],[111.12014085431701,1.0515183809685595],[111.1200795169562,1.0515395312244209],[111.12003517318476,1.0515548223971791],[111.12001817959538,1.0515606823796588],[111.11995684223456,1.0515818326355202],[111.11989550487374,1.0516029828913815],[111.11983416841218,1.0516241340466195],[111.11976754303777,1.051648457110673],[111.11970091766329,1.0516727801747265],[111.11963429318814,1.0516971041380998],[111.11956766781367,1.0517214272021533],[111.11950104423784,1.0517457502662069],[111.11943441886342,1.0517700742295801],[111.11936779438827,1.0517943972936337],[111.1193011690138,1.0518187212570069],[111.11923454363932,1.0518430443210605],[111.11916791916423,1.0518673673851708],[111.11910129378975,1.0518916913485441],[111.1190346693146,1.0519160144125976],[111.11896804394013,1.0519403383759709],[111.1189014203643,1.0519646614400244],[111.11883479498988,1.0519889836047582],[111.11876816961541,1.0520133075681315],[111.11870154514025,1.052037630632185],[111.11863491976578,1.0520619545955583],[111.11856829529063,1.0520862776596118],[111.11850166991621,1.0521106007236654],[111.11843504544106,1.0521349246870955],[111.11836842006659,1.052159247751149],[111.11830179559144,1.0521835708152025],[111.11823517111634,1.0522078947785758],[111.11816854574187,1.0522322178426293],[111.11810192126671,1.0522565418060026],[111.11803529589224,1.0522808648700561],[111.1179642782289,1.0522886745827122],[111.11789325966629,1.0522964851946881],[111.11782224290226,1.0523042940080245],[111.11775122523892,1.0523121037206806],[111.11768020667625,1.0523199143326565],[111.11760918901291,1.052327723145936],[111.11753817224889,1.0523355319592724],[111.11746715368628,1.0523433416719286],[111.11739613602293,1.0523511522839044],[111.11732511835959,1.0523589610972408],[111.11725410069624,1.0523667699105772],[111.1171898000693,1.0523738412798025],[111.1171830830329,1.0523745796231765],[111.11711206536955,1.0523823893358326],[111.11704104680695,1.0523901990484887],[111.1169700291436,1.0523980087611449],[111.11689901237958,1.0524058175744813],[111.11682799381691,1.0524136272871374],[111.11675697615357,1.0524214369997935],[111.1166859575909,1.0524292458130731],[111.11661494082693,1.0524370546264095],[111.11654392316359,1.0524448652383853],[111.11647290460093,1.0524526749510414],[111.11640188693758,1.0524604837643778],[111.11633087017356,1.0524682925777142],[111.11625985161095,1.0524761031896332],[111.1161888339476,1.0524839129022894],[111.11611781628426,1.0524917217156258],[111.11604679772159,1.0524995323276016],[111.11597578095757,1.052507341140938],[111.11590476329422,1.0525151508535942],[111.11583374473162,1.0525229596669305],[111.11576272706827,1.0525307702788496],[111.11569171030425,1.052538579092186],[111.11562069174158,1.0525463888048421],[111.11554967407824,1.0525541976181785],[111.11547865641495,1.0525620082301543],[111.11540763875161,1.0525698170434907],[111.11533662108826,1.0525776258567703],[111.11526560342492,1.0525854355694264],[111.11519448413821,1.0525835856639674],[111.11512336395214,1.0525817348592454],[111.11505224466543,1.0525798849537864],[111.11498112537868,1.0525780341490076],[111.11491000609197,1.0525761842435486],[111.1148388859059,1.0525743334387698],[111.1147677666192,1.0525724826339911],[111.11469664733249,1.0525706318292691],[111.11462552804574,1.0525687810244904],[111.11455440875903,1.0525669311190313],[111.11448328857296,1.0525650803142526],[111.11441217018557,1.0525632304087935],[111.1143410499995,1.052561378704695],[111.11426993071279,1.052559528799236],[111.11419881142609,1.0525576779945141],[111.11412769213933,1.052555828089055],[111.11405657195331,1.0525539772842762],[111.11398545266655,1.0525521273788172],[111.11391433427917,1.0525502765740384],[111.11384321409309,1.0525484257692597],[111.11377209480639,1.0525465758638575],[111.11370097462037,1.0525447250590787],[111.11362985623293,1.0525428742542999],[111.11355873604691,1.0525410234495212],[111.11348761676015,1.0525391717454227],[111.11341649657413,1.0525373209406439],[111.11334537818669,1.0525354701358651],[111.11327425889999,1.0525336193311432],[111.11320313871391,1.0525317676270447],[111.11313202032653,1.0525299168222659],[111.11306090014051,1.0525280660174872],[111.11298978085375,1.0525262152127084],[111.11291866066773,1.0525243644079296],[111.11284754228029,1.0525225127038311],[111.11277642209427,1.0525206618990524],[111.11270530280751,1.0525188110943304],[111.11264255620904,1.0524832069344825],[111.11257980781193,1.0524476027746914],[111.11251706121345,1.0524120004135398],[111.11245431371566,1.0523763962537487],[111.11239156711719,1.0523407920939007],[111.11232881872007,1.0523051879341097],[111.1122660721216,1.0522695846736383],[111.11220332462381,1.0522339814131669],[111.11214057802533,1.0521983772533758],[111.11207782962822,1.0521627730935279],[111.11201938718506,1.0521296105931128],[111.11201508302975,1.0521271689337368],[111.11195233643122,1.0520915656732654],[111.11188958893342,1.0520559624127941],[111.11182684143563,1.052020358253003],[111.11176409393784,1.0519847540931551],[111.11170134733936,1.0519491508326837],[111.11163859984157,1.0519135466728926],[111.11157585234378,1.0518779434124212],[111.11151310484598,1.0518423392526302],[111.11145035824751,1.0518067350927822],[111.11138761074972,1.0517711318323109],[111.11132486325192,1.0517355276725198],[111.11126211575407,1.0516999244120484],[111.1111993691556,1.0516643202522005],[111.11113662165781,1.0516287169917291],[111.11107387416001,1.051593112831938],[111.11101112666222,1.0515575086721469],[111.11096665158976,1.0515111270369175],[111.11092217741663,1.0514647454017449],[111.11087770234417,1.0514183628671958],[111.11083322727166,1.0513719812320232],[111.1107887521992,1.0513255986974741],[111.11074427712674,1.0512792170622447],[111.11069980205428,1.0512328354270721],[111.11069448436302,1.0511691085675352],[111.11068916667176,1.0511053844060143],[111.11068384987982,1.051041658445854],[111.11067853218856,1.050977931586317],[111.11067321539662,1.0509142056261567],[111.11066789770535,1.0508504805652592],[111.11066258091341,1.0507867546050988],[111.11069957632446,1.0507253138222268],[111.11073656993682,1.0506638739386744],[111.11077356534781,1.0506024331558024],[111.11081055896017,1.05054099327225],[111.11084755437122,1.0504795515900582],[111.11085129465158,1.0504359380681194],[111.11085262295023,1.0504204589370829],[111.11085769062998,1.0503613662840507],[111.11086276010838,1.0503022727317557],[111.11086782778807,1.0502431800787235],[111.11083545129509,1.0501781060348208],[111.11080307300347,1.0501130310915414],[111.11077069561117,1.0500479570476386],[111.11073831911818,1.049982883003679],[111.11070594172588,1.0499178089597763],[111.1106735652329,1.0498527340164969],[111.1106411878406,1.0497876599725942],[111.11059008296604,1.0497435886957192],[111.11053897809143,1.0496995183181639],[111.11048787321681,1.0496554470412889],[111.11043676834225,1.0496113757644139],[111.11038566256832,1.0495673053868586],[111.11033455769376,1.0495232341100404],[111.11027526089464,1.0495593086152439],[111.1102159631962,1.049595384019824],[111.11015666639707,1.0496314594243472],[111.11009736869869,1.0496675339296075],[111.11003807189957,1.0497036093341308],[111.10997877510044,1.0497396838393911],[111.109919477402,1.0497757601432909],[111.10986017970362,1.0498118346484944],[111.10980022729871,1.0497947331404589],[111.10974027489385,1.0497776316324234],[111.10968032158962,1.0497605310237077],[111.10962036918477,1.0497434286164093],[111.10956041588054,1.0497263271083739],[111.109500464375,1.0497092256003384],[111.10948556800463,1.0497049772029641],[111.10944051107077,1.0496921240923029],[111.10936977939184,1.0496768940734569],[111.10929904681365,1.0496616640546108],[111.10922831603403,1.0496464340357647],[111.1091575843551,1.0496312040169187],[111.10908685177685,1.0496159739980726],[111.10901612009792,1.0496007439792265],[111.10895985671209,1.0495628501454917],[111.10890359422558,1.0495249554124371],[111.10884733083969,1.0494870606793825],[111.10879106835318,1.0494491668456476],[111.10873480496736,1.049411272112593],[111.10869703613935,1.0493858338891755],[111.10867854158147,1.0493733782788581],[111.10862227909496,1.0493354844451233],[111.10856774780336,1.0492877088607315],[111.10851321741114,1.0492399332763398],[111.10845868611955,1.0491921576919481],[111.10840415482795,1.0491443821076132],[111.10834962443568,1.0490966074225412],[111.10829509314408,1.0490488309388297],[111.10823937834471,1.049024056415135],[111.10818366174664,1.0489992800927439],[111.10812794694726,1.0489745046697294],[111.10807223124851,1.0489497292466581],[111.10801651644914,1.048924952924267],[111.10794513725835,1.048912122296656],[111.10787375806757,1.0488992898704055],[111.10780237797741,1.0488864592427376],[111.10773099878662,1.0488736277158068],[111.10765961959584,1.048860797088139],[111.10759851695803,1.0488394570753599],[111.10753741342097,1.0488181161632042],[111.10747630988385,1.0487967752510485],[111.10741520634673,1.0487754343388929],[111.10735410280967,1.0487540943260569],[111.10729299927254,1.0487327534139013],[111.10723495073245,1.0487419193041774],[111.10717690309167,1.0487510860937732],[111.10711885455157,1.0487602519841062],[111.10706080691079,1.048769418773702],[111.10700275926996,1.0487785846639781],[111.10695762589376,1.0487405334488926],[111.10691249341687,1.0487024813344874],[111.10686735914135,1.0486644283207625],[111.10682222576514,1.0486263753070375],[111.10677426941709,1.0485839237091454],[111.10672631127034,1.0485414730106299],[111.1066783540229,1.0484990232113773],[111.10663039677547,1.0484565716135421],[111.10658243862872,1.0484141209149698],[111.10653448228061,1.0483716702164543],[111.10650897840668,1.0483281933914554],[111.10650476328425,1.0483210069089637],[111.10647504428795,1.0482703436015299],[111.10644532529159,1.0482196802940393],[111.10641560629523,1.0481690169866056],[111.10638588729893,1.048118353679115],[111.10633045039003,1.0480873009881861],[111.1062750116825,1.0480562473979376],[111.10621957387428,1.0480251929083693],[111.10616413696539,1.0479941402174404],[111.10610869915718,1.0479630866271918],[111.10605058226861,1.0479940583791176],[111.10599246538004,1.0480250283324608],[111.10593434669283,1.0480559991850669],[111.10587622980421,1.0480869700376729],[111.10581811291564,1.0481179399909593],[111.10575999602707,1.0481489108436222],[111.10570187823913,1.0481798816962282],[111.10564376135056,1.0482108516495146],[111.10558302833414,1.0482277031460399],[111.10552229531771,1.0482445528438689],[111.10546156230134,1.0482614043403942],[111.10540082928492,1.0482782540382232],[111.10534009626849,1.0482951046354287],[111.10527936325207,1.0483119552325775],[111.10522992482123,1.0483595068857881],[111.10518048728972,1.0484070594383184],[111.1051310497582,1.0484546110914721],[111.10508161222668,1.0485021627446827],[111.10503217379585,1.0485497152971561],[111.10496394223219,1.048570730654717],[111.10489570886995,1.0485917478109741],[111.10482747730629,1.0486127640678546],[111.1048143310166,1.0486768803338009],[111.10480118472697,1.0487409948011077],[111.1047880393366,1.048805111067054],[111.10477489304697,1.0488692264336805],[111.10476174585796,1.0489333418003071],[111.10474859956827,1.0489974571669904],[111.10472856806905,1.0490608207003902],[111.10470853567045,1.0491241851331097],[111.1046885050705,1.0491875477671897],[111.10466847267196,1.0492509121999092],[111.10464844117269,1.0493142757333089],[111.10462840967341,1.0493776401660284],[111.10460837907351,1.0494410028001084],[111.10458834667492,1.0495043672328279],[111.10451597463259,1.0495098432047598],[111.10444360259027,1.0495153191766917],[111.10437123144726,1.0495207951486236],[111.1042988603042,1.0495262702212358],[111.10422648826187,1.0495317461931677],[111.10415411621955,1.0495372212657799],[111.10408174417722,1.0495426972377118],[111.10401221579122,1.049530938602004],[111.10394268740515,1.0495191799662393],[111.10387315901914,1.0495074213304747],[111.10380363063308,1.0494956626947101],[111.10373410224707,1.0494839040589454],[111.10366457386107,1.0494721463225574],[111.10359546276044,1.0494820991196434],[111.10352635076055,1.0494920519167295],[111.1034572387606,1.0495020047138155],[111.10338812766003,1.0495119584102213],[111.10331901655945,1.0495219112073073],[111.1032499045595,1.0495318649037131],[111.10318523700914,1.0495399668960204],[111.1031205703581,1.0495480679890079],[111.10305590190842,1.0495561699813152],[111.10299123435806,1.0495642710743027],[111.1029265668077,1.0495723721672903],[111.10286189925728,1.0495804741595975],[111.10282083980997,1.0496298694229722],[111.10277978126197,1.0496792637870271],[111.1027387218146,1.0497286581510821],[111.10269766236729,1.0497780534144567],[111.10265660291992,1.0498274468791919],[111.10261554257329,1.0498768421426234],[111.10255698591624,1.0498929516983821],[111.10249842925919,1.0499090621535174],[111.10243987170276,1.049925171709333],[111.10238131414638,1.0499412821644682],[111.10232275659001,1.0499573917202838],[111.10226419993296,1.0499735021754191],[111.10219331986588,1.0499842787515377],[111.10212243979879,1.0499950571262389],[111.10205156063108,1.0500058337023006],[111.101980680564,1.0500166120770587],[111.10190980139629,1.0500273886531204],[111.10184647563443,1.0500340562267638],[111.10178315077184,1.0500407220017678],[111.1017198259093,1.0500473886760915],[111.10165650104676,1.0500540553504152],[111.1015940089564,1.0500769709754536],[111.10153151776541,1.0500998866005489],[111.10146902567504,1.050122803124907],[111.10140653358474,1.0501457187499454],[111.10134404329301,1.0501686352743604],[111.1012815512027,1.0501915508993989],[111.10121906001166,1.050214467423757],[111.10115656792135,1.0502373830488523],[111.10109707596934,1.0502671587024679],[111.10103758401738,1.0502969352554032],[111.10097809116604,1.0503267109090189],[111.10091859921403,1.0503564856633147],[111.10088507878339,1.0503732634153948],[111.10085910726207,1.0503862622162501],[111.10080459035964,1.0504173319943106],[111.10075007435648,1.0504484008730515],[111.10069555655474,1.0504794697517923],[111.10064104055164,1.0505105386304763],[111.10058652364921,1.0505416093078566],[111.10053200764611,1.0505726781865974],[111.10047749074369,1.0506037479646579],[111.10041384842043,1.050584820832853],[111.10035020609718,1.0505658946004246],[111.10028656287466,1.0505469683679394],[111.1002229205514,1.050528042135511],[111.10015927822815,1.050509115003706],[111.10009563590495,1.0504901887712208],[111.10003199268237,1.050471260740153],[111.09996107574312,1.0504757987191624],[111.09989015880387,1.050480335798909],[111.09981924276389,1.0504848728786556],[111.09974832582463,1.050489410857665],[111.09967740888538,1.0504939488367313],[111.09960649194613,1.050498485916421],[111.09954066696827,1.0504954866773915],[111.09947484288978,1.0504924892370582],[111.09940901791191,1.0504894899980286],[111.09934319383336,1.050486490758999],[111.09927736885555,1.0504834924192892],[111.09921487676519,1.0504496518300357],[111.09915238377556,1.0504158121400451],[111.0990898916852,1.0503819715507916],[111.09902739959489,1.0503481318608578],[111.0989649066052,1.0503142921708672],[111.09890241541422,1.0502804515816138],[111.09884136223911,1.0502461109692831],[111.09878030906407,1.0502117712562722],[111.09871925588902,1.0501774297446218],[111.09866797924388,1.0501485875872731],[111.09865820271392,1.0501430891322912],[111.0985971504382,1.0501087476206408],[111.09853609636383,1.0500744070083101],[111.09847504318873,1.0500400663959795],[111.09841399001368,1.0500057248843291],[111.09835293683864,1.0499713842719984],[111.09829188366353,1.049937042760348],[111.09823083138781,1.0499027021480174],[111.09816643363405,1.0498865521227572],[111.09810203767898,1.0498704029967598],[111.09803764082454,1.0498542538707625],[111.09797324486942,1.0498381047447651],[111.09790884801498,1.0498219556188246],[111.09784445205986,1.049805807392147],[111.09778005520542,1.0497896582661497],[111.0977110520235,1.0497996884049599],[111.0976420479422,1.0498097176443935],[111.09757304476028,1.0498197477832036],[111.09750404067898,1.0498297788212767],[111.09743503839638,1.0498398089600869],[111.09736603971101,1.0498498390988402],[111.09729703113317,1.0498598701369701],[111.09722802705187,1.0498699011750432],[111.09715902386989,1.0498799313138534],[111.09709572238972,1.0498494011289949],[111.09703241911092,1.0498188700448736],[111.09696911673143,1.049788339860072],[111.09690581435189,1.0497578087758939],[111.0968425119724,1.0497272785910923],[111.09677920869359,1.0496967484062338],[111.09671590721342,1.0496662182214322],[111.09665260393456,1.0496356871373109],[111.09658930155507,1.0496051569524525],[111.09652719617321,1.0495752041323954],[111.09652599917558,1.0495746267676509],[111.0964626967961,1.0495440965828493],[111.09639939441661,1.0495135663979909],[111.09634235221785,1.0494761725873332],[111.0962853109184,1.0494387796759952],[111.0962282687197,1.0494013867646572],[111.0961712292189,1.0493639947525821],[111.09611418702019,1.0493266018412442],[111.09605714482143,1.0492892089299062],[111.09600010262272,1.0492518160185682],[111.09594306132328,1.0492144231071734],[111.09589213001783,1.0491704327693014],[111.09584119871244,1.0491264433307492],[111.0957902683063,1.0490824529928773],[111.09573933610153,1.0490384617556288],[111.09568840389676,1.0489944723170765],[111.09563747259136,1.0489504819792046],[111.09558654128591,1.0489064916413327],[111.09553560998046,1.0488625022027804],[111.09550545391363,1.0488054420175672],[111.09547529874612,1.0487483818324108],[111.09544514267924,1.0486913216471976],[111.09541498841105,1.0486342632606807],[111.09538483234422,1.0485772030755243],[111.09535467717666,1.048520142890311],[111.09532452110983,1.0484630827051546],[111.09525393512109,1.048451655919223],[111.09518334823298,1.0484402282339715],[111.09511276224424,1.0484287996494572],[111.09504217535618,1.0484173719642058],[111.09497158936739,1.0484059442789544],[111.09490100158001,1.0483945156943832],[111.09483041559128,1.0483830880091318],[111.09476129279949,1.0483745120741332],[111.09469216910838,1.0483659352397581],[111.0946230463166,1.0483573593047595],[111.09455392172617,1.0483487833697041],[111.09448479893439,1.0483402074346486],[111.09441567524328,1.0483316306003303],[111.09434655155218,1.0483230546652749],[111.09427742786107,1.0483144787302763],[111.09421450319684,1.0482945722367845],[111.09415157763328,1.0482746639446532],[111.09408865386837,1.0482547565518416],[111.09402572920408,1.0482348500583498],[111.09396280364052,1.0482149417662185],[111.09389987897629,1.0481950352727267],[111.09383695521137,1.0481751278799152],[111.09377402964782,1.0481552213864234],[111.09371110498358,1.0481353139936118],[111.09364450119284,1.048106147180988],[111.0935778974021,1.0480769785697248],[111.09351129181272,1.0480478108578382],[111.09344468802198,1.0480186440452144],[111.09337808423129,1.0479894772326475],[111.09330987065408,1.0480048097742269],[111.09324165707687,1.0480201432150693],[111.09317344439899,1.0480354748573291],[111.09310522992246,1.0480508082982283],[111.09303701724463,1.0480661399404312],[111.09297666823869,1.0480480078093706],[111.09291631833349,1.0480298747789334],[111.09285596932756,1.048011741748553],[111.09279562032168,1.0479936087181159],[111.0927352713158,1.0479754765869984],[111.09267492141055,1.0479573435566181],[111.09261457240467,1.0479392114255006],[111.09254458086775,1.0479318225955581],[111.09247459023021,1.0479244346649921],[111.09240459869335,1.0479170467343693],[111.09233460805575,1.0479096588037464],[111.09226461741821,1.0479022708731236],[111.09220684766797,1.0478785242745516],[111.09214907701835,1.0478547758772265],[111.09209130726805,1.0478310292785977],[111.09203353571917,1.0478072808813295],[111.09198002515808,1.0478370493403872],[111.09192651369773,1.0478668160008056],[111.09187300313664,1.0478965835605436],[111.09181949167623,1.0479263520196014],[111.0917659811152,1.0479561186799629],[111.09171246965479,1.0479858871390206],[111.09165807865747,1.0480272739395673],[111.09160368855942,1.0480686598408511],[111.0915492975621,1.0481100466413977],[111.09149490656472,1.0481514343412641],[111.09144051736604,1.0481928202424911],[111.09138612636872,1.0482342070430946],[111.09131757914304,1.0482479837575056],[111.09124903281668,1.0482617613712364],[111.091180485591,1.0482755380856474],[111.09111194016396,1.0482893148000585],[111.09104339293827,1.0483030933131658],[111.09099041387657,1.048338021182758],[111.0909374348148,1.048372949052407],[111.09088445485378,1.0484078778213757],[111.09083147579202,1.0484428056909678],[111.09077044240206,1.0484754429873533],[111.09070940901205,1.048508079384419],[111.09064837472278,1.0485407157814279],[111.09058734133282,1.0485733521784937],[111.09054290313253,1.0486227951059846],[111.09049977164722,1.0486707847289836],[111.09049846583162,1.0486722380334186],[111.09045402763132,1.0487216809608526],[111.09040959033041,1.0487711238882866],[111.09035431979606,1.0488162599624502],[111.09029905016109,1.0488613969359903],[111.0902437796268,1.0489065330101539],[111.09018850999178,1.0489516690843175],[111.09013146239715,1.0489934443920106],[111.09007441390315,1.0490352179010074],[111.09001736540915,1.0490769932087005],[111.08996031691515,1.0491187667177542],[111.08990326932047,1.0491605420254473],[111.08984060995624,1.0491763745900471],[111.08977795239065,1.0491922071547037],[111.08971529302642,1.0492080397193035],[111.0896526345615,1.0492238722839033],[111.08958997609659,1.04923970484856],[111.08953713642978,1.0492583855660769],[111.08948429676292,1.0492770662836506],[111.08943145709611,1.0492957470011675],[111.0893786174293,1.0493144268193646],[111.08931195877994,1.0493308709230291],[111.08924530192922,1.0493473150266368],[111.08917864417913,1.0493637600295642],[111.08911198732841,1.0493802041331719],[111.08904532867905,1.0493966491360993],[111.08898482768768,1.0494068798237208],[111.08892432579705,1.0494171114106052],[111.08886382480574,1.0494273420982267],[111.08880332381443,1.0494375727857914],[111.08874282192374,1.0494478052720524],[111.08868232093243,1.0494580359596171],[111.0886167738451,1.0494406493665451],[111.08855122675777,1.0494232609747769],[111.08848567877112,1.0494058725830087],[111.08842013168379,1.0493884859898799],[111.08835458459646,1.0493710993967511],[111.08829070395291,1.0493972076150726],[111.0882268233093,1.0494233167327138],[111.08816294176643,1.0494494258503551],[111.08809906112282,1.0494755349679963],[111.08802657037,1.0494763677402261],[111.08795407961713,1.0494772014117757],[111.08788158886432,1.0494780350833253],[111.08780909811145,1.0494788678554983],[111.0877366082579,1.0494797006277281],[111.08766411660577,1.0494805351985974],[111.08759847688827,1.0494575728087625],[111.08753283627146,1.0494346104189844],[111.0874671956546,1.0494116480292064],[111.08740155503779,1.0493886856393715],[111.0873359153203,1.0493657241489132],[111.08727027380417,1.0493427617590783],[111.08721454011896,1.0493839623999861],[111.08715880733314,1.0494251621415742],[111.08710307274868,1.0494663627824821],[111.08704733906353,1.0495075634233331],[111.08699160627765,1.0495487631649212],[111.08693587169319,1.0495899629065093],[111.08687272039981,1.0495590622010127],[111.08680956820706,1.0495281605961964],[111.08674641511504,1.0494972598906998],[111.08668326292229,1.0494663591852031],[111.0866201107296,1.04943545758033],[111.08656466212949,1.0494083259335412],[111.08655695943617,1.0494045568748334],[111.08649380634415,1.0493736561693368],[111.08643065415146,1.0493427545645204],[111.08637323064016,1.0493862934427511],[111.08631580802819,1.0494298314216053],[111.08625838541622,1.0494733694005163],[111.08624481104926,1.0494836612419931],[111.08620096190492,1.049516908278747],[111.08614353839363,1.049560446257658],[111.08608611488233,1.0496039842365121],[111.08602869227042,1.0496475222154231],[111.08597126875912,1.0496910601943341],[111.08590620820502,1.0497121699806939],[111.08584114675159,1.0497332797671106],[111.08577608619748,1.0497543895534704],[111.08571102474406,1.0497755002392068],[111.08564596418995,1.0497966091262469],[111.08558090273652,1.0498177189126636],[111.08551584218242,1.0498388277997037],[111.08545078072899,1.0498599375861204],[111.08538195561283,1.0498653820817481],[111.08531313229525,1.0498708256781129],[111.0852443071791,1.0498762701737974],[111.08517548206288,1.0498817137701053],[111.08510665784604,1.0498871582657898],[111.08503783272988,1.0498926018621546],[111.08496900761367,1.0498980463577823],[111.08490018339683,1.0499034899541471],[111.08483135917993,1.0499089335505118],[111.08476253406377,1.0499143780461395],[111.08470426429045,1.049957764938938],[111.08464599541639,1.0500011518317365],[111.08458772474376,1.050044538724535],[111.08452945586976,1.0500879256173334],[111.08447118609644,1.0501313134094516],[111.08440179710533,1.0501439515821289],[111.08433240811422,1.0501565906541828],[111.08426301912311,1.0501692288269169],[111.08419363013201,1.0501818678989139],[111.0841242411409,1.050194506071648],[111.08405485214979,1.0502071451437018],[111.08398861078581,1.050215387430228],[111.0839223703212,1.0502236288174913],[111.08385612985654,1.0502318711040175],[111.08378988939194,1.0502401133905437],[111.08372364802801,1.0502483538784873],[111.08365740666403,1.0502565961650134],[111.0835940125537,1.0502620136810492],[111.0835306193427,1.0502674320963479],[111.08346722523231,1.0502728496123837],[111.08340383112198,1.0502782680276823],[111.08333445112407,1.0502778813192322],[111.08326507112622,1.0502774928120857],[111.08319569202763,1.0502771052043158],[111.08312631202972,1.0502767166971694],[111.08305693203187,1.0502763290893427],[111.0829979589887,1.05030179069513],[111.08293898504621,1.050327253200237],[111.08288001200299,1.0503527148059675],[111.08282103895982,1.0503781773110745],[111.08276206501733,1.0504036398161816],[111.08270309197417,1.0504291023212886],[111.08263708173598,1.0504530818442959],[111.08257107239712,1.0504770631659994],[111.08250506305825,1.0505010426890067],[111.08243905282012,1.0505250231113905],[111.08237304258193,1.0505490044330372],[111.08230703324307,1.0505729839561013],[111.08223704170615,1.0505718741927126],[111.08216705106861,1.0505707626306275],[111.08209706133039,1.0505696528672388],[111.08202706979347,1.0505685422045303],[111.08195707915593,1.0505674324410847],[111.08188708761907,1.0505663217783763],[111.08182473492366,1.0505672480800854],[111.08176238222819,1.0505681743817945],[111.08170002863346,1.0505691006835036],[111.08163767593805,1.0505700269852127],[111.0816320192024,1.050570110622175],[111.08157532324265,1.0505709532869218],[111.08151296964792,1.050571879588631],[111.08145381134437,1.0505900270081838],[111.08139465214157,1.0506081744277367],[111.08135871613189,1.0506191974180865],[111.08133549293871,1.0506263209480267],[111.08127633283658,1.0506444683675795],[111.08121717363372,1.0506626148878127],[111.08115801533023,1.0506807623073655],[111.08109492788867,1.0507088157592648],[111.08103184134649,1.0507368701105406],[111.08096875390493,1.0507649235624399],[111.08090566826206,1.0507929770143392],[111.0808425808205,1.0508210313655582],[111.08077949427832,1.0508490839181377],[111.08071640683676,1.0508771382693567],[111.0806533868444,1.050895303675361],[111.08059036775131,1.0509134690813653],[111.08052734775896,1.0509316353866893],[111.08046432866587,1.0509497998933739],[111.08040130867352,1.0509679661987548],[111.08033828868116,1.0509861316047591],[111.08027526958807,1.0510042970107634],[111.08021224959572,1.0510224633160874],[111.08014923140195,1.051040627822772],[111.08008621140959,1.051058794128096],[111.08002390637824,1.0510757310601662],[111.07996160134689,1.0510926679922932],[111.07989929721487,1.0511096049243633],[111.07983699218352,1.0511265427558101],[111.07977468715217,1.0511434796878802],[111.07974135827715,1.0510884843461099],[111.07970802760343,1.0510334881050198],[111.07967469872841,1.0509784918639298],[111.07964136985339,1.0509234956228966],[111.07960804007905,1.0508685002811262],[111.07956103161638,1.0508206572475842],[111.07951402405303,1.0507728133147225],[111.07946701559035,1.0507249702811805],[111.07942000712768,1.0506771263483756],[111.07935668226514,1.050668098953679],[111.07929335740261,1.0506590733576218],[111.07923003164069,1.0506500468622448],[111.07916670587883,1.0506410203668679],[111.0791033810163,1.0506319929721712],[111.0790400561537,1.0506229655774746],[111.07897258991318,1.050616451787846],[111.0789051236726,1.0506099370989546],[111.07883765833134,1.0506034233093828],[111.07877019209076,1.0505969077211716],[111.07870272585018,1.0505903939315999],[111.07863525871028,1.0505838801420282],[111.07856779336902,1.0505773663523996],[111.07850032712844,1.0505708516635082],[111.07843286088786,1.0505643378739364],[111.07836539464728,1.0505578240843647],[111.07829792930607,1.050551310294793],[111.078232759934,1.0505332312237101],[111.07816759236056,1.0505151521525704],[111.07810242298848,1.0504970730814875],[111.07803725541504,1.0504789940104047],[111.07797208604302,1.0504609149393218],[111.07790691757026,1.0504428358682389],[111.0778417490975,1.0504247567971561],[111.07779312725108,1.0504112678657407],[111.07777658062474,1.0504066777260164],[111.07771141215198,1.0503885986549335],[111.07764624367928,1.0503705195838506],[111.07758107520652,1.0503524414120875],[111.07751677817686,1.0503453592509686],[111.07745248024781,1.05033827619053],[111.07738818321815,1.0503311931300914],[111.07732388618848,1.0503241109689725],[111.07726178260526,1.0502900581396943],[111.07719967992136,1.0502560062097928],[111.07713757633815,1.0502219533805146],[111.07707547365425,1.0501879005512365],[111.07701337007103,1.0501538477219583],[111.07694582828742,1.0501273348086784],[111.07687828560444,1.050100822794775],[111.07681074382083,1.0500743098815519],[111.07674320203722,1.0500477978676486],[111.07667566025356,1.0500212849543686],[111.07660811757063,1.0499947720411456],[111.07654057578702,1.0499682591279225],[111.07647303400336,1.0499417462146425],[111.07640549221975,1.0499152333014194],[111.07633795043614,1.0498887203881964],[111.07627040775316,1.0498622065755967],[111.07621113793374,1.0498459306452332],[111.07615186811427,1.0498296547148129],[111.07609259739553,1.0498133787844495],[111.07603332667674,1.049797102854086],[111.07597405685732,1.0497808269236657],[111.07590744856998,1.0497522941330999],[111.07584084118196,1.0497237613425341],[111.07577423379394,1.0496952285520251],[111.07570762640592,1.0496666957614593],[111.07564101811857,1.0496381629708935],[111.07557440983123,1.0496096301803277],[111.07550780334253,1.0495810982890816],[111.07544119505519,1.0495525645992529],[111.07537458676785,1.0495240318086871],[111.07530797937983,1.0494954990181213],[111.07524137199181,1.0494669671268753],[111.07517476370447,1.0494384343363095],[111.07510815631645,1.0494099006464239],[111.07504154802911,1.049381367855915],[111.07497493974176,1.0493528350653492],[111.07490833325306,1.0493243022747833],[111.07484172496572,1.0492957685848978],[111.07477511667832,1.049267235794332],[111.07470850929036,1.0492387030037662],[111.07464190190234,1.049210171112577],[111.07457529361494,1.0491816383220112],[111.07450868622692,1.0491531046321256],[111.07444308338165,1.0491541046782231],[111.0743774814357,1.0491551047243775],[111.07431187769106,1.0491561047704749],[111.07424627574511,1.0491571048165724],[111.07418067289979,1.0491581057620465],[111.07411457003144,1.0491434468126499],[111.07404846806241,1.0491287878633102],[111.07398236519407,1.0491141289139705],[111.07391626232572,1.0490994699646308],[111.0738501603567,1.0490848110152911],[111.07378405658898,1.0490701520658945],[111.07371795372063,1.0490554931165548],[111.07365185175161,1.0490408341672151],[111.07358574888326,1.0490261752178753],[111.07352024136611,1.0490205013950913],[111.07345473384896,1.0490148275723072],[111.07338922633181,1.0490091537494663],[111.07332371881461,1.049003480826002],[111.07325821129746,1.048997807003218],[111.07319270378031,1.0489921331804339],[111.07312719626316,1.0489864593576499],[111.07305558504726,1.0489858577112159],[111.07298397383141,1.0489852560647819],[111.07291236261551,1.0489846553176108],[111.07284075229893,1.048984052771857],[111.07276914108303,1.0489834520247427],[111.07269752986718,1.0489828503783087],[111.07262591775196,1.0489822478324982],[111.07255430743538,1.0489816470853839],[111.07248269621954,1.0489810463382696],[111.07241108500364,1.0489804446918356],[111.07233947378774,1.0489798439446645],[111.07226786257183,1.0489792431975502],[111.07219974702076,1.0489723004313873],[111.07213163057037,1.0489653558665282],[111.07206351411992,1.0489584131003085],[111.07202836771506,1.0489548302012963],[111.07199539766953,1.0489514694348259],[111.07193211237717,1.0489410732719762],[111.07186882708476,1.0489306780084462],[111.07180554089308,1.0489202818455965],[111.07174225560067,1.0489098865820665],[111.07167897030831,1.0488994913185365],[111.0716156850159,1.0488890960550066],[111.07155239882422,1.0488786998921569],[111.07148014639171,1.0488709630245694],[111.07140789395919,1.0488632261569819],[111.07133564062735,1.0488554892894513],[111.07126338909421,1.0488477524218638],[111.07119113576238,1.0488400146550134],[111.07111888422918,1.0488322777874259],[111.07104663089734,1.0488245409198953],[111.07098333121581,1.0488551961104804],[111.07092003243361,1.0488858513010655],[111.07085673185276,1.0489165055923309],[111.07079343217123,1.0489471607829159],[111.07073013159038,1.048977815973501],[111.07066683280817,1.0490084702647664],[111.07060353312659,1.0490391245559749],[111.07054023344506,1.04906977974656],[111.07047693286421,1.0491004349371451],[111.070413634082,1.0491310892284105],[111.07035033440047,1.0491617444189956],[111.07028774967995,1.049162623955965],[111.07022516495948,1.0491635043922543],[111.07016258113828,1.0491643839292237],[111.07009999641775,1.0491652643655129],[111.07003741169723,1.0491661439024824],[111.06997482697676,1.0491670243387716],[111.06991754286037,1.0491648722610876],[111.06986025874403,1.0491627192841406],[111.06980297372832,1.0491605672064566],[111.06974568961192,1.0491584151288293],[111.06968605466773,1.0491987704069743],[111.06964233682447,1.0492283536056561],[111.06962641972353,1.0492391247858563],[111.06956678477934,1.0492794800640013],[111.06950715073447,1.0493198344428265],[111.06944751579027,1.0493601888217086],[111.06938788084608,1.0494005432005338],[111.06932824590189,1.0494408975794158],[111.06926559463153,1.0494142731502052],[111.06920294426055,1.0493876487210514],[111.0691402929902,1.0493610242918976],[111.06907764261916,1.049334399862687],[111.06901499224813,1.0493077754335332],[111.06895234097783,1.0492811510043794],[111.06888968970748,1.049254525675849],[111.06882783343781,1.0492718664035579],[111.06876597626888,1.0492892071312667],[111.06870411909989,1.049306546959599],[111.0686422619309,1.0493238876873079],[111.06858040476192,1.0493412284150168],[111.06851854759293,1.0493585691427256],[111.06845669132332,1.0493759089710579],[111.06840399914529,1.0493376581064808],[111.06835130696732,1.0492994072419037],[111.06829861478928,1.0492611563773266],[111.06824592440995,1.0492229064120693],[111.06819323223192,1.0491846546481156],[111.06815974417691,1.0491603450739149],[111.06814054005395,1.0491464037835385],[111.06808784787592,1.0491081529189614],[111.06801789680856,1.0490957737509916],[111.06794794484182,1.0490833936837021],[111.06787799377446,1.0490710136164125],[111.06780804270704,1.0490586353478193],[111.06773809163968,1.0490462561798495],[111.06766813967295,1.0490338761125599],[111.06759818860559,1.0490214960452704],[111.06753648971727,1.0489984032537336],[111.06747479172833,1.0489753095629339],[111.06741309284001,1.0489522158721343],[111.06735139395175,1.0489291230805975],[111.06728969506344,1.0489060302891176],[111.06722799707444,1.0488829365983179],[111.06716629818618,1.0488598438067811],[111.06710667583246,1.0488537329134715],[111.06704705527744,1.0488476229194816],[111.06698743292372,1.0488415129255486],[111.06696437970243,1.0487922570570731],[111.06694132738039,1.0487430020879174],[111.06691827415909,1.0486937462194419],[111.06687057231915,1.0486559719955721],[111.0668228686805,1.0486181968723258],[111.06677516684056,1.0485804226484561],[111.06672746410123,1.0485426484245295],[111.06668552511695,1.0485145949726302],[111.06664358523335,1.0484865406214112],[111.06660164624901,1.0484584880688317],[111.06653855161295,1.0484587659593103],[111.06647545877547,1.0484590438498458],[111.06641236503867,1.0484593217403813],[111.06634927130187,1.0484595996308599],[111.06628617756508,1.0484598784207151],[111.06622308382833,1.0484601572105134],[111.06619371286962,1.048401273200227],[111.06616434101159,1.0483423882906209],[111.06613496915355,1.0482835042803345],[111.06610559729552,1.0482246193707283],[111.06604425633742,1.0481873208881893],[111.06598291358068,1.0481500224056504],[111.06592157262253,1.0481127239231114],[111.06586023076511,1.0480754254405724],[111.06579888980696,1.0480381269580334],[111.06573754794954,1.0480008275761747],[111.06567620699144,1.0479635299929555],[111.06561325175022,1.0479473592832278],[111.06555029740838,1.0479311867749175],[111.06548734216716,1.0479150160651898],[111.065424386926,1.0478988435568226],[111.0653614325841,1.0478826728470949],[111.06529847824225,1.0478665012381043],[111.06523552300104,1.0478503296290569],[111.06517256775987,1.0478341589193292],[111.06510961341797,1.0478179882096583],[111.06504540901847,1.0477895651363838],[111.06498120282032,1.0477611411637895],[111.06491699842081,1.0477327180905149],[111.06485279312199,1.0477042941179207],[111.0647885878231,1.0476758710446461],[111.0647243834236,1.0476474479713715],[111.0646591142268,1.047633727914274],[111.06459384413068,1.0476200069577999],[111.06452857493383,1.0476062860013258],[111.06446330483772,1.0475925650449085],[111.06439803564092,1.0475788440884344],[111.06433158563425,1.0475523185846782],[111.06426513742622,1.0475257939802418],[111.06419868741955,1.0474992675771659],[111.06413223741288,1.0474727429727295],[111.06406804740254,1.0474430851303396],[111.06400385829147,1.0474134272878928],[111.06393966828114,1.047383769445446],[111.06387547917006,1.0473541107036795],[111.06381128915973,1.0473244528612327],[111.06374710004872,1.0472947950188427],[111.06368291003832,1.0472651371763959],[111.06361872092731,1.0472354793339491],[111.06355453091692,1.0472058205921826],[111.06348731738586,1.0471846190749829],[111.06342010385475,1.0471634175577265],[111.0633528903237,1.04714221604047],[111.06328567589327,1.0471210136239506],[111.06321846326153,1.0470998130060138],[111.0631512488311,1.0470786105894376],[111.06308403530005,1.047057409072238],[111.063016821769,1.0470362075549815],[111.06294960823789,1.047015006037725],[111.06290155836029,1.0469768136291009],[111.06285350938202,1.0469386230190594],[111.06280545860511,1.0469004324090747],[111.06275740962684,1.0468622408997703],[111.06270935974919,1.0468240493904091],[111.0626613098716,1.0467858578811047],[111.06259076435236,1.0467946541500055],[111.06252021703443,1.0468034504189632],[111.06244967061588,1.0468122457885443],[111.06237912419726,1.0468210420575019],[111.06230857777871,1.0468298383264028],[111.0622380313601,1.0468386345953604],[111.06216903986933,1.0468551902148988],[111.06210004927789,1.0468717449351175],[111.06203105868644,1.0468882987560164],[111.061962068095,1.0469048543755548],[111.06189307660424,1.0469214090957735],[111.06182729839117,1.0468992821761844],[111.06176152017809,1.0468771552565386],[111.06169574106565,1.0468550274376298],[111.06162996195326,1.0468328987193445],[111.06156418374013,1.0468107717996986],[111.06149840462774,1.0467886439807899],[111.06143945406762,1.0467635421038608],[111.06138050260819,1.0467384402268749],[111.06132155204807,1.0467133383499458],[111.06126260058863,1.0466882355736402],[111.06120365002846,1.0466631336967112],[111.06114469856902,1.0466380318197821],[111.06108574800891,1.0466129299427962],[111.06102679744879,1.0465878280658671],[111.06095972331264,1.0465892166191111],[111.06089264827716,1.0465906060716748],[111.06082557414101,1.0465919946249187],[111.06075849910553,1.0465933849768021],[111.06071075769535,1.0465407350669125],[111.06066301718454,1.0464880851570797],[111.06061527577441,1.0464354343478703],[111.0605675352636,1.0463827844379807],[111.06051979385347,1.0463301336288282],[111.06047205334266,1.0462774837189386],[111.06042431103322,1.0462248329097861],[111.06037656962303,1.0461721829998964],[111.06032882911222,1.0461195330900068],[111.06026772557516,1.0461029612826565],[111.06020662203804,1.0460863876767235],[111.06014551940024,1.0460698158693731],[111.06008441586317,1.0460532440620227],[111.06002331232605,1.0460366713553526],[111.05996220878899,1.0460200986486825],[111.05990764781973,1.0459829719366667],[111.05985308685052,1.0459458461239706],[111.059798524982,1.0459087194118979],[111.0597439640128,1.0458715918005623],[111.05968940304359,1.0458344659878662],[111.05963484207439,1.0457973392758504],[111.05958028020581,1.045760211664458],[111.0595257192366,1.0457230858517619],[111.0594711582674,1.045685959139746],[111.05941671421004,1.0456400199710174],[111.05936227015269,1.0455940808022319],[111.05930782519602,1.0455481407341836],[111.05925338113872,1.0455022015653981],[111.05919893708136,1.0454562632959892],[111.05914449302401,1.0454103241272037],[111.05909004896665,1.0453643849584751],[111.0590356049093,1.0453184448903698],[111.05898115995262,1.0452725048222646],[111.05892671589527,1.045226565653536],[111.05887227183791,1.0451806273840702],[111.05881782778062,1.0451346873160219],[111.05876338372326,1.0450887481472364],[111.05870893876659,1.045042808079188],[111.05865449470923,1.0449968689104026],[111.05860005065188,1.0449509297416739],[111.05854560659452,1.0449049896735687],[111.05849116343649,1.0448590514041598],[111.05843671758049,1.0448131113360546],[111.05838227442251,1.044767172167326],[111.05832783036516,1.0447212320992207],[111.0582733863078,1.0446752929304921],[111.05821894225045,1.0446293528623869],[111.05816449819309,1.0445834136936583],[111.05811005323642,1.044537473625553],[111.05805560917906,1.0444915353561441],[111.05800116512171,1.0444455952880389],[111.05794672106441,1.0443996561193103],[111.05789227700706,1.0443537169505248],[111.05783783205038,1.0443077768824196],[111.05778338799303,1.044261837713691],[111.05772894393567,1.0442158976455858],[111.05767449987832,1.0441699593761768],[111.05762005582096,1.0441240193080716],[111.05756561086429,1.0440780792400233],[111.05751116680699,1.0440321391719181],[111.05745672274963,1.0439862000031894],[111.05740227869228,1.0439402599350842],[111.05734783463492,1.0438943207663556],[111.05729339057757,1.0438483806982504],[111.0572389456209,1.043802440630202],[111.05718450156354,1.0437565005620968],[111.05713005840551,1.0437105622926879],[111.05706562198094,1.0436911513256177],[111.057001184657,1.0436717385599081],[111.05693674913175,1.0436523266935751],[111.05687231270713,1.043632915726505],[111.05680787628251,1.0436135038601719],[111.05674343985794,1.0435940919937821],[111.05667900433264,1.0435746810267688],[111.05661456700869,1.0435552691603789],[111.05655013058413,1.0435358572940459],[111.05648612673343,1.0435088839278706],[111.05642212288274,1.0434819123603916],[111.05635811813272,1.0434549389942731],[111.05629411428203,1.0434279656281547],[111.05623011043133,1.0434009931613559],[111.05616610568131,1.0433740197952375],[111.0561021009313,1.0433470473284387],[111.0560380970806,1.0433200739622635],[111.05597409322991,1.043293100596145],[111.05590792111371,1.0432745259986405],[111.05584174899758,1.0432559523003988],[111.05577557688144,1.0432373768035177],[111.05570940476525,1.0432188031053329],[111.0556432317498,1.0432002276084518],[111.05557705963366,1.0431816530109472],[111.05551088841685,1.0431630793127056],[111.05544471630066,1.0431445038158245],[111.05537673115128,1.0431337029580732],[111.05530874600191,1.0431229012010022],[111.05524076085248,1.043112100343194],[111.05517277570311,1.043101298586123],[111.05510478965437,1.0430904968289951],[111.05503680540431,1.0430796959712438],[111.05496882025489,1.0430688951134925],[111.05490083510551,1.0430580942556844],[111.05483284995614,1.0430472933979331],[111.05479606408716,1.0429922656805388],[111.05475927911749,1.0429372397618408],[111.05472249324851,1.0428822129438231],[111.05468570737958,1.0428271870251251],[111.05464892061127,1.0427721602070505],[111.05461213564161,1.0427171342883526],[111.05457534977262,1.0426621065710151],[111.05453856390363,1.0426070806523171],[111.05450177803471,1.0425520538342425],[111.05443736679109,1.042573466692204],[111.05437295734617,1.0425948804494283],[111.05430854610256,1.0426162933073329],[111.054244134859,1.0426377061652374],[111.05417972541403,1.0426591190231989],[111.05411531417047,1.0426805318811034],[111.05405090382624,1.042701944739008],[111.05398649258262,1.0427233575969126],[111.05392208223839,1.0427447713541369],[111.05385767189409,1.0427661842120983],[111.05379326065054,1.0427875970700029],[111.05372613974959,1.0427931827592261],[111.05365901884869,1.0427987702470887],[111.0535918979478,1.0428043559363118],[111.0535247770469,1.0428099434241744],[111.05345765614595,1.0428155291133976],[111.05339053524506,1.0428211157019973],[111.05332341434416,1.0428267022905402],[111.05325629344327,1.0428322888790831],[111.053189171643,1.0428378745683062],[111.05312703658353,1.0428596993157271],[111.05306490332271,1.0428815231638282],[111.05300276826318,1.0429033479112491],[111.05294063320372,1.0429251717592933],[111.05287849814425,1.0429469956073945],[111.05281636398405,1.0429688203548153],[111.05275422892458,1.0429906451022362],[111.05269989458452,1.0429510992138944],[111.0526455620431,1.0429115542248724],[111.05259122770303,1.0428720092359072],[111.05253689516167,1.0428324642468851],[111.0524825608216,1.0427929183585434],[111.05242822738086,1.0427533715708819],[111.05237389394011,1.0427138265818598],[111.05231955960005,1.0426742815928947],[111.05225746501009,1.0426577358658733],[111.05219537042007,1.0426411910381717],[111.05213327493078,1.0426246453112071],[111.05207117944144,1.042608098684866],[111.0520090839521,1.0425915529578447],[111.05194698936214,1.0425750072308233],[111.0518848938728,1.0425584606045391],[111.05183003972462,1.0425311949587126],[111.05177518557639,1.0425039284136233],[111.05172033232753,1.0424766618684771],[111.05166547728004,1.0424493953233878],[111.05161062313181,1.0424221287782416],[111.05155576898363,1.042394863132472],[111.0514977213428,1.0424195836968693],[111.0514396728027,1.0424443051605863],[111.05136877115194,1.0424443528246456],[111.05129786860181,1.0424444013880816],[111.05122696785037,1.042444449052141],[111.05115606619955,1.04244449761552],[111.05108516364942,1.0424445461788991],[111.05102039537502,1.0424392401788509],[111.05095562530192,1.0424339332794261],[111.05089085612815,1.0424286272793779],[111.05082608605511,1.0424233203799531],[111.05076131688134,1.0424180125812654],[111.05069654680824,1.0424127056818975],[111.05063177763446,1.0424073987824727],[111.05056700756143,1.0424020918831047],[111.05050562703315,1.0423817770973756],[111.05044424470617,1.0423614614123835],[111.05038286417789,1.0423411448280149],[111.05032148275029,1.0423208300423425],[111.05026010222201,1.0423005152566134],[111.05019871989509,1.0422801986723016],[111.05013733936676,1.0422598829872527],[111.05007134801434,1.0422451628840008],[111.05000535576261,1.0422304418814292],[111.04993936530951,1.0422157217781773],[111.04987337305778,1.0422010007756057],[111.04980738170536,1.0421862797730341],[111.04974326274146,1.042154753139414],[111.04967914287818,1.0421232247070975],[111.04961502391427,1.0420916971741576],[111.04955090405105,1.0420601687418412],[111.04948446843355,1.0420445313300775],[111.04941803191667,1.0420288930190509],[111.04935159539986,1.0420132547079675],[111.04928515888304,1.0419976172962606],[111.04921872326554,1.0419819789851772],[111.04915228674872,1.0419663406741506],[111.04908585113117,1.0419507032623869],[111.04901941371503,1.0419350649513603],[111.04895297809753,1.0419194266402769],[111.04888654158071,1.0419037892285132],[111.04882190730524,1.0418726403101459],[111.04875727213044,1.0418414922910983],[111.04869263695571,1.0418103433726742],[111.04862800178091,1.0417791953536266],[111.04856336660612,1.0417480464352593],[111.0484987323307,1.0417168984161549],[111.0484340971559,1.0416857485984679],[111.04836666059299,1.0416696948006461],[111.04829922492934,1.0416536401034477],[111.04823178836642,1.0416375854063062],[111.04816435180345,1.0416215307091079],[111.04809691613985,1.0416054760119664],[111.04804208177671,1.0415604802320217],[111.04798724741357,1.0415154826534376],[111.04793241305049,1.041470486873493],[111.04787757778803,1.0414254901942854],[111.04782274432426,1.0413804944143408],[111.0477679090618,1.0413354968357567],[111.04771307469872,1.041290501055812],[111.04764697183037,1.0412733986484568],[111.04758086986129,1.0412562980397979],[111.04751476699295,1.0412391974310822],[111.0474486641246,1.041222095023727],[111.04738256125626,1.0412049926163718],[111.04731645928723,1.041187892007656],[111.04725035641889,1.0411707896003008],[111.04718642901054,1.0411523202234321],[111.04712250160225,1.0411338490479238],[111.04705857509322,1.0411153787717353],[111.04699464768493,1.0410969075962839],[111.0469307211759,1.0410784382194151],[111.04686679376761,1.0410599679432266],[111.04679670960053,1.0410470060145371],[111.04672662723215,1.0410340449852242],[111.04665654306507,1.0410210839559113],[111.04658645889805,1.0410081229265984],[111.04651637563029,1.0409951618972286],[111.04644629236259,1.0409822008679157],[111.04638532822037,1.0409709062823254],[111.0463243640782,1.0409596116967919],[111.04626339993604,1.0409483171112015],[111.0462024348945,1.0409370216262914],[111.04614147075233,1.0409257270407011],[111.04608050661017,1.0409144315558478],[111.04601630940522,1.0408901894307405],[111.04595211130095,1.0408659446077309],[111.04588791319668,1.0408417015833038],[111.04582371419309,1.0408174576596139],[111.04575951608888,1.0407932146351868],[111.04569531798461,1.0407689707114969],[111.04563111988034,1.0407447276870698],[111.04559799874869,1.0406875802676723],[111.0455648776171,1.0406304310495784],[111.04553175738477,1.0405732827308611],[111.04549863625311,1.0405161353114636],[111.04546551422214,1.0404589860933697],[111.04543239309055,1.0404018377746524],[111.0453992719589,1.0403446885565586],[111.04536615082725,1.040287541137161],[111.04531074179738,1.040329177049955],[111.04525533276745,1.0403708129626921],[111.04519992283821,1.0404124497748057],[111.04514451380834,1.0404540856875428],[111.04509233514324,1.040493295229453],[111.04508910477841,1.0404957216003368],[111.04503369574854,1.0405373593117133],[111.04497828671862,1.0405789952245073],[111.04492287678937,1.0406206320365641],[111.0448674677595,1.040662267949358],[111.04481205872958,1.0407039038620951],[111.0447401696232,1.0406977012379457],[111.04466828141614,1.0406914968151568],[111.04459639141038,1.0406852941910074],[111.044524502304,1.0406790906675383],[111.04445261319762,1.0406728880433889],[111.04438072409118,1.0406666854192395],[111.04433091603903,1.0406836286466046],[111.04428110798682,1.0407005718739128],[111.04423129993461,1.0407175160005977],[111.04420348570238,1.0406513708641114],[111.04417567236942,1.0405852257276251],[111.04414785813719,1.0405190805911388],[111.04412004390497,1.0404529363539723],[111.04409222967274,1.040386791217486],[111.04406441633978,1.0403206460809997],[111.04403660210755,1.0402545009445134],[111.04396565459137,1.0402644699294115],[111.04389470707514,1.0402744398135724],[111.0438237595589,1.0402844087984704],[111.04375281204273,1.0402943786826881],[111.04368186542581,1.0403043476675862],[111.04361091701026,1.0403143175517471],[111.0435399703934,1.0403242874359648],[111.04346902197784,1.0403342573201826],[111.04339807536093,1.0403442263050238],[111.04332788597321,1.0403586703164365],[111.0432576965855,1.0403731143277923],[111.04318750809711,1.040387558339205],[111.04311731781002,1.0404020023505609],[111.04304712932162,1.0404164463619736],[111.04297693993391,1.04043088857469],[111.04290675144546,1.0404453325861027],[111.04283576795638,1.0404591021058991],[111.04276478626593,1.0404728707264326],[111.04269380277685,1.0404866411456055],[111.04262282018709,1.0405004106654587],[111.04255183669795,1.0405141801853119],[111.04248085500751,1.0405279488058454],[111.04240987241775,1.0405417192250184],[111.04236423002527,1.0405877348361514],[111.04231858943143,1.0406337513466042],[111.04227294703895,1.040679767857057],[111.04222730464647,1.0407257843675097],[111.04218166405263,1.0407717999786428],[111.04213602166016,1.0408178155897758],[111.04206630891309,1.0407977256346044],[111.04199659526671,1.0407776347800564],[111.04192688162033,1.0407575439255652],[111.04185716887332,1.0407374539703937],[111.04178745522694,1.0407173631158457],[111.04171774158056,1.0406972731606743],[111.04165660386923,1.0406695326728368],[111.0415954661579,1.0406417921849993],[111.04153432844657,1.0406140516971618],[111.04147318983593,1.0405863121086441],[111.04141205212454,1.0405585716208066],[111.04135091531253,1.0405308320323456],[111.04128977580257,1.0405030906451884],[111.04122863809124,1.0404753510566707],[111.04118215123538,1.0404271258112772],[111.04113566258081,1.0403788996665071],[111.04108917572495,1.0403306753204333],[111.04104268886908,1.0402824500750398],[111.04099620111384,1.0402342239303266],[111.04094971425798,1.0401859986849331],[111.04090322560342,1.0401377734395396],[111.04085673874755,1.0400895481941461],[111.04080071368207,1.0400470516301539],[111.04074468861654,1.0400045550662185],[111.04068866534971,1.039962059401546],[111.04063264028417,1.0399195619382908],[111.0405766152187,1.0398770662736183],[111.04052059015316,1.0398345688103632],[111.04046456508769,1.0397920731456907],[111.04044192915177,1.0397251339078366],[111.04041929231653,1.0396581937706628],[111.04039665638066,1.0395912554321285],[111.04037401864611,1.0395243152949547],[111.04035138271018,1.0394573760571006],[111.040328745875,1.0393904359199269],[111.04030610993908,1.0393234966820728],[111.04028347400316,1.0392565574442187],[111.04025490613907,1.0391925553921624],[111.04022633737566,1.0391285506421468],[111.04019776861219,1.0390645476907707],[111.04016919984878,1.0390005447393946],[111.04014063198463,1.0389365417880185],[111.04011206412054,1.0388725388366424],[111.04008349625639,1.0388085358852663],[111.04001159635817,1.0388044052991177],[111.03993969466126,1.0388002729143295],[111.03986779476298,1.0387961423281808],[111.03979589486471,1.0387920108426556],[111.03972399406712,1.0387878802565069],[111.03965209416884,1.0387837487710385],[111.03958019337131,1.0387796181848898],[111.03950829257371,1.0387754866994214],[111.03943797818022,1.0387670159850586],[111.0393676628874,1.038758544371376],[111.03929734759458,1.0387500727576935],[111.03922703320109,1.0387416020433307],[111.03915671790827,1.0387331313289678],[111.03908640261545,1.0387246597153421],[111.0390509441458,1.0386753579814467],[111.0390154856762,1.0386260571468711],[111.03898002720655,1.0385767554129757],[111.03894456783758,1.0385274527797606],[111.0389091102673,1.0384781519451849],[111.03887365089832,1.0384288502112895],[111.03884861377259,1.0383621088242876],[111.03882859576316,1.0383087448527135],[111.03882357844543,1.0382953692359251],[111.03879854131969,1.0382286278489232],[111.0387735041939,1.038161887361241],[111.03874846706816,1.0380951459742391],[111.03872342994242,1.0380284063858767],[111.03869839281663,1.0379616649988748],[111.03865673172282,1.0379111141066915],[111.03861507062908,1.037860564113771],[111.03857340863595,1.0378100132215877],[111.03853174844147,1.0377594623293476],[111.03848425434495,1.037717687921031],[111.03843676024837,1.0376759144119774],[111.0383892661518,1.0376341391042843],[111.03834177205522,1.0375923646959109],[111.03829427795864,1.0375505911868572],[111.03822359304445,1.0375503843428078],[111.03815290723094,1.0375501757001189],[111.03808222231675,1.0375499679566929],[111.03801153560397,1.0375497602133237],[111.03794104494335,1.0375440935850975],[111.03787055428273,1.0375384269568713],[111.03780006182348,1.0375327603287019],[111.03772957116286,1.0375270937004757],[111.03765907960292,1.0375214279715692],[111.03758714463106,1.0375174008074737],[111.03751520965926,1.0375133736433213],[111.03744327468746,1.0375093473785455],[111.03737133971561,1.0375053202143931],[111.03730234103028,1.0374918690545769],[111.03723334234496,1.0374784187940236],[111.03716434276026,1.0374649676342074],[111.03709534317562,1.037451517373654],[111.03702634359092,1.0374380662138378],[111.0369573449056,1.0374246150539648],[111.03688834622028,1.0374111638941486],[111.03682631728077,1.0374134796484213],[111.03676428834132,1.0374157954026941],[111.03670226030113,1.0374181102576472],[111.03664023136167,1.03742042601192],[111.03657820242216,1.0374227417661928],[111.03651617258333,1.037425056621089],[111.03646611002301,1.0373845736392013],[111.03641604656337,1.0373440915566334],[111.036365984003,1.0373036085747458],[111.03631592144268,1.0372631255928013],[111.03626585708372,1.0372226426109137],[111.03621579542266,1.0371821614276655],[111.0361657310637,1.0371416784457779],[111.03611566670469,1.0371011945645137],[111.03606765190068,1.03704994939568],[111.03601963799593,1.0369987042268463],[111.03597162319193,1.0369474581586928],[111.03592360928718,1.0368962129898591],[111.03587559358385,1.0368449669217057],[111.03582757877979,1.0367937208536091],[111.03577956397578,1.0367424756847754],[111.03573154827239,1.036691229616622],[111.03574682325734,1.0366255872011152],[111.03576209914161,1.0365599429870258],[111.03577737502587,1.0364942996722561],[111.03579265001088,1.0364286572567494],[111.03580792589514,1.03636301304266],[111.03582320088009,1.0362973697278903],[111.03576622433184,1.0362621351894177],[111.03570924778364,1.0362269006510019],[111.03565227123539,1.0361916670118489],[111.03559529378782,1.0361564333727529],[111.03553831723963,1.0361211979349605],[111.03548134069138,1.0360859642958644],[111.03542436414313,1.0360507297573918],[111.03536534433522,1.0360586455900602],[111.03530632362799,1.0360665623220484],[111.03524730292077,1.0360744781547169],[111.03518828311286,1.0360823939873285],[111.03513134523547,1.0360467016939765],[111.0350744082574,1.036011011199264],[111.03501747038001,1.035975318905912],[111.0349605316033,1.0359396266125032],[111.0348969837089,1.0359060180483652],[111.03483343671377,1.0358724103834902],[111.03476988881937,1.0358388009199757],[111.03470634182429,1.0358051923557809],[111.03464279392983,1.0357715828922665],[111.03458678235421,1.0357456131695812],[111.03453077077853,1.0357196434468392],[111.03447476010217,1.0356936737240972],[111.03441874762717,1.0356677040014119],[111.03436273695081,1.0356417342786699],[111.03430672537513,1.0356157636566081],[111.03423862331385,1.0356285969822352],[111.03417052125263,1.0356414303078054],[111.03410241829204,1.0356542627341128],[111.03403431623076,1.0356670951603633],[111.03396621416948,1.0356799275866138],[111.033896857554,1.0356804842670044],[111.03382750183778,1.0356810400480185],[111.03375814612161,1.0356815958290326],[111.03368878860675,1.0356821516100467],[111.03361943289059,1.0356827082903806],[111.03355007717437,1.0356832640714515],[111.03348072055888,1.0356838198524656],[111.03341489558102,1.0356920297634247],[111.03334907060321,1.0357002396743837],[111.03328324742398,1.0357084486860231],[111.03321742244617,1.0357166585969821],[111.03315159656898,1.0357248694072609],[111.03308577159117,1.03573307931822],[111.03301994841195,1.0357412883298593],[111.03295412343414,1.0357494973414987],[111.03288829755695,1.0357577072524577],[111.03281719625664,1.0357461527627834],[111.03274609405707,1.0357345991724856],[111.03267499185745,1.0357230446828112],[111.03260388965782,1.0357114910925134],[111.03253278835757,1.035699936602839],[111.03246747869127,1.0357255313082874],[111.03240216992424,1.0357511251143592],[111.03233686115726,1.0357767189204878],[111.0322715532896,1.0358023118272968],[111.03220624362331,1.0358279056333686],[111.03214093485633,1.0358534994394972],[111.03207562608935,1.0358790932456259],[111.03200627037313,1.0358688562627663],[111.03193691285833,1.0358586183805869],[111.03186755714211,1.0358483813977273],[111.03179820142594,1.0358381444148677],[111.0317288448104,1.035827907432008],[111.03165948819486,1.0358176704492053],[111.03159013068006,1.0358074325670259],[111.03153861121797,1.0358409026355844],[111.0314870899573,1.0358743727041997],[111.03143556869662,1.0359078427727582],[111.03138404833521,1.0359413137406932],[111.03133252707454,1.0359747838092517],[111.03128100581381,1.036008253877867],[111.03122734596531,1.035970146005468],[111.0311736861168,1.0359320381331258],[111.03112002626824,1.0358939302607268],[111.03106636641974,1.0358558223883279],[111.03101270567191,1.035817713616666],[111.030964308656,1.035775147804884],[111.03091591164008,1.035732581993102],[111.03086751462416,1.0356900161813769],[111.03081911760825,1.0356474503695949],[111.03077072059233,1.0356048836584932],[111.03072232357641,1.0355623178467113],[111.0306739265605,1.0355197511356664],[111.03062553044396,1.0354771844245647],[111.03056541436246,1.0354528038038779],[111.03050529828096,1.035428423183248],[111.03044518309878,1.0354040425625612],[111.03038506701728,1.0353796619418745],[111.03032495093578,1.0353552822205643],[111.03026483485428,1.0353309007005578],[111.03020471967216,1.0353065209791907],[111.03014460359066,1.0352821403585608],[111.03008448840848,1.035257759737874],[111.03001889455641,1.0352667871325707],[111.02995330070434,1.0352758154265871],[111.02988770775158,1.035284841921964],[111.02982211479883,1.0352938702159804],[111.02975652094676,1.0353028976106771],[111.02969092799401,1.0353119250053737],[111.02962411106392,1.0352947839271565],[111.02955729413389,1.0352776419496763],[111.02949047720381,1.035260500871459],[111.02942366027378,1.035243358893922],[111.02935684334369,1.0352262178157616],[111.02929002641366,1.0352090758382246],[111.02922320858426,1.0351919347600074],[111.02915655083422,1.0351731407279203],[111.02908989218486,1.0351543457964567],[111.02902323443476,1.0351355508650499],[111.0289565757854,1.0351167559335863],[111.02888991713604,1.0350979610021227],[111.02882325938594,1.0350791660707159],[111.02876146067291,1.0350539742615297],[111.0286996628592,1.0350287806537608],[111.02863786504548,1.0350035888445746],[111.02857606723177,1.0349783961361254],[111.02851427031737,1.0349532043269392],[111.02845247160434,1.03492801161849],[111.02839067379062,1.0349028198093606],[111.02832887597691,1.0348776271008546],[111.0282670781632,1.0348524352917252],[111.02820528034948,1.0348272416838995],[111.02817542285754,1.0348768923547595],[111.02814556626493,1.0349265412269233],[111.02811570877299,1.0349761909984636],[111.02808585307974,1.0350258398706842],[111.02803292797728,1.03498528764095],[111.02798000197555,1.0349447363105924],[111.02792707687314,1.0349041849801779],[111.02787415177073,1.0348636327505005],[111.027821225769,1.0348230814201429],[111.02776830066659,1.0347825291904087],[111.02771537556418,1.0347419778600511],[111.02766244956246,1.0347014256303169],[111.02760952535937,1.0346608742999592],[111.02754826264226,1.0346299646012085],[111.02748700172378,1.0345990558018343],[111.02742573990605,1.0345681470024033],[111.02736447808826,1.0345372382030291],[111.02730321627047,1.0345063294036549],[111.027241955352,1.0344754197049042],[111.02718069263494,1.03444451090553],[111.027121700706,1.0344475119431422],[111.02706270877707,1.0344505120814915],[111.02700371594881,1.0344535131191606],[111.02694472401987,1.0344565132575099],[111.02688573209093,1.0344595142951789],[111.02682022457378,1.03447423709639],[111.02675471795595,1.034488959897601],[111.02668921133807,1.0345036826988689],[111.02662370472024,1.0345184046007603],[111.02655819810241,1.0345331283012911],[111.02649269058526,1.0345478502031824],[111.02642718396743,1.0345625730043935],[111.02636028340044,1.0345810450792214],[111.02629338283339,1.0345995171540494],[111.0262264822664,1.0346179892288774],[111.0261595816994,1.0346364613037053],[111.02609268113241,1.0346549333785333],[111.02602577966604,1.0346734045540416],[111.02595887999837,1.0346918766288695],[111.02589197943138,1.0347103487036975],[111.02582624708367,1.0347330799677366],[111.02576051473602,1.0347558103324559],[111.02569478328769,1.0347785397977987],[111.02562905004066,1.0348012710618377],[111.02556331769301,1.0348240023258768],[111.02549758624468,1.0348467317912764],[111.02543662210246,1.0348798313391967],[111.02537565706098,1.034912930887117],[111.02531469291881,1.0349460313343002],[111.02528164283359,1.0349639746077628],[111.02525372877665,1.0349791299829008],[111.02519276373511,1.0350122304301408],[111.02513179959294,1.0350453290787414],[111.02507500200977,1.0350806508513983],[111.02501820442666,1.0351159726241121],[111.02496140594417,1.0351512952960888],[111.02490460836106,1.0351866161694261],[111.02484780987857,1.0352219379421399],[111.02479101229545,1.0352572597147969],[111.02474319444292,1.03529795223875],[111.02469537659044,1.0353386429640636],[111.02464755873791,1.0353793345886402],[111.02459974088538,1.0354200271125933],[111.02455192393222,1.0354607178379069],[111.02450410607969,1.0355014103618601],[111.02445855721669,1.0355530269507085],[111.02441300835369,1.0356046426401804],[111.02436745769211,1.0356562601283485],[111.02432190792979,1.035707876717197],[111.02427635906679,1.0357594933060454],[111.02423080930447,1.035811109894837],[111.02416339702319,1.0358089281395451],[111.02409598474196,1.0358067463843099],[111.02402857336006,1.0358045637296982],[111.02396116197809,1.0358023819744062],[111.02395078380169,1.0358020456279746],[111.02389374969687,1.0358002002191142],[111.0238263383149,1.0357980175645025],[111.02375892603368,1.0357958358092105],[111.02369454536705,1.0357845043514544],[111.02363016470042,1.0357731719943217],[111.02356578403379,1.0357618396372459],[111.02350140426648,1.0357505081794329],[111.02343702270048,1.0357391758223571],[111.02337032538026,1.0357255268116887],[111.02330362806003,1.0357118787002833],[111.02323692984049,1.0356982296896149],[111.02317023162095,1.0356845806788897],[111.02313916544017,1.0356782233713488],[111.02310353430073,1.0356709316682213],[111.02303683698051,1.0356572826574961],[111.02297013876097,1.0356436336468278],[111.02290741644418,1.0356481707265175],[111.02284469232876,1.0356527078062641],[111.02282373812506,1.0356542240632507],[111.02278196911266,1.0356572448860106],[111.02271924589655,1.0356617819657004],[111.02265652178113,1.0356663190454469],[111.02259379856503,1.0356708552258169],[111.02252276561319,1.0356632172836839],[111.02245173266141,1.0356555793415509],[111.02238070060889,1.035647941399418],[111.02230966765711,1.0356403025579652],[111.02226303511105,1.0356115602253908],[111.02224860279085,1.0356026650310355],[111.02218753792459,1.0355650266047292],[111.02212647305834,1.0355273881784797],[111.02206540819208,1.0354897497521733],[111.02200434332582,1.0354521122252436],[111.02194327666098,1.0354144728996744],[111.02188221179472,1.0353768335740483],[111.02182114692846,1.0353391960471185],[111.0217600820622,1.0353015576208122],[111.02169901719594,1.0352639200938825],[111.0217386242382,1.035324660304866],[111.02177823128039,1.0353853996165299],[111.02181783832265,1.0354461398275134],[111.02185744536484,1.0355068800385538],[111.0218970524071,1.0355676202495374],[111.02190809428316,1.0355845535843287],[111.02193665944935,1.0356283595612013],[111.02186614630568,1.0356193537502349],[111.02179563406133,1.0356103488385884],[111.02172512091767,1.0356013430276221],[111.02165460867332,1.0355923381159755],[111.02158409642897,1.0355833323050092],[111.02151358418462,1.0355743273933626],[111.02144307104095,1.0355653206830766],[111.0213725587966,1.03555631577143],[111.02130204565293,1.0355473099604069],[111.02123153340858,1.0355383041494406],[111.02116102116423,1.035529299237794],[111.02113030841707,1.0355253763950714],[111.02109050802056,1.0355202934268277],[111.02101999577627,1.0355112867165417],[111.0209494826326,1.0355022809055754],[111.02087897128757,1.0354932750946091],[111.0208084581439,1.0354842692836428],[111.02082711727769,1.0354160107403345],[111.02084577461289,1.0353477539957225],[111.02086443374668,1.035279496351734],[111.02088309288047,1.0352112378084257],[111.02090175201431,1.0351429801644372],[111.02092041024878,1.0350747234198252],[111.02093906938262,1.0350064648765169],[111.02095772761709,1.0349382072325284],[111.02097638675093,1.0348699486892201],[111.02099504588472,1.0348016919445513],[111.02101370501856,1.0347334343006196],[111.02095651263301,1.0346993535923161],[111.02089932024751,1.0346652728840695],[111.02084212786195,1.0346311930751426],[111.02078493637578,1.0345971132662157],[111.02072774309096,1.0345630316586494],[111.0206705507054,1.0345289518497225],[111.02061335921923,1.0344948720407388],[111.02055616503503,1.0344607913324921],[111.02049897264953,1.0344267106242455],[111.02043203610964,1.0344159403434219],[111.02036509867042,1.0344051700625982],[111.02029816213053,1.0343943988824549],[111.02023122469132,1.0343836277023115],[111.02016428815142,1.0343728574214879],[111.02009735071221,1.0343620862413445],[111.02003041417231,1.0343513150612011],[111.01996301538094,1.0343553521178706],[111.01989561658951,1.03435938917454],[111.01982821779808,1.0343634262312094],[111.01976081900665,1.0343674632878219],[111.01969342021522,1.0343715003444913],[111.01962602232311,1.0343755374011607],[111.01955862263242,1.0343795735585104],[111.01949342807933,1.0343603181742083],[111.01942823172755,1.0343410609912098],[111.01936303717451,1.0343218038082682],[111.01929784172211,1.0343025466252698],[111.01923264716902,1.0342832912409676],[111.01916745081724,1.0342640340579692],[111.01910225626415,1.0342447768750276],[111.01903706081174,1.0342255196920291],[111.01897186625871,1.0342062634083504],[111.01890666990693,1.0341870062254088],[111.01884147535384,1.0341677490424104],[111.01877627990143,1.0341484918594688],[111.01871108534834,1.0341292346764703],[111.01864588899662,1.0341099783928485],[111.01858069444353,1.03409072120985],[111.01852042367869,1.0340984976476193],[111.01846015381312,1.0341062749846515],[111.01839988394755,1.0341140532210034],[111.01833961408198,1.0341218296587726],[111.01827934421641,1.0341296078951245],[111.01821907435084,1.0341373852322135],[111.01815686015101,1.0341535991093451],[111.01809464595124,1.0341698129865335],[111.01803243085209,1.034186026863722],[111.01797021665226,1.0342022407408535],[111.01790800335175,1.034218454618042],[111.01784578915192,1.0342346693945501],[111.01778357405277,1.0342508841710014],[111.01772135985294,1.0342670980481898],[111.0176581743853,1.0342392541382992],[111.01759498711903,1.0342114093291457],[111.01753179985275,1.0341835636206156],[111.01746861438511,1.0341557188114052],[111.01741203443788,1.0341156036522534],[111.01735545359139,1.034075487593725],[111.01729887364417,1.0340353733338361],[111.01724229279762,1.0339952572753646],[111.01718571285045,1.0339551421161559],[111.01712913290322,1.0339150269570041],[111.01707255295599,1.0338749108984757],[111.0170116076996,1.0338441999498968],[111.01695066424185,1.0338134890013748],[111.0168897189854,1.0337827771534762],[111.01682877462832,1.0337520662049542],[111.01676783027119,1.0337213543570556],[111.01670688591412,1.0336906434085336],[111.01664594065767,1.033659931560635],[111.01658692084976,1.033631844833792],[111.01652790014253,1.0336037572076862],[111.01646888033463,1.0335756686822037],[111.0164098596274,1.0335475810560411],[111.01635083981944,1.0335194934299352],[111.01629182001153,1.0334914058037725],[111.0162327993043,1.0334633181776667],[111.01617377859708,1.0334352296521843],[111.01610512075479,1.0334435070122936],[111.0160364629125,1.0334517852717227],[111.0159678050702,1.0334600617325123],[111.01589914722791,1.0334683399919413],[111.01583048938562,1.0334766173520507],[111.0157622569227,1.0334761551005158],[111.01569402625836,1.033475692848981],[111.01562579379544,1.0334752305974462],[111.01557066265605,1.0334570400104326],[111.01551553241598,1.0334388503227387],[111.01546040127658,1.0334206588364054],[111.01540527013719,1.033402468249335],[111.01535394402936,1.0334356334477661],[111.01530261792152,1.0334687986461972],[111.01525129091442,1.0335019647439481],[111.01519996480658,1.0335351299423223],[111.0151486386988,1.0335682951407534],[111.01508174262835,1.0335661142847812],[111.01501484655796,1.0335639316301695],[111.01494795138689,1.0335617498748775],[111.01488105621581,1.0335595690189621],[111.01481416014542,1.0335573881629898],[111.01474726407503,1.0335552073070176],[111.01468036800463,1.0335530255517256],[111.01461487577598,1.033532860952846],[111.01454938444658,1.0335126963539096],[111.01448389311724,1.0334925317549732],[111.01441840088853,1.0334723671560937],[111.01435290865987,1.0334522016578376],[111.01429593211162,1.0334105387653949],[111.01423895466411,1.0333688749736325],[111.01418197811586,1.0333272120812467],[111.01412499976897,1.0332855482894843],[111.01406802322077,1.0332438853970416],[111.0140110457732,1.0332022207059595],[111.01395406922495,1.0331605578135168],[111.01389477062725,1.0331835202033517],[111.0138354729288,1.03320648169381],[111.01377617612968,1.0332294431843252],[111.01371687843124,1.0332524046747835],[111.01365757983348,1.0332753661652418],[111.01359828213509,1.033298327655757],[111.01352968005074,1.0332972529658946],[111.01346107796644,1.0332961773767124],[111.01339247588214,1.0332951017875871],[111.01332387379779,1.0332940261984049],[111.01325527081417,1.033292949709903],[111.01318666872982,1.0332918750200406],[111.01311806664552,1.0332907994309153],[111.01304946456122,1.0332897238417331],[111.01298288685081,1.0332791711968525],[111.01291630824107,1.0332686167533325],[111.0128497296314,1.0332580632090753],[111.01278315192098,1.033247509664875],[111.01271657421057,1.0332369570199944],[111.01264999470158,1.0332264043751138],[111.01258341699116,1.0332158508309135],[111.01252262012287,1.0332411550552933],[111.01246182235531,1.0332664601790498],[111.01240102458769,1.0332917644034296],[111.01234022682007,1.0333170686278663],[111.01227942995178,1.0333423728522462],[111.01221863308353,1.0333676770766829],[111.01215783531592,1.0333929822004393],[111.01209703844762,1.0334182864248191],[111.01203623978068,1.0334435906492558],[111.01197544291244,1.0334688948736357],[111.0119129966875,1.0334518131506911],[111.01185055136193,1.0334347323270663],[111.01178810603631,1.0334176506041217],[111.01172565981142,1.0334005688811772],[111.01166321358647,1.0333834871582326],[111.01160076826091,1.033366405435288],[111.01153573738441,1.0333514856825445],[111.01147070470932,1.0333365668291208],[111.01140567383283,1.033321647975697],[111.01134064295638,1.0333067291222733],[111.01127561207988,1.0332918102688495],[111.01121058030412,1.0332768914154826],[111.01114554942762,1.0332619716626823],[111.01107541939513,1.0332656867620926],[111.01100528936269,1.0332694018614461],[111.01093515933019,1.0332731169607996],[111.01086502929775,1.0332768320602099],[111.01079489926525,1.0332805480588831],[111.01072476923275,1.0332842631582935],[111.01065463920031,1.0332879791569667],[111.01058450916781,1.0332916942563202],[111.0105233363829,1.0332697507984108],[111.01046216269873,1.0332478082398211],[111.01040098991382,1.0332258647818549],[111.01033981712891,1.0332039222232652],[111.010278644344,1.0331819787653558],[111.01021747065982,1.0331600362067661],[111.01015629787491,1.0331380927488567],[111.01009512509,1.0331161501902102],[111.01002814897993,1.0330952391540222],[111.00996117376923,1.0330743290170972],[111.00989419765915,1.0330534179809092],[111.00982722244839,1.0330325069446644],[111.00976024633837,1.0330115959084765],[111.00969888559513,1.0329924376509325],[111.00969327112762,1.0329906848722317],[111.00962629501754,1.0329697738360437],[111.00956841375137,1.0329762741357627],[111.00956293867876,1.0329768892720494],[111.00951053158582,1.0329827744355384],[111.00945265121896,1.0329892738359945],[111.00939476905342,1.0329957741357134],[111.00933688778719,1.0330022726367929],[111.00927284076903,1.0330012177320782],[111.00920879375087,1.0330001628273067],[111.0091447458334,1.0329991079225351],[111.00908069881524,1.0329980530177636],[111.00901665179708,1.0329969981129921],[111.00895254902099,1.0329813607012852],[111.00888844624484,1.0329657232895215],[111.00882434256943,1.0329500858778147],[111.00876023979328,1.0329344475667313],[111.00869613701718,1.0329188110543441],[111.00863203424103,1.0329031727432607],[111.00856793056562,1.0328875362308736],[111.00850382778947,1.0328718988191099],[111.00843972501337,1.0328562623067228],[111.00837914668034,1.0328414846468377],[111.00837562223722,1.0328406248949591],[111.00831070917195,1.0328206257713077],[111.008245797006,1.0328006284462958],[111.00818088394072,1.0327806293226445],[111.00811597177471,1.0327606310983128],[111.00805105870944,1.0327406328739812],[111.00798614744281,1.0327206346495927],[111.00796129018147,1.0327129769223689],[111.00792123437753,1.0327006364252611],[111.00786268581436,1.0326959149845152],[111.0078041381505,1.032691194443089],[111.00774559138597,1.0326864730023999],[111.00768704282285,1.032681751561654],[111.007628495159,1.0326770310202278],[111.00756683584086,1.0327038550988732],[111.00750517832137,1.0327306782782557],[111.0074854435984,1.0327392632064516],[111.00744351900329,1.0327575023569011],[111.00738185968515,1.0327843264355465],[111.00732020126634,1.0328111487156093],[111.00725854284752,1.032837971894935],[111.00719688442871,1.0328647959735804],[111.00714418325754,1.0328946552641582],[111.00709148208631,1.0329245136554164],[111.00703878001576,1.0329543729459942],[111.00698607884453,1.0329842322365721],[111.00692483681183,1.0330098332372586],[111.00686359477913,1.0330354342379451],[111.00680235364575,1.0330610343393118],[111.00674111161305,1.0330866353399983],[111.00667986958035,1.0331122354413651],[111.00661862844703,1.0331378364420516],[111.00654748038198,1.0331422808915818],[111.00647633231694,1.0331467262404885],[111.00640518425189,1.0331511715893384],[111.0063340361869,1.0331556169382452],[111.00626288812185,1.0331600631864148],[111.00619174005681,1.033164507635945],[111.006125328721,1.0331483684025216],[111.00605891828451,1.0331322273704586],[111.00599250604938,1.0331160863383388],[111.00592609471357,1.0330999462055956],[111.00585968427708,1.0330838060728524],[111.00579327294128,1.0330676659400524],[111.00572686070609,1.0330515249079895],[111.0056604502696,1.0330353847752463],[111.00559403893379,1.0330192446424462],[111.00553863080324,1.0330568138209628],[111.00548322177332,1.0330943829994226],[111.00542781364277,1.0331319512785626],[111.00537240461284,1.0331695195577026],[111.00530591413667,1.0331819922552086],[111.00523942276124,1.0331944640533379],[111.00517293228506,1.0332069358514673],[111.00510644090957,1.0332194094482361],[111.0050399504334,1.0332318812463654],[111.00497345815864,1.0332443539438145],[111.00490696678315,1.0332568266412636],[111.00484047630698,1.0332692993387695],[111.00477398493155,1.0332817720362186],[111.00470749355605,1.033294243834348],[111.00463991040363,1.0332995219554277],[111.00457232725114,1.0333048000765075],[111.00450474319939,1.033310079096907],[111.00443715914764,1.0333153572179867],[111.00436957599521,1.0333206353391233],[111.00430199194341,1.0333259143595228],[111.00424724571388,1.0333641220566392],[111.00419250038362,1.0334023297537556],[111.00413775505342,1.0334405365515522],[111.00408300882384,1.0334787451480452],[111.00402826259432,1.0335169519458418],[111.00397351726406,1.0335551596429582],[111.00391877193385,1.0335933673400746],[111.00386402570427,1.0336315750371909],[111.00380928037407,1.0336697827343073],[111.00374747986234,1.0336572839565292],[111.00368568114931,1.0336447860780709],[111.00362388063763,1.0336322873002928],[111.0035620819246,1.0336197876231381],[111.00350028231225,1.03360728884536],[111.00343848269989,1.0335947900675819],[111.00337668308754,1.033582291289747],[111.00331025196664,1.0335609386864348],[111.00324382084574,1.0335395860830658],[111.00317738972484,1.0335182343790734],[111.00311095860394,1.0334968808763847],[111.00304452838236,1.0334755291723923],[111.00297809726146,1.0334541756697035],[111.00291166614056,1.0334328239657111],[111.00284523501966,1.0334114722616619],[111.00278144700621,1.033424110434396],[111.00273626506663,1.0334330622860648],[111.00271765899282,1.0334367477078104],[111.00265387097943,1.0334493867798074],[111.00259008296604,1.0334620249525415],[111.00252629495259,1.0334746640245953],[111.0024625069392,1.0334873021972726],[111.00239223841112,1.0334689713160401],[111.00232196898372,1.0334506386361113],[111.00225170135502,1.033432307754822],[111.00218143192762,1.0334139759742698],[111.00211116339955,1.0333956450929804],[111.00204089397215,1.0333773133124282],[111.00197667428415,1.0333656787830705],[111.00191245369683,1.0333540442537696],[111.00184823310951,1.0333424088251491],[111.00178401342157,1.0333307751951679],[111.00171979283425,1.0333191397665473],[111.00165557314625,1.0333075061365662],[111.00159135165961,1.0332958707078888],[111.00152713197161,1.0332842370779076],[111.00146291228361,1.0332726034479265],[111.00140736295947,1.0332391063996624],[111.00135181543402,1.0332056093514552],[111.00129626610988,1.0331721123031912],[111.00124071768505,1.0331386152549271],[111.00118516926022,1.0331051173073433],[111.00115639455203,1.033046954553356],[111.00112762074315,1.0329887926986885],[111.00109884603495,1.0329306299446444],[111.00107007222613,1.0328724680899768],[111.00105874796293,1.0328495776459476],[111.00104129841725,1.0328143062353092],[111.0009912637359,1.0327687933452125],[111.00094123085319,1.0327232813543787],[111.00089119707116,1.0326777693636018],[111.00084116418844,1.0326322573728248],[111.00079113040641,1.0325867453820479],[111.00074109572506,1.0325412315926314],[111.00069106194303,1.0324957196017976],[111.00062238971157,1.0324861723989898],[111.0005537192788,1.032476625196125],[111.00048504704733,1.0324670779933172],[111.00041637481593,1.0324575298911327],[111.00034770258446,1.0324479817889483],[111.0002790321517,1.0324384345861404],[111.00021035992023,1.0324288873832757],[111.00014168768882,1.032419339281148],[111.00008952341284,1.0323749487449163],[111.00003735733821,1.0323305582087414],[110.99998519216297,1.0322861676725665],[110.99993302698766,1.0322417780356545],[110.99988086181236,1.0321973883987994],[110.99982869573779,1.0321529969633048],[110.99977653056249,1.0321086073263928],[110.99972436628656,1.0320642167902179],[110.99967220111125,1.0320198271533627],[110.99962003503663,1.0319754357178113],[110.99956786986138,1.0319310460809561],[110.99953015229477,1.031875077672737],[110.99949243382883,1.0318191101638376],[110.99945471716154,1.0317631426549383],[110.99941699869561,1.0317071742467192],[110.99939137970847,1.0316691590045366],[110.99937928112899,1.0316512058385001],[110.99934156266306,1.0315952383296576],[110.99930384509645,1.0315392699214385],[110.99926612663052,1.0314833024125392],[110.9992284090639,1.0314273340043201],[110.99919069059797,1.031371365596101],[110.99915840313787,1.0313102251868145],[110.99912611477845,1.0312490829788317],[110.99909382731835,1.0311879416702254],[110.99906153985825,1.0311268012609389],[110.99902925239815,1.0310656590529561],[110.99899696403872,1.0310045177443499],[110.9989646756793,1.0309433764357436],[110.9989323882192,1.0308822351270805],[110.99890797702159,1.0308212520991447],[110.99888356672329,1.0307602690712088],[110.998859156425,1.0306992860432729],[110.99883474522738,1.030638303015337],[110.99881033402977,1.0305773190880814],[110.99878592283216,1.0305163360600886],[110.99876151163454,1.0304553530321527],[110.99873710133625,1.0303943700042169],[110.99871269013857,1.030333386976281],[110.99869304984446,1.0302716853900051],[110.99867340865097,1.0302099820050898],[110.9986537683568,1.0301482804188709],[110.99863412716331,1.0300865770339556],[110.99861448596982,1.0300248754476797],[110.99859484477633,1.0299631720627644],[110.99857520358285,1.0299014695772257],[110.99852525613574,1.0298567049230201],[110.99847530778931,1.0298119402688712],[110.99842536124152,1.0297671747154027],[110.99837541289503,1.029722410061197],[110.99832546544792,1.0296776454070482],[110.99827551710149,1.0296328798535797],[110.99822730804391,1.0295912952021808],[110.99817909988559,1.0295497096514055],[110.99813089082801,1.0295081250000067],[110.99808268177043,1.0294665403486079],[110.99803447271279,1.0294249547978893],[110.99798626455453,1.0293833701464905],[110.99793805639626,1.0293417845957151],[110.99788417441516,1.0293302579850661],[110.99783029243412,1.0293187322737367],[110.99777640955369,1.0293072047637111],[110.99772252757265,1.029295678153062],[110.9976562403433,1.0292721932571567],[110.99758995221458,1.0292487065626119],[110.99752366408592,1.0292252216667066],[110.9974573759572,1.0292017358714816],[110.99739108782848,1.0291782509755762],[110.99732479969981,1.0291547651802944],[110.99725851157109,1.029131280284389],[110.99719222434175,1.0291077935898443],[110.99712593621302,1.029084308693939],[110.99705461188091,1.0290718656740978],[110.99698328844806,1.0290594226542567],[110.99691196321658,1.0290469796344723],[110.99684063888446,1.0290345366146312],[110.9967693145523,1.02902209359479],[110.99669880320727,1.0290206708673395],[110.99662829186224,1.0290192490391519],[110.99655777961789,1.0290178263117014],[110.99648726917218,1.029016403584194],[110.99641675692783,1.0290149808567435],[110.99634624468348,1.0290135581292361],[110.99627573423783,1.0290121354017856],[110.99620522199348,1.0290107117749585],[110.99614582536958,1.028988333045163],[110.9960864269471,1.0289659534160478],[110.99602703032326,1.0289435737869326],[110.9959676328001,1.0289211950571371],[110.99590823617621,1.0288988163273416],[110.99584883775373,1.0288764366982264],[110.99578944112989,1.0288540579684309],[110.99573167137959,1.0288357270871984],[110.99567389983065,1.0288173953065893],[110.99561613008041,1.0287990644253568],[110.99555835943079,1.0287807317454281],[110.99550058878123,1.028762399964819],[110.99543761105696,1.0287531648267532],[110.99537463333274,1.0287439296886305],[110.99531165470916,1.0287346945505647],[110.99524867698494,1.0287254603118186],[110.99518569836135,1.0287162251736959],[110.99512271973776,1.02870699003563],[110.99505974201355,1.0286977548975074],[110.99499676428928,1.0286885197594415],[110.99492658839142,1.0286990751022813],[110.99485641159418,1.0287096304451211],[110.99478623569627,1.0287201848886411],[110.99471605889909,1.0287307402315378],[110.99467246516218,1.0287372971885702],[110.99464588300117,1.0287412946750578],[110.99457570710325,1.0287518500178976],[110.99451131114813,1.0287723653524381],[110.99444691429375,1.028792879787602],[110.99438251833863,1.0288133942228228],[110.9943181223835,1.0288339086579867],[110.99425372642838,1.0288544239925272],[110.99418932867462,1.0288749393270109],[110.99412493271956,1.028895452862912],[110.99406146936138,1.0289292466874258],[110.99399800510389,1.0289630414112594],[110.99393454084645,1.0289968352358301],[110.99387107658896,1.0290306290603439],[110.99380761323084,1.0290644228848578],[110.99374414897335,1.0290982167093716],[110.99367411157107,1.029114882945521],[110.99360407416873,1.0291315491816704],[110.99353403676645,1.0291482136192371],[110.99346400026349,1.0291648798553865],[110.99339396196183,1.0291815460915359],[110.99332392455955,1.0291982114283655],[110.99326965497067,1.0292430417330252],[110.9932153853818,1.0292878729370614],[110.99316111489361,1.0293327050403605],[110.99310684530474,1.0293775362443398],[110.99305257481655,1.0294223674483192],[110.99298486755765,1.0294146827414465],[110.99291716029876,1.0294069980345739],[110.99284945303987,1.0293993133277013],[110.99278174578103,1.0293916286208287],[110.99271403762282,1.0293839448132758],[110.99264633126324,1.029376261005666],[110.99257862400435,1.0293685771981131],[110.99251091584614,1.0293608933905602],[110.99244320858725,1.0293532086836876],[110.99237623787315,1.0293404320153741],[110.99230926805831,1.0293276562463802],[110.99224229734421,1.0293148786787469],[110.9921753266301,1.0293021029097531],[110.99210835591595,1.0292893271407593],[110.99204138520184,1.0292765513718223],[110.99197441538701,1.0292637747035087],[110.99190744377358,1.0292509989345149],[110.99184333200424,1.029277248346375],[110.99177922113421,1.0293034968589154],[110.99171510936486,1.0293297471701521],[110.99165099669619,1.0293559956826925],[110.99158688582617,1.0293822450946095],[110.99152277405682,1.0294084954057894],[110.99145700483695,1.0294359930766745],[110.99139123561707,1.0294634907475597],[110.9913254663972,1.0294909902170843],[110.99125969717733,1.0295184878879695],[110.99119392795745,1.0295459855588547],[110.99114273135206,1.0295731136083646],[110.99109153384728,1.0296002416578744],[110.99104033724183,1.0296273697073843],[110.99097781907113,1.0296053264247007],[110.99091530179982,1.0295832822427542],[110.99085278362912,1.0295612380607508],[110.99079026725707,1.0295391938787475],[110.99072774908643,1.0295171496967441],[110.99066523181506,1.0294951064140605],[110.99060271364436,1.0294730622320571],[110.99054019727237,1.0294510180501106],[110.99047767910167,1.0294289738681073],[110.9904151618303,1.0294069296861039],[110.99035264365966,1.0293848864034203],[110.9902989838111,1.0294296600508233],[110.99024532486192,1.0294744336982262],[110.99019166501341,1.0295192091442118],[110.99013800606417,1.0295639827916148],[110.99008434621567,1.0296087582376572],[110.99002077763686,1.0295889677566947],[110.98995720905799,1.0295691772757323],[110.9898936413785,1.0295493867948267],[110.98983007190037,1.0295295972131839],[110.98976650422088,1.0295098067322215],[110.9897029347427,1.0294900171506356],[110.98963936616389,1.0294702266696731],[110.98957579758508,1.0294504370880304],[110.9895065291031,1.0294527150708177],[110.9894372597218,1.0294549930535482],[110.98936799123987,1.0294572710362786],[110.98929872185857,1.029459549019009],[110.98922945337665,1.0294618270017395],[110.98917230775584,1.0294470367513782],[110.9891151630344,1.0294322474003366],[110.98905801741364,1.0294174562506555],[110.98900087179288,1.0294026660002942],[110.98893132542037,1.0294049439830246],[110.98886177814859,1.0294072219657551],[110.98879223177613,1.0294094999484855],[110.98872268540367,1.0294117779312728],[110.98865313813189,1.0294140559140033],[110.98858807667847,1.0294294711931684],[110.98852301612436,1.0294448855730707],[110.98845795377161,1.0294603017515556],[110.98839289321751,1.0294757170307776],[110.98832740188817,1.0294905486499601],[110.98826190965946,1.0295053820677822],[110.98819641922944,1.0295202136869648],[110.98813092700073,1.0295350471047868],[110.98806543567139,1.0295498787239694],[110.98800340673188,1.0295504354043032],[110.98794137779242,1.0295509911853173],[110.98787934885291,1.0295515460670686],[110.98781731901414,1.0295521018480827],[110.98775529007463,1.029552656729777],[110.98769326113518,1.0295532134101109],[110.98763271337907,1.0295397703441722],[110.9875721647237,1.0295263272782336],[110.98751161696759,1.0295128842122949],[110.98745106921155,1.0294994411463563],[110.98739052055612,1.0294859980804176],[110.98732423332677,1.0294822946722206],[110.98725794519805,1.0294785921633434],[110.98719165796871,1.0294748887551464],[110.98712536983999,1.0294711862462691],[110.98705908171132,1.0294674828381289],[110.9869927935826,1.0294637803292517],[110.98693385741166,1.0294448927676285],[110.98687492034134,1.0294260061053251],[110.98681598417039,1.0294071194430785],[110.98675704710013,1.0293882318814553],[110.98669811002981,1.0293693452191519],[110.98663520065406,1.0293400066360618],[110.9865722930769,1.0293106698515544],[110.98650938370116,1.0292813330671038],[110.98644647522474,1.0292519953833335],[110.98638356584894,1.0292226568002434],[110.98632065827184,1.0291933200157359],[110.98625774889604,1.0291639823319656],[110.98619484041961,1.0291346437488755],[110.98613127723672,1.0291035748701347],[110.98606771315451,1.0290725059913939],[110.98600414997162,1.0290414380120296],[110.98594058588941,1.0290103691332888],[110.98587702270652,1.028979300254548],[110.98581345862425,1.0289482313758072],[110.98574989634068,1.0289171615978034],[110.98569026139648,1.0288902197079324],[110.98567230373391,1.0288821078230512],[110.98563062465365,1.0288632778180613],[110.98557098970946,1.02883633682751],[110.98551135476526,1.0288093949376957],[110.98545171982107,1.0287824530478247],[110.98539208397756,1.0287555111579536],[110.98533244903336,1.0287285692680825],[110.98526447197787,1.0287077382715779],[110.98519649402306,1.0286869063756967],[110.98512851606824,1.0286660735804958],[110.98506053901275,1.0286452425839343],[110.98499256105788,1.0286244106880531],[110.98492458400239,1.0286035796914916],[110.98485660694689,1.0285827486949302],[110.98478862899208,1.0285619176983687],[110.98471907002914,1.0285511779945296],[110.98464951106615,1.0285404391899533],[110.98457995210316,1.0285296985867944],[110.98451039314017,1.0285189597822182],[110.98444083327792,1.0285082200783222],[110.98437127431492,1.0284974812738028],[110.98430171535193,1.0284867406705871],[110.98423215638894,1.0284760009666911],[110.98416259742601,1.028465261262852],[110.98409593877659,1.0284604013265266],[110.98402928102655,1.0284555395915049],[110.98396262327651,1.0284506796551796],[110.98389596462715,1.0284458188195345],[110.98382902898658,1.0284315151023975],[110.983762093346,1.0284172095866211],[110.98369515590679,1.0284029049701644],[110.98362822026621,1.0283886012529706],[110.98356004985646,1.0283870885933197],[110.98349188034604,1.0283855777322515],[110.98342370903703,1.0283840659719203],[110.98335553862728,1.0283825551108521],[110.98328736911685,1.0283810433505209],[110.9832191987071,1.0283795306908132],[110.98315365521705,1.0283780773864351],[110.98315102829736,1.0283780189304821],[110.98308285788767,1.0283765071700941],[110.98301468837724,1.028374995409763],[110.98294632371392,1.0283584892529234],[110.98287795905065,1.0283419821967641],[110.98280959528665,1.0283254760399245],[110.98274123062333,1.028308969883085],[110.98267286685939,1.0282924637262454],[110.98260450219607,1.0282759566700861],[110.98253613843212,1.0282594514126231],[110.98246961917766,1.0282552389881516],[110.9824030999232,1.0282510256643604],[110.98233658066874,1.0282468141392087],[110.98227006141428,1.0282426017147372],[110.98220354215982,1.0282383901895855],[110.98213702290536,1.0282341777651141],[110.98206970505288,1.028215985379461],[110.98200238720045,1.028197792993808],[110.98193506934803,1.0281795997088352],[110.98186775239492,1.0281614082224451],[110.98180043364317,1.028143215836792],[110.98173311579075,1.0281250225518193],[110.98166579793826,1.0281068301661094],[110.98159848008584,1.0280886368811366],[110.98153709865824,1.0280794161321865],[110.98147571812996,1.0280701953832363],[110.98141433670236,1.0280609737350233],[110.98135295617402,1.0280517529860731],[110.98129157474642,1.0280425322371229],[110.98122473173606,1.0280273031175966],[110.98115788872565,1.0280120730987505],[110.98109104571523,1.0279968439792242],[110.98102420180555,1.0279816139603781],[110.98095735879514,1.0279663839415321],[110.98089051578472,1.0279511548220057],[110.98082614860795,1.0279657382282608],[110.98076178322975,1.0279803198359332],[110.98069741605298,1.0279949032422451],[110.98063304977546,1.0280094848499175],[110.98056868259869,1.0280240682561725],[110.98050431632123,1.0280386507631647],[110.98043995004372,1.0280532332701569],[110.98037558286694,1.028067815777149],[110.98031229217861,1.0280501440989269],[110.9802490023896,1.0280324724207048],[110.98018571080195,1.028014799843163],[110.98012242101299,1.0279971281649978],[110.98005913032466,1.027979455587456],[110.97999583873701,1.0279617839092339],[110.97993254894806,1.0279441122310686],[110.97986925825973,1.0279264396535268],[110.97980593339719,1.0279302491816793],[110.97974260763527,1.0279340578105689],[110.97967928277274,1.027937868238098],[110.97961595701088,1.0279416777662505],[110.97955263214834,1.0279454872944598],[110.97948930728575,1.0279492968226123],[110.97942598242321,1.0279531063508216],[110.97935830484198,1.0279308238484646],[110.97929062816002,1.0279085413461644],[110.97922295057879,1.0278862588438074],[110.97915527389682,1.0278639763415072],[110.97908759811423,1.0278416938391501],[110.97901992143227,1.0278194122361128],[110.97895224385104,1.0277971297338127],[110.97888456716908,1.0277748481307754],[110.9788203348906,1.0277536996735535],[110.97881688958785,1.0277525656284752],[110.97875807932195,1.0277290960210053],[110.97869926635809,1.0277056246149527],[110.97864045429361,1.0276821550074828],[110.97858164132975,1.0276586836014303],[110.97851498268039,1.0276457216727408],[110.9784483249303,1.0276327606434279],[110.97838166718026,1.0276197987147953],[110.97831500943022,1.0276068376854823],[110.97824834988148,1.0275938757567928],[110.97818169213144,1.0275809147274799],[110.9781150343814,1.0275679527988473],[110.97804837573199,1.0275549908701578],[110.97798171798195,1.0275420289415251],[110.97792112436048,1.0275636018787964],[110.97786052983963,1.0275851748160107],[110.97779993621816,1.0276067468539054],[110.97773934169732,1.0276283197911766],[110.97767874807585,1.0276498918290713],[110.977618153555,1.0276714647663425],[110.97754686699437,1.0276656641391355],[110.97747558043375,1.027659861713289],[110.9774042929738,1.027654061086082],[110.97733300641318,1.0276482586602356],[110.97726171805391,1.0276424571337657],[110.97719043059396,1.0276366556072389],[110.97711914403334,1.0276308540807122],[110.97704785657339,1.0276250525541855],[110.97697657001277,1.0276192519269784],[110.97691956378691,1.0276459860734235],[110.97686255756105,1.0276727211192451],[110.97680555133519,1.0276994561650099],[110.97674854510933,1.027726190311455],[110.97672299986664,1.0277429096076389],[110.97669415411201,1.0277617899746474],[110.97663976311463,1.0277973896378967],[110.97658537301663,1.0278329902004089],[110.97653098201926,1.0278685898636013],[110.97647659102194,1.0279041904261135],[110.97642220002456,1.0279397900893059],[110.97637057534183,1.0279856213393828],[110.97631894975979,1.0280314516901967],[110.97626732507706,1.0280772829403304],[110.97621570129365,1.0281231141904073],[110.97616407661093,1.0281689454405409],[110.97611245102883,1.0282147766906178],[110.97606082724542,1.0282606079407515],[110.97600920256269,1.0283064400902049],[110.97598430033526,1.0283649553784358],[110.97595939630918,1.0284234706666666],[110.97593449318236,1.0284819859549543],[110.97586988408796,1.0284824041397087],[110.97580527409417,1.0284828223244631],[110.97574066499976,1.0284832396098409],[110.9756760559053,1.0284836577945953],[110.97561144591157,1.0284840759793497],[110.9755468368171,1.028484494164104],[110.97548222682337,1.0284849123488584],[110.97541761772891,1.0284853287349733],[110.97534584103778,1.0284835426813856],[110.97527406524597,1.0284817584264374],[110.97520228765552,1.0284799723728497],[110.97513051186371,1.0284781872186386],[110.97505873517252,1.0284764020643706],[110.97498695938071,1.0284746169101027],[110.97491518179027,1.0284728317558347],[110.97485757841457,1.0284889979689069],[110.97479997503888,1.028505164182036],[110.97474237076386,1.0285213303951082],[110.97468476828749,1.0285374957089175],[110.97462716401247,1.0285536619219897],[110.97456032100206,1.0285394967004322],[110.97449347709238,1.0285253305796118],[110.97442663408196,1.028511166257374],[110.97435979107155,1.0284970010358165],[110.97429294716187,1.028482835814259],[110.97422610415146,1.0284686705927015],[110.97417254592631,1.028506353985108],[110.97411898770116,1.0285440355788182],[110.97406543127471,1.028581718071905],[110.97401187304956,1.0286194005649349],[110.97395831482442,1.0286570839572846],[110.97390475659932,1.0286947655510517],[110.97383289177458,1.0287046958650876],[110.97376102605057,1.0287146261791236],[110.97368916122588,1.0287245555938398],[110.97361729460255,1.0287344868071955],[110.97355633135965,1.0287583053515732],[110.97349536721748,1.0287821229966312],[110.973434402176,1.0288059406416892],[110.97337343803378,1.0288297591860669],[110.97330615525493,1.0288391337190887],[110.97323887157671,1.0288485091514303],[110.97317158879787,1.0288578836844522],[110.97310430691829,1.0288672582174172],[110.97303702413939,1.0288766327504391],[110.97296974136054,1.0288860081827806],[110.97290245768232,1.0288953818164828],[110.97283517490348,1.0289047572487675],[110.97276527599678,1.0288981832046602],[110.97269537798934,1.0288916100598158],[110.97262547908264,1.0288850369149714],[110.97255558017594,1.0288784628708072],[110.97248568216855,1.0288718897259628],[110.97241578326185,1.0288653165811183],[110.97235756205191,1.0288919473055671],[110.97229933994265,1.0289185780300159],[110.97224111873271,1.028945207855088],[110.97218289662345,1.0289718385795368],[110.97212467541351,1.0289984693039855],[110.97206645420357,1.0290250991290577],[110.97200823299363,1.0290517289541867],[110.97195001088437,1.0290783596785786],[110.97188705564315,1.0290965691514202],[110.97182410130131,1.0291147777248852],[110.97176114606009,1.02913298719767],[110.97169819081893,1.029151195771135],[110.97163523737635,1.0291694043446],[110.97157228213518,1.029187612918065],[110.97150932689397,1.0292058223908498],[110.9714463716528,1.0292240300649951],[110.9713834173109,1.0292422386384601],[110.97133953399236,1.0292907426737088],[110.97129565067382,1.0293392458095809],[110.97125176825455,1.0293877498448296],[110.97120788583533,1.0294362529807586],[110.97116400341611,1.0294847570159504],[110.97112012009751,1.0295332601518794],[110.97107623677897,1.0295817641871281],[110.97103235435975,1.0296302673230002],[110.97097263937587,1.0296460989883371],[110.97091292529132,1.0296619306536172],[110.9708532103075,1.0296777632182739],[110.97079349622294,1.0296935948835539],[110.97073378123906,1.0297094283474735],[110.97067678940238,1.0297520373267162],[110.97061979576705,1.029794646305902],[110.97056280393031,1.029837254385825],[110.9705058111943,1.0298798633650676],[110.97044881935761,1.0299224714449338],[110.97039917318335,1.0299457342082974],[110.97034952700915,1.0299689960723413],[110.97029988083489,1.0299922588357049],[110.97025023466068,1.0300155206997488],[110.97018820572117,1.0300183913357159],[110.97012617678172,1.0300212619716831],[110.97006414694289,1.0300241326077071],[110.97000211800338,1.0300270032436742],[110.96994008906393,1.0300298738796414],[110.96987806012442,1.0300327436162888],[110.96981334580931,1.0300007682209298],[110.96974863239353,1.0299687910269313],[110.96968391807843,1.0299368147322525],[110.96961920376333,1.0299048393368935],[110.96955448944817,1.029872862142895],[110.96948977513307,1.0298408849489533],[110.96942506081797,1.0298089086542745],[110.96936034740219,1.0297769332589155],[110.96930174398034,1.0297536821867084],[110.96924313965923,1.0297304302152384],[110.96918453713675,1.0297071782437115],[110.96912593281559,1.0296839262722415],[110.96906733029311,1.0296606752000343],[110.969008725972,1.0296374232285643],[110.96895012344947,1.0296141712570375],[110.9688890891602,1.0296041033467418],[110.96882805487087,1.0295940336378067],[110.96876701968228,1.029583965727511],[110.96870598629232,1.0295738978171585],[110.96863790041886,1.0295902456933277],[110.96856981274669,1.0296065953681364],[110.96850172687328,1.0296229432443056],[110.96843364099982,1.029639291120418],[110.96836555512635,1.0296556398959069],[110.96829746835357,1.0296719886713959],[110.96822938158078,1.0296883374468848],[110.96816657292908,1.0296854407305318],[110.96810376337805,1.0296825440142356],[110.96804095382703,1.0296796481972592],[110.967978144276,1.0296767505816433],[110.96791533472498,1.02967385476461],[110.96785252517395,1.0296709580483139],[110.96778971562293,1.0296680622313374],[110.96771893538062,1.0296654353116423],[110.96764815333967,1.0296628065933078],[110.96757737219804,1.0296601796736127],[110.96750659015709,1.0296575518545978],[110.96743580901546,1.0296549249349027],[110.96736502697445,1.0296522971158879],[110.96729424583282,1.0296496701961928],[110.96722346379187,1.029647042377178],[110.96715268265024,1.0296444145581063],[110.96708190060929,1.0296417876384112],[110.96701112036698,1.0296391607187161],[110.96694033832603,1.029636533799021],[110.9668695571844,1.0296339068793259],[110.96680111068275,1.0296151227397559],[110.96673266597981,1.0295963403988253],[110.96666422037754,1.0295775562592553],[110.96659577477527,1.029558773019005],[110.96652732917295,1.029539988879435],[110.96645888267136,1.029521204739865],[110.96639043796841,1.029502420600295],[110.96632199236609,1.0294836373600447],[110.9662535458645,1.0294648532204747],[110.96618510116156,1.0294460699801675],[110.96611665465997,1.0294272858405975],[110.96604820995697,1.0294085026003472],[110.9659797643547,1.0293897193600969],[110.96591131785311,1.0293709352205269],[110.96584287315011,1.0293521519802766],[110.96577442664852,1.0293333678407066],[110.96570598104626,1.0293145837011366],[110.96563753634331,1.0292957995615666],[110.96556908984167,1.0292770163213163],[110.96550064513872,1.029258233081066],[110.96543219863713,1.0292394489414392],[110.96536375303481,1.0292206648018691],[110.96529530833186,1.0292018806622991],[110.96522686183027,1.0291830974220488],[110.96515730916252,1.0292021333718253],[110.96508775469619,1.0292211693215449],[110.96501820202849,1.0292402052713214],[110.9649486475621,1.0292592412210411],[110.9648790948944,1.0292782771708175],[110.96480954132733,1.0292973131205372],[110.96473998776031,1.0293163481709939],[110.96467043419324,1.0293353841207136],[110.96460088062622,1.0293544191711703],[110.96453132705915,1.02937345512089],[110.96446177439145,1.0293924910706664],[110.96439221992506,1.0294115270203861],[110.96432266725736,1.0294305620708428],[110.96425311279097,1.0294495980205625],[110.96418356012327,1.0294686330710192],[110.96411400565688,1.0294876690207388],[110.96404445298919,1.0295067049705153],[110.96397489942211,1.029525740920235],[110.9639053458551,1.0295447759706917],[110.96383579228802,1.0295638119204114],[110.96376623872101,1.0295828469708681],[110.96369668515393,1.0296018829205877],[110.96362713158692,1.0296209188703642],[110.96355757801985,1.0296399548200839],[110.96348802535215,1.0296589898705406],[110.96341847088576,1.0296780258202602],[110.96335375027542,1.0296483311056477],[110.96328902786638,1.0296186345923388],[110.96322430725604,1.0295889389784065],[110.96315958574633,1.0295592442637371],[110.96309486423667,1.0295295477504851],[110.96303014272695,1.029499852136496],[110.96296542211661,1.0294701574218834],[110.96290069970757,1.0294404609085746],[110.96283597909724,1.0294107652946423],[110.96277125758752,1.0293810696806531],[110.96270653607786,1.0293513740667208],[110.96264181456814,1.029321677553412],[110.9625770939578,1.0292919819394797],[110.96251237334741,1.0292622872248103],[110.96244765093837,1.0292325907115583],[110.96238293032803,1.0292028950975691],[110.96231820881832,1.0291732003829566],[110.96225348730866,1.0291435038696477],[110.96218876579894,1.0291138082557154],[110.9621240451886,1.0290841126417263],[110.96205932277957,1.029054417027794],[110.96199460216923,1.0290247214138049],[110.96192988065951,1.0289950257998726],[110.96186515914985,1.0289653301858834],[110.96180043764014,1.0289356336726314],[110.96175535372663,1.0288805322108487],[110.96171026891386,1.0288254280511069],[110.96166518500036,1.0287703247906848],[110.96162010108685,1.0287152224296392],[110.96157501627403,1.0286601173705776],[110.96152993236058,1.0286050141101555],[110.96148484664843,1.0285499108497334],[110.96143976273493,1.0284948075893681],[110.9613946779221,1.0284397043289459],[110.9613495940086,1.0283846010685238],[110.96130450919583,1.0283294978081017],[110.96127057237908,1.0282880192767152],[110.96125942528232,1.0282743954470561],[110.96121433957018,1.028219292186634],[110.96116925565667,1.0281641889262119],[110.96112417084385,1.0281090838671503],[110.9610790869304,1.028053980606785],[110.96103400211757,1.0279988782456826],[110.96098891730475,1.0279437740859407],[110.9609438315926,1.0278886708255186],[110.96087900935885,1.0278583169078388],[110.96081418532646,1.027827962990159],[110.96074936039474,1.0277976081731026],[110.96068453636235,1.0277672542554228],[110.9606197123299,1.027736900337743],[110.96055488829751,1.0277065464200064],[110.9604900633658,1.0276761907036871],[110.9604252393334,1.0276458367860073],[110.96036041530101,1.0276154828682706],[110.96029559126856,1.0275851289505908],[110.96023076633685,1.0275547741335913],[110.96016594230446,1.0275244202158547],[110.96010111827206,1.0274940662981749],[110.96003629423967,1.0274637123804951],[110.9599714693079,1.0274333566641189],[110.95990664527551,1.0274030027464391],[110.95984182124312,1.0273726488287025],[110.95977699721072,1.0273422949110227],[110.95971217227901,1.0273119400940232],[110.95964734824656,1.0272815861762865],[110.95958252421417,1.0272512322586067],[110.95951770018178,1.0272208783409269],[110.95945287525007,1.0271905226245508],[110.95938805121767,1.027160168706871],[110.95932322718522,1.0271298147891912],[110.95925840315283,1.0270994608714545],[110.95919357822112,1.0270691069537747],[110.95912875418873,1.0270387530360949],[110.95906393015633,1.0270083991183583],[110.95899910612388,1.0269780452006785],[110.95893428119217,1.0269476903836789],[110.95886945715978,1.0269173355666226],[110.95880463312739,1.0268869816489428],[110.95873980909499,1.0268566277312061],[110.9586749832639,1.0268262729142066],[110.95861015923151,1.0267959189965268],[110.95854533519912,1.0267655650787901],[110.95848212095319,1.0267952849744688],[110.95841890670727,1.0268250057694672],[110.9583556933606,1.0268547256650891],[110.95829247911468,1.0268844455607677],[110.95822926486875,1.0269141672550859],[110.95816605062282,1.0269438871507077],[110.95810283727616,1.0269736070463864],[110.95803962392955,1.0270033269420082],[110.95797640968362,1.0270330477370067],[110.95791319633702,1.0270627676326853],[110.95784998209103,1.0270924893269466],[110.95778676784511,1.0271222092226253],[110.95772355359918,1.027151929118304],[110.95766034025257,1.0271816499132456],[110.95759712600665,1.0272113698089242],[110.95752527467175,1.0272209466893969],[110.9574534251355,1.0272305235698695],[110.95738157380066,1.0272401013496619],[110.95730972336509,1.0272496782301346],[110.95723787292957,1.0272592551106072],[110.95716602159467,1.027268831991023],[110.95709417115916,1.0272784088714957],[110.95702232072358,1.0272879857519683],[110.95695047028801,1.027297562632441],[110.95687861895317,1.0273071404122334],[110.95680676941691,1.027316717292706],[110.95673491808208,1.0273262941731787],[110.9566630676465,1.0273358710536513],[110.95659121721098,1.027345447934124],[110.95656519982418,1.0273489157199265],[110.95651936587609,1.0273550248145966],[110.95644751633989,1.0273646016950693],[110.956375665005,1.0273741785755419],[110.9563038136701,1.0273837563553343],[110.95623196413391,1.0273933332358069],[110.95616011279901,1.0274029101162796],[110.95608826236349,1.0274124869967522],[110.95601641192792,1.0274220638771681],[110.95594456059308,1.0274316416569604],[110.95587293858529,1.0274260370819661],[110.95580131657755,1.0274204334063484],[110.95572969456981,1.0274148279320343],[110.95565807256207,1.0274092242563597],[110.95558645055434,1.0274036187820457],[110.95551482944586,1.0273980151063711],[110.95544320833744,1.0273924114306965],[110.9553715863297,1.0273868059563824],[110.95529996432197,1.0273812022807078],[110.95522834231423,1.0273755968063938],[110.95515672030643,1.0273699931307192],[110.9550850982987,1.0273643876564051],[110.95501347629096,1.0273587839807305],[110.95494185428322,1.0273531794057362],[110.95487023227548,1.0273475748307419],[110.95479861026769,1.0273419702557476],[110.95472698825995,1.0273363656807533],[110.95465536625221,1.0273307611058158],[110.95458374424447,1.0273251556315017],[110.95451212313606,1.0273195519558271],[110.95444050112826,1.0273139482801525],[110.95436887912052,1.0273083428058385],[110.95429725711278,1.0273027382308442],[110.95422563510505,1.0272971327565301],[110.95415401309731,1.0272915281815358],[110.95408239108951,1.0272859227072217],[110.95401076908178,1.0272803181322274],[110.95393914707404,1.0272747126579134],[110.9538675250663,1.027269108082919],[110.95379590305856,1.027263502608605],[110.95372428105077,1.0272578980336107],[110.95365265904303,1.0272522925592966],[110.95358103793461,1.0272466879843023],[110.95350941592687,1.027241083409308],[110.95343779391914,1.0272354779349939],[110.95336617191134,1.0272298733599996],[110.9532945499036,1.0272242678856855],[110.95322292789587,1.0272186633106912],[110.95315130588813,1.0272130578363772],[110.9530841364238,1.0271968322680323],[110.9530169660602,1.0271806049010479],[110.95294979659587,1.027164379332703],[110.9528826271316,1.0271481519656618],[110.95281545676795,1.0271319263973169],[110.95274828730368,1.0271156990303325],[110.95268111694003,1.0270994716633481],[110.95261394837507,1.0270832460950032],[110.95260819091533,1.0270818548438001],[110.95254677801148,1.027067018727962],[110.95247960764783,1.0270507931596171],[110.95241243818356,1.0270345657926327],[110.95234526871923,1.0270183402242878],[110.95227809925495,1.0270021137565664],[110.9522109288913,1.0269858872889017],[110.95214375942703,1.0269696608212371],[110.95207658906338,1.0269534343535724],[110.95200941959911,1.0269372078859078],[110.95194225013478,1.0269209823175061],[110.95187507977118,1.0269047549505217],[110.95180353420579,1.0268953678270236],[110.95173198684176,1.026885979804149],[110.95166044127643,1.0268765917813312],[110.95158889481172,1.0268672046578331],[110.95151734924633,1.0268578184335979],[110.9514458018823,1.0268484304107801],[110.95137425631691,1.0268390423879623],[110.95130270985226,1.0268296552644074],[110.95123116338755,1.0268202672415896],[110.95115961692284,1.0268108801180915],[110.95108807135745,1.0268014920952169],[110.95101652489279,1.0267921049717188],[110.95094497842808,1.026782716948901],[110.95087343196337,1.0267733298253461],[110.95080188639798,1.0267639418025283],[110.95073033993333,1.0267545546790302],[110.9506587925693,1.0267451666561556],[110.95058724700391,1.0267357804319772],[110.95051570143852,1.0267263933084791],[110.95044415407449,1.0267170052856045],[110.95037260760984,1.0267076181621064],[110.95030106204445,1.0266982310385515],[110.95022951557974,1.0266888439150534],[110.95015796911503,1.0266794558922356],[110.95008642265037,1.0266700687686807],[110.95001641492564,1.0266581680400577],[110.94994640720097,1.026646266412115],[110.94987639857698,1.0266343647841722],[110.9498063908523,1.0266224631561727],[110.94973638312763,1.0266105624275497],[110.94966637540296,1.0265986607996069],[110.94959636677896,1.0265867600709839],[110.94952635905429,1.0265748593423609],[110.94945635222894,1.0265629577143613],[110.94938634360494,1.0265510569857383],[110.94931633588027,1.0265391562571153],[110.9492463281556,1.0265272546291726],[110.94917632043092,1.0265153539004928],[110.94910631180693,1.0265034531718698],[110.94903630408226,1.0264915524432467],[110.94896629635753,1.026479650815304],[110.94889628773353,1.0264677500866242],[110.94882628000886,1.0264558493580012],[110.94875627228419,1.0264439477300584],[110.94868626366019,1.0264320470014354],[110.94861625593552,1.0264201462727556],[110.94854624821085,1.0264082446448128],[110.94847623958685,1.0263963439161898],[110.94840623186218,1.0263844431875668],[110.94833622503683,1.0263725415595673],[110.94826621731215,1.0263606408309442],[110.94819620868816,1.0263487401023212],[110.94812620096349,1.0263368393736982],[110.94805619323881,1.0263249377457555],[110.94798618461476,1.0263130370170757],[110.94791617689009,1.0263011362884527],[110.94784616916542,1.0262892346605099],[110.94777616144074,1.0262773339318869],[110.94770470221027,1.0262807072888336],[110.94763324297986,1.0262840797465174],[110.94756178374939,1.0262874531035209],[110.94749032541824,1.0262908255612047],[110.94741886618777,1.0262941989182082],[110.94734740695731,1.0262975722752117],[110.94727594772689,1.0263009447328386],[110.94720448939574,1.0263043180898421],[110.94713303016528,1.0263076914468456],[110.94706157093481,1.0263110639045294],[110.94699011170434,1.0263144372615329],[110.94691865337319,1.0263178097192167],[110.94684719414278,1.0263211830761634],[110.94677573491231,1.0263245564331669],[110.94670427568184,1.0263279288908507],[110.94663281735069,1.0263313022478542],[110.94656135812022,1.026334674705538],[110.94648989888981,1.0263380480625415],[110.94641843965934,1.0263414223188079],[110.94634698132819,1.0263447947764917],[110.94627552209772,1.0263481690328149],[110.94620406286725,1.0263515423898184],[110.94613260363678,1.0263549157468219],[110.94606114530569,1.0263582891038254],[110.94598968607522,1.0263616633601487],[110.94591822684475,1.0263650358177756],[110.94584676761428,1.0263684100740988],[110.94577530928314,1.0263717834311024],[110.94570385005272,1.0263751567881059],[110.94563239082225,1.0263785301451094],[110.94556093159179,1.0263819044014326],[110.94548947326064,1.0263852768590596],[110.94541801403017,1.0263886511153828],[110.9453465547997,1.0263920235730666],[110.94527509556929,1.0263953978293898],[110.94520363723814,1.0263987711863933],[110.94513217800767,1.0264021454427166],[110.9450607187772,1.0264055179004004],[110.94498926044605,1.0264088921567236],[110.94491780121564,1.0264122646143505],[110.94484634198517,1.0264156388706738],[110.9447748827547,1.0264190122276773],[110.94470266989237,1.0264253407569299],[110.94463045703003,1.0264316701855023],[110.94455824506701,1.0264379978153784],[110.94448603220468,1.0264443272439507],[110.94441381934234,1.0264506557732034],[110.94434160558069,1.0264569852017758],[110.94426939271835,1.0264633128316518],[110.94419717985602,1.0264696422602242],[110.944124967893,1.0264759698901571],[110.94405275503067,1.0264822993187295],[110.94398054216833,1.0264886269486055],[110.943908329306,1.0264949563771779],[110.94383611644366,1.0265012840071108],[110.94376390268201,1.0265076134356832],[110.94369169071899,1.0265139410655593],[110.94361947785666,1.0265202695948119],[110.94354726499432,1.0265265981240645],[110.94347505213199,1.0265329266533172],[110.94340283926965,1.026539255182513],[110.94333062640732,1.0265455837117656],[110.94325841444436,1.0265519122410183],[110.9431862006827,1.0265582398708943],[110.94311398782037,1.0265645692994667],[110.94304300972721,1.0265745220965528],[110.94297203073467,1.0265844757929585],[110.9429010526415,1.0265944285900446],[110.94283007364902,1.0266043831857701],[110.94275909555586,1.0266143359828561],[110.94268811656337,1.0266242896792619],[110.94261713936953,1.0266342433756677],[110.94254616037705,1.0266441970720734],[110.94247518228389,1.0266541498691595],[110.94240420419072,1.0266641035655653],[110.94233322519824,1.0266740581612908],[110.94226224710508,1.0266840109583768],[110.94219126811259,1.0266939646547826],[110.94212029001943,1.0267039183511883],[110.94204931102695,1.0267138720475941],[110.94197833293379,1.0267238248446802],[110.9419073539413,1.0267337794404057],[110.94183637584814,1.0267437322374917],[110.94176530332612,1.0267395521886442],[110.94169422990484,1.0267353712404201],[110.9416231582822,1.0267311911915726],[110.94155208486092,1.0267270102433486],[110.9414810123389,1.0267228301945011],[110.94140993891762,1.0267186492463338],[110.94133886639565,1.0267144682981098],[110.94126779387364,1.0267102882492622],[110.94119672135167,1.0267061082003579],[110.94112564793039,1.0267019272521907],[110.94105457540837,1.0266977463040234],[110.94098350288641,1.0266935662551191],[110.94091243036445,1.0266893862062716],[110.94084135694311,1.0266852052580475],[110.94077028442115,1.0266810252092],[110.94069921099987,1.0266768442609759],[110.94062813937717,1.0266726642121284],[110.94055706595589,1.0266684832639612],[110.94048599343392,1.0266643032150569],[110.94041549108209,1.0266490902833425],[110.94034498962964,1.0266338782509479],[110.94027448817712,1.0266186662184964],[110.94020398672467,1.0266034541861018],[110.94013348527221,1.0265882421537071],[110.9400629838197,1.0265730301213125],[110.93999248236724,1.026557818088861],[110.93992198091473,1.0265426060564664],[110.93985147856296,1.0265273940240718],[110.93978097800976,1.0265121819916772],[110.93971047565799,1.0264969699592257],[110.93963997510485,1.0264817579268311],[110.93956947275302,1.0264665458944364],[110.93949897219989,1.0264513338620418],[110.93942846984805,1.0264361218295903],[110.9393579683956,1.0264209097971957],[110.93928746694309,1.0264056977648011],[110.93921696459131,1.0263904857324064],[110.93914646403817,1.026375273699955],[110.93907596168634,1.0263600616675603],[110.93900546113321,1.0263448496351657],[110.93893495878137,1.0263296376027142],[110.93886445822824,1.0263144255703196],[110.93879395587641,1.0262992144372447],[110.93872345532327,1.0262840024048501],[110.93865295297144,1.0262687903723986],[110.9385824524183,1.026253578340004],[110.93851195006653,1.0262383663076093],[110.93844144771469,1.0262231542752147],[110.93837094716156,1.0262079422427632],[110.93830044480973,1.0261927302103686],[110.93822994425659,1.026177518177974],[110.93815944190476,1.0261623061455794],[110.93808894135162,1.0261470941131279],[110.93801843899985,1.0261318820807332],[110.93794793844665,1.0261166700483386],[110.93787743609488,1.026101458015944],[110.93780693464237,1.0260862459834925],[110.93773643318991,1.0260710339510979],[110.9376659317374,1.0260558219187033],[110.93759543028494,1.0260406098863086],[110.93752492883249,1.0260253978538572],[110.93745442737998,1.0260101858214625],[110.93738749084008,1.0260264347721773],[110.93732055609883,1.0260426837229488],[110.93725361955893,1.0260589326736635],[110.93718668391841,1.0260751816243783],[110.93711974827784,1.026091430575093],[110.93705281263726,1.0261076804251843],[110.93698587699669,1.026123929375899],[110.93691894135611,1.0261401783266137],[110.93685200571554,1.0261564272773285],[110.93678507007496,1.0261726762281],[110.93671813443444,1.0261889251788148],[110.93665119789455,1.0262051741295295],[110.93658426315329,1.0262214230802442],[110.9365173266134,1.0262376720309589],[110.93645062299794,1.0262471158117705],[110.93638391758378,1.0262565595925821],[110.93631721396832,1.0262660042727134],[110.93625051035281,1.026275448053525],[110.93618380493871,1.0262848927336563],[110.93611710132325,1.0262943374137876],[110.93605039680841,1.0263037811945992],[110.93598369229363,1.0263132258747305],[110.9359169877788,1.0263226696555421],[110.93585028416334,1.0263321152349931],[110.93578357874924,1.0263415599151244],[110.93571687513372,1.026351003695936],[110.93564559306975,1.0263481366572478],[110.93557431100572,1.0263452687192398],[110.9355030289417,1.0263424016805516],[110.93543174687767,1.0263395337425436],[110.93536046391432,1.0263366658045356],[110.93528918185035,1.0263337987658474],[110.93521789978632,1.0263309308278394],[110.9351466177223,1.0263280637891512],[110.93507533565827,1.0263251958511432],[110.93500405359424,1.026322328812455],[110.93493277242959,1.0263194617737668],[110.93486149036556,1.0263165947350785],[110.93479020830154,1.0263137276964471],[110.93471892533819,1.0263108606577589],[110.93464764327416,1.0263079936190707],[110.93457636121019,1.0263051265803824],[110.93450507914616,1.0263022604410139],[110.93443379708214,1.0262993934023257],[110.93436251501811,1.0262965263636374],[110.93429123295408,1.0262936593249492],[110.93421995089011,1.026290792286261],[110.93414866882608,1.0262879252475727],[110.93407738676206,1.0262850582089413],[110.93400610379871,1.0262821911702531],[110.93393482173468,1.0262793241315649],[110.93386353967065,1.0262764570928766],[110.93379225760668,1.0262735900541884],[110.93372097644198,1.0262707230155002],[110.93364969437795,1.0262678559768119],[110.93357841231392,1.0262649889381237],[110.93350713024995,1.0262621218994354],[110.93343584818592,1.0262592548607472],[110.93336456522258,1.0262563878221158],[110.93329328315855,1.0262535207834276],[110.93322200109452,1.0262506537447393],[110.93315071903049,1.0262477867060511],[110.93307943696652,1.0262449196673629],[110.93300690934143,1.0262403888829112],[110.93293437991775,1.0262358571990831],[110.93286185229272,1.0262313264146314],[110.93278932286904,1.0262267938315404],[110.93271679524395,1.0262222630470319],[110.93264426582027,1.0262177313632606],[110.93257173819524,1.0262131987801695],[110.9324992087715,1.0262086670963413],[110.93242668114647,1.0262041354125699],[110.93235415172279,1.0261996028294789],[110.93228162409775,1.0261950711456507],[110.93220909467402,1.0261905385625596],[110.93213656704899,1.0261860068787882],[110.93206403762531,1.0261814751949601],[110.93199151000027,1.026176942611869],[110.93191898057654,1.0261724109280976],[110.9318464529515,1.0261678792442694],[110.93177392442715,1.0261633466611784],[110.93170139590273,1.0261588149773502],[110.93162886737838,1.0261542832935788],[110.93155633885402,1.0261497507104878],[110.93148381032967,1.0261452190266596],[110.93141535393551,1.0261693981992153],[110.93134689664203,1.0261935782710907],[110.93127844114719,1.0262177574435896],[110.93120998475308,1.0262419357168255],[110.93114152925824,1.0262661148893244],[110.93107307196476,1.0262902949611998],[110.9310046155706,1.0263144741336987],[110.93093616007576,1.0263386533062544],[110.93086770278234,1.0263628333781298],[110.9307992472875,1.026387011651309],[110.93073079089334,1.0264111908238647],[110.93066233359986,1.0264353708956833],[110.93059387810507,1.026459550068239],[110.93052542171091,1.0264837292407378],[110.93045696621607,1.0265079093126133],[110.93038850892259,1.0265320893844887],[110.93032005342781,1.0265562676576678],[110.93025159703365,1.0265804468302235],[110.93018314063949,1.0266046269020421],[110.93011468424532,1.0266288069739176],[110.93004622785122,1.0266529861464164],[110.92998314760422,1.0266850730577062],[110.92992006735727,1.0267171599689959],[110.92985698711033,1.0267492468802857],[110.92979390596406,1.0267813337915754],[110.92973082571712,1.0268134207028652],[110.92966774457079,1.0268455094127944],[110.92960466522317,1.0268775963240842],[110.9295415840769,1.0269096832353171],[110.92947850382996,1.0269417701466068],[110.92941542268369,1.0269738570578966],[110.92935234333606,1.0270059439691863],[110.92928926218974,1.0270380308804761],[110.92922618194279,1.0270701177917658],[110.92916310079653,1.0271022056023753],[110.9291000214489,1.0271342934129848],[110.92903694030264,1.0271663803242177],[110.92897386005563,1.0271984672355075],[110.92891077890937,1.0272305541467972],[110.92884769866242,1.027262641058087],[110.92878461841548,1.0272947279693767],[110.92872153816853,1.0273268148806665],[110.92865845702221,1.0273589026912759],[110.92859537677526,1.0273909896025089],[110.928532295629,1.0274230774131183],[110.92846921628137,1.0274551643244081],[110.92841328294674,1.0275012275996005],[110.92835734961204,1.0275472908748498],[110.92830141627741,1.0275933550493619],[110.92824548294277,1.0276394183245543],[110.92818954960808,1.0276854815997467],[110.92813361717276,1.0277315457742588],[110.92807768383813,1.027777609948771],[110.92802175140275,1.0278236741232831],[110.92796581806812,1.0278697382978521],[110.9279098856328,1.0279158006737248],[110.92785395229811,1.0279618648482369],[110.92779801896347,1.0280079290227491],[110.92774208562884,1.0280539931972612],[110.92768615319346,1.0281000573717733],[110.92763021985883,1.0281461197477029],[110.92757428562481,1.028192183922215],[110.9275183531895,1.0282382471974074],[110.92746241985486,1.0282843113719196],[110.92740648562085,1.028330374647112],[110.92735055318553,1.0283764379223044],[110.92729461895158,1.0284225020968165],[110.92723868741552,1.0284685653720658],[110.92718275318157,1.0285146286472582],[110.92712681894761,1.0285606928217703],[110.92707088741156,1.0286067560969627],[110.9270149531776,1.0286528193721551],[110.92695901894365,1.0286988826473475],[110.9269030874076,1.02874494592254],[110.92684715317364,1.0287910100971089],[110.926791219839,1.0288370733723013],[110.92673528560499,1.028883135748174],[110.92667098857532,1.0289156021733561],[110.92660669244498,1.0289480676992184],[110.92654239541525,1.0289805341244005],[110.92647809838559,1.0290129996502628],[110.92641379955728,1.0290454660754449],[110.92634950342688,1.0290779316013072],[110.92628520639721,1.0291103980264893],[110.92622090936754,1.0291428635523516],[110.92615661233788,1.0291753299775337],[110.9261204470011,1.0291935907117136],[110.92609231530815,1.0292077964027158],[110.92602801827849,1.0292402619285781],[110.92596372124882,1.0292727283537602],[110.9258994242191,1.0293051929803028],[110.92583512718943,1.0293376594054848],[110.92577083015976,1.0293701249313472],[110.92570653313004,1.0294025913565292],[110.92564223520105,1.0294350568823916],[110.92557793817139,1.0294675224082539],[110.92551364114166,1.0294999879341162],[110.925449344112,1.0295324543593551],[110.92538504708233,1.0295649198852175],[110.92532074915329,1.0295973863103995],[110.92525645212362,1.0296298509369421],[110.92519215419463,1.0296623173621242],[110.92512785716491,1.0296947819886668],[110.92506356013524,1.0297272484138489],[110.92500318504904,1.0297621672902437],[110.92494280996277,1.0297970861666386],[110.92488243397719,1.0298320059423531],[110.92482205889098,1.029866924818748],[110.92476168380472,1.0299018436951997],[110.92470130871851,1.0299367625715945],[110.92464093363225,1.0299716823473091],[110.92458055764666,1.0300066021230236],[110.92452018256046,1.0300415209994185],[110.92445980837351,1.0300764398758702],[110.92439943328725,1.0301113596515847],[110.92433905820104,1.0301462794272993],[110.92427868311478,1.0301811983036941],[110.92421830712925,1.0302161180794087],[110.92415793204299,1.0302510378551801],[110.92409755695672,1.030285956731575],[110.92403718187052,1.0303208756079698],[110.92397680678425,1.0303557962830041],[110.92391643079873,1.0303907160587187],[110.92385605571246,1.0304256349351704],[110.9237956806262,1.0304605538115652],[110.92372318987339,1.0304570320664084],[110.92365069912051,1.0304535094219887],[110.92357820926702,1.0304499867775121],[110.92350571761483,1.0304464641330355],[110.92343322686202,1.0304429423879355],[110.92336073610915,1.0304394188441393],[110.92328824625559,1.0304358970990393],[110.92321575460346,1.030432373555243],[110.92314326385059,1.0304288518100861],[110.92307077309778,1.0304253291656664],[110.92299828324423,1.0304218074205096],[110.92292579159209,1.0304182838767701],[110.92285330083922,1.0304147621316133],[110.92278081008635,1.030411238587817],[110.92270832023286,1.030407716842717],[110.92263582858067,1.0304041941982405],[110.92262164896999,1.0304035053175653],[110.92256333782785,1.0304006715538208],[110.92249084707498,1.0303971489093442],[110.92241835722149,1.0303936271641874],[110.9223458655693,1.0303901036204479],[110.92227337481643,1.0303865818752911],[110.92220088406361,1.0303830592308714],[110.92212839421006,1.0303795365863948],[110.92205590255793,1.0303760139419182],[110.92198341180506,1.0303724921968183],[110.92191092105224,1.030368968653022],[110.92183843119869,1.030365446907922],[110.92176594044588,1.0303619242634454],[110.92169344879369,1.0303584016189689],[110.92162095804082,1.0303548789745491],[110.92154846818732,1.0303513572293923],[110.92147597743445,1.030347833685596],[110.92140348578232,1.030344311940496],[110.92133099502945,1.0303407892960195],[110.92125850517596,1.0303372666515997],[110.92118601442309,1.0303337440071232],[110.9211135227709,1.0303302222620232],[110.92104103201808,1.0303266987182269],[110.92096854216453,1.0303231769730701],[110.92089605141172,1.0303196552279701],[110.92082355975953,1.0303161325834935],[110.92075543791321,1.0303408279668815],[110.92068731516753,1.0303655242495893],[110.92061919332116,1.0303902187336575],[110.92055106967621,1.0304149150163653],[110.92048294782984,1.0304396103997533],[110.92041482508415,1.0304643057831413],[110.92034670323784,1.0304890011665293],[110.92027857959283,1.030513697449237],[110.92021045774646,1.0305383919333053],[110.92014233500083,1.0305630882160131],[110.92007421315446,1.0305877827000813],[110.92000609130815,1.0306124780834693],[110.91993796766315,1.0306371743661771],[110.91986984581678,1.0306618688501885],[110.91980172307115,1.0306865651328962],[110.91973360122478,1.0307112596169645],[110.91966547757977,1.0307359558996723],[110.91959735573346,1.0307606512830603],[110.91952923298777,1.0307853466664483],[110.9194611111414,1.0308100420498363],[110.91939298839577,1.030834738332544],[110.91932486565008,1.0308594328166123],[110.91925674380377,1.03088412909932],[110.91918862105808,1.0309088253820278],[110.91912049921172,1.030933519866096],[110.91905237556676,1.0309582161488038],[110.9189842537204,1.0309829106328721],[110.91891613097471,1.0310076069155798],[110.9188480091284,1.0310323031982875],[110.91877988638271,1.0310569985816755],[110.91871176363702,1.0310816939650636],[110.91864364089139,1.0311063902477713],[110.91857551904502,1.0311310847318396],[110.91850680544479,1.0311146972854885],[110.91843809184451,1.0310983098391944],[110.91836937824428,1.0310819223928434],[110.91830066464399,1.0310655349465492],[110.91823195104377,1.0310491483995179],[110.91816323744354,1.031032760053904],[110.91809452384325,1.031016372607553],[110.91802581024302,1.0309999851612588],[110.91795709664274,1.0309835977149078],[110.91788838304251,1.0309672111679333],[110.91781966944222,1.0309508228222626],[110.917750955842,1.0309344362752881],[110.91768224224177,1.0309180479296174],[110.91761352864148,1.0309016613826429],[110.91754481504125,1.0308852730369722],[110.91747610144097,1.0308688846913014],[110.91740738784074,1.030852498144327],[110.91733867424051,1.0308361097986563],[110.91726996064023,1.0308197232516818],[110.91720124704,1.0308033349060111],[110.91713253343971,1.0307869465603972],[110.91706381983948,1.0307705600133659],[110.9169951062392,1.030754171667752],[110.91692639263897,1.0307377851207207],[110.91685767903874,1.0307213967751068],[110.91678896543846,1.0307050093287558],[110.91672025183823,1.0306886218824616],[110.91665153823794,1.0306722344361106],[110.91658282463771,1.0306558469898164],[110.91651411103743,1.0306394586441456],[110.91644332360056,1.030637145587832],[110.91637253706301,1.0306348316321987],[110.91630174962609,1.0306325176766222],[110.91623096398786,1.0306302046203086],[110.91616017655099,1.030627891563995],[110.91608939001338,1.0306255776083617],[110.91601860257651,1.0306232645520481],[110.91594781603897,1.0306209505964148],[110.91587702860204,1.0306186384394778],[110.91580624206449,1.0306163235845247],[110.91573545462757,1.0306140096288914],[110.91566466898934,1.0306116965725778],[110.91559388155247,1.0306093844155839],[110.91552309501486,1.0306070695606877],[110.91545230757799,1.0306047574036938],[110.91538618402524,1.0305787562047044],[110.91532005957316,1.0305527541063384],[110.91525393602041,1.030526752907349],[110.91518781156833,1.0305007508090398],[110.91512168801557,1.0304747496100504],[110.91505556356344,1.0304487484110609],[110.91498944091001,1.0304227472120715],[110.91492331735725,1.0303967460130821],[110.91485719290517,1.0303707439147729],[110.91479106935242,1.0303447427157266],[110.91472494490034,1.0303187406174175],[110.91465882134759,1.0302927403177478],[110.91459269689551,1.0302667391187583],[110.91452657334276,1.0302407370204492],[110.91446044889068,1.0302147358214597],[110.91439432533792,1.0301887337231506],[110.91432820088585,1.0301627334234809],[110.91426207733303,1.0301367313251149],[110.91419595288096,1.0301107301261254],[110.91412983022752,1.030084728927136],[110.91406370577545,1.0300587268288268],[110.91399758222269,1.0300327256298374],[110.91393145777062,1.030006724430848],[110.91386533421786,1.0299807232318585],[110.91379920976578,1.0299547211335494],[110.91373308621303,1.0299287199345031],[110.91366118721407,1.0299194200452462],[110.9135892873158,1.0299101192566695],[110.9135173883169,1.0299008193673558],[110.91344548841863,1.0298915185787791],[110.91337358941968,1.0298822186894654],[110.91330168862208,1.0298729188002085],[110.91322978962313,1.0298636189109516],[110.91315788972491,1.0298543190216378],[110.91308599072596,1.0298450191323809],[110.91301409082769,1.029835719243124],[110.91294219182873,1.0298264193538103],[110.91287029282984,1.0298171185652336],[110.91279839293156,1.0298078186759199],[110.91272649393261,1.029798518786663],[110.91269591968103,1.0297945635683163],[110.91265459403434,1.029789218897406],[110.91258269503538,1.0297799190080923],[110.91251079513717,1.0297706191188354],[110.91243889613821,1.0297613192295216],[110.91236699623994,1.0297520193402647],[110.91229509724099,1.0297427185516881],[110.91222319824209,1.0297334186623743],[110.91215129834382,1.0297241187731174],[110.91207939934486,1.0297148188838605],[110.91200749944659,1.0297055189945468],[110.91193560044769,1.0296962191052899],[110.9118636996501,1.0296869192159761],[110.91179180065114,1.0296776193267192],[110.91171990075287,1.0296683194374623],[110.91164800175392,1.0296590186488288],[110.9115761018557,1.0296497187595719],[110.91150420285675,1.0296404188702581],[110.91143357280123,1.0296280963596018],[110.91136294274565,1.0296157720503061],[110.91129231269014,1.0296034486402732],[110.9112216817353,1.0295911252302972],[110.91115105167972,1.0295788009210014],[110.91108042162421,1.0295664784102883],[110.91100979156869,1.0295541541009925],[110.91093916241249,1.0295418306909596],[110.91086853235697,1.0295295081803033],[110.91079790140208,1.0295171838710075],[110.91072727134656,1.0295048595616549],[110.91065664129104,1.0294925370509986],[110.91058601123547,1.029480212741646],[110.91051538117995,1.0294678902309897],[110.91044475112443,1.0294555668210137],[110.91037412016959,1.0294432434109808],[110.91030349011402,1.029430919101685],[110.9102328600585,1.029418595691709],[110.91016223000298,1.0294062722816761],[110.91009159994746,1.0293939488717001],[110.91002096989189,1.0293816263610438],[110.90995033893705,1.0293693020516912],[110.90987970888153,1.0293569777423954],[110.90980907882602,1.0293446552316823],[110.90973844877044,1.0293323318217062],[110.90966781871492,1.0293200093110499],[110.9095971886594,1.0293076859010171],[110.90952655770451,1.0292953615917213],[110.90945592764899,1.0292830390810082],[110.90938529759347,1.0292707156710321],[110.90931411715286,1.0292693990635371],[110.90924293491355,1.0292680806574594],[110.90917175357362,1.0292667640499644],[110.90916808344036,1.0292666957014944],[110.90910057223368,1.0292654456438299],[110.90902939089375,1.0292641290363918],[110.90895820865444,1.0292628106302573],[110.90888702821383,1.0292614940227622],[110.90881584597457,1.0292601756166846],[110.90874466463464,1.0292588590091896],[110.90867348329471,1.0292575406030551],[110.90860230195472,1.0292562230962403],[110.90853112061478,1.0292549055894824],[110.90845993927485,1.0292535889819874],[110.90838875793492,1.0292522723744923],[110.90831757569561,1.0292509548677344],[110.90824639525499,1.0292496382602394],[110.90817521301574,1.0292483207534247],[110.9081040316758,1.0292470041459865],[110.90803285033581,1.0292456866391717],[110.90796166899588,1.0292443700316767],[110.90789048675663,1.0292430534242385],[110.90781930631601,1.0292417359174237],[110.9077481240767,1.0292404193099287],[110.90767694273677,1.0292391018031708],[110.90760576229616,1.0292377851956758],[110.9075345800569,1.029236467688861],[110.90746339871691,1.0292351510814228],[110.90739221737698,1.0292338335746081],[110.90732103603705,1.029232516967113],[110.90724985379779,1.0292312003596749],[110.90717867335712,1.0292298828528601],[110.90710749111787,1.0292285662453651],[110.90703630977794,1.0292272487386072],[110.906965128438,1.0292259321311121],[110.90689394709801,1.0292246146242974],[110.90682706092019,1.0291980513490557],[110.90676017564164,1.0291714880737572],[110.90669329036314,1.0291449247985156],[110.90662640508458,1.0291183624225368],[110.90655951890676,1.0290917982479186],[110.9064926336282,1.029065234972677],[110.90642574834965,1.0290386716973785],[110.90635886307115,1.0290121093214566],[110.90629197689327,1.0289855451468384],[110.90622509161477,1.0289589818715399],[110.90615820633622,1.0289324185962982],[110.90609142358039,1.0289106307211],[110.90602464262321,1.0288888437451646],[110.9059578607667,1.0288670558699664],[110.90589107980952,1.0288452679947682],[110.90582429795307,1.0288234801195699],[110.90575751609657,1.0288016922443717],[110.90569073513939,1.0287799043691166],[110.90562395328288,1.0287581155945986],[110.9055571723257,1.0287363277194004],[110.90549038956988,1.0287145398442021],[110.90542360771337,1.0286927519690039],[110.90535682675619,1.0286709640937488],[110.90529004489969,1.0286491762185506],[110.90522326304324,1.0286273883433523],[110.90515648208606,1.0286055995688344],[110.90508970022955,1.0285838116935793],[110.90502291927237,1.028562023818381],[110.90495613741587,1.0285402359431828],[110.90492507573174,1.0284762500789384],[110.90489401404756,1.028412264214694],[110.90486295326275,1.0283482783503928],[110.90483189157857,1.0282842933854681],[110.90480083079376,1.028220306621904],[110.90476976910963,1.0281563207576596],[110.90473870832477,1.0280923348934152],[110.90470764664065,1.028028349029114],[110.90467658585584,1.0279643640641893],[110.90464552417166,1.027900378199945],[110.90461446338685,1.0278363923357006],[110.90458340170267,1.0277724073707759],[110.90455234001854,1.0277084197078352],[110.90452127923373,1.0276444338435908],[110.90449021844887,1.0275804488786662],[110.90445915676474,1.0275164630144218],[110.90442809597988,1.0274524780494971],[110.90439703429576,1.0273884912858762],[110.90436597261163,1.0273245054216318],[110.90433491182677,1.0272605186580677],[110.90430385104196,1.027196533693143],[110.90427279025715,1.0271325487281615],[110.90424172767365,1.0270685619645974],[110.90421066688884,1.027004576100353],[110.90417960610398,1.0269405902361086],[110.90414854531917,1.0268766043718642],[110.90411748363505,1.0268126194068827],[110.90408642285018,1.0267486326433186],[110.90405536206538,1.0266846467790742],[110.90402430128051,1.0266206609148298],[110.90403099583386,1.026551308795888],[110.90403769038716,1.0264819575763227],[110.90404438404113,1.0264126063567574],[110.90405107859448,1.0263432542378155],[110.90405777314777,1.0262739030182502],[110.90406446770106,1.0262045508993651],[110.90407116315373,1.0261351987804233],[110.9040778568077,1.0260658475608579],[110.904084551361,1.0259964963412926],[110.90409124591434,1.0259271442223508],[110.90409794136696,1.0258577921034657],[110.90410463502093,1.0257884408839004],[110.90411132957428,1.0257190887649585],[110.90411802502689,1.0256497366460735],[110.90412471868086,1.0255803863258279],[110.90413141413353,1.0255110342068861],[110.90413810868682,1.025441682088001],[110.90414480324011,1.0253723308684357],[110.90415149779346,1.0253029787494938],[110.9041226547368,1.0252379199940833],[110.9041000601697,1.0251869518164085],[110.90409381257945,1.025172861238616],[110.90406497132142,1.0251078033824683],[110.90403612826475,1.0250427437276812],[110.90400728520808,1.0249776849722139],[110.90397844215147,1.0249126262167465],[110.90394959999412,1.0248475683606557],[110.90392075693745,1.0247825087058686],[110.90389191388078,1.0247174499504013],[110.90386307082412,1.0246523911949339],[110.90383422866677,1.0245873333387863],[110.9038053856101,1.024522273684056],[110.90377654255343,1.0244572149285887],[110.90377969737517,1.0243872872435418],[110.90378285219691,1.0243173577599123],[110.90378600701865,1.0242474300748654],[110.90378916094107,1.0241775023898754],[110.90379231576281,1.024107572906189],[110.90379546968524,1.024037645221199],[110.90379862360766,1.0239677166368892],[110.90380177932872,1.0238977880525226],[110.90380493415046,1.0238278603675326],[110.90380808807288,1.023757931783166],[110.90381124289462,1.0236880031988562],[110.90381439681704,1.0236180746144896],[110.90381682768452,1.0235641899354846],[110.90381755163878,1.0235481469294996],[110.9038207055612,1.0234782192444527],[110.90382386128221,1.0234082897608232],[110.90382701520463,1.0233383620757763],[110.90383016912705,1.0232684343907863],[110.90383332394879,1.0231985049071],[110.90383647877053,1.0231285772221099],[110.90383963359227,1.0230586486378002],[110.90384278931333,1.0229887200534336],[110.90384594413507,1.0229187923684435],[110.90384909895681,1.0228488637840769],[110.90385225377855,1.0227789351997671],[110.90385540860029,1.0227090066154005],[110.90384300335199,1.0226398640385241],[110.90383059630506,1.022570720562328],[110.90381819015744,1.0225015779855084],[110.90380578311044,1.022432435408632],[110.90379337696282,1.0223632919324359],[110.90378096991589,1.0222941493555595],[110.90376856376827,1.0222250058793634],[110.90375615672133,1.0221558624031672],[110.90374375057371,1.0220867189269711],[110.90373134532541,1.0220175763500947],[110.90371893917774,1.0219484328738986],[110.90370653303012,1.021879290297079],[110.9036941268825,1.0218101468208829],[110.90368172073488,1.0217410042440065],[110.90366931458726,1.0216718607678104],[110.90365141268262,1.0216029897861745],[110.90363350987866,1.0215341188045954],[110.90361560797402,1.0214652478229596],[110.90359770517,1.0213963768413805],[110.90357980326536,1.0213275058597446],[110.90356189956208,1.0212586339788459],[110.90354399765744,1.02118976299721],[110.9035260957528,1.0211208929149507],[110.90350819294883,1.0210520210339951],[110.90349029104414,1.0209831500523592],[110.90347238913949,1.0209142790707801],[110.90345448723485,1.0208454080891443],[110.90343658533021,1.0207765371075652],[110.90341868342557,1.0207076661259293],[110.90340078062161,1.0206387951443503],[110.90338287871697,1.0205699241627144],[110.90336497681227,1.0205010522817588],[110.90334707490763,1.0204321813001798],[110.90332917300299,1.0203633103185439],[110.90331127109835,1.0202944393369648],[110.9032933691937,1.020225568355329],[110.90327546728906,1.0201566973737499],[110.90322821600944,1.0201035069713384],[110.90318096472981,1.020050316568927],[110.90313371434951,1.0199971270658352],[110.90308646306988,1.0199439366633669],[110.90303921179026,1.0198907471602752],[110.90299196140995,1.0198375576571834],[110.90294471013033,1.0197843681540917],[110.9028974588507,1.0197311777516802],[110.90285020757108,1.0196779882485885],[110.90280295719077,1.019624797846177],[110.90275570591115,1.0195716083430852],[110.90270845463152,1.0195184179406738],[110.90266120425122,1.019465228437582],[110.90261395297159,1.0194120380351706],[110.90256670169197,1.0193588476327591],[110.90251945131166,1.0193056590289871],[110.90247219913272,1.0192524686265756],[110.90242494785315,1.0191992791234838],[110.90237769657352,1.0191460887210724],[110.90233044619322,1.0190928992179806],[110.90228319491359,1.0190397088155692],[110.90223594363397,1.0189865193124774],[110.90218869325366,1.0189333289100659],[110.90214144197404,1.0188801394069742],[110.90209419069441,1.0188269490045627],[110.90204694031411,1.0187737586021512],[110.90199968903448,1.0187205699983792],[110.90195243775486,1.0186673795959678],[110.90190518737455,1.0186141900928192],[110.90185793609493,1.0185609996904077],[110.9018106848153,1.018507810187316],[110.901763434435,1.0184546197849045],[110.9017323178922,1.0183889126182635],[110.90170120224877,1.0183232072502619],[110.90167008480665,1.0182574991843012],[110.90163896916317,1.0181917929169799],[110.90160785262037,1.0181260866496018],[110.90157673607757,1.0180603803822805],[110.90154561863545,1.0179946732156395],[110.90151450299197,1.0179289660489985],[110.90148338734849,1.0178632588823575],[110.90145227080569,1.0177975526150362],[110.90142115426295,1.0177318463476581],[110.90139003772015,1.0176661391810171],[110.90135892207667,1.0176004320143761],[110.90132780643319,1.0175347248477351],[110.90129668899107,1.0174690176810941],[110.90126557334759,1.0174033123130357],[110.90123445680479,1.0173376051463947],[110.90120334116131,1.0172718979797537],[110.90117222371919,1.0172061908131127],[110.90114110807576,1.0171404836464717],[110.90110999243228,1.0170747773790936],[110.90107887499016,1.0170090702124526],[110.90104775934668,1.0169433630458116],[110.90101664280388,1.0168776558791706],[110.9009855271604,1.0168119487125296],[110.9009544106176,1.016746243344528],[110.9009232940748,1.0166805352785104],[110.90089217843138,1.0166148281118694],[110.90086106188858,1.0165491218445482],[110.9008299462451,1.0164834146779071],[110.9007988297023,1.0164177084105859],[110.90076771405882,1.016352001243888],[110.90073682864181,1.0162863498352408],[110.90070594412407,1.0162207002251762],[110.90067505780775,1.0161550488164721],[110.90064417329,1.0160893992064643],[110.90061328697368,1.0160237477977603],[110.90058240155662,1.0159580981877525],[110.90055151613961,1.0158924467790484],[110.90052063072261,1.0158267971689838],[110.90048974620487,1.0157611457603366],[110.90045885988854,1.0156954952509523],[110.9004279753708,1.0156298447415679],[110.90039708905448,1.0155641942322404],[110.90036620363747,1.0154985437228561],[110.90033531911973,1.0154328932134717],[110.90030443370273,1.0153672427041442],[110.90027354828567,1.0153015921947599],[110.90024266286866,1.0152359407861127],[110.90021177835098,1.0151702911760481],[110.9001808920346,1.015104639767344],[110.90015000661759,1.0150389901573362],[110.90011912120053,1.0149733387486322],[110.90008823578353,1.0149076891385675],[110.90005735036647,1.0148420377299203],[110.90002646494946,1.0147763881198557],[110.89999558043178,1.0147107367111516],[110.8999418657246,1.0146618819403557],[110.89988815281606,1.0146130271695029],[110.8998344390082,1.0145641723987069],[110.89978072609966,1.0145153167285343],[110.89972701229186,1.0144664619576815],[110.89967329938332,1.0144176071868856],[110.89961958467615,1.0143687506173933],[110.89956587086829,1.0143198958465405],[110.8995121579598,1.0142710410757445],[110.89945844415195,1.0142221863048917],[110.89940473124341,1.014173330634776],[110.89935101743555,1.0141244758639232],[110.89929730362775,1.0140756210930704],[110.89924358981989,1.0140267663222744],[110.89918987601203,1.0139779106521019],[110.89913616310349,1.013929055881249],[110.89908244929563,1.0138802011104531],[110.89902873638715,1.0138313463396003],[110.89897502167997,1.0137824906694846],[110.89892130877143,1.0137336358986317],[110.89886759496358,1.0136847811277789],[110.89881388115577,1.0136359245583435],[110.89876016824724,1.0135870697874907],[110.89870645443938,1.0135382150166379],[110.89865274063152,1.0134893602458419],[110.89859902682372,1.0134405045756694],[110.89854531391518,1.0133916498048166],[110.89849160010732,1.0133427950340206],[110.89845415503527,1.0132839110237342],[110.89841670996327,1.013225026114128],[110.89837926489122,1.0131661421038416],[110.89834181981917,1.0131072580935552],[110.89830437474717,1.013048373183949],[110.89826692967512,1.0129894891736626],[110.89822948460312,1.0129306051633193],[110.89819204043039,1.0128717202537132],[110.89815459535833,1.0128128362434268],[110.89811715028634,1.0127539522331404],[110.89807970521429,1.0126950682228539],[110.89804225924291,1.0126361833132478],[110.89800481417092,1.0125772993029614],[110.89796736909886,1.0125184152926749],[110.89792992402681,1.0124595303830688],[110.89789247895482,1.0124006463727824],[110.89785503388276,1.012341762362496],[110.89781758881071,1.0122828765535701],[110.89778014373871,1.0122239934426034],[110.89774269866666,1.012165109432317],[110.89770525359467,1.0121062254220305],[110.89766780942193,1.0120473396131047],[110.89761967500806,1.0119940961506586],[110.89757153969487,1.0119408508896299],[110.89752340618031,1.0118876074271839],[110.89747527086712,1.0118343630654749],[110.89742713735257,1.0117811187037091],[110.89737900203937,1.0117278734426804],[110.8973308676255,1.0116746290809147],[110.89728273411095,1.0116213847191489],[110.89723459969707,1.0115681412567596],[110.8971864652832,1.0115148959956741],[110.89713833086932,1.0114616516339652],[110.89709019735477,1.0114084072721994],[110.89704206384022,1.0113551629104904],[110.89699392942634,1.0113019167500852],[110.89694579501247,1.011248673287696],[110.8968976605986,1.0111954280266104],[110.89684952708404,1.0111421836649015],[110.89680139177085,1.0110889393031357],[110.8967532582563,1.0110356949414268],[110.89670512384248,1.0109824496803412],[110.89665699032793,1.010929206217952],[110.89660885501473,1.0108759609568665],[110.89656072060086,1.0108227165951575],[110.89649366175314,1.0107957027595376],[110.89642660200616,1.0107686880245979],[110.89635954315844,1.0107416741889779],[110.89629248341146,1.0107146603533579],[110.89622542366442,1.0106876456184182],[110.89615836391744,1.0106606308834785],[110.89609130506972,1.0106336170478585],[110.89602424532274,1.0106066032122385],[110.8959571855757,1.0105795893766185],[110.89589012582871,1.0105525737423591],[110.895823066981,1.0105255599067391],[110.89575600723401,1.0104985460711191],[110.89568894838629,1.0104715322354991],[110.89562188773999,1.0104445166011828],[110.89555482889227,1.0104175027655629],[110.89548776914529,1.0103904889299429],[110.89542071029763,1.0103634750943229],[110.89535364965127,1.0103364603593832],[110.89528659080361,1.0103094456244435],[110.89521953105657,1.0102824317888235],[110.89515247220891,1.0102554179532035],[110.89508541156255,1.0102284032182638],[110.89501835271489,1.0102013893826438],[110.89495129296785,1.0101743746477041],[110.89488423412018,1.0101473608120841],[110.89481717437315,1.0101203460771444],[110.89475011462616,1.0100933322415244],[110.89469865541867,1.01004257990121],[110.89464719621122,1.0099918275608388],[110.89459573610441,1.0099410761197873],[110.89454427599759,1.009890323779473],[110.89449281589083,1.0098395723384215],[110.89444135668333,1.0097888199981071],[110.89438989657651,1.0097380676577359],[110.89433843736907,1.0096873162167412],[110.89428697816157,1.00963656387637],[110.89423551805476,1.0095858124353185],[110.894184057948,1.0095350600950042],[110.89413259784118,1.0094843077546329],[110.89408113863368,1.0094335563136383],[110.89402967942624,1.0093828039732671],[110.89397821931942,1.0093320516329527],[110.8939267592126,1.0092813001919012],[110.89387530000516,1.00923054785153],[110.89382383989835,1.0091797964105353],[110.8937545030679,1.0091644836540468],[110.8936851662375,1.0091491726961976],[110.89361582940705,1.0091338608390288],[110.89354649167728,1.0091185498812365],[110.89347715484689,1.0091032380240677],[110.89340781801644,1.0090879270662185],[110.89333848118599,1.0090726152090497],[110.89326914525492,1.0090573042512574],[110.89319980842447,1.0090419923940885],[110.8931304706947,1.0090266814362394],[110.89306113386431,1.0090113686797508],[110.89299179703386,1.0089960577219586],[110.89292246020341,1.0089807458647897],[110.89285312337302,1.0089654349069406],[110.89278378564325,1.0089501230497717],[110.8927144488128,1.0089348111926029],[110.8926451119824,1.0089194993354909],[110.89257577515195,1.0089041865790023],[110.8925064383215,1.0088888747218334],[110.89243710059179,1.0088735628646646],[110.89236776376134,1.0088582510075526],[110.89229842693089,1.0088429391503837],[110.8922290901005,1.0088276272932148],[110.89215975416937,1.0088123163353657],[110.89209041733898,1.0087970035788771],[110.89206517786573,1.0087914313795068],[110.89202107960921,1.0087816926210849],[110.89195174277876,1.008766380763916],[110.89188240594831,1.0087510689067472],[110.8918290266883,1.0087392805933746],[110.89181306911792,1.0087357570495783],[110.89174373228747,1.0087204451924663],[110.8916743945577,1.0087051333352974],[110.89165670309444,1.0086412212154414],[110.89163900983249,1.0085773081962657],[110.89162131657054,1.0085133960764097],[110.89160362420796,1.0084494830572339],[110.89158593094601,1.0083855709373779],[110.89156823768406,1.0083216579182022],[110.89155054532148,1.008257745798403],[110.89153285205953,1.0081938327792273],[110.89151515879757,1.0081299206593712],[110.891497466435,1.0080660076401955],[110.89148356381548,1.0079956482805983],[110.89146966119597,1.0079252880216814],[110.89145575767714,1.0078549268634447],[110.89144185595694,1.0077845666045278],[110.89142795423675,1.0077142072449305],[110.89142524817674,1.0077005123687854],[110.89141405161723,1.0076438469860136],[110.89140014989704,1.0075734867270967],[110.8913862481769,1.00750312556886],[110.89137234555739,1.0074327662092628],[110.89135844383719,1.0073624059503459],[110.891344542117,1.0072920456914289],[110.8913306403968,1.007221685432512],[110.89131673777729,1.0071513251735382],[110.89130283605709,1.0070809649146213],[110.8912889343369,1.0070106046557044],[110.89127503171738,1.0069402452961072],[110.89126112999719,1.0068698841378705],[110.89124722827705,1.0067995238789536],[110.89123332565754,1.0067291636200366],[110.89125102611405,1.0066596478245629],[110.89126872477192,1.006590132928352],[110.89128642432905,1.0065206171328214],[110.89130412298692,1.0064511022366105],[110.89132182344343,1.0063815864411367],[110.8913395221013,1.0063120706456061],[110.89135722075918,1.0062425548500755],[110.89137492031637,1.0061730399538646],[110.89139261897424,1.006103524158334],[110.89141031763211,1.00603400926218],[110.8914280171893,1.0059644925673297],[110.89140070477879,1.0058981711637216],[110.89137339416686,1.0058318488607938],[110.89134608265567,1.0057655283565055],[110.89131877114443,1.0056992060535777],[110.89129145873392,1.0056328837506499],[110.89126414812199,1.0055665623470418],[110.8912368366108,1.0055002409434337],[110.89120952509955,1.0054339186405059],[110.89118221268905,1.0053675972368978],[110.89118033130728,1.0052952881470674],[110.89117844812694,1.0052229790572937],[110.89117656584591,1.0051506699675201],[110.89117468266551,1.0050783608776896],[110.89117280038448,1.0050060508885963],[110.89117091720414,1.0049337417987658],[110.89116903402379,1.0048614327089922],[110.89116715084339,1.0047891236192186],[110.89116526766304,1.0047168154287647],[110.89115176883911,1.0046455981159284],[110.89113827091455,1.0045743817024118],[110.89112477209062,1.0045031652888952],[110.89111127416601,1.0044319488753786],[110.89109777534213,1.0043607315625422],[110.89108427741752,1.0042895160484022],[110.89107077769432,1.0042182987355659],[110.89105727976971,1.004147083221369],[110.89104378094578,1.0040758659085327],[110.8910302821219,1.0040046503943358],[110.89101678329797,1.0039334330814995],[110.89100328537336,1.0038622166680398],[110.89098978565016,1.0037910002545232],[110.89097628772555,1.0037197838410066],[110.89096278890167,1.00364856742749],[110.89095739207005,1.0035779499624482],[110.89095199613774,1.0035073342961027],[110.8909466002055,1.0034367168310609],[110.89094120337387,1.0033661002653389],[110.89093580564298,1.003295482800354],[110.89093040971068,1.0032248671339516],[110.89092501377843,1.0031542496689099],[110.8909196169468,1.0030836331032447],[110.89091422101455,1.0030130174368423],[110.89090882418293,1.0029423999718574],[110.89090342825068,1.0028717834061354],[110.89089803141906,1.0028011659410936],[110.89089263458749,1.0027305502747481],[110.89088723775586,1.0026599328097063],[110.89088184092429,1.0025893162439843],[110.89087644409267,1.0025186996783191],[110.8908710472611,1.002448083112597],[110.89086565042948,1.0023774656475553],[110.89086025269859,1.0023068490818901],[110.89085485586696,1.0022362334154877],[110.89084945903539,1.002165615950446],[110.89086388595962,1.0020953869925506],[110.89087831378322,1.0020251571353356],[110.8908927407075,1.0019549281774403],[110.89090716763172,1.0018846992195449],[110.89092159635464,1.0018144693623299],[110.89093602327893,1.0017442404044345],[110.89095045110247,1.0016740096478998],[110.89096487802675,1.0016037806899476],[110.89097930495103,1.0015335517320523],[110.89099373277463,1.0014633218748372],[110.89100815969886,1.0013930929169419],[110.89102258662314,1.0013228639590466],[110.89103701534606,1.0012526341018315],[110.89105144227028,1.0011824051439362],[110.89106586919456,1.0011121752867211],[110.89108029611884,1.0010419463288258],[110.89109472304307,1.0009717173709305],[110.89110914996735,1.0009014866143389],[110.89112357689163,1.0008312576564435],[110.891129285788,1.0007591158405944],[110.89113499558363,1.0006869740246884],[110.89114070627863,1.0006148313094627],[110.891146415175,1.000542688594237],[110.89115212497063,1.000470546778331],[110.891157833867,1.0003984049624819],[110.89116354276337,1.0003262631465759],[110.891169252559,1.0002541204313502],[110.891174963254,1.0001819777161245],[110.89118067215037,1.0001098359002754],[110.89118638194606,1.0000376940843694],[110.89119209084237,0.9999655522684634],[110.89119779973873,0.99989340955323769],[110.89120351043374,0.99982126683806882],[110.89120922022937,0.99974912502216284],[110.89121492912574,0.99967698320625686],[110.89122063892142,0.99960484139035088],[110.89122634781774,0.99953269867512518],[110.89123205761342,0.99946055595995631],[110.89123776740911,0.99938841414405033],[110.89124347630548,0.99931627232814435],[110.89124918520179,0.99924412961291864],[110.89125489409815,0.99917198779706951],[110.89126060299452,0.9990998450818438],[110.89126631189083,0.99902770326593782],[110.8912720207872,0.99895556055071211],[110.89129130225189,0.9988884432470968],[110.89131058191788,0.9988213259434815],[110.89132986158393,0.99875420774054646],[110.89134914214924,0.99868709133625089],[110.89136842271461,0.99861997313331585],[110.89138770327992,0.99855285582970055],[110.89140698294597,0.99848573762676551],[110.89142626261201,0.99841862122241309],[110.89144554407665,0.99835150301947806],[110.89146482374269,0.99828438571586275],[110.89148410520733,0.99821726841224745],[110.89150338487337,0.99815015110863214],[110.89152266543874,0.99808303290569711],[110.89154194510473,0.9980159156020818],[110.8915612256701,0.9979487982984665],[110.89158050623541,0.99788168099485119],[110.89159978680078,0.99781456279185932],[110.89161906736615,0.99774744638756374],[110.89163834703214,0.99768032818462871],[110.89165762669819,0.9976132108810134],[110.89167690816282,0.99754609267807837],[110.89169618782887,0.99747897627378279],[110.89171546839424,0.99741185807084776],[110.89173474806023,0.99734474076723245],[110.89175402772628,0.99727762256429742],[110.8917597168375,0.99720684591926556],[110.89176540504945,0.99713607017355343],[110.89177109326141,0.99706529262920185],[110.89177551432857,0.99701028739491449],[110.89177678237269,0.99699451598416999],[110.89178247058459,0.99692373933913814],[110.89178815879654,0.99685296269410628],[110.8917938470085,0.99678218604907443],[110.89179953611978,0.99671140940404257],[110.89180522433168,0.99664063275906756],[110.89181091164431,0.9965698561140357],[110.89181659985627,0.99649907856968412],[110.89182228806823,0.99642830282397199],[110.89182797628013,0.99635752617894013],[110.89183366359276,0.99628674863458855],[110.89183935180472,0.99621597198955669],[110.89184504001662,0.99614519624384457],[110.89185072822858,0.99607441869949298],[110.89185641644053,0.99600364205446112],[110.89186210375317,0.99593286630880584],[110.89186779196507,0.99586208876445426],[110.89187348017703,0.9957913121194224],[110.89187916838898,0.99572053637371027],[110.89188485570156,0.99564975882935869],[110.89189054391352,0.99557898218432683],[110.89189623212548,0.99550820463997525],[110.89190192033743,0.99543742889426312],[110.89190760765001,0.99536665224923127],[110.89189441459564,0.99529543673509124],[110.89188122064189,0.99522422212021411],[110.89186802758746,0.99515300660601724],[110.89185483363372,0.99508179199114011],[110.89184164057929,0.99501057827563955],[110.8918284466256,0.99493936276144268],[110.89181525357117,0.99486814814656555],[110.89180205961742,0.99479693263236868],[110.89178886656299,0.99472571801754839],[110.89177567260924,0.99465450340267125],[110.89176247955487,0.99458328788847439],[110.89174928560112,0.99451207327359725],[110.89173609344601,0.99444085775940039],[110.89172290039158,0.99436964404389983],[110.89170970733716,0.99429842942902269],[110.89169651428278,0.99422721391482582],[110.89168332122836,0.99415599929994869],[110.89167012817393,0.99408478378580867],[110.8916569351195,0.99401356917093153],[110.89164374206513,0.99394235365673467],[110.8916305490107,0.99387113904185753],[110.89161735595627,0.99379992442703724],[110.89160416290184,0.99372870891284037],[110.89159096984741,0.99365749519728297],[110.89157777679304,0.9935862796830861],[110.89156458373861,0.99351506506826581],[110.89155139068419,0.99344384955406895],[110.89153819762976,0.99337263493919181],[110.89154219691494,0.99330016756874784],[110.89154619620007,0.99322770109756675],[110.89155019458588,0.99315523372712278],[110.891554193871,0.99308276725594169],[110.89155819315613,0.99301029988549772],[110.89156219244131,0.99293783341431663],[110.89156619082712,0.99286536604387265],[110.89157019011225,0.99279289867337184],[110.89157418939737,0.99272043220224759],[110.89157818778318,0.99264796573106651],[110.89158218706837,0.99257549925994226],[110.89158618635349,0.99250303188944144],[110.8915901847393,0.9924305654183172],[110.89159418402443,0.99235809804781638],[110.89159818330955,0.99228563067737241],[110.89160218169536,0.99221316420619132],[110.89160618098055,0.99214069683574735],[110.89161018026567,0.99206823036456626],[110.89161417865148,0.99199576299412229],[110.89161817793661,0.99192329562362147],[110.89161038531108,0.99185199377456001],[110.89160259088692,0.99178069192544172],[110.89159479826139,0.99170939007632342],[110.89158700383723,0.99163808822726196],[110.89157921121171,0.99156678637814366],[110.89157141678754,0.99149548362970563],[110.89156362416196,0.99142418178058733],[110.8915558297378,0.99135287993152588],[110.89154803621295,0.99128157718308785],[110.89154024268811,0.99121027533396955],[110.89153244916326,0.99113897258558836],[110.89152465563842,0.99106767073647006],[110.89151686211358,0.99099636888735176],[110.89150906768936,0.99092506703823346],[110.89150127416451,0.99085376518917201],[110.89149347974035,0.99078246334005371],[110.8914856862155,0.99071116059161568],[110.89145378276595,0.99065000039723827],[110.89142187931634,0.99058883840422141],[110.89138997586673,0.99052767731052427],[110.89135807241718,0.99046651621677029],[110.89132616896757,0.99040535512307315],[110.89129426461869,0.99034419313005628],[110.8912623620684,0.99028303203635915],[110.89123045861885,0.99022187184198174],[110.89119855516924,0.99016070984890803],[110.89116665171969,0.99009954875521089],[110.89113474827008,0.99003838676219402],[110.89110284482047,0.98997722566849689],[110.89107094227023,0.9899160645747429],[110.8910390379213,0.98985490258172604],[110.89100713537107,0.98979374238734863],[110.89094975862452,0.98975499689561275],[110.89089238187796,0.98971625140393371],[110.89083500603078,0.98967750591219783],[110.89077762928423,0.98963876042051879],[110.890720253437,0.98960001492878291],[110.89066287579112,0.98956126943710387],[110.89060549994394,0.98952252394536799],[110.89054812319739,0.98948377755431238],[110.89049074735016,0.98944503296195307],[110.89043336970428,0.98940628657089746],[110.89037599385711,0.98936754197853816],[110.89031861621123,0.98932879558748255],[110.89034785586892,0.98926625493373876],[110.89037709642594,0.98920371517937156],[110.89040633698295,0.98914117362630805],[110.89043557664058,0.98907863297256426],[110.8904648171976,0.98901609231887733],[110.89049405685529,0.98895355166513355],[110.89052329831162,0.98889101101138976],[110.89055253796931,0.98882847035764598],[110.89058177762701,0.98876592970395905],[110.89061101818402,0.98870338905021526],[110.89064025874103,0.98864084839647148],[110.89066949929804,0.98857830684340797],[110.89069873895568,0.98851576708904076],[110.89072797861337,0.98845322643529698],[110.89075721917038,0.98839068488223347],[110.89078645882807,0.98832814422854653],[110.89081569938509,0.98826560357480275],[110.89084493904278,0.98820306292105897],[110.89082145504619,0.988134582245209],[110.89079797015029,0.98806609977071957],[110.89077448525433,0.98799761909486961],[110.89075100125774,0.98792913841907648],[110.89072751636184,0.98786065594458705],[110.89070403236525,0.98779217526873708],[110.89068054657002,0.98772369279424765],[110.89065706167412,0.98765521211839769],[110.89063357767753,0.98758673144254772],[110.89061009278163,0.98751824896805829],[110.89058660788572,0.98744976829220832],[110.89056312388914,0.98738128671703862],[110.89053963899323,0.98731280514186892],[110.89051615499659,0.98724432356669922],[110.89049267010068,0.98717584199158637],[110.8904691861041,0.9871073613157364],[110.89044570120819,0.9870388797405667],[110.89042221631229,0.986970398165397],[110.8903987323157,0.9869019165902273],[110.89037524831912,0.98683343591437733],[110.89035176342321,0.98676495433920763],[110.89032827762799,0.98669647276403794],[110.89030479273208,0.98662799118886824],[110.8902813087355,0.98655950961369854],[110.89025782473885,0.98649102893790541],[110.89023433984295,0.98642254736273571],[110.89021085494704,0.98635406578756601],[110.89018932877457,0.98628496008291222],[110.89016780440073,0.98621585527752131],[110.89014627912752,0.98614674867354779],[110.89012475385437,0.98607764386821373],[110.89011650167527,0.98605115343804073],[110.89010322768189,0.98600853816355993],[110.890081703308,0.98593943155958641],[110.89006017803484,0.98587032675425235],[110.89003865186237,0.98580122104954171],[110.89001712658916,0.98573211624420765],[110.88999560221532,0.98566300964023412],[110.88997407604285,0.98559390393558033],[110.88995255076964,0.98552479913024627],[110.8899310263958,0.98545569342553563],[110.88990950112264,0.98538658772088183],[110.88988797495017,0.98531748201622804],[110.88986644967696,0.98524837631157425],[110.88984492530312,0.98517927060692045],[110.88982339913065,0.98511016490220982],[110.88980187385744,0.98504106009687575],[110.88978034858428,0.98497195439222196],[110.88978858457557,0.98490280372146799],[110.88979681966754,0.98483365484935348],[110.88980505565883,0.98476450507791924],[110.88981329075085,0.98469535620574788],[110.88982152674214,0.98462620643431364],[110.88982976183411,0.9845570566628794],[110.88983799692608,0.98448790689144516],[110.88984623201804,0.98441875801933065],[110.88985446800933,0.98434960824789641],[110.8898627031013,0.98428045937572506],[110.88987093819333,0.98421130870497109],[110.88987917328529,0.98414215983285658],[110.88988740837726,0.98407301006142234],[110.88989564256991,0.98400386118930783],[110.88990387766188,0.98393471141787359],[110.88991211275385,0.9838655616463825],[110.88992034784582,0.98379641187494826],[110.88992858293784,0.98372726300283375],[110.88993681802981,0.98365811323139951],[110.88994505312178,0.983588964359285],[110.88995328821375,0.98351981368847419],[110.88996152330571,0.98345066481635968],[110.88996975839768,0.98338151504492544],[110.88991931632347,0.98332980582591745],[110.88986887514852,0.98327809840554892],[110.88981843397363,0.98322638918654093],[110.88976799279868,0.9831746817661724],[110.88971755162379,0.98312297344654098],[110.88966711044884,0.98307126422753299],[110.88961667017327,0.98301955590784473],[110.889566228099,0.98296784668883674],[110.88951578692411,0.98291613926846821],[110.88946534574916,0.98286443004946022],[110.88941490457427,0.98281272083045224],[110.88936446429864,0.98276101341008371],[110.88931402222443,0.98270930419107572],[110.88926358104948,0.98265759497206773],[110.88921313987458,0.98260588665237947],[110.88916269869964,0.98255417833269121],[110.88911225662542,0.98250246911368322],[110.88906181455116,0.98245075989467523],[110.88900387303039,0.9824102481344994],[110.88894593061025,0.98236973637426672],[110.88888798819016,0.98232922281545143],[110.88883004577008,0.98228871105521876],[110.88877210334994,0.98224819839566635],[110.88871416092985,0.98220768573617079],[110.88865621940909,0.98216717397593811],[110.88859827608962,0.98212666221576228],[110.88854033366954,0.98208614955620988],[110.88848239214872,0.9820456377959772],[110.88842444882931,0.98200512513648164],[110.88836650730855,0.98196461337624896],[110.8883085648884,0.98192410071669656],[110.888250621569,0.981883588057201],[110.88819268004823,0.98184307629696832],[110.88813473762809,0.98180256363747276],[110.88807679520801,0.98176205097792035],[110.88801885278787,0.98172153921768768],[110.8879609112671,0.98168102655819212],[110.8879029679477,0.98164051479795944],[110.88784502642687,0.98160000303778361],[110.88779898203745,0.98154455983359412],[110.88775293764803,0.98148911662946148],[110.88770689415787,0.98143367342532883],[110.88766084976845,0.98137823022119619],[110.88761480717767,0.98132278701706355],[110.88756876278825,0.9812673438129309],[110.88752271929809,0.98121189970947853],[110.88747667490867,0.98115645740460877],[110.88743063141857,0.98110101420047613],[110.88738458702915,0.98104557099634349],[110.88733854263967,0.98099012779221084],[110.88729249914957,0.98093468368875847],[110.88724645476015,0.98087924138394555],[110.88720041216936,0.98082379817981291],[110.88715436777989,0.98076835497562342],[110.88710832428978,0.98071291087217105],[110.88706227990036,0.98065746766803841],[110.88701623641026,0.98060202536322549],[110.88701329742582,0.98053534063353709],[110.88701035664269,0.98046865590379184],[110.88700741675893,0.98040197207342317],[110.8870044777745,0.98033528824299765],[110.88700153789074,0.98026860261398951],[110.8869985989063,0.980201918783564],[110.88699565992181,0.98013523495319532],[110.88699272003805,0.98006855022345007],[110.88698978015429,0.9800018663930814],[110.88698684027054,0.97993518166333615],[110.88698390038678,0.97986849693364775],[110.88698095960365,0.97980181310322223],[110.88693561398748,0.97974529880656291],[110.88689026837125,0.97968878630848621],[110.8868449218557,0.97963227201177006],[110.88679957623953,0.97957575861443047],[110.88675422972398,0.97951924521703404],[110.88670888320843,0.97946273092031788],[110.88666353669294,0.97940621842229802],[110.88661819107671,0.97934970412558187],[110.88657284456121,0.97929318982892255],[110.88652749804567,0.97923667643152612],[110.88648215242944,0.97918016303412969],[110.88643680591395,0.97912364873747038],[110.88639146029772,0.97906713534007395],[110.88634611378217,0.97901062104335779],[110.886300768166,0.9789541076460182],[110.88625542075113,0.97889759424862177],[110.8862100751349,0.97884107995190561],[110.88616472861941,0.9787845656552463],[110.88611938210386,0.97872805225784987],[110.88607403558831,0.97867153886045344],[110.88602868997214,0.97861502456379412],[110.88598334255727,0.97855851116639769],[110.8859379969411,0.97850199686968153],[110.88589265132487,0.97844548437166168],[110.88584730480932,0.97838897007494552],[110.88580195919315,0.9783324557782862],[110.8857566126776,0.97827594238088977],[110.88571126616205,0.97821942808417361],[110.88566591964656,0.9781629137875143],[110.88562057313101,0.97810640039011787],[110.88555115536161,0.97809233319469513],[110.88548173759216,0.97807826689853528],[110.88541231982276,0.97806420060243227],[110.88534290295269,0.97805013520564898],[110.88527348518323,0.9780360680101694],[110.88520406831316,0.97802200171406639],[110.88513464964444,0.97800793541790654],[110.88506523277431,0.97799386912180353],[110.88499581500491,0.97797980192638079],[110.88492639813484,0.97796573563022093],[110.88485698036538,0.97795167023343765],[110.88478756169667,0.97793760303801491],[110.88471814482659,0.97792353674185506],[110.8846487270572,0.97790947044575205],[110.88457931018706,0.97789540414964904],[110.88450989241767,0.97788133695416946],[110.88444047464827,0.97786727065806645],[110.88437105687882,0.97785320526128316],[110.88430164000874,0.97783913896512331],[110.88423222223935,0.97782507176970057],[110.88416280357058,0.97781100457427783],[110.8840933867005,0.97779693917743771],[110.8840239689311,0.9777828728813347],[110.88395455206097,0.97776880658523169],[110.88388513429157,0.97775474028907183],[110.8838157174215,0.97774067399296882],[110.88374629875273,0.97772660769680897],[110.88367688188265,0.97771254230002569],[110.88360746411325,0.97769847600392268],[110.88353804724312,0.97768440970776282],[110.88346862857441,0.97767034431097954],[110.88340089433586,0.97765220318666479],[110.88333316009732,0.97763406296166977],[110.88326542495946,0.97761592183735502],[110.88319769072092,0.97759778161236],[110.88312995558306,0.97757964138736497],[110.88306222224384,0.97756150026305022],[110.88299448710598,0.97754335913873547],[110.88292675286743,0.97752521891379729],[110.88285901772957,0.97750707778948254],[110.88279128259165,0.97748893666516778],[110.88272354925243,0.97747079733949249],[110.88265581411457,0.97745265621517774],[110.88258807987603,0.97743451509086299],[110.88252034473817,0.97741637396654824],[110.88245261139895,0.97739823374155321],[110.88238487626109,0.97738009261723846],[110.88231646483302,0.97735710594571401],[110.88224805430434,0.97733412017356613],[110.88217964287628,0.97731113440136141],[110.88211123234754,0.97728814683057408],[110.88204282091954,0.97726516015904963],[110.8819744103908,0.97724217438690175],[110.88190599896274,0.97721918681605757],[110.881837588434,0.97719620014458997],[110.88176917700599,0.97717321437238525],[110.88170076557793,0.97715022680159791],[110.88163235504919,0.97712724102939319],[110.88156394362119,0.97710425435792558],[110.88149553309245,0.9770812667870814],[110.88142712166439,0.97705828011555695],[110.88135871023633,0.97703529344408935],[110.88129029880832,0.97701230587324517],[110.88122188827958,0.97698931920177756],[110.88115347685152,0.97696633163093338],[110.88108506632284,0.97694334495946578],[110.88101665489478,0.97692035828794133],[110.88094824436604,0.97689737071715399],[110.88087983293798,0.97687438404562954],[110.88081142240929,0.97685139737416193],[110.88074301098123,0.97682840980331775],[110.88067459955317,0.9768054231317933],[110.88060618902449,0.97678243556100597],[110.88053777759643,0.97675944888948152],[110.88046936706769,0.97673646221801391],[110.88040095563963,0.97671347464716973],[110.8803391839063,0.97667889481516568],[110.8802774112736,0.97664431408389873],[110.88021563774157,0.97660973425189468],[110.88015386600819,0.97657515441989062],[110.88009209337548,0.97654057278924711],[110.88003032074278,0.97650599295724305],[110.87996854811007,0.97647141222591927],[110.87990677637669,0.97643683239397205],[110.87984500284466,0.97640225166264827],[110.87978323111128,0.97636767183064421],[110.87972145757925,0.97633309109932043],[110.87965968494655,0.97629851126731637],[110.87959791321316,0.97626393143531232],[110.87953613968114,0.97622934980472564],[110.87947436794781,0.97619476997272159],[110.8794125953151,0.97616019014071753],[110.8793508226824,0.97612561030871348],[110.87928905004969,0.97609102867806996],[110.87922727831631,0.9760564488460659],[110.87916550478428,0.97602186811474212],[110.8791037330509,0.97598728828279491],[110.87904196041819,0.97595270755147112],[110.87897121075281,0.97594049925470472],[110.87890046288612,0.97592829095788147],[110.87882971412006,0.97591608266111507],[110.87875896535405,0.97590387436434867],[110.87868821658799,0.97589166606758226],[110.87861746782193,0.97587945687149613],[110.87854671995524,0.97586724857472973],[110.87847597118918,0.97585504117728306],[110.87840522242311,0.97584283198114008],[110.87833447365711,0.97583062368437368],[110.87826372489104,0.97581841538760727],[110.87819297612504,0.97580620709084087],[110.87812222825829,0.97579399879407447],[110.87805147859291,0.97578178959793149],[110.8779807298269,0.97576958130116509],[110.87790998196016,0.97575737300439869],[110.87783923319409,0.97574516380831255],[110.87776848532741,0.97573295641086588],[110.87769773566203,0.97572074811409948],[110.87762698689596,0.97570853981733308],[110.87755623902927,0.97569633241982956],[110.87748549026321,0.97568412412306316],[110.87742837881672,0.97564226877574356],[110.87737126826948,0.97560041522700658],[110.87731415682293,0.97555855987968698],[110.8772570462757,0.97551670633100684],[110.87719993482921,0.9754748509836304],[110.87714282428198,0.97543299743495027],[110.87708571283542,0.97539114208757383],[110.87702860228825,0.97534928763957396],[110.87697148994238,0.97530743319151725],[110.87691437939515,0.97526557784419765],[110.87685726794859,0.97522372429546067],[110.87680015740142,0.97518186894814107],[110.87674304595487,0.97514001539946094],[110.87668593540764,0.97509816005208449],[110.87662882396114,0.97505630560408463],[110.87657171341391,0.97501445115602792],[110.8765248290577,0.97496094059499683],[110.87647794560075,0.97490743183254835],[110.87643106304319,0.974853922170837],[110.8763841795863,0.97480041340838852],[110.87633729612935,0.97474690284735743],[110.87629041267246,0.97469339408490896],[110.87624353011489,0.9746398844231976],[110.876196646658,0.97458637386210967],[110.87614976320106,0.97453286420039831],[110.87610288064349,0.97447935543794983],[110.87605599808592,0.9744258448768619],[110.87600911372965,0.97437233521515054],[110.87596223027276,0.97431882465406261],[110.87591534771519,0.97426531589167098],[110.8758684642583,0.97421180622990278],[110.87582157990204,0.97415829566887169],[110.87577469734447,0.97410478600710348],[110.87572781388758,0.97405127634539213],[110.87568093043063,0.97399776578430419],[110.87563404697374,0.97394425612259283],[110.87560224514755,0.97388074869763841],[110.87557044332135,0.97381724127274083],[110.87553864059583,0.97375373384778641],[110.87550683966896,0.97369022732220856],[110.87547503784276,0.9736267189979344],[110.87544323601657,0.97356321157297998],[110.87541143419037,0.97349970504740213],[110.87537963236423,0.97343619672312798],[110.87534782963871,0.97337269019755013],[110.87531602781252,0.97330918187327597],[110.87528422598632,0.97324567534769812],[110.87525242416012,0.9731821679227437],[110.87522062233393,0.97311865959852639],[110.87518881960841,0.9730551530728917],[110.87519679659493,0.97298492591363583],[110.8752047726822,0.97291469875437997],[110.87521274966872,0.97284447159512411],[110.87522072575592,0.97277424533518797],[110.8752287027425,0.97270401727661238],[110.87523667882971,0.97263379011735651],[110.87524465581629,0.97256356295810065],[110.87525263190349,0.97249333579884478],[110.87526060889007,0.97242310863958892],[110.87526858497728,0.97235288237965278],[110.8752765619638,0.97228265522039692],[110.87528453805106,0.97221242806114105],[110.87529251413827,0.97214220090188519],[110.87530049112485,0.9720719728433096],[110.87530846811137,0.97200174568405373],[110.87531644419857,0.9719315194241176],[110.87532442118516,0.97186129226486173],[110.87533239817168,0.97179106510560587],[110.87531421657792,0.97172178942906839],[110.87529603678274,0.97165251375253092],[110.87527785698757,0.97158323807605029],[110.87525967629307,0.97151396239951282],[110.87524149559863,0.97144468582365562],[110.87522331580345,0.97137541104643788],[110.87520513510896,0.9713061353699004],[110.87518695531378,0.9712368587940432],[110.87516877372002,0.97116758311750573],[110.87515059392484,0.97109830834028799],[110.87513241412967,0.97102903176443078],[110.87511423433449,0.97095975608789331],[110.87509605364005,0.97089048131073241],[110.87507787384487,0.97082120473487521],[110.8750596940497,0.97075192905833774],[110.87504151425452,0.97068265338180026],[110.87502333356008,0.97061337770526279],[110.8750051537649,0.97054410202872532],[110.87498697396973,0.97047482635218785],[110.87496879417455,0.97040554977633064],[110.87495061437943,0.9703362749991129],[110.87493243368493,0.97026699932263227],[110.87486176495855,0.97026125535268193],[110.87479109623217,0.97025551228210816],[110.87472042840511,0.97024976921153439],[110.87464975877941,0.97024402524164088],[110.87457909005303,0.97023828217101027],[110.87450842132665,0.97023253820111677],[110.87443775170095,0.97022679423122327],[110.87436708387389,0.97022105116064949],[110.87429641514751,0.97021530809001888],[110.87422574642113,0.97020956412012538],[110.87415507679543,0.97020382015023188],[110.87408440806905,0.97019807618033838],[110.87401374024199,0.97019233221038803],[110.87394307061629,0.97018658824049453],[110.87387240188991,0.97018084427060103],[110.87380173316353,0.97017510030070753],[110.87373106443715,0.97016935633075718],[110.87366039571077,0.97016361236086368],[110.87358972698439,0.97015786839097018],[110.87351905825801,0.97015212442107668],[110.87344838863231,0.9701463795518066],[110.87337771990593,0.9701406355819131],[110.87330705207887,0.9701348916120196],[110.87323638335249,0.9701291476421261],[110.87316571372679,0.97012340367217575],[110.87311126607216,0.97007590777695896],[110.87305681661883,0.97002841098242243],[110.87300236896419,0.96998091508720563],[110.87294792041024,0.9699334182926691],[110.87289347185629,0.9698859223974523],[110.87283902330233,0.96983842470359605],[110.87278457384906,0.96979092880837925],[110.87273012619443,0.96974343291316245],[110.87267567674115,0.96969593611862592],[110.87262122908652,0.96964844022340912],[110.87256677963325,0.96960094342881575],[110.87251233197861,0.96955344663427923],[110.87245788432398,0.96950595073906243],[110.87240343397139,0.9694584539445259],[110.87234898631675,0.9694109580493091],[110.87229453686342,0.96936346125477257],[110.87224008920879,0.96931596535955578],[110.87218563975551,0.96926846766569952],[110.87213119210088,0.96922097177048272],[110.87207674264761,0.96917347497594619],[110.87202229499297,0.96912597908072939],[110.87196784643902,0.96907848228619287],[110.87191339788507,0.96903098639097607],[110.87185894933111,0.96898348959643954],[110.87180449987784,0.96893599280184617],[110.87175005132389,0.96888849690662937],[110.87170684159753,0.96883369941576802],[110.87166363277049,0.96877890192484983],[110.87162042394345,0.96872410443393164],[110.87157721511642,0.96866930694301345],[110.87153400628944,0.96861450855277553],[110.87149079566376,0.96855971106185734],[110.87144758683672,0.96850491357093915],[110.87140437711037,0.96845011608002096],[110.87136116828333,0.96839531858910277],[110.87131795855703,0.96834052109824142],[110.87127474972999,0.9682857227080035],[110.87123154090295,0.96823092521708531],[110.8711883311766,0.96817612682684739],[110.87114512055092,0.9681213293359292],[110.87111292931831,0.96805756020830813],[110.87108073718633,0.96799379197994995],[110.87104854505435,0.96793002285232888],[110.87101635292242,0.96786625462402753],[110.87098415989112,0.96780248639566935],[110.87095196775914,0.96773871816736801],[110.87091977562721,0.96767494903969009],[110.87088758439455,0.96761117991206902],[110.87085539226263,0.96754741168376768],[110.87082320013064,0.96748364255608976],[110.87079100799866,0.96741987522710815],[110.87075881586674,0.96735610609948708],[110.87072662373475,0.96729233697180916],[110.87069443160277,0.96722856874350782],[110.87066224037017,0.96716479961582991],[110.87063004823818,0.96710103228684829],[110.87059785610626,0.96703726315922722],[110.87056566397428,0.96697349493086904],[110.87053347184229,0.96690972580324797],[110.87050127971037,0.96684595667562689],[110.87046908757839,0.96678218934658844],[110.87043689634572,0.96671842021896737],[110.8704047042138,0.96665465199066603],[110.87037251208181,0.96659088286298811],[110.87034031994989,0.96652711373536704],[110.87030812781791,0.96646334640638543],[110.87027593568592,0.96639957727870751],[110.870243743554,0.96633580905040617],[110.87021155232134,0.96627203992272825],[110.87017936018935,0.96620827169442691],[110.87014716805743,0.96614450256680584],[110.8700909586309,0.96610320210112377],[110.87003475010368,0.96606190163549854],[110.86997853977783,0.96602060116987332],[110.86992233125062,0.96597930070419125],[110.86986612182415,0.96593800023856602],[110.86980991329693,0.96589669887362106],[110.8697537038704,0.96585539930725872],[110.86969749534319,0.96581409794231377],[110.86964128501734,0.96577279657736881],[110.86958507559081,0.96573149701100647],[110.86952886706365,0.96569019564606151],[110.86947265763712,0.96564889607975601],[110.86941644910991,0.96560759471475421],[110.86936023878405,0.96556629424912899],[110.86934293133129,0.96555357693608812],[110.86930403025684,0.96552499378350376],[110.86924782083031,0.96548369331782169],[110.86918063787618,0.96548208802801128],[110.86911345492206,0.96548048273814402],[110.86904627196793,0.96547887834759649],[110.86897908901381,0.96547727305772924],[110.86891190605968,0.96547566776791882],[110.86884472310555,0.96547406337737129],[110.86877754015143,0.96547245808750404],[110.8687103571973,0.96547085279769362],[110.86864317424318,0.9654692484071461],[110.86857475202322,0.96548704239313565],[110.86850632980332,0.96550483637912521],[110.86843790758343,0.96552263036517161],[110.86836948626285,0.96554042435116116],[110.86830106314363,0.96555821833715072],[110.86823264092368,0.96557601232314028],[110.86816421870378,0.96559380630918668],[110.86809579738321,0.96561160029517623],[110.86802737516331,0.96562939428116579],[110.86795895294341,0.96564718826715534],[110.86789053072346,0.96566498225320174],[110.86782210940288,0.9656827762391913],[110.86775368628366,0.96570057022518085],[110.86768526406377,0.96571836421117041],[110.86761684184381,0.96573615819721681],[110.86754841962392,0.9657539530825261],[110.86747999830334,0.96577174706851565],[110.8674105067895,0.96576076724568338],[110.86734101617503,0.96574978742279427],[110.86727152466119,0.96573880670064227],[110.86720203404667,0.96572782687775316],[110.86713254343221,0.96571684705492089],[110.86706305191836,0.96570586723203178],[110.8669935613039,0.96569488740919951],[110.86692406979006,0.96568390668699067],[110.86685457917554,0.9656729268641584],[110.86678508766175,0.96566194704126929],[110.86671559704723,0.96565096721843702],[110.86664610643271,0.96563998739554791],[110.86657661491893,0.96562900667333906],[110.86650712430441,0.96561802685050679],[110.86643763279056,0.96560704702761768],[110.86637651036773,0.96557232780071445],[110.86631538704552,0.96553761037245067],[110.86625426372336,0.96550289114554744],[110.86619314130047,0.9654681719186442],[110.86613201887764,0.9654334535910607],[110.86607089555542,0.96539873526347719],[110.86600977313259,0.96536401603657396],[110.86594864891106,0.96532929680967072],[110.86588752468958,0.96529457758271064],[110.86582640316601,0.96525986015444687],[110.86576527984386,0.96522514092754363],[110.86570415742096,0.9651904217006404],[110.86564303409881,0.96515570337305689],[110.86558190987728,0.96512098414615366],[110.86551244983974,0.965127216447911],[110.8654429898022,0.96513344785040545],[110.86537353066399,0.96513967925284305],[110.86530407062639,0.96514591065528066],[110.86523461058886,0.96515214205777511],[110.86516515055132,0.96515837435953244],[110.8650956914131,0.96516460486265032],[110.86502623137557,0.9651708371644645],[110.86495677223729,0.96517706766758238],[110.86488731219976,0.96518329996933971],[110.86481785216222,0.96518953137183416],[110.86474839212468,0.96519576277427177],[110.86467893208709,0.96520199417670938],[110.86460947204955,0.96520822557920383],[110.86454001291133,0.96521445698164143],[110.8644705528738,0.96522068928345561],[110.8644010928362,0.96522691978657349],[110.86433163279867,0.96523315208833083],[110.86426217276113,0.96523938259150555],[110.86419271272359,0.96524561489326288],[110.86412325358532,0.96525184629570049],[110.8640537944471,0.96525807679887521],[110.86398433440957,0.96526430910063254],[110.86391195067603,0.9652710369288684],[110.86383956874118,0.96527776475710425],[110.86381414940354,0.9652801281754364],[110.86376718590697,0.9652844925853401],[110.86369480307275,0.96529122131283884],[110.86362242023858,0.9652979491410747],[110.86355003830369,0.96530467696931055],[110.86347765457015,0.9653114047975464],[110.86340527173599,0.96531813262578225],[110.86333288980109,0.96532486135333784],[110.86326050696687,0.96533158918151685],[110.86318812413271,0.9653383170097527],[110.86311574129849,0.96534504483798855],[110.86304335936359,0.96535177266622441],[110.86297097563011,0.96535850139377999],[110.86289859279589,0.96536522922201584],[110.86282620996167,0.96537195705025169],[110.86275382802683,0.9653786848784307],[110.86268144519261,0.96538541360598629],[110.86266147844452,0.96531571614741551],[110.8626415098978,0.96524601778952501],[110.86262154314977,0.96517632033095424],[110.86260157460305,0.96510662197306374],[110.86258160785496,0.96503692361517324],[110.86256164020762,0.96496722615660246],[110.86254167256021,0.96489752869803169],[110.86252170491281,0.96482783034014119],[110.86250173816472,0.96475813288157042],[110.8624817714167,0.96468843542299965],[110.86246180286997,0.96461873706510914],[110.86244183612189,0.96454903870721864],[110.86242186757516,0.96447934124864787],[110.86240190082714,0.96440964289075737],[110.86238193317973,0.9643399454321866],[110.86236196643165,0.96427024707429609],[110.8623419987843,0.96420054871640559],[110.8623220311369,0.96413085125783482],[110.86230206438881,0.96406115289994432],[110.86228209584209,0.96399145544137355],[110.86226212909406,0.96392175708348304],[110.86224216144666,0.96385205872559254],[110.86222219379925,0.96378236126702177],[110.8622040149034,0.96371890690210193],[110.86220222615185,0.96371266200981154],[110.86218225940382,0.96364296365192104],[110.8621622908571,0.96357326619335026],[110.86214232410902,0.96350356783545976],[110.86212235556229,0.96343387037688899],[110.86210238881426,0.96336417201899849],[110.86208242116686,0.96329447366105114],[110.86206245441878,0.96322477620248037],[110.86204248677143,0.96315507784458987],[110.86202252002334,0.9630853803860191],[110.86200255327526,0.96301568202812859],[110.86198258562791,0.96294598367023809],[110.86196261887983,0.96287628621166732],[110.86194265213175,0.96280658785377682],[110.86192268538366,0.96273689039520605],[110.86190271683699,0.96266719113799581],[110.86188275008891,0.96259749278010531],[110.86186278334083,0.96252779532153454],[110.86184281569348,0.96245809696364404],[110.86182284894539,0.96238839860575354],[110.86180288219731,0.96231870114718276],[110.86178291544923,0.96224900278929226],[110.86176294780188,0.96217930533072149],[110.86176513944969,0.96210669496804258],[110.86176732929886,0.96203408460536366],[110.86176952004735,0.96196147514200447],[110.86177170989657,0.96188886477932556],[110.86177389974574,0.9618162562152861],[110.86177609139355,0.96174364585260719],[110.86177828124272,0.961671036389248],[110.86178047199127,0.96159842602656909],[110.86178266184044,0.96152581566389017],[110.86178485258893,0.96145320620053099],[110.86178704333742,0.96138059583785207],[110.86178923408596,0.96130798637449288],[110.86179142483445,0.96123537601181397],[110.86179361558294,0.96116276744783136],[110.86179580723081,0.96109015708515244],[110.86179799797929,0.96101754672247353],[110.86180018872778,0.96094493725911434],[110.86180238037559,0.96087232689643542],[110.86180457112414,0.96079971743307624],[110.86180676187263,0.96072710707039732],[110.86180895262112,0.96065449670771841],[110.86181114426893,0.96058188724435922],[110.86181333501747,0.96050927778100004],[110.86181552576596,0.96043666831764085],[110.86181771741377,0.96036405795496194],[110.86181990816232,0.96029144759228302],[110.86182209891081,0.96021883812892384],[110.8618242896593,0.96014622776624492],[110.86182648130711,0.96007361830288573],[110.86182867205565,0.96000100794020682],[110.86183086280414,0.9599283975775279],[110.86183305355263,0.95985578901348845],[110.86183524520044,0.95978317865080953],[110.86183743594898,0.95971056918745035],[110.86183962669747,0.95963795882477143],[110.86184181834528,0.95956534936141225],[110.86182342810878,0.95949559344694535],[110.86180503877159,0.95942583663310188],[110.86178664943441,0.95935608071857814],[110.86176826009716,0.95928632480411125],[110.86174986986066,0.95921656888958751],[110.86173148142279,0.95914681297506377],[110.86171309118629,0.95907705706059687],[110.86169470184905,0.95900730114607313],[110.86167631161254,0.95893754523154939],[110.86165792317468,0.9588677893170825],[110.86163953293817,0.95879803340255876],[110.86162114360098,0.95872827658871529],[110.86160275426374,0.95865852067424839],[110.86158436402724,0.95858876475972465],[110.86156597469005,0.95851900884525776],[110.86154758535287,0.95844925293073402],[110.86152919601562,0.95837949701621028],[110.86151080577912,0.95830974110174338],[110.86149241734125,0.95823998518721965],[110.86147402710475,0.95817022927269591],[110.86145563776751,0.95810047335822901],[110.86143724843032,0.95803071744370527],[110.86141885909313,0.9579609606298618],[110.86140046885663,0.95789120471539491],[110.86138208041876,0.95782144880087117],[110.8613636901822,0.95775169288634743],[110.86134530084502,0.95768193697188053],[110.86132691060851,0.95761218105735679],[110.86130852127133,0.95754242514283305],[110.86129013193408,0.95747266922836616],[110.86127174169758,0.95740291331384242],[110.86125335236039,0.95733315739931868],[110.86123496212389,0.95726340058553205],[110.86121657188733,0.95719364467100831],[110.86119818165082,0.95712388875648458],[110.86117979231364,0.95705413284201768],[110.86116140207713,0.95698437692749394],[110.86114301184057,0.9569146210129702],[110.86112462160406,0.95684486509850331],[110.86110623226688,0.95677510918397957],[110.86108784203037,0.95670535326951267],[110.86106945179381,0.95663559735498893],[110.8610510615573,0.95656584144046519],[110.86101345280866,0.95650421809523323],[110.86097584406002,0.95644259564932099],[110.86093823531138,0.95638097320340876],[110.86090062566342,0.95631935075749652],[110.86086301601546,0.95625772831158429],[110.86082540726682,0.95619610496629548],[110.86078779941749,0.95613448341970297],[110.86075018976948,0.95607286097379074],[110.86071258012151,0.95601123672923904],[110.86067497137287,0.95594961428332681],[110.86063736262423,0.9558879927367343],[110.86059975297627,0.95582636939150234],[110.86056214422763,0.95576474604621353],[110.86052453457967,0.9557031236003013],[110.86048692583103,0.95564150205370879],[110.86044931618306,0.9555798778091571],[110.86041170743442,0.95551825626256459],[110.86037409778646,0.95545663291733263],[110.86033648903782,0.95539501137074012],[110.86029888028918,0.95533338892482789],[110.86026126974184,0.95527176557953908],[110.8602236609932,0.95521014313362684],[110.86018605224456,0.95514852068771461],[110.8601484425966,0.95508689824180237],[110.86011083384795,0.95502527489657041],[110.86007322509931,0.95496365155133844],[110.86003561635067,0.95490203000474594],[110.85999800670271,0.95484040665951397],[110.85996039705475,0.9547787842135449],[110.85992278830611,0.95471716176763266],[110.85988517865815,0.95465553932172043],[110.8598475699095,0.95459391597648846],[110.85980996116086,0.95453229442989596],[110.85977235241222,0.95447067108466399],[110.8597347427642,0.95440904773943203],[110.85969713401556,0.95434742619283952],[110.85965952526692,0.95428580284755071],[110.85962191561896,0.95422418040163848],[110.85958430687032,0.95416255795572624],[110.85954669722236,0.95410093461049428],[110.85950908757439,0.95403931216458204],[110.85947147882575,0.95397768971866981],[110.85943387007711,0.95391606727275757],[110.85939626132847,0.95385444392746876],[110.85935865078119,0.9537928205822368],[110.85932104203255,0.95373119813632456],[110.85928343328391,0.9536695747910926],[110.85924582363589,0.9536079532445001],[110.85920821488725,0.95354632989926813],[110.85925527820859,0.95349295423648073],[110.8593023424292,0.95343957677511071],[110.85934940485123,0.95338620111232331],[110.85939646907184,0.95333282365095329],[110.85944353239319,0.95327944708884615],[110.85949059481516,0.9532260714261156],[110.85953765903582,0.95317269396468873],[110.85958472235711,0.95311931830195817],[110.8596317856784,0.95306594084053131],[110.85967884899975,0.95301256607712048],[110.85972591322036,0.95295918861569362],[110.85977297564239,0.95290581295296306],[110.859820039863,0.95285243639085593],[110.85986710318434,0.95279905982880564],[110.85991416740495,0.95274568326669851],[110.85996122982698,0.95269230670464822],[110.86000829404759,0.95263893014254108],[110.86005535736894,0.9525855535804908],[110.86010242069023,0.95253217701838366],[110.86014948401152,0.95247880225497283],[110.86019654823218,0.95242542479354597],[110.86024361155347,0.95237204823149568],[110.86029067487482,0.95231867166938855],[110.86033773909543,0.95226529510733826],[110.86038480241677,0.95221191944455086],[110.86043186573806,0.95215854198318084],[110.86047892905941,0.95210516721971317],[110.86052599328002,0.95205178975834315],[110.86057305570205,0.95199841409555575],[110.86062011992266,0.95194503663418573],[110.86066718324395,0.95189166097139832],[110.86071424656529,0.95183828440934803],[110.86076130988658,0.9517849078472409],[110.86080837410725,0.95173153128519061],[110.86085543742854,0.95167815472308348],[110.86090250074989,0.95162477816103319],[110.86094956407118,0.95157140159892606],[110.86099662829184,0.9515180259361955],[110.86104369071381,0.95146465027346494],[110.86109075493448,0.95141127281203808],[110.86113781915509,0.95135789714930752],[110.86118488337576,0.95130452058720039],[110.86111894957992,0.95127626478785032],[110.86105301578414,0.95124800808912369],[110.86098708288762,0.95121975228977362],[110.86092114999116,0.95119149559110383],[110.86085521619532,0.95116323979175377],[110.86078928419818,0.95113498399234686],[110.86077252083521,0.95112780020787113],[110.86072335040234,0.9511067281929968],[110.86065741570724,0.95107847059500727],[110.86059148281072,0.95105021479560037],[110.86052554991426,0.95102195899625031],[110.8604596170178,0.95099370319690024],[110.86039368412128,0.95096544739755018],[110.86032774942618,0.95093718979950381],[110.86026181563034,0.95090893400015375],[110.86019588273388,0.95088067820080369],[110.86012994893804,0.95085242240139678],[110.86006401604158,0.95082416570272699],[110.85999808224574,0.95079590900405719],[110.85993214934928,0.95076765320470713],[110.85986621555344,0.95073939740530022],[110.85980028175766,0.95071114070663043],[110.8597343488612,0.95068288490728037],[110.85966841596468,0.95065462910787346],[110.8596024821689,0.95062637240920367],[110.85953654927238,0.95059811571053388],[110.85947061457728,0.95056985991112697],[110.85940468168076,0.95054160411177691],[110.8593387487843,0.95051334831242684],[110.85927281498846,0.95048509071443732],[110.859206882092,0.95045683491503041],[110.85914094919553,0.95042857911568035],[110.8590750153997,0.95040032241701056],[110.85900908160392,0.95037206571828392],[110.8589431487074,0.95034380991893386],[110.85887721491162,0.95031555411958379],[110.8588112820151,0.95028729832023373],[110.85874534821932,0.95025904072218736],[110.8586794153228,0.9502307849228373],[110.85861348242634,0.95020252912348724],[110.85854754773118,0.95017427332408033],[110.85848161483472,0.95014601662541054],[110.8584106700165,0.95015306281362655],[110.85833972609754,0.9501601090018994],[110.85826878127932,0.95016715519011541],[110.85819783736036,0.95017420137833142],[110.85812689164277,0.9501812466672277],[110.85805594772387,0.95018829285550055],[110.85798500290559,0.95019533904371656],[110.85791405898669,0.95020238523193257],[110.85784311416842,0.95020943142014858],[110.85777217024952,0.9502164767091017],[110.85770122543124,0.95022352289731771],[110.85763028061302,0.95023056908553372],[110.85755933579475,0.95023761617306945],[110.85748839187585,0.95024466236134231],[110.85741744705757,0.95025170944887805],[110.85734650223935,0.95025875563709405],[110.8572755583204,0.95026580182536691],[110.85720461260286,0.95027284891290265],[110.8571336686839,0.95027989510111865],[110.85706272386568,0.95028694218865439],[110.85699177994672,0.95029398837692725],[110.85692083512851,0.95030103366582352],[110.85684989120955,0.95030807985403953],[110.85677894639133,0.95031512694157527],[110.85670800157305,0.95032217312984812],[110.85663705675483,0.95032922021738386],[110.85656611283588,0.95033626640559987],[110.85649516801766,0.95034331259387272],[110.8564242240987,0.95035035878208873],[110.85635327928048,0.95035740586962447],[110.8562826600168,0.95036781462300723],[110.8562120398538,0.95037822427565288],[110.85614142059018,0.95038863302903565],[110.8560708013265,0.95039904178241841],[110.85600018206281,0.95040945143506406],[110.85592956189981,0.95041986018844682],[110.85585894263613,0.95043026894182958],[110.85578832427183,0.9504406776951555],[110.85571770410883,0.95045108734785799],[110.85564708484515,0.95046149610118391],[110.85557646468214,0.95047190485456667],[110.85550584631784,0.95048231360794944],[110.85543522705416,0.95049272326059508],[110.85536460689116,0.95050313201397785],[110.85529398762748,0.95051354076736061],[110.8552233683638,0.95052395042000626],[110.85515274910017,0.95053435917338902],[110.85508212893717,0.95054476882609151],[110.85501150967349,0.95055517757941743],[110.85496133199996,0.95060713411197639],[110.85491115342705,0.9506590906445922],[110.85486097485415,0.95071104717715116],[110.8548107962813,0.95076300370971012],[110.85476061770839,0.95081496024226908],[110.85471043913554,0.95086691677482804],[110.85466026056264,0.950918873307387],[110.85461008288905,0.95097082894062623],[110.8545599043162,0.95102278637256177],[110.8545097257433,0.951074742005801],[110.85445954717045,0.95112669943767969],[110.85440936859754,0.95117865507091892],[110.85435919092396,0.95123061070415815],[110.85430901235111,0.95128256813603684],[110.8542588337782,0.95133452376927607],[110.85420865520535,0.95138648120121161],[110.85415847663245,0.95143843683445084],[110.85410829805954,0.95149039426632953],[110.85405812038601,0.95154234989956876],[110.85400794181311,0.95159430643212772],[110.85395776324026,0.95164626296468668],[110.85390758466735,0.95169821859798276],[110.85385740609445,0.95175017602986145],[110.85385543657918,0.95175221479291849],[110.85380722842092,0.95180213166310068],[110.85375704984801,0.95185408819565964],[110.85370687127516,0.9519060447282186],[110.85365669270226,0.95195800126077756],[110.85360651412941,0.95200995779339337],[110.8535563355565,0.95206191432595233],[110.8535061569836,0.95211387085851129],[110.85345597931007,0.95216582739107025],[110.85340580073716,0.95221778302430948],[110.85335562216432,0.95226973955686844],[110.85330544359141,0.95232169608942741],[110.8532552650185,0.95237365262204321],[110.85320508734497,0.95242560915460217],[110.85314031007732,0.95245709082212215],[110.85307553280967,0.95248857338901871],[110.8530107546427,0.95252005595585842],[110.85294597827436,0.95255153762343525],[110.85288120100671,0.95258302019027496],[110.852816423739,0.95261450185779495],[110.85275164737067,0.95264598442469151],[110.85268687010301,0.95267746609221149],[110.85262209193604,0.95270894865910805],[110.85255731466839,0.95274043122594776],[110.85249253830006,0.95277191289352459],[110.8524277610324,0.95280339456104457],[110.85236298376475,0.95283487712794113],[110.85229820739642,0.95286635879546111],[110.85223342922944,0.9528978422616774],[110.85216865196179,0.95292932392919738],[110.85210387469414,0.95296080559677421],[110.8520390983258,0.95299228816361392],[110.85197432105815,0.9530237698311339],[110.8519095437905,0.95305525239803046],[110.85184476562347,0.95308673496487017],[110.85177998925514,0.953118216632447],[110.85171521198748,0.95314969919928672],[110.85165043471983,0.95318118086686354],[110.8515856583515,0.95321266343370326],[110.85152088108384,0.95324414510128008],[110.85145610291687,0.9532756276681198],[110.85139132564922,0.95330711023501635],[110.85132654928088,0.95333859190253634],[110.85129035336718,0.95335618444039483],[110.85126177201323,0.95337007536875262],[110.85119699474558,0.95340155703627261],[110.85113221837724,0.95343303870379259],[110.85106744021027,0.95346452217000888],[110.85100266294262,0.95349600383752886],[110.85093788567497,0.95352748640442542],[110.85087440792762,0.95356173708455572],[110.85081093018033,0.95359598776468601],[110.85074745243304,0.95363023934413604],[110.85068397378643,0.95366449002426634],[110.85062049603914,0.9536987407043398],[110.85055701829179,0.95373299228378983],[110.85049353964519,0.95376724296392013],[110.85043006099858,0.95380149544268988],[110.85036658325129,0.95383574612282018],[110.85030310460468,0.95386999680295048],[110.85023962685733,0.95390424838240051],[110.85017614911004,0.95393849906253081],[110.85011267136275,0.95397274974266111],[110.85004919271614,0.95400700132211114],[110.84998571496885,0.95404125200224144],[110.84992223722151,0.95407550268237173],[110.8498587585749,0.95410975426182176],[110.84979528082761,0.95414400494189522],[110.84973180308032,0.95417825562202552],[110.84966832533303,0.95421250720147555],[110.84960484668636,0.95424675788160584],[110.84954136803975,0.9542810103603756],[110.84947789029246,0.9543152610405059],[110.84941441164585,0.9543495117206362],[110.84935093389856,0.95438376330008623],[110.84928745615122,0.95441801398021653],[110.84922397840393,0.95445226466034683],[110.84916049975732,0.95448651713911659],[110.84909702201003,0.95452076781924688],[110.84902497192496,0.95452058975348564],[110.84895292273927,0.95452041258704412],[110.84888087265421,0.95452023631992233],[110.84880882256914,0.95452005825416109],[110.84873677338345,0.954519880188343],[110.8486647241977,0.95451970302190148],[110.84859267411269,0.95451952585545996],[110.84852062402763,0.95451934778969871],[110.84844857484194,0.9545191706232572],[110.84837652475687,0.95451899255749595],[110.84830447467181,0.95451881629037416],[110.8482324245868,0.95451863822461291],[110.84816037630037,0.9545184610581714],[110.84808832621536,0.95451828299241015],[110.84801627613029,0.9545181049266489],[110.84794422694461,0.95451792776020739],[110.84787217685954,0.95451775059376587],[110.84780012677447,0.95451757342732435],[110.84772807668946,0.95451739626088283],[110.84765602840304,0.95451721909444132],[110.84758397831803,0.9545170419279998],[110.84751192823296,0.95451686476155828],[110.84743987904722,0.95451668759511676],[110.84736782896221,0.95451651132799498],[110.84729577887714,0.95451633416155346],[110.84722372879213,0.95451615699511194],[110.84715167960638,0.95451597982867042],[110.84707963042069,0.95451580266222891],[110.84702075360497,0.9544760939965613],[110.84696187768856,0.95443638443163081],[110.84690300177215,0.95439667486670032],[110.84684412495648,0.95435696530176983],[110.84678524904007,0.9543172557367825],[110.84672637312366,0.95427754617185201],[110.84666749720731,0.95423783660692152],[110.8466086212909,0.95419812704199103],[110.84654974537449,0.95415841837638027],[110.8464908676595,0.95411870791207321],[110.84643199174309,0.95407899924646244],[110.84637311582668,0.95403928968153195],[110.84631423991033,0.95399958011660146],[110.84625536399392,0.95395987055161413],[110.84619648807751,0.95392016188600337],[110.84613761126184,0.95388045232107288],[110.84607873534543,0.95384074185682266],[110.84601985942902,0.95380103319115506],[110.84596098261329,0.95376132272690484],[110.84590210669694,0.95372161406129408],[110.84584323078053,0.95368190539568332],[110.8457843539648,0.95364219493137625],[110.84572547804845,0.95360248626576549],[110.84566660213204,0.95356277580151527],[110.84560772621563,0.95352306713590451],[110.84554885029928,0.95348335667159745],[110.84548997438287,0.95344364800598669],[110.84543109666782,0.9534039384410562],[110.84537222075147,0.95336422887612571],[110.84531334483506,0.95332451931113837],[110.84525446891865,0.95328480974620788],[110.84518646128623,0.95326328537237259],[110.84511845185511,0.95324175919989784],[110.84505044422269,0.95322023302736625],[110.84498243569089,0.95319870775421123],[110.84491442805847,0.95317718338037594],[110.84484641862736,0.95315565720784434],[110.84477841099493,0.95313413103536959],[110.84471040336251,0.95311260576221457],[110.84464239483071,0.95309107958968298],[110.84457438629897,0.95306955431652796],[110.84450637776717,0.95304802904337294],[110.84443837013475,0.95302650377016107],[110.84437036070364,0.95300497759768632],[110.84430235307121,0.9529834523245313],[110.84423434543874,0.95296192705131944],[110.84416633690699,0.95294040177816441],[110.8440983283752,0.95291887560568966],[110.84403031984345,0.9528973503324778],[110.84396231221098,0.95287582416000305],[110.84389430277992,0.9528542979875283],[110.84385057324545,0.9528404574212459],[110.84382629514744,0.95283277271431643],[110.8437582866157,0.95281124834048114],[110.84369027898327,0.95278972306732612],[110.84362226955216,0.95276819689479453],[110.84355426191973,0.95274667072231978],[110.84348625428726,0.95272514634848449],[110.84341824575552,0.95270362017595289],[110.84335023722372,0.95268209400347814],[110.84328222869198,0.95266056873032312],[110.8432142210595,0.95263904435648783],[110.84314621162844,0.95261751818395624],[110.84314331221412,0.95261659997618153],[110.84307820399596,0.95259599201148148],[110.84301019636354,0.95257446673826962],[110.84294218783174,0.95255294236443433],[110.8428741793,0.95253141619195958],[110.8428061707682,0.95250989001948483],[110.84273522055406,0.95252103711624159],[110.84266427213851,0.95253218421299835],[110.84259332192431,0.9525433313097551],[110.84252237260949,0.95255447840651186],[110.84245142329462,0.95256562460394889],[110.84238047397974,0.95257677080138592],[110.84230952376555,0.95258791789814268],[110.842254380935,0.95259658106738243],[110.84223857355141,0.95259906409557971],[110.84216762513586,0.95261021119233646],[110.84209667492166,0.95262135828909322],[110.84202572560679,0.95263250358721052],[110.84195477629197,0.95264365068396728],[110.84188382607778,0.95265479778072404],[110.8418128767629,0.95266594397816107],[110.84174192744803,0.95267709107491783],[110.84167097813321,0.95268823727235485],[110.84160002791901,0.95269938436916846],[110.84152907860414,0.95271052966728575],[110.84145812928932,0.95272167676404251],[110.84138717907513,0.95273282386079927],[110.84131622976025,0.9527439700582363],[110.84124528044538,0.95275511715499306],[110.84117433113056,0.95276626335243009],[110.84110338091637,0.95277741044918685],[110.84103243070217,0.95278855664662387],[110.84096148228662,0.9527997028440609],[110.84089053207248,0.95281084994081766],[110.8408195827576,0.95282199613825469],[110.84074863344273,0.95283314323501145],[110.84067768412785,0.95284428943244848],[110.84060673391372,0.95285543562988551],[110.84056007258931,0.95280282888751344],[110.84051341216428,0.95275022214508454],[110.84046675083994,0.95269761540265563],[110.84042009041491,0.95264500776096384],[110.84037342909056,0.95259240101853493],[110.84032676776616,0.95253979427610602],[110.84028010734113,0.95248718663441423],[110.84023344601678,0.95243458079130505],[110.84018678469243,0.95238197404893299],[110.84014709041594,0.95233722108594066],[110.84014012426741,0.95232936730650408],[110.840093462943,0.95227675966475545],[110.84004680161866,0.95222415292238338],[110.84000014119363,0.95217154617995448],[110.83995347986928,0.95211893943752557],[110.8399068194442,0.95206633179583378],[110.83985245092992,0.952019808067746],[110.83979808331497,0.95197328433965822],[110.83974371390133,0.95192675971225071],[110.83968934628638,0.95188023688348267],[110.83963497777205,0.95183371315539489],[110.8395806101571,0.95178718942730711],[110.83952624074345,0.9517406647998996],[110.8394718731285,0.95169414107181183],[110.83940178896142,0.9516752544095084],[110.83933170569372,0.95165636774720497],[110.83926162242602,0.95163748108495838],[110.83919153915826,0.95161859532197468],[110.83912145499124,0.95159970776035152],[110.83905137172349,0.95158082199736782],[110.83898128755646,0.95156193533512123],[110.83891120518803,0.95154304777349807],[110.83884112102101,0.95152416111119464],[110.83877103775325,0.95150527534821094],[110.83870095358623,0.95148638778658778],[110.83863087121779,0.95146750202366093],[110.83856078705077,0.9514486153613575],[110.83849070378301,0.95142972869905407],[110.83842061961599,0.95141084203675064],[110.83835053724755,0.95139195537450405],[110.83828045308053,0.95137306781288089],[110.83821036981277,0.95135418204989719],[110.83814028564575,0.95133529538759376],[110.83807020327731,0.95131640872534717],[110.83800011911029,0.95129752206304374],[110.83792812478322,0.95130416985159627],[110.83785613135547,0.9513108176401488],[110.83778413612902,0.9513174663280779],[110.83771214180194,0.95132411411663043],[110.83764014837419,0.95133076190518295],[110.83756815404712,0.95133740969373548],[110.83749615972005,0.95134405838166458],[110.83742416539297,0.95135070617021711],[110.8373521710659,0.95135735395876964],[110.83728017673883,0.95136400174732216],[110.83720818331108,0.95137065043519442],[110.837136188984,0.95137729822380379],[110.83706419375761,0.95138394601235632],[110.83699220032986,0.95139059380090885],[110.83692020600279,0.95139724158946137],[110.83684821167571,0.95140389027739047],[110.83677621824796,0.951410538065943],[110.83670422302151,0.95141718585449553],[110.83663222869444,0.95142383364304806],[110.83656023526669,0.95143048233092031],[110.83648824093962,0.95143713011952968],[110.83641624661254,0.95144377790808221],[110.83634425228547,0.95145042569663474],[110.8362722579584,0.951457074384507],[110.83620026363133,0.95146372217305952],[110.83612827020357,0.95147036996166889],[110.8360562758765,0.95147701775022142],[110.83598428244875,0.95148366643809368],[110.83591228722236,0.95149031422664621],[110.83584029289528,0.95149696201525558],[110.83576829856821,0.9515036098038081],[110.83569630514046,0.95151025759236063],[110.83562431081333,0.95151690628023289],[110.83555231558694,0.95152355406878542],[110.83548032215919,0.95153020185739479],[110.83540832783211,0.95153684964594731],[110.83533633440436,0.95154349833381957],[110.83526434007729,0.9515501461223721],[110.8351923448509,0.95155679391098147],[110.83512035142314,0.951563441699534],[110.83504835709607,0.95157009038740625],[110.834976362769,0.95157673817595878],[110.83490436934125,0.95158338596451131],[110.83483237411485,0.95159003375312068],[110.83476037978778,0.95159668064235348],[110.83468838636003,0.95160332933022573],[110.8346163920329,0.95160997621945853],[110.83454439770583,0.95161662400801106],[110.83447240337875,0.95162327179662043],[110.83440040905168,0.95162991868585323],[110.83432841472461,0.95163656557508602],[110.83425642129686,0.95164321426295828],[110.83418442696978,0.95164986115219108],[110.83411243174339,0.95165650894080045],[110.83404043831564,0.95166315583003325],[110.83396844398857,0.95166980361858577],[110.83389794523407,0.95165236216683979],[110.8338274455802,0.95163491891639751],[110.8337569468257,0.9516174765653318],[110.83368644807121,0.95160003421426609],[110.83361595021597,0.95158259186314353],[110.83354545056216,0.95156514861275809],[110.83347495180766,0.95154770716101211],[110.83340445305311,0.95153026391062667],[110.83333395429861,0.95151282155950412],[110.83326345464479,0.95149537920843841],[110.83319295589024,0.9514779368573727],[110.83312245713574,0.95146049360693041],[110.83305195838125,0.9514430512558647],[110.83298145962669,0.95142560890479899],[110.8329109608722,0.95140816655367644],[110.8328404621177,0.95139072420261073],[110.83276996336321,0.95137328185154502],[110.83269946370933,0.95135583860110273],[110.83262896495484,0.95133839714935675],[110.83255846620034,0.95132095389897131],[110.83248796744579,0.95130351064852903],[110.83241746869129,0.95128606919678305],[110.83234696993679,0.95126862684571734],[110.83227647118224,0.95125118359527505],[110.83220597242774,0.95123374214352907],[110.83213547277393,0.95121629889314363],[110.83206497401937,0.95119885744134081],[110.83199447526488,0.95118141419095537],[110.83192397561106,0.95116397183988965],[110.83185347685651,0.95114652858944737],[110.83178297900133,0.95112908713770139],[110.83171248024684,0.95111164388731595],[110.83164198059296,0.95109420243556997],[110.83157148183847,0.95107675918512768],[110.83150098308397,0.95105931683406197],[110.83143223081288,0.95107788243836922],[110.83136347944111,0.95109644714335673],[110.83129472627064,0.95111501184834424],[110.83122597399955,0.95113357655338859],[110.83115722172846,0.95115214215769583],[110.83108847035669,0.95117070686268335],[110.83101971718628,0.95118927336631032],[110.83095096491513,0.95120783807129783],[110.83088221264404,0.95122640277634218],[110.83081346127227,0.95124496838064942],[110.83074470810186,0.95126353398495667],[110.83067595583077,0.95128209868994418],[110.83060720355968,0.95130066429425142],[110.83053845218785,0.95131922899923893],[110.83046969901744,0.95133779460360302],[110.83040094674635,0.95135636020791026],[110.83033219537458,0.95137492491289777],[110.83026344310349,0.95139348961788528],[110.83019468993308,0.95141205612151225],[110.83012593766193,0.95143062082655661],[110.83005718629016,0.95144918643086385],[110.82998843401907,0.95146775113585136],[110.82991968084866,0.9514863167401586],[110.82985092857757,0.95150488234446584],[110.8297821772058,0.9515234470495102],[110.82971481708518,0.95154163583788431],[110.82971342493465,0.95154201175449771],[110.82964467176424,0.95156057825812468],[110.82957592039247,0.95157914296311219],[110.82950716812138,0.9515977076680997],[110.82943841585029,0.95161627327246379],[110.82936966267982,0.95163483887677103],[110.82930091130805,0.95165340358175854],[110.82923215903696,0.95167196918606578],[110.82916340676587,0.95169053389105329],[110.82909465359546,0.95170910039473711],[110.82902590222369,0.95172766599904435],[110.82895714995254,0.95174623070403186],[110.82889303638456,0.95177564033360795],[110.82882892191725,0.95180504906380747],[110.82876480834926,0.95183445779406384],[110.82870069478128,0.95186386742358309],[110.82863658121329,0.95189327615383945],[110.82857246674598,0.95192268488403897],[110.82850835227867,0.9519520954129348],[110.82844423871069,0.95198150414313432],[110.8283801251427,0.95201091287339068],[110.82831601157471,0.9520403216035902],[110.82825189710741,0.95206973213248602],[110.82818778443874,0.95209914086268554],[110.82812366997143,0.95212854959294191],[110.82805955640345,0.95215796012183773],[110.82799544193614,0.95218736885203725],[110.82793132926747,0.95221677758229362],[110.82786721480016,0.95224618721181287],[110.82780310123218,0.95227559684138896],[110.82773898676487,0.95230500557158848],[110.82767487319688,0.9523344161004843],[110.82761075872958,0.95236382483068382],[110.82754664606091,0.95239323356094019],[110.8274825315936,0.95242264319045944],[110.82741841802562,0.95245205282003553],[110.82735430355831,0.95248146244955478],[110.8272866853323,0.9525051775719362],[110.8272190653077,0.95252889539227681],[110.82715144618237,0.95255261141392111],[110.82708382615772,0.95257632833494199],[110.82701620703239,0.9526000443565863],[110.82694858700773,0.95262376127760717],[110.8268809678824,0.95264747729930832],[110.82681334785775,0.95267119422027235],[110.82676133556726,0.95268943606868106],[110.82674572873248,0.9526949102419735],[110.82667810870782,0.95271862716293754],[110.82661048958249,0.95274234318463868],[110.82654286955784,0.95276606010565956],[110.82647525133183,0.95278977612730387],[110.8264076322065,0.95281349214900501],[110.8263400121819,0.95283720906996905],[110.82627239305657,0.9528609250916702],[110.82620477303192,0.95288464201269107],[110.82613715390659,0.95290835803433538],[110.82606953388193,0.95293207495535626],[110.8260019147566,0.95295579097700056],[110.82593429473195,0.95297950789802144],[110.82586667560668,0.95300322391972259],[110.82579905558202,0.95302694084068662],[110.82573143735601,0.95305065686238777],[110.82566381733136,0.9530743737833518],[110.82559619820603,0.95309808980505295],[110.82553034984585,0.95312411528573193],[110.82546450238493,0.95315013986709118],[110.82539865492407,0.95317616444845044],[110.82533280656384,0.95320218902986653],[110.82526695910292,0.95322821361122578],[110.82520111074274,0.95325423909190476],[110.82513526328182,0.95328026367326402],[110.82506941582096,0.953306289153943],[110.82500356836005,0.95333231373535909],[110.82493771999987,0.95335833921603808],[110.82487187163963,0.95338436379739733],[110.82480602417871,0.95341038927807631],[110.82474017671785,0.95343641296011583],[110.82467432925694,0.95346243844085166],[110.82460848089676,0.95348846302221091],[110.82454263343584,0.95351448760357016],[110.8244767850756,0.95354051308424914],[110.82441093761474,0.95356653676628866],[110.82434509015383,0.95359256224702449],[110.82427924179365,0.95361858682838374],[110.82421339433273,0.95364461230906272],[110.82414754597255,0.95367063689042197],[110.82408169761231,0.95369666237110096],[110.82401585105077,0.95372268605314048],[110.82395000269054,0.95374871063455657],[110.82388415522962,0.95377473611523556],[110.82381830686944,0.95380076069659481],[110.82375245940852,0.95382678617727379],[110.82368661194766,0.95385280985931331],[110.82362076358743,0.95387883534004914],[110.82355491612651,0.95390485992140839],[110.82348906776633,0.95393088540208737],[110.82342322030541,0.95395690998344662],[110.82335737284455,0.95398293366548614],[110.82329152538364,0.95400895914622197],[110.82322567702346,0.95403498372758122],[110.82318775890803,0.95397485595486842],[110.82314984079255,0.95391472818221246],[110.82311192177781,0.9538546004095565],[110.82307400366238,0.95379447173752396],[110.82303608644628,0.95373434486418773],[110.82299816833086,0.95367421799079466],[110.82296025021543,0.9536140902181387],[110.82292233210001,0.95355396244548274],[110.82288441308526,0.95349383287413048],[110.82284649496984,0.95343370510147452],[110.82280857685441,0.95337357732876171],[110.82277065873899,0.95331344865678602],[110.82273274062356,0.95325332088407322],[110.82269482340746,0.95319319311141726],[110.82265690259402,0.95313306264080211],[110.82261898537791,0.95307293486808931],[110.82258106726249,0.95301280709543335],[110.82254314914707,0.95295267932272054],[110.82250523103164,0.95289255065074485],[110.82246731291622,0.95283242287808889],[110.82242939480079,0.95277229510537609],[110.82239147668537,0.95271216733272013],[110.82235355856994,0.95265203866068759],[110.82230903943071,0.95259636073353704],[110.82226451939209,0.95254068280632964],[110.82221999935354,0.95248500487912224],[110.8221754802143,0.95242932695191485],[110.82216060722629,0.95241072717334418],[110.82213096017574,0.95237364902470745],[110.82208644013718,0.95231797109755689],[110.82204192009857,0.95226229317034949],[110.82199740006001,0.9522066152431421],[110.82195288002146,0.9521509373159347],[110.8219083599829,0.95209525938878414],[110.82186384084366,0.95203958056225702],[110.82181932080505,0.95198390263504962],[110.82177480076649,0.95192822380852249],[110.82173028072793,0.95187254588131509],[110.82168576068938,0.95181686795416454],[110.82164124065082,0.95176119002695714],[110.82159672061221,0.95170551209974974],[110.82155220057365,0.95164983417254234],[110.82150768143441,0.95159415624533494],[110.82146316229517,0.95153847831818439],[110.82141864225662,0.95148280039097699],[110.821374122218,0.95142712156444986],[110.82132960217945,0.95137144363724246],[110.82128508214089,0.95131576571009191],[110.82126457310164,0.95124641628910922],[110.82124406496172,0.95117706596886364],[110.82122355592242,0.95110771474929834],[110.82120304778249,0.95103836532837249],[110.82118253874324,0.95096901500807007],[110.82116202970394,0.9508996646878245],[110.82114152156402,0.95083031526689865],[110.82112101342409,0.9507609640472765],[110.82110050438484,0.95069161372703093],[110.82107999624492,0.95062226430610508],[110.82105948720562,0.9505529139858595],[110.82103897816637,0.95048356366555709],[110.82103534490528,0.95047127982576285],[110.82101846912713,0.95041421334531151],[110.82099796008782,0.95034486302506593],[110.82097745104858,0.95027551270482036],[110.82095694200933,0.95020616328383767],[110.82093643297009,0.95013681296359209],[110.82091592393078,0.95006746174402679],[110.82089541489154,0.94999811232310094],[110.82087490585229,0.94992876200279852],[110.82085439681305,0.94985941168255295],[110.82083388777374,0.9497900622616271],[110.8208133787345,0.94972071104200495],[110.82079286969525,0.94965136072175937],[110.82077236065601,0.94958201130083353],[110.82074811583294,0.94951544797959286],[110.82072387011056,0.94944888375903247],[110.82069962528755,0.94938232133711153],[110.82067537866584,0.94931575711655114],[110.82065113294351,0.94924919379531048],[110.82062688812044,0.94918263137338954],[110.82060264239811,0.94911606715282915],[110.82057839577641,0.94904950383158848],[110.82055415005402,0.94898293961102809],[110.82052990523101,0.94891637718910715],[110.82050565860931,0.94884981296854676],[110.8204814137863,0.94878324964730609],[110.82045716806391,0.94871668722538516],[110.82043292234158,0.94865012300482476],[110.82040867661919,0.9485835596835841],[110.82038443089681,0.94851699636234343],[110.8203601860738,0.94845043304110277],[110.82033594035141,0.9483838697198621],[110.82031169372976,0.94831730639862144],[110.8202874489067,0.94825074307738078],[110.82026320318437,0.94818417885682038],[110.82023895656266,0.94811761643489945],[110.8202147117396,0.94805105311365878],[110.82019046601727,0.94798448889309839],[110.8201662211942,0.94791792557185772],[110.82014197457255,0.94785136225061706],[110.82011772974948,0.94778479892937639],[110.82009348402715,0.947718234708816],[110.82006923830477,0.94765167228689506],[110.82004499258238,0.9475851089656544],[110.82002074686005,0.947518544745094],[110.81999650203699,0.94745198232317307],[110.81997225631466,0.94738541810261268],[110.81994800969295,0.94731885478137201],[110.81989241720134,0.9472719677272039],[110.8198368229111,0.94722508067297895],[110.81978123041949,0.9471781954174503],[110.81972563612925,0.94713130836322534],[110.81967004273832,0.94708442220837696],[110.8196144493474,0.94703753425483228],[110.81955885595647,0.9469906480999839],[110.8195032625656,0.94694376104575895],[110.819447670074,0.94689687399159084],[110.81939207578375,0.94684998693742273],[110.81933648329215,0.94680309988319777],[110.81928088990122,0.94675621372834939],[110.81922529561098,0.94670932667412444],[110.81916970311937,0.94666243961995633],[110.81911410882913,0.94661555256573138],[110.81905851633752,0.94656866731020273],[110.81900292204728,0.94652178025597777],[110.81894732865635,0.94647489320180966],[110.81889173526542,0.94642800614764155],[110.8188361418745,0.94638111999273633],[110.81878054938289,0.94633423293856822],[110.81872495509265,0.94628734588434327],[110.81866936170172,0.94624045883017516],[110.8186137683108,0.9461935717759502],[110.81855817491987,0.94614668562110182],[110.81850258062963,0.94609979856687687],[110.81844698813808,0.94605291241202849],[110.81839139384783,0.94600602535780354],[110.81833580135623,0.94595913920295516],[110.81828020706598,0.94591225214878705],[110.81822461277574,0.94586536509456209],[110.81815934357888,0.94583822625315861],[110.81809407528141,0.94581108741181197],[110.81802880518529,0.94578394767108875],[110.81796353598844,0.94575680882968527],[110.81789826589232,0.9457296690890189],[110.81783299669553,0.94570253024761541],[110.81776772659936,0.94567539140621193],[110.81770245830188,0.94564825166554556],[110.81763718820571,0.94562111282414207],[110.81757191900891,0.94559397398273859],[110.8175066489128,0.94556683514139195],[110.81744137971594,0.94553969629998846],[110.81737610961983,0.94551255655926525],[110.81731084132235,0.94548541771791861],[110.81724557122618,0.94545827887651512],[110.81718030113007,0.94543114003511164],[110.81711503103389,0.945404001193765],[110.8170497618371,0.94537686235236151],[110.81698449174098,0.9453497226116383],[110.81691922344345,0.94532258377029166],[110.81685395334733,0.94529544492888817],[110.81678868415054,0.94526830608748469],[110.81672341405437,0.94524116724613805],[110.81665814485757,0.94521402840473456],[110.8165928747614,0.94518688866401135],[110.8165276055646,0.94515974982266471],[110.81646233636781,0.94513261098126122],[110.81639706717095,0.94510547213985774],[110.81633179707484,0.9450783332985111],[110.81626652787804,0.94505119355778788],[110.81620125778187,0.9450240547163844],[110.81615146771611,0.94507654094962845],[110.81610167765035,0.94512902718292935],[110.81605188758459,0.9451815134161734],[110.81600209841815,0.945233997850778],[110.81595230655375,0.94528648408402205],[110.81590251738731,0.9453389703172661],[110.81585272732156,0.9453914547518707],[110.81580293635648,0.94544394098511475],[110.81575314629072,0.94549642721841565],[110.81570335622496,0.94554891165302024],[110.81565356525988,0.94560139788626429],[110.81560377519412,0.94565388322018862],[110.81555398512836,0.94570636855411294],[110.81550419416328,0.945758854787357],[110.81545440409752,0.94581134012128132],[110.81540461313244,0.94586382635452537],[110.81535482306668,0.94591631078918681],[110.81530503300093,0.94596879702243086],[110.81525524203585,0.94602128325567492],[110.81520545197009,0.94607376769027951],[110.81515566190433,0.94612625302420383],[110.81510587093925,0.94617874015676762],[110.81505608087349,0.94623122459137221],[110.81500628990841,0.94628370992529653],[110.81495649984265,0.9463361952592777],[110.81490670887757,0.94638868059320203],[110.81487660137412,0.9464546746435758],[110.81484649297136,0.94652066869394957],[110.81481638456853,0.94658666364364308],[110.81478627706508,0.94665265769401685],[110.81475616866231,0.94671865174444747],[110.81472606115886,0.94678464579482124],[110.8146959527561,0.94685063984519502],[110.81466584435327,0.94691663479488852],[110.8146357359505,0.94698262884531914],[110.81460562844705,0.94704862289569292],[110.81457552004429,0.94711461694606669],[110.81454541164152,0.94718061099644046],[110.81451530413801,0.94724660504681424],[110.81448519573524,0.94731259999656459],[110.8144550882318,0.94737859404693836],[110.81442497982903,0.94744458809731213],[110.81439487232558,0.94751058214768591],[110.81436476392275,0.94757657619805968],[110.81433465641931,0.94764257114781003],[110.81430454801654,0.94770856519818381],[110.81427443961377,0.94777455924855758],[110.81424433211032,0.94784055329893135],[110.81421422370749,0.94790654734930513],[110.81418411530473,0.94797254229905548],[110.81415400690196,0.94803853634942925],[110.81412389939851,0.94810453039980302],[110.81409379099574,0.94817052355085707],[110.81406368259292,0.94823651760123084],[110.81403357508947,0.94830251255098119],[110.8140034666867,0.94836850660135497],[110.81397335918325,0.94843450065172874],[110.81394325078048,0.94850049470210251],[110.81391314327698,0.94856648875247629],[110.81388303487421,0.94863248280290691],[110.81385292737076,0.94869847775260041],[110.81382281896799,0.94876447180297419],[110.81379271056522,0.94883046585334796],[110.81376260306172,0.94889645990372173],[110.81373249465895,0.94896245395415235],[110.81370238625618,0.94902844890384586],[110.81367227785341,0.94909444295421963],[110.81364217034996,0.9491604370045934],[110.8136233754185,0.94916880339758336],[110.813577417364,0.9491892602761709],[110.8135126625794,0.94921808444706812],[110.81344790959344,0.94924690681932589],[110.81338315570815,0.94927573099022311],[110.81331840272219,0.9493045542618006],[110.81325364883691,0.94933337843269783],[110.81318889585094,0.94936220080495559],[110.81312414196566,0.94939102497585282],[110.8130593889797,0.94941984824743031],[110.81299463509441,0.94944867241832753],[110.81292988210845,0.9494774947905853],[110.81286512822317,0.94950631896148252],[110.8128003752372,0.94953514223306001],[110.81273562135192,0.94956396640395724],[110.81267086836596,0.949592788776215],[110.81260611358135,0.94962161294711223],[110.81254136059539,0.94965043621868972],[110.81247660671011,0.94967926038958694],[110.81241185372414,0.94970808276184471],[110.81234709983886,0.94973690693274193],[110.8122823468529,0.94976573020431942],[110.81221759296761,0.94979455437521665],[110.81215283998165,0.94982337674747441],[110.81208808609637,0.94985220091837164],[110.8120233331104,0.94988102418994913],[110.81195857922512,0.94990984836084635],[110.81189382623916,0.94993867073310412],[110.81182907235387,0.94996749400468161],[110.81176431936791,0.94999631727625911],[110.81169956458331,0.95002514144715633],[110.81163481159734,0.95005396381941409],[110.81157005771206,0.95008278799031132],[110.8115053047261,0.95011161126188881],[110.81144055084081,0.95014043543278603],[110.81137579785485,0.9501692578050438],[110.81130412098844,0.95016331958157707],[110.8112324450214,0.9501573831567498],[110.81116076815499,0.9501514458326028],[110.81108909128858,0.95014550760913608],[110.81101741532154,0.95013957028498908],[110.81094573755581,0.95013363206152235],[110.8108740606894,0.95012769383805562],[110.81080238382299,0.95012175561458889],[110.81073070785595,0.95011581829044189],[110.81065903098954,0.95010988006697517],[110.81058735412313,0.95010394184350844],[110.81051567815609,0.95009800362004171],[110.81044400128968,0.95009206629589471],[110.81037232442327,0.95008612807242798],[110.81030064755691,0.95008018984890441],[110.8102289706905,0.95007425162543768],[110.81015729382409,0.95006831430129068],[110.81008561785706,0.95006237607782396],[110.81001394099064,0.95005643785435723],[110.80994226412423,0.9500504996308905],[110.8098705881572,0.9500445623067435],[110.80979891129078,0.95003862408327677],[110.80972723442437,0.95003268585981004],[110.8096555566587,0.95002674763634332],[110.8095838806916,0.95002081031219632],[110.80951220382519,0.95001487208872959],[110.80944052695884,0.95000893386526286],[110.80936885099175,0.95000299564179613],[110.80929717412533,0.94999705831764913],[110.80927371171248,0.94992985557843213],[110.80925024929962,0.94986265373853485],[110.80922678688677,0.94979545189863757],[110.80920332537323,0.94972825005874029],[110.80917986296038,0.94966104821884301],[110.80915640144684,0.94959384637894573],[110.80913293903399,0.94952664363972872],[110.80910947662113,0.94945944179983144],[110.8090860151076,0.94939224085925389],[110.80906255269468,0.94932503901935661],[110.80903909118115,0.94925783717951617],[110.80901562876829,0.94919063533961889],[110.80899216725476,0.94912343260040188],[110.8089687048419,0.9490562307605046],[110.80894524332837,0.94898902892060732],[110.80892178091551,0.94892182708071005],[110.80889831940198,0.94885462524081277],[110.80887485698912,0.94878742340091549],[110.80885139457627,0.94872022066169848],[110.80882793306273,0.9486530188218012],[110.80880447064987,0.94858581698190392],[110.80878100913634,0.94851861514200664],[110.80875754672348,0.94845141330210936],[110.80873408520995,0.94838421056289235],[110.80871062279709,0.94831700872299507],[110.8086871612835,0.94824980688315463],[110.80866369887065,0.94818260594257708],[110.80864023735711,0.9481154041026798],[110.80861677494426,0.94804820226278252],[110.80859331343072,0.94798100042288524],[110.80856985101786,0.94791379768366824],[110.80854638860501,0.94784659584377096],[110.80852292709147,0.94777939400387368],[110.80849946467862,0.9477121921639764],[110.80847600316508,0.94764499032407912],[110.80845254075223,0.94757778758486211],[110.80843460197536,0.94750929701649511],[110.80841666229918,0.94744080464948865],[110.808398722623,0.94737231408106481],[110.80838502235099,0.94732000411494255],[110.80838078384613,0.94730382261337809],[110.80836284417001,0.94723533114569136],[110.80834490539314,0.94716683967794779],[110.80832696571696,0.94709834910958079],[110.80830902604077,0.9470298567425175],[110.80829108726391,0.9469613661741505],[110.80827314758773,0.94689287380714404],[110.80825520881092,0.9468243832387202],[110.80823727003406,0.94675589177103348],[110.80821933035787,0.94668740030334675],[110.80820139068169,0.94661890883560318],[110.80818345190482,0.94655041826723618],[110.80816551312802,0.94648192590022973],[110.80814757435115,0.94641343533180589],[110.80811319866524,0.94635142078146828],[110.8080788238787,0.94628940802982697],[110.80804444819279,0.94622739437880909],[110.80801007160755,0.94616537982847149],[110.8079756959217,0.94610336617745361],[110.8079413211351,0.94604135342575546],[110.80790694634857,0.94597933887541785],[110.80787256976333,0.94591732522439997],[110.80783819407748,0.94585531067411921],[110.80780381929088,0.94579329792242106],[110.80776944270571,0.94573128427140318],[110.80773506791911,0.94566926972106558],[110.8077006922332,0.9456072560700477],[110.80766631744666,0.94554524331834955],[110.80763194086143,0.94548322876806878],[110.80759756607489,0.94542121511705091],[110.8075631912883,0.94535920236535276],[110.80752881470312,0.94529718781501515],[110.8074944390172,0.94523517416399727],[110.80746006333129,0.94517315961365966],[110.80742568764543,0.94511114686196152],[110.80739131195952,0.94504913321100048],[110.80735693627366,0.94498711866066287],[110.80732255968843,0.94492510500964499],[110.80728818490189,0.94486309225794685],[110.80725380921598,0.94480107770760924],[110.80721943263075,0.94473906405659136],[110.80718505694489,0.94467705040557348],[110.80715068215829,0.94461503675461245],[110.80711630557312,0.94455302310359457],[110.807140348948,0.94448585094130522],[110.80716439232293,0.94441867877907271],[110.80718843569781,0.94435150571746362],[110.80721247907269,0.94428433355517427],[110.80723652244762,0.94421716229226149],[110.80726056492318,0.94414999012997214],[110.80728460829812,0.9440828170684199],[110.80730865077368,0.94401564490613055],[110.80733269414856,0.94394847274389804],[110.80735673662417,0.94388130058160868],[110.80738078089837,0.94381412841931933],[110.80740482427331,0.94374695625708682],[110.80742886674886,0.94367978409479747],[110.80745291012374,0.94361261193256496],[110.80747695259936,0.94354543887095588],[110.80750099597424,0.94347826670866652],[110.80752503934917,0.94341109544575374],[110.80754908182473,0.94334392418278412],[110.80757312609893,0.94327675022191215],[110.80759716857455,0.9432095780596228],[110.80762121194942,0.94314240589739029],[110.80764525532436,0.94307523373510094],[110.80766929779992,0.94300806067349185],[110.8076933411748,0.94294088941057908],[110.80771738365041,0.94287371724828972],[110.80774142702529,0.94280654508605721],[110.80776547040023,0.94273937202444813],[110.80778951287579,0.94267219986215878],[110.80781355625066,0.94260502769992627],[110.80783759872628,0.94253785643695664],[110.80786164210116,0.94247068337540441],[110.80788568457672,0.94240351121311505],[110.80790972795165,0.94233633905088254],[110.80793377132653,0.94226916688859319],[110.80795781380215,0.94220199382698411],[110.80798185717703,0.9421348216647516],[110.80800589965258,0.94206765040178198],[110.80796852562702,0.94200609180774109],[110.80793115160145,0.94194453501233966],[110.80789377757583,0.9418829773176185],[110.80785640444958,0.94182141962284049],[110.80781903042396,0.94175986282743906],[110.80778165639839,0.94169830513271791],[110.80774428237277,0.94163674743799675],[110.8077069083472,0.94157518974327559],[110.80766953432163,0.94151363294787416],[110.80763215939669,0.94145207525309615],[110.80759478537112,0.94139051665905527],[110.8075574113455,0.94132895896433411],[110.80752003731993,0.94126740126961295],[110.80748266329431,0.94120584267557206],[110.80744528926874,0.94114428498079405],[110.80740791524318,0.9410827272860729],[110.80737054121755,0.94102116869203201],[110.80733316719198,0.94095961099731085],[110.80729579316636,0.94089805330258969],[110.80725841914079,0.94083649560781168],[110.80722104511523,0.94077493791309053],[110.8071836710896,0.94071338021836937],[110.80714629706404,0.94065182162432848],[110.80710892303841,0.94059026482892705],[110.80707154901285,0.94052870713414904],[110.80703417498722,0.94046714943942789],[110.80699680096166,0.94040559174470673],[110.80695942693609,0.94034403404998557],[110.80692205291047,0.94028247635526441],[110.8068846788849,0.94022091776116667],[110.80684730485928,0.94015936096576525],[110.80680993083371,0.94009780327104409],[110.8067902392782,0.94002871555284173],[110.806770545924,0.93995962783458253],[110.80675085436849,0.93989054101569991],[110.80673116191366,0.93982145419681729],[110.80671146855951,0.93975236557923836],[110.80669177700395,0.93968327876035573],[110.8066720836498,0.93961419104215338],[110.80665239209429,0.93954510422321391],[110.80663269963947,0.93947601740433129],[110.80661300718458,0.9394069287868092],[110.80659331472975,0.93933784196786974],[110.80657362317424,0.93926875514898711],[110.80655392982004,0.93919966743072791],[110.80653423826453,0.93913057971252556],[110.8065145458097,0.93906149289364294],[110.80649485335488,0.93899240517538374],[110.80647516089999,0.93892331835650111],[110.80645546844517,0.93885422973897903],[110.80643577599034,0.93878514292003956],[110.80641608443483,0.93871605610115694],[110.80639639108063,0.93864696838295458],[110.8063766986258,0.93857788066469539],[110.80635700707029,0.93850879384581276],[110.80633731371614,0.93843970612761041],[110.80631762216058,0.93837061930867094],[110.80629792880643,0.93830153069114886],[110.80627823725092,0.93823244387220939],[110.80625854479609,0.93816335705332676],[110.80623885234121,0.93809426933512441],[110.80621915988638,0.93802518161686521],[110.80623949265851,0.93795765781970886],[110.80625982722933,0.93789013312317593],[110.80628016000145,0.93782260932601957],[110.80630049277357,0.93775508462948665],[110.80632082734439,0.93768755993301056],[110.80634116011652,0.93762003613579736],[110.80636149288864,0.93755251143932128],[110.80638182566076,0.93748498674278835],[110.80640215933227,0.937417462945632],[110.80642249300371,0.93734993824909907],[110.80644282577583,0.93728241355256614],[110.80646315944733,0.93721488975540979],[110.80648349311878,0.93714736505887686],[110.8065038258909,0.9370798412617205],[110.80652415866308,0.93701231566586785],[110.80654449233452,0.93694479186871149],[110.80656482510665,0.93687726807149829],[110.80658515877809,0.93680974337502221],[110.80660549244959,0.93674221867848928],[110.80664472717245,0.93668210259698981],[110.80668396279469,0.9366219856161706],[110.80672319841693,0.93656187043404771],[110.80676243313985,0.93650175435254823],[110.80680166876209,0.93644163737172903],[110.80684090438427,0.93638152129022956],[110.80688013910719,0.93632140520873008],[110.80691937383011,0.93626128822791088],[110.80695860855297,0.93620117214641141],[110.80699784417521,0.93614105606491194],[110.80703707979745,0.93608093908409273],[110.80707631541969,0.9360208230026501],[110.80711555014261,0.93596070692115063],[110.80715478576479,0.93590058994033143],[110.80719402138703,0.93584047385883196],[110.80723325610995,0.93578035777733248],[110.80727249083287,0.93572024079651328],[110.80731172555573,0.93566012471501381],[110.80735096117797,0.93560000863351434],[110.80739019680021,0.93553989165275198],[110.80742943242245,0.9354797755712525],[110.80746866714532,0.93541966038907276],[110.80750790276755,0.93535954340825356],[110.80754713838979,0.93529942732675408],[110.80758637311271,0.93523931124525461],[110.8076256087349,0.93517919426443541],[110.80766484435713,0.93511907818293594],[110.80770407908005,0.93505896210149331],[110.80774331380297,0.9349988451206741],[110.80778254942516,0.93493872903917463],[110.80783897378967,0.93489586735046259],[110.80789539995283,0.9348530038631111],[110.80795182521661,0.93481014217434222],[110.80800825137976,0.93476727868699072],[110.80806467574428,0.93472441609895895],[110.80812110100806,0.93468155441024692],[110.80817752717121,0.93463869092289542],[110.80823395243505,0.93459582923418338],[110.80829037769882,0.93455296574683189],[110.80834680296266,0.93451010315880012],[110.80840322822644,0.93446724057076835],[110.80845965438959,0.93442437798267974],[110.80851607875411,0.93438151539464798],[110.80857250401789,0.93433865190729648],[110.80862892928172,0.93429578931926471],[110.80868535364624,0.93425292583191322],[110.80874177891002,0.93421006324388145],[110.80879820417385,0.93416719975652995],[110.80885462943763,0.93412433716849819],[110.80882679362168,0.93406045292761064],[110.80879895870504,0.93399656868672309],[110.8087711237884,0.93393268624453185],[110.80874328887177,0.9338688020036443],[110.80871545395507,0.9338049177628136],[110.80868761903844,0.93374103442124579],[110.8086597841218,0.93367715107967797],[110.80863194920516,0.93361326683884727],[110.80860411428853,0.93354938259795972],[110.80857627937183,0.93348549925644875],[110.80854844355588,0.9334216150155612],[110.80852061043788,0.93335773167405023],[110.80849277462193,0.93329384833248241],[110.80846493970529,0.93322996409159487],[110.8084371047886,0.93316607985076416],[110.80840926987196,0.93310219560987662],[110.80838143495532,0.93303831316768537],[110.80835360003869,0.93297442892679783],[110.80832576512205,0.93291054468591028],[110.80829793020536,0.93284666134439931],[110.80827009528872,0.93278277800283149],[110.80824226037208,0.93271889376200079],[110.80821442455613,0.93265501042043297],[110.80824875977248,0.93259151558601161],[110.80828309588821,0.93252802165090998],[110.80831743110463,0.93246452861512807],[110.80835176722036,0.93240103468002644],[110.80838610243671,0.93233754074498165],[110.80842043765313,0.93227404680988002],[110.80845477376886,0.93221055287477839],[110.80848910898527,0.93214705983899648],[110.80852344420163,0.93208356590389485],[110.80855778031736,0.93202007196879322],[110.80859211463445,0.93195657803369159],[110.80862645075018,0.93189308409858995],[110.80866078686586,0.93182959016348832],[110.80869512208227,0.93176609712770642],[110.80872945729868,0.93170260319260478],[110.80876379341441,0.93163910925755999],[110.80879812773145,0.93157561532245836],[110.80883246384718,0.93151212138735673],[110.80886679906359,0.93144862835157483],[110.80890113428001,0.93138513441647319],[110.80893547039568,0.93132163958205183],[110.80896980471277,0.9312581456469502],[110.80900414082851,0.93119465171184856],[110.80903847604492,0.93113115867606666],[110.80907281216059,0.93106766474096503],[110.80910714737701,0.9310041708058634],[110.80914148259342,0.93094067687076176],[110.80917581780983,0.93087718293571697],[110.80921015392551,0.93081368900061534],[110.80924448914192,0.93075019596483344],[110.80927882525765,0.9306867020297318],[110.80931315957474,0.93062320809463017],[110.8093446987989,0.93056197775314331],[110.80937623802305,0.9305007474115996],[110.80940777634788,0.93043951707011274],[110.80943931467272,0.93037828672856904],[110.80947085389687,0.93031705638708218],[110.80950239312102,0.93025582604559531],[110.80953393144586,0.93019459570405161],[110.80956546977069,0.93013336536256475],[110.80959700899484,0.93007213502107788],[110.809628548219,0.93001090467953418],[110.80966008744315,0.92994967433804732],[110.80969162486866,0.92988844399656045],[110.80972316409282,0.92982721365501675],[110.80975470331697,0.92976598331352989],[110.8097862416418,0.92970475297204302],[110.80981777996664,0.92964352263049932],[110.80984931919079,0.92958229228901246],[110.80988085841494,0.9295210619475256],[110.8099001182959,0.92945191937064919],[110.80991937727748,0.92938277679377279],[110.80993863715844,0.92931363421689639],[110.80995789614008,0.92924449164001999],[110.80997715512166,0.92917534906314359],[110.8099964141033,0.92910620738558691],[110.81001567398425,0.92903706390944762],[110.81003493296583,0.92896792223189095],[110.81005419284679,0.92889877875569482],[110.81007345272775,0.92882963617881842],[110.81009271170933,0.92876049360194202],[110.81011197159029,0.92869135102506561],[110.81013123057187,0.92862220934750894],[110.81015049135215,0.92855306587131281],[110.81016975033378,0.92848392419381298],[110.81018901021469,0.92841478071761685],[110.81020826919632,0.92834563904006018],[110.81022752907728,0.92827649556386405],[110.81024678805886,0.92820735388630737],[110.81026604793982,0.92813821130943097],[110.81028530782078,0.92806906783323484],[110.81030456680236,0.92799992615573501],[110.81032382668332,0.92793078267953888],[110.81034308566495,0.92786164100198221],[110.81036234644517,0.9277924984251058],[110.81038160542681,0.9277233558482294],[110.81040086530777,0.927654213271353],[110.81042012428935,0.9275850706944766],[110.81043938417031,0.92751592811765704],[110.81049573928698,0.92747147822620946],[110.81055209530302,0.92742702743544214],[110.81060845041969,0.92738257664461798],[110.8106648046371,0.9273381267531704],[110.81072115975377,0.92729367686172282],[110.81077751576981,0.9272492260709555],[110.81083387088648,0.92720477528018819],[110.81089022600321,0.9271603253887406],[110.81094658111988,0.92711587459797329],[110.81100293713592,0.92707142380720597],[110.81105929225259,0.92702697391575839],[110.81111564736932,0.92698252402431081],[110.81117200158667,0.92693807413286322],[110.81122835760266,0.92689362334209591],[110.81128471271938,0.92684917165200886],[110.81134106783605,0.92680472176056128],[110.81139742205346,0.92676027186911369],[110.81145377896877,0.92671582107834638],[110.81151013408549,0.9266713711868988],[110.81156648920216,0.92662692129545121],[110.81162284431889,0.92658247140400363],[110.81167920033488,0.92653801971385974],[110.81173555455229,0.92649356982241216],[110.81179190966895,0.92644911993096457],[110.81184826478562,0.92640467003951699],[110.81190462080167,0.92636021924874967],[110.81196097591834,0.92631576935730209],[110.81201733103507,0.92627131856653477],[110.81207368615173,0.92622686867508719],[110.81213004216778,0.92618241788431988],[110.81218639728445,0.92613796799287229],[110.81224275240118,0.92609351810142471],[110.81228718970209,0.92603902907796964],[110.8123316288017,0.92598453915519485],[110.81237606700194,0.92593005013173979],[110.81242050520223,0.92587556110828473],[110.81246494340246,0.92582107208482967],[110.81250938160275,0.92576658216211172],[110.81255381980299,0.92571209313865666],[110.8125982589026,0.92565760411520159],[110.81264269710283,0.92560311509174653],[110.81268713620244,0.92554862516897174],[110.81273157440268,0.92549413614551668],[110.81277601170365,0.92543964712206161],[110.81282044990388,0.92538515809860655],[110.81286488900349,0.92533066817583176],[110.81290932720373,0.9252761791523767],[110.81295376630334,0.92522169012892164],[110.81299820360425,0.92516720110546657],[110.81304264270386,0.92511271118274863],[110.8130870809041,0.92505822215929356],[110.81313151910439,0.9250037331358385],[110.81317595730462,0.92494924411238344],[110.81322039640423,0.92489475418960865],[110.81326483370515,0.92484026516615359],[110.81329393037066,0.92477556613948764],[110.81332302523748,0.92471086801219826],[110.81335212100362,0.92464616898553231],[110.81338121587049,0.92458147085824294],[110.81341031073731,0.92451677183157699],[110.81343940740277,0.92445207280496788],[110.81346850226964,0.92438737467762166],[110.81349759713646,0.92432267565101256],[110.81352669200328,0.92425797842298607],[110.81355578776947,0.92419327939637697],[110.81358488263629,0.92412858126903075],[110.81361397930175,0.92406388224242164],[110.81364307416862,0.92399918321575569],[110.81367216903544,0.92393448508846632],[110.81370126480158,0.92386978606180037],[110.8137303596684,0.92380508793451099],[110.81375945543459,0.92374038890784504],[110.81378855120073,0.92367568988123594],[110.81381764606755,0.92361099175388972],[110.81384674183374,0.92354629272728062],[110.81387583670056,0.9234815945999344],[110.81390493336602,0.92341689557332529],[110.81393402823289,0.9233521983452988],[110.81396312309971,0.9232874993186897],[110.81399221886585,0.92322280029202375],[110.81402131373272,0.92315810216473437],[110.81405041039818,0.92309340313806842],[110.814079505265,0.92302870501077905],[110.81410860013187,0.9229640059841131],[110.81411211198446,0.92289155210352192],[110.81411562473636,0.92281909822287389],[110.81411913658894,0.92274664434222586],[110.81412265024017,0.92267418956225811],[110.81412616209275,0.92260173568161008],[110.81412967394533,0.92252928180096205],[110.81413318579797,0.92245682792031403],[110.81413669765055,0.922384374039666],[110.81414021040246,0.92231191925969824],[110.81414372225504,0.92223946537905022],[110.81414723410762,0.92216701059908246],[110.81415074596021,0.92209455671849128],[110.81415425781279,0.92202210283784325],[110.81415776966537,0.92194964895719522],[110.81416128241733,0.9218771950765472],[110.81416479426991,0.92180474119589917],[110.8141683061225,0.92173228731525114],[110.81417181797508,0.92165983343460312],[110.81417532982766,0.92158737865463536],[110.81417884168025,0.92151492477398733],[110.81418235443215,0.9214424708933393],[110.81418586628479,0.92137001701274812],[110.81418937813737,0.92129756313210009],[110.81419288998995,0.92122510925145207],[110.81419640184254,0.92115265537080404],[110.81419991369512,0.92108019969151655],[110.81420342644702,0.92100774581086853],[110.81420693829961,0.9209352919302205],[110.81421045015219,0.92086283804957247],[110.81421396200483,0.92079038416892445],[110.81421747385741,0.92071793028827642],[110.81422098570999,0.92064547640768524],[110.81422449756258,0.92057302162771748],[110.81422801031448,0.92050056774706945],[110.8141892648228,0.92043927984894935],[110.81415051933106,0.92037799105150953],[110.81411177383933,0.92031670315338943],[110.81407302834765,0.92025541525526933],[110.81403428285591,0.92019412735714923],[110.81399553736424,0.92013283766038967],[110.81395679097318,0.92007154976226957],[110.81391804458218,0.92001026096482974],[110.81387929998976,0.91994897306670964],[110.81384055359871,0.91988768426926981],[110.81380180900635,0.91982639637114971],[110.81376306261529,0.91976510757370988],[110.81372431712362,0.91970381877627005],[110.81368557163188,0.91964253087814996],[110.81364682703952,0.91958124298002986],[110.81360808064846,0.91951995418259003],[110.81356933515673,0.91945866628446993],[110.81353058876573,0.91939737838634983],[110.81349184417331,0.91933608958891],[110.81345309778231,0.91927480079147017],[110.81341435229058,0.91921351289335007],[110.81337560589958,0.91915222499522997],[110.81333686130716,0.91909093709710987],[110.81329811491611,0.91902964829967004],[110.81325936942443,0.91896836040154994],[110.81322062393269,0.91890707160411012],[110.81318187844101,0.91884578280667029],[110.81314313204996,0.91878449490855019],[110.81310438565896,0.91872320701043009],[110.81306564106654,0.91866191911230999],[110.81302689467549,0.91860063031487016],[110.81298814918381,0.91853934241675006],[110.81294940279275,0.91847805361931023],[110.81291065730107,0.91841676572119013],[110.81287191180934,0.91835547782307003],[110.81283316631766,0.9182941890256302],[110.8127944199266,0.9182329011275101],[110.81275567443487,0.91817161322939],[110.81271692804387,0.91811032533126991],[110.81267818165281,0.91804903743320665],[110.81263943706045,0.91798774863576682],[110.8126006906694,0.91792646073764672],[110.81256194517766,0.91786517283952662],[110.81252319878666,0.91780388404208679],[110.81248445329493,0.91774259524464696],[110.81244570690393,0.91768130734652686],[110.81250602263492,0.91764142870903243],[110.81256633836591,0.91760155187017745],[110.81262665409685,0.91756167503132247],[110.81268696982784,0.91752179729314776],[110.81274728555883,0.91748191955497305],[110.81280760218914,0.91744204271611807],[110.81286791792013,0.9174021649780002],[110.81292823365112,0.91736228813914522],[110.81298855028143,0.91732241130029024],[110.81304886601242,0.91728253356211553],[110.81310918174341,0.91724265672326055],[110.81316949837372,0.91720277988440557],[110.81322981410472,0.91716290304560744],[110.81329012983571,0.91712302620675246],[110.81335044736534,0.91708314756925802],[110.81341076309633,0.91704327073040304],[110.81347107882726,0.91700339389154806],[110.81353139455825,0.91696351705269308],[110.81359171118856,0.91692364021389494],[110.81365202691956,0.91688376337503996],[110.81371234265055,0.91684388563686525],[110.81377266018018,0.91680400789869054],[110.81383297591117,0.91676413105983556],[110.81389329164216,0.91672425422098058],[110.81395360827247,0.91668437738218245],[110.81401392400346,0.91664449964400774],[110.81407423973445,0.91660462280515276],[110.81413455636476,0.91656474596629778],[110.81419487209575,0.9165248691274428],[110.81425518782675,0.91648499228858782],[110.81431795780759,0.91645156089089141],[110.81438072688911,0.91641813129177763],[110.81444349686996,0.91638469989402438],[110.81450626595148,0.91635127029491059],[110.81456903593232,0.91631783979653392],[110.81463180501385,0.91628441019742013],[110.81469457499469,0.91625097879966688],[110.81475734407621,0.91621754920060994],[110.81482011405706,0.91618411780285669],[110.81488288313858,0.9161506882037429],[110.81494565311948,0.91611725680598965],[110.815008422201,0.91608382720693271],[110.81507119218185,0.91605039670849919],[110.81513396216269,0.91601696621006568],[110.81519673124421,0.91598353571163216],[110.81525950122506,0.91595010521325548],[110.81532227030658,0.91591667471482197],[110.81538504028742,0.91588324511570818],[110.81544780936895,0.91584981461727466],[110.81551057934979,0.91581638411889799],[110.81557334843137,0.91578295362046447],[110.81563611841221,0.91574952312203095],[110.81569888659442,0.91571609262359743],[110.81576165657526,0.91568266212522076],[110.81582442565679,0.91564923162678724],[110.81588719563763,0.91561580112835372],[110.81594996471915,0.91558237062992021],[110.8160127347,0.91554894103086326],[110.81607022655976,0.91550670527027478],[110.81612772021816,0.91546446771104684],[110.81618521297725,0.91542223105119547],[110.81624270483701,0.91537999439128725],[110.81630019669677,0.91533775683205931],[110.81635769035518,0.9152955201721511],[110.81641518221494,0.91525328261292316],[110.8164726740747,0.91521104595307179],[110.81653016683379,0.91516880929316358],[110.81658765869355,0.91512657173393563],[110.81664515055331,0.91508433507402742],[110.8167026433124,0.91504209841417605],[110.81676013607148,0.91499986085494811],[110.81681762793124,0.9149576241950399],[110.81687511979101,0.91491538663581196],[110.81693261165077,0.91487314997596059],[110.81699010440985,0.91483091331605237],[110.81704759626962,0.91478867575682443],[110.81710508812938,0.91474643909691622],[110.81716258088846,0.91470420243706485],[110.81722007274823,0.91466196487783691],[110.81727756460799,0.9146197282179287],[110.81733505736707,0.91457749065870075],[110.81739255012616,0.91453525399879254],[110.81745004198592,0.91449301733894117],[110.81750753384568,0.91445077977971323],[110.81756502660477,0.91440854311980502],[110.81762251936385,0.91436630556057708],[110.81768001122362,0.91432406890072571],[110.81773750308338,0.91428183224081749],[110.81779499584246,0.91423959468158955],[110.81785248770223,0.91419735802168134],[110.81781286087488,0.91413775725175128],[110.81777323314827,0.91407815558244465],[110.81773360542161,0.91401855481251459],[110.817693977695,0.91395895404252769],[110.81765435086766,0.91389935327259764],[110.81761472314105,0.91383975070397128],[110.81757509541438,0.91378014993404122],[110.8175354667884,0.91372054916405432],[110.81749583996111,0.91366094839412426],[110.81745621223445,0.91360134672481763],[110.81741658360852,0.91354174595488757],[110.81737695588185,0.91348214518490067],[110.81733732815525,0.91342254441491377],[110.81729770042858,0.91336294274566399],[110.81725807180266,0.91330334197567709],[110.81721844407599,0.91324374120574703],[110.81717881634938,0.91318414043576013],[110.8171391877234,0.91312453876651034],[110.81709955999673,0.91306493799652344],[110.81705993227013,0.91300533722659338],[110.81702030364414,0.91294573555728675],[110.81698067591753,0.9128861347873567],[110.81694104819087,0.9128265340173698],[110.81690141956494,0.91276693324743974],[110.81686179183828,0.91270733157813311],[110.81682216411167,0.91264773080820305],[110.81678253638501,0.91258813003821615],[110.81674290775902,0.91252852926828609],[110.81670328003241,0.91246892759897946],[110.81666365230575,0.91240932682899256],[110.81662402367982,0.9123497260590625],[110.81663068855551,0.91227974621335761],[110.81663735522983,0.91220976456901326],[110.81664402010551,0.91213978472330837],[110.81665068588052,0.91206980397834059],[110.8166573507562,0.91199982413263569],[110.81666401743053,0.91192984338761107],[110.81667068230621,0.91185986264258645],[110.81667734808121,0.91178988189756183],[110.8166840129569,0.91171990205191378],[110.8166906787319,0.91164992130688915],[110.81669734360759,0.91157994056186453],[110.81670400938259,0.91150995981683991],[110.81671067425827,0.91143997997113502],[110.81671733913396,0.91136999922611039],[110.81672400400964,0.91130001938046234],[110.81673066888533,0.91123003773611799],[110.81673733376101,0.9111600578904131],[110.8167439986367,0.91109007714538848],[110.8167506644117,0.91102009729968358],[110.81672434755063,0.91095389190860487],[110.81669803068962,0.91088768741690274],[110.81667171382861,0.9108214811265043],[110.81664539786686,0.91075527573542558],[110.81661908190517,0.9106890712436666],[110.81659276504411,0.91062286585264474],[110.81656644908242,0.91055666136088576],[110.81654013222141,0.91049045507048731],[110.81651381536034,0.9104242496794086],[110.81648749939865,0.91035804518770647],[110.8164611834369,0.91029183979662776],[110.81643486567657,0.91022563440554904],[110.81640854881556,0.91015942901447033],[110.81638223285381,0.91009322362339162],[110.81635591689212,0.91002701913168949],[110.81632960003105,0.90996081374061077],[110.81630328317004,0.90989460834953206],[110.81627696720835,0.90982840385777308],[110.81625065034729,0.90976219756743149],[110.81622433438559,0.9096959930756725],[110.81619801842385,0.90962978768459379],[110.81617170066352,0.90956358319283481],[110.81614538380251,0.90949737690249322],[110.81611906784076,0.90943117241073423],[110.81609275187907,0.90936496701965552],[110.816066435018,0.90929876072925708],[110.81604011905631,0.90923255623755495],[110.81601380309462,0.90916635084647623],[110.81603166003316,0.90909682156109284],[110.8160495169717,0.90902729137644656],[110.81606737301092,0.90895776299043973],[110.81608522994946,0.90888823280573661],[110.81610308598869,0.90881870441972978],[110.81612094292723,0.90874917423502666],[110.81613879986577,0.9086796449497001],[110.81615665590499,0.90861011566437355],[110.81617451284353,0.9085405845803507],[110.81619236888275,0.90847105619434387],[110.81621022582135,0.90840152690896048],[110.81622808186057,0.90833199762363392],[110.81624593879911,0.90826246833830737],[110.81626379573765,0.90819293815360425],[110.81628165177688,0.90812340976759742],[110.81629950871542,0.90805387958295114],[110.81631736565396,0.90798435029756774],[110.81633522169318,0.90791482191156092],[110.81635307863172,0.90784529172685779],[110.81637093557026,0.90777576244153124],[110.81638879340812,0.90770623225688496],[110.8164066494474,0.90763670387082129],[110.81642450638594,0.90756717458549474],[110.81644236332448,0.90749764440079161],[110.81646021936371,0.90742811601478479],[110.81647807630225,0.90735858583013851],[110.81649593324079,0.90728905744407484],[110.81651379017933,0.90721952636010883],[110.81653164621855,0.90714999797410201],[110.81654950315709,0.90708046868871861],[110.81656736009563,0.90701093940339206],[110.81658521703417,0.90694140921868893],[110.81660307397277,0.90687187993336238],[110.81662093091131,0.90680235064803583],[110.81660610378873,0.90673415415795944],[110.81659127756546,0.90666595856720278],[110.81657645224152,0.90659776387576585],[110.81656162511899,0.90652956738568946],[110.81654679889573,0.9064613717949328],[110.81653197177314,0.90639317530485641],[110.8165171464492,0.90632498061341948],[110.81650231932662,0.90625678502266283],[110.81648749220409,0.90618858943190617],[110.81647266508151,0.90612039294182978],[110.81645783795892,0.90605219735107312],[110.81644301173566,0.90598400176031646],[110.81642818461307,0.90591580527024007],[110.81641335928919,0.90584760967948341],[110.81639853306592,0.90577941498804648],[110.81638370594334,0.90571121759865036],[110.81636887972007,0.90564302290721344],[110.81635405259749,0.90557482641713705],[110.8163392272736,0.90550663172570012],[110.81632440015102,0.90543843523562373],[110.81630957392775,0.90537023964486707],[110.8162391669041,0.90535908985015112],[110.81616875898112,0.90534793915611544],[110.81609835195746,0.90533678756276004],[110.81602794493375,0.90532563776804409],[110.81595753701077,0.90531448707395157],[110.81588712998712,0.90530333727923562],[110.81581672296346,0.90529218568588021],[110.81574631414117,0.90528103499184454],[110.81567590801683,0.90526988519707174],[110.81560550099312,0.9052587354023558],[110.81553509217082,0.90524758380900039],[110.81546468514716,0.90523643311496471],[110.81539427722419,0.90522528242087219],[110.81532387020053,0.90521413082751678],[110.81525346317687,0.90520298013348111],[110.81518305525384,0.90519182943944543],[110.81511264823018,0.90518067784603318],[110.81504224120653,0.9051695271519975],[110.81497183328355,0.90515837555864209],[110.81490142715921,0.90514722486460641],[110.81488608112778,0.90507735923279142],[110.81487073599573,0.90500749539961589],[110.81485538996435,0.90493762976785774],[110.81484004483224,0.90486776593468221],[110.81482469880086,0.90479790030292406],[110.81480935366881,0.9047280355704288],[110.81479400763743,0.90465817083793354],[110.814778661606,0.90458830520617539],[110.81476331557462,0.9045184395743604],[110.81474797134189,0.90444857664056144],[110.81473262531046,0.90437871190806618],[110.81471727927908,0.90430884627630803],[110.8147019332477,0.9042389824431325],[110.81468658721627,0.90416911681131751],[110.8146712411849,0.90409925117955936],[110.81465589605284,0.90402938734638383],[110.81464055092073,0.90395952261394541],[110.81462520488935,0.90388965788145015],[110.81460985885798,0.90381979224963516],[110.81459451282655,0.90374992841651647],[110.81457916679517,0.90368006278470148],[110.81456382076379,0.90361019715294333],[110.81454847473236,0.9035403333197678],[110.81453312870099,0.90347046858732938],[110.81451778266961,0.90340060385483412],[110.81450243663818,0.90333073822301913],[110.8144870906068,0.90326087259126098],[110.81447174457543,0.90319100875808545],[110.81445639944332,0.90312114492496676],[110.81444105341194,0.90305127929315177],[110.81442570738056,0.9029814145606565],[110.81441036134913,0.90291154982821809],[110.81435425624397,0.90295242761249028],[110.81429815383677,0.90299330359812302],[110.81424204963093,0.90303418138239522],[110.81418594632441,0.90307505826734769],[110.81412984391721,0.90311593425303727],[110.81407373971138,0.90315681113798973],[110.81401763460622,0.9031976880229422],[110.8139615312997,0.90323856490789467],[110.81390542799318,0.90327944179284714],[110.81384932378734,0.90332031867779961],[110.8137932195815,0.90336119556275207],[110.81373711627498,0.90340207334708111],[110.81368101386778,0.90344294933271385],[110.81362490966194,0.90348382621766632],[110.81356880635536,0.90352470310261879],[110.8135127012502,0.90356557998757125],[110.813456598843,0.90360645597320399],[110.81340049463716,0.90364733285815646],[110.8133305633549,0.90363973718416446],[110.81326063297189,0.90363214240949219],[110.81319070258894,0.90362454583618046],[110.81312077130661,0.90361695016218846],[110.81305084092361,0.90360935358881989],[110.81298090964134,0.90360175791482789],[110.81291097835901,0.90359416224083589],[110.81284104797606,0.90358656566752416],[110.81277111759306,0.90357896999353216],[110.81270118631073,0.90357137431954015],[110.81263125592778,0.90356377774617158],[110.81256132464546,0.90355618207217958],[110.81249139336319,0.90354858639818758],[110.81242146298018,0.90354098982487585],[110.81235153259723,0.90353339415088385],[110.81228160131491,0.90352579757757212],[110.8122116709319,0.90351820190352328],[110.81214173964963,0.90351060622953128],[110.81207180836731,0.90350300965621955],[110.81200187798436,0.90349541398222755],[110.81193194760135,0.90348781830823555],[110.81186201631908,0.90348022173486697],[110.81179208593608,0.90347262606087497],[110.81180942756311,0.90340478570232108],[110.81182677008945,0.90333694534382403],[110.81184411081711,0.90326910678390959],[110.81186145334345,0.9032012664253557],[110.81187879407116,0.90313342696612153],[110.81189613569819,0.90306558660756764],[110.81191347822448,0.90299774624901374],[110.81193081895219,0.90292990768915615],[110.81194816057922,0.90286206733060226],[110.81196550310557,0.90279422787136809],[110.81198284473254,0.90272638841213393],[110.81200018725889,0.9026585471542603],[110.8120175279866,0.90259070859434587],[110.81203486961363,0.90252286823584882],[110.8120522112406,0.90245502877661465],[110.81206955286763,0.90238718841806076],[110.81208689359534,0.90231934895882659],[110.81210423612168,0.9022515086002727],[110.81212157774866,0.90218366914103854],[110.81213891937568,0.90211582968186121],[110.81215626100271,0.90204798932330732],[110.81217360262974,0.90198014986407316],[110.81219094515603,0.90191231040483899],[110.81220828588374,0.90184447094560483],[110.81222562841009,0.90177663058710777],[110.81216122256245,0.90174667596835434],[110.81209681761408,0.90171672134965775],[110.81203241356508,0.90168676673096115],[110.8119680104154,0.90165681211226456],[110.81190360456776,0.90162685659419139],[110.81183920141808,0.9015969019754948],[110.81177479557044,0.90156694735679821],[110.81171039242071,0.90153699273804477],[110.81164598837171,0.90150703811934818],[110.81158158342339,0.90147708260133186],[110.81151717937439,0.90144712798263527],[110.81145277442607,0.90141717336388183],[110.81138837037707,0.90138721874518524],[110.81132396632802,0.90135726412648864],[110.8112595613797,0.90132730860847232],[110.8111951573307,0.90129735398971889],[110.81113075238238,0.90126739937102229],[110.81106634833338,0.9012374447523257],[110.81100194428438,0.90120749103294884],[110.81093753933601,0.9011775364141954],[110.81087313528701,0.90114758089617908],[110.81080873123801,0.90111762627748249],[110.81074432628969,0.90108767075946616],[110.81067992224069,0.90105771614071273],[110.81061551729238,0.90102776062269641],[110.81055111414264,0.90099780690331954],[110.81051990766764,0.90093495058755479],[110.81048870299134,0.90087209786906897],[110.81045749741565,0.90080924155330422],[110.81042629183997,0.90074638883481839],[110.81039508626429,0.90068353341837337],[110.81036388068861,0.90062067890124808],[110.81033267511293,0.9005578243841228],[110.81030147043657,0.90049496986699751],[110.81027026396157,0.90043211534987222],[110.81023905928521,0.90036926083274693],[110.81020785281021,0.90030640631562164],[110.81017664813385,0.90024355179849636],[110.81014544165885,0.90018069638210818],[110.81011423698249,0.90011784276430262],[110.81008303140686,0.9000549873478576],[110.81005182583118,0.89999213373005205],[110.8100206202555,0.89992927921292676],[110.80995024920469,0.89993632540114277],[110.80987987815394,0.89994337069003905],[110.80980950890176,0.8999504168783119],[110.80973913785101,0.89995746306652791],[110.80966876769952,0.89996450925474392],[110.80959839664877,0.89997155544295993],[110.80952802559796,0.89997860073191305],[110.80945765544652,0.89998564692012906],[110.80941226036759,0.89999019299307292],[110.80938728529503,0.8999926940076648],[110.80931691424428,0.8999997401958808],[110.80924654499211,0.90000678638415366],[110.80917617394135,0.90001383167304994],[110.80910580378986,0.90002087786126594],[110.80908072259734,0.90002338876843169],[110.80903543273911,0.90002792404948195],[110.80896506258762,0.90003497023775481],[110.80889469243618,0.90004201732529054],[110.80882432138537,0.90004906261418682],[110.80875395033462,0.90005610970172256],[110.80868358018313,0.90006315588999541],[110.80861320913237,0.90007020297753115],[110.8085428398802,0.90007724916574716],[110.80847246882945,0.90008429535402001],[110.80840209867796,0.90009134064291629],[110.80833172762721,0.90009838773045203],[110.80826135657639,0.90010543481798777],[110.80819098642496,0.90011248100626062],[110.80812061627347,0.90011952719447663],[110.80805024522272,0.90012657428201237],[110.80797987597055,0.90013361957090865],[110.80790950491979,0.90014066665850123],[110.80784261064804,0.90012179438537032],[110.80777571457764,0.90010292031354311],[110.80770882120521,0.90008404714109247],[110.80764192783278,0.90006517396864183],[110.8075750326617,0.90004629989687146],[110.80750813838995,0.90002742582510109],[110.80744124501751,0.90000855265265045],[110.80737435074576,0.89998968037951954],[110.80730745557469,0.89997080720701206],[110.80724056130293,0.89995193403456142],[110.8071736679305,0.89993306086211078],[110.80710677275943,0.89991418679034041],[110.80703987758835,0.89989531361788977],[110.80697298421592,0.89987644134475886],[110.80690609084348,0.89985756817230822],[110.80683919567241,0.89983869499980074],[110.80677230140066,0.8998198218273501],[110.80670540802822,0.89980094865489946],[110.80663851285715,0.89978207638176855],[110.80657161858539,0.89976320320931791],[110.80650194181123,0.89978290016074425],[110.80643226413775,0.89980259711222743],[110.80636258736359,0.89982229406365377],[110.80629291058943,0.89984199101513695],[110.80622323381527,0.8998616879665633],[110.80615355614174,0.89988138491804648],[110.80608387936758,0.89990108186947282],[110.80601420259342,0.899920778820956],[110.80594452581926,0.89994047577238234],[110.80587484814578,0.89996017272386553],[110.80580517137162,0.89997986967529187],[110.80573549459746,0.89999956662671821],[110.80566581872262,0.90001926357820139],[110.80559614194846,0.90003896142894746],[110.80552646427498,0.90005865838043064],[110.80545678840014,0.90007835533185698],[110.80538711072666,0.90009805228334017],[110.8053174339525,0.90011774923476651],[110.80524775627902,0.90013744618624969],[110.80517808040418,0.90015714313767603],[110.80510840273064,0.90017684008915921],[110.80503872595648,0.90019653704058555],[110.80496904918232,0.90021623399206874],[110.80489813584035,0.9002319451482208],[110.80482722159906,0.90024765630431602],[110.8047563091564,0.90026336566182863],[110.80468539671375,0.90027907591866096],[110.80461448337178,0.90029478707481303],[110.80454357092913,0.90031049733164537],[110.80447265758716,0.9003262075884777],[110.80440174424518,0.90034191874462977],[110.80433083180253,0.90035762900140526],[110.80425991756118,0.90037334015755732],[110.80418900601785,0.90038905041438966],[110.80411809267588,0.90040476067122199],[110.80404718023323,0.90042047092805433],[110.80397626779057,0.90043618118488666],[110.8039053544486,0.90045189234098189],[110.80383444200595,0.90046760169849449],[110.80376352866398,0.90048331285464656],[110.80369261532201,0.90049902401079862],[110.80362170287935,0.90051473426763096],[110.8035507904367,0.90053044542378302],[110.80347987619541,0.90054615568061536],[110.80340896375276,0.90056186593739085],[110.80333805041079,0.90057757709354291],[110.80326713796808,0.90059328735037525],[110.80321540986336,0.90060474741119378],[110.80320527810119,0.90059999989011885],[110.80320494535198,0.90059980923388139],[110.80319258956644,0.90059272977072169],[110.80319193396065,0.9005923538541083],[110.80259577157767,0.90025074187826704],[110.80259297288745,0.90024913838709608],[110.8022716424224,0.90006500939273337],[110.80185311862658,0.89987348617250973],[110.80105411325678,0.89968194226787546],[110.80029316629663,0.89929890032402682],[110.79987464969537,0.89899247612191857],[110.79870721456638,0.89836828816601155],[110.79762984833889,0.89803485102760305],[110.7965645078458,0.89776669117992469],[110.79587964982602,0.89753685234393288],[110.7951567585776,0.8970389112168391],[110.79416756368215,0.89592815496041567],[110.7940154280696,0.89489404522407767],[110.79382525293312,0.89370673417846547],[110.79363508768921,0.89232792239573655],[110.79325473921489,0.88991499907797333],[110.79253197836817,0.88711905629946841],[110.79229638656903,0.88602194095983577],[110.79222767117017,0.88570193789416862],[110.79220078773625,0.88566230836886461],[110.79116240801875,0.88413157681088705],[110.7899068411279,0.88371020486209773],[110.78941224008287,0.88325057665281292],[110.7888415491982,0.8826760438643646],[110.78827777769732,0.88166666728290011],[110.78820999399608,0.88134596994058256],[110.78811873259349,0.88091420182900038],[110.78792855116177,0.87988009029396608],[110.78766226999784,0.87888427458966589],[110.78739601041758,0.87750545920960121],[110.78712973644826,0.87639474342273616],[110.7861785522984,0.87604998831636749],[110.78526542565891,0.87555203639743695],[110.7841201282414,0.8747613920246522],[110.78393379410937,0.87463275929445672],[110.78294454615394,0.87459440141054756],[110.78203141411853,0.87421134777554244],[110.78134657678316,0.87371340844708811],[110.78028126057177,0.87317714540898805],[110.77940618244941,0.87271749381733343],[110.778340841057,0.87264083110949286],[110.77714836160766,0.87220728144092163],[110.7768867065563,0.87204084570851137],[110.77640045931383,0.8714534148432449],[110.77606859239171,0.8709674409946615],[110.7759769388847,0.87073924342138298],[110.77591210495973,0.86943242686504618],[110.77593799374347,0.86924768723105217],[110.77659090244828,0.86800642765456359],[110.77676587364624,0.8670908431679436],[110.77676726489744,0.86696012401057487],[110.77621060163801,0.86494240596732652],[110.7755277940725,0.86386644538021073],[110.77533557927364,0.86356355371509608],[110.77373758921846,0.86314215928325666],[110.77271773733378,0.86273877827204615],[110.77261969234496,0.86271618640290626],[110.77087413163594,0.86256316136086753],[110.76999236975212,0.86268093927395739],[110.76979031726938,0.86266719403585057],[110.76774399089254,0.8619274243112045],[110.76720438327573,0.86160421336381887],[110.76631836400134,0.86107350903523638],[110.76567158867294,0.860422370196261],[110.7646453534004,0.85868256694698175],[110.76399767605199,0.85724337018541519],[110.76365527806871,0.85670714941545612],[110.76316072918439,0.85551982038344931],[110.76289446870481,0.85429420541328227],[110.7624760438344,0.85264728144693436],[110.76160100708086,0.85161312674443934],[110.76027122004081,0.85101877739469955],[110.75975277706908,0.85078707696209221],[110.7597443998842,0.85078333308439369],[110.75946731336586,0.84827742166572762],[110.7591301116654,0.84522785388242028],[110.75912306907446,0.84516415490185182],[110.7590154193262,0.84445004283526259],[110.75867780123957,0.84221040898324873],[110.75898734698853,0.84077467191360711],[110.76127805513818,0.83867761657876372],[110.76293869286644,0.83729813210317161],[110.76350444287579,0.83609848775506634],[110.76371750935562,0.83484086321533368],[110.76515902726737,0.83404215462178399],[110.76635279094859,0.83397792863854647],[110.76741618261082,0.8338034673561765],[110.76915902826659,0.834445634558449],[110.77067907318076,0.8343287083033033],[110.77087266034505,0.83422116017845838],[110.77278375026992,0.83315944305388712],[110.77381993294364,0.83116314955975668],[110.77691939961068,0.82526666722293385],[110.77708163011317,0.82496293289307232],[110.77837198368019,0.82254706969155222],[110.7790722911534,0.82074628431359997],[110.78035807616436,0.81743997717325101],[110.78154627484076,0.81565768005793871],[110.78293653589247,0.81396258210753558],[110.78417523689774,0.81280746679118465],[110.78451223804939,0.81254006417265146],[110.78609878603021,0.81128117158885971],[110.78635688426289,0.81107637707316371],[110.78806390002904,0.80799999960032665],[110.78839516980133,0.80666420329038147],[110.79141940008532,0.79446944400967823],[110.79156100463672,0.79391721890459621],[110.79155390628779,0.79389055220724458],[110.79153482267401,0.79381887174361054],[110.79150055940335,0.793731306554605],[110.79144078686289,0.79346899589751274],[110.79144078686289,0.7933776238783139],[110.79146362964286,0.79330909643772429],[110.79150170064304,0.79323295263867521],[110.79153805933402,0.7931677356025375],[110.79154321065073,0.79315849416923356],[110.79159954508299,0.79305744364614839],[110.79178990098319,0.79296988025583914],[110.7918774661722,0.79293561608585605],[110.79192695766301,0.79290896557637325],[110.7919650295625,0.79287089367687713],[110.79199929373249,0.7928252090162573],[110.79202975107222,0.7927528729467781],[110.79203736473266,0.79267292321685545],[110.79203355790241,0.79260439487694612],[110.79201832968221,0.79252063831683017],[110.79200379573865,0.79248672488250804],[110.79199459297615,0.7924666151422457],[110.79198698740959,0.79241107930789667],[110.79198318417667,0.79237086432397064],[110.79198318597531,0.79233447865328799],[110.7919793827424,0.79228851880014872],[110.79198128660715,0.79225596424140576],[110.79200982479364,0.79220808973161638],[110.79202694698608,0.79219277067988969],[110.79205738633937,0.79217553787083261],[110.79208972685944,0.79216021881910592],[110.79212967744274,0.79214681622261196],[110.79215821293127,0.79214681802130826],[110.79219055255203,0.79215256378984122],[110.79222099010667,0.79216022601366376],[110.79225713475904,0.7921678882374863],[110.79228186521595,0.79218129443125918],[110.79232371606668,0.79219853083759517],[110.79236754272796,0.79222081333989536],[110.79253297931359,0.79234391703818119],[110.79270112915384,0.79256610174422804],[110.79271368189097,0.79259304093613991],[110.79274982384533,0.79265240788237179],[110.79275820462749,0.79266285530655978],[110.79278977083135,0.79270219974677048],[110.79281259742351,0.79274433118598608],[110.79283922904722,0.79278071775598846],[110.79289629732631,0.7928247656504368],[110.79293814817703,0.79285540825054568],[110.79298951025777,0.79289754058908102],[110.79304277440457,0.79293201340175301],[110.79307891815762,0.79295691023327208],[110.79313979236758,0.79298946838929396],[110.79316578637201,0.79299937082436145],[110.79321017780751,0.79301628167610261],[110.79326581706385,0.79302800793624328],[110.79329197924153,0.79303352078039779],[110.79338709693701,0.79305076078401271],[110.79344036288251,0.79306033766448536],[110.79349933592567,0.79306225591841439],[110.79352787231352,0.79305459819119051],[110.79355830986816,0.79304310935208377],[110.79359065128762,0.79303162141223993],[110.79362679683925,0.79301821791648308],[110.79365723529321,0.79300864373396962],[110.79369718497719,0.79300290066339585],[110.79374093969267,0.79299907314873508],[110.79378849943976,0.79299333097748104],[110.79384937544836,0.79299141901884695],[110.79390834759221,0.79299333727271915],[110.79399014992555,0.79299717108261802],[110.79403009871015,0.79301057817571063],[110.794089070854,0.79303930611911255],[110.79426218315331,0.79310633978582246],[110.79438583363935,0.79315996635938291],[110.79451709508794,0.79322316801483339],[110.79461601511707,0.79326913326394788],[110.79480814897693,0.79337255170196386],[110.79491087403767,0.79343383690212477],[110.79503832865601,0.79351044385197156],[110.79510681202981,0.79355640730238974],[110.79514485784898,0.79358513434652878],[110.79517910043518,0.79360045609621466],[110.79522475631751,0.7936196080585205],[110.79527611929751,0.79363684626349595],[110.79531253194784,0.79364701219992639],[110.7953416798747,0.79365514926575997],[110.79536636716415,0.79365833556380494],[110.79547260317815,0.79367205202362356],[110.79552818128059,0.79367707383795505],[110.79558763006514,0.79367707743523397],[110.79565421317147,0.79366989904667662],[110.79573981873773,0.79367468973521227],[110.79580402403656,0.79368187531832746],[110.79585871630678,0.79368905910286003],[110.79594432277236,0.79368906270013895],[110.7960251727236,0.79370343026914725],[110.7961012670599,0.7937201900347759],[110.79616071584439,0.79372497982399182],[110.79622016372963,0.79374173869035758],[110.79626772077876,0.79377525372501623],[110.79632003524148,0.79381355675030818],[110.79636045796883,0.79385185887622356],[110.7964270383772,0.79391649405101816],[110.79645556936907,0.79399548870088665],[110.79647459003036,0.79405772718240542],[110.79649836630659,0.79413911582759056],[110.79650311832432,0.79421092939094251],[110.79652213898561,0.79426598588656816],[110.79656018480472,0.79430428801254038],[110.79659585281644,0.79432343997484622],[110.79664578857233,0.79435216791824814],[110.79670523735689,0.79437850186639025],[110.79675279530534,0.79438329165560617],[110.79680986718171,0.79437371927178901],[110.79687407337985,0.79434260362830855],[110.79694303609233,0.79431148798482809],[110.79695985431391,0.79429981388534543],[110.79701199880475,0.79426361707231763],[110.79708571893087,0.79420138308739752],[110.79716895118622,0.79412718092470413],[110.79724980473475,0.79405297786269102],[110.79732114795269,0.79397877480067791],[110.79739724588626,0.79390935972924126],[110.79747334381983,0.79384233865306442],[110.7975494417534,0.7937681355910513],[110.79760889413524,0.79370350761081454],[110.79765407787346,0.79365563489966462],[110.79770401812601,0.79360297509725797],[110.79774920096492,0.79355989037668451],[110.79779200599631,0.79352398494398813],[110.79783005541276,0.79349047530524786],[110.79788237167418,0.79345696476713101],[110.79796656260686,0.79343334497292517],[110.79806998464215,0.79342816577729991],[110.79820055721001,0.79346338322858401],[110.79832218781877,0.79351991641107134],[110.79841347620101,0.79355440181421955],[110.79848922609699,0.7936070040600498],[110.798494534795,0.79361231275805721],[110.79851920769534,0.79363698565839513],[110.7986248555527,0.79371122469331112],[110.79866197507016,0.79371979073579269],[110.79869296840582,0.79372064689039235],[110.79875385700495,0.79370459399189031],[110.79879025076951,0.79367750371386592],[110.79914828166795,0.79336208898928362],[110.79920096305409,0.79330720066684535],[110.79924003769764,0.79326648835780134],[110.79939984272863,0.79312095556770146],[110.79954443123057,0.79297159256498162],[110.79968140787076,0.79283754861404532],[110.79987165405367,0.79264222755682567],[110.79999341056748,0.79253116398206203],[110.80013419223923,0.79239712093044545],[110.80027497301165,0.79228605735568181],[110.80033965585051,0.79223243977531865],[110.80043097301103,0.79215201520338496],[110.80054892629198,0.79202562987893543],[110.80065546357883,0.7919145654049089],[110.80073917157557,0.79183796924695571],[110.80083048873615,0.79176520330156563],[110.80094844021841,0.79168094941633171],[110.80105878073817,0.79160818437026137],[110.80118807357081,0.79149585095279917],[110.80145457416933,0.79132928931528568],[110.80160556314627,0.79128372696249016],[110.80194230709185,0.79126274398049645],[110.8020043333334,0.79126467302626224],[110.80333692715755,0.79130610928956457],[110.80349530226647,0.79131103397708102],[110.80359145777959,0.79132623611695863],[110.80396004132291,0.79138450768891744],[110.80434924542141,0.79149340659546397],[110.80459870476648,0.79151242635742847],[110.80491139814256,0.79146355090222187],[110.80504769039868,0.7914422477615517],[110.80525476739365,0.79136069184249891],[110.80557032780843,0.79110106656099788],[110.80566931258875,0.79101731000088193],[110.80578352828724,0.79094497393145957],[110.80585967028759,0.79091070976147648],[110.8059281986275,0.79089167381175685],[110.80607286986714,0.79085740964177376],[110.80640031662136,0.79086485333039036],[110.80640789790624,0.79086502510085666],[110.80650307675563,0.79085360281158046],[110.80655637597602,0.79082314637116724],[110.80659444787551,0.79078888220118415],[110.80660022691899,0.79078201407872939],[110.8066368949768,0.79073843473105399],[110.8066730432264,0.79068290159466414],[110.80669587431521,0.79062353824576803],[110.80671489857377,0.790585238817755],[110.80673582669709,0.79054311007649858],[110.80676436488358,0.79050289599189227],[110.80678719597239,0.79043778687440636],[110.80679480783419,0.79039182702126709],[110.80679671169895,0.7903477818247211],[110.80680052032778,0.79028650202047857],[110.80680623102279,0.7902060720526265],[110.8068081348876,0.79016011219948723],[110.80681003875236,0.79012372742812431],[110.8068214547464,0.79008542800016812],[110.80683857783816,0.79004329835959197],[110.80685570092993,0.79001265935681886],[110.8068728240217,0.78997052971624271],[110.80688614298117,0.78993031473225983],[110.80690707020517,0.7898977610728366],[110.80693941162463,0.78986903762603333],[110.80698269689401,0.78985311872651209],[110.80709691079386,0.78986073328627526],[110.80713303925842,0.78987122207928451],[110.80718212965161,0.78988547543440291],[110.80721493242328,0.78989499835552124],[110.80723365181166,0.78993231842179057],[110.80727046016369,0.79000569680550825],[110.8073558166177,0.79012722309289529],[110.80744453024096,0.79031729660601968],[110.80747612612237,0.79045039896681146],[110.80751544088497,0.79061601901412359],[110.80754592340571,0.7908577522835003],[110.80755959939603,0.79089299581517025],[110.80757889435057,0.79094272202905813],[110.8075983107135,0.79096556480902791],[110.80762686418848,0.79098269689399103],[110.80766683905347,0.79099411828400434],[110.80770567177939,0.79099982897895416],[110.80771904559754,0.79100009068167765],[110.8077639208683,0.79100097111796686],[110.8077901900653,0.7909986868399983],[110.80781935238127,0.79099155791413978],[110.80784158721951,0.79098612331097229],[110.80791975539245,0.79091818042974182],[110.80801383257239,0.79083640777406572],[110.80804811742672,0.79080038363082394],[110.8081013869695,0.79072761588679441],[110.80817367987152,0.79067399920575099],[110.80826499613272,0.79062038432334703],[110.80836772569006,0.79057442806742984],[110.80846284608356,0.79052847271088922],[110.80859220996257,0.79047485782848526],[110.80870254868375,0.7904289042705841],[110.80882810843053,0.79037911870142352],[110.80894225128395,0.79034082377006598],[110.8090754192952,0.79030636084991102],[110.80919717131246,0.79028721608221986],[110.80929228990732,0.79027956015363543],[110.80941784605682,0.79027190602369046],[110.80952818477795,0.79023744130489604],[110.80962711110237,0.79017999620992896],[110.80969179394123,0.79013020884212892],[110.80976028091231,0.79009574232469504],[110.80981735278868,0.79007659395966812],[110.80987061873412,0.79007659665768415],[110.80999574320902,0.79011476298597927],[110.81045777440681,0.79035757634113679],[110.81063173206883,0.79043004640953995],[110.81074327228424,0.79045616811771424],[110.81078732197739,0.79046648424088062],[110.81080468338951,0.79046454260458177],[110.81103111199627,0.79043922668898858],[110.81116787189984,0.79036990244907201],[110.81147298578975,0.79015626040313691],[110.81150284777829,0.79012646226647121],[110.81155231139013,0.79009199395039786],[110.81160177500198,0.79004986610846117],[110.81164743268295,0.79002305821762775],[110.81168928623163,0.78999625032673748],[110.81175777320271,0.78997327264846717],[110.81181484417976,0.78996944603318298],[110.81185962771968,0.78996995235144141],[110.8123765868101,0.78995093798545213],[110.81262647063517,0.78991856239179015],[110.81282561920705,0.78989386161248376],[110.81292583066261,0.78987757578954643],[110.81305138771143,0.78986609144703834],[110.81316172643261,0.78984311556735065],[110.81326445509058,0.78982780101227945],[110.81336718284928,0.78980865624453145],[110.81346991240662,0.7897856803649006],[110.81360307861922,0.78975887607134609],[110.81369439488049,0.78970908960286579],[110.8137666877825,0.78965164270920241],[110.81382376055814,0.78959802602810214],[110.81384520039575,0.78956925401791977],[110.81386942093707,0.78953674802255591],[110.81389605795675,0.78944865942816023],[110.81390747485017,0.78936822856093158],[110.81390367431516,0.78929545901826259],[110.81389226281772,0.78921885836365391],[110.81387324305581,0.78914608702234545],[110.81383900406684,0.78906182504323397],[110.81380476327928,0.78901203317883528],[110.81371725834487,0.78894308935213076],[110.81365257910329,0.78889329568909261],[110.81359931405717,0.78886648420092342],[110.8135118064248,0.78883967001479505],[110.81338244614301,0.78882434376851052],[110.81328732844753,0.78882050995861164],[110.81326998322322,0.78881832730399992],[110.81319601488423,0.78880901482420995],[110.81311992234657,0.78877454201153796],[110.81304382890966,0.7887209181359367],[110.81298295469963,0.78867878579740136],[110.81293349558439,0.7886289930336261],[110.81291827995472,0.78856771233012068],[110.81291447762112,0.78850643162655842],[110.81292209038224,0.78845281224755581],[110.81295253063485,0.78838387291744993],[110.81301340844209,0.78834174597483297],[110.8130704821171,0.78828812929378955],[110.8131541883152,0.78823068240012617],[110.81323754377769,0.78817234427833682],[110.81366336916921,0.78800226629158487],[110.8148027463497,0.78762266695258631],[110.81515894622845,0.78752523440209643],[110.81663044933583,0.78712272663256044],[110.81694180542007,0.78702412856074488],[110.81722092080889,0.78690686056319237],[110.81747306373097,0.78675257736961157],[110.81753017068087,0.7867126016053021],[110.81758156783513,0.78665549465540607],[110.8176243980476,0.78658411096802183],[110.81765866221753,0.78652129332306231],[110.81770434777746,0.78645562033068472],[110.81772719055743,0.78642135616070163],[110.81777858681238,0.78635282692147257],[110.81781856167731,0.78630999670900792],[110.817888225861,0.78623528373140061],[110.81801558065456,0.7860987009943301],[110.81841969821056,0.78584905369092439],[110.81865617044599,0.78576698156098246],[110.81924723996821,0.78556183900769838],[110.81972466036484,0.78529044969457118],[110.81996203911689,0.785128572625581],[110.82011360815653,0.78494695094110511],[110.82018279480019,0.78472813059880764],[110.82021134827517,0.78465103711573647],[110.82021134827517,0.78458250787650741],[110.82020563668084,0.7845339669690361],[110.82014652963869,0.78433792285687787],[110.81997876740627,0.78400688690834386],[110.81962517286348,0.78342991425915898],[110.81944484260544,0.78318659638438248],[110.8193100324321,0.78309772088317686],[110.81917998776629,0.78304109596984972],[110.8190697048031,0.78302759174999892],[110.81902740878797,0.78303291213921966],[110.81891097626061,0.78305276377409427],[110.81880824670327,0.78306807922854205],[110.81875117572622,0.78308339738094901],[110.81875084117843,0.78308352868197062],[110.81866366629521,0.78311786299900632],[110.81859137429257,0.78314850020319682],[110.81852669235303,0.78318679693319382],[110.81845440035033,0.78323275408837389],[110.81839732667532,0.78329020188135701],[110.81834786306348,0.78333999014847677],[110.81831361957796,0.78336679893868677],[110.81826796189699,0.78338977661695708],[110.81822230421602,0.78342041472041046],[110.8181842556989,0.78343190266025431],[110.81813859891724,0.78343190086155801],[110.8180967471672,0.78342423863773547],[110.81806630961256,0.78340891778736932],[110.81801304636508,0.78337061476213421],[110.81798641384199,0.78332848422223833],[110.81796358814915,0.78327869325715938],[110.8179521757524,0.7832212418668405],[110.81796359264575,0.78316379317453766],[110.81797501133775,0.78307953299412247],[110.81799784332588,0.78298378397448687],[110.81802828537712,0.78290718511857449],[110.8180701407245,0.78280760588637577],[110.81810819373823,0.78267738765134709],[110.81816527280915,0.78248588961218957],[110.81820332492356,0.78238631127931058],[110.81826039859857,0.78231354263590447],[110.81827483181809,0.78229417303771243],[110.81830605807818,0.78225226463035824],[110.8183364992301,0.78218332619957209],[110.81837455044518,0.78210289803035948],[110.81841260166033,0.78198033932125099],[110.81843923957928,0.78188076008905227],[110.81846587569964,0.78179650080789997],[110.8184653343078,0.78178612173218198],[110.81846207516469,0.78172373126523098],[110.81844899182755,0.78167894682599126],[110.81844305360408,0.7816586203491056],[110.81842783707509,0.78162031912245311],[110.81837457292824,0.78156669614617158],[110.81833652710912,0.78153222513213905],[110.8182642387037,0.78149009099496425],[110.81817673017201,0.78148625718506537],[110.81811205003112,0.78148625538642591],[110.81796746872374,0.78152071830652403],[110.81778103476699,0.78155135011473931],[110.81762504106285,0.7815628335579845],[110.81751159428472,0.78156282816206613],[110.8175070940772,0.78156282816206613],[110.81740817135011,0.78156282366541063],[110.81732446784997,0.78155515964294864],[110.81725978770908,0.78153217836739941],[110.81721032859383,0.78148621491692438],[110.81719130883192,0.7814096142623157],[110.81718750829691,0.78132152386928055],[110.81721794765025,0.78125258543849441],[110.81725980479621,0.78115683641891565],[110.8173016610429,0.78106108829865661],[110.81736254064879,0.78096534017834074],[110.81743483534945,0.78085810321891813],[110.81751473921389,0.78075469737143521],[110.81773293812466,0.78047420332188722],[110.81815062734961,0.78005521367720121],[110.81940019396382,0.77880175659583983],[110.8204518773523,0.77796812642793611],[110.82054165127624,0.7778969657724133],[110.82081723862473,0.77765181777721182],[110.8211785772296,0.77715961792205235],[110.82136703016437,0.77698829707230743],[110.82157261608342,0.7768226860181926],[110.82177249040819,0.77671418281335036],[110.8220026242218,0.77656689724454964],[110.82205802605711,0.77653143967427241],[110.82218366134697,0.77643435785938664],[110.82234927240108,0.77630872256952443],[110.82242922123163,0.7762401942296151],[110.82260054298075,0.77611455893980974],[110.82272617827056,0.7760231869206109],[110.82283468237478,0.7758804204451053],[110.82286323495038,0.7757433628659669],[110.82285560959878,0.7757113371085893],[110.82283468237478,0.77562343827111135],[110.82281755028976,0.77543498443702674],[110.82281183869549,0.775303637552895],[110.82285181356042,0.77511518461813012],[110.82296031676526,0.77496670744761786],[110.82312021712437,0.77482964986847946],[110.82322814116583,0.77473183600545781],[110.82322874191294,0.77473129101633731],[110.8233095945622,0.77465469485832728],[110.82339520372574,0.7745876728828307],[110.82348081378859,0.77450150074372459],[110.82362825224209,0.77440097002880748],[110.82372812825059,0.77434831112572056],[110.82382324684545,0.77432916455933309],[110.82392787756953,0.77430523180106547],[110.82403726300936,0.77430523629766412],[110.82412287037425,0.7743100278855195],[110.82419420819622,0.77432439275656861],[110.82431786138028,0.77433397323432018],[110.82442249030572,0.77434833990400875],[110.82448301108218,0.77436984629139261],[110.8245033393577,0.77437706874678724],[110.82459845615386,0.77441537267134208],[110.8247268631543,0.77447761564951634],[110.82496477520425,0.77459551137377503],[110.82510183188407,0.77468688159433441],[110.82515151762851,0.77473183600545781],[110.82522175737824,0.77479538479923349],[110.8253416819731,0.77494957356401528],[110.82550158233221,0.77500097071828122],[110.82560437394278,0.77500668231260761],[110.82578140638685,0.77498954932826791],[110.82600983418655,0.77500097071828122],[110.82614118107074,0.77504094558321412],[110.82614210467443,0.77504125405067725],[110.82629536983552,0.77509234183816034],[110.82639320438295,0.77515715597803592],[110.82685629498206,0.77546395160015891],[110.82716845506019,0.77571561878085049],[110.82737469298775,0.77583473398584601],[110.82747177480263,0.77594323719068825],[110.82753459334685,0.77604031900557402],[110.82758598870248,0.77612598032976621],[110.8276488072467,0.77617737568539269],[110.82787152525077,0.77616024360042957],[110.82800858193059,0.77608600456551358],[110.82823700973029,0.77596607997065803],[110.82842546266505,0.77590897302076201],[110.82856252024419,0.77586899815577226],[110.82872241970398,0.77582902329083936],[110.82891087263874,0.77580617961154985],[110.82910503716778,0.77577762703589315],[110.82910833408243,0.7757769327592996],[110.829213541272,0.77575478425592337],[110.82947623324162,0.77570909779666408],[110.8296589763807,0.7756577024410376],[110.82976747868628,0.77563485876174809],[110.82995593341963,0.77559488389681519],[110.83021291379498,0.7755206448618992],[110.83035568206913,0.77544640582704005],[110.83061837403881,0.77530934914722138],[110.83076114231295,0.7752008459423223],[110.83082967065286,0.77508663114315368],[110.830966728232,0.77486962473346921],[110.83108094213185,0.77473827784928062],[110.83121799881167,0.77459551137377503],[110.83134934479648,0.77449271796461971],[110.83152066564628,0.77437279336976417],[110.83172054087032,0.77425286787558889],[110.83189186172012,0.77415007626507304],[110.8320746048592,0.77403586056658469],[110.83244009023804,0.77379601227619332],[110.83285126117681,0.77359613705215224],[110.83311395314649,0.77348763384725316],[110.83341091018542,0.77332773438746472],[110.83378210625926,0.77315070194339341],[110.83408477309388,0.77303077734853787],[110.83430749109789,0.7728366128194466],[110.83449594403265,0.77267671335965815],[110.83466726488246,0.77253394598488967],[110.83490140427642,0.77235691444008125],[110.83514125436545,0.77225412103092594],[110.83563808482984,0.7720371137218649],[110.8361292063978,0.77180868592216711],[110.83646613830172,0.77166020785233513],[110.8368544655612,0.77155170374817317],[110.83716284399014,0.7714546219332874],[110.83757972562393,0.77134040803343851],[110.83781957481358,0.77130614386351226],[110.83813937463248,0.77120906204862649],[110.83846488514638,0.77111198023374072],[110.83877897427033,0.77101489841885495],[110.83900740207002,0.77092923709466277],[110.83937167516274,0.77079675886335508],[110.83940327733944,0.77078524933983772],[110.8390893455969,0.7700391007239773],[110.83878029627374,0.76827138881361634],[110.83872575778753,0.76795944007614025],[110.8384816512073,0.76656319763350211],[110.83837007142171,0.76592497935433812],[110.83919653579153,0.76516780505022552],[110.83974349086947,0.7644018218866222],[110.84089682642747,0.7636238930282957],[110.84103238933335,0.76354781757777346],[110.84153156882689,0.76326768775362552],[110.84224039467853,0.76286990861945014],[110.84321537219171,0.762367254145488],[110.84361991242906,0.76175645799418135],[110.84366767092632,0.76168434855389933],[110.84367297512779,0.76167634009107132],[110.84378610984118,0.76150552286162565],[110.84378611163982,0.76144567927474327],[110.84378611523709,0.76138583478848432],[110.84378611703573,0.76132599030228221],[110.84378611883437,0.76126614581602325],[110.84378612063301,0.76120630222908403],[110.84378612333097,0.76114645774288192],[110.84378612512961,0.7610866141559427],[110.84378612692825,0.76102676966974059],[110.84378612872695,0.76096692608280136],[110.84378613232423,0.76090708159659926],[110.84378613412287,0.76084723800966003],[110.84378613502219,0.76083157541694391],[110.8437861359215,0.76078739442277765],[110.84378613772014,0.76072036885000216],[110.84378614131742,0.7606533441765464],[110.84378614311606,0.76058631770445118],[110.84378614581402,0.76051929303099541],[110.84378614761266,0.76045226835753965],[110.84378615031068,0.7603804547941877],[110.84378615300864,0.76030864302947521],[110.8437861557066,0.76023683036549983],[110.84378615840455,0.76016501680214787],[110.84378616020319,0.76010517321520865],[110.84378616290115,0.76004532872900654],[110.84378616469979,0.75998548514206732],[110.84378616739775,0.75992564065586521],[110.84468983406867,0.75862107420323355],[110.84476123933979,0.75675394403936025],[110.84559355020224,0.75590418902714873],[110.84650907713228,0.75540153185528425],[110.84825687175731,0.75523403042620885],[110.84921939995542,0.75494444423077312],[110.85545824430261,0.75542063795211334],[110.85672253641599,0.755517137905656],[110.86377211509108,0.75604446887717813],[110.86388437296552,0.7560186502405486],[110.86407187801484,0.75597552415115388],[110.86589903061582,0.75555527995226157],[110.86679182897979,0.75534993685016616],[110.86927342093168,0.75477917042240961],[110.86928334674911,0.75415449413463875],[110.86931562341732,0.75212322240884077],[110.86931900486826,0.7519103591757812],[110.86933528259726,0.75088589376900927],[110.8693535055599,0.74973903512841389],[110.86938489279862,0.74776366076440581],[110.86794915123238,0.74728778000707052],[110.86748069797591,0.74713250935786846],[110.86584538155915,0.7465904780681285],[110.86384656007073,0.74592796010733764],[110.86311698416154,0.74526343755763946],[110.85721536579655,0.74422694911447707],[110.85189165897293,0.74373593906238966],[110.85142334691,0.74369274642316441],[110.85096464500242,0.74401201564205621],[110.85097075589573,0.74383948970074698],[110.8509693340676,0.74380939568709437],[110.85096652728345,0.74375002334494411],[110.85095529475109,0.74369347667266084],[110.85094406221873,0.74363693089969729],[110.85093657536271,0.74356530709331992],[110.85092908670805,0.74349368238756597],[110.85092159985203,0.74342205768186886],[110.85092160344931,0.74335985787121217],[110.85092160524795,0.74329765806049863],[110.85093003279485,0.7432326307813355],[110.85093846124107,0.7431676044014921],[110.85096374118376,0.74309974965376568],[110.85098902022719,0.74303189580541584],[110.8510157031123,0.74298100586878491],[110.8510423859974,0.7429301168314737],[110.85106906978183,0.74287922689484276],[110.85109575266694,0.74282833695821182],[110.85112664887583,0.74277461955307444],[110.85115754508467,0.74272090214793707],[110.85118750509935,0.74267943710640338],[110.85121746421464,0.74263797116549313],[110.85124742422931,0.7425965061239026],[110.85128112812163,0.74255881014101988],[110.85131483291326,0.74252111415813715],[110.85134853680557,0.74248341817525443],[110.85140471025926,0.7424381840749561],[110.85146088281357,0.74239294907539488],[110.8515170562672,0.74234771497509655],[110.85157322882151,0.74231378984956109],[110.85162940227514,0.7422798638247059],[110.85168838341224,0.74225300737043653],[110.85174736364996,0.74222615001684744],[110.85180634478706,0.74219929266325835],[110.85186532592411,0.74217243620898898],[110.85192823889719,0.74215095140533549],[110.85199115187021,0.74212946570230542],[110.85205406484329,0.7421079799993322],[110.85211697781631,0.74208649519562186],[110.85217989078939,0.74206501039196837],[110.85224168140854,0.74204427922018112],[110.852303470229,0.7420235471490173],[110.85236525994884,0.74200281597723006],[110.85241160291321,0.74197171832020103],[110.85245794497826,0.74194061976385228],[110.85250428794262,0.74190952120750353],[110.85255063000761,0.74187842265115478],[110.85259556913024,0.74184072666827205],[110.85264050735361,0.74180303158470906],[110.85268544557692,0.74176533560182634],[110.85272055510961,0.74171161909600869],[110.85275566374293,0.74165790169087131],[110.85279077327561,0.74160418518505367],[110.85282588190898,0.74155046777991629],[110.85286071085318,0.74148826886857933],[110.85289553889805,0.74142606995718552],[110.85293036784225,0.74136387194516828],[110.85296519588712,0.74130167303383132],[110.85300002483132,0.74123947412249436],[110.85303092104022,0.74118151641391705],[110.85306181814843,0.74112355780602002],[110.85309271435733,0.74106560009744271],[110.85312360966691,0.74100764238880856],[110.85314888871028,0.74095533781866152],[110.85317416775371,0.74090303504709709],[110.85319944679708,0.74085073137621293],[110.85322472584051,0.74079842680600905],[110.85324906868965,0.74075130682740564],[110.85327341063947,0.74070418594948251],[110.85329775438794,0.7406570659708791],[110.85331741626578,0.74060476229999495],[110.85333707814368,0.74055245862911079],[110.85335673912226,0.74050015495822663],[110.85337640100016,0.74044785128734247],[110.85342134012279,0.74040827122479413],[110.8534662783461,0.74036869026286922],[110.85351121656947,0.74032911020032088],[110.8535575604331,0.74029235670695925],[110.85360390159883,0.74025560411286051],[110.8536502445632,0.74021885061949888],[110.85369658842689,0.74018209802545698],[110.85374714381567,0.74013969139366509],[110.85379770010383,0.74009728296329058],[110.85384263922646,0.74004865482163495],[110.85388757834914,0.74000002757924221],[110.85393251567314,0.73995140033690632],[110.85397745479577,0.73990277309457042],[110.8540223939184,0.73985414495285795],[110.85405422632152,0.73981456399098988],[110.85408605782538,0.73977498392844154],[110.85411789022851,0.73973540296651663],[110.85414552729429,0.73968854918723537],[110.85415346740865,0.73967508903416501],[110.85418904458879,0.73961477510181339],[110.85422462176894,0.73955446116951862],[110.85423866738063,0.73948943478961837],[110.85425271209306,0.73942440840977497],[110.85424428904275,0.73935372619354212],[110.85423586509319,0.73928304307804638],[110.85425646316531,0.73923403812040078],[110.85427706123744,0.7391850322634923],[110.85429765930957,0.73913602730584671],[110.8543463423099,0.7391077562180044],[110.85439502531023,0.73907948513016208],[110.85444370831055,0.73905121404231977],[110.85450830571381,0.73902294295447746],[110.85457290401638,0.73899467276595487],[110.85462907657069,0.73896357510892585],[110.85468525002432,0.7389324765525771],[110.85474142167931,0.73890137799622835],[110.85479759513299,0.73887028033919933],[110.85483878767997,0.73884200925135701],[110.85487998202564,0.73881373726419497],[110.85492117457261,0.73878546617635266],[110.85496049742909,0.73874305774597815],[110.85499981758755,0.73870065111418626],[110.85503914044403,0.73865824268381175],[110.85507846060256,0.73861583515270013],[110.85511216629351,0.73855929117837604],[110.85514587108514,0.73850274630473223],[110.85516459586944,0.73845751040585128],[110.85518332155311,0.73841227540623322],[110.85520204723673,0.7383670386079757],[110.85521702814339,0.73831237871337407],[110.85523200815072,0.7382577188187156],[110.85524698905738,0.73820305892405713],[110.85525822518701,0.73814085911340044],[110.85526946221597,0.73807866020206347],[110.85528069834561,0.73801646039140678],[110.85528631730978,0.73794860564368037],[110.85529193717321,0.7378807508960108],[110.85529755613737,0.73781289704760411],[110.85530317600086,0.73774504229993454],[110.85530879496497,0.73767718755220812],[110.85531441392914,0.73761875769957896],[110.85532003289325,0.73756032784689296],[110.85532565185741,0.7375018979942638],[110.85533876127488,0.73744535312061998],[110.85535186889371,0.73738880824697617],[110.85536497831117,0.73733226337327551],[110.85540710795175,0.73728420090520785],[110.85544923759232,0.73723613933640308],[110.85550353775812,0.73720975322760296],[110.85555783882324,0.73718336621942626],[110.8556121389891,0.73715698011056929],[110.85566550296068,0.73713719142830314],[110.85571886603293,0.73711740184666041],[110.85578767675992,0.73710326810140714],[110.85585648838628,0.73708913435609702],[110.855925298214,0.73707499971152401],[110.85599410894105,0.7370608659662139],[110.85606151492703,0.73704673222096062],[110.85612892091302,0.73703259667706789],[110.8561822848846,0.73700998142555818],[110.85623564885617,0.73698736437540902],[110.85627497081333,0.73693459035911246],[110.85631429187112,0.73688181544349618],[110.85635361382828,0.73682904142714278],[110.85636485085723,0.73676118667947321],[110.85637608698687,0.73669333283106653],[110.85638732311651,0.73662547808339696],[110.85639856014552,0.73655762423499027],[110.85640558385069,0.73649401069008036],[110.85641260665653,0.73643039804449018],[110.85641963126102,0.73636678360020369],[110.85642665406687,0.73630317095461351],[110.85643789109588,0.73623814367545037],[110.85644912722552,0.73617311729555013],[110.8564659796213,0.73612081272540308],[110.85648283381579,0.73606850905451893],[110.85649968711095,0.73601620538363477],[110.85651654040606,0.73596390081343088],[110.85655726620496,0.7359172520795596],[110.8565979920038,0.7358706042450649],[110.85663871690332,0.73582395461187389],[110.85667944270216,0.73577730587800261],[110.85674497719901,0.73576034466424289],[110.85681051169581,0.73574338255110661],[110.85687604619261,0.73572642223666662],[110.85694345217865,0.73572265407727855],[110.85701085816464,0.7357188868172102],[110.85707826415063,0.73571511865782213],[110.85712039289189,0.73570946641876844],[110.85716252073382,0.73570381328039502],[110.85719622462614,0.73567554219255271],[110.85722992941777,0.73564727020539067],[110.85723554838194,0.73559637936944],[110.85722712263367,0.73555962407743891],[110.85721869868405,0.73552286878543782],[110.85717938122355,0.73547197705016742],[110.85714006196434,0.73542108531489703],[110.85708669979141,0.73540129303529511],[110.85703333671916,0.73538149985637347],[110.85697154879801,0.73536264916697291],[110.85690976087682,0.73534379937689209],[110.85684797295562,0.73532494778817181],[110.85678618503448,0.73529950057155702],[110.85672439711328,0.73527405335494223],[110.85667103494035,0.73523164312587141],[110.85661767276747,0.73518923199748087],[110.85657723115435,0.7351304226309594],[110.8565367904406,0.73507161506302054],[110.85649634792816,0.73501280569649907],[110.85645590721441,0.73495399812856022],[110.85641546470197,0.7348951887619819],[110.85638850392638,0.7348431656795924],[110.85636154405006,0.73479114439584237],[110.85633458327447,0.73473912131345287],[110.85630762339815,0.7346870991303831],[110.85628066172325,0.73463507604799361],[110.85625257769436,0.73458418431272321],[110.85622449276622,0.73453329167813308],[110.85618798298907,0.73448805487987556],[110.85615147321198,0.73444281718229831],[110.85610513294557,0.73440040695328435],[110.85605879267922,0.73435799582489381],[110.85601245241281,0.73431558559582299],[110.8559661121464,0.73427317536680903],[110.85591555855626,0.7342335908076052],[110.85586500586538,0.73419400804709767],[110.85583130377171,0.73415819524456083],[110.85579760257735,0.73412238064338453],[110.855763901383,0.73408656784090454],[110.85572739070659,0.73402578086512449],[110.85569088182882,0.73396499299008156],[110.85565437205167,0.73390420601435835],[110.85561786227458,0.73384341813925857],[110.85558753083995,0.73378460967205683],[110.85555720120391,0.73372580210411797],[110.85552686976928,0.7336669927375965],[110.85549654013329,0.73360818516965765],[110.85546620869866,0.73354937670239906],[110.85544233799357,0.733494243764369],[110.85541846728847,0.73343911172565868],[110.8553945947848,0.73338397878762862],[110.85537072407971,0.73332884584959857],[110.85534825721635,0.73327512664582173],[110.85532579035299,0.73322140924068435],[110.85530332259032,0.73316769003690752],[110.85528085572696,0.73311397083313068],[110.8552513678564,0.73305601132591391],[110.85522187998583,0.73299805091937742],[110.85519239211527,0.73294009141216065],[110.85516290424471,0.73288213100556732],[110.85513294782731,0.73281993029559089],[110.85510299140998,0.73275772868629474],[110.85507303499264,0.73269552797626147],[110.85505337671202,0.7326276732285919],[110.85503371933072,0.73255981758154576],[110.85503746590638,0.73250327270790194],[110.85504121158272,0.7324467269349384],[110.85504495905769,0.73239018206129458],[110.85506743041765,0.73232986722962323],[110.85508989997896,0.73226955329727161],[110.85511237133892,0.73220923756628054],[110.8551432666485,0.73215834762970644],[110.8551741628574,0.73210745859239523],[110.85520505906629,0.73205656865576429],[110.85523595527519,0.73200567871913336],[110.85525278698657,0.7319792062754118],[110.85526591528981,0.73195855874052995],[110.85529587440516,0.73191143786260682],[110.85532583441977,0.73186431788400341],[110.85534268681562,0.73181059957954631],[110.85535954011073,0.73175688307372866],[110.85537639340589,0.73170316566859128],[110.85539324580174,0.73164944826345391],[110.85540027040622,0.73158300725003755],[110.85540729411139,0.73151656713588409],[110.85541431691723,0.73145012612246774],[110.85542134062246,0.73138368510905138],[110.8554232148096,0.7313196003193525],[110.85542508989602,0.73125551642897335],[110.85542696408316,0.73119143074001158],[110.85544100879559,0.73113488586631092],[110.85545505440729,0.73107834099266711],[110.85546909822034,0.73102179611902329],[110.85548314293277,0.73096525124537948],[110.85549437906241,0.73091436040942881],[110.85550561519204,0.73086346957353499],[110.85551685132168,0.73081257873758432],[110.85554213036511,0.73074472488917763],[110.85556740940848,0.73067687194014752],[110.85560111420011,0.73062174080075692],[110.85563481899175,0.73056661056068606],[110.85566852288406,0.73051148032061519],[110.85570222767575,0.7304563491812246],[110.85574154963285,0.73039980520690051],[110.85578087159001,0.73034326033325669],[110.85582019444649,0.73028671635893261],[110.8558407916193,0.73023582642230167],[110.85586138879211,0.730184935586351],[110.85588198686429,0.73013404564972006],[110.85588198866293,0.73006901926987666],[110.85588199136089,0.73000399109133696],[110.85589322659121,0.72995310115476286],[110.85590446272084,0.72990221031881219],[110.85591569885048,0.72985132038218126],[110.85594565886515,0.7298060853825632],[110.85597561798045,0.72976084858436252],[110.85600557799506,0.72971561358474446],[110.85604770763564,0.72967603442151585],[110.85608983817554,0.72963645256027121],[110.85614039266505,0.72960111370048253],[110.85619094895321,0.72956577484069385],[110.85624150434199,0.72953043508158544],[110.85629205883151,0.72949509622173991],[110.85633512466632,0.7294705941926054],[110.85637818960186,0.72944609306279062],[110.85642125633598,0.72942159103365611],[110.85646900314202,0.72938483843961421],[110.85651674994813,0.72934808494619574],[110.85655466806355,0.7292971950095648],[110.85659258527966,0.72924630597231044],[110.85663050339508,0.7291954160356795],[110.85666841971187,0.72914452609904856],[110.85669463494952,0.72909552114145981],[110.85672085018717,0.72904651528449449],[110.85674706542477,0.72899751032690574],[110.85678076931708,0.72895792936498083],[110.85681447320945,0.72891834930243249],[110.85684817710177,0.72887876834050758],[110.85687907331067,0.72882646466968026],[110.85690996862024,0.72877416099879611],[110.85694086482908,0.72872185822723168],[110.85697176103798,0.72866955365702779],[110.85699984866415,0.72861074788772839],[110.85702793629031,0.72855194121916611],[110.85705602391641,0.72849313455054698],[110.85708411064326,0.7284343278819847],[110.85711219916874,0.7283755221126853],[110.85714777634888,0.72831332320134834],[110.85718335442834,0.72825112518933111],[110.85721893070917,0.72818892627799414],[110.85726667841453,0.72813945007561642],[110.85731442522064,0.72808997477255843],[110.857362172926,0.72804049857018072],[110.85740991973205,0.72799102326717957],[110.85744549601287,0.72795521226328219],[110.85748107319301,0.72791940125938481],[110.85751664857452,0.72788359025554428],[110.85755878001373,0.7278298728504069],[110.85760090965431,0.72777615634458925],[110.85764210399998,0.72774034534069187],[110.85768329744627,0.72770453523617107],[110.85772449089262,0.72766872423227369],[110.85777925870588,0.72765176211919425],[110.85783402561987,0.72763480000605796],[110.85788879433244,0.72761783789297851],[110.85794356124643,0.72760087577984223],[110.85800113674316,0.72758815486952244],[110.85805871403846,0.72757543395914581],[110.85811629043451,0.72756271304882603],[110.85817386593124,0.7275499921384494],[110.85823453239783,0.72753416137248905],[110.85829519796505,0.72751832970720898],[110.858355862633,0.72750249984056836],[110.8584165290996,0.72748666907455117],[110.85847719466688,0.72747083830859083],[110.85854460155218,0.72745104962626783],[110.85861200843749,0.72743126094400168],[110.85867520109969,0.72742278123638471],[110.85873839376194,0.72741430062950485],[110.85880158732346,0.72740582092194472],[110.85886477998565,0.7273973412143846],[110.85893593074866,0.7273992279920094],[110.85900708061234,0.72740111566901078],[110.85907823227467,0.72740300334595531],[110.85913861635413,0.72741007291659798],[110.85919900043359,0.72741714338650354],[110.85925938361373,0.72742421295708937],[110.85931976769319,0.72743128342705177],[110.85937453460713,0.7274482482380904],[110.85942930242044,0.72746521394850561],[110.85948406843505,0.72748217875960108],[110.85953883534904,0.72749914357063972],[110.85958751565141,0.72751987923908246],[110.85963619775237,0.72754061400820547],[110.85968487895406,0.72756134877727163],[110.85974666597593,0.72759810586791218],[110.85980845389707,0.72763486205928984],[110.85987024181827,0.72767161914993039],[110.85993202884009,0.72770837534130806],[110.85998370568353,0.72773777957490893],[110.86003538342629,0.72776718470782953],[110.86008706026968,0.7277965907401267],[110.86013873711306,0.7278259958730473],[110.8601904139565,0.72785540100602475],[110.86024883121866,0.72788480613894535],[110.86030724938013,0.72791421217118568],[110.86036566574296,0.72794361730416313],[110.86042408390443,0.72797302333640346],[110.86048250116653,0.72800242757000433],[110.8605424157999,0.72803258813348748],[110.86060233223191,0.72806274689827433],[110.86066224686527,0.72809290656243775],[110.86072216239796,0.72812306622660117],[110.86078207793059,0.72815322589070774],[110.86084199256396,0.72818338465555144],[110.86090153397868,0.72821392113559114],[110.86096107539339,0.72824445761568768],[110.86102061500941,0.72827499409572738],[110.86108015642412,0.72830553057582392],[110.86113969693952,0.72833606705592047],[110.86119699094843,0.72836434084172197],[110.86125428495734,0.72839261642616293],[110.86131157986557,0.72842089021196443],[110.86136887387448,0.72844916489708567],[110.86142616788339,0.72847743868288717],[110.86148795580459,0.72850288679882169],[110.86154974372573,0.72852833401543649],[110.86161153164693,0.72854643017365106],[110.86167331956813,0.72856452723118537],[110.86173510838859,0.72858262338939994],[110.86179689630978,0.72860072044693425],[110.86185868423098,0.72861881570582909],[110.8619279617061,0.72863012737855115],[110.8619972400806,0.72864143905121637],[110.86206651755577,0.7286527498246187],[110.86212081682231,0.7286546366022435],[110.86217511608879,0.72865652337992515],[110.86222941535527,0.72865841015754995],[110.86230056611828,0.72865087293945408],[110.86237171598196,0.72864333482209531],[110.86244286674497,0.72863579760399944],[110.86256925386806,0.72860470174560987],[110.8626324483289,0.72858915426610338],[110.86269564099109,0.72857360588727715],[110.86276023929366,0.72855098973644772],[110.86282483669692,0.72852837268629855],[110.86288194634483,0.72849916000825488],[110.86293905419404,0.72846994643094831],[110.86299616294264,0.7284407328535849],[110.86305327169117,0.72841152017554123],[110.86311038043976,0.72838230569891493],[110.86316748918836,0.72835309302087126],[110.8632264703254,0.72831775416108258],[110.86328545056313,0.7282824153012939],[110.86334443170023,0.72824707644144837],[110.86340341283727,0.72821173668233996],[110.86345958629096,0.72817102617199225],[110.86351575884527,0.72813031476226797],[110.86357193139958,0.72808960335254369],[110.86362810395389,0.72804889194287625],[110.86368427740751,0.7280081814324717],[110.8637432576453,0.72797001510417658],[110.86380223968166,0.72793184877582462],[110.86386122081876,0.7278936824475295],[110.86392020195581,0.72785551611923438],[110.86396373633744,0.72781452232237598],[110.86400727071901,0.72777352762625469],[110.86405080510065,0.72773253293007656],[110.8640943385829,0.727691539133275],[110.86413365964074,0.72764630413365694],[110.8641729815979,0.72760106913409572],[110.86421230265569,0.72755583413447766],[110.86424319886459,0.72751059913491645],[110.86427409417416,0.72746536323597866],[110.86430499038306,0.7274201282363606],[110.86433588479332,0.72737489233747965],[110.86436584480793,0.72731646338411338],[110.86439580482261,0.72725803263216449],[110.86442576483722,0.72719960367879821],[110.86445572395257,0.72716002271693014],[110.86448568396719,0.72712044175500523],[110.86451564308254,0.72708086079313716],[110.86456338988859,0.7270398669963356],[110.86461113669469,0.7269988731994772],[110.86465888440006,0.72695787940267564],[110.8647066312061,0.72691688470649751],[110.86475156942947,0.72689426765634835],[110.86479650675346,0.72687165240489549],[110.86484144497678,0.72684903535474632],[110.86489948902027,0.72684526719535825],[110.86495753306377,0.72684149903602702],[110.86501557710727,0.72683773087663894],[110.86506425920828,0.72684150173398621],[110.86511294040992,0.72684527259127663],[110.86516162161161,0.72684904434794362],[110.86521779326659,0.72686412507937348],[110.86527396402226,0.72687920491142677],[110.86533013477793,0.72689428564279979],[110.86538349695087,0.72691973285941458],[110.86543686002312,0.72694518007602937],[110.86549022219606,0.72697062729264417],[110.86554358436899,0.72699607360993923],[110.86560537229013,0.72702434919438019],[110.86566716021133,0.72705262298023854],[110.865733160557,0.72707665736191984],[110.86579916180193,0.72710069084428142],[110.8658651621476,0.72712472432658615],[110.86593116339253,0.72714875780894772],[110.86599014273094,0.72716855098786937],[110.8660491220694,0.72718834416679101],[110.86610978673735,0.72719739314521803],[110.86617045230457,0.72720644212364505],[110.86623111697253,0.72721549110207206],[110.86629178164048,0.72722454008049908],[110.86635244720776,0.7272335890589261],[110.86641002270443,0.727236418326072],[110.86646759910047,0.72723924669395501],[110.86652517369788,0.72724207596110091],[110.86658275009393,0.72724490522824681],[110.86664173033165,0.72724773359607298],[110.86670070967006,0.72725056286321887],[110.86676437087908,0.72725621869960833],[110.86682803118873,0.72726187633458039],[110.86689169239776,0.727267532170913],[110.86694926789448,0.72727601637512862],[110.86700684429047,0.72728449878064794],[110.86706441888788,0.72729298298480671],[110.86712199528392,0.7273014662897026],[110.86717816603959,0.72731418989798158],[110.86723433679526,0.72732691530495686],[110.86729050755093,0.72733963981255556],[110.86734667920592,0.72735236432021111],[110.86785648598811,0.72765573892127122],[110.87004068023327,0.72895550299409706],[110.8720384207366,0.7294216422949944],[110.87247349475604,0.72943523824568501],[110.87416934364035,0.72948823439452326],[110.87720003285528,0.72883880067018936],[110.87943969098899,0.72820582184124305],[110.8794694279718,0.72819741767671076],[110.88071009399567,0.72784677830622968],[110.88099692466841,0.72772029855298115],[110.88122114993621,0.72756396130779422],[110.88227194209651,0.72651316914749486],[110.88300963438718,0.7257367628413931],[110.88347329335784,0.72541505286244501],[110.88368649203807,0.72531606718280273],[110.88422279464629,0.72509252539975932],[110.88501714422591,0.72490393666737418],[110.88719494159335,0.72446224723495334],[110.88732917889854,0.72443414971627362],[110.88914051872001,0.72405502342064665],[110.88955812970397,0.72399265543674574],[110.89057741141846,0.72387696934669066],[110.89101903879765,0.72380082734633788],[110.89133883861655,0.72373991176755226],[110.89152919631545,0.72367899798740609],[110.89181605037049,0.72349501288459805],[110.89382965131739,0.72198481194953956],[110.89430079174821,0.72150131483385849],[110.8946990772007,0.72104352843615516],[110.89492820467296,0.72068996986627099],[110.89496384030906,0.72062582662067598],[110.89614448827757,0.71850066207593954],[110.89666609506429,0.71710970764695503],[110.89686928159216,0.71674769275188055],[110.89720116470204,0.7163382970747989],[110.89749216013513,0.71605761506691579],[110.89815337497834,0.71557510630617571],[110.89859120182257,0.71533183339744255],[110.89978788380387,0.71482460227360889],[110.89998373006517,0.71474159035216189],[110.90209323381578,0.71456179788873442],[110.90363059967251,0.71277222166077081],[110.92995830023546,0.71641388869005596],[110.930124937416,0.71646882287791414],[110.93013773656736,0.71650748203472858],[110.93015833284085,0.71656968274470501],[110.93017892821501,0.7166318825553617],[110.93020588899066,0.71669295281753875],[110.93023285066556,0.71675402218045292],[110.93025981234052,0.71681509244262998],[110.93028677401549,0.71687616090616757],[110.93031373479107,0.71693723116834462],[110.93034294297252,0.71699830143052168],[110.9303721511539,0.71705936989405927],[110.93040136023467,0.71712044015623633],[110.93043056841606,0.71718150861977392],[110.93045977569813,0.71724257888195098],[110.93048224436018,0.71729686285999605],[110.93050471212285,0.71735114683798429],[110.93052717898621,0.7174054317153491],[110.93054964674889,0.71745971569339417],[110.93057211541088,0.71751399967138241],[110.93059739175629,0.71756771887515924],[110.93062266810171,0.71762143717961635],[110.93064794534644,0.71767515638339319],[110.93067322079258,0.71772887378853056],[110.93070692288626,0.71778824792932028],[110.93074062497993,0.71784762117084711],[110.93077432707361,0.71790699531163682],[110.93080802916728,0.71796636765378707],[110.93084847167967,0.71802291432607035],[110.93088891419211,0.71807946009903389],[110.9309293567045,0.71813600677131717],[110.93096979921694,0.71819255344365729],[110.93101024172933,0.71824909921662083],[110.93105236957126,0.71829999095189123],[110.93109449831252,0.71835088178778506],[110.93113662525514,0.71840177442237518],[110.93117875309702,0.71845266525832585],[110.93123305236355,0.71849790205658337],[110.93128734983139,0.71854313975416062],[110.93134164909787,0.7185883765523613],[110.93139594656571,0.71863361424993855],[110.93145024583225,0.7186788519475158],[110.93150454419941,0.71872408874577332],[110.93156352443714,0.71875519000008126],[110.9316225037756,0.7187862912543892],[110.93168148311401,0.71881739160937741],[110.93171794073044,0.71883661731607162],[110.93174046335179,0.71884849286368535],[110.93180112801969,0.71888015889226153],[110.93186179268764,0.71891182582015745],[110.9319224573556,0.71894349184873363],[110.9319831220235,0.71897515877662954],[110.93204378669145,0.71900682480514888],[110.93210669876521,0.71904075262870037],[110.93216960993959,0.71907468225083448],[110.93223252201335,0.71910861007432914],[110.93229543318773,0.71914253879720036],[110.93235834526149,0.71917646662069501],[110.93241170743443,0.71921039534350939],[110.93246506960736,0.71924432316700404],[110.93251843178024,0.71927825099055553],[110.93257179395317,0.71931217881405018],[110.93261953985996,0.71934328006835813],[110.93266728486736,0.71937438132266607],[110.93271503077409,0.71940548077839139],[110.93276277578155,0.71943658203269933],[110.93280771310555,0.71947804977224905],[110.9328526486309,0.71951951661242219],[110.93289758595489,0.71956098525129164],[110.9329340966313,0.71960339458104272],[110.93297060820709,0.71964580481011353],[110.93300711798418,0.71968821413980777],[110.93304362866058,0.71973062436887858],[110.9330810764306,0.71978340018381459],[110.93311852330129,0.71983617689807033],[110.93315597017192,0.71988895271306319],[110.93318806697579,0.71995034583181905],[110.93322016377959,0.72001173895063175],[110.9332522605834,0.72007313206944445],[110.9332843591859,0.72013452428893743],[110.93331645598971,0.72019591740769329],[110.93334855279352,0.72025730962718626],[110.93338064959738,0.72031870274599896],[110.93340311825938,0.72036394044351937],[110.93342558602205,0.72040917634245716],[110.93344805378473,0.72045441314071468],[110.9334649052812,0.7205166138506911],[110.93348175497908,0.72057881366134779],[110.9334845626625,0.72063536033368791],[110.93348737124523,0.72069190520733173],[110.93349017802933,0.72074845098029527],[110.9334929857128,0.72080499585393909],[110.9334884909012,0.72087511239658397],[110.93348399608959,0.72094522893922885],[110.93347950217736,0.72101534458255401],[110.93347500736576,0.72108546202451862],[110.93347051165483,0.72115557766784377],[110.93353229957603,0.72117631243690994],[110.93359408929587,0.72119704720603295],[110.93365587811633,0.72121778107577938],[110.93371766603752,0.72123851494558266],[110.93377945485804,0.72125924971464883],[110.93384124277918,0.72127998358439527],[110.93390640225874,0.72130034063826542],[110.93397155993961,0.72132069859139847],[110.93403671941911,0.72134105564526863],[110.93410187710003,0.72136141359840167],[110.93416703568022,0.72138177065221498],[110.93423444166621,0.72139760501551109],[110.93430184675287,0.72141343937875035],[110.93436925273886,0.721429271943407],[110.93443665782559,0.72144510630664627],[110.93450406381157,0.72146093977062264],[110.93457521367526,0.72147476324977333],[110.93464636533753,0.72148858582960429],[110.93471751520121,0.72150241020813155],[110.93478866596422,0.72151623278796251],[110.93485981582791,0.7215300562671132],[110.93493096659091,0.721543878847001],[110.93500211735392,0.72155770322547141],[110.93507326811687,0.72157152580530237],[110.93514441798055,0.7215853492845099],[110.93520700899631,0.72159504307683164],[110.93526960001208,0.72160473776847311],[110.93533219102784,0.72161443156079486],[110.93539478294292,0.7216241271518129],[110.93545737395868,0.72163382094413464],[110.93551996497445,0.72164351563577611],[110.93558255599021,0.72165321032741758],[110.93560379527901,0.72165470230271467],[110.93566977224225,0.72165933740853916],[110.93573574830617,0.72166397071572419],[110.93580172526947,0.72166860582154868],[110.93586770133339,0.72167324002805344],[110.93593367829669,0.72167787513387793],[110.93599965436061,0.72168250934038269],[110.93606563132391,0.72168714444620718],[110.93613640706957,0.72168714534552691],[110.93620718281528,0.72168714624484664],[110.93627795856099,0.72168714714416637],[110.93634873520602,0.7216871480434861],[110.93641951185106,0.72168714894280583],[110.93649028759677,0.72168714984212556],[110.9365610642418,0.72168715074144529],[110.93663183998751,0.72168715164076502],[110.93670261573317,0.72168715343940448],[110.9367733923782,0.72168715433872421],[110.93684204572389,0.72168589798587846],[110.93691069996891,0.72168464343161531],[110.93697935511318,0.72168338707871271],[110.93704800935819,0.72168213162512984],[110.93711666270389,0.72168087617154697],[110.9371853169489,0.7216796207179641],[110.93725397209317,0.72167836526438123],[110.93732262633819,0.72167710981079836],[110.93739127968388,0.72167585435721548],[110.9374502599216,0.72167868182577877],[110.93750924015939,0.72168151019360494],[110.93756822039711,0.72168433766211137],[110.93762719973552,0.72168716602993754],[110.93769300133101,0.72169362855817099],[110.93775880202713,0.72170009288504389],[110.93782460272331,0.72170655631259706],[110.93789040341943,0.72171301884077366],[110.93795620411561,0.72171948226832683],[110.93802200481173,0.72172594569588],[110.93808780640722,0.72173240912343317],[110.93815521239321,0.72174089242827222],[110.9382226183792,0.72174937483384838],[110.93829002256655,0.7217578572393677],[110.93835742855254,0.72176633964488701],[110.93842764402063,0.72177199638059619],[110.93849785769004,0.72177765131760907],[110.93856807315814,0.72178330715394168],[110.93863828682754,0.72178896209095456],[110.93870569281353,0.72179461792734401],[110.93877309879952,0.72180027286435688],[110.9388405047855,0.72180592870068949],[110.93890790987223,0.72181158363770237],[110.93897531585822,0.72181724037341155],[110.9390427218442,0.72182289531042443],[110.93910451066472,0.72182289620974416],[110.9391663003845,0.72182289710906389],[110.9392280883057,0.72182289710906389],[110.93928987712621,0.72182289800838362],[110.93934885736394,0.72182007233851664],[110.93940783670234,0.7218172448700102],[110.93946681694013,0.72181441920014322],[110.93952579717785,0.72181159173163678],[110.93959320316384,0.72181159263095651],[110.93966060914983,0.72181159442959597],[110.93972801513587,0.7218115953289157],[110.93979542112186,0.72181159622823543],[110.93986095471934,0.7218134821065405],[110.93992648831687,0.72181536708558269],[110.93999202191435,0.72181725296388777],[110.94005755461251,0.72181913884224969],[110.94012308910936,0.72182102382123503],[110.94018862180752,0.72182290969959695],[110.94025602779351,0.72183044961559517],[110.94032343288018,0.7218379913302897],[110.94039083886616,0.72184553124634476],[110.94045450007519,0.72186438013710585],[110.94051816128416,0.72188322992718668],[110.94058182159387,0.72190207881794777],[110.94064548280284,0.72192846762470708],[110.94070914311254,0.72195485733084297],[110.94077280432151,0.72198124613765913],[110.94082616739377,0.72201800142966022],[110.94087952866738,0.72205475672171815],[110.94093289173964,0.72209151201371924],[110.94098625391257,0.72212826730572033],[110.94103119123656,0.72216897961476434],[110.94107612766123,0.72220969372244781],[110.94112106408591,0.72225040693075471],[110.9411660014099,0.72229112103843818],[110.94121093783457,0.72233183424680192],[110.94121974129808,0.72234158199847798],[110.94125587515856,0.72238159463495322],[110.94130081068391,0.7224313559223674],[110.9413457480079,0.7224811163105187],[110.94139068443258,0.72253087669867],[110.94143562085731,0.72258063798608418],[110.9414828037884,0.72263266016915395],[110.94152998761888,0.72268468325160029],[110.94157717144935,0.72273670543467006],[110.94162435527983,0.72278872761773982],[110.94167153821098,0.72284074980080959],[110.94171928321839,0.72289446900458643],[110.94176702912517,0.72294818820836326],[110.94181477413258,0.7230019074121401],[110.94186251913999,0.72305562571659721],[110.94189902981645,0.72310368998336116],[110.94193554139218,0.72315175514944485],[110.94197205206859,0.72319981941620881],[110.94200856274506,0.7232478827835962],[110.9420478820042,0.72330160198737303],[110.94208720216272,0.72335532119114987],[110.94212652142187,0.72340903859628725],[110.94216583978175,0.72346275780006408],[110.94219522692822,0.72350371922129852],[110.94222461317543,0.72354467884389351],[110.94225370264633,0.72358522657697222],[110.94228279391587,0.72362577610874723],[110.94231188428608,0.72366632384182594],[110.94234362675701,0.72370565389286412],[110.94237537012731,0.72374498304458257],[110.94240711259823,0.72378431309562075],[110.94243252114399,0.72381579296450127],[110.9424579278911,0.72384727193411891],[110.94249162998477,0.72389929411718867],[110.94252533207845,0.72395131719957817],[110.9425590350715,0.72400333938264794],[110.94259273716517,0.7240553615657177],[110.94262643925885,0.72410738374878747],[110.94266575761867,0.7241620454420854],[110.94270507777719,0.7242167062360636],[110.94274439793566,0.72427136792936153],[110.94278371719486,0.72432602872328289],[110.94282303735338,0.72438069041658082],[110.9428623557132,0.72443535121055902],[110.94290729303719,0.72448435796678723],[110.94295222856255,0.72453336382375255],[110.94299716588654,0.72458237057998076],[110.94305520993004,0.72462195423986486],[110.94311325307422,0.72466153610105266],[110.94317129711771,0.72470111886161703],[110.94322934026189,0.72474070162212456],[110.94328738430539,0.72478028438268893],[110.94334542744957,0.72481986714319646],[110.94340159820524,0.72485002500872042],[110.94345776896091,0.72488018377350727],[110.9435139406159,0.72491034163903123],[110.94357011227095,0.72494050040381808],[110.94362628302662,0.72497065916866177],[110.94368245378229,0.72500081703412889],[110.94374087194376,0.72503022216704949],[110.94379929010523,0.7250596264007072],[110.94385770916602,0.72508903063430807],[110.9439161273275,0.72511843486790895],[110.94397454458959,0.72514784000088639],[110.94402509907911,0.72517894125519433],[110.94407565266931,0.72521004071086281],[110.94412620715877,0.72524114196517075],[110.94417676074897,0.72527224232015897],[110.94421888859091,0.72531465164991005],[110.94426101733217,0.72535706187892401],[110.94430314607337,0.7253994712086751],[110.9443452739153,0.72544188143774591],[110.945523520694,0.72561267438544519],[110.94566975585462,0.72564963921951176],[110.95107780020038,0.72701666718546676],[110.95176268699845,0.72686083715797167],[110.95231437161101,0.7265161396081794],[110.95318945422997,0.72642039868247821],[110.95376016130245,0.72619060301394711],[110.95425477224001,0.72622890783787852],[110.95503473716343,0.72605656535824892],[110.95547227622461,0.72619062010107882],[110.95617614771112,0.72599912565914337],[110.95705122943076,0.72599913375307779],[110.95748877029058,0.72594168775873413],[110.95776386840788,0.72594169135601305],[110.95778094383553,0.72593118637519183],[110.95783801481258,0.72589607774182241],[110.95789508489031,0.72586096910850983],[110.95795215586736,0.72582586137446015],[110.95800922684441,0.72579075274109073],[110.95806819988758,0.72576202839496773],[110.95812717293074,0.72573330404878789],[110.95813825617563,0.72572790541852328],[110.95818614597391,0.72570457880334516],[110.95824511901708,0.72567585535648504],[110.95830409206025,0.72564713011098547],[110.95836523876483,0.72562661297786235],[110.95842638636867,0.72560609494536266],[110.95848753307325,0.72558557781223953],[110.95854868067715,0.72556505977973984],[110.95857484105613,0.72555628239655334],[110.95860565992331,0.72554594199169742],[110.958609828281,0.72554454264655988],[110.95867097498558,0.72552402461411702],[110.9587321216901,0.72550350838025679],[110.95880108170462,0.72549632819305998],[110.95887004261846,0.7254891471064866],[110.95893900263292,0.72548196691928979],[110.95900796264743,0.72547478583277325],[110.95908025195212,0.72547095741879275],[110.95915254125686,0.72546712720622963],[110.95922483056154,0.7254632978929294],[110.95929711986628,0.72545946768030944],[110.95936940917096,0.72545563926638579],[110.95943191475112,0.7254570071352191],[110.9594944212306,0.72545837590337214],[110.95955692681076,0.72545974377220546],[110.95961943239098,0.72546111164103877],[110.95965305624361,0.72546184818577331],[110.95968193797114,0.72546248040919181],[110.9597444435513,0.72546384917734485],[110.95980695003078,0.72546521704617817],[110.95987353223779,0.72547287837068097],[110.95990707065482,0.72547673736158913],[110.95994011444481,0.72548053879586405],[110.96000669665182,0.72548819922104713],[110.96007327885877,0.7254958596462302],[110.96013986106578,0.72550352097078985],[110.96019693204283,0.72549155279295974],[110.96025400212056,0.72547958371586674],[110.96031107309761,0.7254676164374132],[110.96036814317534,0.72545564736026336],[110.96042521415239,0.72545086026900663],[110.96048228423007,0.72544607317780674],[110.96053935520712,0.72544128608655001],[110.96059642528485,0.72543649899529328],[110.96066062878504,0.72544487797875945],[110.96072483408386,0.72545325696228247],[110.96078903758405,0.72546163594580548],[110.96085324198361,0.72547001492927166],[110.96091744638312,0.72547839301347494],[110.96098165078263,0.72548677199699796],[110.96104585518214,0.72549515098046413],[110.96111005868232,0.72550352996398715],[110.96117664088933,0.72550544462063726],[110.96124322309635,0.72550736107592684],[110.96130980620268,0.72550927573252011],[110.96132847612836,0.72550981262781988],[110.96137638840963,0.72551119218780968],[110.96144296971733,0.7255131068444598],[110.96151145488977,0.72551119308712941],[110.9615799391629,0.7255092784304793],[110.96164842433535,0.72550736377388603],[110.96171690770916,0.72550544911723591],[110.96178539288161,0.72550353535990553],[110.96185673070363,0.72549555567542257],[110.96192806942491,0.72548757778952222],[110.96199940814626,0.72547959900435899],[110.96207074596822,0.72547162021913891],[110.96214208379018,0.72546364233329541],[110.9622134216122,0.72545566264875561],[110.96227406019977,0.72542906609857027],[110.96233469698876,0.72540246864906521],[110.96239533467701,0.72537587299819961],[110.96245597326464,0.72534927644801428],[110.96251661005357,0.72532267899850922],[110.96257724774188,0.72529608244826704],[110.96264179208509,0.72528069414875063],[110.96270633642837,0.72526530584923421],[110.96277087987227,0.72524991844903752],[110.96283542511486,0.72523453014952111],[110.96289996855876,0.72521914184994785],[110.96292578000083,0.72521298778917753],[110.96296451290203,0.72520375355043143],[110.96302905724525,0.72518836615023474],[110.963224575254,0.72518005101858307],[110.96338393961719,0.72517327372764839],[110.96345114055777,0.72517041568215745],[110.96351534585659,0.72513929824009438],[110.9635795502561,0.725108178999335],[110.96364375465561,0.72507706065789534],[110.96370795905511,0.72504594231645569],[110.96377216435394,0.72501482397501604],[110.96377810797338,0.72501482397501604],[110.96382566682115,0.72499687080897957],[110.96387322656824,0.72497891764299993],[110.96392078631527,0.72496096537628318],[110.96398023420051,0.72492206699985218],[110.96403968208574,0.7248831677240446],[110.96409615861091,0.72484427024693332],[110.96412325158684,0.72482561021377023],[110.96418236222632,0.72479886707412788],[110.96419471711255,0.72479616281270864],[110.96422100069867,0.72479041164820046],[110.96428936716063,0.7247754514260123],[110.96435773272327,0.72477245938154056],[110.96442609828586,0.72476946733706882],[110.9644944638485,0.72478143731353839],[110.96456282941114,0.72479340728995112],[110.9646282227144,0.72481136135530733],[110.96462877040148,0.72481151064272353],[110.9646936160176,0.72482931362196723],[110.96476198158024,0.72485025973173833],[110.96483034714288,0.72487120584150944],[110.96489276818676,0.72490412102843038],[110.96495518833132,0.72493703621529448],[110.96502355389396,0.72493703711461421],[110.96509191855728,0.72493703711461421],[110.96516028501918,0.72493703801393394],[110.96522865058182,0.72493703801393394],[110.96529998930311,0.72493703891325367],[110.96537132712513,0.72493703891325367],[110.96544266494709,0.7249370398125734],[110.96551400276905,0.7249370398125734],[110.96558236923102,0.72493704071189313],[110.96565073389434,0.72493704071189313],[110.96570027484785,0.72493504601561654],[110.9657498149021,0.72493305221865967],[110.96579935585567,0.7249310566230065],[110.96586772231757,0.72491908934455296],[110.96593608698089,0.72490712116677969],[110.96600445344285,0.72489814503342132],[110.96607281900543,0.72488916890006294],[110.96614118456807,0.72488617685564805],[110.96620955013071,0.72488318481117631],[110.966280888852,0.7248801936660243],[110.96635222667396,0.7248772016216094],[110.96642059313592,0.72486822638757076],[110.96648895779924,0.72485925025426923],[110.96652086394676,0.72485645695996936],[110.96655732426115,0.72485326616532575],[110.96662568892447,0.72484728207643911],[110.96669702674643,0.72484429003202422],[110.96676836456845,0.72484129798755248],[110.96683078741097,0.72481137664374273],[110.96689320755553,0.72478145529998983],[110.96694790072507,0.72473477688851062],[110.96700259389468,0.72468809937635115],[110.9670572861649,0.72464142096487194],[110.96711197933445,0.72459474255339273],[110.96716667160467,0.72454806504123326],[110.96722909264855,0.72451664722552778],[110.96729151369249,0.72448523030919887],[110.96735393473637,0.72445381159417366],[110.96741420460194,0.72442347656226502],[110.9674589359812,0.72442001327306116],[110.96748056017975,0.72441880368489819],[110.96754476457926,0.72441521359127137],[110.96760896897882,0.72441162259832481],[110.96767317427765,0.72440803340407456],[110.96773737777784,0.72440444331044773],[110.96780574423974,0.72442239737580394],[110.96787410890306,0.72444034964246384],[110.96791745442704,0.72449043828316917],[110.9679607990517,0.72454052602449792],[110.96800414457567,0.72459061286656379],[110.96804749009965,0.72464070060789254],[110.96809083472431,0.72469078924859787],[110.96813418024828,0.72474087698992662],[110.96817752577226,0.72479096383193564],[110.96822087129624,0.72484105157332124],[110.9682642159209,0.72489114021396972],[110.9683041647055,0.72493710096648556],[110.96831688111922,0.72495173023821735],[110.96834411438942,0.72498306081962482],[110.96838406407335,0.72502902157214066],[110.96842401285795,0.72507498232459966],[110.96846396164256,0.7251209430771155],[110.96849045836802,0.72518762690748417],[110.96851695509349,0.72525430983858996],[110.96854345091958,0.72532099366895864],[110.96855785176353,0.72535723724672607],[110.96856994764505,0.72538767839870388],[110.96859644437046,0.72545436222907256],[110.96862294109593,0.72552104516017835],[110.96864943692202,0.72558772899054702],[110.96867711625595,0.72565408366909878],[110.96870479469061,0.72572044014623316],[110.96873247312521,0.72578679482478492],[110.96876015155982,0.7258531513019193],[110.96878783089375,0.72591950598047106],[110.96881551022767,0.72598586155828571],[110.96884318776296,0.7260522171361572],[110.96887086709688,0.72611857271402869],[110.96889854643081,0.72618492829184333],[110.96892622486547,0.72625128386971483],[110.96892638224682,0.72625166068564795],[110.96895390330008,0.72631763944752947],[110.96898145403094,0.7263836883565773],[110.96898158173468,0.72638399502540096],[110.96900926106861,0.72645034970389588],[110.96903694040253,0.7265167061810871],[110.96906461793782,0.72658306085963886],[110.96909229727174,0.72664941733677324],[110.96911997570635,0.726715772015325],[110.96914765504033,0.72678212759313965],[110.96917533257562,0.72684848317101114],[110.96920301190954,0.72691483874888263],[110.96923069124347,0.72698119432669728],[110.96925836967807,0.72704754990456877],[110.96928604811268,0.72711390458306369],[110.9693137274466,0.72718026106025491],[110.96933458632213,0.72723026696331772],[110.96934140588121,0.72724661573874982],[110.96936042924045,0.72729209805191886],[110.9693794525997,0.72733757856644843],[110.96939847595894,0.72738306087961746],[110.96940739273703,0.72745188239849767],[110.9694158436663,0.7275171030319143],[110.96941631041443,0.72752070301805816],[110.9694252262932,0.72758952363767548],[110.96943414307128,0.7276583451565557],[110.96944176482566,0.72771717071088915],[110.96944305984937,0.72772716577611618],[110.96945135969258,0.72779122808276497],[110.96945197662745,0.72779598729505324],[110.96946089340554,0.72786480701529399],[110.96946981018368,0.72793362763485447],[110.96947872696177,0.72800244915373469],[110.96948764373985,0.72807126977335201],[110.96949655961862,0.72814009129223223],[110.96950547729602,0.72820891191179271],[110.96948602136285,0.72827223767365012],[110.96946656363104,0.72833556433488411],[110.96944710769793,0.72839889009674152],[110.96942765176476,0.72846221585859894],[110.96940819583165,0.7285255416205132],[110.96938873899916,0.72858886738237061],[110.96936928306604,0.72865219314422802],[110.96934982713287,0.72871551890614228],[110.96933037119976,0.72877884466799969],[110.96931091436727,0.72884217132917684],[110.96930444284584,0.72886323435085387],[110.9692914584341,0.72890549709109109],[110.96926173314256,0.72896952972007512],[110.96923200875028,0.72903356324837887],[110.96921132704119,0.72907811566255987],[110.969202284358,0.72909759587741974],[110.96917255906641,0.72916162940572349],[110.96914283467413,0.72922566203470751],[110.96911311028185,0.72928969556306811],[110.96908338499031,0.72935372909137186],[110.96905366059804,0.72941776172035588],[110.96902393620576,0.72948179524871648],[110.96899421091416,0.7295458278777005],[110.9689644874212,0.72960986140600426],[110.96893476212961,0.72967389403504512],[110.96889354440162,0.72972974822931747],[110.96885232577426,0.72978560332296638],[110.96881110804628,0.72984145661797584],[110.96876989031824,0.72989731171162475],[110.96874277216125,0.729934059809068],[110.96871586804292,0.72997051742549957],[110.9686874539629,0.73000902099954601],[110.96864623623486,0.7300648751938752],[110.96863754878393,0.73007664731949262],[110.96863093876686,0.73008560366770325],[110.96860501760756,0.73012073028752411],[110.96856379987952,0.73017658358253357],[110.96853526439099,0.73023403407347587],[110.96850672890247,0.73029148366509844],[110.96849046286462,0.7303242315780949],[110.96847671223054,0.73034758966957725],[110.96847707106002,0.73034921384521567],[110.96847971506685,0.73036119371414543],[110.96848634576833,0.73041459185998292],[110.96849449812265,0.73048024866460537],[110.9685026513763,0.73054590726786728],[110.96851080283136,0.73061156497180946],[110.96851895608501,0.73067722267575164],[110.96852710843939,0.73074288037969382],[110.96853526079371,0.73080853808363599],[110.96856175661981,0.73087316966109483],[110.96858825424459,0.73093780213793025],[110.96861475007074,0.73100243371538909],[110.96862886762818,0.7310368705551582],[110.96862978763465,0.73103911436368207],[110.96864124679615,0.7310670661922245],[110.9686677426223,0.73113169776968334],[110.96869424024703,0.73119633024651876],[110.96872073607318,0.7312609618239776],[110.96872860334241,0.73130452228593867],[110.96873024730314,0.73131362522366317],[110.96873975943242,0.73136628772402901],[110.96874926976307,0.73141895112377142],[110.96873737982628,0.73147400761939707],[110.96872549078881,0.73152906411507956],[110.96872295200268,0.7315408227508442],[110.96871360085208,0.73158412061070521],[110.96869219878602,0.7316386986670409],[110.96867079671995,0.73169327582405685],[110.96864939465388,0.73174785388039254],[110.96862799258787,0.7318024310374085],[110.96860659142112,0.73185700909374418],[110.96859549378706,0.73192243926922629],[110.96858439615301,0.73198786944465155],[110.96857329941827,0.7320532978214942],[110.96856220088495,0.73211872799691946],[110.96856083211679,0.73212679941229908],[110.96855110415021,0.73218415817240157],[110.96854000561683,0.73224958834788367],[110.96852890888209,0.73231501672466948],[110.96851781124803,0.73238044690015158],[110.96850671361398,0.73244587707563369],[110.96850738270962,0.7324661001304662],[110.96850816422045,0.73248969294502331],[110.96850909142148,0.73251768973966591],[110.96851146922899,0.73258950330296102],[110.96851384613717,0.73266131596699324],[110.96851622394462,0.73273312863102547],[110.9685186008528,0.73280494219437742],[110.96852097866031,0.73287675485840964],[110.96852335556849,0.73294856842176159],[110.96852573337594,0.73302038108579382],[110.96852811118345,0.73309219374976919],[110.96853048809163,0.73316400731312115],[110.96853272020894,0.73323142588964174],[110.96853286589908,0.73323581997715337],[110.96853524280726,0.73330763264118559],[110.96851701175075,0.73337146741931747],[110.96849877979491,0.73343530129818646],[110.9684805487384,0.73349913427767888],[110.96846231768188,0.73356296815649102],[110.96844482496874,0.73362421378647014],[110.96844408572605,0.73362680203536001],[110.96842585466953,0.73369063591417216],[110.96840762361302,0.73375446889366458],[110.96838939165718,0.73381830277247673],[110.96837116060067,0.73388213665134572],[110.96838348490996,0.73394607934812939],[110.96838440941303,0.7339508718353045],[110.96839765732608,0.73401960791863985],[110.96841090523912,0.73408834310259863],[110.96842415405155,0.73415707828655741],[110.96843740196459,0.7342258125712533],[110.96845064987764,0.73429454865453181],[110.96846389779068,0.73436328383854743],[110.96847850457937,0.73443407127541604],[110.96849311226737,0.73450485871228466],[110.96850771905605,0.73457564614921012],[110.96852232494541,0.734646432686759],[110.96853693173409,0.73471722012368446],[110.96855153942209,0.73478800756055307],[110.96856614621072,0.73485879499742168],[110.96856729914163,0.73486438518330033],[110.9685807529994,0.73492958243434714],[110.96859535978808,0.73500036987121575],[110.96860996657676,0.73507115730808437],[110.96862457336545,0.73514194384569009],[110.96863663866998,0.73520041596646024],[110.96863918015413,0.73521273128255871],[110.96865378694275,0.73528351871948416],[110.96866839373143,0.73535430615635278],[110.96868300141944,0.73542509269390166],[110.96869760820812,0.73549588103014685],[110.9687122149968,0.73556666756769573],[110.96872682088616,0.73563745500456434],[110.96874142767479,0.7357082424414898],[110.96875603536279,0.73577902987835841],[110.96877064215147,0.73584981731528387],[110.96879408118195,0.73591342276631622],[110.96880070558814,0.73593139931466567],[110.96881452277205,0.73596889474873706],[110.96881752111176,0.73597702911666829],[110.96884096014224,0.73604063456770064],[110.96886439917273,0.73610424091805271],[110.96888783820322,0.73616784726840478],[110.96891127813302,0.73623145271943713],[110.96893471716351,0.7362950590697892],[110.9689418496867,0.73635250956073151],[110.96894898400848,0.73640996095099354],[110.96895611743093,0.73646741144193584],[110.96896324995407,0.73652486193287814],[110.96897038427585,0.73658769936287172],[110.96897210198097,0.73660283495291878],[110.96897751679904,0.73665053499422584],[110.96898465112082,0.73671337242421941],[110.96899178364396,0.73677620805563038],[110.96903315965267,0.73683509476387599],[110.96904924043014,0.73685797981198675],[110.96907453566138,0.73689398237144133],[110.96911591077071,0.73695286907968693],[110.96914483926298,0.73699404004298685],[110.96915728677942,0.73701175578793254],[110.96919866278813,0.73707064339549788],[110.96923772484121,0.73711015690827253],[110.96924894838031,0.73712151084907873],[110.96929923307323,0.73717237920197931],[110.96933759725238,0.73721118674689023],[110.96934951866541,0.73722324665556016],[110.96939980425765,0.73727411500846074],[110.96945008895051,0.73732498156272186],[110.96950037364337,0.7373758499155656],[110.96955066013493,0.73742671826846617],[110.96960094482779,0.73747758572204702],[110.96965123042003,0.7375284540749476],[110.96970151511289,0.73757932242784818],[110.96975180070513,0.73763018988142903],[110.96980208629731,0.73768105823427277],[110.96985237099017,0.73773192568785362],[110.96990265568309,0.7377827940407542],[110.96995294217459,0.73783366239365478],[110.9699804974021,0.73786153598115334],[110.9700032268675,0.7378845289479159],[110.97002913273832,0.73791073519231531],[110.97005351156037,0.73793539730081648],[110.9701037971526,0.73798626475434048],[110.97015408184546,0.73803713310724106],[110.97020436833697,0.73808800056082191],[110.97022356436605,0.73810741962176962],[110.97025465302988,0.73813886891372249],[110.97030493772274,0.73818973726662307],[110.97035522331498,0.73824060472020392],[110.97040550890716,0.73829147307304765],[110.97045579360008,0.73834234142594823],[110.97050607919226,0.73839320798020935],[110.97055636388512,0.73844407633310993],[110.97060665037668,0.73849494378669078],[110.97065693506954,0.73854581213959136],[110.97070721976246,0.73859667959311537],[110.97074526738027,0.73862540573793467],[110.97081184958722,0.73864455680092078],[110.97087082263045,0.73864455680092078],[110.97092979567361,0.73864455770024051],[110.97098876871678,0.73864455770024051],[110.97102444032572,0.73864455859956024],[110.97104774175995,0.73864455859956024],[110.97110671480311,0.73864455859956024],[110.97117012689989,0.73861902594734374],[110.97123353899667,0.73859349239580752],[110.97129695109351,0.73856795884427129],[110.97136760992731,0.73855222880234805],[110.97138357109498,0.73854867558094384],[110.97143826876118,0.73853649876048166],[110.97145811859735,0.73853208039122364],[110.97150892759498,0.73852076871855843],[110.97157958732816,0.73850503867663519],[110.97165024616197,0.73848930863471196],[110.97172090499583,0.73847357859284557],[110.97179156382964,0.73845784855092234],[110.9718622226635,0.73844211940831883],[110.97193288239669,0.7384263893663956],[110.97200354123049,0.73841065932452921],[110.97207420006436,0.73839492928260597],[110.97214485889816,0.73837919924068274],[110.97221551773202,0.73836346919881635],[110.97228617656583,0.73834773915689311],[110.97235381637557,0.73835093085079961],[110.972421455286,0.73835412344408269],[110.97248909509574,0.73835731513804603],[110.9725567340061,0.73836050683195253],[110.97262437291653,0.73836370032455534],[110.97269201182695,0.73836689201851868],[110.97275965163669,0.73837008371242518],[110.97282729144638,0.73837327630570826],[110.9728949303568,0.7383764679996716],[110.97295675604954,0.73841476922626725],[110.97301858264154,0.73845306865422344],[110.97306140835735,0.73847959865457824],[110.97308040923355,0.73849136988087594],[110.97314223492629,0.73852967020815186],[110.97320406241761,0.73856797143480435],[110.97326588811029,0.73860627086276054],[110.97331682031506,0.73864570973177024],[110.9733677507212,0.7386851503994194],[110.97341868292591,0.73872459016774883],[110.97346961513068,0.73876402903675853],[110.97352054643613,0.73880346790576823],[110.97357147774159,0.73884290767409766],[110.97360416180271,0.73886821729445273],[110.97363684586378,0.73889352601548808],[110.97370501357557,0.73890629279122777],[110.97377318128736,0.73891905956696746],[110.97384134899914,0.73893182814140346],[110.97388196957729,0.73893943640592852],[110.97390951671088,0.73894459491714315],[110.97397768442266,0.73895736169293968],[110.97404585213445,0.73897012936799911],[110.97411302879328,0.73899227157613723],[110.97418020635149,0.73901441468353823],[110.97424738211106,0.73903655689161951],[110.97431455876995,0.73905869999907736],[110.97434425618252,0.73906848911951784],[110.97438173632816,0.73908084310647837],[110.97444891298699,0.73910298621387938],[110.97451608964587,0.73912512842196065],[110.97458326720408,0.73914727063009877],[110.97465044296365,0.73916941373749978],[110.97471761962248,0.73919155684490079],[110.97478479718069,0.73921369905303891],[110.97485197383958,0.73923584216043992],[110.97491915139778,0.73925798526784092],[110.97498632715735,0.73928012837529877],[110.97501966142829,0.73929111539268888],[110.97505350381618,0.73930226968406032],[110.97508050056473,0.73931116937501429],[110.97509655706051,0.73931646098594683],[110.97512068137439,0.73932441279146133],[110.97513453183325,0.73938720615467446],[110.97514838319137,0.73944999861856786],[110.97516223365022,0.73951279108251811],[110.9751760850084,0.73957558444573124],[110.97518993636652,0.73963837690962464],[110.97519944939512,0.73964795199145783],[110.97523749611361,0.73970540338171986],[110.97527554193277,0.73976285297334243],[110.9753040774213,0.73982509055554146],[110.9753326120105,0.73988732903706023],[110.97535163536975,0.73995435460983572],[110.97537065782967,0.74002138108193094],[110.97538651107868,0.74006925559172032],[110.97540236432769,0.74011713190014916],[110.97541821667744,0.74016500730931511],[110.97541821667744,0.74021607441233073],[110.97541821667744,0.74023856555737666],[110.97541821577812,0.74026714061608345],[110.97541821577812,0.74031820771915591],[110.97540236342837,0.74036927482222836],[110.97538650928004,0.74042034192530082],[110.97537065603103,0.74047140902837327],[110.97535581811655,0.74050377203150219],[110.97534479512626,0.7405278154063808],[110.97534212144183,0.7405336466105723],[110.97531358505398,0.74059588509209107],[110.97528504866614,0.7406581226742901],[110.97525651317761,0.74072036115580886],[110.97523114779932,0.74076185317704812],[110.97520578332029,0.74080334429896766],[110.975180417942,0.74084483632020692],[110.97513761470924,0.74090228681114922],[110.97509481237574,0.74095973730209153],[110.97505676475794,0.7410171868937141],[110.97501871714013,0.7410746373846564],[110.97497591390737,0.74112729988502224],[110.97493310977524,0.74117996238538808],[110.97488555092747,0.74123262488575392],[110.97483799118044,0.74128528828549634],[110.97481262580209,0.7413267803067356],[110.97478726132312,0.74136827142865513],[110.97476189594482,0.74140976255057467],[110.97471909271201,0.74146721304151697],[110.97467629037857,0.74152466263313954],[110.97465092500028,0.74156934724760504],[110.97462555962193,0.74161403006348792],[110.97461885067946,0.74162584805446841],[110.97460019514295,0.74165871377869053],[110.97457641616876,0.74172573935146602],[110.97455263629519,0.74179276402486494],[110.97453361203662,0.74185978959764043],[110.97452569440532,0.74188768656750881],[110.97451693500858,0.74191854320622497],[110.97451458687874,0.74192681517041592],[110.97451458687874,0.74199862873376787],[110.97451458597942,0.74207044229711983],[110.97455263269791,0.74210555093048924],[110.97459068031571,0.74214065956385866],[110.97462505420293,0.74217237865241259],[110.9746287270342,0.74217576909649097],[110.97466755256556,0.7422077471898092],[110.97470637899625,0.74223972528312743],[110.97475384341521,0.74221284994314374],[110.97480130693481,0.74218597370378347],[110.97486479727263,0.7421585839515501],[110.97492828581181,0.74213119329999699],[110.97495858936747,0.74211811985537679],[110.97501476102246,0.74208419293120187],[110.97507093267745,0.74205026600702695],[110.9751345947858,0.74202010904082272],[110.97519825599477,0.7419899511753556],[110.97526191810312,0.74195979420920821],[110.97531098241598,0.74193015974913124],[110.9753180897581,0.74192586728497645],[110.97537426231241,0.74189194036080153],[110.9754304339674,0.74185801343662661],[110.97547817987419,0.74182125904394525],[110.97552592668023,0.74178450465120704],[110.97557367258696,0.74174775025852568],[110.97562141939306,0.74171099586578748],[110.97567309713577,0.74167480714669409],[110.97572477577785,0.74163861842754386],[110.97577645441987,0.7416024288090739],[110.97582813306195,0.74156624008998051],[110.97587981080471,0.74153005137083028],[110.97593598335902,0.74149612444665536],[110.97599215501401,0.74146219662310386],[110.976048326669,0.74142826969892894],[110.97609326489231,0.74139057281672649],[110.9761382022163,0.74135287593452404],[110.97618314043962,0.74131517905232158],[110.97622807686434,0.74128879114482515],[110.97627301508766,0.7412624041367053],[110.97631795241165,0.74123601622920887],[110.97637412406664,0.74122470725450285],[110.97643029572163,0.74121339917905971],[110.97648646827594,0.74120209020435368],[110.97654263993093,0.74119078122959081],[110.97659881158597,0.74119078122959081],[110.97665498414028,0.74119078212896738],[110.97671115579527,0.74119078212896738],[110.97678305569355,0.74119756841309936],[110.97685495559176,0.74120435379791161],[110.97692685459072,0.7412111391827807],[110.97699875538831,0.74121792456759295],[110.97707065528658,0.74122471085178177],[110.97713431559623,0.74123602072580752],[110.97719797770458,0.74124732970057039],[110.97726163891355,0.74125863957459615],[110.97731781056854,0.74126146794242231],[110.9773739831229,0.74126429541092875],[110.97743015387857,0.74126712287949204],[110.97748632643288,0.74126995034799847],[110.97754249808787,0.74127560528501135],[110.97759866974286,0.74128126022202423],[110.97765484229717,0.74128691425971738],[110.97771101395222,0.7412925691967871],[110.97777392602592,0.74129709278662403],[110.977836838999,0.74130161727583754],[110.9778997510727,0.74130614086573132],[110.97796266404578,0.74131066535494483],[110.97802557611948,0.74131518894483861],[110.97809747601775,0.74131518894483861],[110.97816937591602,0.74131518984415834],[110.9782412758143,0.74131518984415834],[110.97831317571257,0.74131519074347807],[110.97838507561079,0.74131519074347807],[110.97845248159683,0.74132084568054779],[110.97851988758282,0.74132650061756067],[110.97858729356881,0.74133215555457355],[110.97865470135343,0.74133780959226669],[110.97872210733942,0.74134346542865615],[110.97878951332547,0.74134912036566902],[110.97884849266387,0.7413547753026819],[110.97890747380092,0.74136043023969478],[110.9789664540387,0.74136608427738793],[110.97902543427642,0.74137173921445765],[110.97907879734868,0.74138587565767011],[110.97913216132025,0.74140001300025915],[110.97918552439251,0.74141414944347162],[110.97923888656544,0.74142828588674092],[110.97929693060894,0.74145278881519516],[110.97935497465244,0.74147729264296913],[110.97941301959526,0.74150179557148022],[110.97947106363875,0.74152629939925419],[110.97952910768225,0.74155080322702815],[110.97958715172575,0.74157530615548239],[110.97965081293472,0.74160169406297882],[110.97971447504307,0.74162808286979498],[110.97977813625204,0.74165447077723456],[110.97983430790703,0.74166295318281072],[110.97989047956202,0.74167143468901031],[110.97994665121706,0.74167991709452963],[110.98000282287205,0.74168839860078606],[110.98006461169251,0.74167991799384936],[110.98012640141235,0.74167143558833004],[110.98018819023287,0.74166295498145018],[110.98024997905333,0.74165447257587402],[110.98031738503937,0.74162808466843444],[110.98038479192468,0.74160169766025774],[110.98045219791067,0.74157530975281816],[110.9805027532995,0.74153572879089324],[110.98055330778897,0.74149614692970545],[110.98059150469425,0.74144186295166037],[110.98062970159953,0.74138757987293502],[110.98066789940407,0.74133329589494679],[110.98070609630935,0.74127901281622144],[110.98074429321463,0.7412247288382332],[110.98076676187662,0.74117949293929541],[110.98078923143794,0.74113425614103789],[110.98081170009993,0.74108902024215695],[110.98083042398491,0.7410211645951108],[110.98084914876927,0.74095331074676096],[110.98086787265424,0.74088545599903455],[110.98089595938109,0.74083173769457744],[110.98092404520855,0.74077802028944006],[110.98095213103608,0.74072430108566323],[110.9809802168636,0.74067058278120612],[110.98101672933865,0.74061121043905587],[110.98105324091438,0.74055183809690561],[110.98108975338948,0.74049246485543563],[110.98112626496521,0.7404330916139088],[110.98116670927629,0.74038333212513407],[110.981207152688,0.74033357173698278],[110.98124759699908,0.74028381224820805],[110.98128804131011,0.74023405186005675],[110.98132848472187,0.74018429237122518],[110.98137566855235,0.74014584095783675],[110.98142285418146,0.74010739044376805],[110.98147003801188,0.74006893992969935],[110.98151722274167,0.74003048941557381],[110.98156440657215,0.73999203800218538],[110.98161777144304,0.73996093764719717],[110.98167113361598,0.73992983819152869],[110.98172449758755,0.73989873783654048],[110.9817778606598,0.73986763838087199],[110.98184152186877,0.73983748141466776],[110.98190518397712,0.73980732264988092],[110.98196884518615,0.73977716568367669],[110.98202782632319,0.73975737520277107],[110.9820868056616,0.73973758472180862],[110.9821457867987,0.73971779424084616],[110.98220476703642,0.73969800286056397],[110.98226093869141,0.73967990940036543],[110.98231711124572,0.73966181504079032],[110.98237328290077,0.73964371978189547],[110.98242945455576,0.73962562632164008],[110.98248562711007,0.73960753196206497],[110.98255303309605,0.73958114405462538],[110.98262043908204,0.73955475614712896],[110.98268784506803,0.73952836823963253],[110.98273839955755,0.73950009625247048],[110.98278895494639,0.73947182336598871],[110.98283950943585,0.73944355137882667],[110.98289006392537,0.73941527759302517],[110.98294623558036,0.73938135066885025],[110.98300240813467,0.73934742374467532],[110.98305857978971,0.73931349682044356],[110.98310351801302,0.73927504630637486],[110.98314845533702,0.73923659489298643],[110.98319339266101,0.73919814437891773],[110.983238329985,0.7391596929655293],[110.98328326820831,0.73912124155208403],[110.98332446075534,0.73908731462790911],[110.98336565420163,0.73905338770373419],[110.98340684674866,0.73901946077955927],[110.98345178497198,0.7389685699436086],[110.98349672229597,0.73891767910765793],[110.98353978723145,0.73887244320872014],[110.98358285216693,0.73882720641051947],[110.98362591800179,0.73878196961226195],[110.98366898293727,0.73873673371332416],[110.98371204787276,0.73869149691512348],[110.9837551128083,0.73864626101618569],[110.98380566819708,0.73861233409201077],[110.9838562226866,0.73857840716777901],[110.98390677807544,0.73854448024360408],[110.98395733166558,0.73851055242010943],[110.98400001708717,0.73848190631497346],[110.98400788705442,0.73847662459661478],[110.9840584424432,0.73844269767238302],[110.98412023126372,0.7384087707482081],[110.98418202008423,0.73837484382403318],[110.98424380890469,0.73834091600053853],[110.98430559772521,0.73830698907630676],[110.98436738744505,0.73828719769608142],[110.98442917626551,0.73826740811443869],[110.98449096508602,0.73824761673415651],[110.98455275390654,0.7382278262532509],[110.98462203318036,0.73821840225753022],[110.98469131065553,0.73820897826180953],[110.98476058992935,0.73819955426608885],[110.98482986920317,0.73819013027036817],[110.98489914667834,0.73818070627464749],[110.98496842595216,0.73817128227892681],[110.98502459760715,0.73816279987335065],[110.98508077016146,0.73815431926647079],[110.98513694091713,0.73814583686095148],[110.98519311257218,0.73813735535469505],[110.98525209370922,0.7381317013170019],[110.98531107394695,0.73812604727930875],[110.98537005508405,0.73812039234229587],[110.98542903532177,0.73811473830460272],[110.98549363272502,0.73811191083603944],[110.98555823012828,0.73810908426685273],[110.98562282843085,0.73810625679834629],[110.98568742493478,0.73810343022915958],[110.98575483092077,0.7381050463108636],[110.98582223690676,0.738106660593985],[110.98588964289274,0.73810827667568901],[110.98595704977811,0.73810989275739303],[110.9860244557641,0.73811150883909704],[110.98609186175008,0.73811312402148133],[110.98615926773607,0.73811474010324218],[110.98622667372206,0.73812039504025506],[110.98629408060742,0.73812604997726794],[110.98636148659341,0.73813170401496109],[110.9864288925794,0.73813735895197397],[110.98648506513371,0.73814301388904369],[110.9865412367887,0.73814866882605656],[110.98659740844369,0.73815432286374971],[110.98665358009868,0.73815997780076259],[110.98670975175372,0.73816563273783231],[110.98676592430803,0.73817128767484519],[110.9868220950637,0.73817694171253834],[110.98687826671869,0.73818259664955121],[110.986934439273,0.73818542501737738],[110.98699061092799,0.73818825158656409],[110.98704678168372,0.7381910799544471],[110.98710295423803,0.73819390742295354],[110.98716586631173,0.73819843101284732],[110.98722877928481,0.7382029546027411],[110.98729169135851,0.73820747819263488],[110.98735460433159,0.73821200178252866],[110.98741751640534,0.73821652627174217],[110.98747593456676,0.73821878806666064],[110.98753435362755,0.73822104986163595],[110.98759277178902,0.73822331165655442],[110.98765119084982,0.73822557435084946],[110.98770960991061,0.73822783614576792],[110.98777589264341,0.73822783614576792],[110.98784217537616,0.73822783614576792],[110.9879084581089,0.73822783704508765],[110.98797474084165,0.73822783704508765],[110.98804102357445,0.73822783704508765],[110.9881073063072,0.73822783704508765],[110.98817358903995,0.73822783704508765],[110.98823987177275,0.73822783794440738],[110.98830615360617,0.73822783794440738],[110.98837243723824,0.73822783794440738],[110.98843984322423,0.73822783794440738],[110.98850724921022,0.73822783884372711],[110.98857465519626,0.73822783884372711],[110.98864206118225,0.73822783884372711],[110.98870572329054,0.73822406888569958],[110.98876938360024,0.73822029982704862],[110.98883304570853,0.73821652986902109],[110.98889670691756,0.73821275991099355],[110.98896036902585,0.73820899085228575],[110.98902403023487,0.73820522089425822],[110.98908769144384,0.73820333591527287],[110.98915135265287,0.73820145183560726],[110.98921501386184,0.73819956685656507],[110.98927867507086,0.73819768187757973],[110.98934233717915,0.73819579779785727],[110.98940599838818,0.73819391281887192],[110.98947340437417,0.73819108624968521],[110.98954081125947,0.73818825878117877],[110.98960821724552,0.73818543221199207],[110.98967562323151,0.73818260474348563],[110.98973741205197,0.73817977817429892],[110.98979920087248,0.73817695070573563],[110.989860989693,0.7381741232372292],[110.98992277941278,0.73817129576872276],[110.98999393017579,0.73816752671001495],[110.99006508093879,0.73816375675204426],[110.9901362317018,0.73815998769333646],[110.99020738336412,0.73814867871857359],[110.99027853322781,0.73813736974386757],[110.99034968399076,0.73812606076916154],[110.99041147281127,0.73810909685738579],[110.99047326343043,0.73809213384492978],[110.99053505225095,0.73807516993321087],[110.99059684107141,0.73805820602143513],[110.99065622330613,0.73803397199026222],[110.99071560374216,0.73800973885840904],[110.99077498597688,0.73798550482723613],[110.99083436731229,0.73796127079606322],[110.99089374864764,0.73793703676489031],[110.99095312998304,0.73791280363303713],[110.99101251221771,0.73788856960186422],[110.99106587528996,0.7378546426776893],[110.99111923926154,0.73782071575345753],[110.99117260233379,0.73778678792996288],[110.99122596540604,0.73775286100578796],[110.991275395743,0.73771440959239953],[110.99132482787854,0.73767595907827399],[110.99137425911482,0.73763750856420529],[110.99142369125042,0.73759905805013659],[110.99147312158738,0.73756060663674816],[110.9915321018251,0.73751819820631681],[110.99159108296215,0.73747578887662257],[110.99165006319993,0.73743337864755176],[110.99170904343765,0.73739097021717726],[110.99175398076164,0.7373598698621322],[110.99179891808564,0.73732877040646372],[110.991843856309,0.73729767005147551],[110.99188879273368,0.7372665696964873],[110.9919517057067,0.73723264277231237],[110.99201461778046,0.73719871584808061],[110.99207753075348,0.73716478802458596],[110.99214044282724,0.73713086110041104],[110.99220335580031,0.73709693417623612],[110.99226701700928,0.73706300725200435],[110.99233067911763,0.7370290794285097],[110.9923943403266,0.73699515160501505],[110.99245425675861,0.73697818859255904],[110.99251417319061,0.73696122468084013],[110.99257408962262,0.73694426166838412],[110.99263400695389,0.73692729775660837],[110.9926939233859,0.73691033474420919],[110.99275383981791,0.73689337083243345],[110.9928234932097,0.73688206185772742],[110.99289314570217,0.73687075288296455],[110.99296279909396,0.73685944390825853],[110.99303245158643,0.7368481349335525],[110.99310210497822,0.73683682595878963],[110.99316951096421,0.73683117192109648],[110.9932369169502,0.73682551698408361],[110.99330432383556,0.73681986294639046],[110.99337172982155,0.73681420800932074],[110.99343913580753,0.73680855397162759],[110.99350654179352,0.73680289903461471],[110.99357582106734,0.73680289903461471],[110.99364509944184,0.73680289903461471],[110.99371437781633,0.73680289993393444],[110.99378365619083,0.73680289993393444],[110.99385293456533,0.73680289993393444],[110.99392221293982,0.73680289993393444],[110.99397838459481,0.73680572740244088],[110.99403455714918,0.73680855487094732],[110.99409072790485,0.73681138233945376],[110.99414689955984,0.73681420890864047],[110.99421056076881,0.73681420890864047],[110.99427422287715,0.73681420890864047],[110.99433788408612,0.73681420890864047],[110.9943968643239,0.73681986384571019],[110.99445584456163,0.73682551878272307],[110.99451482479941,0.73683117282041621],[110.99457380503713,0.73683682775742909],[110.99463559385765,0.73684813673219196],[110.99469738267811,0.73685944570689799],[110.99476198098068,0.73687923708718017],[110.99482657928326,0.73689902756814263],[110.99489117578719,0.73691881894836797],[110.99495577408976,0.73693861032865016],[110.99502147765912,0.73696506658461658],[110.99507288290727,0.73698576628015644],[110.99512428905473,0.73700646507637657],[110.99516922637878,0.73703285298381616],[110.99521416370277,0.73705924089131258],[110.99525910102676,0.73708562879875217],[110.99530029357373,0.73713463465571749],[110.99534148612076,0.73718364231126543],[110.99538267866774,0.73723264816823075],[110.99541451017154,0.73728730896220895],[110.99544633987676,0.73734196975613031],[110.99547817138057,0.73739663144942824],[110.99551000198505,0.73745129134408671],[110.99554183169022,0.73750595213800807],[110.99557366319408,0.73756061293198627],[110.99559987573372,0.73762092776365762],[110.99562609007205,0.73768124439396843],[110.99565230261175,0.73774155922563978],[110.99567102739604,0.73779998997758867],[110.99568975128108,0.73785841983027467],[110.99570847426673,0.73791685058222356],[110.99572719815171,0.73797528133422929],[110.99574592203675,0.73803371118685845],[110.99576464592172,0.73809214193886419],[110.99578390490336,0.73815191897591603],[110.99580316388494,0.73821169511370499],[110.99582242286658,0.73827147215075684],[110.9958416809489,0.73833124918786552],[110.99586093993048,0.73839102622491737],[110.99588019891212,0.73845080236270633],[110.9958994578937,0.73851057939975817],[110.99592192655575,0.73857520288333944],[110.99594439521775,0.73863982636692072],[110.99596686387974,0.73870444985050199],[110.99598933344106,0.73876907423345983],[110.99601180210306,0.7388336977170411],[110.99603426986573,0.73889832120062238],[110.99605673942705,0.73896294468420365],[110.99607171763574,0.73902703037322226],[110.9960866967437,0.7390911151628643],[110.99610167585172,0.73915519995256318],[110.99610779393959,0.7392167792310147],[110.99611391112813,0.73927835761014649],[110.9961210670337,0.73935039600399932],[110.99612822293921,0.73942243529717189],[110.99613537884471,0.73949447279176184],[110.99613537884471,0.73953614467740181],[110.99613537884471,0.73959010939609016],[110.99613537884471,0.7396440741147785],[110.99613537884471,0.73969803793414712],[110.99612976167924,0.73976212272384601],[110.9961241436144,0.73982620841280777],[110.99611852734824,0.73989029320250665],[110.99611291018272,0.73995437799220554],[110.99610729211787,0.74001846278190442],[110.9961016749524,0.74008254757154646],[110.99607171673642,0.74013909424382973],[110.99604175762107,0.74019563911747355],[110.99601180030442,0.74025218489049394],[110.99597248014589,0.74030307572638776],[110.99593315998743,0.74035396656233843],[110.99588447788642,0.74038789438588992],[110.99583579488609,0.74042182220938457],[110.99578711278508,0.74045574913355949],[110.99573655829556,0.74048402202004127],[110.99568600290678,0.74051229400720331],[110.99563544841726,0.74055187586844795],[110.9955848939278,0.74059145772963575],[110.99554557376928,0.74063103959088039],[110.99550625271144,0.74067062235138792],[110.99546693255297,0.74071020331325599],[110.99542761329377,0.74074978517450063],[110.99539952656698,0.7408006760104513],[110.99537144073946,0.74085156684640197],[110.99535271685448,0.74090434266133798],[110.99533399296945,0.74095711937559372],[110.99531526908447,0.74100989519058658],[110.99530403385415,0.74106267100552259],[110.99529280042248,0.7411154468204586],[110.99528156519216,0.74116822263539461],[110.99527482387407,0.74123607828244076],[110.99526808435468,0.7413039321307906],[110.99526134303659,0.74137178687851701],[110.99525460261788,0.74143964072686686],[110.99524786219916,0.741507496373913],[110.99524786219916,0.74157535112158257],[110.99524786219916,0.74164320586930899],[110.99524786219916,0.7416660558438366],[110.99524786219916,0.74171106061697856],[110.99526808435468,0.74177212997983588],[110.99528830561087,0.74183319934275005],[110.99530852686706,0.74189426870560737],[110.99532874902263,0.7419553380684647],[110.99534897117815,0.74201640743132202],[110.99537518371784,0.74207295320428557],[110.99540139805612,0.74212949807792938],[110.99542761059581,0.74218604385089293],[110.99544446299166,0.74224258962385647],[110.99546131358881,0.74229913539682002],[110.99547816598465,0.74235568116978357],[110.9954950165818,0.74241222694274711],[110.99551467666106,0.74247725422196709],[110.9955276997436,0.74252032994934325],[110.99553433674032,0.74254228240044995],[110.99555399681958,0.74260730878035019],[110.99557365689878,0.74267233605951333],[110.99558769981257,0.7427401908071829],[110.99560174272631,0.74280804555490931],[110.99561578564004,0.74287590030257888],[110.99562982855383,0.7429437550503053],[110.99564106288483,0.74300030082326884],[110.99565229811515,0.74305684569691266],[110.99566353244614,0.74311339236919594],[110.99567476587782,0.74317276471134619],[110.99568600110814,0.74323213795287302],[110.99569723543914,0.743291511194343],[110.99570846887082,0.74335088443581299],[110.99571970410113,0.7434187391835394],[110.99573093843213,0.74348659303188924],[110.99573655469828,0.74355067782158812],[110.99574217186381,0.74361476261123016],[110.9957477899286,0.7436788491995685],[110.99575340709413,0.74374293398926739],[110.9957590242596,0.74380701877896627],[110.99576464142513,0.74387110356860831],[110.99576688793161,0.74392991113654716],[110.99576913533741,0.74398871870442917],[110.99577138094452,0.74404752627236803],[110.99577362835032,0.74410633384030689],[110.9957758748568,0.7441651414081889],[110.9957871091878,0.74423582272510203],[110.99579834441812,0.74430650494127804],[110.9958095778498,0.74437718715751089],[110.9958208121808,0.74444786937374374],[110.99582830173478,0.74450064518867975],[110.99583579128881,0.74455342100361577],[110.99584328084279,0.74460619681855178],[110.99584702561981,0.74467028160825066],[110.99585077039677,0.74473436729726927],[110.99585451517379,0.74479845208696815],[110.99585732375652,0.74486913430314416],[110.99586013233932,0.74493981562005729],[110.99586270080306,0.74500445259343451],[110.99586294092205,0.7450104978362333],[110.99586574860547,0.74508118005246615],[110.99586855808752,0.74514337986312285],[110.99587136577099,0.74520558057315611],[110.99587417525305,0.74526778128313254],[110.99587698293647,0.74532998109378923],[110.99587373008865,0.74536927337334191],[110.99587335866863,0.74537375109775894],[110.99587136577099,0.74539783584151564],[110.99586574860547,0.74546568968986548],[110.99586574860547,0.74553354533691163],[110.99586574770615,0.7456014000845812],[110.99587136577099,0.74564663688283872],[110.99587698293647,0.74569187278177651],[110.99587698293647,0.7457540725924332],[110.99587698293647,0.74581627330240963],[110.99587698293647,0.74588412805013604],[110.99587698203715,0.74595198189848588],[110.99587698203715,0.7460198366462123],[110.99625828469215,0.74603980429355943],[110.99700817898434,0.74607907319074229],[110.99766002738841,0.74596129617691531],[110.99793557876399,0.74591150880911528],[110.99889051038878,0.74513158705315163],[111.0002074614053,0.74405599159081248],[111.00066951418677,0.74367861807382951],[111.00120838795681,0.74323850155565196],[111.00238161921641,0.74205147379655045],[111.00359423358708,0.74081793669847684],[111.00399934309524,0.74040583855867226],[111.00468985155544,0.73879166880050207],[111.0061110582788,0.73875529572035248],[111.00699298743649,0.73873272363636033],[111.00718108513905,0.73872790956539802],[111.00738788064626,0.73871484241607277],[111.00780334494846,0.7386885858096548],[111.008660112874,0.73863444302514836],[111.01055132688231,0.73906162459434199],[111.01089394879676,0.73913902024963818],[111.01161892017711,0.73930276700912145],[111.01162072061982,0.73930276610980172],[111.01162667323246,0.73930257455424453],[111.01208501541117,0.73928788412860058],[111.0142308508731,0.73921910757582054],[111.0142695496001,0.73921786831004965],[111.01568547010839,0.73882001633074879],[111.01738547475992,0.73799253482764016],[111.01922289042409,0.73713120374208074],[111.01986609904128,0.73654967962409046],[111.02028482878188,0.73639848740032221],[111.02048540727577,0.73632606409660184],[111.02270793602247,0.73459377558231154],[111.02395327582309,0.7336231301034104],[111.02402235364877,0.73361049103135656],[111.02409143057514,0.73359785106003983],[111.02416050930015,0.73358521198798599],[111.02421953720193,0.73356595480504438],[111.02427856420445,0.73354669672272621],[111.02433759210624,0.7335274404390475],[111.02439661910876,0.73350818235678616],[111.02445947722316,0.73348949894125326],[111.02452233623688,0.73347081462645747],[111.02458519435129,0.73345213211024429],[111.02462122568909,0.73343978981449709],[111.02464538867383,0.73343151335370749],[111.02470558389564,0.73341089369785095],[111.0247657791175,0.7333902749412573],[111.02482412623249,0.73336607868162673],[111.02488247244821,0.73334188422063562],[111.02494081866394,0.73331768796100505],[111.02500294023355,0.73329289455148228],[111.02502000037276,0.73328608578430021],[111.02502128730265,0.73328479165985527],[111.02972172977405,0.72855611137549658],[111.03829547225831,0.72663934313123946],[111.04624130179468,0.72233506281293103],[111.04630470759622,0.72230071590536227],[111.04636811339776,0.72226636899779351],[111.0464315191993,0.72223202119084817],[111.04649492500084,0.72219767428327941],[111.04655832990306,0.72216332737571065],[111.0466217357046,0.72212897956882216],[111.04668514240547,0.72209463266119656],[111.04674854730769,0.7220602857536278],[111.04681195310923,0.7220259379467393],[111.04687535891077,0.72199159103917054],[111.04693876381299,0.72195724413154494],[111.04700216961447,0.72192289722397618],[111.04706557631533,0.72188855031640742],[111.04712898121755,0.72185420340878181],[111.04719238701909,0.72181985470257359],[111.04725579282064,0.72178550779500483],[111.04731919772286,0.72175116088743607],[111.04738260442372,0.72171681397981047],[111.04744600932594,0.72168246707224171],[111.04750941512748,0.72164812016467295],[111.04757282092902,0.72161377235772761],[111.04763622583124,0.72157942455083912],[111.04769963163278,0.72154507764327036],[111.04776303833358,0.7215107307357016],[111.04782644323581,0.721476383828076],[111.04788984903735,0.72144203692050723],[111.04795325483889,0.72140768911361874],[111.04801665974111,0.72137334220604998],[111.04808006644197,0.72133899529842438],[111.04814347224351,0.72130464839085562],[111.04820687714573,0.72127030058396713],[111.04827028294727,0.72123595367634152],[111.04833368874881,0.72120160586945303],[111.04839709365103,0.72116725896188427],[111.04846050035189,0.72113291205431551],[111.04852390615343,0.72109856514668991],[111.0485873110556,0.72106421823912115],[111.04865071685714,0.72102987043223266],[111.04871412265868,0.72099552262534417],[111.0487775275609,0.72096117571771856],[111.04884093426176,0.7209268288101498],[111.0489043400633,0.72089248190258104],[111.04896774496552,0.72085813499495544],[111.04903115076706,0.72082378718806694],[111.0490945565686,0.72078944028049818],[111.04915796237015,0.72075509337292942],[111.04922136817169,0.72072074556598409],[111.04928477397323,0.72068639865841533],[111.04934817887539,0.72065205175084657],[111.04941158467693,0.72061770394390123],[111.04947499137779,0.72058335703633247],[111.04953839628001,0.72054901012876371],[111.04960180208155,0.72051466322119495],[111.04966520698378,0.72048031631356935],[111.04972861278532,0.72044596940600059],[111.04979201858686,0.72041162069979237],[111.0498554243884,0.7203772737922236],[111.04991883018994,0.720342926884598],[111.04998223599148,0.72030857997702924],[111.0500456408937,0.72027423306946048],[111.05010904669518,0.72023988616189172],[111.05017245339604,0.72020553835494638],[111.05023585829827,0.72017119144737762],[111.05029926409981,0.72013684364048913],[111.05036266990135,0.72010249673286353],[111.05042607480357,0.72006814982529477],[111.05048948060511,0.72003380291772601],[111.05055288730597,0.71999945511083752],[111.05061629220819,0.71996510820321191],[111.05067969800973,0.71993076129564315],[111.05075061674762,0.71994673325519898],[111.05082153458619,0.71996270431537823],[111.05089245422346,0.71997867627493406],[111.05096337296135,0.71999464823448989],[111.05103429169924,0.72001062019398887],[111.05110521043719,0.72002659125422497],[111.05117612917508,0.7200425632137808],[111.05124704791297,0.72005853517327978],[111.05131796575159,0.72007450623351588],[111.0513888853888,0.7200904781930717],[111.05145980412669,0.72010645015262753],[111.05153072196532,0.72012242121280678],[111.05160164070321,0.72013839317236261],[111.05167256034042,0.72015436513191844],[111.05174347907837,0.72017033619209769],[111.05181439691694,0.72018630815165352],[111.05188531565483,0.72020228011120935],[111.0519562352921,0.7202182511713886],[111.05202715313067,0.72023422313094443],[111.05209807186856,0.72025019419118053],[111.0521689906065,0.72026616615067951],[111.05223991024371,0.72028213811023534],[111.05231082718296,0.72029810917047143],[111.05238174682023,0.72031408112997042],[111.05245266555812,0.72033005308952625],[111.05252358339669,0.72034602414976234],[111.05259450303396,0.72036199610926133],[111.05266542087253,0.72037796806881715],[111.0527363387111,0.72039394002837298],[111.05280725834837,0.72040991198787196],[111.05287817708626,0.72042588394742779],[111.05294909582415,0.72044185590698362],[111.05302001366277,0.72045782696716287],[111.05309093329998,0.7204737989267187],[111.05316185203787,0.72048977088627453],[111.0532327698765,0.72050574194645378],[111.05330368861439,0.72052171390600961],[111.05337460825166,0.72053768586556544],[111.05344552698955,0.72055365692580153],[111.05351644482812,0.72056962888530052],[111.05358736356601,0.72058560084485634],[111.05365828320328,0.72060157190509244],[111.05372920104185,0.72061754386459143],[111.05380011977974,0.72063351492482752],[111.053871039417,0.72064948688438335],[111.05394195725557,0.72066545884388233],[111.05401287599352,0.72068142990411843],[111.05408379473141,0.72069740186367426],[111.05415471436862,0.72071337382317324],[111.05422563220725,0.72072934488340934],[111.05429655094514,0.72074531684296517],[111.05436746968303,0.72076128880246415],[111.05443838842098,0.72077725986270025],[111.05450930715887,0.72079323182225608],[111.05458022589676,0.72080920378175506],[111.0546511446347,0.72082517574131089],[111.05472206337259,0.72084114680154698],[111.05479298211048,0.72085711876104597],[111.05486390084843,0.72087309072060179],[111.054934818687,0.72088906178083789],[111.05500573832421,0.72090503374033688],[111.05507665706216,0.7209210056998927],[111.05514757490073,0.7209369767601288],[111.05521849363862,0.72095294871962778],[111.05528941327589,0.72096892067918361],[111.05536033201378,0.72098489263873944],[111.05543124985235,0.72100086369897554],[111.05550216859029,0.72101683565847452],[111.0555730882275,0.72103280761803035],[111.05564400606607,0.72104877867826644],[111.05571492480402,0.72106475063776543],[111.05578584444123,0.72108072259732126],[111.05585676317912,0.72109669365755735],[111.05592768101775,0.72111266561705634],[111.05599859975564,0.72112863757661216],[111.05606951939285,0.72114460863684826],[111.05614043723148,0.72116058059634724],[111.05621135596937,0.72117655255590307],[111.05628227470726,0.72119252361613917],[111.0563531934452,0.72120849557563815],[111.05642411218309,0.72122446663587425],[111.05649503092098,0.72124043859543008],[111.05656594965893,0.72125641055492906],[111.05663686839682,0.72127238161516516],[111.05670778713471,0.72128835357472099],[111.05677870587266,0.7213043264335397],[111.05684962371123,0.72132029659445607],[111.05692054334844,0.72133626855401189],[111.05699146208639,0.72135223961419115],[111.05706238082428,0.72136821157374698],[111.05713329866285,0.72138418443262253],[111.05720421830011,0.72140015459348206],[111.057275137038,0.72141612655303788],[111.05734605487658,0.72143209761327398],[111.05741697361452,0.72144806957277297],[111.05748789325173,0.72146404243164852],[111.0575588110903,0.72148001259256489],[111.05762972982825,0.72149598455212072],[111.05770064856614,0.72151195741093943],[111.05777156820335,0.72152792937049526],[111.05784248604198,0.72154390043073136],[111.05791340477987,0.72155987239023034],[111.05798432441708,0.72157584434978617],[111.0580552422557,0.72159181541002226],[111.0581261609936,0.72160778736952125],[111.05819707973149,0.72162375932907707],[111.05826799757011,0.72163973038931317],[111.05833891720732,0.72165570234881216],[111.05840983594521,0.72167167430836798],[111.05848075468316,0.72168764626792381],[111.05855167342105,0.72170361732810306],[111.05862259215894,0.72171958928765889],[111.05869351089689,0.72173556124721472],[111.05876442873546,0.72175153230739397],[111.05883534837267,0.7217675042669498],[111.05890626711061,0.72178347622650563],[111.05897718584851,0.72179944728668488],[111.05904810368708,0.72181541834692098],[111.05911902332434,0.72183139030647681],[111.05918994206223,0.72184736226597579],[111.0592608599008,0.72186333332621189],[111.05933177863875,0.72187930528576771],[111.05940269827596,0.72189527724532354],[111.05947361611453,0.7219112483055028],[111.05954453485248,0.72192722026505862],[111.05961545359037,0.72194319132529472],[111.05968637322758,0.7219591632847937],[111.05975729106621,0.7219751343450298],[111.0598282098041,0.72199110630458563],[111.05989912944131,0.72200707826408461],[111.05997004727993,0.72202304932432071],[111.06004096601782,0.72203902128387654],[111.06011188475571,0.72205499324337552],[111.06018280439298,0.72207096430361162],[111.06025372223155,0.72208693536384772],[111.06032464096944,0.7221029073233467],[111.06039555970739,0.72211887928290253],[111.06046647844528,0.72213485034313862],[111.06053739718317,0.72215082230263761],[111.06060831592112,0.7221667933628737],[111.06067923375969,0.72218276532242953],[111.0607501533969,0.72219873638260879],[111.06082107213484,0.72221470834216461],[111.06089199087273,0.72223068030172044],[111.0609629087113,0.72224665136189969],[111.06103382834857,0.72226262332145552],[111.06110474708646,0.72227859438169162],[111.06117566492503,0.7222945663411906],[111.06124658366298,0.72231053830074643],[111.06131750330019,0.72232650936098253],[111.06138842203814,0.72234248132048151],[111.06145933987671,0.72235845238071761],[111.0615302586146,0.72237442344095371],[111.06160117825186,0.72239039360181323],[111.06167209609043,0.72240636466204933],[111.06174301482832,0.72242233662160515],[111.06181393356627,0.72243830858110414],[111.06188485230416,0.72245427964134024],[111.06195577104205,0.72247025160089606],[111.06202668978,0.72248622356039505],[111.06209760941721,0.72250219462063114],[111.06216852725578,0.72251816568086724],[111.06223944599373,0.72253413764036623],[111.06231036473162,0.72255010959992205],[111.06238128257019,0.72256608066015815],[111.06245220220745,0.7225820517203374],[111.06252312094534,0.72259802367989323],[111.06259403968323,0.72261399563944906],[111.06266495842118,0.72262996669962831],[111.06273587715907,0.72264593865918414],[111.06280679589696,0.72266190971942024],[111.06287771373559,0.72267788077959949],[111.06294863427212,0.72269385273915532],[111.06301955211069,0.72270982379939142],[111.06309047084864,0.7227257957588904],[111.06316138958653,0.7227417668191265],[111.06323230922374,0.72275773877868232],[111.06330322796168,0.72277370983886158],[111.06337414580025,0.72278968089909768],[111.06344506543746,0.7228056528586535],[111.06351743568115,0.72280267969995293],[111.06358980682421,0.72279970833989182],[111.06366217796722,0.7227967351812481],[111.06373454911022,0.72279376292186726],[111.06380691935391,0.72279078976316669],[111.06387928959759,0.72278781840316242],[111.0639516607406,0.72278484524446185],[111.0640240318836,0.72278187208576128],[111.06409640302667,0.72277889892711755],[111.06416877416967,0.72277592666773671],[111.06424114531268,0.72277295440835587],[111.06431351555636,0.72276998214903188],[111.06438588580005,0.72276700988965104],[111.06445825694306,0.72276403673095047],[111.06453062808606,0.7227610635722499],[111.06460299922907,0.72275809221224563],[111.06467537037213,0.72275511905354506],[111.06474774061581,0.72275214679416422],[111.06482011175882,0.72274917363552049],[111.06489248290183,0.72274620137613965],[111.06496485314551,0.72274322911675881],[111.06503722428852,0.72274025595811509],[111.06510959543152,0.72273728279941452],[111.06518196567527,0.72273431143935341],[111.06525433681827,0.72273133828070968],[111.06532670796128,0.72272836602132884],[111.06539907910428,0.72272539286262827],[111.06547145024729,0.7227224197039277],[111.06554381959165,0.72271944834392343],[111.06561619073466,0.72271647608454259],[111.06568856187766,0.72271350292584202],[111.06576093302073,0.72271053066651803],[111.06583330416373,0.72270755840713718],[111.06590567530674,0.72270458524843662],[111.06597804644974,0.72270161208979289],[111.06605041669343,0.72269863983041205],[111.06612278693711,0.72269566667171148],[111.06619515808012,0.72269269531170721],[111.06626752922318,0.72268972215300664],[111.06633990036619,0.7226867498936258],[111.06641227060987,0.72268377673498208],[111.06648464175288,0.72268080537492096],[111.06655701289588,0.72267783221622039],[111.06662938403889,0.72267485905751983],[111.06670175428258,0.72267188679819583],[111.06677412542558,0.72266891363949526],[111.06684649566932,0.72266594227943415],[111.06691886681233,0.72266296912079042],[111.06699123795534,0.72265999596208985],[111.06706360909834,0.72265702370270901],[111.06713598024135,0.72265405144338501],[111.06720835138435,0.72265107828468444],[111.06728072072872,0.7226481060253036],[111.06735309187178,0.72264513286665988],[111.06742546301479,0.72264216060727904],[111.06749783415779,0.7226391883478982],[111.06757020620012,0.72263621518925447],[111.0676425764438,0.72263324292987363],[111.06771494668749,0.72263026977117306],[111.06778731872981,0.72262729661247249],[111.06785968807418,0.72262432525246822],[111.06793205921724,0.72262135209376765],[111.06800443036025,0.72261837893506708],[111.06807680240257,0.72261540577642336],[111.06814917174694,0.72261243441636225],[111.06822154288994,0.72260946125766168],[111.06829391403295,0.72260648809901795],[111.06836628607527,0.72260351494031738],[111.0684386554197,0.72260054268093654],[111.06851102566338,0.72259757042161255],[111.06858339770571,0.72259459726291198],[111.06865576794939,0.72259162500353114],[111.0687281390924,0.72258865184483057],[111.06880051023541,0.72258567868618684],[111.06887288227773,0.722582706426806],[111.06894525162215,0.72257973416742516],[111.06901762186584,0.72257676100878143],[111.06908999300884,0.72257378785008086],[111.06916236505117,0.72257081469138029],[111.06923473529486,0.72256784333137603],[111.06930710643786,0.72256487017267546],[111.06937947758087,0.72256189701397489],[111.06945184782455,0.72255892475459405],[111.06952421896762,0.72255595159595032],[111.0695965892113,0.72255297933656948],[111.06966896035431,0.72255000617786891],[111.06974133059799,0.72254703301922518],[111.069813701741,0.72254405986052461],[111.069886072884,0.72254108670182404],[111.06995844402701,0.72253811444250005],[111.07003081517007,0.72253514218311921],[111.07010318631308,0.72253216902441864],[111.07017555565744,0.72252919586571807],[111.07024792680045,0.72252622270707434],[111.07032029794345,0.7225232504476935],[111.07039266908646,0.72252027728899293],[111.07046504022946,0.7225173041303492],[111.07053741137247,0.72251433097164863],[111.07060978161621,0.72251135781294806],[111.07068215275922,0.72250838465430434],[111.0707545230029,0.7225054123949235],[111.07082689414591,0.72250244013554266],[111.07089926528892,0.72249946697684209],[111.07097163643192,0.72249649381819836],[111.07104400667561,0.72249352065949779],[111.07111637781867,0.72249054840011695],[111.07118874896167,0.72248757524147322],[111.07126112010468,0.72248460208277265],[111.07133349034837,0.72248162892407208],[111.07140586059205,0.72247865576537151],[111.07144889584993,0.72247688769823526],[111.07147823173506,0.72247568260672779],[111.07155060287806,0.72247271034734695],[111.07162297402107,0.72246973808796611],[111.07169534516413,0.72246676492932238],[111.07176771630714,0.72246379177062181],[111.07184008655082,0.72246081861192124],[111.07191245679451,0.72245784635259724],[111.07198482793751,0.72245487319389667],[111.07205719908052,0.7224519000351961],[111.07212957022352,0.72244892687649553],[111.07220194136659,0.72244595371785181],[111.07227431161027,0.72244298055915124],[111.07234668275328,0.7224400082997704],[111.07241905389628,0.7224370360404464],[111.07249142413997,0.72243406288174583],[111.07256379528297,0.72243108972304526],[111.07263616642598,0.72242811656440153],[111.07270853666967,0.72242514430502069],[111.07278090781273,0.72242217114632012],[111.0728523562513,0.72241019037801379],[111.07292380289124,0.72239820960970746],[111.07299525132987,0.72238622884145798],[111.07306669796981,0.72237424897247138],[111.07313814640838,0.72236226820416505],[111.07320959304832,0.72235028833517845],[111.07328104058763,0.72233830666755239],[111.07335248902621,0.72232632589924606],[111.07342393566614,0.7223143460303163],[111.07349538410477,0.72230236526200997],[111.07356683074471,0.72229038539302337],[111.07363827918329,0.72227840372539731],[111.07370972582322,0.72226642385641071],[111.07378117426185,0.72225444308810438],[111.07385262180111,0.72224246231985489],[111.07392406934036,0.72223048155154856],[111.07399551687968,0.72221850078324223],[111.07406696441893,0.72220652091425563],[111.07413841195819,0.7221945401459493],[111.07420986039682,0.72218255937764297],[111.07428130703676,0.72217057860933664],[111.07435275457601,0.72215859784108716],[111.07442420211532,0.72214661797210056],[111.07449564965458,0.72213463720379423],[111.07456709719384,0.72212265733480763],[111.07463854473309,0.72211067566718157],[111.07470999317172,0.72209869489887524],[111.07478143981166,0.72208671502994548],[111.07485288825023,0.72207473426163915],[111.07492433489023,0.72206275439265255],[111.0749957833288,0.72205077272502649],[111.07506722996874,0.72203879285603989],[111.07513867840737,0.72202681208773356],[111.07521012594663,0.72201483131948407],[111.07528157258656,0.72200285055117774],[111.07535302102514,0.72199086978287141],[111.07542446766513,0.72197888991388481],[111.0754959161037,0.72196690914557848],[111.07556736274364,0.72195492927659188],[111.07563881118227,0.72194294760896582],[111.07571025872153,0.72193096684071634],[111.07578170626078,0.72191898697172974],[111.0758531538001,0.72190700620342341],[111.07592460133935,0.72189502633443681],[111.07599604887861,0.72188304466681075],[111.07606749641786,0.72187106479782415],[111.07613894395718,0.72185908402957466],[111.07621039239575,0.72184710326126833],[111.07628183903569,0.72183512339228173],[111.076353286575,0.72182314172465567],[111.07642473411425,0.72181116185566907],[111.07649618165351,0.72179918108736274],[111.07656762919277,0.72178720121843298],[111.07663907673208,0.72177521955080692],[111.07671052517065,0.72176323878250059],[111.07678197181059,0.72175125891351399],[111.07685342024922,0.72173927814520766],[111.07692486688916,0.72172729827622106],[111.07699631532773,0.721715316608595],[111.07706776286705,0.72170333584034552],[111.0771392104063,0.72169135597135892],[111.07721065794556,0.72167937520305259],[111.07728210458549,0.72166739533406599],[111.07735355302412,0.72165541366643993],[111.07742499966406,0.72164343379745333],[111.07749644810264,0.72163145302920384],[111.07756789564195,0.72161947226089751],[111.0776393431812,0.72160749239191091],[111.07771079072046,0.72159551072428485],[111.07778223825977,0.72158353085529825],[111.07785368579903,0.72157155008699192],[111.07792513333828,0.72155957021806216],[111.07799658087754,0.72154758944975583],[111.07806802931617,0.72153560778212977],[111.07813947595611,0.72152362701382344],[111.07821092439468,0.72151164624551711],[111.07828237103467,0.72149966637653051],[111.07835381857393,0.72148768470890445],[111.07842526611319,0.7214757048399747],[111.0784967136525,0.72146372407166837],[111.0785693294111,0.72146479516419504],[111.07864194337105,0.72146586625677855],[111.07871455823033,0.72146693734930523],[111.07878717308961,0.72146800844188874],[111.07885978794894,0.72146907863509568],[111.0789324019089,0.7214701497276792],[111.07900501676818,0.72147122082020587],[111.07907763162746,0.72147229191278939],[111.07915024558741,0.7214733630053729],[111.07922286134601,0.72147443409789958],[111.07929547620535,0.72147550519048309],[111.07936809106462,0.72147657628300976],[111.07944070502458,0.72147764737559328],[111.07951331988386,0.72147871756880022],[111.07958593474314,0.72147978866138374],[111.07965854870309,0.72148085975391041],[111.07973116356243,0.72148193084649392],[111.07980377932103,0.7214830019390206],[111.0798763941803,0.72148407303160411],[111.07994900814026,0.72148514412413078],[111.08002162299954,0.7214862152167143],[111.08009423785887,0.72148728630924097],[111.08016685181883,0.72148835740182449],[111.08023946667811,0.72148942759503143],[111.08031208243671,0.72149049868761495],[111.08038469639666,0.72149156978014162],[111.080457311256,0.72149264087272513],[111.08052992611528,0.72149371196530865],[111.08060254097455,0.72149478305783532],[111.08067515493451,0.72149585415041884],[111.08074776979379,0.72149692524294551],[111.08082038465307,0.72149799633552902],[111.08089299861308,0.72149906832737543],[111.08096561437168,0.72150013941995894],[111.08103822923096,0.72150120961316588],[111.08111084409023,0.7215022807057494],[111.08118345805019,0.72150335179827607],[111.08125607290953,0.72150442289085959],[111.0813286877688,0.72150549398338626],[111.08140130172876,0.72150656507596977],[111.08147391658804,0.72150763616849645],[111.08154653234664,0.72150870726107996],[111.08161914720591,0.72150977835366348],[111.08169176116593,0.72151084944619015],[111.08176437602521,0.72151191963945394],[111.08183699088448,0.72151299073198061],[111.08190960484444,0.72151406182456412],[111.08198221970372,0.7215151329170908],[111.08205483456305,0.72151620400967431],[111.08212745032165,0.72151727510220098],[111.08220006428161,0.7215183461947845],[111.08227267914089,0.72151941728731117],[111.08234529400016,0.72152048837989469],[111.08241790796012,0.72152155857310163],[111.08249052281946,0.72152262966568514],[111.08256313767873,0.72152370075821182],[111.08263575343733,0.72152477185079533],[111.08270836739729,0.721525842943322],[111.08278098225657,0.72152691403590552],[111.0828535971159,0.72152798512843219],[111.08292621107586,0.72152905622101571],[111.08299882593514,0.72153012731359922],[111.08307144079441,0.7215311984061259],[111.08314405565369,0.72153226859938968],[111.08321666961365,0.72153333969191635],[111.0832892853723,0.72153441078449987],[111.08336190023158,0.72153548187702654],[111.08343451419154,0.72153655296961006],[111.08350712905082,0.72153762406213673],[111.08357974391009,0.72153869515472024],[111.08365235787011,0.72153976624724692],[111.08372497272939,0.72154083733983043],[111.08379758758866,0.7215419084323571],[111.08387020334726,0.72154297862562089],[111.08394281730722,0.72154404971814756],[111.0840154321665,0.72154512081073108],[111.08408804702583,0.72154619190325775],[111.08416066098579,0.72154726299584127],[111.08423327584507,0.72154833408836794],[111.08430589070434,0.72154940518095145],[111.08437850556362,0.72155047627353497],[111.08445112042295,0.72155154736606164],[111.08452373528223,0.72155261755932543],[111.08459635014151,0.7215536886518521],[111.08466896410147,0.72155475974443561],[111.08474157896075,0.72155583083696229],[111.08481419382002,0.7215569019295458],[111.08488680867936,0.72155797302207247],[111.08495942263932,0.72155904411465599],[111.08503203839791,0.72156011520718266],[111.08510465325719,0.72156118629976618],[111.08517726721715,0.72156225739229285],[111.08524988207648,0.72156332758555664],[111.08532249693576,0.72156439867808331],[111.08539511179504,0.72156546977066682],[111.085467725755,0.7215665408631935],[111.08554034061427,0.72156761195577701],[111.08561295637293,0.72156868304830368],[111.08568557033288,0.72156975504020693],[111.08575818519216,0.72157082613279044],[111.08583080005144,0.72157189722531712],[111.08590341491072,0.72157296831790063],[111.08597602887068,0.7215740394104273],[111.08604864373001,0.72157510960369109],[111.08612125858929,0.72157618069621776],[111.08619387344856,0.72157725178880128],[111.08626648830784,0.72157832288132795],[111.08633910316712,0.72157939397391146],[111.08641171802645,0.72158046506643814],[111.08648433198641,0.72158153615902165],[111.08655694684569,0.72158260725154832],[111.08662956170497,0.72158367834413184],[111.08670217566493,0.72158474943665851],[111.08677479142352,0.7215858196299223],[111.08684740628286,0.72158689072244897],[111.08692002024281,0.72158796181503249],[111.08699263510209,0.721589032907616],[111.08706524996137,0.72159010400014267],[111.08713786482065,0.72159117509272619],[111.08721047878061,0.72159224618525286],[111.08728309363994,0.72159331727783638],[111.08735570939854,0.72159438837036305],[111.08742832335849,0.72159545856362683],[111.08750093821777,0.72159652965615351],[111.08757355307705,0.72159760074873702],[111.08764616793638,0.72159867184126369],[111.08771878189634,0.72159974293384721],[111.08779139675562,0.72160081402637388],[111.0878640116149,0.7216018851189574],[111.08793662557486,0.72160295621148407],[111.08800924133351,0.72160402730406759],[111.08808185619279,0.72160509839659426],[111.08815447105206,0.72160616858985804],[111.08822708501202,0.72160723968244156],[111.0882996998713,0.72160831077496823],[111.08837231473058,0.72160938186755175],[111.08844492869059,0.72161045296007842],[111.08851754444919,0.72161152405266193],[111.08859015930847,0.72161259514518861],[111.08866277416774,0.72161366623777212],[111.0887353881277,0.72161473733029879],[111.08880800298704,0.72161580842288231],[111.08888061784631,0.72161687861608925],[111.08895323180627,0.72161794970867277],[111.08902584666555,0.72161902080119944],[111.08909846242415,0.72162009189378296],[111.08917107728342,0.72162116298630963],[111.08924369124344,0.72162223407889314],[111.08931630610272,0.72162330517141982],[111.08938892096199,0.72162437626400333],[111.08946153492195,0.72162544735653],[111.08953414978123,0.72162651844911352],[111.08960676464056,0.7216275886423773],[111.08967937860052,0.72162865973490398],[111.08975199435912,0.72162973082748749],[111.0898246092184,0.72163080192001416],[111.08989722407767,0.72163187301259768],[111.08996983803763,0.72163294410512435],[111.09004245289697,0.72163401519770787],[111.09011506775624,0.72163508629023454],[111.0901876817162,0.72163615738281806],[111.09026029657548,0.721637227576025],[111.09033291233408,0.72163829866860851],[111.09040552719341,0.72163936976113519],[111.09047814115337,0.72164044175303843],[111.09055075601265,0.7216415128455651],[111.09062337087192,0.72164258393814862],[111.09069598483188,0.72164365503067529],[111.09076859969116,0.72164472612325881],[111.09084121455049,0.72164579721584232],[111.09091383030909,0.72164686830836899],[111.09098644426905,0.72164793940095251],[111.09105905912833,0.72164900959415945],[111.0911316739876,0.72165008068674297],[111.09120428794762,0.72165115177926964],[111.0912769028069,0.72165222287185316],[111.09134951766617,0.72165329396437983],[111.09142213342477,0.72165436505696334],[111.09149474738473,0.72165543614949001],[111.09156736224401,0.72165650724207353],[111.09163997710334,0.7216575783346002],[111.0917125910633,0.72165864942718372],[111.09178520592258,0.72165971962039066],[111.09185782078185,0.72166079071297418],[111.09193043564113,0.72166186180550085],[111.09200304960115,0.72166293289808436],[111.09207566535974,0.72166400399061104],[111.09214828021902,0.72166507508319455],[111.09222089417898,0.72166614617577807],[111.09229350903826,0.72166721726830474],[111.09236612389753,0.72166828836088825],[111.09243873875687,0.7216693585540952],[111.09251135271683,0.72167042964667871],[111.0925839675761,0.72167150073920538],[111.0926565833347,0.7216725718317889],[111.09272919729466,0.72167364292431557],[111.09280181215399,0.72167471401689909],[111.09287442701327,0.72167578510942576],[111.09294704097323,0.72167685620200928],[111.09301965583251,0.72167792729453595],[111.09309227069178,0.72167899838711946],[111.09316488555106,0.72168006858032641],[111.0932375004104,0.72168113967290992],[111.09331011526967,0.72168221076543659],[111.09338273012895,0.72168328185802011],[111.09345534408891,0.72168435295060362],[111.09352795894819,0.7216854240431303],[111.09360057380752,0.72168649513571381],[111.0936731886668,0.72168756622824048],[111.09374580262676,0.721688637320824],[111.09381841838535,0.72168970841335067],[111.09389103324463,0.72169077860661446],[111.09396364720459,0.72169184969914113],[111.09403626206392,0.72169292079172465],[111.0941088769232,0.72169399188425132],[111.09418149178248,0.72169506297683483],[111.09425410574244,0.72169613406936151],[111.09432672060171,0.72169720516194502],[111.09439933636037,0.72169827625447169],[111.09447195032033,0.72169934734705521],[111.0945445651796,0.72170041843958188],[111.09461718003888,0.72170148863284567],[111.09468979489816,0.72170255972537234],[111.09476240885812,0.72170363081795585],[111.09483502371745,0.72170470191053937],[111.09490763857673,0.72170577300306604],[111.09498025343601,0.72170684409564956],[111.09505286829528,0.72170791518817623],[111.09512548315456,0.72170898628075975],[111.0951980980139,0.72171005737328642],[111.09527071197385,0.72171112936518966],[111.09534332683313,0.72171219955839661],[111.09541594169241,0.72171327065098012],[111.09548855565237,0.72171434174350679],[111.09556117141102,0.72171541283609031],[111.0956337862703,0.72171648392861698],[111.09570640112958,0.7217175550212005],[111.09577901508953,0.72171862611372717],[111.09585162994881,0.72171969720631068],[111.09592424480809,0.72172076829883736],[111.0959968587681,0.72172183939142087],[111.09606947362738,0.72172290958468466],[111.09614208938598,0.72172398067721133],[111.09621470334594,0.72172505176979485],[111.09628731820521,0.72172612286232152],[111.09635993306455,0.72172719395490503],[111.09643254792383,0.72172826504743171],[111.09650516188378,0.72172933614001522],[111.09657777674306,0.72173040723254189],[111.09665039160234,0.72173147832512541],[111.0967230055623,0.72173254941765208],[111.09679562132095,0.72173361961091587],[111.09686823618023,0.72173469070344254],[111.09694085103951,0.72173576179602605],[111.09701346499946,0.72173683288855273],[111.09708607985874,0.72173790398113624],[111.09715869471808,0.72173897507366291],[111.09723130867803,0.72174004616624643],[111.09730392443663,0.72174111725882995],[111.09737653929591,0.72174218835135662],[111.09744915415519,0.72174325944394013],[111.09752176811514,0.72174432963714708],[111.09759438297448,0.72174540072973059],[111.09766699783376,0.72174647182225726],[111.09773961179371,0.72174754291484078],[111.09781222665299,0.72174861400736745],[111.09788484241159,0.72174968509995097],[111.09795745727092,0.72175075619247764],[111.09803007123088,0.72175182728506115],[111.09810268609016,0.72175289837758783],[111.09817530094944,0.72175396857085161],[111.09824791490939,0.72175503966337828],[111.09832052976867,0.7217561107559618],[111.09839314462801,0.72175718184848847],[111.0984657603866,0.72175825384039172],[111.09853837434656,0.72175932493297523],[111.09861098920584,0.7217603960255019],[111.09868360406512,0.72176146711808542],[111.09875621802513,0.72176253821061209],[111.09882883288441,0.72176360930319561],[111.09890144774369,0.72176468039572228],[111.09897406260296,0.72176575058898607],[111.09904667656292,0.72176682168151274],[111.09911929232152,0.72176789367341598],[111.09919190718085,0.72176896476594266],[111.09926452114081,0.72177003585852617],[111.09933713600009,0.72177110785037257],[111.09940975085937,0.72177217894295609],[111.09948236481932,0.72177325003548276],[111.09955497967866,0.72177432202738601],[111.09962759543725,0.72177539311996952],[111.09970021029653,0.72177646421249619],[111.09977282425649,0.72177753530507971],[111.09984543911577,0.72177860729692611],[111.09991805397505,0.72177967928882936],[111.09999066793506,0.72178075038135603],[111.10006328279434,0.72178182237325927],[111.10013589765362,0.72178289256646622],[111.10020851341221,0.72178396365904973],[111.10028112737217,0.7217850347515764],[111.1003537422315,0.72178610674347965],[111.10042635709078,0.72178717783606317],[111.10049897105074,0.72178824892858984],[111.10057158591002,0.72178932092049308],[111.1006442007693,0.72179039201301975],[111.10071681562857,0.72179146310560327],[111.10078942958859,0.72179253419812994],[111.10086204534718,0.72179360619003319],[111.1009343967051,0.72179360529071346],[111.10100674896233,0.72179360259275427],[111.10107910121963,0.72179360169343454],[111.10115145437618,0.72179359989479508],[111.10122380573409,0.72179359899541851],[111.10129615799138,0.72179359719677905],[111.10136851024862,0.72179359539813959],[111.10144086160653,0.72179359359950013],[111.10151321386377,0.72179359180086067],[111.10158556612106,0.72179359000222121],[111.10165791837829,0.72179358910290148],[111.10173027063553,0.72179358730426202],[111.10180262289282,0.72179358460630283],[111.10187497515005,0.7217935837069831],[111.10194732740729,0.72179358190834364],[111.1020196787652,0.72179358010970418],[111.10209203102249,0.72179357921038445],[111.10216438327973,0.72179357741168815],[111.10223673463764,0.72179357471372896],[111.10230908779425,0.72179357381440923],[111.10238144005149,0.72179357201576977],[111.10245379230872,0.72179357111645004],[111.10252614366664,0.72179356931781058],[111.10259849592393,0.72179356661985139],[111.10267084818116,0.72179356572053166],[111.1027432004384,0.7217935639218922],[111.10281555179631,0.72179356212325274],[111.10288790495292,0.72179356122393301],[111.10296025721016,0.72179355942529355],[111.10303260856807,0.72179355672733436],[111.10310496082536,0.72179355582801463],[111.1031773130826,0.72179355402931833],[111.10324966533983,0.72179355223067887],[111.10332201669775,0.72179355133135914],[111.10339436895504,0.72179354863339995],[111.10346672211159,0.72179354683476049],[111.10353907436883,0.72179354593544076],[111.10360194327512,0.7217935441368013],[111.1036114257268,0.7217935441368013],[111.10368377798403,0.72179354233816184],[111.10375613024127,0.72179354143884211],[111.10382848159918,0.72179353874088292],[111.10390083385647,0.72179353694224346],[111.10397318611371,0.72179353604292373],[111.10404553927026,0.72179353424428427],[111.10411789062823,0.72179353244558797],[111.10419024288547,0.72179353064694851],[111.1042625951427,0.72179352884830905],[111.10433494739999,0.72179352704966959],[111.10440729875791,0.72179352615034986],[111.10447965101514,0.7217935243517104],[111.10455200327237,0.72179352165375121],[111.10462435642899,0.72179352075443148],[111.1046967077869,0.72179351895579202],[111.10476906004413,0.72179351715715256],[111.10484141230143,0.72179351625783283],[111.10491376365934,0.72179351355987365],[111.10498611591657,0.72179351176123419],[111.10505846817381,0.72179351086185761],[111.1051308204311,0.72179350906321815],[111.10520317268833,0.72179350816389842],[111.10527552494557,0.72179350636525896],[111.10534787720286,0.72179350366729977],[111.10542022856077,0.72179350276798004],[111.10549258081801,0.72179350096934058],[111.10556493307524,0.72179349917070112],[111.10563728533253,0.7217934982713814],[111.10570963669045,0.72179349557342221],[111.105781989847,0.72179349377478275],[111.10585434210424,0.72179349287546302],[111.10592669436153,0.72179349107682356],[111.10599904571944,0.72179348927812725],[111.10607139797668,0.72179348837880752],[111.10614375023397,0.72179348568084833],[111.10621610159188,0.72179348388220888],[111.10628845384912,0.72179348298288915],[111.10636080700567,0.72179348118424969],[111.10643315926296,0.72179347938561023],[111.10650551062088,0.72179347668765104],[111.10657786287811,0.72179347488901158],[111.10664913504962,0.72178259758885588],[111.10672040722108,0.72177172028870018],[111.10679167759389,0.72176084298854448],[111.1068629497654,0.72174996478906905],[111.10693422193685,0.72173908838828993],[111.10700549410831,0.72172821108813423],[111.10707676627982,0.7217173328886588],[111.10714803575331,0.7217064555885031],[111.10721930882409,0.72169557828834741],[111.10729058009628,0.72168470098819171],[111.10736185226773,0.72167382278871628],[111.10743312443918,0.72166294638793715],[111.10750439481205,0.72165206908778146],[111.10757566698351,0.72164119178762576],[111.10764693915496,0.72163031358815033],[111.10771821132647,0.72161943718731436],[111.1077894825986,0.72160855898783893],[111.10786075387074,0.72159768168768323],[111.10793202604225,0.72158680528690411],[111.1080032982137,0.72157592798674841],[111.10807457038516,0.72156504978727298],[111.10814584165735,0.72155417158779755],[111.10821711292948,0.72154329518696159],[111.10828838510093,0.72153241788680589],[111.10835965727244,0.72152154058665019],[111.1084309294439,0.72151066418587106],[111.10850220071603,0.72149978598639564],[111.10857347198822,0.72148890868623994],[111.10864474415968,0.72147803228540397],[111.10871601633113,0.72146715498524827],[111.10878728760332,0.72145627768509257],[111.10885855977477,0.72144540038499372],[111.10892983104691,0.72143452308483802],[111.10900110321842,0.72142364578468232],[111.10907237538987,0.72141276758520689],[111.10914364666201,0.72140189118437092],[111.10921491883352,0.7213910129848955],[111.10928619010565,0.7213801356847398],[111.1093574622771,0.72136925928396067],[111.10942873444861,0.72135838198380497],[111.10950000572075,0.72134750468364928],[111.1095712778922,0.72133662738349358],[111.10964254916439,0.72132575008333788],[111.10971382133584,0.72131487278318218],[111.10978509260798,0.72130399458370675],[111.10985636477949,0.72129311818292763],[111.10992763695094,0.72128224088277193],[111.10999890822308,0.72127136358261623],[111.11007018039459,0.72126048718178026],[111.11014145166672,0.72124960988162456],[111.11021272383817,0.72123873258146887],[111.11028399600968,0.72122785618068974],[111.11035526728182,0.72121697888053404],[111.11042653855395,0.72120610158037834],[111.11049781072546,0.72119522517954238],[111.11056908289692,0.72118434787938668],[111.11064035506837,0.72117347057923098],[111.11071162634056,0.72116259417845185],[111.11078289761269,0.72115171687829616],[111.11085416978415,0.72114083957814046],[111.11092544195566,0.72112996317730449],[111.11099671412711,0.72111908497782906],[111.11106798539925,0.72110820767767336],[111.11113925667144,0.72109733127683739],[111.11121052884289,0.72108645397673854],[111.11128180101434,0.72107557667658284],[111.11135307318585,0.72106470027574687],[111.11142434355867,0.72105382297559117],[111.11149561573012,0.72104294567543548],[111.11156688790163,0.72103206927459951],[111.11163816007308,0.72102119197450065],[111.11170943224454,0.72101031467434495],[111.11178070261741,0.72099943827350899],[111.11185197478886,0.72098856097335329],[111.11192324696032,0.72097768367319759],[111.11199451913183,0.72096680727236162],[111.11206579130328,0.72095592997226277],[111.11213706167609,0.72094505267210707],[111.1122083338476,0.72093417537195137],[111.11227960601906,0.72092329807179567],[111.11235087819051,0.72091242077163997],[111.11242215036202,0.720901544370804],[111.11249342073484,0.72089066707064831],[111.11256469290629,0.72087978977054945],[111.11263596597712,0.72086891336971348],[111.11270723814857,0.72085803606955778],[111.11277851032008,0.72084715876940209],[111.1128497806929,0.72083628236856612],[111.11292105286435,0.72082540506841042],[111.1129923250358,0.72081452776831156],[111.11306359720732,0.7208036513674756],[111.11313486937877,0.7207927740673199],[111.11320613975158,0.7207818967671642],[111.11327741192309,0.72077102036632823],[111.11334868409455,0.72076014306617253],[111.11341995626606,0.72074926576607368],[111.11349122843751,0.72073838756659825],[111.11356249881032,0.72072751116576228],[111.11363377098178,0.72071663386560658],[111.11370504315329,0.72070575656545088],[111.11377631532474,0.72069488016461491],[111.11384758659693,0.72068400286451606],[111.11391885786907,0.72067312556436036],[111.11399013004052,0.72066224916352439],[111.11406140221203,0.72065137186336869],[111.11413277690622,0.72064349020496365],[111.11420415070103,0.72063560944587834],[111.11427552629459,0.7206277277874733],[111.11434690098878,0.72061984612906826],[111.11441827568297,0.72061196357128665],[111.11448965037715,0.72060408281220134],[111.11456102507134,0.7205962011537963],[111.11463239976553,0.72058831859607153],[111.11470377535903,0.72058043693766649],[111.11477514915384,0.72057255617858118],[111.11484652384803,0.72056467362085641],[111.11491789944159,0.7205567928617711],[111.1149892732364,0.72054891210268579],[111.11506064793059,0.72054103134354364],[111.11513202262478,0.72053314878581887],[111.11520339911766,0.72052526712741383],[111.11527477201315,0.72051738636832852],[111.11534614760672,0.72050950381060375],[111.11541752320022,0.72050162305151844],[111.11548889789441,0.7204937413931134],[111.11556027168928,0.72048585973470836],[111.11563164728278,0.72047797807630332],[111.11570302197697,0.72047009731716116],[111.11577439667116,0.72046221475943639],[111.11584577136534,0.72045433400035108],[111.11591714605953,0.72044645234194604],[111.11598852075372,0.72043856978422127],[111.1160598954479,0.72043068902513596],[111.11613127014209,0.72042280736673092],[111.11620264483628,0.72041492480900615],[111.11627402042978,0.72040704315054427],[111.11634539422465,0.72039916239145896],[111.11641676891884,0.72039127983373419],[111.11648814361303,0.72038339817532915],[111.11655951920653,0.72037551561760438],[111.1166308930014,0.72036763485851907],[111.11670226769559,0.72035975320011403],[111.11677364328909,0.72035187064238926],[111.11684501708396,0.7203439898832471],[111.11691639177809,0.72033610822484206],[111.11698776737165,0.72032822566711729],[111.11705914206584,0.72032034400871225],[111.11713051586065,0.72031246324962694],[111.11720189055484,0.72030458069190217],[111.1172732661484,0.72029669903349713],[111.11734464084259,0.72028881737509209],[111.1174160146374,0.72028093571663021],[111.11748739023096,0.72027305405822517],[111.11755876492515,0.72026517239982013],[111.11763013871996,0.72025728984209536],[111.11770151431352,0.72024940818369032],[111.11777288900771,0.72024152562596555],[111.1178442637019,0.72023364396756051],[111.11791563839608,0.72022576230915547],[111.11798701309021,0.72021787975137386],[111.1180583877844,0.72020999809296882],[111.11812976157927,0.72020211643456378],[111.11820113627346,0.72019423477615874],[111.11827251096764,0.7201863531177537],[111.11834388566183,0.72017847056002893],[111.11841526125534,0.72017058890162389],[111.1184866350502,0.72016270724321885],[111.11855800974439,0.72015482468543723],[111.1186293853379,0.72014694302703219],[111.11870075913276,0.72013906136862715],[111.11877213382695,0.72013117881090238],[111.11884350942046,0.72012329715249734],[111.11891488411464,0.72011541459477257],[111.11898625790951,0.72010753383568726],[111.1190576326037,0.72009965217728222],[111.11912900819721,0.72009176961950061],[111.11920038289139,0.72008388796109557],[111.11927175668626,0.72007600630269053],[111.11934313227977,0.72006812374496576],[111.11941018393293,0.72004015303070901],[111.11947296830289,0.72001396297406473],[111.11947723468671,0.72001218321571514],[111.11954428813846,0.71998421160213866],[111.11961133889224,0.7199562408878819],[111.11967838964603,0.71992827107288804],[111.11974544309777,0.71990030035863128],[111.11981249385155,0.71987232874499796],[111.11987954640398,0.7198443580307412],[111.11994659715782,0.71981638821580418],[111.12001364881093,0.71978841660217086],[111.12008070136335,0.7197604458879141],[111.12014775211713,0.71973247607297708],[111.12021480377024,0.71970450535866348],[111.12028185542334,0.71967653464440673],[111.12034890707645,0.71964856393014998],[111.12041595872955,0.71962059321583638],[111.12048301038266,0.7195926216022599],[111.12055006203582,0.71956465088800314],[111.1206171127896,0.71953668017368955],[111.12068416534203,0.71950870856011306],[111.12075121699513,0.7194807387451192],[111.12081826774892,0.71945276803086244],[111.12088532030134,0.71942479731660569],[111.12095237105513,0.71939682570297236],[111.12101942270823,0.71936885498871561],[111.12108647526071,0.71934088427445886],[111.1211535260145,0.71931291266082553],[111.1212205776676,0.71928494194656878],[111.1212876293207,0.71925697213163176],[111.12135468097381,0.71922900141731816],[111.12142173262691,0.71920102980374168],[111.12148878428002,0.71917305908942808],[111.12155583593312,0.71914508837517133],[111.12162288668691,0.71911711676159484],[111.12168993923939,0.71908914604728125],[111.12175699089249,0.71906117533302449],[111.12182404164628,0.71903320461876774],[111.1218910941987,0.71900523390445414],[111.12195814495249,0.71897726319019739],[111.12202519660559,0.71894929157662091],[111.12209224915802,0.71892132086230731],[111.1221592999118,0.71889335014805056],[111.12222635156496,0.71886537943373696],[111.12229340321807,0.71883740871948021],[111.12236045487117,0.71880943800522346],[111.12242750742359,0.71878146729090986],[111.12249455817738,0.71875349567733338],[111.12256160983048,0.71872552496307662],[111.12262866058427,0.71869755424876303],[111.12269571313669,0.71866958263518654],[111.1227627647898,0.71864161192087295],[111.12282981644296,0.71861364210593592],[111.12289686809606,0.71858567139167917],[111.12296391884985,0.71855769977804584],[111.12303097140227,0.71852972906378909],[111.12309802305538,0.71850175834953234],[111.12316507380916,0.71847378673589901],[111.12323212636159,0.71844581602164226],[111.12329917711537,0.71841784620670524],[111.12336622876853,0.71838987459307191],[111.12343328132096,0.71836190387881516],[111.12350033207474,0.7183339331645584],[111.12356738372785,0.71830596155092508],[111.12363443538095,0.71827799083666832],[111.12370148703405,0.71825002012235473],[111.12376853868716,0.71822204940809797],[111.12383559034026,0.71819407779452149],[111.12390264199337,0.71816610708020789],[111.12396969274721,0.71813813726527087],[111.12403674529963,0.71811016565169439],[111.12410379695274,0.71808219493738079],[111.12417084770652,0.71805422422312404],[111.12423790025895,0.71802625260949071],[111.12430495101273,0.71799828189523396],[111.12437200266584,0.71797031118097721],[111.12443905521826,0.71794233956734388],[111.12450610597205,0.71791436975240686],[111.12457315762521,0.7178863990381501],[111.12464020927831,0.71785842832383651],[111.12470726093142,0.71783045671026002],[111.12477431258452,0.71780248599600327],[111.12484136423762,0.71777451528168967],[111.12490841589073,0.71774654366811319],[111.12497546664451,0.71771857385317617],[111.12504251919694,0.71769060313886257],[111.1251095708501,0.71766263242460582],[111.12517662160388,0.71763466081097249],[111.12524367415631,0.71760669009671574],[111.12531072491009,0.71757871938245898],[111.1253777765632,0.71755074776882566],[111.12544482911562,0.71752277705456891],[111.12551187986941,0.71749480723963188],[111.12557893242183,0.71746683562599856],[111.12564598317562,0.7174388649117418],[111.12571303482878,0.71741089419748505],[111.1257800873812,0.71738292258385172],[111.12584713813499,0.71735495186959497],[111.12591418978809,0.71732698115528137],[111.1259812414412,0.71729901134034435],[111.1260482930943,0.71727103972676787],[111.1261153447474,0.71724306901245427],[111.12618239640051,0.71721509829819752],[111.12624944805367,0.71718712668462103],[111.12631649880745,0.71715915597030744],[111.12638355135988,0.71713118525605068],[111.12645060301298,0.71710321364241736],[111.12651765376677,0.71707524292816061],[111.12658470631919,0.71704727221390385],[111.12665175707298,0.71701930239890999],[111.12671880872608,0.7169913307853335],[111.12678586127856,0.71696336007107675],[111.12685291203235,0.71693538935676315],[111.12691996368545,0.71690741774318667],[111.12698701533856,0.71687944702892992],[111.12705406699166,0.71685147631461632],[111.12712111864477,0.71682350470103984],[111.12718817029787,0.71679553488604597],[111.12725522195097,0.71676756417178922],[111.12732227360408,0.71673959255821273],[111.12738932525724,0.71671162184389914],[111.12745637691035,0.71668365112964239],[111.12752342766413,0.71665568041538563],[111.12759048021655,0.71662770880175231],[111.12765753186966,0.71659973808749555],[111.12772458262344,0.71657176827255853],[111.12779163517587,0.7165437966589252],[111.12785868592965,0.71651582594466845],[111.12792573758276,0.71648785523035485],[111.12799279013524,0.71645988361677837],[111.12805984088902,0.71643191290252162],[111.12812689344145,0.71640394218820802],[111.12819394419523,0.716375972373271],[111.12826099584834,0.71634800075969451],[111.12832804840076,0.71632003004538092],[111.12839509915455,0.71629205933112416],[111.12846215080765,0.71626408771754768],[111.12852920156149,0.71623611700323409],[111.12859625411392,0.71620814628897733],[111.12866330576702,0.71618017467534401],[111.12873035742012,0.71615220486040698],[111.12879740907323,0.71612423414615023],[111.12886445982701,0.71609626343183663],[111.12893151237944,0.71606829181826015],[111.12899856403254,0.7160403211040034],[111.12906561478633,0.7160123503896898],[111.12913266733881,0.71598437877611332],[111.12919971809259,0.71595640896117629],[111.1292667697457,0.7159284382468627],[111.12933382229812,0.71590046663328621],[111.12940087305191,0.71587249591897262],[111.12946792470501,0.71584452520471586],[111.12953497635812,0.71581655359113938],[111.12960202801122,0.71578858287682579],[111.12966907966438,0.71576061216256903],[111.12973613131749,0.71573264144831228],[111.12980318297059,0.71570466983467895],[111.12987023372438,0.71567670001974193],[111.1299372862768,0.71564872930548518],[111.1300043379299,0.71562075769185185],[111.13007138868369,0.7155927869775951],[111.13013844123611,0.7155648162632815],[111.1302054919899,0.71553684464970502],[111.13027254364306,0.71550887393544826],[111.13033959619548,0.71548090322113467],[111.13040664694927,0.71545293340619764],[111.13047369860237,0.71542496179262116],[111.13047566541968,0.71542414161086754],[111.13054075025548,0.71539699107830756],[111.13060780190858,0.71536902036405081],[111.13067485356169,0.71534104875047433],[111.13074190521479,0.71531307803616073],[111.13080895686795,0.71528510732190398],[111.13087600762174,0.71525713660759038],[111.13094306017416,0.71522916589333363],[111.13101011182727,0.71520119517907688],[111.13107716258105,0.71517322356544355],[111.13114421513347,0.7151452528511868],[111.13121126588726,0.71511728213693004],[111.13127831843968,0.71508931142261645],[111.13134537009284,0.71506133980903996],[111.13141242084663,0.71503336909478321],[111.13147947339905,0.71500539927978934],[111.13154652415284,0.71497742766621286],[111.13161357580594,0.71494945695189926],[111.13168062835837,0.71492148623764251],[111.13174767911215,0.71489351462406603],[111.13181473076526,0.71486554390975243],[111.13188178241836,0.71483757319549568],[111.13194883407152,0.7148096015819192],[111.13201588572463,0.7147816308676056],[111.13208293737773,0.71475366015334885],[111.13214998903084,0.71472568943909209],[111.13221703978462,0.71469771782545877],[111.13228409233704,0.71466974711120201],[111.13235114399015,0.71464177639688842],[111.13241819474393,0.71461380478331193],[111.13248524729636,0.71458583406905518],[111.1325522980502,0.71455786425406131],[111.1326193497033,0.71452989264048483],[111.13268640225573,0.71450192192622808],[111.13275345300951,0.71447395121191448],[111.13282050466262,0.714445979598338],[111.13288755631572,0.7144180088840244],[111.13295460796883,0.71439003816976765],[111.13302165962193,0.71436206655619117],[111.13308871127509,0.7143340967411973],[111.1331557629282,0.71430612602694055],[111.13322281368198,0.71427815531268379],[111.13328986623441,0.71425018369905047],[111.13335691788751,0.71422221298479371],[111.1334239686413,0.71419424227053696],[111.13349102119372,0.71416627065690363],[111.1335580719475,0.71413829994264688],[111.13362512360061,0.71411032922833328],[111.13369217615309,0.7140823576147568],[111.13375922690688,0.71405438690050005],[111.13382627855998,0.71402641618618645],[111.13389333021308,0.71399844457260997],[111.13396038186619,0.71397047385835322],[111.13402743441861,0.71394250314403962],[111.1340944851724,0.71391453242978287],[111.13416153592618,0.71388656171552611],[111.13422858667997,0.71385859100121252],[111.13429563923245,0.71383062028695576],[111.13436269088555,0.71380264867332244],[111.13442974163934,0.71377467795906568],[111.13449679419176,0.71374670724480893],[111.13456384494555,0.7137187356311756],[111.13463089659865,0.71369076491691885],[111.13469794915108,0.7136627942026621],[111.13476499990486,0.71363482258902877],[111.13483205155802,0.71360685187477202],[111.13489910321113,0.71357888116045842],[111.13496615486423,0.71355091044620167],[111.13503065514067,0.71351796378303334],[111.13509515361852,0.71348501891856131],[111.13515965389496,0.71345207315471271],[111.13522415507077,0.71341912829018383],[111.13528865534721,0.71338618342565496],[111.13535315472438,0.7133532376618632],[111.13541765500082,0.7133202918980146],[111.13548215527732,0.713287346134166],[111.13554665465443,0.71325440126963713],[111.13561115583025,0.7132214546064688],[111.13567565610668,0.71318850974199677],[111.13574015638318,0.71315556397814817],[111.1358046557603,0.71312261911361929],[111.13586915603679,0.71308967424909042],[111.13593365541391,0.71305672938461839],[111.1359981556904,0.71302378272145006],[111.13606265596684,0.71299083695760146],[111.13612715624333,0.71295789209307259],[111.13619165562045,0.71292494722860056],[111.13625615589694,0.71289200236407169],[111.13632065617338,0.71285905660022308],[111.1363851573492,0.71282611083637448],[111.13644965672631,0.71279316597190245],[111.13651415700281,0.71276022020805385],[111.13657865637992,0.71272727534352498],[111.13664315665642,0.71269432868035665],[111.13670765603354,0.71266138381588462],[111.13677215720935,0.71262843895135575],[111.13683665658647,0.71259549408682687],[111.13690115686296,0.71256254832297827],[111.1369656571394,0.71252960255918651],[111.13703015741589,0.71249665769465764],[111.13709465679301,0.71246371283012877],[111.1371591570695,0.7124307679655999],[111.13722365824532,0.71239782220180814],[111.13728815762244,0.71236487733727927],[111.13735265789893,0.71233193157343067],[111.13741715817537,0.71229898670890179],[111.13748165755254,0.71226604094505319],[111.13754615782898,0.71223309608058116],[111.13761065900479,0.71220015121605229],[111.13767515928123,0.71216720635152342],[111.1377396586584,0.71213426058773166],[111.13780415893484,0.71210131482388306],[111.13786865921134,0.71206836995935419],[111.13793315858845,0.71203542509482531],[111.13799765976427,0.71200248023035329],[111.1380621600407,0.71196953536582441],[111.1381266603172,0.71193658870265608],[111.13819115969432,0.71190364383812721],[111.13825565997081,0.71187069897359834],[111.13832016024725,0.71183775410912631],[111.13838466142306,0.71180480834527771],[111.13844916080018,0.7117718625814291],[111.13851366107667,0.71173891771690023],[111.13857816135311,0.7117059728524282],[111.13864266073028,0.71167302798789933],[111.13870716190604,0.71164008222405073],[111.13877166218253,0.71160713735952186],[111.13883616155965,0.7115741915957301],[111.13890066183615,0.71154124673120123],[111.1389651630119,0.71150830096735262],[111.1390296632884,0.71147535610282375],[111.13909416266551,0.71144241123835172],[111.13915866294201,0.71140946637382285],[111.13922316321845,0.71137652060997425],[111.13928766439426,0.71134357484612565],[111.13935216377138,0.71131062998165362],[111.13941666404787,0.71127768511712475],[111.13948116432431,0.71124474025259588],[111.13954566370148,0.711211795388067],[111.13961016487724,0.71117884872495551],[111.13967466515373,0.71114590386042664],[111.13973916543023,0.71111295899589777],[111.13980366480735,0.7110800141313689],[111.13986816508384,0.71104706926689687],[111.13993266536028,0.711014124402368],[111.13999716563677,0.71098117773919967],[111.14006166591321,0.71094823287467079],[111.1401261661897,0.71091528801019876],[111.14019066556682,0.71088234314566989],[111.14025516584331,0.71084939828114102],[111.14031966611975,0.71081645341661215],[111.14038416729557,0.71078350675350066],[111.14044866667268,0.71075056188897179],[111.14051316694918,0.71071761702444292],[111.14057766722561,0.71068467215991404],[111.14064216660279,0.71065172729544202],[111.14070666687923,0.71061878243091314],[111.14077116805504,0.71058583576774481],[111.14083566833148,0.71055289090321594],[111.14090016770865,0.71051994603874391],[111.14096466798509,0.71048700117421504],[111.14102916826158,0.71045405630968617],[111.1410936676387,0.71042111144515729],[111.14115816881451,0.71038816478204581],[111.14122266909095,0.71035521991751693],[111.14128716936744,0.71032227505298806],[111.14135166874456,0.71028933018845919],[111.14141616902106,0.71025638532398716],[111.14148066929749,0.71022343956013856],[111.14154516867467,0.71019049469560969],[111.14160967074974,0.71015754893176108],[111.14167417102624,0.71012460406728906],[111.14173867130268,0.71009165920276018],[111.14180317067985,0.71005871433823131],[111.14186767095629,0.71002576857438271],[111.14193217123278,0.70999282281059095],[111.14199667240854,0.70995987794606208],[111.14206117178571,0.70992693308153321],[111.14212567206215,0.70989398821700433],[111.14219017233864,0.70986104335253231],[111.14225467171576,0.70982809668936397],[111.14231917199226,0.7097951518248351],[111.14238367316807,0.70976220696030623],[111.14244817344451,0.7097292620958342],[111.14251267282168,0.7096963163319856],[111.14257717309812,0.709663370568137],[111.14264167337461,0.70963042570360813],[111.14270617275173,0.7095974808391361],[111.14277067392754,0.70956453597460722],[111.14283517420398,0.70953159021075862],[111.14289967358116,0.70949864534622975],[111.14296417385759,0.70946569958243799],[111.14302867413409,0.70943275471790912],[111.14309317441052,0.70939980985338025],[111.14315767468702,0.70936686408953165],[111.14322217496346,0.70933391922505962],[111.14328667523995,0.70930097436053074],[111.14335117461707,0.70926802859668214],[111.14341567489356,0.70923508373215327],[111.14348017517,0.70920213886768124],[111.14354467544649,0.70916919400315237],[111.14360917572293,0.70913624823930377],[111.14367367599942,0.7091033033747749],[111.14373817627586,0.70907035761098314],[111.14380267565303,0.70903741274645427],[111.14386717592947,0.70900446788192539],[111.14393167620597,0.70897152301739652],[111.14399617738172,0.70893857725360476],[111.1440606767589,0.70890563238907589],[111.14412517703533,0.70887268662522729],[111.14418967731183,0.70883974176069842],[111.14425417668895,0.70880679689622639],[111.14431867696544,0.70877385203169752],[111.1443831781412,0.70874090626784891],[111.14444767841769,0.70870796140332004],[111.14451217779481,0.70867501563952828],[111.1445766780713,0.70864207077499941],[111.14464117834774,0.70860912591047054],[111.14470567772491,0.70857618104594167],[111.14477017890067,0.70854323528214991],[111.14483467917717,0.70851029041762104],[111.14489917855428,0.70847734465377243],[111.14496367883078,0.70844439978924356],[111.14502817910721,0.70841145492477153],[111.14509267938371,0.70837851006024266],[111.1451571796602,0.70834556429639406],[111.14522167993664,0.70831261943186519],[111.14528618021313,0.70827967366807343],[111.14535067959025,0.70824672880354456],[111.14541517986675,0.70821378393901568],[111.14547968014318,0.70818083817516708],[111.14554418041968,0.70814789331069505],[111.14560868069611,0.70811494844616618],[111.14567318097261,0.70808200268231758],[111.14573768124905,0.70804905691846898],[111.14580218062622,0.70801611205399695],[111.14586668090266,0.70798316718946808],[111.14593118117915,0.7079502223249392],[111.14599568235491,0.7079172765610906],[111.14606018173208,0.70788433079729884],[111.14612468200852,0.70785138593276997],[111.14618918228501,0.7078184410682411],[111.14625368166213,0.70778549620371223],[111.14631818193863,0.7077525513392402],[111.1463826840137,0.70771960467607187],[111.1464471842902,0.707686659811543],[111.14651168366731,0.70765371494701412],[111.14657618394381,0.70762077008254209],[111.14664068422024,0.70758782521801322],[111.14670518359742,0.70755488035348435],[111.14676968477318,0.70752193369031602],[111.14683418504967,0.70748898882584399],[111.14689868532611,0.70745604396131512],[111.14696318470328,0.70742309909678625],[111.14702768497972,0.70739015423225737],[111.14709218525621,0.70735720936778534],[111.14715668643197,0.70732426270461701],[111.14722118580914,0.70729131784008814],[111.14728568608558,0.70725837297555927],[111.14735018636208,0.70722542811108724],[111.14742014012745,0.70720597217791692],[111.14749009299345,0.70718651714412317],[111.14756004675883,0.70716706211027258],[111.14763000142347,0.7071476061771591],[111.14769995428952,0.70712815114330851],[111.1477699080549,0.70710869521013819],[111.14783986182022,0.70708923927702472],[111.14790981468627,0.70706978424317413],[111.14797976935091,0.70705032920938038],[111.14804972311629,0.70703087417552979],[111.14811967688166,0.70701141824241631],[111.14818962974766,0.70699196320856572],[111.14825958441236,0.70697250727545224],[111.14832953817773,0.70695305134228192],[111.14839949104373,0.70693359630848818],[111.14846944480911,0.70691414127463759],[111.14853939857443,0.70689468534152411],[111.1486093523398,0.70687523030767352],[111.14867930610518,0.70685577527387977],[111.1487492598705,0.70683631934070945],[111.14881921273656,0.7068168643069157],[111.14888916740119,0.70679740837374538],[111.14895912116657,0.70677795244057506],[111.14902907403263,0.70675849740678132],[111.14909902779794,0.70673904237293073],[111.14916898156332,0.70671958733913698],[111.14923893622796,0.70670013140596666],[111.14930888909402,0.70668067637217291],[111.14937884285939,0.70666122043900259],[111.14944879662471,0.70664176360656938],[111.14951875039009,0.70662230857271879],[111.14958870415541,0.70660285443824478],[111.14965865792078,0.70658339760575473],[111.14972861078684,0.70656394257196098],[111.14979856455216,0.70654448843743012],[111.14986851921685,0.70652503160499691],[111.14993847208291,0.70650557657114632],[111.15000842584823,0.70648612063803284],[111.1500783796136,0.70646666470486252],[111.15014833337892,0.70644720967101193],[111.1502182871443,0.70642775463721819],[111.15028824090967,0.70640829870404787],[111.15035819467499,0.70638884367025412],[111.15042814844037,0.70636938863640353],[111.15049810220569,0.70634993270329005],[111.15056805597106,0.70633047677011973],[111.15063800883712,0.70631102173632598],[111.15070796260244,0.70629156670247539],[111.15077791726713,0.70627211076936192],[111.15084787013313,0.70625265573551133],[111.15091782389851,0.70623319980239785],[111.15098777766389,0.70621374476854726],[111.1510577314292,0.70619428973475351],[111.15112768519458,0.70617483380158319],[111.15119763895996,0.70615537786846971],[111.15126759182596,0.70613592283461912],[111.15133754559133,0.70611646780076853],[111.15140750025597,0.70609701186765506],[111.15147745402135,0.70607755593448474],[111.1515474068874,0.70605810090069099],[111.15161736065272,0.7060386458668404],[111.15168731531742,0.70601918993372692],[111.15175726818342,0.70599973489987633],[111.15182722194879,0.70598027986608258],[111.15189717571417,0.70596082393291226],[111.15196712858017,0.70594136889911852],[111.15203708324486,0.7059219129659482],[111.15210703701018,0.70590245793215445],[111.15217698987624,0.70588300289830386],[111.15224694364161,0.70586354696519038],[111.15231689830625,0.70584409103202006],[111.15238685117231,0.70582463599822631],[111.15245680493769,0.70580518096437572],[111.152526758703,0.7057857250312054],[111.15259671156906,0.70576626999741165],[111.1526666662337,0.70574681406424133],[111.15273661999908,0.70572735903044759],[111.15280657376445,0.70570790309727727],[111.15287652663045,0.70568844806348352],[111.15294648129515,0.70566899302963293],[111.15301643506047,0.70564953709651945],[111.15308638792652,0.70563008206266886],[111.1531563416919,0.70561062612955538],[111.15322629635654,0.70559117019638506],[111.15329624922259,0.70557171516259132],[111.15336620298791,0.70555226012874073],[111.15343615675329,0.70553280419562725],[111.15350610961934,0.70551334916177666],[111.15357606428398,0.70549389412798291],[111.15364601804936,0.70547443819481259],[111.15371597091541,0.70545498316101884],[111.15378592468073,0.70543552722784852],[111.15385587934543,0.70541607219399793],[111.15392583311075,0.70539661626088446],[111.1539957859768,0.70537716122703387],[111.15406573974218,0.70535770619324012],[111.15413569440682,0.7053382502600698],[111.15420564727287,0.70531879522627605],[111.15427560103819,0.70529933929310573],[111.15434555480357,0.70527988335999225],[111.15441550766963,0.70526042832614166],[111.15448546233426,0.70524097329234792],[111.15455541609964,0.7052215173591776],[111.15462536896564,0.70520206232538385],[111.15469532273102,0.70518260729153326],[111.15476527739571,0.70516315135841978],[111.15483523026171,0.70514369632456919],[111.15490518402709,0.70512424039145571],[111.15497513779246,0.70510478535760512],[111.15504509155778,0.7050853294244348],[111.15511504532316,0.70506587439064106],[111.15518499908848,0.70504641935679047],[111.15525495285385,0.70502696342367699],[111.15532490571991,0.7050075083898264],[111.15539486038455,0.70498805155739319],[111.15546481414992,0.70496859562422287],[111.15553476701592,0.70494914059042912],[111.1556047207813,0.70492968555657853],[111.15567467544599,0.70491022962346506],[111.15574462831199,0.70489077458961447],[111.15581458207737,0.70487131955582072],[111.15588453584269,0.7048518636226504],[111.15595448870874,0.70483240858885665],[111.15602444337344,0.70481295265568633],[111.15609439713876,0.70479349762189258],[111.15616435090413,0.70477404168872226],[111.15623430377019,0.70475458665487167],[111.15630425843483,0.7047351307217582],[111.15637421220021,0.70471567568790761],[111.1564441650662,0.70469622065411386],[111.15651411883158,0.70467676472094354],[111.15658407259696,0.70465730878783006],[111.15665402636228,0.70463785375397947],[111.156716114657,0.70462058587139609],[111.15672398012765,0.70461839872018572],[111.15679393389297,0.7045989427870154],[111.15686388675903,0.70457948775322166],[111.15693384142372,0.70456003182005134],[111.15700379518904,0.70454057678625759],[111.1570737480551,0.704521121752407],[111.15714370182042,0.70450166581929352],[111.15721365558579,0.7044822098861232],[111.15728360935117,0.70446275485232945],[111.15735356311649,0.70444329981847886],[111.15742351688186,0.70442384388530854],[111.15749347064724,0.70440438795219507],[111.15756342441256,0.70438493291834448],[111.15763337817793,0.70436547788455073],[111.15770333194325,0.70434602195138041],[111.15777328480931,0.70432656691758666],[111.15784323857469,0.70430711188373607],[111.15791319323932,0.70428765595062259],[111.15798314610538,0.704268200916772],[111.1580530998707,0.70424874498365853],[111.15812305363607,0.70422928994980794],[111.15819300740145,0.70420983491601419],[111.15826296116677,0.70419037898284387],[111.15833291493215,0.70417092304973039],[111.15840286779815,0.7041514680158798],[111.15847282156352,0.70413201298208605],[111.15854277622822,0.70411255704891573],[111.15861272999354,0.70409310111574541],[111.15868268285959,0.70407364608195167],[111.15875263662497,0.70405419104810107],[111.15882259128961,0.7040347351149876],[111.15889254415566,0.70401528008113701],[111.15896249792098,0.70399582504734326],[111.15903245168636,0.70397636911417294],[111.15910240455241,0.70395691408037919],[111.15917235921705,0.70393745814720887],[111.15924231298243,0.7039180022140954],[111.15931226584843,0.7038985471802448],[111.1593822196138,0.70387909214645106],[111.1594521742785,0.70385963621328074],[111.1595221271445,0.70384018117948699],[111.15959208090987,0.7038207261456364],[111.15966203467519,0.70380127021252292],[111.15973198933989,0.7037818142793526],[111.15980194220595,0.70376235924555886],[111.15987189597126,0.70374290421170826],[111.15994184973664,0.70372344827853794],[111.1600118026027,0.7037039932447442],[111.16008175726733,0.70368453821089361],[111.16015171103271,0.70366508227778013],[111.16022166389871,0.70364562724392954],[111.16029161766409,0.70362617131081606],[111.16036157232878,0.70360671537764574],[111.16043152519478,0.70358726034385199],[111.16050147896016,0.7035678053100014],[111.16057143272548,0.70354834937688793],[111.16064138559153,0.70352889434303734],[111.16071134025623,0.70350943930924359],[111.16078129402155,0.70348998337607327],[111.16085124778692,0.70347052744295979],[111.16092120065292,0.7034510724091092],[111.16099115531762,0.70343161737531545],[111.16106110908299,0.70341216144214513],[111.16113106194899,0.70339270640829454],[111.16120101571437,0.7033732513745008],[111.16127097037906,0.70335379544133048],[111.16134092324506,0.70333434040753673],[111.16141087701044,0.70331488357504668],[111.16148083077576,0.7032954276419332],[111.16155078364181,0.70327597260808261],[111.16162073830651,0.70325651757428886],[111.16169069207183,0.70323706164111854],[111.16176064493789,0.7032176066073248],[111.1618305987032,0.70319815157347421],[111.1619005533679,0.70317869564036073],[111.16197050623396,0.70315924060651014],[111.16204045999928,0.70313978467339666],[111.16211041376465,0.70312032963954607],[111.16218036842935,0.70310087370643259],[111.16225032129535,0.703081418672582],[111.16232027506072,0.70306196273941168],[111.16239022882604,0.70304250770561794],[111.1624601816921,0.70302305267176735],[111.16253013635679,0.70300359673865387],[111.16260009012211,0.70298414080548355],[111.16267004298817,0.7029646857716898],[111.16273999675349,0.70294523073783921],[111.16280995141818,0.70292577480472573],[111.16287990428424,0.70290631977087514],[111.16294985804956,0.70288686383776167],[111.16301981181493,0.70286740880391108],[111.16308976468093,0.70284795377011733],[111.16315971934563,0.70282849783694701],[111.163229673111,0.70280904280315326],[111.16329962687632,0.70278958686998294],[111.16336957974238,0.70277013183618919],[111.16343953440708,0.70275067590301887],[111.16350948817239,0.70273122086916828],[111.16357944103845,0.70271176583537454],[111.16364939480377,0.70269230990220422],[111.16371934856915,0.70267285396909074],[111.16378930233452,0.70265339893524015],[111.16385925609984,0.7026339439014464],[111.16392920986522,0.70261448796827608],[111.16399916273122,0.70259503293448233],[111.16406911739591,0.70257557700131201],[111.16413907116129,0.70255612196751827],[111.16420902402729,0.70253666693366768],[111.16427897779266,0.7025172110005542],[111.16434893155798,0.70249775596670361],[111.16441888622268,0.70247830003359013],[111.16448883908873,0.70245884499973954],[111.16455879285405,0.70243938906662606],[111.16462874661943,0.70241993313345574],[111.1646987003848,0.70240047809960515],[111.16476865415012,0.70238102306581141],[111.1648386079155,0.70236156713264108],[111.1649085607815,0.70234211209884734],[111.16497851544619,0.70232265706499675],[111.16504846921157,0.70230320113188327],[111.16511842207757,0.70228374609803268],[111.16518837584294,0.7022642901649192],[111.16525832960826,0.70224483423174888],[111.16532828337364,0.70222537919795514],[111.16539823713902,0.70220592416410454],[111.16546819090433,0.7021864691303108],[111.16553814466971,0.70216701319714048],[111.16560809843503,0.70214755816334673],[111.16567805220041,0.70212810223017641],[111.16574800596578,0.70210864629706293],[111.16581795883178,0.70208919126321234],[111.16588791259716,0.7020697362294186],[111.16595786726185,0.70205028029624827],[111.16602782012785,0.70203082526239768],[111.16609777389323,0.70201137022860394],[111.16616772765855,0.70199191429543362],[111.16623768142392,0.70197245926163987],[111.1663076351893,0.70195300332846955],[111.16637758895462,0.70193354739535607],[111.16644754182067,0.70191409236150548],[111.16651749558599,0.70189463732771173],[111.16658745025069,0.70187518139454141],[111.16665740311674,0.70185572636074767],[111.16672735688206,0.70183627132689708],[111.16679731064744,0.7018168153937836],[111.16686726531208,0.70179735856129355],[111.16693721817813,0.70177790442681953],[111.16700717194351,0.70175844939296894],[111.16707712570883,0.70173899256047889],[111.16714707857489,0.70171953842600487],[111.16721703323958,0.70170008339215428],[111.1672869870049,0.70168062655972108],[111.16735693987096,0.70166117242519022],[111.16742689363628,0.70164171559275701],[111.16749684830097,0.70162225965958669],[111.16756680116703,0.70160280462579294],[111.16763675493235,0.70158334959194235],[111.16770670869772,0.70156389365882887],[111.16777666156372,0.70154443862497828],[111.16784661622842,0.70152498359118454],[111.16791656999379,0.70150552765801422],[111.16798652375911,0.70148607172490074],[111.16805647662517,0.70146661669105015],[111.16812643128981,0.7014471616572564],[111.16819638505518,0.70142770572408608],[111.16826633792124,0.70140825069029233],[111.16833629168656,0.70138879475712201],[111.16840624635125,0.70136933972327142],[111.16847619921731,0.70134988468947768],[111.16854615298263,0.70133042875630736],[111.168616106748,0.70131097282319388],[111.168686059614,0.70129151778934329],[111.1687560142787,0.70127206275554954],[111.16882596804408,0.70125260682237922],[111.16889592091007,0.70123315178858547],[111.16896587467545,0.70121369585541515],[111.16903582934009,0.70119424082162141],[111.16910578310546,0.70117478488845109],[111.16917573597152,0.70115532985465734],[111.16924568973684,0.70113587482080675],[111.16931564440154,0.70111641888769327],[111.16938559726754,0.70109696385384268],[111.16945555103291,0.7010775079207292],[111.16952550479829,0.70105805288687861],[111.16959545766429,0.70103859785302802],[111.16966541232898,0.70101914191991455],[111.16973536609436,0.70099968598674423],[111.16980531896036,0.70098023095295048],[111.16987527272573,0.70096077591909989],[111.16994522739037,0.70094131998598641],[111.17001518025643,0.70092186495213582],[111.1700851340218,0.70090240901902234],[111.17015508778712,0.70088295398517175],[111.1702250415525,0.70086349805205828],[111.17029499531782,0.70084404301820769],[111.17036494908319,0.70082458798441394],[111.17043490284857,0.70080513205124362],[111.17050485571457,0.70078567701744987],[111.17057481037926,0.70076622108427955],[111.17064476414458,0.70074676515116607],[111.17071471701064,0.70072731011731548],[111.17078467077602,0.70070785508346489],[111.17085048316335,0.70067699394815008],[111.17091629465136,0.70064613191351555],[111.17098210793802,0.70061526987882417],[111.17104792032535,0.70058440874350936],[111.17111373181331,0.70055354760819455],[111.17117954420064,0.70052268737219947],[111.17124535658797,0.70049182533750809],[111.17131116807599,0.70046096420219328],[111.17137698136264,0.7004301021675019],[111.17144279285066,0.70039924103218709],[111.17150860523799,0.70036837989687228],[111.17157441762532,0.7003375178621809],[111.17164023001266,0.70030665672686609],[111.17170604239999,0.70027579559155129],[111.171771853888,0.70024493535555621],[111.17183766717466,0.70021407332086483],[111.17190347776335,0.70018321218555002],[111.17196929105,0.70015235015085864],[111.17203510343734,0.70012148901554383],[111.17210091492535,0.70009062788022902],[111.17216672731269,0.70005976674491421],[111.17223253970002,0.70002890471022283],[111.17229835208735,0.69999804357490802],[111.17236416357537,0.69996718333891295],[111.17242997686202,0.69993632130422156],[111.17249578924935,0.69990546016890676],[111.17256159983805,0.69987459903359195],[111.1726274131247,0.69984373699890057],[111.17269322461271,0.69981287586358576],[111.17275903699999,0.69978201472827095],[111.17282485028664,0.69975115269357957],[111.17289066177466,0.69972029155826476],[111.17295647416199,0.69968943132226968],[111.17302228565001,0.69965857018689803],[111.17308809893666,0.69962770815226349],[111.17315391132399,0.69959684701694869],[111.17321972281201,0.69956598588157703],[111.17328553609866,0.6995351238469425],[111.17335134758667,0.69950426271162769],[111.17341715907469,0.69947340157625604],[111.17348297236134,0.69944254044094123],[111.17354878384936,0.69941167930562642],[111.17361459623669,0.69938081817025477],[111.17368040862402,0.69934995613562023],[111.17374622101136,0.69931909500030542],[111.17381203339869,0.69928823386493377],[111.1738778448867,0.69925737272961896],[111.17394365817336,0.69922651069498443],[111.17400946966137,0.69919564955961278],[111.1740752820487,0.6991647893236177],[111.17414109443604,0.69913392818830289],[111.17420690682337,0.69910306615361151],[111.17427271831139,0.6990722050182967],[111.17433853069872,0.69904134298366216],[111.17440434308605,0.69901048184829051],[111.17447015457401,0.6989796207129757],[111.17453596786066,0.69894875867834116],[111.174601780248,0.69891789844228924],[111.17466759173601,0.69888703730697443],[111.17473340322402,0.69885617617165963],[111.17479921741,0.69882531413696825],[111.17486502889801,0.69879445300165344],[111.17493084128535,0.69876359186633863],[111.17499665277336,0.69873273073096698],[111.17506246606001,0.69870186869633244],[111.17512827664871,0.69867100756101763],[111.17519408993536,0.69864014642564598],[111.17525990232269,0.69860928529033117],[111.17532571291139,0.69857842415501636],[111.17539152709736,0.69854756212032498],[111.17545733858537,0.69851670098501017],[111.17552315097271,0.69848583984969537],[111.1755889615614,0.69845497871432372],[111.17565477574738,0.69842411667968918],[111.17572058813471,0.6983932564436941],[111.1757863987234,0.69836239530832245],[111.17585221201006,0.69833153327368791],[111.17591802439739,0.6983006721383731],[111.1759838358854,0.69826981100300145],[111.17604964917206,0.69823894896836691],[111.17611546066001,0.6982080878330521],[111.17618127214803,0.69817722669768045],[111.176247086334,0.69814636466304592],[111.17631289782202,0.69811550442705084],[111.17637871020935,0.69808464329167919],[111.17644452169736,0.69805378215636438],[111.1765103340847,0.69802292102104957],[111.17657614737135,0.69799205898635819],[111.17664195796004,0.69796119785104338],[111.1767077712467,0.69793033581640884],[111.17677358273471,0.69789947468103719],[111.17683939512204,0.69786861444504211],[111.1769052084087,0.69783775241040757],[111.17697101989671,0.69780689127503592],[111.17703683138473,0.69777603013972112],[111.17710264467138,0.69774516810508658],[111.17716845705871,0.69771430696971493],[111.17723426944605,0.69768344583440012],[111.17730008093406,0.69765258469908531],[111.17736589332139,0.69762172356371366],[111.17743170570873,0.69759086242839885],[111.17749751719674,0.69756000129308404],[111.17756332958407,0.69752913925839266],[111.17762914197141,0.69749827812307785],[111.17769495435874,0.69746741698776304],[111.17776076674608,0.69743655495307166],[111.17782657913341,0.69740569381775686],[111.17789239062137,0.69737483268244205],[111.1779582030087,0.69734397244644697],[111.17802401629535,0.69731311041175559],[111.17808982778337,0.69728224927644078],[111.1781556401707,0.69725138814112597],[111.17822145165871,0.69722052700575432],[111.17828726494537,0.69718966497111978],[111.17835307643338,0.69715880383574813],[111.17841888882072,0.69712794180111359],[111.17848470120805,0.69709708066579879],[111.17855051179674,0.69706622042980371],[111.17861632598272,0.69703535839511233],[111.17868213837005,0.69700449725979752],[111.17874794985806,0.69697363612448271],[111.1788137622454,0.69694277498911106],[111.17887957463273,0.69691191295447652],[111.17894538702006,0.69688105181916171],[111.17901119760876,0.69685019068379006],[111.17907701089541,0.69681932864915552],[111.17914282328275,0.69678846841316044],[111.17920863477076,0.69675760727778879],[111.17927444805741,0.69672674524315426],[111.17934026044475,0.69669588410783945],[111.17940607103344,0.6966650229724678],[111.17947188521941,0.69663416093783326],[111.17953769670737,0.69660329980251845],[111.17960350819538,0.6965724386671468],[111.17966932058272,0.69654157663251226],[111.17973513297005,0.69651071639651718],[111.17980094535739,0.69647985526114553],[111.17986675774472,0.69644899322651099],[111.17993257013205,0.69641813209119618],[111.17999838162007,0.69638727095582453],[111.1800641940074,0.69635640982050973],[111.18013000729405,0.69632554778587519],[111.18019581878207,0.69629468665050354],[111.1802616311694,0.69626382641450846],[111.18032744265741,0.69623296527919365],[111.18039325594407,0.69620210324450227],[111.18045906743208,0.69617124210918746],[111.18052487981942,0.69614038007455292],[111.18059069220675,0.69610951893918127],[111.18065650369476,0.69607865780386646],[111.18072231698142,0.69604779576923193],[111.18078812936875,0.69601693463386027],[111.18085394085676,0.6959860743978652],[111.18091975234478,0.69595521326255039],[111.18098556563143,0.69592435122785901],[111.18105137801876,0.6958934900925442],[111.1811171904061,0.69586262895722939],[111.18118300189406,0.69583176782185774],[111.18124881518071,0.6958009057872232],[111.1813146257694,0.69577004465190839],[111.18138043905606,0.69573918261721701],[111.18144625144339,0.69570832238122193],[111.1815120629314,0.69567746124590712],[111.18157787621806,0.69564659921121574],[111.18164368770607,0.69561573807590094],[111.1817095000934,0.69558487694058613],[111.1817753106821,0.69555401580521448],[111.18184112486807,0.69552315377057994],[111.18190693725541,0.69549229263526513],[111.18197274874342,0.69546143239921321],[111.18203856113075,0.6954305712638984],[111.18210437441741,0.69539970922926386],[111.1821701850061,0.69536884809389221],[111.18223599829275,0.69533798605925767],[111.18230180978077,0.69530712492394287],[111.18236762126878,0.69527626378857121],[111.18243343455543,0.69524540175393668],[111.18249924694277,0.69521454061862187],[111.1825650593301,0.69518368038256995],[111.1826308699188,0.69515281924725514],[111.18269668410477,0.6951219572126206],[111.18276249559278,0.69509109607724895],[111.18282830708074,0.69506023494193414],[111.18289412036745,0.6950293729072996],[111.18295993185541,0.69499851177192795],[111.18302574424274,0.69496765063661314],[111.18309155663007,0.69493678860197861],[111.18315736901741,0.69490592836592668],[111.1832231796061,0.69487506723061188],[111.18328899379208,0.69484420519597734],[111.18335480617941,0.69481334406060569],[111.18342061766742,0.69478248292529088],[111.18348643005476,0.69475162178997607],[111.18355224244209,0.69472076065460442],[111.18361805482942,0.69468989861996988],[111.18368386631744,0.6946590383839748],[111.18374967870477,0.69462817634928342],[111.1838154910921,0.69459731521396861],[111.18388130258012,0.69456645407865381],[111.18394711586677,0.69453559204396242],[111.18401292825411,0.69450473090864762],[111.18407873974212,0.69447386977333281],[111.18414455212945,0.69444300863796116],[111.18421036541611,0.69441214660332662],[111.18427617690412,0.69438128636733154],[111.18434198929145,0.69435042523195989],[111.18440780077947,0.69431956409664508],[111.18447361406612,0.69428870206201054],[111.18453942465476,0.69425784092663889],[111.18460523794141,0.69422697889200435],[111.18467105032875,0.69419611775668955],[111.18473686091744,0.69416525662131789],[111.18480267510341,0.69413439458668336],[111.18486848659143,0.69410353435068828],[111.18493429897876,0.69407267321531663],[111.18500011136609,0.69404181208000182],[111.18506592375343,0.69401095004536728],[111.18513173614076,0.69398008890999563],[111.18519754762877,0.69394922777468082],[111.18526336001611,0.69391836663936601],[111.18532917330276,0.69388750460467463],[111.18539498389146,0.69385664436867955],[111.18546079717811,0.69382578233404502],[111.18552660866612,0.69379492119873021],[111.18559242015414,0.69376406006335856],[111.18565823434011,0.69373319802872402],[111.18572404582812,0.69370233689335237],[111.18578985821546,0.69367147575803756],[111.18585566970347,0.69364061462272275],[111.18592148299012,0.69360975258803137],[111.18598729537746,0.69357889235203629],[111.18605310596615,0.69354803121672148],[111.18611891925281,0.69351716918208695],[111.18618473074082,0.69348630804671529],[111.1862505431281,0.69345544691140049],[111.18631635641475,0.69342458487676595],[111.18638216790276,0.6933937237413943],[111.18644797939078,0.69336286260607949],[111.18651379267743,0.69333200057144495],[111.18657960506476,0.69330114033539303],[111.18664541655278,0.69327027920007822],[111.18671122894011,0.69323941806476341],[111.18677704132745,0.69320855692939176],[111.18684285371478,0.69317769489475722],[111.18690866610211,0.69314683375944242],[111.18697447759013,0.69311597262407076],[111.18704028997746,0.69308511238807569],[111.18710610326411,0.69305425035344115],[111.18717191475213,0.6930233892180695],[111.18723772713946,0.69299252808275469],[111.18729896557488,0.69295419088325616],[111.18736020401025,0.69291585458307736],[111.18742144334499,0.69287751918221829],[111.18748268178041,0.69283918198271977],[111.18754392021583,0.69280084568254097],[111.18760515865119,0.6927625102816819],[111.18766639798594,0.69272417308218337],[111.18772763642136,0.69268583678200457],[111.18778887485678,0.6926475013811455],[111.18785011419146,0.69260916418164697],[111.18791135172756,0.69257082788146818],[111.18797259106231,0.69253249158128938],[111.18803383039699,0.69249415618043031],[111.18809506883241,0.69245581898093178],[111.18815630726783,0.69241748268075298],[111.18821754570325,0.69237914727989391],[111.18827878503794,0.69234081008039539],[111.18834002257404,0.69230247378021659],[111.18840126190878,0.69226413837935752],[111.18846250124352,0.69222580117980215],[111.18852373877957,0.69218746487962335],[111.18858497811431,0.69214912857944455],[111.18864621744905,0.69211079227926575],[111.18870745498509,0.69207245597908695],[111.18876869431983,0.69203411967890816],[111.18882993275525,0.69199578337872936],[111.18889117119068,0.69195744707855056],[111.18895240962604,0.69191911077837176],[111.18901364896078,0.69188077357887323],[111.1890748873962,0.69184243817801416],[111.18913612583162,0.69180410187783536],[111.18919736516631,0.69176576467833684],[111.18925860270241,0.69172742927747777],[111.18931984203715,0.69168909297729897],[111.18938108137189,0.69165075577780044],[111.18944231890794,0.69161242037694137],[111.18950355824268,0.69157408407676257],[111.1895647966781,0.69153574687726405],[111.18962603511346,0.69149741057708525],[111.1896872744482,0.69145907517622618],[111.18974851288363,0.69142073797672765],[111.18980975221837,0.69138240167654885],[111.18987098975441,0.69134406627568978],[111.18993222908915,0.69130572907619126],[111.18999346842389,0.69126739277601246],[111.19005470595999,0.69122905737515339],[111.19011594529468,0.69119072017565486],[111.1901771837301,0.69115238387547606],[111.19023842216552,0.69111404757529726],[111.19029966060094,0.69107571127511846],[111.19036089993563,0.69103737497493967],[111.19042213837105,0.69099903867476087],[111.19048337680647,0.69096070237458207],[111.19054461614121,0.69092236607440327],[111.19060585367725,0.69088402977422447],[111.190667093012,0.69084569257472594],[111.19072833234674,0.69080735717386688],[111.19078956988278,0.69076902087368808],[111.19085080921752,0.69073068367413271],[111.19091204765294,0.69069234827327364],[111.19097328608837,0.69065401197309484],[111.19103452542305,0.69061567477359631],[111.19109576385847,0.69057733937273724],[111.19115700229389,0.69053900307255844],[111.19121824072931,0.69050066587305992],[111.191279480064,0.69046232957288112],[111.1913407176001,0.69042399417202205],[111.19140195693484,0.69038565697252352],[111.19146319626958,0.69034732067234472],[111.19152443470495,0.69030898437216592],[111.19158567314037,0.69027064807198713],[111.19164691157579,0.69023231177180833],[111.19170815091047,0.6901939745723098],[111.19176938934589,0.69015563917145073],[111.19183062778131,0.69011730287127193],[111.19189186711606,0.6900789656717734],[111.1919531046521,0.69004063027091433],[111.19201434398684,0.69000229397073554],[111.19207558332158,0.68996395677123701],[111.19213682085768,0.68992562137037794],[111.19219806019237,0.68988728507019914],[111.19225929862779,0.68984894787070061],[111.19232053706321,0.68981061157052181],[111.19238177639795,0.68977227616966275],[111.19244301483332,0.68973393897016422],[111.19250425326874,0.68969560266998542],[111.19256549170416,0.68965726726912635],[111.19262673103884,0.68961893006962782],[111.19268796857494,0.68958059376944902],[111.19274920790969,0.68954225836858996],[111.19281044724443,0.68950392116909143],[111.19287168478047,0.68946558486891263],[111.19293292411521,0.68942724856873383],[111.19299416255063,0.68938891226855503],[111.19305540098605,0.68935057596837623],[111.19311664032074,0.68931223966819744],[111.19317787875616,0.68927390336801864],[111.1932391180909,0.68923556706783984],[111.19330035562695,0.68919723076766104],[111.19336159496169,0.68915889356810567],[111.19342283429643,0.6891205581672466],[111.19348407183253,0.6890822218670678],[111.19354531116721,0.68904388466756927],[111.19360654960263,0.6890055492667102],[111.19366778803806,0.68896721296653141],[111.1937290273728,0.68892887576703288],[111.19379026580816,0.68889054036617381],[111.19385150424358,0.68885220406599501],[111.193912742679,0.68881386686649648],[111.19397398201374,0.68877553056631768],[111.19403522044911,0.68873719516545862],[111.19409645888453,0.68869885796596009],[111.19415769821927,0.68866052166578129],[111.19421893575532,0.68862218626492222],[111.19428017509006,0.68858384906542369],[111.1943414144248,0.68854551276524489],[111.1944026519609,0.68850717736438583],[111.19446389129558,0.6884688401648873],[111.19452512973101,0.6884305038647085],[111.19458636816643,0.6883921675645297],[111.19464760660185,0.6883538312643509],[111.19470884593653,0.6883154949641721],[111.19477008437195,0.6882771586639933],[111.19483132280737,0.68823882236381451],[111.19489256214212,0.68820048606363571],[111.19495380057748,0.68816214886413718],[111.1950150390129,0.68812381256395838],[111.19507627834764,0.68808547716309931],[111.19513751678301,0.68804713996360078],[111.19519875521843,0.68800880366342199],[111.19525999365385,0.68797046826256292],[111.19532123298859,0.68793213106306439],[111.19538247142395,0.68789379476288559],[111.19544370985938,0.68785545936202652],[111.19550494919412,0.68781712216252799],[111.19556618673022,0.6877787858623492],[111.1956274260649,0.6877404495621704],[111.19568866539964,0.6877021132619916],[111.19574990293575,0.6876637769618128],[111.19581114227049,0.68762544066157716],[111.19586905591228,0.68758210233221462],[111.19592696865476,0.68753876400279523],[111.19598488319588,0.68749542477405612],[111.19604279593835,0.68745208734401331],[111.19610070958015,0.68740874811527419],[111.19615862322195,0.68736540978585481],[111.19621653686374,0.68732207055717254],[111.19627444960622,0.68727873312707288],[111.19633236414734,0.6872353947976535],[111.19639027688982,0.68719205736761069],[111.19644819143093,0.68714871813887157],[111.19650610417341,0.68710537980945219],[111.19656401781521,0.68706204058076992],[111.19662193055768,0.68701870315067026],[111.19667984509886,0.68697536392193115],[111.19673775784133,0.68693202559256861],[111.19679567238245,0.68688868726314922],[111.19685358512493,0.68684534893372984],[111.19691149876672,0.6868020106043673],[111.19696941240852,0.68675867317426764],[111.19702732605032,0.68671533394552853],[111.19708523879279,0.68667199561616599],[111.19714315333391,0.6866286572867466],[111.19720106607639,0.68658531895732722],[111.19725897971819,0.68654197972864495],[111.19731689335998,0.68649864229854529],[111.19737480700178,0.68645530306980618],[111.19743271974426,0.68641196474044364],[111.19749063428543,0.68636862731034398],[111.19754854702791,0.6863252889809246],[111.1976064606697,0.68628194975224233],[111.1976643743115,0.68623861232214267],[111.1977222879533,0.68619527309340356],[111.19778020069577,0.68615193476404102],[111.19783811523689,0.68610859643462163],[111.19789602797937,0.68606525810520225],[111.19795394162117,0.68602191887651998],[111.19801185526296,0.68597858144642032],[111.19806976890476,0.68593524221768121],[111.19812768164724,0.68589190388831867],[111.19818559618835,0.68584856465957955],[111.19824350893083,0.6858052272294799],[111.19830142257263,0.68576188800079763],[111.19835933621448,0.68571854967137824],[111.19841724985628,0.68567521134195886],[111.19847516259875,0.68563187301259632],[111.19853307713987,0.6855885337838572],[111.19859098988235,0.68554519635375755],[111.19864890442346,0.68550185712507528],[111.19870681716594,0.68545851879565589],[111.19876473080774,0.68541517956691678],[111.19882264444954,0.68537184213687397],[111.19888055809133,0.68532850290813485],[111.19893847083381,0.68528516457871547],[111.19899638537493,0.68524182624935293],[111.1990542981174,0.68519848791993354],[111.19910701277848,0.68515904005772654],[111.1991122117592,0.68515514959051416],[111.199142373222,0.68508910517812183],[111.19917253288617,0.68502306076567265],[111.19920269344959,0.68495701635328032],[111.19923285401308,0.68489097104151142],[111.19926301367718,0.68482492662911909],[111.19929317513999,0.68475888221666992],[111.19932333570347,0.68469283690495786],[111.19935349626689,0.68462679339182841],[111.19938365593106,0.68456074808011635],[111.1994138173938,0.68449470276834745],[111.19944397705797,0.68442865835595512],[111.19947413672207,0.68436261394350595],[111.19950429818488,0.68429656863179389],[111.19953445874836,0.68423052421934472],[111.19956461931179,0.68416447980695239],[111.19959477897595,0.68409843539450321],[111.1996249404387,0.68403239008279115],[111.19965510010286,0.68396634567034198],[111.19968526066629,0.68390030125794965],[111.19971542212909,0.68383425594618075],[111.19974558179325,0.68376821243310815],[111.19977574235668,0.68370216712133924],[111.19980590292016,0.68363612180962718],[111.19983606258427,0.68357007829649774],[111.19986622314775,0.68350403298478568],[111.19989638371118,0.68343798767301678],[111.19990045404279,0.68342907629090632],[111.19992654517398,0.68337194326062445],[111.19995670483814,0.68330589884817527],[111.19998686540157,0.68323985443578295],[111.20001702596505,0.68317380912401404],[111.20004718562916,0.68310776471162171],[111.20007734709196,0.68304172029917254],[111.20010750675607,0.68297567498746048],[111.20013766731955,0.68290963057501131],[111.20016782788304,0.68284358616261898],[111.20019798934578,0.68277754085085007],[111.20022814900994,0.68271149733777747],[111.20025830867405,0.68264545202606541],[111.20028847013685,0.68257940671429651],[111.20031862980096,0.68251336320122391],[111.20034879126376,0.68244731788945501],[111.20037895092793,0.68238127257774295],[111.20040911239067,0.68231522816529377],[111.20043927205484,0.68224918375290144],[111.20046943171894,0.68218313934045227],[111.20049959318175,0.68211709402874021],[111.20052975284585,0.68205104961629104],[111.20055991430866,0.68198500520389871],[111.20059007487214,0.68191895989212981],[111.20062023543557,0.68185291637905721],[111.20065039509973,0.6817868710672883],[111.20068055566315,0.68172082575557624],[111.20071071622664,0.6816547822424468],[111.20074087679012,0.68158873693073474],[111.20077103735355,0.68152269161896584],[111.20080119701771,0.68145664810589324],[111.20083135758114,0.68139060279412433],[111.20086151814462,0.681324558381732],[111.20089167870805,0.6812585130699631],[111.20092183927153,0.68119246865757077],[111.20095199983501,0.6811264242451216],[111.20098216129776,0.68106037893340954],[111.20101232096192,0.68099433542028009],[111.20104248062603,0.68092829010856804],[111.20107264208883,0.68086224479679913],[111.20110280175294,0.68079620128372653],[111.20113296231642,0.68073015597195763],[111.2011631228799,0.68066411066024557],[111.20119328344333,0.68059806714711613],[111.20122344400681,0.68053202183540407],[111.20125360457024,0.68046597742295489],[111.20128376513372,0.68039993301056256],[111.20131392479783,0.68033388769879366],[111.20134408626063,0.68026784328640133],[111.20137424682412,0.68020179797463243],[111.20140440738754,0.6801357535622401],[111.20143456705171,0.68006970914979092],[111.20146472761513,0.68000366383807886],[111.20149488817862,0.67993762032494942],[111.20152504784272,0.67987157501323736],[111.20155520930552,0.67980552970146846],[111.20158536896969,0.67973948618839586],[111.20161553043243,0.67967344087662696],[111.20164569099592,0.6796073955649149],[111.20167585066002,0.67954135205178545],[111.20170601122351,0.67947530674007339],[111.20173617178693,0.67940926232762422],[111.20176633235042,0.67934321791523189],[111.20179649201458,0.67927717260346299],[111.20182665257801,0.67921112819107066],[111.20185681404081,0.67914508287930175],[111.20188697370492,0.67907903936622915],[111.2019171342684,0.67901299405446025],[111.20194729483183,0.67894694874274819],[111.20197745539531,0.67888090522961875],[111.20200761595879,0.67881485991790669],[111.20203777742154,0.67874881460613778],[111.2020679370857,0.67868277109306518],[111.20209809674981,0.67861672578129628],[111.20209552019219,0.67854420265285853],[111.20209294183587,0.67847167862510105],[111.2020903652782,0.67839915639598303],[111.20208778692188,0.67832663236822555],[111.20208520856556,0.67825410923978779],[111.20208263200794,0.67818158611135004],[111.20208005365163,0.67810906208359256],[111.20207747709395,0.67803653895515481],[111.20207489873764,0.67796401492739733],[111.20207232128064,0.67789149179895958],[111.2020697438237,0.67781896867052183],[111.2020671663667,0.67774644464276435],[111.20206458801039,0.67767392241364632],[111.20206201055339,0.67760139928520857],[111.20205943309639,0.67752887525745109],[111.20205685563946,0.67745635212901334],[111.20205427818246,0.67738382810125586],[111.20205170072546,0.67731130497281811],[111.20204912416779,0.67723878184438036],[111.20204654581153,0.67716625781656603],[111.20204396925385,0.67709373468812828],[111.20204139089753,0.6770212106603708],[111.20203881344054,0.67694868843125278],[111.20203623598354,0.67687616530281502],[111.20203365762728,0.67680364127505754],[111.20203108106961,0.67673111814661979],[111.20202850271329,0.67665859411886231],[111.20202592525629,0.67658607099042456],[111.2020233477993,0.67651354786198681],[111.20202077034236,0.67644102383422933],[111.20201819198604,0.67636850070579158],[111.20201561542837,0.67629597667803409],[111.20201303707205,0.67622345444891607],[111.20201045961505,0.67615093132047832],[111.20200788215811,0.67607840729272084],[111.2020053038018,0.67600588416428309],[111.20200272724412,0.67593336103584534],[111.20200014888781,0.67586083700808786],[111.20199757233019,0.6757883138796501],[111.20199499397387,0.67571578985189262],[111.20199241741619,0.67564326672345487],[111.2019898399592,0.67557074359496028],[111.20198726160288,0.6754982195672028],[111.20198468414594,0.67542569733808477],[111.20198210578963,0.67535317331032729],[111.20197952923195,0.67528065018188954],[111.20197695177495,0.67520812705345179],[111.20197437431796,0.67513560302569431],[111.20197179686102,0.67506307989725656],[111.20196921940402,0.67499055586949908],[111.2019666410477,0.67491803274106132],[111.20196406359071,0.67484550961262357],[111.20196148613371,0.67477298558486609],[111.20195890777745,0.67470046335574807],[111.20195633121978,0.67462793932799059],[111.20195375286346,0.67455541619955284],[111.20195117630578,0.67448289307111509],[111.20194859794952,0.6744103690433576],[111.20194601959321,0.67433784591491985],[111.20194344213621,0.67426532188716237],[111.20194086467922,0.67419279875872462],[111.20193828812154,0.67412027563028687],[111.20193570976528,0.67404775160252939],[111.20193313230828,0.67397522937341137],[111.20193055485129,0.67390270624491677],[111.20192797739429,0.67383018221715929],[111.20192539993729,0.67375765908872154],[111.20192282158104,0.67368513506096406],[111.20192024502336,0.67361261193252631],[111.20191766756636,0.67354008880408855],[111.20191509010937,0.67346756477633107],[111.20191251175305,0.67339504164789332],[111.20190993519543,0.67332251762013584],[111.20190735683911,0.67324999539101782],[111.20190477938212,0.67317747226258007],[111.20190220192512,0.67310494823482259],[111.20189962356881,0.67303242510638484],[111.20189704611187,0.67295990107862735],[111.20189446865487,0.6728873779501896],[111.20189189119787,0.67281485482175185],[111.20188931284156,0.67274233079399437],[111.20188673628394,0.67266980766555662],[111.20188415792762,0.67259728363779914],[111.20188158136995,0.67252476140868112],[111.20187900391295,0.67245223828024336],[111.20187642555663,0.67237971425248588],[111.20187384809969,0.67230719112399129],[111.2018712706427,0.67223466799555354],[111.2018686931857,0.67216214396779606],[111.20186611303075,0.6720896208393583],[111.20186353827171,0.67201709681160082],[111.20186095991545,0.67194457368316307],[111.20185837976049,0.67187205055472532],[111.20185580500146,0.67179952742628757],[111.20185322664514,0.67172700429784982],[111.20185064918815,0.67165448027009234],[111.20184807173121,0.67158195714165458],[111.20184549427421,0.67150943401321683],[111.20184291591789,0.67143690998545935],[111.20184033936022,0.6713643868570216],[111.2018377610039,0.67129186282926412],[111.20183518264764,0.67121933970082637],[111.20183260608997,0.67114681657238862],[111.20183002773365,0.67107429344395086],[111.20182744757869,0.67100177031551311],[111.20182487281971,0.67092924628775563],[111.20182229536272,0.67085672315931788],[111.20181971520776,0.67078420003088013],[111.20181714044872,0.6707116760030658],[111.20181456209241,0.67063915287462805],[111.20181198463547,0.6705666297461903],[111.20180940717847,0.67049410571843282],[111.20180682882216,0.67042158258999507],[111.20180425136516,0.67034905856223759],[111.20180167300884,0.67027653633311957],[111.20179909465253,0.67020401320468181],[111.20179651809491,0.67013148917692433],[111.20179393973859,0.67005896604848658],[111.2017913622816,0.6699864420207291],[111.20178878392528,0.66991391889229135],[111.20178620556896,0.6698413957638536],[111.20178362811203,0.66976887173609612],[111.20178104975571,0.66969634860765836],[111.20177847229871,0.66962382457990088],[111.2017758939424,0.66955130235078286],[111.20177422210276,0.66950424532473107],[111.20177331738478,0.66947877922234511],[111.20177073902846,0.66940625519458763],[111.20176816067215,0.66933373206614988],[111.20176558321515,0.6692612080383924],[111.20176300485883,0.66918868490995465],[111.20176042740184,0.66911616178151689],[111.20175784904558,0.66904363775370257],[111.20175527068926,0.66897111462526482],[111.20175269323227,0.66889859059750734],[111.20175011577527,0.66882606836838931],[111.20174761386136,0.66875567933118418],[111.20793164003322,0.67373029271885798],[111.22050163334376,0.67954724440983227],[111.22628014621182,0.68222131556132126],[111.23006846838518,0.68397440539456511],[111.23664793365526,0.68701787937169456],[111.24853881831189,0.69252167813300503],[111.26169778842228,0.69861100479408833],[111.27189871565326,0.70580327260302056],[111.27736824305003,0.71178730124302092],[111.28093526994684,0.71465957218157428],[111.28833989377114,0.72087675365929726],[111.28783215542967,0.72272819515012543],[111.28823197602492,0.72360498738032675],[111.28802013082446,0.72494640805035715],[111.28984735537119,0.72631901990689585],[111.29080414499538,0.73048990828266369],[111.29417740576275,0.73366460413819823],[111.29506300415437,0.73432524161665924],[111.29582218214807,0.73489157258802607],[111.29845617771048,0.73581522219478757],[111.29967997964741,0.73692596855863712],[111.30156664038822,0.73675151087360291],[111.30376105542842,0.7359276878125911],[111.30557857988759,0.73585678706109547],[111.30797737755398,0.73554766129558402],[111.30887841370787,0.73538306737469838],[111.31090932840283,0.73669714325859559],[111.31655182960333,0.74237638985857757],[111.32017913086224,0.74562163842790596],[111.32280235524456,0.75119533969319718],[111.32380676487037,0.7533294578882419],[111.325824106997,0.76144308023401663],[111.32582302511258,0.76955685276658414],[111.32259943581539,0.776048119724976],[111.31292772183696,0.78335125595572208],[111.30124078993055,0.78903177329772234],[111.29880511556371,0.79083867226694338],[111.29752715285588,0.79178672587676147],[111.2935839503391,0.79471198127293974],[111.28028505291292,0.8028267178787587],[111.26900085270722,0.80607284328715423],[111.26642650378017,0.80847957027600614],[111.26335897833422,0.81134735809416725],[111.26295640941083,0.81824412936310864],[111.26618072895752,0.82108375131412004],[111.27948087194477,0.8296023329813238],[111.28834748404921,0.83284721192933375],[111.30648393818325,0.84177099933219779],[111.31857498494765,0.84826210621127984],[111.3234119076335,0.85678010062122212],[111.32671646379384,0.86524529133714623],[111.32784608063218,0.86813899581807163],[111.33271828641983,0.87549429362678666],[111.33348910074147,0.87665794980460987],[111.34034128722067,0.88598814893396138],[111.34719324527214,0.89247851027505476],[111.34794785740775,0.89408172269338593],[111.3508211688619,0.90018622271605864],[111.35153395802581,0.90737470797643027],[111.35203140902235,0.91235672278457969],[111.34759909222441,0.92209365469847171],[111.34316652361622,0.92939646537462295],[111.33919956820557,0.93548375057469002],[111.33470421612674,0.94237929606771331],[111.32650174975601,0.94953654157819756],[111.32382321796717,0.95414304086870061],[111.31818179055728,0.9610425289895943],[111.31195123076475,0.96449081389999947],[111.3073007357404,0.96956300013238206],[111.30603271683646,0.97469440402358032],[111.30507500720586,0.97893788657427194],[111.30407772200931,0.98335672073613978],[111.30609333294103,0.98822480313219785],[111.30664217659523,0.98905332605022522],[111.31012423734376,0.99430975908813934],[111.31334893370638,0.9987720269075453],[111.31737951525247,1.0012057686313369],[111.32328629212873,1.0050161457785407],[111.3286134442551,1.0076965850294073],[111.33137227111348,1.0102815270708447],[111.33493975216788,1.0138717456845825],[111.33995130520861,1.0190537427361051],[111.34372725810653,1.0203689499671214],[111.34678212019872,1.0214329882418838],[111.35043063826339,1.0227037968427908],[111.3552676086133,1.0275715033222923],[111.35948994720337,1.0334743402686399],[111.3597809354419,1.0338836604026369],[111.35832633059573,1.0351295074208906],[111.35735229827003,1.0363380397687934],[111.35617718113207,1.0374179735607072],[111.35526896658962,1.0378701679738924],[111.35460147987447,1.0382634028338202],[111.35362585484938,1.038838171244663],[111.35234241706894,1.0395286931947112],[111.35129311058864,1.0397934059409977],[111.3503896201849,1.0400525635749887],[111.34926393518253,1.0402717265589558],[111.34815991035163,1.0395384634293805],[111.34754094475886,1.0390103887185091],[111.34698089465263,1.0385325789154081],[111.3468400689141,1.0384124321880677],[111.34672876881768,1.038604805267596],[111.34642622519021,1.0391277277624908],[111.34634736004267,1.0392640389043208],[111.34394351358236,1.0400801197018268],[111.34201959842579,1.0407725769928788],[111.34109748935771,1.0404462103243759],[111.33977572157238,1.0408684213406332],[111.33915764720774,1.0410475671915265],[111.33836313305221,1.0412778529905609],[111.33727493898732,1.0416608796459172],[111.33722732078428,1.0416954666724791],[111.33561087843935,1.0428695585833339],[111.3347968427002,1.0425112399018417],[111.33466278166213,1.042452229986452],[111.33427571974875,1.0426861517445332],[111.33394121061843,1.0428883130452391],[111.33209506523514,1.0434602306052057],[111.33162611555287,1.0432568444279013],[111.33106464002117,1.0430133278028961],[111.33047565242947,1.0433271489288245],[111.33033168176178,1.0434038593007244],[111.33027750570238,1.0433392583001933],[111.32970647757196,1.0426583590960377],[111.32906156563882,1.043184157622818],[111.3275825927625,1.0433758247345963],[111.32632969955603,1.0432158524296824],[111.32473713241279,1.043426407103027],[111.3224440941197,1.0437652824418819],[111.32223820872639,1.0435230221697793],[111.32177889527986,1.0429825610963803],[111.32103815968338,1.0434519730301872],[111.31981109770408,1.0438088986617799],[111.31889490167845,1.0444170786852851],[111.31866291706001,1.0445710731964937],[111.31740058456938,1.0450641031259238],[111.31658180310779,1.0453985286192733],[111.31527308538466,1.0457718425964799],[111.31351361396219,1.0459636661902891],[111.31295449915086,1.046024623137896],[111.31124750137116,1.0461604648336333],[111.30949217402468,1.0466493273046353],[111.3077618523277,1.0477478770629318],[111.30526301317758,1.049218052770982],[111.30310163383342,1.050355210424641],[111.30250129679746,1.0508721317435175],[111.30122938292976,1.0519673198359669],[111.30053314938539,1.0525144565769438],[111.2992507611138,1.0535222242712621],[111.29868389504577,1.05404525018821],[111.29683455257259,1.0542085212063625],[111.2963086389326,1.0542549523042339],[111.29490354266443,1.0543541196469732],[111.29428416428283,1.0543816451968269],[111.29369703289183,1.0544077372273364],[111.29135233664107,1.0546069055842509],[111.2909296462862,1.0547443462746173],[111.29023498385749,1.0549702191003689],[111.28821413797215,1.0554810331232147],[111.28687542785877,1.0561490522370036],[111.28581140307386,1.0567820697367551],[111.28440522941787,1.0591672273856716],[111.28257991862841,1.0596166680747956],[111.28105075099143,1.0603519106122121],[111.28089708833005,1.0604257944149253],[111.2793325764373,1.0618729195995797],[111.27930312993556,1.0619931724469893],[111.27902956875965,1.063110333675013],[111.27835577330035,1.0640974880087128],[111.27741578840795,1.0650888277872355],[111.27712399437689,1.0653965641001832],[111.27689335874157,1.0654951621720556],[111.27571084557911,1.066000693577223],[111.27434353342738,1.0667114259915706],[111.274242428945,1.066763979673965],[111.27298537367614,1.0678752908120828],[111.27162444041568,1.0680227904194908],[111.2693239008774,1.068231668756539],[111.26897124612617,1.0680612832017005],[111.26819598555636,1.0676867146701738],[111.26723843060915,1.0682126409006969],[111.26701058557012,1.0683377815634003],[111.26585239996837,1.0681089148945375],[111.26581473905901,1.0680690128746733],[111.26474086939567,1.0669312301921536],[111.26342896987114,1.0666525536724407],[111.26288027460504,1.0665359988373098],[111.26118715786112,1.0664199026564347],[111.259398790322,1.0661208358079648],[111.25799894429588,1.0654252551714194],[111.25689241215514,1.0644839365844518],[111.25576726674603,1.0631801399515552],[111.25341256463821,1.063187362406893],[111.25206550971558,1.0629570963929496],[111.25148325085138,1.0637590884112456],[111.25069847455501,1.0648400231485766],[111.24999999990013,1.0658543666856986],[111.24997081869839,1.065896745438522],[111.24994163839597,1.0659391223926491],[111.24990793900025,1.0659995073714299],[111.24987423960454,1.0660598923502107],[111.24984054110814,1.0661202773289915],[111.24980684171243,1.0661806623077723],[111.24977314321603,1.0662410472865531],[111.24973944471964,1.0663014322653339],[111.2497057462233,1.0663618172441147],[111.24967204682758,1.0664222022228955],[111.24963834833119,1.0664825872016763],[111.24960464893547,1.0665429730797769],[111.2495709513384,1.0666033580585577],[111.24953725194268,1.0666637430373385],[111.24950355344629,1.0667241280161193],[111.24946985494989,1.0667845129949001],[111.24943615555418,1.0668448979737377],[111.24941946143906,1.0669134020319007],[111.24940276642457,1.0669819060901204],[111.24938607141013,1.0670504101483402],[111.24936937729501,1.0671189133072403],[111.24935268228052,1.0671874173654601],[111.24933598726608,1.0672559214236799],[111.24931929225158,1.0673244245825799],[111.24930259723715,1.0673929286407997],[111.24928590222265,1.0674614326990195],[111.24926920720821,1.0675299367572393],[111.24925251309304,1.0675984399161393],[111.2492358180786,1.0676669439743591],[111.24921912306417,1.0677354480325221],[111.24920242804967,1.0678039520907419],[111.24918573303523,1.0678724561489616],[111.24916903802074,1.0679409602071814],[111.24915234390562,1.0680094633660815],[111.24913564889113,1.0680779674243013],[111.24911895387669,1.0681464705832013],[111.24910225886219,1.0682149746414211],[111.24908556474708,1.0682834786996409],[111.24906886973264,1.0683519827578607],[111.24905217561746,1.0684204868160805],[111.24903548240167,1.0684889899749805],[111.24901878738717,1.0685574940331435],[111.24900209327205,1.0686259980913633],[111.24898539825756,1.0686945021495831],[111.24898072807821,1.068766289632606],[111.2489760578988,1.0688380789142684],[111.24897138771945,1.0689098672966111],[111.24896671843936,1.0689816547795772],[111.24896204825995,1.0690534440612396],[111.2489573780806,1.0691252324435823],[111.24895270700188,1.0691970208259249],[111.24894803682253,1.0692688092082108],[111.24894336664312,1.0693405966912337],[111.24893869556439,1.0694123859728961],[111.24893402628436,1.0694841743551819],[111.24892935520563,1.0695559618382049],[111.24892468412691,1.0696277511198673],[111.24892001394755,1.0696995386028902],[111.24891534376815,1.0697713269851761],[111.24891067268948,1.0698431162668385],[111.24890600340939,1.0699149037498614],[111.24890133233066,1.0699866930315238],[111.24889666215131,1.0700584814138097],[111.24889199107258,1.0701302688968326],[111.24888731999386,1.070202058178495],[111.2488826498145,1.070273845661518],[111.24887061868418,1.0703425412752949],[111.24885858755385,1.070411235989809],[111.24884655732285,1.0704799307042663],[111.24883452619247,1.0705486263181001],[111.24882249506214,1.0706173210326142],[111.24881046393182,1.0706860157470715],[111.24879843370081,1.0707547113609053],[111.24878640257049,1.0708234060753625],[111.2487743732388,1.0708921007898766],[111.24876234210848,1.0709607964036536],[111.24875031097815,1.0710294920174874],[111.24873828074715,1.0710981867320015],[111.24872625141541,1.0711668823457785],[111.24871422028508,1.0712355770602926],[111.24870219005408,1.0713042717747499],[111.24869015892375,1.0713729673885837],[111.24867812869275,1.0714416621030978],[111.24866609756242,1.071510356817555],[111.24865406823073,1.0715790524313888],[111.24864203710041,1.0716477471458461],[111.2486300068694,1.0717164418603602],[111.24861797573902,1.0717851365748174],[111.24855494315614,1.071814996764715],[111.24849190967393,1.0718448560552929],[111.24842887619172,1.0718747162451905],[111.24836584270952,1.0719045746364486],[111.24830281012663,1.0719344348263462],[111.24823977664443,1.0719642950162438],[111.24817674316222,1.0719941552061414],[111.24811370968001,1.0720240135973995],[111.24805067709713,1.0720538728879774],[111.24798764361492,1.072083733077875],[111.24792461013271,1.0721135932677726],[111.24786157665051,1.0721434516590307],[111.24779854406762,1.0721733118489283],[111.24773551058541,1.0722031711395061],[111.24767247710321,1.0722330313294037],[111.247609443621,1.0722628906199816],[111.24754641103812,1.0722927499105026],[111.24748337755591,1.0723226101004002],[111.2474203440737,1.0723524702902978],[111.2473573105915,1.0723823286815559],[111.24733613425525,1.072451143905198],[111.24731495701974,1.0725199591288401],[111.24729377978417,1.0725887743524822],[111.24727260344793,1.0726575886768046],[111.24725142621242,1.0727264039004467],[111.24723024897685,1.0727952182247691],[111.24720907174134,1.0728640334484112],[111.24718789540509,1.0729328477727336],[111.24716671816958,1.0730016629963757],[111.24714554003469,1.0730704782200178],[111.24712436279918,1.0731392934436599],[111.2471031846643,1.0732081077679823],[111.24708200832811,1.0732769229916244],[111.24706083019322,1.0733457382152665],[111.24703965295765,1.0734145534389654],[111.24701847572214,1.0734833668639112],[111.24699729758726,1.0735521820875533],[111.24697612125107,1.0736209973112523],[111.24695494311618,1.0736898116355746],[111.24693376588067,1.0737586268592167],[111.24690198473888,1.0738221019085472],[111.2468702035971,1.0738855760585579],[111.24683842335463,1.0739490511078884],[111.24680664221285,1.0740125261572189],[111.24677486107106,1.0740760003072296],[111.24674307992927,1.0741394753565601],[111.24671129878749,1.0742029504058905],[111.2466795176457,1.0742664236565815],[111.24664773740324,1.074329898705912],[111.24661595626145,1.0743933737552425],[111.24658417511966,1.0744568479052532],[111.24655239397788,1.0745203229545837],[111.24652061193677,1.0745837980039141],[111.24648883079499,1.0746472721539249],[111.2464570496532,1.0747107472032553],[111.24642526941074,1.0747742222525858],[111.24639348826895,1.0748376964025965],[111.24636170622784,1.0749011705526073],[111.24632992508606,1.0749646456019377],[111.24629814394427,1.0750281197519485],[111.24626636280249,1.0750915948012789],[111.24625453222097,1.0751632788623056],[111.24624498771607,1.0752211025719021],[111.24624269984076,1.0752349629232754],[111.24623086925925,1.0753066469842452],[111.24621903777842,1.0753783319445347],[111.2462072071969,1.0754500160055045],[111.24619537571607,1.0755217000664743],[111.24618354513456,1.0755933841274441],[111.24617171365372,1.0756650681884139],[111.24615988307221,1.0757367522493837],[111.24615325686739,1.0757768970862003],[111.24614805069206,1.0758084372096732],[111.24613622011054,1.075880121270643],[111.24612438862971,1.0759518053316128],[111.2461125580482,1.0760234893925826],[111.24610072656736,1.0760951725542327],[111.24608889598585,1.0761668566152025],[111.24607706540428,1.076238541575492],[111.24606523392345,1.0763102256364618],[111.24605340334193,1.0763819096974316],[111.2460415718611,1.0764535937584014],[111.24602974127959,1.0765252778193712],[111.24601790979875,1.076596961880341],[111.24600607831792,1.0766686468406306],[111.24599424683709,1.0767403309016004],[111.24598241535625,1.0768120149625702],[111.24597058387542,1.07688369902354],[111.24592946956943,1.0769415254310957],[111.24588835616277,1.0769993509393316],[111.24584724185678,1.0770571773468873],[111.24580612755079,1.0771150028551233],[111.24576501414413,1.0771728292627358],[111.24572389983814,1.0772306547709718],[111.24568278643153,1.0772884811785275],[111.24564167212554,1.0773463066867635],[111.24560055781956,1.0774041330943191],[111.24555944441289,1.0774619586025551],[111.2455183301069,1.0775197850101108],[111.24547721580092,1.0775776114176665],[111.24543610239425,1.0776354369259025],[111.24539498808826,1.0776932633334582],[111.24535387378234,1.077751088841751],[111.24531275857703,1.0778089161486264],[111.24527164517036,1.0778667416568624],[111.24523053086438,1.0779245680644181],[111.24518941655839,1.077982393572654],[111.24514830315172,1.0780402199802097],[111.24510718884574,1.0780980463877654],[111.24506607543907,1.0781558718960014],[111.24502496113308,1.0782136983035571],[111.24498384682715,1.0782715238118499],[111.24494273162185,1.0783293502194056],[111.24490161821518,1.0783871757276415],[111.24486050390919,1.0784450021351972],[111.24481938960321,1.0785028276434332],[111.24477827529722,1.0785606540509889],[111.24473716099124,1.0786184795592249],[111.24469604668525,1.0786763059667805],[111.24465493327858,1.0787341323743362],[111.24459122890215,1.0787627793787919],[111.24452752632436,1.0787914263832477],[111.24446382194787,1.0788200733877034],[111.24440011757144,1.0788487203921591],[111.24433641409428,1.0788773682959345],[111.24427271061717,1.0789060153003902],[111.24420900714,1.0789346623048459],[111.24414530276357,1.0789633093093016],[111.24408159928646,1.0789919572130771],[111.24401789580929,1.0790206042175328],[111.24395419233218,1.0790492512219885],[111.2438904879557,1.0790778982264442],[111.24382678537791,1.0791065452308999],[111.24376308100148,1.0791351931346753],[111.24369937662499,1.079163840139131],[111.24363567314788,1.0791924880429633],[111.24357196967071,1.079221135047419],[111.2435082661936,1.0792497820518747],[111.24344456181711,1.0792784290563304],[111.24338085834,1.0793070769601059],[111.24331715486289,1.0793357239645616],[111.24325345138573,1.0793643709690173],[111.24318594017905,1.0793809382797122],[111.24311842897237,1.0793975046911441],[111.24305091776569,1.0794140720018959],[111.24298340655901,1.079430638413271],[111.24291589625165,1.079447204824703],[111.24284838504502,1.0794637712360782],[111.24278087293902,1.0794803376475102],[111.24271336173234,1.0794969049582619],[111.24264585142498,1.079513471369637],[111.2425783402183,1.079530037781069],[111.24251082901162,1.079546604192501],[111.24244331780494,1.0795631706038762],[111.24237580659826,1.0795797370153082],[111.2423082962909,1.0795963043260599],[111.24224345876866,1.079626517949464],[111.24217862214573,1.0796567315729249],[111.24211378372422,1.0796869460957055],[111.2420489471013,1.0797171597191664],[111.24198410957905,1.0797473742420038],[111.24191927295612,1.0797775878654079],[111.24185443543394,1.0798078023882454],[111.24178959791169,1.0798380160116494],[111.24172476128876,1.0798682296351103],[111.24165992376652,1.0798984441579478],[111.24159508714359,1.0799286577813518],[111.24153024872209,1.079958873203509],[111.24146541209916,1.0799890868269699],[111.24140057457691,1.0800193013497505],[111.24133573795399,1.0800495149732114],[111.24127090043174,1.0800797285966723],[111.24120606290955,1.080109943119453],[111.24114122628663,1.0801401567429139],[111.24107153332466,1.0801454150789027],[111.24100183856405,1.0801506734148916],[111.24093214560207,1.0801559308515607],[111.24086245264016,1.0801611891876064],[111.24079275967819,1.0801664466242755],[111.24072306581689,1.0801717049602644],[111.24065337285492,1.0801769632962532],[111.24058367989295,1.0801822207329224],[111.24051398603171,1.0801874799682878],[111.24044429306974,1.0801927383042766],[111.24037460010777,1.0801979957409458],[111.2403049071458,1.0802032549763112],[111.24023521328451,1.0802085142116198],[111.24016552032259,1.0802137716482889],[111.24010438440985,1.0802517518169452],[111.24004324939648,1.0802897319856015],[111.23998211258447,1.0803277121542578],[111.2399209775711,1.0803656914235944],[111.23985984165842,1.0804036706928741],[111.23979870664505,1.0804416508615304],[111.23973757073236,1.0804796310301867],[111.23967643571899,1.080517611198843],[111.2396152998063,1.0805555913674993],[111.23955416389362,1.0805935706368359],[111.23949302888025,1.0806315499061725],[111.23943189296756,1.0806695300748288],[111.23937075795419,1.0807075102434283],[111.2393096220415,1.0807454904120846],[111.23924848702814,1.0807834696814211],[111.23918735111545,1.0808214498500774],[111.23912621610208,1.0808594300187337],[111.23906508018933,1.0808974101873901],[111.23900394427665,1.0809353903560464],[111.23894280926328,1.0809733687260064],[111.23888167335059,1.0810113488946627],[111.23882053833722,1.081049329063319],[111.23875940242453,1.0810873092319753],[111.23869826741117,1.0811252876019921],[111.23863713059916,1.0811632677706484],[111.23857599468647,1.0812012479393047],[111.2385148596731,1.081239228107961],[111.23845372376041,1.0812772082765605],[111.23839258874705,1.0813151884452168],[111.23833145283436,1.0813531677145534],[111.23830089926713,1.0813721488056558],[111.23827031782099,1.0813911469838899],[111.23826406663341,1.0813950302564876],[111.2382091819083,1.0814291271525462],[111.23814804689493,1.0814671073212025],[111.23808691098219,1.0815050865905391],[111.23802490902239,1.0815389568574005],[111.2379629079619,1.0815728271243188],[111.23791712617447,1.081597837270408],[111.2379009060021,1.0816066982905568],[111.23783890404223,1.0816405685574182],[111.23777690298175,1.0816744388243364],[111.23771490102195,1.0817083090912547],[111.23765289906208,1.0817421802574358],[111.2375908980016,1.0817760496250344],[111.23752889604179,1.0818099207912724],[111.23746689498125,1.0818437910581338],[111.23740489302145,1.0818776622243718],[111.23734289106164,1.0819115315919703],[111.23728089000116,1.0819454018588317],[111.2372188880413,1.0819792730250697],[111.23715688608149,1.0820131432919879],[111.23709488502101,1.0820470126595296],[111.23703288306115,1.0820808838257676],[111.23696117741645,1.0820770446199504],[111.23688946997311,1.0820732054141331],[111.23681776432841,1.0820693662083158],[111.23674605688507,1.0820655261031789],[111.23667435124037,1.0820616868973616],[111.23660264469635,1.0820578476915443],[111.23653093815233,1.0820540093850468],[111.23645923160831,1.0820501701792864],[111.23638752506429,1.0820463309734691],[111.23631581941959,1.0820424917676519],[111.23624411197625,1.0820386525618346],[111.23617240633155,1.0820348142553371],[111.23610069978753,1.0820309750495198],[111.23602899324351,1.0820271358437026],[111.23595728669949,1.0820232966378853],[111.23588558015547,1.0820194583313878],[111.23581387361145,1.0820156191255705],[111.23581773979691,1.0820874200983894],[111.23582160598238,1.0821592201719454],[111.23582547216785,1.0822310211447643],[111.23582933835337,1.0823028221175832],[111.23583320363952,1.0823746221910824],[111.23583706982498,1.0824464231639581],[111.23584093601045,1.082518224136777],[111.23584480219591,1.0825900242102762],[111.23584866838138,1.0826618251831519],[111.23585253366758,1.0827336261559708],[111.23585624427034,1.0828025421037069],[111.23585639895373,1.08280542622947],[111.23586026513919,1.0828772272023457],[111.23586413132466,1.0829490281751646],[111.23586799661081,1.0830208282486637],[111.23587186279627,1.0830926292214826],[111.2358757289818,1.0831644301943584],[111.23587959516726,1.0832362302678575],[111.23588346135273,1.0833080312406764],[111.23588732663887,1.0833798322135522],[111.23589119192502,1.0834516322870513],[111.23589505811049,1.0835234332598702],[111.23589892339663,1.083595234232746],[111.23590278778352,1.0836670343062451],[111.23590665396898,1.083738835279064],[111.23584433274982,1.0837734214063062],[111.23578201063134,1.0838080066342286],[111.2357196903115,1.083842591862151],[111.23565736819307,1.0838771779893932],[111.23559504697391,1.0839117641166922],[111.23553272485543,1.0839463502439344],[111.23547040363627,1.0839809345725371],[111.23540808241711,1.0840155206997792],[111.235345761198,1.0840501068270214],[111.23528343907952,1.0840846929542636],[111.23522111786036,1.084119278182186],[111.2351587966412,1.0841538643094282],[111.23509647542204,1.0841884504366703],[111.23503415420294,1.084223034765273],[111.23497183208445,1.0842576208925152],[111.23490951086529,1.0842922070198142],[111.23484718874681,1.0843267931470564],[111.23478486842697,1.0843613783749788],[111.23472254630855,1.0843959636029012],[111.23466022508939,1.0844305497301434],[111.23459790387022,1.0844651358573856],[111.23453558175174,1.0844997219846277],[111.23447326143196,1.0845343072125502],[111.23441093931348,1.0845688933397923],[111.23434861809432,1.0846034785677148],[111.23428629597583,1.0846380646949569],[111.23422397475667,1.0846726499228794],[111.23416165263819,1.0847072360501784],[111.23409933231841,1.0847418221774205],[111.23403701019993,1.0847764083046627],[111.23397468898077,1.0848109926332654],[111.23391711078608,1.0848463746605148],[111.2338595325914,1.0848817575870839],[111.23380195529609,1.0849171396143333],[111.23374437800072,1.0849525216415827],[111.23368679980604,1.0849879045682087],[111.23362922161135,1.0850232865954581],[111.23357164431599,1.085058670421347],[111.2335140661213,1.0850940524485964],[111.23345648792662,1.085129433576526],[111.23339891063131,1.0851648156038323],[111.23334133333594,1.0852001994297211],[111.23328375514126,1.0852355823562903]]]},"properties":{"OBJECTID":478,"nama_kawasan":"Kawasan Transmigrasi (KT) Ketungau Hulu, Kabupaten Sintang","delineasi_asal":"Ketungau Hulu","Shape_Length":2.0497064323402583,"Shape_Area":0.16281530155584714}}]}