{"type":"FeatureCollection","features":[{"type":"Feature","id":587,"geometry":{"type":"MultiPolygon","coordinates":[[[[119.59692196897379,-3.9984008462220118],[119.5970014015935,-3.9983471611924983],[119.59700477495051,-3.9983410089303675],[119.59700477495051,-3.9983394558012151],[119.59701086785731,-3.9983150832744059],[119.59701905078862,-3.9982823488512622],[119.59703332842548,-3.9982490361640544],[119.59705236437514,-3.9981919292141015],[119.59706188190034,-3.9981300630519172],[119.59706398721335,-3.9981223441707812],[119.59707615773857,-3.9980777153142526],[119.59707615773857,-3.9980158491520683],[119.59707615773857,-3.9979587422021154],[119.59705236437514,-3.9979206712019391],[119.59700477495051,-3.9978825993024429],[119.59691435531329,-3.9978683225650116],[119.59686200667636,-3.997873081777243],[119.59681379492076,-3.9979159371707169],[119.59677634625143,-3.9979492237775958],[119.5966906858265,-3.9980872328394526],[119.5966906858265,-3.9981681349514133],[119.5966906858265,-3.9982585536892543],[119.5966906858265,-3.9983299382759583],[119.59669540816662,-3.998358269618393],[119.59674767316665,-3.9984030090915326],[119.59678640157119,-3.9984361608001109],[119.59692196897379,-3.9984008462220118]]],[[[119.60279864284314,-3.9941243954244783],[119.60279898998147,-3.9940916322229896],[119.60279773182992,-3.9940676850755494],[119.60279755376416,-3.99406429822875],[119.60278798497757,-3.9940263711200714],[119.60277890362352,-3.994000190956001],[119.60276173826367,-3.993979007425196],[119.60273919495796,-3.993964619171777],[119.60271665435016,-3.9939511338376974],[119.60268376524368,-3.9939376817785615],[119.60263919844033,-3.9939310456811654],[119.6026081547426,-3.9939324998849202],[119.60257756520252,-3.9939348570080142],[119.60254880398418,-3.9939466965827251],[119.60251104594806,-3.9939585658351007],[119.60248181978022,-3.9939654366555146],[119.60243998781527,-3.9939700888484708],[119.60240292495507,-3.9939887335931417],[119.60238570563592,-3.9940217755844287],[119.60237903626353,-3.9940471022919155],[119.6023784615968,-3.9940816119767533],[119.60237827993376,-3.9940925180551972],[119.60238877502206,-3.994139028293489],[119.6024160640502,-3.9941599537188495],[119.60241966043907,-3.9941943977532333],[119.60238245728465,-3.9942045708841647],[119.60234464259122,-3.9941988170217542],[119.60231805323565,-3.9941855709073479],[119.6022858287281,-3.9941689541338974],[119.60226865707295,-3.994160881819198],[119.60224572346146,-3.9941501016458005],[119.60221532187961,-3.9941411605860253],[119.60219927617572,-3.9941423243087684],[119.60218270706639,-3.9941435240043575],[119.60215979503857,-3.9941548941330325],[119.60212745541776,-3.994173072129513],[119.60210546879239,-3.9941925730287835],[119.60208440487145,-3.9942193008799904],[119.60206425466174,-3.9942505442272136],[119.602047262871,-3.99428448913784],[119.60203892705488,-3.9942993774142792],[119.60202533919812,-3.9943236456197155],[119.60201564990234,-3.9943373791666659],[119.60200249282082,-3.9943560284079354],[119.60200082188044,-3.9943597695876747],[119.60198663057861,-3.9943915507294605],[119.60196720162514,-3.9944372533764749],[119.60193983705392,-3.9944635486538118],[119.60191784143535,-3.9944801123672278],[119.6019053417582,-3.9945117837917223],[119.60189104343692,-3.9945434606121921],[119.60187311275399,-3.9945652080178888],[119.60185834858396,-3.9945919160840049],[119.601846293172,-3.994621325713581],[119.60182837687819,-3.9946475922125728],[119.60181137969153,-3.9946644059375558],[119.60177715329303,-3.9946703486576212],[119.60174925632316,-3.9946704367911821],[119.60172361125569,-3.9946714233474836],[119.60168852060883,-3.9946724260915403],[119.60168806735044,-3.9946724386820733],[119.60165434816975,-3.9946811324282976],[119.60163102425247,-3.9947047036591243],[119.60162410037196,-3.9947200415966222],[119.60161672503193,-3.994736381378857],[119.60158794762572,-3.9947427989409903],[119.60158486385046,-3.9947398437687411],[119.6015624482485,-3.9947183661596455],[119.60152845927109,-3.9947131635815936],[119.60147517443977,-3.9947244042078296],[119.60144557685192,-3.9947561295916785],[119.60144049118583,-3.9947710367538889],[119.60143397379886,-3.9947901401528156],[119.60142952575211,-3.9948031758258367],[119.60141136484265,-3.9948228907637713],[119.60138905266274,-3.9948263576502541],[119.60138168181925,-3.9948275042858654],[119.60137829767041,-3.9948263585495738],[119.60135201138633,-3.9948174606572593],[119.60134530873904,-3.9948151925670459],[119.601307866365,-3.9948202827297905],[119.60129091684234,-3.9948378258049502],[119.60128005932734,-3.9948490646326036],[119.60125626236663,-3.994865408911437],[119.60122478069911,-3.9948704792891476],[119.60119909426282,-3.9948702076939071],[119.60119193296146,-3.9948701321508224],[119.60116044679728,-3.9948738472501759],[119.60112449459984,-3.9948879702035924],[119.60110072282021,-3.9949060708584625],[119.60109648611399,-3.9949092967266324],[119.6010899309556,-3.9949142879639794],[119.60106033966304,-3.9949482733441073],[119.60104064540951,-3.994980871070311],[119.60102903336326,-3.9950084730625122],[119.60102892364603,-3.9950453011996387],[119.60105601572263,-3.9950754905414101],[119.60108911886778,-3.9950851006967696],[119.6011170679983,-3.9951012803997514],[119.6011342594386,-3.9951305982984309],[119.60113456610736,-3.9951387821290609],[119.60113524059898,-3.9951568027441908],[119.60113173324294,-3.9951859605635605],[119.60112461690755,-3.9952124177188466],[119.60111390238478,-3.9952391131944864],[119.60110048090257,-3.995263556767668],[119.60109187798787,-3.9952807005438444],[119.60108617178946,-3.9952920706724626],[119.60106917909945,-3.9953255641234477],[119.60105441133203,-3.9953513683709048],[119.60103741774265,-3.9953848609225702],[119.60101998888149,-3.995422875265433],[119.60101022674064,-3.9954662855406013],[119.60101060625459,-3.9954747616508826],[119.60101168004508,-3.9954988167169745],[119.60101718929195,-3.9955335943998307],[119.60102993987994,-3.9955819041815062],[119.60103594195527,-3.995630235546912],[119.60103648874303,-3.9956609617839263],[119.60103614520199,-3.995694853634518],[119.60103310369482,-3.9957292068373818],[119.60102420939984,-3.9957622218490201],[119.60100093404594,-3.9958011579969934],[119.60098929142271,-3.9958082761310152],[119.60096006615424,-3.9958261411634339],[119.60092369037602,-3.9958488508437426],[119.60091886011742,-3.9958868238178411],[119.60092164981438,-3.9959152828639617],[119.60093525295963,-3.9959484525589914],[119.60096437660479,-3.9959806698719831],[119.60097191382283,-3.9960163450782034],[119.60096347098749,-3.9960500363800406],[119.60094060122788,-3.996074737159347],[119.60091097576094,-3.9960978767155666],[119.60088474343627,-3.9961349206899968],[119.60088575337488,-3.9961697874057336],[119.60089693014925,-3.9962183292124678],[119.60089731326048,-3.9962457072735447],[119.60089751111127,-3.9962599003740706],[119.60089538601335,-3.9962994462624124],[119.60089845270147,-3.9963443979755198],[119.6008915791831,-3.9963765037725807],[119.60088694587591,-3.9964054385600889],[119.60089854713033,-3.996445845099629],[119.60091688070952,-3.9964808071434845],[119.60092103108082,-3.9965124264073211],[119.60092630110796,-3.9965426849968821],[119.60094325063062,-3.9965670323426252],[119.60095190120933,-3.9965748258674694],[119.60096649001161,-3.9965879712578385],[119.60099240217767,-3.9966003153522252],[119.6010186632808,-3.9966166119669992],[119.60101711105085,-3.9966594331862666],[119.6009786587382,-3.9966656546961872],[119.60094677057702,-3.9966845098821864],[119.60093832414441,-3.9967170716354872],[119.60093886283835,-3.9967450873159009],[119.60094326681838,-3.9967861944272727],[119.60095033728828,-3.9968164467215956],[119.60097087600514,-3.9968373937306865],[119.60099610288785,-3.9968465767080943],[119.60102327230618,-3.9968652439358152],[119.60102619780082,-3.9969011592610286],[119.60101505430134,-3.9969345214109921],[119.601013838418,-3.9969771142024229],[119.60101867137462,-3.9970114413249007],[119.60103114946799,-3.9970443888873888],[119.60103889442951,-3.997074640282392],[119.60103935308371,-3.9970761385529272],[119.60104844073305,-3.9971057892007593],[119.60106831934752,-3.9971310313719641],[119.60108891382242,-3.9971697148104681],[119.60107845290838,-3.9972055590892523],[119.60107067916852,-3.9972372161245744],[119.60107284203809,-3.9972810409872181],[119.60107787464426,-3.9973076861007826],[119.60107997725925,-3.9973149490256219],[119.60109015758474,-3.9973501233095021],[119.60111477023054,-3.9973782873780124],[119.60114037662709,-3.9974011391511794],[119.60112507286385,-3.997434966250637],[119.60110761162707,-3.9974628119591671],[119.60110230472765,-3.9974924266341532],[119.6011028488175,-3.9975217966934906],[119.6011039073195,-3.9975719518840265],[119.60110760533178,-3.997603119688165],[119.6011261781307,-3.9976428256558165],[119.60115239336835,-3.9976797967851212],[119.60118131376669,-3.9977190180182447],[119.60121244379934,-3.9977451280352057],[119.60124353066442,-3.9977576816716009],[119.60127955840494,-3.9977670571039425],[119.60131064976679,-3.9977814183777127],[119.60133274341149,-3.9977953560707533],[119.60135036382826,-3.9978183463395567],[119.60137294130823,-3.9978435786181876],[119.60140746718093,-3.9978762312030653],[119.60143299083995,-3.9979084593078937],[119.60144838543465,-3.9979386864212074],[119.60145088734862,-3.9979446417318059],[119.6014588130738,-3.9979635059110024],[119.60147647036285,-3.9979977925640355],[119.60148915080367,-3.9980239610369495],[119.60150950605896,-3.9980577872370304],[119.6015280842538,-3.9980988493823588],[119.6015344982186,-3.9981349787462364],[119.60153678429526,-3.9981440394158199],[119.60154543307533,-3.9981783251695333],[119.60157117526956,-3.9982080666488855],[119.60160003721205,-3.9982283103881855],[119.60162527398722,-3.9982408820110322],[119.60166579563997,-3.9982488868765813],[119.60170854761145,-3.9982505578169594],[119.60176048615756,-3.9982401166880095],[119.60179807242321,-3.9982139185374876],[119.6018296539155,-3.998198772155547],[119.60185500490456,-3.9982485109599679],[119.60187571988865,-3.998325155681357],[119.60189877940525,-3.9983946723762074],[119.6019225206079,-3.9984337380265629],[119.60194857666556,-3.9984561949973454],[119.60198092078292,-3.9984734889603146],[119.6020163711587,-3.9984797023763008],[119.60205129992767,-3.9985056873875351],[119.60206236878332,-3.9985145232266177],[119.60210162329133,-3.9985458574053609],[119.60213394672428,-3.998556824637717],[119.60219463657324,-3.9985763965834167],[119.60223957479661,-3.9985920699680264],[119.60227192520927,-3.9986141087540545],[119.60229328860441,-3.998645673159217],[119.6023382232305,-3.9986629266526847],[119.60237996436388,-3.9986635903523506],[119.60242640985098,-3.9986610650560692],[119.60245079496826,-3.9986514980681136],[119.60246802328072,-3.9986225812670568],[119.60249954271978,-3.998628414269831],[119.60251693380951,-3.9986497057192878],[119.6025343168053,-3.9986686292538138],[119.60257058916147,-3.9986843287187526],[119.60262024972485,-3.998702363723055],[119.60264313207495,-3.9987157303466461],[119.60266996244889,-3.9987338372966974],[119.60270945797515,-3.9987732509846978],[119.60272758560961,-3.9987927779642973],[119.60274361242784,-3.9988100413502821],[119.60274422396685,-3.9988106996540296],[119.60274984742762,-3.9988449053680597],[119.60275104622383,-3.9988521970711872],[119.60273646911287,-3.9988671617900309],[119.60272631936425,-3.9988775813352504],[119.60271539619862,-3.998908059359394],[119.60272687424595,-3.9989439414097205],[119.60272891570696,-3.9989503247975904],[119.60275340064902,-3.9989755525796227],[119.60278363675548,-3.9989923708012043],[119.60278732487518,-3.9989944230541141],[119.60282359723124,-3.9990101243177492],[119.60286693825867,-3.999021843383332],[119.60290870097583,-3.999029618022405],[119.60294763442585,-3.9990329266282174],[119.60295359333372,-3.9990334329465327],[119.60299849108753,-3.9990364537692926],[119.6030571358782,-3.9990311243868177],[119.60309530130712,-3.999023885743668],[119.60312723083712,-3.999035253174327],[119.60316076295885,-3.9990557019590369],[119.60319971979129,-3.9990496486223606],[119.6032111591677,-3.9990467950734683],[119.60325912181111,-3.9990348277950147],[119.60330558978126,-3.9990362622136786],[119.60335286084592,-3.999044018866357],[119.60336921681596,-3.9990439667056421],[119.60338671582429,-3.9990439109477052],[119.60338858911211,-3.9990432778249669],[119.603403768769,-3.9990381453940245],[119.60340930229756,-3.9990362739048919],[119.60342211673731,-3.9990319409712356],[119.60342374720824,-3.9990295370834019],[119.60344092785658,-3.9990041986847586],[119.60344573113559,-3.9989910856700135],[119.60346122645456,-3.9989487797623156],[119.60347528465672,-3.9989123590181066],[119.60350032807776,-3.998863249739145],[119.60352242172246,-3.9988315378451489],[119.60352462416211,-3.9988283776274898],[119.60354737431192,-3.9987998376423661],[119.60357954935682,-3.9987665222571422],[119.6036172633261,-3.9987403097174479],[119.60365658168598,-3.9987235742335088],[119.6036920005854,-3.9987171350876451],[119.60373214812023,-3.9987146385696519],[119.60375658719681,-3.9987224689667187],[119.60378816868911,-3.9987492561731983],[119.60383234788458,-3.9987752061108495],[119.60386229980531,-3.9987845995295856],[119.60390640345781,-3.9987868370428714],[119.6039643009118,-3.9987941629202624],[119.60399632037399,-3.9988339983902392],[119.60400743059847,-3.9988616345567607],[119.60403468904974,-3.9988914012171222],[119.60407331043496,-3.9989029440155832],[119.60408638567822,-3.9989286052708621],[119.60408726701382,-3.9989594430238071],[119.60408818342296,-3.9989989754223529],[119.60409460368305,-3.999037707424236],[119.60410265441408,-3.9990579700492503],[119.60410809441305,-3.9990716640260189],[119.60412945690894,-3.9991024406251086],[119.60415865160053,-3.9991229082955329],[119.6041941019763,-3.9991263517996458],[119.60422037926719,-3.9990946372076905],[119.60425769843414,-3.999068818571061],[119.6042836852439,-3.999067940832731],[119.60431202468021,-3.9990654829855998],[119.60437185207934,-3.999059753404822],[119.60445366880185,-3.9990357675865766],[119.60452600487133,-3.9990015393894964],[119.60460150835297,-3.9989728303318088],[119.60467467539604,-3.9989536181149106],[119.60475568182926,-3.9989209331545226],[119.60481858311118,-3.9988914776595266],[119.60487911108214,-3.9988596542495998],[119.6049176173542,-3.9988334309180686],[119.60496165265818,-3.9988143113313299],[119.6050002290774,-3.9988134021167525],[119.60504436600479,-3.9988259143843834],[119.60510429682586,-3.9988533958674566],[119.60515872739347,-3.9988824862376759],[119.60522022303496,-3.9989068003085322],[119.60526751388477,-3.9989208836917669],[119.60531005001883,-3.9989254927172624],[119.60535101144012,-3.9989301071386762],[119.60539196206946,-3.9989315577451521],[119.6054321419798,-3.9989393377801434],[119.60543312943548,-3.9989397307838885],[119.60547550998683,-3.9989565966695295],[119.60552282961498,-3.9989801696990526],[119.60557252075535,-3.999007692550947],[119.60561117361681,-3.9990281296444437],[119.60566005536737,-3.9990469542535152],[119.605702601394,-3.999054726194629],[119.60573017101069,-3.9990593828841838],[119.60576089994561,-3.9990640287818451],[119.60579006316095,-3.9990742118054072],[119.60581374590765,-3.9990931146554658],[119.60583195627987,-3.9991231070457047],[119.60584463492205,-3.9991483716999596],[119.60585965899611,-3.9991696802364913],[119.60588800922426,-3.9991703763117812],[119.60590562694324,-3.9991382947964098],[119.60590467635984,-3.9990864992424804],[119.60589088795416,-3.9990477987169015],[119.60586919270918,-3.9990171408283572],[119.60586177959749,-3.9989493832074459],[119.60589407065493,-3.9989158411930816],[119.60592821611431,-3.9988994645386242],[119.60593529557752,-3.9988614843699679],[119.60593287370318,-3.9988244565833497],[119.60593151302896,-3.9988036561637728],[119.60592236512514,-3.9987566899692411],[119.60590600106116,-3.998704324245125],[119.60589501943969,-3.9986465194212997],[119.60590381301063,-3.9985814210956505],[119.60592527443191,-3.9985379721496201],[119.60599535320307,-3.9985015990694706],[119.60607446026813,-3.9984742335989267],[119.60612839171199,-3.9984541787173384],[119.60621287042773,-3.9984177597717689],[119.60623399100598,-3.9984056189241528],[119.60629191903695,-3.9983723197267409],[119.60637199467192,-3.998282225644175],[119.6063869728805,-3.9982653741476497],[119.6064137987579,-3.9982110631899559],[119.60642795228819,-3.9981332961147018],[119.60643319623512,-3.9980687148992047],[119.60643661365884,-3.9980266248288103],[119.6064396407769,-3.9979862227859257],[119.60644352225086,-3.9979344200373816],[119.60645400744659,-3.9978349739049008],[119.6064645322125,-3.997748180334213],[119.60647505697841,-3.9976613858642054],[119.60647693026613,-3.9976338216434897],[119.60648193499333,-3.9975601428862433],[119.60648119575069,-3.9975317458932977],[119.60647984676757,-3.9974799620305816],[119.60647886380855,-3.9974422129876643],[119.60648189182587,-3.9974037939498999],[119.60648260139101,-3.9973913940975194],[119.60648359783988,-3.9973739652362497],[119.60648347822996,-3.9973360066513237],[119.60648158066044,-3.9973052858102278],[119.60646795503214,-3.997265112195123],[119.60645032921934,-3.9972407666480194],[119.60641929991084,-3.9972602702452491],[119.60641889521594,-3.9972605238540382],[119.60641272946395,-3.9973027937888332],[119.60640520483639,-3.9973425833934471],[119.60637737891295,-3.997365266094107],[119.60634318399082,-3.9973658272710395],[119.60630312638818,-3.9973623388008264],[119.60626981729831,-3.9973583781865614],[119.60623874482224,-3.9973507960023653],[119.60620630267874,-3.9973364392252506],[119.6061832989202,-3.9973188889555331],[119.60617576709808,-3.9972847956567534],[119.6061950233817,-3.9972555892740047],[119.60623031997341,-3.9972474549060735],[119.60626421811924,-3.9972241885454309],[119.60627066266102,-3.9971988627372639],[119.60626850069082,-3.9971723777030093],[119.60626762025458,-3.9971615930330699],[119.60622684319435,-3.9971438736907885],[119.6061916140518,-3.9971377726899959],[119.60617069672037,-3.9971201729575796],[119.60613108068492,-3.997116555884304],[119.60609613392955,-3.9971455275440348],[119.60608126813611,-3.997177207062407],[119.60601446739383,-3.9972169588954785],[119.60593975441623,-3.9972480421633918],[119.60587678478589,-3.9972561513502569],[119.60579728201901,-3.9972635167978297],[119.60573802568945,-3.9972445123243574],[119.60572161216271,-3.9972392476930736],[119.6056766604496,-3.9972188312839876],[119.60562453484442,-3.9971699684192572],[119.60559608029496,-3.9971360513875993],[119.60558340884734,-3.9971131627422096],[119.60558219116524,-3.9971080608882517],[119.60557303516748,-3.9970696976084241],[119.60559106567518,-3.9970443349280913],[119.60562090967733,-3.9970197312755431],[119.60564921044272,-3.9970046109739883],[119.60567039487285,-3.9969792428976803],[119.60566867267119,-3.9969325923652264],[119.60564885071392,-3.9968907388164894],[119.60562596746445,-3.9968742101765997],[119.60558891089954,-3.9968608804252312],[119.60554873188858,-3.9968531003902399],[119.60547857037977,-3.9968288141983521],[119.60540048404516,-3.9967863599025577],[119.60533973843826,-3.996751759386143],[119.60527192146208,-3.9967211302758869],[119.60520646790428,-3.9966889210568297],[119.60514730420482,-3.9966566821601077],[119.60509289162371,-3.9966299686980733],[119.60501794662105,-3.9965875054090247],[119.60495161622418,-3.9965284118566728],[119.60490739565989,-3.9964890143564844],[119.60488261574017,-3.9964746566799931],[119.60484901886718,-3.9964551908543058],[119.60479143437726,-3.9964213745467418],[119.60473071035403,-3.9963938867684305],[119.60467633824248,-3.9963798258682459],[119.60463459171308,-3.9963775910529193],[119.6046014984604,-3.9963705790389668],[119.60458328089373,-3.9963370262327089],[119.60458788901997,-3.9962986611542419],[119.60460118819435,-3.9962725178623373],[119.60463256823846,-3.9962352562520209],[119.60467102864516,-3.9961947993504623],[119.60470082588245,-3.9961551635299202],[119.60471094325544,-3.9961187562755072],[119.60471389123313,-3.9960546966668744],[119.60471299101175,-3.9960175285860373],[119.60470652128902,-3.9959637761073168],[119.60468906275014,-3.9959211293565886],[119.60465982399171,-3.9958895910317551],[119.60461955504854,-3.995853342957389],[119.6045926913996,-3.9958241743461258],[119.60457565464276,-3.9957914075473582],[119.60459010944601,-3.99575512080213],[119.60461015713315,-3.9957427803050223],[119.60463293965847,-3.9957287535790442],[119.60464975877937,-3.9956942987528237],[119.60464204709285,-3.9956624321754362],[119.60462044627661,-3.9956366648002017],[119.60460305608626,-3.9956153733507449],[119.60458408308898,-3.9955917103890783],[119.60455131988761,-3.9955657136866876],[119.60450129060212,-3.9955579651279436],[119.6044860911602,-3.9955603303449152],[119.60447532267801,-3.9955620057818919],[119.60440684829746,-3.9955732949715639],[119.60436038932062,-3.9955718623515395],[119.60430917742667,-3.9955641173900744],[119.60427217212316,-3.9955654187090772],[119.60424614214583,-3.9955496859691948],[119.60424621319225,-3.9955111356303519],[119.60425846015983,-3.9954622619737847],[119.60426140813752,-3.9953982041637346],[119.6042616248742,-3.9953416601894105],[119.60425634675312,-3.9952902747263579],[119.6042508509961,-3.9952741705664607],[119.60424115990168,-3.995245773573572],[119.60424084693761,-3.9952448571643799],[119.60421672082509,-3.995210930240205],[119.60419185636908,-3.995184908356805],[119.60418828066463,-3.9951811671770656],[119.60415945379577,-3.9951716721349158],[119.60415201999979,-3.9951692241803016],[119.60412445218174,-3.9951653525989173],[119.60410353305167,-3.9951496090671412],[119.6041098741714,-3.995108689014728],[119.60411893394166,-3.9950905883599148],[119.6041311134602,-3.9950662581013034],[119.60412873025678,-3.9950239018315301],[119.60409375921972,-3.9949923823924678],[119.60404305993927,-3.994967689707039],[119.60399352618037,-3.994955421155737],[119.60398556178427,-3.9949572153032022],[119.60394518941905,-3.9949663065497703],[119.60388352380562,-3.9949715855701697],[119.60388032401784,-3.9949678353972331],[119.60385228585437,-3.9949349705723876],[119.60383814761246,-3.9949107266486408],[119.6037917821651,-3.994832926298443],[119.60375904234604,-3.9947957501237283],[119.60371504301486,-3.9947552212764208],[119.60369362386166,-3.9947406027965258],[119.60366093800189,-3.9947203725471354],[119.60362709201672,-3.9946888486114176],[119.60358081110564,-3.9946381601229177],[119.60350295769535,-3.9945638473436134],[119.60341386365894,-3.9944918296341712],[119.60334736958555,-3.9944525031804119],[119.60325714420196,-3.9943782299712893],[119.60318497270839,-3.9943219737800177],[119.60314095988747,-3.9942769267387348],[119.60311315734634,-3.9942557153289613],[119.60310262088933,-3.9942476762892056],[119.60308173503415,-3.9942277599031399],[119.60305184696517,-3.9941992612868376],[119.60302323143708,-3.9941426588565605],[119.60299757827568,-3.9941407073277446],[119.60298686195415,-3.9941671761741873],[119.60298037424491,-3.9941706286715544],[119.60296080769513,-3.9941810419214789],[119.60292479344457,-3.9941752817637735],[119.60289278477421,-3.9941561792642233],[119.60286101712234,-3.9941415931599522],[119.60282057730785,-3.9941595706076782],[119.60279864284314,-3.9941243954244783]]],[[[119.60314266140472,-3.9935013792851919],[119.60317158540045,-3.9933812325577946],[119.60317625018388,-3.9933618548656682],[119.60318166140462,-3.9933393790091145],[119.60317466108177,-3.993146379102086],[119.60321173563318,-3.9930186034257531],[119.60323066096635,-3.9929533791950576],[119.60323721432599,-3.9929324393805246],[119.60325357928934,-3.9928801420048785],[119.60327666128899,-3.9928063787113501],[119.60327666128899,-3.9927644756999712],[119.60327666128899,-3.9927293787577582],[119.60326233868602,-3.9926845025876787],[119.60326166059724,-3.9926823792883397],[119.60325029766318,-3.9926718275427788],[119.60322558609198,-3.9926488822400756],[119.60321675834678,-3.9926365228571967],[119.60313379319007,-3.9925203709183279],[119.6031029698263,-3.992516744851855],[119.60301825728686,-3.9925067785649162],[119.60293153835983,-3.99249657575632],[119.60279441782814,-3.9924417279033833],[119.60275307869165,-3.9924251920689358],[119.60262443516956,-3.9923955045488242],[119.60259841418554,-3.9923894997755269],[119.60259338157937,-3.9923894997755269],[119.6024913382048,-3.9923894997755269],[119.6024318516487,-3.9924489872309437],[119.60239616025467,-3.9925917537064493],[119.60239534636821,-3.9926031490160767],[119.60239065910173,-3.9926687572573201],[119.60238426222395,-3.9927583171426022],[119.60240659418901,-3.9928476459020885],[119.60241995361798,-3.992901083618051],[119.60245580689002,-3.99300147134079],[119.60247944107346,-3.9930676470542039],[119.60247944107346,-3.9932213330980062],[119.60247944107346,-3.9932727293529524],[119.60247944107346,-3.9932817981164703],[119.60247441835975,-3.9933194662203277],[119.60246082690571,-3.9934213980790219],[119.60247409460385,-3.9934612002741119],[119.60248004271989,-3.9934849936374803],[119.60248487117997,-3.9934988746732643],[119.60255546526253,-3.9935422094054047],[119.60257366124551,-3.9935533789852116],[119.60272666110654,-3.9935613793541052],[119.60288066101373,-3.9935623794002595],[119.60298623063011,-3.993563031408712],[119.60301188199287,-3.9935631887900627],[119.60304266128981,-3.9935633785470372],[119.60314266140472,-3.9935013792851919]]],[[[119.44783023058073,-3.697461483360712],[119.44791432258796,-3.697381202680333],[119.4479469733742,-3.6972962931893107],[119.44796542566394,-3.697192642726236],[119.4479744827363,-3.6970796267233368],[119.44794621074914,-3.6970184386499909],[119.44785228645389,-3.69692926187588],[119.4477631168744,-3.6969013388256826],[119.4475661716416,-3.6968924939933459],[119.44735069677733,-3.696958974576944],[119.44721486767207,-3.6969969115781396],[119.44694291628264,-3.69703537917934],[119.44681646890501,-3.6970780619029711],[119.44675572419737,-3.6970971653018978],[119.44671815142158,-3.6971302108904638],[119.44663887708259,-3.6972246397053254],[119.44663899309512,-3.6972669716933524],[119.44674206709283,-3.6972760773290361],[119.44684054015886,-3.6972805757379206],[119.44700938067842,-3.6972894988113012],[119.44714536446702,-3.6973079025376023],[119.44723458530791,-3.6973547608135391],[119.44735196212343,-3.6974203195920268],[119.44745516562341,-3.6974765299178785],[119.44758183333499,-3.6975138931516085],[119.4477179700084,-3.6975182890377596],[119.44783023058073,-3.697461483360712]]],[[[119.44710741667404,-3.6949038195555772],[119.44721035577334,-3.6948635119414917],[119.44726664523955,-3.6948233320310919],[119.44731970344162,-3.6947897810235304],[119.44737602888074,-3.6947629938170508],[119.44739927995283,-3.6947361445573961],[119.44740242937871,-3.6946994989826294],[119.44739242262222,-3.6946761291999337],[119.44731258171032,-3.6946330930427393],[119.44722285185321,-3.6946099426946262],[119.44692068234372,-3.6945741406839829],[119.44676435678969,-3.6945277779345815],[119.44665143071904,-3.6944814466613707],[119.44655495504719,-3.6944383025855245],[119.4464684393671,-3.6944019052236854],[119.44635559603398,-3.6943855924210993],[119.44628244517878,-3.6944124245936791],[119.44624284263318,-3.6944725712521063],[119.44621646102087,-3.694542685096792],[119.4461869929354,-3.6946728430771714],[119.44616400626398,-3.6947963649602116],[119.44612450534169,-3.6948931473008884],[119.44610468608244,-3.6949866408207868],[119.44611497522601,-3.6950432612374584],[119.44614808646509,-3.6950565631098584],[119.44626771158573,-3.695036219545841],[119.44635725888043,-3.6949925619571218],[119.44647335236334,-3.6949388238675738],[119.44661266094556,-3.6949151950801138],[119.44676542608363,-3.6949180036629059],[119.4468750021797,-3.6949277073477447],[119.44701132501268,-3.6949307173786679],[119.44710741667404,-3.6949038195555772]]],[[[119.55996910489034,-3.2705668051139014],[119.55996598873946,-3.2705650541338969],[119.559827869061,-3.2704839901439868],[119.55982526372497,-3.2704825269470348],[119.55964291269038,-3.2704057788035925],[119.55963138428103,-3.2704019890604741],[119.55949118357137,-3.270366248203743],[119.55946663387806,-3.2703617857677614],[119.55935374557896,-3.2703408369600311],[119.55923250437661,-3.2703184186600538],[119.5592128577872,-3.2703135191535466],[119.55908982333676,-3.2702754085831884],[119.55897792159385,-3.2702342250294123],[119.55892550910505,-3.2702114982619719],[119.558812160353,-3.2701552636544307],[119.55878160768509,-3.2701383896749121],[119.5586635132106,-3.270070276821798],[119.55855147117347,-3.2699995703238756],[119.55854552485619,-3.2699957518024689],[119.55846027542145,-3.2699409740966416],[119.55839382901206,-3.269894430583463],[119.55834637268697,-3.2698583650714568],[119.55828632045734,-3.2698056072429154],[119.55819223608285,-3.2697162847786672],[119.55814423566801,-3.2696707988682192],[119.55809202013063,-3.2696268543957672],[119.55804630579246,-3.2695966587587577],[119.55796943624057,-3.2695613936433574],[119.5579608351245,-3.2695584789406098],[119.55787927291021,-3.2695388476396374],[119.55786754395206,-3.2695367845948908],[119.55779152246089,-3.2695361739552027],[119.5577441407795,-3.2695410042139201],[119.5577085114387,-3.269550060386905],[119.55764342480427,-3.2695765499178151],[119.55760053703523,-3.2695975140140376],[119.55751041957024,-3.2696436906038002],[119.55745906288553,-3.2696714868495746],[119.55737663822129,-3.2697191473207567],[119.5572859928543,-3.2697836404026361],[119.557263179752,-3.2698043104205681],[119.55718710699944,-3.2698760151658917],[119.55711661274154,-3.2699524773249209],[119.55709322227449,-3.2699800721225643],[119.55701389577473,-3.270092104267178],[119.55692987211592,-3.2702155973718732],[119.55689520145245,-3.2702648649315051],[119.5568373597564,-3.2703345246185904],[119.55681111214312,-3.270361969229441],[119.55673740280895,-3.2704281107686484],[119.55673458972956,-3.270430160323599],[119.5566475839189,-3.2704879822345561],[119.55658315918549,-3.2705156076091839],[119.55653771194591,-3.2705314968310404],[119.55644162927786,-3.2705626727291133],[119.55643236086485,-3.2705634425487915],[119.55630448626312,-3.2705837717236363],[119.55627959842479,-3.2705850838344759],[119.55615694708547,-3.2705839084205763],[119.55607889042847,-3.2705763523167661],[119.55597495937695,-3.2705605197521095],[119.55596530695345,-3.2705593029693887],[119.55584401089243,-3.2705192552593871],[119.5558061062668,-3.2705038777517075],[119.55573522889779,-3.2704714329102558],[119.55569336635585,-3.2704472348519857],[119.55561349037032,-3.270397371941101],[119.55557102078603,-3.270365919951189],[119.55549644720338,-3.2703038730252842],[119.55546837036911,-3.2702778151689813],[119.5554002602139,-3.2702066086480386],[119.55536669571654,-3.2701681536373144],[119.55536640703417,-3.2701678226868012],[119.55536534403541,-3.2701667147220519],[119.5553653143578,-3.2701666832458045],[119.55532452021055,-3.2701241597021635],[119.55526585743348,-3.2700735440587891],[119.55522600307768,-3.2700483648401359],[119.55520006932784,-3.2700361952141748],[119.55508975488829,-3.2699929612061283],[119.55508008267975,-3.2699892793817185],[119.5549339410486,-3.2699829436578511],[119.55490637502919,-3.2699848780995922],[119.55484594778238,-3.2699951888268401],[119.5547790930807,-3.2700142580515035],[119.554766588907,-3.2700228366845181],[119.55472333871114,-3.2700574938581894],[119.55467929441397,-3.2701057164056238],[119.55465671423599,-3.2701369759406589],[119.55457589935838,-3.2702741828072703],[119.55456666691816,-3.270291117940701],[119.55450196609297,-3.2704018712493053],[119.55448517934758,-3.2704268220401786],[119.55440342108113,-3.2705471468333371],[119.55437224428374,-3.2705931471559779],[119.55430588960519,-3.2706931508681691],[119.55425378198652,-3.2707598328998984],[119.55421757707961,-3.2708049428937329],[119.55411420090968,-3.27093868826978],[119.55407999429633,-3.270977615424556],[119.55403560735749,-3.2710302599384704],[119.55395220513026,-3.271137925874541],[119.55394150319785,-3.2711530668605064],[119.55388815631341,-3.2712298959428949],[119.55383968015713,-3.2713060586276583],[119.55378095172955,-3.2714174828305431],[119.55375309073258,-3.271472460185862],[119.55374412539118,-3.2714912398288334],[119.55370977668485,-3.2715631846931501],[119.55364958595965,-3.2716791387811668],[119.55363229379543,-3.2717124397772182],[119.55352069872129,-3.2719375535751851],[119.55350875932186,-3.2719598927347988],[119.55345917340219,-3.2720473491058328],[119.55344967746066,-3.2720637653304721],[119.55339446178505,-3.2721220575868415],[119.55335899342288,-3.2721658482752218],[119.55333506066461,-3.2721863393280728],[119.55331700857312,-3.2722017959760592],[119.5532756073834,-3.2722262296567237],[119.55326603499952,-3.2722318791978182],[119.55323774142869,-3.272245753938364],[119.55320595758894,-3.2722613400887326],[119.55312905116489,-3.2722945952193641],[119.55294435289966,-3.2723617889653269],[119.5527968290105,-3.2724003563913016],[119.55277577498214,-3.2724072002320668],[119.55268573395949,-3.2724334478452874],[119.55265285294684,-3.272439932856571],[119.55256956403423,-3.2724480807142982],[119.55252980590592,-3.2724484269533036],[119.55245487888965,-3.2724439834030363],[119.55239993121188,-3.2724366143582415],[119.55234602225119,-3.2724271561882574],[119.55226869224646,-3.2724013168672172],[119.55225349280454,-3.272394873224755],[119.55215168415293,-3.272336134005343],[119.55206009269921,-3.2722791817387815],[119.55205727961982,-3.2722774235642191],[119.55195723094153,-3.2722091893026004],[119.55184231557052,-3.2721301379954184],[119.55180482103572,-3.2721036925313456],[119.55169320707591,-3.2720340346429566],[119.55168014262449,-3.2720252779441807],[119.55148384040695,-3.2718809772252939],[119.55140817864458,-3.2718274990398299],[119.55130791502836,-3.2717554822296506],[119.55129788309091,-3.2717485430607667],[119.55121714645418,-3.2716981801268616],[119.55114530141464,-3.2716467272146588],[119.55101083927889,-3.2715466596505962],[119.55090447646046,-3.2714603912839948],[119.55086208331852,-3.2714205189417385],[119.55078890098707,-3.2713450379430924],[119.55072736667466,-3.2712748053879181],[119.55061019130733,-3.2711493490631369],[119.55057527333031,-3.2711102222589261],[119.55052575396041,-3.2710600652697508],[119.5504669427952,-3.2710084423856642],[119.55042424568251,-3.2709903237443996],[119.55035243391774,-3.2709533031523961],[119.55032472220819,-3.2709479737699212],[119.5502906909627,-3.2709372592470913],[119.55022415012445,-3.270924865689949],[119.55014292965257,-3.2709094459141284],[119.55011548863899,-3.2709041605984908],[119.55002134580855,-3.2708923857749141],[119.54999709199228,-3.270890890202395],[119.5499157330247,-3.2708904882053957],[119.54986625862102,-3.2708930359847841],[119.54977660160898,-3.2709038098628866],[119.54971589287425,-3.2709147923837349],[119.54965003012489,-3.2709297651964562],[119.5495457951024,-3.2709576513744878],[119.54953843595013,-3.2709594041531318],[119.54941295534366,-3.2709952933980162],[119.54929761729124,-3.2710364400796266],[119.54929001172468,-3.2710396659477965],[119.54927168623942,-3.2710474396875497],[119.54926393138544,-3.2710518508621931],[119.54918081963922,-3.2710966568851632],[119.54913678433525,-3.2711248722150117],[119.54907023540306,-3.2711731451245214],[119.54904941339976,-3.2711926046549138],[119.54900778198362,-3.2712472501603997],[119.5489985018794,-3.2712598055954913],[119.54895207977472,-3.2713350006097244],[119.54889102030438,-3.2714558829825933],[119.54884523312103,-3.2715603716138162],[119.5488093168965,-3.2716562123642348],[119.54876084163959,-3.2717665870583232],[119.54875729741138,-3.271771410122426],[119.54869229980989,-3.2718634278548393],[119.54864383714346,-3.2719144868640342],[119.54861130866504,-3.271948697074663],[119.54853919292952,-3.2720291450289665],[119.54853182928059,-3.2720380887867009],[119.54845179321569,-3.272133147126965],[119.54837642643099,-3.2722271037977748],[119.54836627038708,-3.2722375835975299],[119.54828143464056,-3.2723081246202241],[119.5482702938391,-3.2723155548189311],[119.54813208782571,-3.272397054980047],[119.54807214891059,-3.2724280618055559],[119.54800118880394,-3.2724610606293822],[119.54794632026653,-3.2724950289223784],[119.54791202462025,-3.2725207774118985],[119.54782281187329,-3.272593740308821],[119.5477802163839,-3.2726325451557727],[119.5477432704356,-3.2726650781307853],[119.54764809518349,-3.2727219179820963],[119.54759576813024,-3.2727418460593185],[119.54751026508677,-3.2727642661579353],[119.54747892641137,-3.2727687456810486],[119.54740844114667,-3.2727725830881695],[119.54739311220237,-3.2727713438223986],[119.54724731141437,-3.2727466646268226],[119.54713110911348,-3.2727267788177414],[119.54693770541087,-3.2726821103910311],[119.54690386302298,-3.2726737242129502],[119.54677656128933,-3.2726411004064175],[119.54671949660758,-3.2726296016747369],[119.54661126859526,-3.2726183898267891],[119.54649999637775,-3.2726089568378143],[119.54641294020507,-3.2726039862848779],[119.54638930512237,-3.2726043981743942],[119.54625384294059,-3.2726232605550081],[119.54624368959469,-3.2726239953011032],[119.54614026935803,-3.2726543141452566],[119.54595727980472,-3.2727391193148492],[119.54585502059274,-3.2727898230918413],[119.54568385802372,-3.2728661359633406],[119.54563387820099,-3.2728845217032472],[119.54559843591915,-3.2728934627630224],[119.54553534937691,-3.2729028076184363],[119.54548184241321,-3.2729059723326941],[119.54539218180378,-3.2729023219845317],[119.54525919815353,-3.2728883411239735],[119.54524768323404,-3.2728869840470338],[119.54513604139527,-3.2728685461464124],[119.54502337702729,-3.2728451718671181],[119.54498504972037,-3.2728394234006259],[119.54492452174929,-3.2728321793615578],[119.54487095183299,-3.2728257680946626],[119.54481001826775,-3.2728287151730342],[119.54475077183076,-3.2728326218280017],[119.54474435786585,-3.2728330454086745],[119.54473695824413,-3.2728335328412186],[119.54460131080191,-3.2728422023057533],[119.54459240571498,-3.2728421978091546],[119.54448860236721,-3.2728435989528748],[119.54437051868456,-3.2728441646264628],[119.54434695644693,-3.2728440818888203],[119.54427999112875,-3.2728444524095153],[119.5442137263824,-3.2728483329841538],[119.54408159079287,-3.2728623165426143],[119.54396606658077,-3.2728769026468854],[119.54394536778454,-3.2728793308164086],[119.54380982646239,-3.2728959583817527],[119.54371002779556,-3.2729122540972071],[119.54364371358656,-3.2729268015306161],[119.54356877397981,-3.2729435891752701],[119.5435270607253,-3.2729536346025156],[119.54341736681806,-3.2729886676928004],[119.54340537166058,-3.2729933531607003],[119.54338956967297,-3.2729995261071849],[119.54322039910221,-3.2730669761599529],[119.54318141618944,-3.2730852971487252],[119.54309803644526,-3.2731246173071895],[119.54297490576732,-3.2731761529570349],[119.54296634062416,-3.2731806046011798],[119.542832661798,-3.2732513479712679],[119.54282942064128,-3.2732531286289372],[119.54266212875427,-3.2733542241181226],[119.54263130988716,-3.273375302428235],[119.54255204813853,-3.2734359464117233],[119.54249137088016,-3.273488797769744],[119.5424489723423,-3.2735153889240109],[119.5423708167599,-3.2735614036358243],[119.54236263292921,-3.2735641528633437],[119.54227998972976,-3.2736008227197431],[119.54227151361954,-3.2736036708726601],[119.54218330541528,-3.2736111622253361],[119.54216689368729,-3.2736133008131105],[119.54206334394826,-3.27360328416421],[119.54197534798402,-3.2735821779750722],[119.54191116966479,-3.273570180119691],[119.54186480331805,-3.2735645809406151],[119.54179636311176,-3.2735627256392377],[119.54171434673981,-3.2735705749220756],[119.54169921744494,-3.2735715893572888],[119.54159905994868,-3.2736127063612344],[119.54159289059953,-3.2736149312839871],[119.54151258473803,-3.2736613174158151],[119.54149264586897,-3.2736780672889267],[119.5414402684537,-3.27372636178211],[119.5414105161824,-3.273766033575555],[119.54139597144695,-3.2737902289358658],[119.54134757892768,-3.2738842161836033],[119.54134383145276,-3.2738922920955815],[119.54129376889239,-3.2739969929668291],[119.54128915177296,-3.2740103568924042],[119.54125791202307,-3.2741088650320762],[119.54121369145878,-3.2742215617756187],[119.5412006737721,-3.274255103789983],[119.54117298544497,-3.2743117952530838],[119.5411421710744,-3.274384404716443],[119.54108602010376,-3.2744612832615871],[119.54107449079515,-3.2744794639560268],[119.54101520388861,-3.2745354215724092],[119.54093567414213,-3.274592441288064],[119.54090857487085,-3.2746026818682026],[119.54081101461668,-3.2746499403424423],[119.5407788000017,-3.2746594497737647],[119.54066427313774,-3.2746954505345798],[119.54058709781634,-3.2747168184263842],[119.54052796019732,-3.2747321518672834],[119.54048945662316,-3.2747404310260322],[119.54046283579135,-3.2747431101063853],[119.54032733673728,-3.2747567474258972],[119.54032234999647,-3.2747563238452244],[119.54020075086407,-3.2747479682440712],[119.54017219918774,-3.2747440633877432],[119.54006847318158,-3.2747277316993859],[119.54000541002176,-3.2747136977789069],[119.53983473218716,-3.2746693647993084],[119.53979163577549,-3.2746568102635365],[119.53963968632252,-3.2746116310219122],[119.5396339117757,-3.2746098791425879],[119.53945616077328,-3.2745307037289422],[119.53942060068027,-3.2745143081887136],[119.53926996423752,-3.2744409244090775],[119.53916436044699,-3.2743973135850979],[119.53914073435749,-3.2743883041768527],[119.53909901300915,-3.274372393371209],[119.53906674083748,-3.2743626141432856],[119.53894553830605,-3.2743311531601194],[119.53892575232169,-3.2743276970655302],[119.53881182080897,-3.2743116225832409],[119.53879913317348,-3.2743101917619128],[119.53867162459585,-3.2743067302713484],[119.53853445640016,-3.2743012803797455],[119.53848651803844,-3.2742996526068282],[119.538317164006,-3.2742811013916935],[119.53826654116801,-3.2742738537552896],[119.53822733702202,-3.2742668714189449],[119.53811773844291,-3.2742383503195924],[119.53808148137534,-3.2742252328081918],[119.53803718077131,-3.2742068677526959],[119.53790866045642,-3.2741375749890267],[119.53787680107359,-3.2741195705617088],[119.53778790218996,-3.2740600138585023],[119.53775857529808,-3.2740436399020041],[119.53767164772842,-3.2739979255637763],[119.53767046781786,-3.2739973868698371],[119.53755985660212,-3.2739384641887455],[119.53747714325561,-3.2738932579674156],[119.5374418079931,-3.273872843356969],[119.53732819124309,-3.2738097631100231],[119.53732228809315,-3.2738062125865781],[119.53720284373628,-3.2737526318784376],[119.53715401234786,-3.2737321309330696],[119.53707084124642,-3.2737016520096063],[119.53703751686794,-3.2736935491179224],[119.53695343295465,-3.2736762596516087],[119.53681425477407,-3.273648103676976],[119.536777482395,-3.2736430288026668],[119.53667312416542,-3.2736316442849329],[119.53652960225941,-3.2736160680270814],[119.53650783057196,-3.2736146210178845],[119.53628792834525,-3.2736038912065624],[119.53628241729973,-3.2736036996509483],[119.53611523782797,-3.2736031492658526],[119.5360192010254,-3.273603167252304],[119.53591866221655,-3.2735986751387145],[119.53576763726676,-3.273584357032405],[119.53573582374929,-3.2735817391059072],[119.53565449985535,-3.2735720588034383],[119.53551158229379,-3.2735462140864797],[119.5354344096703,-3.2735316783442272],[119.53539175842297,-3.2735249379255151],[119.53528592800319,-3.2735076835327277],[119.5352821526493,-3.2735070540072684],[119.53523203163297,-3.2735016481824459],[119.53513837893308,-3.2734915478965831],[119.5349973211695,-3.2734810618015331],[119.53495814760049,-3.2734791291584315],[119.534757114949,-3.2734688436121928],[119.53472093522305,-3.2734676996745407],[119.53468515479608,-3.2734665683274216],[119.5345737593716,-3.2734652265389172],[119.53456571313723,-3.2734647570928246],[119.53443139399371,-3.2734714435522392],[119.53434911771762,-3.2734792460702806],[119.53428136639195,-3.2734878876558469],[119.53421597308875,-3.2735001436166726],[119.53417496939937,-3.2735088121818876],[119.53409342427221,-3.2735323303527366],[119.53408539692362,-3.2735361623639392],[119.534013364825,-3.2735748332119101],[119.53401140790027,-3.273575883620083],[119.53396056742633,-3.2736105992497073],[119.53392707127739,-3.2736386140307445],[119.53388442992252,-3.2736807796442235],[119.53386516284706,-3.2736981392576467],[119.53381283759245,-3.2737864976487003],[119.53373612632129,-3.2739293639489233],[119.53373319363209,-3.2739355935527783],[119.53370912237813,-3.2739865455425843],[119.53369208472202,-3.2740226065579918],[119.53369105230024,-3.2740248027024563],[119.53367148305256,-3.2740735063871398],[119.53365282571735,-3.2741199383843878],[119.53362261479185,-3.274168983811478],[119.53359250009385,-3.2742209943033913],[119.5335658981478,-3.2742449387528723],[119.53351083265886,-3.2742974645562981],[119.53348854386127,-3.2743076223987941],[119.53340453639032,-3.274358665220177],[119.53336583946202,-3.2743766237821319],[119.53331157526907,-3.2744018083967035],[119.53330050191664,-3.274406703406612],[119.53326389591211,-3.2744228849081765],[119.53308844267758,-3.2744949439864399],[119.53306970710139,-3.2745028921946755],[119.53304738682755,-3.2745119789446449],[119.53293890070972,-3.2745561455496386],[119.53284424706442,-3.2745981987478103],[119.53279913707058,-3.2746187626457299],[119.53275875031613,-3.2746359999513857],[119.53275130662757,-3.2746390603443274],[119.53268846380161,-3.2746648942693923],[119.53259277773452,-3.2747082523839026],[119.53256684128678,-3.2747218258515431],[119.5324462368045,-3.2748065671692643],[119.53242210979261,-3.2748275951173582],[119.53237389264109,-3.2748801227194235],[119.53234957137568,-3.2749086438188328],[119.5323221816235,-3.2749414375971924],[119.53230402071404,-3.2749691807830459],[119.53227073770449,-3.2750200257535198],[119.53225321981029,-3.27503864981378],[119.53220605486558,-3.27508187213067],[119.53217939626222,-3.2750996697139385],[119.53212766725812,-3.2751249658444408],[119.5320782027469,-3.2751413020293967],[119.53205387608557,-3.2751476557396586],[119.53197588328044,-3.2751509904258],[119.53195001428185,-3.2751513375641252],[119.53184328184204,-3.2751130291429149],[119.53182168911974,-3.2751023946597115],[119.53172764431542,-3.2750285270448671],[119.53167771395545,-3.2749891088602112],[119.53161847831018,-3.2749359607259407],[119.53149493304477,-3.2748527887251839],[119.53148725912979,-3.2748455365921814],[119.53138682374299,-3.2747692902704557],[119.53137340945534,-3.274762623596132],[119.53131498499863,-3.2747418285724734],[119.53125290299909,-3.2747290033407808],[119.53122119200452,-3.2747262999787381],[119.53112147877334,-3.2747333605560698],[119.5311129639922,-3.2747362878493504],[119.53104392123998,-3.2747558822781002],[119.53097769516455,-3.2747754946933014],[119.53095178209912,-3.2747815597211343],[119.53090374661065,-3.2747855895832458],[119.530814380979,-3.2747864259527546],[119.53079613283535,-3.2747863243293409],[119.53065534396899,-3.2747671157097784],[119.53061976319157,-3.274761762045614],[119.53052356630963,-3.2747375567927861],[119.53051804627091,-3.2747361421592132],[119.53040071262285,-3.2747240615661326],[119.53037443083542,-3.2747220731650941],[119.53025147822325,-3.274718844598965],[119.53013177486162,-3.2747113091795086],[119.53005765543651,-3.2747068548374614],[119.52988410606667,-3.274704047153989],[119.5298557297582,-3.2747035840031344],[119.52971460724336,-3.2747010802905834],[119.52958478201219,-3.2746967311691719],[119.52942846904864,-3.2746799965845526],[119.5293597032877,-3.2746676228125011],[119.52917805012703,-3.2746389200500516],[119.52917649070253,-3.2746386763337796],[119.52903801938919,-3.2746164513880558],[119.52900963318814,-3.2746106345730936],[119.52891704708406,-3.2745860911751379],[119.52887822784805,-3.2745723000715543],[119.528737783422,-3.2745229875457653],[119.52871134964914,-3.2745121210375032],[119.52865493337856,-3.274491744198599],[119.5286235038717,-3.2744844453008568],[119.52858601203491,-3.2744757380648366],[119.52857870774119,-3.2744744592288839],[119.52850302169713,-3.2744704698362739],[119.52846458107558,-3.2744747721929457],[119.52842920894091,-3.2744843086039168],[119.52835989459356,-3.274519840817959],[119.52834688679945,-3.2745265686461948],[119.52833930641395,-3.2745315050248678],[119.52831325395357,-3.2745484689366435],[119.52828195304971,-3.2745688502722032],[119.52826569330716,-3.2745868016395434],[119.52821286892879,-3.2746448249986315],[119.5282117052061,-3.2746461667871358],[119.52817960930156,-3.2746831675940484],[119.52812155446622,-3.274750095140746],[119.52811228605322,-3.2747613951222547],[119.52810916360704,-3.274765117416166],[119.52805799667931,-3.2748261121353153],[119.5280346556749,-3.2748596325659491],[119.52796269821999,-3.2749673272803079],[119.52794786030552,-3.2749941072921729],[119.52790381600835,-3.2750815483747147],[119.52787287303477,-3.2751517881244467],[119.52784935216596,-3.2752097278466294],[119.52781880579334,-3.2752843751737259],[119.52780131487884,-3.2753341733333627],[119.52775375513181,-3.2754826837787618],[119.52774546518117,-3.2755149874266749],[119.52772488869277,-3.2755966926332007],[119.52768212503008,-3.2757585139441971],[119.52767641343576,-3.2757773862173281],[119.52766575377154,-3.2758119570561348],[119.527634380922,-3.2759137162449861],[119.52761231515626,-3.2759763819044565],[119.52760427971384,-3.2759992022013762],[119.52758197023184,-3.2760583281292952],[119.52754637506519,-3.2761644796070186],[119.52753131681686,-3.2762037422089065],[119.52749638984653,-3.2762908001802202],[119.52747896997857,-3.2763342221466019],[119.52746027397257,-3.2763825265323021],[119.52745873163519,-3.2763864295899907],[119.5274212757713,-3.2764812523079172],[119.52739930533369,-3.2765268380430825],[119.52736904494554,-3.2765810977394381],[119.52736029544133,-3.2765967882111795],[119.52732947927211,-3.2766496647501526],[119.5272837658332,-3.2767144186354926],[119.52718052096429,-3.2768462007915105],[119.5271698460117,-3.2768604109791113],[119.52716246257762,-3.2768708925775627],[119.52711255380143,-3.2769417510609173],[119.52705171916159,-3.2770224867982733],[119.52704862639303,-3.2770271902525678],[119.5270005117643,-3.2770987825826978],[119.52698566215861,-3.2771277911145944],[119.52697904494698,-3.2771407161710613],[119.52696892127881,-3.2771659286646013],[119.52695807365626,-3.2771929407015818],[119.52693303383251,-3.2772734561050925],[119.52692984483656,-3.2772880979673005],[119.52692491025641,-3.2773107581849104],[119.52690484458299,-3.2773964626765633],[119.52688171222132,-3.2775051943092421],[119.52686925840965,-3.2775433894158255],[119.52683750604615,-3.2776358001519839],[119.5268233120463,-3.2776841396113241],[119.52681353012042,-3.2777108665632113],[119.52675545909722,-3.2778235165420142],[119.52675266130632,-3.2778280797020898],[119.52667973078496,-3.2779441147290527],[119.52666514108341,-3.2779616029455951],[119.52661518104583,-3.2780056301556328],[119.52654816266761,-3.2780512725481685],[119.52654028190852,-3.2780567647078556],[119.52643365918607,-3.2780887023316723],[119.52642752311181,-3.278090706021203],[119.52633939314853,-3.2781025851661525],[119.5263277927935,-3.2781043469379938],[119.52623364186911,-3.2781071141519647],[119.5261873348777,-3.2781015131742492],[119.52606407919393,-3.2780718733182539],[119.52602974217893,-3.2780627191191343],[119.52598059962509,-3.2780427415792133],[119.52592799288266,-3.2780195138894328],[119.5258422434249,-3.2779803996756414],[119.52583750579629,-3.2779783627112238],[119.52573206658167,-3.2779177160297195],[119.52568042571113,-3.2778861075577765],[119.52562171437069,-3.2778500195627203],[119.52550678371119,-3.2777722488901304],[119.5255025793806,-3.2777690562968473],[119.52541314809832,-3.2776991789738759],[119.52535878228207,-3.2776489095694501],[119.52529987488936,-3.2775880551445766],[119.5252432661639,-3.277524304003407],[119.52520949841971,-3.2774769430064907],[119.52513739707331,-3.2773660592961278],[119.52506911874491,-3.2772547511058292],[119.52501759838356,-3.277164810807335],[119.52494104899029,-3.2771966683914684],[119.52484594838188,-3.2771874233608287],[119.52476455613942,-3.277179511125496],[119.52472238962662,-3.2771643332673079],[119.52461946491644,-3.277127284796336],[119.52443640161869,-3.2770139702184906],[119.52431192015899,-3.2769404632317674],[119.52422168308431,-3.2768798804021344],[119.52412232958193,-3.276813176786618],[119.52397803875556,-3.2767255261620676],[119.5238282179979,-3.2766861547422081],[119.52371490611813,-3.276675493279356],[119.52360025964435,-3.2766773269970031],[119.52358534798543,-3.2766775653173568],[119.52356382541029,-3.2766811536122873],[119.523562196738,-3.2766817876343453],[119.52335934475798,-3.2767128960832679],[119.52311094481433,-3.2767901838198554],[119.52285128715721,-3.2768845370916893],[119.52278168142948,-3.2769075093739843],[119.52260854215058,-3.2769646513975204],[119.52251845346393,-3.2770030929183349],[119.52250982177088,-3.2770067756421213],[119.52207495189759,-3.2770937688623007],[119.52183503346009,-3.277173875973574],[119.5217249816227,-3.2772224222769069],[119.52157838403525,-3.2773420420015782],[119.5215051207648,-3.2774160490113786],[119.521352872737,-3.2775356840245422],[119.52124003929646,-3.2776012715813749],[119.52099168791608,-3.2776984361338464],[119.52088158661604,-3.2777271074200485],[119.52069922389012,-3.2777466164131965],[119.52066412424995,-3.2777503710827318],[119.52039855984572,-3.2777425253971728],[119.52019237497814,-3.2777572428024655],[119.52008855814051,-3.2778210110307668],[119.52003363744245,-3.2778585640214715],[119.51998366301575,-3.2778927337625987],[119.51991189531782,-3.2779418070687143],[119.51985531716923,-3.2780318247088758],[119.51984014110974,-3.2780559706064878],[119.51982730688474,-3.2780763897135898],[119.51982179134268,-3.2781067769061565],[119.51979422981992,-3.2782586067492616],[119.5197919302534,-3.2782712745996037],[119.51978985281949,-3.2782979359009801],[119.51978683829202,-3.2783366301313208],[119.51978208627429,-3.2783976131592567],[119.51978106104718,-3.2784107675428231],[119.51977228546264,-3.2785234112263879],[119.51975532964479,-3.2785826972336167],[119.51972524912105,-3.2786878819401295],[119.5196269532214,-3.2787939084120694],[119.51960594865568,-3.2788162943364796],[119.51946513280973,-3.278966367803605],[119.51936088789478,-3.2790774682505344],[119.51919693429113,-3.2792656990527007],[119.51918228883164,-3.2792825118783639],[119.51918082023872,-3.2792843509919294],[119.51901976335148,-3.2794859376258501],[119.51896817823888,-3.2796172251547659],[119.51895146973459,-3.2797138015506562],[119.51894041167077,-3.2798103662553331],[119.51892965218178,-3.2800261783654037],[119.51892917823909,-3.2800512838396116],[119.51892466274307,-3.2802902435998362],[119.51892523201388,-3.2805173835703272],[119.51892300529255,-3.2807558891728945],[119.51891612997542,-3.2808355457237894],[119.51888985987921,-3.2810569363285254],[119.51884259690837,-3.281282776778653],[119.51882565368101,-3.2813637400445259],[119.51878120918548,-3.2816648159784449],[119.51878730658893,-3.2818436749456055],[119.5188275611431,-3.282124661823616],[119.518877175841,-3.2822873689668768],[119.51888103842919,-3.28232713788708],[119.51889488439144,-3.2824697137062913],[119.51890825371299,-3.2826073873210362],[119.51888288563669,-3.2827832326599946],[119.51887113059831,-3.2828162368797962],[119.51878470305167,-3.2830588910549068],[119.51867386071012,-3.2833060436389587],[119.51866877504403,-3.2833173849892887],[119.518633002711,-3.2833971485595157],[119.51853747402527,-3.2836046590277306],[119.51846174121647,-3.2838206348143899],[119.51842244084298,-3.283920108825896],[119.51841906928473,-3.2839346769437157],[119.5184000827976,-3.2840167014095982],[119.51838657677911,-3.2842637523702365],[119.51839264000841,-3.2844284146395921],[119.5184356914541,-3.2846980367849028],[119.51844442207243,-3.2848002285476809],[119.51844518379824,-3.2851040303266927],[119.51844551834608,-3.2852374753291542],[119.51843759891608,-3.2854589585640497],[119.51843768794902,-3.2854944503085903],[119.51843792716863,-3.2855895644068482],[119.51845805759331,-3.2857314783250331],[119.51848947361043,-3.2858676833468508],[119.51852650409489,-3.2859896790803873],[119.51853153130514,-3.2860043973849997],[119.51857203946815,-3.2861230089696392],[119.51859968462782,-3.2862302513249801],[119.51860056596342,-3.2862336678494444],[119.51861783744334,-3.2863613922643822],[119.5186100960791,-3.2866538571897195],[119.51861900476331,-3.2868270297435629],[119.51864492772131,-3.2870257133659493],[119.5187017756665,-3.2871646945949351],[119.51887774960846,-3.2874936036468512],[119.51905655641497,-3.2878253455631921],[119.5191133342131,-3.2879359333965681],[119.51916166467913,-3.2880579003517596],[119.51918457131103,-3.2881799311588225],[119.51919275334296,-3.2883404385603399],[119.51913487657339,-3.2886400189216829],[119.51911263274189,-3.2887820389598801],[119.51908856418595,-3.2888984031387736],[119.51907914019023,-3.2889439627936099],[119.51906810371008,-3.2890490440780695],[119.51901230257579,-3.2893274346133694],[119.51898441100184,-3.2894694690407391],[119.51897763101294,-3.2894914709546015],[119.5189423775887,-3.2896058611215722],[119.51887794566073,-3.2898218090292062],[119.51883875320596,-3.2899638731341838],[119.51880516712481,-3.2900888860931445],[119.51877714604848,-3.2901798129479403],[119.51873512792383,-3.2903218842475326],[119.51871003773806,-3.2904553931018654],[119.51867179586679,-3.2905586802388598],[119.51863469613443,-3.2906588818019031],[119.51857535167119,-3.2908191625742234],[119.51848877034058,-3.2912140422941434],[119.51848088688348,-3.291432019971694],[119.51850399316481,-3.2916512522034509],[119.51859695698408,-3.291905938408263],[119.51863807668599,-3.2920185910850819],[119.51865511614074,-3.2922073659771058],[119.5186335153245,-3.2926049202807803],[119.51856661385818,-3.2929628378646498],[119.5185797952214,-3.2931090712265814],[119.51860610129063,-3.2933066675686291],[119.51864237724396,-3.293464907779196],[119.51866130887242,-3.2935474889254124],[119.51874140788971,-3.2939447842243794],[119.51875750215709,-3.294084875216754],[119.51878184410691,-3.2942967509941923],[119.51879812003722,-3.294538818811418],[119.51880532180826,-3.2946459217718029],[119.51877781514406,-3.2948917037890624],[119.51876940468435,-3.2949668520385558],[119.51874751158846,-3.2952479962979169],[119.51871974142296,-3.2954382982388211],[119.51870596560786,-3.2955774566342484],[119.51872042580703,-3.2957108656638638],[119.5187660897833,-3.2958953031256897],[119.51883720817068,-3.2960910315758269],[119.51888566813909,-3.2962641052042727],[119.51890919979974,-3.2964106020675672],[119.51890745601429,-3.2964647961134119],[119.51890605846791,-3.29650822977095],[119.51888102673809,-3.2966644546008297],[119.51880548818281,-3.2969570921960099],[119.51880238911906,-3.296971278101978],[119.51878314542591,-3.297059362199775],[119.51875796980448,-3.297158801137698],[119.51871314219784,-3.2973065570519111],[119.51866570385926,-3.2975394985489856],[119.51860983257779,-3.2977894965879386],[119.51857793542342,-3.2980035145504871],[119.51856538268635,-3.2980877342614576],[119.51855996966697,-3.2981814436186596],[119.51856876593581,-3.2983091887180649],[119.51860007043695,-3.2983999662853876],[119.51865679067839,-3.2984878390424797],[119.51871067985405,-3.2985728798344667],[119.5187590130181,-3.298694846789715],[119.51875673863265,-3.2989134755763985],[119.5187157133596,-3.2990823421762911],[119.51868715269006,-3.299179859263063],[119.51866571734899,-3.2993161937872628],[119.51876959264268,-3.2995538899999701],[119.518811953409,-3.299635692333311],[119.51883529441341,-3.2996791466752597],[119.51885854098896,-3.2997224256493496],[119.51892360514034,-3.2998924325896724],[119.51895759681565,-3.2999989698765262],[119.51897853213359,-3.3002213425408513],[119.51897879923229,-3.3003272601948765],[119.5189895578219,-3.3004147912096187],[119.51902355219522,-3.3005220326656399],[119.5190595934256,-3.3006052631223497],[119.51910268534073,-3.3006990669083507],[119.51914647063313,-3.3007886312902315],[119.51918181219094,-3.3008732745819316],[119.51920454525361,-3.3009727800696851],[119.51920479346654,-3.3010709293798186],[119.51919312746088,-3.3011811116189733],[119.51916811371757,-3.3012920366981007],[119.51913039435226,-3.3013789840528034],[119.5191006708593,-3.3014608277549655],[119.51907838745763,-3.301539546312938],[119.51907354280979,-3.3016242921273147],[119.51908698857369,-3.3017187371299883],[119.51910479245225,-3.3018133098363478],[119.5191205126016,-3.3019184810530078],[119.51914755521557,-3.3020546932694401],[119.51914923424977,-3.3021634302980374],[119.5191452844274,-3.3022686509773962],[119.51912171319657,-3.3023943995818286],[119.51910013666202,-3.3024749509581852],[119.51906808842159,-3.302581657317603],[119.51901212540929,-3.3026778308171743],[119.51895615790045,-3.3027725932805083],[119.51891070706358,-3.3028581493840647],[119.51886736783479,-3.3029458170957469],[119.51881642483818,-3.3030822271630313],[119.51879152890604,-3.3032397542112335],[119.51879810924538,-3.303341418071966],[119.51886239908049,-3.3034824767348709],[119.51906234445164,-3.3036471983594424],[119.51916720630163,-3.3037182492977308],[119.51923971863812,-3.3037766710564824],[119.51931226245097,-3.3038470978652299],[119.51942000033284,-3.3039442678136766],[119.5194996622796,-3.3040521001242951],[119.51953422412521,-3.3041056772351567],[119.51959943846339,-3.3043342911945501],[119.51961689520363,-3.304377699671079],[119.51964539292067,-3.3044485653489915],[119.51972156100135,-3.3045634672301958],[119.51968041701764,-3.3046857300623174],[119.51962166880503,-3.3047917970037588],[119.51953475022856,-3.3048711028191065],[119.51950152477559,-3.3048977245503011],[119.51945341644205,-3.3049362730905045],[119.51941992478976,-3.3049564907494187],[119.51935933926211,-3.3049930679756585],[119.51935240009323,-3.3049972570177601],[119.51909702230978,-3.3051391313657632],[119.51901284216899,-3.3051901858783026],[119.51894840934165,-3.3052708469719505],[119.5188812659577,-3.3053910575512191],[119.51880727063906,-3.3055804853510722],[119.51878144031127,-3.3056359510382549],[119.51873878996321,-3.3057275317001995],[119.51861987081043,-3.305932607703653],[119.51857092610737,-3.3060259402449219],[119.51851081901918,-3.3061503686445235],[119.51848533133307,-3.3062309928660056],[119.51849268598869,-3.3063435313288778],[119.51849446844506,-3.3063523680672802],[119.51850528099396,-3.3064059973388567],[119.51853767277544,-3.3065462897794191],[119.5186046237045,-3.3066839526022704],[119.51871292636054,-3.3068373265813307],[119.51885022675663,-3.3070109640846681],[119.51891343380794,-3.3071275917649245],[119.51897022329717,-3.307232378071717],[119.51899478288294,-3.3072796446398343],[119.51908600831268,-3.3074552147862732],[119.51916374391169,-3.3076343696304207],[119.51922863269533,-3.3077344731673293],[119.51931887246803,-3.307857105620883],[119.51941605770492,-3.3079486539072036],[119.51947497139292,-3.3079893563236737],[119.51951177524825,-3.3080147837551976],[119.51961175827614,-3.3081006753058659],[119.51976528873718,-3.3082471550820856],[119.51995554391328,-3.3084683892047337],[119.52003289909908,-3.308602234405555],[119.52007127227148,-3.3086686295535515],[119.52015448923839,-3.3087926928284901],[119.52026161827916,-3.308926582096035],[119.52036304471881,-3.3090280031397583],[119.52051797812226,-3.3091730673830853],[119.52057295098098,-3.3092407125887462],[119.52062798319491,-3.3093323678943989],[119.520663376014,-3.3094367818819137],[119.52067088715182,-3.3096288258096251],[119.52060629424511,-3.3097127307578944],[119.5205728484583,-3.3097561770059087],[119.52049704730098,-3.3098055641754058],[119.52036097987536,-3.30989421664475],[119.52029649039082,-3.3099362347693955],[119.520062119871,-3.3100512247841607],[119.51996809395246,-3.3100980677715484],[119.51984753443628,-3.3102099425347546],[119.51975686658614,-3.3104742595793937],[119.51973042741736,-3.3105760079763513],[119.51965493113028,-3.310727309917354],[119.5195330190337,-3.3108603709093245],[119.51943483105265,-3.3109284091187305],[119.51938021972137,-3.3110033963895944],[119.51935243067021,-3.31112774295093],[119.51936683241343,-3.3112661045470304],[119.51941539490463,-3.3113839723923775],[119.51941578341177,-3.311384913982522],[119.51941914417819,-3.311393071732823],[119.51942064874402,-3.3113946482444021],[119.51942621644685,-3.3114004812471762],[119.51943757938079,-3.3114123837744387],[119.51943791392864,-3.3114127336107231],[119.51943924762327,-3.3114141878144778],[119.51912379962369,-3.3117232578220523],[119.51910271501833,-3.3117312581909459],[119.51909851788241,-3.311732850890337],[119.51859715213698,-3.3119230952746079],[119.51811189145064,-3.3120833346781069],[119.51783586883039,-3.3121635506073517],[119.51735679907711,-3.3121647736853106],[119.5169018689262,-3.3122380891164767],[119.51646176859583,-3.3123799328875521],[119.51646120382156,-3.3123801127519528],[119.51645727918014,-3.312368965655196],[119.51644926262338,-3.3123461966196146],[119.51644877788885,-3.3123448188582643],[119.51642283514582,-3.3122711356043624],[119.51638874274636,-3.3121884186605257],[119.5163743392045,-3.3121534728044821],[119.51636888841358,-3.3121402500724457],[119.51636885873586,-3.3121401736300413],[119.51631661172235,-3.3120156912710854],[119.51626223871142,-3.3118868543947428],[119.51615871235481,-3.3117329021516753],[119.51605537305704,-3.3116535162967011],[119.51595798996937,-3.3115961449460656],[119.51584971968884,-3.3115667640948345],[119.51574705398343,-3.3115317211119759],[119.51563035975335,-3.311505184816383],[119.51552495920953,-3.3114998050718896],[119.51541254665176,-3.3115000919556223],[119.51525101312382,-3.3115231002108771],[119.51498837061683,-3.3115717850098463],[119.51485630787238,-3.3115805947685999],[119.51465256916083,-3.3115839393472584],[119.51450773514398,-3.3115433538426373],[119.51442615764108,-3.3115124927073225],[119.51424044314194,-3.3114197591145285],[119.51414336312575,-3.3113705778898179],[119.51404773101808,-3.3113383407917354],[119.51393108625064,-3.3113315760913338],[119.51384257227699,-3.3113360394266351],[119.51370209997197,-3.3113533441814411],[119.51349280704744,-3.3113835344225322],[119.51329901843496,-3.3114320438536993],[119.5131622450416,-3.3114510672129427],[119.51307146207841,-3.3114636927951437],[119.51295488026358,-3.3114817835574399],[119.51286610098987,-3.3114924612080472],[119.51276492636032,-3.311491307377878],[119.5126317169802,-3.3114913631358718],[119.51251482040266,-3.3114961799047364],[119.51237630232458,-3.3115086786825145],[119.51223471126298,-3.3115282461316156],[119.51204596874652,-3.3115722229796347],[119.5118962729947,-3.3116096050991359],[119.51175810745076,-3.3116497823115765],[119.51160005160114,-3.311715994897213],[119.51141794967873,-3.3118300019529556],[119.51129792615848,-3.3119322719567208],[119.5111829289491,-3.3120220998399645],[119.51107827484259,-3.3120898718500484],[119.51096684524373,-3.3121452332159151],[119.51082306073567,-3.3121868358537654],[119.51069855679305,-3.312216198718545],[119.51066324761086,-3.3122245255413532],[119.51050028506017,-3.3122387815944307],[119.51035663545042,-3.312221918406749],[119.51024809807132,-3.3121987509715609],[119.51006834068141,-3.3121285966573737],[119.5100236830466,-3.3121150915382032],[119.5099853548403,-3.3121035010756827],[119.50994803837136,-3.3120922163826094],[119.50994760130084,-3.3120920841822681],[119.50994515514481,-3.3120913440402546],[119.50992797989238,-3.3120898268839483],[119.50990976772164,-3.3120882179968021],[119.50989318602183,-3.3120867539005303],[119.50987060314583,-3.3120847592042537],[119.50985011658963,-3.3120829488689196],[119.50984806523604,-3.3120827681051992],[119.50984248674138,-3.3120822752767367],[119.50982305868729,-3.3120805593702585],[119.50981902342926,-3.312080203238736],[119.50981534879941,-3.3120798812814769],[119.50981314905766,-3.3120796843299445],[119.50974410540618,-3.3120035989868484],[119.50964697772588,-3.3119360581025603],[119.50956409980347,-3.311894072353482],[119.50954989770969,-3.3118868768777929],[119.50938955038748,-3.3118237336782954],[119.50925455945037,-3.3117859477632123],[119.50904503809807,-3.3117257543400456],[119.50890859745391,-3.3116797387289125],[119.50876657921435,-3.3116318426353928],[119.50860621660365,-3.3115630498948008],[119.5084824986684,-3.3115379453198557],[119.50837570687338,-3.3115382160158333],[119.50827882021144,-3.3115652964012838],[119.50814413774185,-3.3116503731661169],[119.50807542683958,-3.3117070367503061],[119.5080497278127,-3.311734619856793],[119.50798573925056,-3.3118032983834382],[119.50797442937653,-3.3118186821864128],[119.50791292024519,-3.3119023398210743],[119.50782174517747,-3.3119661215392284],[119.50770237366567,-3.3119932585819924],[119.5075225281422,-3.3119993649786466],[119.50740724135119,-3.3119742379207082],[119.50731441243022,-3.3119391670588811],[119.50723757705259,-3.3118888086215748],[119.50722855505387,-3.3118828955791173],[119.50718408267937,-3.3118125901788744],[119.50715096244699,-3.3117602280520373],[119.50711140127021,-3.3116741818179776],[119.50695621875457,-3.3114302586994313],[119.50686332867974,-3.3113711813348914],[119.50669576789539,-3.3112765546692344],[119.5066101488394,-3.3113149026605697],[119.50648656580245,-3.3113434615314645],[119.50636856485744,-3.3113564720235331],[119.50606092117459,-3.3113911471836559],[119.5058741409789,-3.311433989087277],[119.50578018071087,-3.3115076651465642],[119.50562723480914,-3.3115942006118075],[119.5055360453523,-3.3116523336881869],[119.50548425609361,-3.3117373960639043],[119.50545768022778,-3.3117810473573854],[119.50540460673733,-3.3119096962753929],[119.50539457300124,-3.3119256025844379],[119.50533322664717,-3.3120228570691665],[119.50523789671161,-3.3121106578805097],[119.50512567570945,-3.3121872045757641],[119.50499949183313,-3.3122990928288232],[119.50494351263308,-3.3123896185859962],[119.5048945778226,-3.3124871878334261],[119.50486248641471,-3.3125776533360067],[119.50483179615048,-3.3126667033056378],[119.50473664338142,-3.3128251161861044],[119.50460087183285,-3.3130358848981132],[119.50456456170525,-3.3131249492569737],[119.50453268973195,-3.3133029727539451],[119.50448549421026,-3.3135332882306443],[119.50441403318109,-3.3136139682100065],[119.50427359235243,-3.3136439821839758],[119.50417524788941,-3.3136512927728745],[119.50415746109798,-3.3136496434162837],[119.50403676938151,-3.3136384495547304],[119.50401220979575,-3.313636171572],[119.50374661211652,-3.3136283726512374],[119.50363281909938,-3.3136385493795046],[119.50346008271674,-3.3136785296403559],[119.50328878075265,-3.3137298062854939],[119.50316103205603,-3.313778146644097],[119.50303471687869,-3.3138377815882905],[119.5028705609277,-3.313937055950305],[119.50279062288905,-3.3139993978538769],[119.502719128585,-3.3140673677148129],[119.50263649078147,-3.3141734958101097],[119.50255951241161,-3.314295144405321],[119.50253927137032,-3.314333691146885],[119.5024756029668,-3.3144549422417526],[119.50244424180835,-3.3145156626676453],[119.50236093670787,-3.3146769551772763],[119.50229229145611,-3.3147590398977513],[119.50218713732659,-3.3148525145318786],[119.50202898794748,-3.3149935767920624],[119.50192795541091,-3.315117695824938],[119.50194367376162,-3.3152221619731677],[119.50192839877661,-3.31529422464871],[119.50190053688038,-3.3153903289004916],[119.5018262789597,-3.3154766647162432],[119.50173785042148,-3.3155150199021932],[119.50162831119769,-3.3155407180296379],[119.50150326496373,-3.3155466850314497],[119.50126724958398,-3.3155684684100493],[119.50125154472312,-3.3155755127996258],[119.50123517436384,-3.3155859503312968],[119.49959735513391,-3.314086011560164],[119.49932267070471,-3.3136682108192304],[119.49872631496748,-3.3130718685718534],[119.49858255923778,-3.3126776489542635],[119.49845165931674,-3.3124951306457433],[119.49812888004385,-3.3120450730216362],[119.49759324023591,-3.311938816323277],[119.49667728163126,-3.3119889643191982],[119.49620145663198,-3.312014083283259],[119.49555796382901,-3.3115972115420504],[119.49479564900003,-3.3112404271039964],[119.49449672424453,-3.3106433267280977],[119.49425806305919,-3.3103569601055938],[119.49375772613826,-3.3100951665586535],[119.49338885481188,-3.3100721852831043],[119.49299586097027,-3.3099177357148619],[119.4926977447052,-3.3096434739671281],[119.49247110205977,-3.3094049036133697],[119.49241572270751,-3.3092618790324195],[119.4921179913523,-3.3090924017928387],[119.49202008216116,-3.3088129941243096],[119.49203508375217,-3.308650555878387],[119.49190398508085,-3.3081470038810608],[119.491803029886,-3.3078030212923295],[119.49175447189145,-3.3075505483191137],[119.49168704522106,-3.3072559582957979],[119.49183712138608,-3.3065040980856111],[119.49179827517037,-3.3063438676753094],[119.49176073027354,-3.3063127700182804],[119.49172962811986,-3.3062878120328492],[119.49170533023687,-3.3062751100083005],[119.4916384602468,-3.3062546117608917],[119.49161650419842,-3.3062247173967307],[119.49134468500927,-3.3057034388625652],[119.49115741917956,-3.3048652653196768],[119.49046013882446,-3.3041444461092624],[119.49014334813705,-3.3033749528917156],[119.48983854721121,-3.3023685791465596],[119.48975073470865,-3.3018333269464506],[119.48969944637247,-3.3016446150069214],[119.48945306990333,-3.3014131753777178],[119.48890446456949,-3.3008764815643303],[119.48833215580441,-3.300375720163288],[119.48767549692673,-3.2994447096056092],[119.48735302791999,-3.2989433186791643],[119.48654348339505,-3.2987261369016778],[119.48641826718938,-3.2986068787044474],[119.48638342385595,-3.2985527035443738],[119.48635486228716,-3.2980429696073088],[119.48609322072559,-3.2970777146647379],[119.48603319277765,-3.2968501367244016],[119.48599951766369,-3.2966692443900456],[119.48580050309079,-3.2965697272110788],[119.48552180768536,-3.2964974603894461],[119.48465724983225,-3.2962732782891067],[119.48459793144946,-3.2962578962848283],[119.48454454859211,-3.2962440539199065],[119.48441924425276,-3.2960889235649233],[119.4842870106371,-3.2955392237561227],[119.48390010610512,-3.2954385572435854],[119.48335841925575,-3.2952904487951287],[119.48306604426261,-3.2951227279315276],[119.4829237067637,-3.2947364484282957],[119.48280627778752,-3.2943611109764674],[119.48263785545271,-3.2941961195552381],[119.4825231352346,-3.294047794370158],[119.4824680868328,-3.293438111579519],[119.48231793692332,-3.2928585623727145],[119.48197715412243,-3.2921658946402772],[119.48166649861014,-3.2916285955831768],[119.48131951678238,-3.2913528085852022],[119.48120159767564,-3.2912590839395079],[119.48116933809456,-3.2912381108500881],[119.48092547612987,-3.2911484511400886],[119.48078653177311,-3.2910674006399745],[119.48043438783679,-3.290759302799529],[119.47997367324649,-3.2904703839010381],[119.47973915613716,-3.2903582321466729],[119.47897294184781,-3.2900555491242471],[119.47875602537033,-3.2897870772117699],[119.47851548909864,-3.2895595379422957],[119.47811318907247,-3.2893134582494667],[119.477600510755,-3.2890899227616615],[119.47699287032481,-3.2888316473625991],[119.47632866163849,-3.2884355535579175],[119.47608566212364,-3.2883161892406747],[119.4757981030001,-3.2882908310569405],[119.47544654811975,-3.2883559689527715],[119.47519549787398,-3.2883627228613364],[119.47481503968243,-3.2883957756444602],[119.4743391076637,-3.2885393461139074],[119.4737530932307,-3.2886213633851753],[119.47330830833187,-3.2887683710634406],[119.47305816730068,-3.2887933290488718],[119.47275892868163,-3.2888305735720564],[119.47259192277909,-3.2889421623508497],[119.47226711463566,-3.2891370904043242],[119.4720886963363,-3.2892767668092802],[119.4718258595758,-3.2893905121623561],[119.47162562102562,-3.289451755094376],[119.47135741441321,-3.2895685095789986],[119.47118584535053,-3.2896864017060352],[119.4709338256356,-3.2898347970382247],[119.47092795845856,-3.2899125137514602],[119.47094065778515,-3.2900480622682267],[119.47102830391316,-3.2902596808395401],[119.47117173588697,-3.2904400497684492],[119.47134792476697,-3.2906097266575216],[119.47154388704087,-3.2907843363279881],[119.47165320593081,-3.2908970456620636],[119.47173611532958,-3.2910103818236394],[119.47179374838288,-3.2911328290168171],[119.4718497707504,-3.2912880358141479],[119.47186368326243,-3.2913528085852022],[119.47189790606353,-3.291512154062616],[119.4719415249815,-3.2918323441872985],[119.47197776496193,-3.2921356549364873],[119.47196589570956,-3.2923367928086691],[119.47184342693265,-3.2926703387650491],[119.47176989746288,-3.2928570011496276],[119.47173976118108,-3.2929446328884637],[119.47172373526223,-3.2930576551866011],[119.47172688109072,-3.2931710695891638],[119.47174069108007,-3.2933214308393417],[119.47178320023454,-3.2934665022772265],[119.47170992707152,-3.2935004885566741],[119.47155228131282,-3.2935315502408002],[119.47135092670396,-3.2935602682916851],[119.47135090062363,-3.2935602718889641],[119.47115337173079,-3.2935831272594669],[119.47108463834547,-3.293586648105304],[119.47105129777924,-3.2935883559178478],[119.47103271868514,-3.2935864628449281],[119.47079621227545,-3.2935623583161373],[119.47056280942616,-3.293495078235253],[119.47053834696715,-3.293482319553334],[119.47033131493833,-3.2933743388546191],[119.47020018838805,-3.2932985781667981],[119.47000676220239,-3.2931512287461828],[119.46991759622017,-3.293085771591052],[119.46989172272492,-3.2930667788087362],[119.46974717109515,-3.2929460250389866],[119.46955222235727,-3.2927822638903308],[119.46949093445915,-3.2927472092162589],[119.46944178561,-3.2927288198790734],[119.46936606089503,-3.29271667003826],[119.4692903559652,-3.292716858895858],[119.46916355965061,-3.2927377375564788],[119.46912884941696,-3.2927645607358613],[119.46907893974139,-3.2928381972249667],[119.46905137731926,-3.2928757915844926],[119.46901257606964,-3.2929067282628353],[119.46896148378551,-3.2929274189651778],[119.46888315283525,-3.2929352286778339],[119.46882850912846,-3.2929339228621757],[119.46875073665728,-3.2929238306701905],[119.46864705112057,-3.2928837667723769],[119.46863913528796,-3.2928807081780747],[119.46851627440662,-3.2928135396131211],[119.46850204533314,-3.2928049088194484],[119.46842849338032,-3.2927602979493713],[119.46842831171728,-3.2927601882320801],[119.4684282091946,-3.2927601252795284],[119.4683471775802,-3.2927150944260006],[119.46829598906868,-3.2927008320776849],[119.46808732027364,-3.2927075158391403],[119.46780295913936,-3.292716448805038],[119.46770682161264,-3.2927269726716304],[119.46766472524689,-3.2927393077727629],[119.4676148254639,-3.2927539298499369],[119.46754740059214,-3.2927931717674142],[119.46754503177783,-3.2927951970406752],[119.46749431810838,-3.2928385416653327],[119.46742901113998,-3.2929045051387789],[119.46736775381885,-3.2929540083208053],[119.46730034423558,-3.2929953015918727],[119.46723902126394,-3.2930180697280775],[119.46718788940962,-3.2930264208326321],[119.4671285656309,-3.2930286295675728],[119.46705080125355,-3.293020597722375],[119.46693618265874,-3.293002372961098],[119.46680520809389,-3.2929883093629542],[119.46673746576153,-3.2929898364117776],[119.46671912139038,-3.2929902500999333],[119.46670291560713,-3.2929906152246531],[119.46659861493424,-3.2930093849751074],[119.46641664341348,-3.2930550759309654],[119.46627964069296,-3.2930883166724243],[119.46619170588258,-3.2931029252597455],[119.4660934918212,-3.2930990581749597],[119.4660300266645,-3.2930848246049322],[119.46596857419036,-3.2930541298441653],[119.46590298213698,-3.2930049414248401],[119.4658455793101,-3.2929577935672683],[119.4657624190005,-3.2928807090773944],[119.46576150798728,-3.2928798646140081],[119.4656671682053,-3.2927875617965014],[119.46556665907417,-3.2926849968151259],[119.46549287869345,-3.2926337768273015],[119.46546734334333,-3.2926254895746183],[119.46540483776312,-3.2926052071645131],[119.46533730767067,-3.2926012627380601],[119.46526775590223,-3.2926055480076002],[119.4652064023536,-3.2926159783446565],[119.46516647785074,-3.2926290329035055],[119.46514303432366,-3.2926366978252872],[119.46513969334228,-3.292637751830739],[119.465051032779,-3.2926657153504379],[119.46496310696193,-3.2926844446313908],[119.46488332720389,-3.2926908082341697],[119.46487099120338,-3.2926897119605769],[119.46481579980934,-3.2926848106554303],[119.46476051038928,-3.2926664384053765],[119.46470107059804,-3.2926213472973132],[119.46464155706224,-3.2925495292373625],[119.46457792013496,-3.292461261677829],[119.46448958062967,-3.292315488768736],[119.46441556912328,-3.2921696717928626],[119.46436425830393,-3.2921019456481986],[119.46432120326097,-3.2920670924223145],[119.464265911143,-3.2920446138678017],[119.4642628192737,-3.2920442208640566],[119.46420246307332,-3.2920365469490207],[119.46414723660575,-3.2920407971450345],[119.46405726573028,-3.2920615831754958],[119.4639652497965,-3.2920844259554656],[119.46384051292944,-3.2921094118198653],[119.46369123086572,-3.292140630885342],[119.46359309684397,-3.2921696627996653],[119.46354691036174,-3.2921893435632796],[119.46351543319076,-3.2922027569516104],[119.46337851140925,-3.2922647849918008],[119.46323953377748,-3.2923247580810653],[119.46310462288011,-3.2923744438254516],[119.4630553499245,-3.2923877807714348],[119.46295127408212,-3.2924159511351831],[119.46278768020738,-3.2924492584264726],[119.4627575673079,-3.2924552020459146],[119.46261219999315,-3.2924838958151099],[119.46225994004431,-3.2925159575453335],[119.46200716489875,-3.2925255452176998],[119.46180624825979,-3.2925555555943902],[119.46168103295338,-3.2923185716447279],[119.46152716434722,-3.2920797431855249],[119.46121868429486,-3.2918144647657073],[119.46075967571858,-3.2915353421822715],[119.46022563670385,-3.2912135917338219],[119.46014090797655,-3.2911739379268283],[119.45973962418441,-3.2909253761051787],[119.45944358895053,-3.2906507168570442],[119.45896267468777,-3.2900279165550614],[119.45872187581404,-3.2890110306345264],[119.45890404338695,-3.2880670023902212],[119.45902727478892,-3.2875289218222292],[119.45912523074492,-3.2868408271423846],[119.459048598614,-3.286065619632609],[119.45883325145348,-3.2846312980958601],[119.45818036433241,-3.2839260488480022],[119.45772290978448,-3.2837500029602325],[119.45673392443109,-3.2842419213275775],[119.45655105538697,-3.2847574271135045],[119.45615955801725,-3.2860130110915406],[119.45612280002729,-3.2861267798269864],[119.45602125667574,-3.2863218436780812],[119.45588986302687,-3.2864665320047948],[119.45568401270714,-3.2865995876008469],[119.45547056941132,-3.2867287940985079],[119.4552229779581,-3.2868349419789524],[119.45500142817343,-3.286906929111467],[119.45470020924733,-3.2869892746352889],[119.45446375769632,-3.2871789398561191],[119.45413790813802,-3.2873669943912205],[119.45367958484508,-3.2874846868687655],[119.45332563327145,-3.2874961028628036],[119.45289795707515,-3.2875376578365945],[119.4526923891425,-3.2875734733370905],[119.45252827006368,-3.2876020663821919],[119.45208917427601,-3.2875488921675924],[119.45173709599021,-3.2874379922694743],[119.45017179089552,-3.2877396752457457],[119.44897269873115,-3.2880007781133713],[119.44854457377312,-3.2879277216869696],[119.44841074565943,-3.28769643853974],[119.44830376860409,-3.2874967800523223],[119.44821412058525,-3.2872899980349075],[119.4477348251022,-3.2871548883873629],[119.44742960329359,-3.2871566627497373],[119.44709324965379,-3.2871110140620203],[119.44679118536499,-3.2870052987555027],[119.44638749678563,-3.2868126181077741],[119.44601951758671,-3.2866859360070748],[119.44589367095625,-3.2866472597631855],[119.44574279529388,-3.286630063826351],[119.44543335836283,-3.2864114809050875],[119.44484098302496,-3.285741217083455],[119.44460730588253,-3.2854122747566521],[119.44424762203016,-3.285063264957671],[119.44374864938072,-3.2843148311644654],[119.44338955638295,-3.2835277768853643],[119.44306301524603,-3.283132800937949],[119.44274000214943,-3.2828329957461051],[119.44239495566273,-3.2823907649218427],[119.44212037105831,-3.2820388413194337],[119.44203429514664,-3.2820752341846742],[119.44197417906514,-3.282109782540374],[119.44191232099683,-3.2821532395802819],[119.44185637597104,-3.2822061727766254],[119.44179867366995,-3.2822608821339827],[119.44174331230408,-3.2823090678091944],[119.44168146682625,-3.2823578569294796],[119.44161372179587,-3.2824102226535956],[119.44152180658614,-3.2824751033433017],[119.44142518342551,-3.2825417745831942],[119.44134861784448,-3.2826060302440396],[119.44128794867993,-3.2826577808318689],[119.44122376226687,-3.2827160667930002],[119.44116077465014,-3.282783254243725],[119.44110371176691,-3.2828569428935452],[119.44105429761782,-3.2829252796778405],[119.44099544958044,-3.2829936398445625],[119.44094187516748,-3.2830483483026001],[119.44086469265153,-3.283103104424697],[119.44082404869096,-3.283134640950891],[119.44078047114192,-3.2831768686175451],[119.44075871834025,-3.28321072719325],[119.44074641381599,-3.2832475355452857],[119.44073116671007,-3.2832867208054495],[119.44071883610548,-3.2833122588536412],[119.44070000160389,-3.2833336636176114],[119.44066043772909,-3.2833584732149461],[119.44060761964602,-3.283383910538987],[119.44050948832228,-3.2834145216627917],[119.44041060696395,-3.283436380584476],[119.44039371679662,-3.2834401145696006],[119.44030059559611,-3.2834605903339025],[119.44020745730836,-3.2834734731222284],[119.44014958413607,-3.2834913309600893],[119.44007410313736,-3.2835168249414437],[119.44000115193171,-3.2835473740120733],[119.43994078493938,-3.2835753618134618],[119.4398678580153,-3.283616034552324],[119.4397949319906,-3.2836567081905059],[119.4397371370593,-3.2836826950003228],[119.43972701698829,-3.2836872446705456],[119.43964397538923,-3.2837102259460949],[119.4395281849778,-3.283728225876871],[119.4394476425947,-3.283743608780469],[119.43938473321896,-3.283761479208863],[119.43932186071538,-3.2837945346900028],[119.43926153689051,-3.283840238236337],[119.43918866482511,-3.2839036890039779],[119.43913086629652,-3.2839519169473874],[119.43906297467663,-3.2839925770957166],[119.43899757867541,-3.2840231081798379],[119.43891959666212,-3.2840562005332004],[119.43883403066604,-3.2840766583111076],[119.43875851909047,-3.2840894970325962],[119.4386578309942,-3.2841049293989499],[119.43857475162361,-3.2841127256217533],[119.43846902282723,-3.2841256389870068],[119.4383935157482,-3.2841410101993915],[119.43827778199409,-3.2841817872596266],[119.43820486136531,-3.2842249906907455],[119.43813448401932,-3.2842783123941786],[119.43806666704313,-3.2843493417486798],[119.43802903581138,-3.2844076447969428],[119.43798393211284,-3.2844988666293489],[119.43795897772475,-3.2845925696913127],[119.43792911663547,-3.2847394343773431],[119.43791836703906,-3.2847992653737492],[119.43790781889084,-3.2848579749155533],[119.43789681838348,-3.284919205257097],[119.43786861204683,-3.2850265627256476],[119.43786687725469,-3.2850331673467394],[119.43783435597084,-3.2851218279099612],[119.43780690326605,-3.285223130243196],[119.4377970152201,-3.2852990797886719],[119.43778465224,-3.285392753172971],[119.43778361891896,-3.2853976131092963],[119.43776722427799,-3.2854747317734336],[119.43774092720207,-3.2855336400654096],[119.43773759161661,-3.2855387940800256],[119.43772684291957,-3.2855554072561972],[119.43769112724374,-3.2856106058447381],[119.43768853000176,-3.2856146204183574],[119.43765184215886,-3.2856504377174929],[119.43753762825895,-3.2857161107098705],[119.43743334107592,-3.2857665347976877],[119.43742214541578,-3.2857719487163877],[119.43730793061661,-3.2858433333031485],[119.43722555541513,-3.2859188889455027],[119.43721270680101,-3.2859641985888288],[119.43707929957009,-3.2864346699240059],[119.4369973200703,-3.2867237776801517],[119.43698217818508,-3.2867771758259323],[119.43680608103591,-3.2873981945709829],[119.43670898663049,-3.287740604245414],[119.43661846267196,-3.2890209708410794],[119.43677982442944,-3.2896800246134035],[119.43696650390109,-3.2901243904282182],[119.43688209803042,-3.2906411678555401],[119.43636952493364,-3.291216394021319],[119.43575233280399,-3.2921911035365383],[119.43548887730992,-3.2930508707010517],[119.4353819119458,-3.2935978275776279],[119.43513519373425,-3.2947590429953948],[119.43514880857072,-3.2948170699517618],[119.43521099579084,-3.2950821091519629],[119.43564664897372,-3.2951874836154502],[119.43601096163661,-3.2959006711789698],[119.4360682232699,-3.2960012891281281],[119.43618100544916,-3.29619946373424],[119.43637564841754,-3.2965414840022618],[119.43664971141516,-3.2971374215547371],[119.43714890170054,-3.2974799706241242],[119.43762089918516,-3.2978038587610286],[119.43778064845822,-3.2980746716087879],[119.43795102412048,-3.2985713590808814],[119.43805508557375,-3.2987518584114923],[119.43822427413102,-3.2990497336582507],[119.43830686966635,-3.299310545145488],[119.43839589895163,-3.2995916714184546],[119.43869046379393,-3.2998152725567138],[119.43901308658474,-3.3000601705404051],[119.43941277408032,-3.3005291705846957],[119.43954159926545,-3.3007424178282463],[119.43979989894626,-3.3011699834079877],[119.4398463911981,-3.3013579632993242],[119.43992277421671,-3.3016667958858648],[119.43993614893418,-3.3017210465889661],[119.44014171057154,-3.3023532340145039],[119.44039296136611,-3.3028136086610402],[119.44027758644154,-3.3034285461903892],[119.44007121091772,-3.3040797965453521],[119.43996733742279,-3.304595296036041],[119.44007021177094,-3.3050560465992476],[119.44007018479124,-3.3051201367848648],[119.44006996175938,-3.3056526091805267],[119.4399661494183,-3.3061680466179837],[119.43980546125306,-3.3066656091305049],[119.43942877391885,-3.3071003575954023],[119.43911896107124,-3.307733858930419],[119.43895194797403,-3.3081695561800188],[119.43882071170651,-3.3085119208884066],[119.43849946128114,-3.309552171195719],[119.43837271173129,-3.3101129209744613],[119.43837239876723,-3.3106732966352865],[119.43824621129363,-3.3112521083980369],[119.43809727367034,-3.3117224844050952],[119.43784571171034,-3.3118225465732394],[119.4372511492212,-3.311887295961867],[119.43661121143828,-3.3120154205751646],[119.43633639930545,-3.3122511086017425],[119.43628727383873,-3.3123867974127279],[119.43611864915636,-3.3128572336743218],[119.43597619474565,-3.3135890785730453],[119.43593367839662,-3.3138075068109174],[119.43591989898425,-3.3138782960464823],[119.43587593742461,-3.3140746396328495],[119.43591040304273,-3.3140790526061323],[119.43648046170404,-3.3141520460800393],[119.43694008631599,-3.3143155464252914],[119.43734456360085,-3.3144049489292229],[119.43741314859801,-3.3144201088009595],[119.43752047099304,-3.3144045136573368],[119.43774990063741,-3.3143711757890628],[119.43816714919467,-3.3143105461946902],[119.43860414866265,-3.3140898588598589],[119.43918358635347,-3.3137859842357216],[119.43974046095354,-3.3135644209611996],[119.44002295959194,-3.3134468391003224],[119.44027833557675,-3.3133405455296838],[119.44109771059095,-3.3133385463368086],[119.44164608659764,-3.3133460466826818],[119.44192698264419,-3.3133147322890295],[119.44198696112937,-3.3133080467289346],[119.442377274092,-3.3133497339030669],[119.44267821242966,-3.3135074839831304],[119.44302458631569,-3.3138506715711742],[119.44324914882918,-3.3141974213738763],[119.44350759959616,-3.3144242609708385],[119.4435442262851,-3.3144564063380244],[119.44362471111162,-3.3145270462861163],[119.44380752259917,-3.3146715466544947],[119.44391330445546,-3.3146743102711298],[119.4440658366691,-3.3146782960664609],[119.44437121136241,-3.3147145459395233],[119.44455458672485,-3.3147318587882069],[119.44460163295901,-3.3147358886503184],[119.44462240010375,-3.3147376684086112],[119.44462027770373,-3.3148869441770898],[119.44465044006586,-3.315815120971024],[119.44460131100175,-3.315920445072436],[119.44431678798946,-3.3165304075521931],[119.44392534098176,-3.3170096823508857],[119.44378302056998,-3.3170577538122643],[119.44353206924961,-3.3171425176130356],[119.44328339591209,-3.3172265115941855],[119.44300803159547,-3.3172791821884857],[119.44266913557226,-3.3173440053215586],[119.44196325410098,-3.3174330660830833],[119.44147577208923,-3.3175658087150737],[119.44113156107278,-3.3179014743735138],[119.44097054735289,-3.3183189207815076],[119.44040817429789,-3.3185700582615141],[119.43978868260172,-3.3189064856457549],[119.43905307224156,-3.319532409293231],[119.43850592201079,-3.3201615606075165],[119.43816323984174,-3.3204462697794952],[119.4381632110634,-3.3207431090072532],[119.43828452690946,-3.3212654559359862],[119.43829958605716,-3.3213302961561908],[119.43853165341318,-3.3217939335431765],[119.43856164940064,-3.3218538589683817],[119.4389277112449,-3.3221331713087352],[119.43953377426431,-3.3224209210885647],[119.43987672533069,-3.3225272659205416],[119.43996752358237,-3.3225554209958545],[119.4402646487946,-3.3227083588036521],[119.44040230532221,-3.3230035216951137],[119.4404709613658,-3.3231507344187889],[119.44061745643057,-3.3234534714005122],[119.44063955277318,-3.3234991317794425],[119.44068499101957,-3.323593030893619],[119.44073308676263,-3.3236924212681629],[119.44075023863263,-3.3237373118274149],[119.44076670432003,-3.3237804055412425],[119.44078143791307,-3.3238189657726025],[119.44083658613965,-3.3239632961691541],[119.44085071358961,-3.3239996125919902],[119.44086099104197,-3.3240260310764143],[119.44091512573254,-3.3241651867738824],[119.44093846134103,-3.3242251706550405],[119.44091223531143,-3.3243220276394254],[119.44088162328831,-3.3244350796151707],[119.4408582193314,-3.3245215107590411],[119.44084539859637,-3.3245688591654812],[119.44078872781756,-3.3246834939480436],[119.44073449060431,-3.3247932067410488],[119.44069588900413,-3.3248712921763399],[119.44068721864028,-3.3248888298555812],[119.44064200522439,-3.325019210867822],[119.44058041875144,-3.3252639029067268],[119.44055952390295,-3.3253469211234687],[119.44055947264167,-3.3255102281144673],[119.44055946994365,-3.3255174973346016],[119.44055946095045,-3.3255457963014123],[119.44076502258781,-3.3258164211908365],[119.44086789873461,-3.3259517340852085],[119.44124597462212,-3.3262497927936465],[119.44125652366972,-3.3262581088246179],[119.44132025862314,-3.3263394192287592],[119.44145081770114,-3.3265059817655924],[119.44150827268868,-3.3265792810089465],[119.4416100867362,-3.3267091709914212],[119.44189558641222,-3.3269344205870084],[119.44225021157808,-3.3271233591556779],[119.4423156588407,-3.3271533101770956],[119.44246627369967,-3.3272222342187092],[119.44269577259195,-3.3275109210920846],[119.44284732184644,-3.3277195071494816],[119.44309564894513,-3.3280612962917644],[119.44316379956979,-3.3281111906788396],[119.44341552430706,-3.3282954842491677],[119.44371707957964,-3.3284143089731515],[119.44387620562247,-3.3284770106055248],[119.44393989920707,-3.3285021088851749],[119.44416908603455,-3.328655171698756],[119.44452214907801,-3.3293774217305554],[119.44456945071965,-3.3294612718202075],[119.44479708621657,-3.3298647967229158],[119.44524221105928,-3.33027948401093],[119.44550489943163,-3.3305951712301294],[119.44555051574378,-3.3307685928962201],[119.44558237242859,-3.3308896992002133],[119.4456189613461,-3.3310287955424087],[119.4456337533951,-3.3314023433434272],[119.44564114941954,-3.3315891091500021],[119.44556102342256,-3.3321587325394262],[119.44556214757506,-3.3322129841418473],[119.44556002427578,-3.3326649213490214],[119.44554189664132,-3.3327544461607204],[119.44550052422983,-3.3329587721295866],[119.44538789943203,-3.3335149839293194],[119.44525089940953,-3.3340305463725599],[119.44507877366652,-3.3346546713759153],[119.44472333641295,-3.3350351709363508],[119.4447028363669,-3.3350623592404531],[119.44428858614936,-3.3356327974155988],[119.44392221134103,-3.3361218586368295],[119.44360708619809,-3.3364480463401947],[119.44356783618673,-3.336493296628305],[119.44348721106599,-3.3366777008151871],[119.44346644032407,-3.3367252066029778],[119.4432117739043,-3.3373076714118497],[119.44319758889765,-3.3373195100872977],[119.44316684017758,-3.3373451722418395],[119.44313013614692,-3.3373758058486942],[119.44277310889197,-3.3376737791215874],[119.44255996057382,-3.3378516713175372],[119.44228138297956,-3.3379486200327619],[119.44219377372372,-3.3379791088487423],[119.442112671063,-3.3380238546171768],[119.44188251836363,-3.3381508361920851],[119.44182122057293,-3.3381846560969279],[119.44178233658567,-3.3382061094243909],[119.44173746401282,-3.3382110152261362],[119.44169304110108,-3.3382158715651826],[119.44143176376497,-3.3382444403285945],[119.44135133559575,-3.3382532338995929],[119.4412796227565,-3.3382575533433396],[119.44121021128228,-3.338261733392244],[119.44062788676763,-3.338288828166867],[119.44059364867803,-3.3382904208662012],[119.44050947033588,-3.3383030257639916],[119.44018042458697,-3.3383522942229433],[119.43992408632755,-3.338390676388542],[119.43991827400919,-3.3383915460329945],[119.43991583145055,-3.3383929130025081],[119.4396100862366,-3.3385640458939747],[119.43919827408115,-3.3386554206111327],[119.43885502443993,-3.3387195458702763],[119.43869303045904,-3.3387265201127434],[119.43840927366909,-3.338738733805485],[119.43830253133683,-3.3387785063229671],[119.43787183611641,-3.3389389840468198],[119.43770206030194,-3.3390789581273452],[119.43759696103098,-3.339165608705855],[119.43740810609927,-3.3392492861256073],[119.43710452375478,-3.3393837959254142],[119.43675961306576,-3.3395591106643678],[119.43669358663976,-3.3395926706651835],[119.43657935835074,-3.3396627197586781],[119.43629396119741,-3.339837734124103],[119.43621830483096,-3.3398964292767346],[119.4362050946894,-3.3399066779508075],[119.43603400766335,-3.3400394088915846],[119.43602521139451,-3.3400462338465786],[119.43595002357483,-3.3401007336618704],[119.43589665330796,-3.3401306271267117],[119.43567347844828,-3.3402556238978605],[119.43562767058063,-3.340281279757221],[119.43556102362243,-3.3403186088166876],[119.43522291810325,-3.3403340169012949],[119.43450896701529,-3.3403070965952111],[119.43394966964161,-3.3399157008488487],[119.43393687138962,-3.3399067436012615],[119.43293574159122,-3.3392204727465469],[119.43223014520515,-3.3391366757169862],[119.43221626237073,-3.3391350263603385],[119.43202929241795,-3.3391128220990254],[119.43157062198668,-3.3391218207154338],[119.43156070246448,-3.33912201586827],[119.43142277793891,-3.3391247219283287],[119.43143020274169,-3.3391267759798779],[119.43156377364926,-3.3392673481095585],[119.43249833023378,-3.3402508826720236],[119.43312316390291,-3.3409084642541984],[119.43315140261518,-3.3409381832505005],[119.4337855649519,-3.3412049959137562],[119.43487244061066,-3.3424768081580964],[119.43518564660042,-3.3432525705496232],[119.43541288459699,-3.3439894678396058],[119.43622425114836,-3.3443067918249199],[119.43698520530302,-3.3444438476054188],[119.43756756489131,-3.3448924959918713],[119.43795219144056,-3.3458406206480618],[119.43903544013347,-3.3472298708617814],[119.43963381484878,-3.3480328080676145],[119.44056826441397,-3.3499473540870781],[119.44134541895596,-3.3510347657418151],[119.4419142563379,-3.3520550052342628],[119.44321931561899,-3.3527059327325901],[119.44322683485063,-3.3527225531033196],[119.44382896243678,-3.3529432341429128],[119.44468702358733,-3.3530586090674888],[119.44535014859059,-3.3532196092974687],[119.44556934395007,-3.3533418001838982],[119.44589896166781,-3.3535255460670328],[119.44635664914006,-3.353777483943702],[119.44688214909195,-3.3539840474257971],[119.44738502389976,-3.3541183575761124],[119.44791764738159,-3.3542939007429027],[119.44795658622752,-3.3543067340684729],[119.44844421303003,-3.3544834409580062],[119.44844699823045,-3.354484449997301],[119.4484470117203,-3.3544844958627209],[119.44844726083249,-3.3544845830969621],[119.44845002444913,-3.3544855462708938],[119.44845125202369,-3.3544858385505449],[119.44845885669099,-3.3544876497851419],[119.44846703692428,-3.3544895986160554],[119.44848129117872,-3.3544929953554288],[119.44848886976558,-3.3544948002947308],[119.44850276519048,-3.3544981106991827],[119.4485077213543,-3.3544992906097377],[119.4485092717855,-3.3544996611304327],[119.44851794214935,-3.3545017259738188],[119.44852283536068,-3.354502892394521],[119.44853210467295,-3.354505100230142],[119.44854041980454,-3.354507080537303],[119.44855262540341,-3.3545099889448124],[119.44946689867845,-3.3547277957511028],[119.45022246139752,-3.3549699211249049],[119.45062183592904,-3.3555293587928077],[119.45110202443891,-3.3560342957460989],[119.45166139915432,-3.3565299840714715],[119.45187764923423,-3.3580208585757418],[119.45186733580897,-3.3583462962445196],[119.45185408609723,-3.3587259207645843],[119.45199217969537,-3.358913646147812],[119.45213946076751,-3.3591138586176612],[119.45252771068533,-3.3597094841053377],[119.45283671144512,-3.3603232956834859],[119.45307664876839,-3.3609644205715199],[119.45316854509235,-3.3615152292443895],[119.45330383640294,-3.3619671709481054],[119.45364677397947,-3.3623730457794068],[119.45379508567476,-3.3627703590647684],[119.45419421109398,-3.3634653587392904],[119.45428846094376,-3.3639441712864482],[119.45430808594949,-3.3640435463724998],[119.45458271102336,-3.3648472956660953],[119.45503908638477,-3.3657047956397719],[119.45555308580629,-3.3664717959366044],[119.45611333646139,-3.366859045808269],[119.45633014861755,-3.367012170675082],[119.45659960708622,-3.3672654188639513],[119.45674258580175,-3.3673997955640402],[119.45723439894846,-3.3680492958382615],[119.45771271057322,-3.3686892336211827],[119.45818252360459,-3.3688784842545942],[119.45852539912789,-3.3691035458919032],[119.45883427398257,-3.3694191710578707],[119.45939339868642,-3.3700142956232071],[119.46009096142882,-3.3706723592419507],[119.46060539882012,-3.370942171144236],[119.46080364896932,-3.3710860455844909],[119.46116571062907,-3.3713474838992283],[119.46149691205289,-3.3717545908016859],[119.46172096105352,-3.3719689837815281],[119.46184021115687,-3.3719965462036043],[119.46246877431452,-3.3720311089484767],[119.4629755243011,-3.3721556713471159],[119.4630638359273,-3.372183295822424],[119.46320596118619,-3.372553483756235],[119.46348614946623,-3.3731222339039277],[119.46352008628298,-3.3738904213058731],[119.46353398980182,-3.3739700382865863],[119.46366839887753,-3.3747396708990323],[119.46372051369076,-3.3749887399383738],[119.46383852362908,-3.3755527335717375],[119.46428396143574,-3.376084858829131],[119.46491271075308,-3.3764357338220066],[119.46534852401521,-3.3768956093448423],[119.46541540119983,-3.3770200503350338],[119.46555227441797,-3.3772747338418299],[119.46560939935432,-3.3780790461110541],[119.46560913675228,-3.3784522467737474],[119.46560913225574,-3.3784587119998832],[119.46560902433703,-3.3786122964202718],[119.46552266423964,-3.3788260158079311],[119.46544814911283,-3.3790104208941898],[119.46530512812922,-3.379166929909843],[119.4649100235788,-3.3795992960706371],[119.46477098659182,-3.379634104330421],[119.46446294990528,-3.3797112202965423],[119.46432633569191,-3.3797454206145972],[119.4640065736445,-3.3798593997914281],[119.46383914775856,-3.3799190788024021],[119.46356027428726,-3.3800184835661184],[119.46317039929454,-3.3803177959294999],[119.46308958621546,-3.3810501093749963],[119.46316704212541,-3.3814237605980111],[119.46319258556946,-3.381546983906162],[119.46319221145143,-3.3820712338003318],[119.46286021142964,-3.3823793586204829],[119.46267483597501,-3.3824347343754653],[119.46244852428003,-3.3825069841099662],[119.46164677417937,-3.3826807340286109],[119.46143874030565,-3.3828457227518811],[119.46125802423853,-3.3829890459077205],[119.46096753962036,-3.3832192372779559],[119.46082321102244,-3.3833336085591554],[119.46038733570708,-3.3834522336336477],[119.45972464867361,-3.383716046158554],[119.45958630326538,-3.3837586776208468],[119.45936971144306,-3.3838254208064882],[119.45932302403844,-3.3842594210353809],[119.45936002394603,-3.3848287341587024],[119.45937971100489,-3.385117921055155],[119.45967671121127,-3.3860842956536885],[119.45983589930734,-3.3865810460783905],[119.46035046080522,-3.3868870458004494],[119.46096752433186,-3.387057170551941],[119.4612538990483,-3.387137795672686],[119.46148296087006,-3.3872547336189882],[119.46179114864265,-3.387525109396222],[119.46187127374037,-3.3876424205612352],[119.46216833599999,-3.3877591705492591],[119.46244383611418,-3.3877765463504943],[119.46272983581332,-3.3877306089803483],[119.46307246132505,-3.387838170595046],[119.46328996146258,-3.3880454841117285],[119.46357458609828,-3.3883340459793772],[119.46369691727898,-3.388445687818205],[119.46393008630446,-3.3886584836021143],[119.46420057000034,-3.3887495138789063],[119.46450008561055,-3.388883296127176],[119.46483339864244,-3.3890991091365095],[119.4653587735886,-3.3892242956646896],[119.46565577379499,-3.3897387339553688],[119.4657812741865,-3.3902536093165736],[119.46576777266466,-3.3905692362811806],[119.46570172915153,-3.3908825591827281],[119.46541477437245,-3.3913662964174023],[119.46544883619492,-3.3917187335326844],[119.46546208590655,-3.3919898593445055],[119.46547071130431,-3.3921434842343388],[119.46560783633265,-3.3923600463789967],[119.46572133617076,-3.3925495461245987],[119.46579858613586,-3.3926849840247542],[119.46582464938808,-3.3927301093070241],[119.46576714943444,-3.392892920771601],[119.46564158609044,-3.3930197962265538],[119.46563051993257,-3.393027397296521],[119.46529814939015,-3.3932556713121471],[119.46500582835631,-3.393541192571945],[119.46480639919605,-3.3937359839284795],[119.46461077416791,-3.3943962958523457],[119.46472452401758,-3.3955981714184418],[119.46489583587424,-3.3959863592830288],[119.46506727363578,-3.3961937960068553],[119.46534127368091,-3.3965094841253176],[119.46540983619502,-3.3965102962131368],[119.46570727437131,-3.3965266090157229],[119.46619908571927,-3.3965253589581152],[119.4666448994426,-3.3967411090148971],[119.46687439923414,-3.3970297958883293],[119.46726208617645,-3.3974084212615594],[119.46737646105487,-3.3981763586519946],[119.46743289890924,-3.399152420747555],[119.46748858582964,-3.3996041708957137],[119.467339586153,-3.400237296314117],[119.46733943326831,-3.4003721118834278],[119.46733913739138,-3.4006318927475832],[119.46733871111269,-3.4010055457692943],[119.46722723924574,-3.4012431682375563],[119.4671094613326,-3.4014942337718139],[119.46719120970658,-3.4020431313853692],[119.4672085864072,-3.4022984210352547],[119.46722321118227,-3.4026779844014072],[119.46722164905987,-3.4031209211935334],[119.46722302412331,-3.4032655456683756],[119.46732471136636,-3.4041329840499088],[119.46740364935897,-3.4057597344241799],[119.46731158576108,-3.4060311093481914],[119.46785683572443,-3.4066440458859688],[119.46804642270433,-3.4067844021783458],[119.468283085596,-3.4069596089987044],[119.46859146132692,-3.4073112960793992],[119.46868214716346,-3.4078199112598213],[119.46868327401398,-3.4078262343931556],[119.46870539913493,-3.4083504213348306],[119.46895602400139,-3.4089644208712571],[119.46934502395379,-3.4094153589315965],[119.46952252404526,-3.4095684208459147],[119.46987064891141,-3.4098659210753226],[119.47022264895611,-3.410118108963502],[119.47056789868964,-3.4103702959523616],[119.4709868559587,-3.410671423147619],[119.47129439891739,-3.4108924207485529],[119.47184864929579,-3.4113250459141113],[119.47260377404496,-3.4118473586686378],[119.47328921122823,-3.4123517335456199],[119.47341477367297,-3.4124417961519384],[119.47362108624418,-3.4126672337058039],[119.47373483609385,-3.4131821711202406],[119.47373433607083,-3.4136431087424057],[119.47372208640525,-3.4141221713011305],[119.473641524237,-3.4147279843089677],[119.4737553361399,-3.4152519212391326],[119.47400567682064,-3.4157839097995293],[119.47401871069496,-3.4158116089185455],[119.47413271145558,-3.4162090463103709],[119.473811899,-3.416499109146514],[119.4735387739953,-3.4167430457549131],[119.47329702363879,-3.4167173593186249],[119.47313671139023,-3.4166906710375997],[119.47243858567231,-3.4167014835865643],[119.4723911599242,-3.4167076529357701],[119.47239112305192,-3.4167076583317453],[119.47198209160035,-3.4167608640225922],[119.47179478889848,-3.4167852275561472],[119.47172939919244,-3.4167937342434129],[119.4717017414423,-3.4168278500251859],[119.47123739898689,-3.4174006093505795],[119.47121196076341,-3.4174729840909208],[119.47102977430472,-3.4179886085873932],[119.47089208630075,-3.4186759208570265],[119.47087471139889,-3.4192906092741282],[119.47086952410928,-3.4195075455367601],[119.47116602429264,-3.4202750458566129],[119.47140546069352,-3.4209071091756869],[119.47131439444377,-3.4217650156429045],[119.47130277430369,-3.4218744838203179],[119.47095814869965,-3.4224990458941988],[119.47064185263946,-3.4229827372634531],[119.47043121073182,-3.4233048591319175],[119.47035033559962,-3.4237660458662731],[119.47048789859775,-3.4243802963135863],[119.47083077412094,-3.4248042340281586],[119.47143714920514,-3.425155171074266],[119.47164247881744,-3.4253067778854529],[119.47204634905984,-3.4256229327521055],[119.47243096121997,-3.4260022344155345],[119.47253864873971,-3.4264809840101407],[119.47260152394119,-3.4267700459008665],[119.47273588175563,-3.4277055638606271],[119.47273777392923,-3.4277187335326857],[119.47262321109235,-3.4286319213260867],[119.47235281013411,-3.4293622895380054],[119.47235257001512,-3.4293729923696787],[119.47232214145367,-3.4294572219731663],[119.47223837230308,-3.4300275351425853],[119.47222001624084,-3.4301525022361261],[119.4722111354356,-3.43021296815391],[119.4721869607597,-3.4303775458869836],[119.47179771079573,-3.4307129840169637],[119.47149559524564,-3.4307530416195391],[119.47074417390456,-3.4309327738283741],[119.47065779761931,-3.4309903790027647],[119.47045858609488,-3.4311232340499487],[119.46980111872676,-3.4315680081570008],[119.46968077414851,-3.4316494210838755],[119.4693828359492,-3.4325179206654752],[119.46928396088617,-3.4328074214253093],[119.46911839929476,-3.4332959205702309],[119.46919825009923,-3.4336524747818657],[119.46925596139351,-3.4339101710175441],[119.46929500006422,-3.434118972012925],[119.46939277435706,-3.434641920588092],[119.46970046120737,-3.4353642335724999],[119.47008827405466,-3.4362219206050781],[119.47026083596882,-3.4366462342362638],[119.47049902411072,-3.4372331713736912],[119.47074955364906,-3.4376710000165644],[119.47081921063807,-3.4377927340473775],[119.47141352401502,-3.4384871086930389],[119.47208789863771,-3.4390728587254102],[119.4724921888635,-3.4394626986446042],[119.47275064862356,-3.4397119205686408],[119.47279452384828,-3.4397127956089548],[119.47283276392102,-3.4397111021855835],[119.47322902410019,-3.4396935456205711],[119.47353758599081,-3.439674670649481],[119.47409796075237,-3.439646109080627],[119.4746364613037,-3.4398435462426278],[119.47481846070343,-3.4400057956308956],[119.47482708610119,-3.4401774843034332],[119.47478714900774,-3.4404577957906213],[119.47478652218035,-3.4404599208885998],[119.47473908564041,-3.4406206090538376],[119.47459052393356,-3.4409825457078682],[119.47455739920463,-3.441000670644371],[119.47438502434943,-3.4410915462378284],[119.47383739927659,-3.441933546396001],[119.47380358566704,-3.4423222963368403],[119.47390639886123,-3.4427468590802164],[119.47401113930266,-3.4428429660300139],[119.47426027399251,-3.4431526709589662],[119.47463908642476,-3.4436939836903662],[119.47490158593951,-3.4441090459956172],[119.47505146065646,-3.4446871706763318],[119.47513729465049,-3.4449356479617563],[119.47529164889056,-3.4453824842142353],[119.47554197338343,-3.4460468511811655],[119.47565908579827,-3.4463576712694817],[119.47567033631708,-3.4463847957217126],[119.47573933590172,-3.4469901707597046],[119.47568383604028,-3.4477134208376583],[119.47576427410206,-3.4481561094168569],[119.47599246088339,-3.4485622342596685],[119.4762222106865,-3.4489322342352011],[119.47641633564547,-3.4492299835768563],[119.47679464895396,-3.4494368591236935],[119.47685477402865,-3.44943673411791],[119.47722808620722,-3.4494357340718125],[119.47767586944587,-3.4494110287959074],[119.47774352364479,-3.4494072957101025],[119.47781186042903,-3.4494022145404983],[119.47782454986316,-3.4494012720510341],[119.47812177400078,-3.4493791712117172],[119.4783953990285,-3.4495411705885317],[119.47842843112721,-3.4497413353942648],[119.47844771079326,-3.4498581708178904],[119.47843125409918,-3.4502435770793909],[119.47841985968887,-3.450418672383762],[119.47834558558043,-3.4507162958203708],[119.47832719714245,-3.4508760972540244],[119.47828214290666,-3.4511409089257654],[119.47827483591504,-3.4513311092432559],[119.47835530365444,-3.4518222802739729],[119.47835651414186,-3.4522886093317879],[119.4782983522872,-3.4528029226167405],[119.47818097457241,-3.4534250070583994],[119.47803973784369,-3.4540232387814171],[119.47786258668907,-3.4545378650303746],[119.47754286511122,-3.4551365653002222],[119.47730600077136,-3.4555676472290884],[119.47691014258908,-3.4561737210403294],[119.47674891123336,-3.456403722653647],[119.47658382538327,-3.4564761243735802],[119.47646365617288,-3.4565288255448081],[119.47619701797805,-3.456491260862947],[119.4760334726667,-3.4564198708802678],[119.47589205427494,-3.4563581387170643],[119.47562524161162,-3.4562536141129385],[119.4753776924266,-3.4562351312462738],[119.47520689138503,-3.4564460258633289],[119.47499821089878,-3.4567335472153786],[119.47499952570763,-3.457240531924981],[119.47506762507089,-3.4578047359997299],[119.47535484245213,-3.4584353280279174],[119.47567926658496,-3.4587310179221049],[119.4759746129381,-3.4588259017938867],[119.47640734332424,-3.4589267139966182],[119.47663233841172,-3.4591685461913926],[119.47677599611541,-3.4595029716847421],[119.47674815940013,-3.4597804539047843],[119.47668388485351,-3.4606893744150398],[119.47667507959136,-3.4608371357251713],[119.47663827663519,-3.4614547577308485],[119.47702041745833,-3.4619798736721918],[119.47750664671446,-3.4622655711991115],[119.47807832775266,-3.4624649517960506],[119.47859274266102,-3.4626070869474574],[119.4791642744118,-3.4627490719120715],[119.47962142408949,-3.4628339634166423],[119.48043108732486,-3.4630327162867616],[119.48086944836643,-3.4632133127441307],[119.48120341970207,-3.4635185390492893],[119.4816328100062,-3.4639096056437211],[119.48190022341669,-3.4642437037838363],[119.48238633036487,-3.4644815681697878],[119.48273879266117,-3.4645762982574979],[119.48290161941429,-3.4649585002345589],[119.48293139866519,-3.4654271432480073],[119.48286064090587,-3.4656712570228478],[119.48266882900327,-3.4660376516162614],[119.48242736013458,-3.4665261417679858],[119.48234301541788,-3.4670357408067503],[119.48235097801523,-3.4673513902544073],[119.48242994298755,-3.4675161910193424],[119.48263042885128,-3.4677380672579261],[119.48279506773827,-3.4679026431923603],[119.48290943092559,-3.4679525609618622],[119.48317273443422,-3.4679463547404339],[119.48325210679934,-3.4679444841505642],[119.48346621739211,-3.4679152220098217],[119.48362321114234,-3.4678861109551917],[119.48405402687195,-3.4679090220836315],[119.48426585768323,-3.4679202878909337],[119.48485153936713,-3.4680120088470971],[119.48524421125137,-3.4680109728280968],[119.48548708396186,-3.4680605533517905],[119.48575866483054,-3.4681674503675026],[119.48596621576826,-3.4683606085552015],[119.48625949817733,-3.4685750635882755],[119.48645288299417,-3.4688113046979083],[119.48669663793953,-3.4691980743316435],[119.48699784697317,-3.4697138265318017],[119.48724227910793,-3.4703588679673203],[119.48742159223275,-3.4706740632573769],[119.48776552715742,-3.471146657891893],[119.48802350578023,-3.4715118635816111],[119.48860342101113,-3.4721273200197516],[119.48871810435708,-3.4722991993485266],[119.48905452364738,-3.4726283260363857],[119.48937664821381,-3.4729503166037716],[119.48961275892179,-3.4731433965504834],[119.48987746537284,-3.4733507505366674],[119.49024920823445,-3.473536297761882],[119.49057796260297,-3.4736645635687182],[119.49087297260962,-3.4737296223241856],[119.49115660079656,-3.4737921692731675],[119.4914996157147,-3.4739132216178632],[119.4918783849796,-3.4740557039075384],[119.4920786855829,-3.4742058331326575],[119.49217897797746,-3.4743347041832067],[119.49225813360601,-3.4745712447671053],[119.49227947092095,-3.4748356643344209],[119.49228765295288,-3.4749370539018969],[119.49220271288493,-3.4752170758073362],[119.49207521869641,-3.4756048239034385],[119.49190483224231,-3.4759711636382349],[119.49178425204161,-3.4762728025477259],[119.49167135744722,-3.4767824753309355],[119.49164394880927,-3.4772201780687055],[119.49164487241296,-3.4775717149626075],[119.49171014610647,-3.4779589531431157],[119.49178971722176,-3.4783533256454007],[119.49189040531803,-3.4786328556217541],[119.49179851528936,-3.4789846389298873],[119.49167765270158,-3.4791786649633423],[119.49147135991541,-3.479466182718113],[119.49117954519988,-3.4798113218349727],[119.49093740363833,-3.4800415410842334],[119.49068130369926,-3.4803937596642527],[119.49051773590486,-3.4806381198533245],[119.49044001109769,-3.4809468202395237],[119.49034077360784,-3.4812197060245467],[119.49032005322795,-3.481485209274922],[119.49039207093733,-3.4817217687445918],[119.49057125815705,-3.4819867422942821],[119.49082172744079,-3.4822084791379666],[119.4911504674202,-3.4823295692541478],[119.49148629045999,-3.4824291170100992],[119.49179351685734,-3.4825143916258412],[119.49205073015719,-3.4825854506579503],[119.49229396529438,-3.4827713360282928],[119.4923659461316,-3.4829935468146687],[119.49239509046117,-3.4832158718149913],[119.49235136182597,-3.4834116038624074],[119.49232452515673,-3.483531727207378],[119.49219631510789,-3.4836468557177795],[119.4919110906244,-3.4837839249880744],[119.49159695113849,-3.4837847595589437],[119.49134890732626,-3.4837912157919391],[119.49128996845729,-3.4837927500353203],[119.49059714694079,-3.4836869762729066],[119.49017591258837,-3.4836880950294926],[119.48955448734978,-3.4835821297114649],[119.48919079881637,-3.4835339170566044],[119.48918309792168,-3.4835328963260395],[119.48868327091623,-3.4835127002508557],[119.48817636085039,-3.4835140447373192],[119.48777654385253,-3.4835151059373288],[119.48761272964384,-3.4836662001349623],[119.48753481597907,-3.4839031589036153],[119.48746396738829,-3.4841114014199661],[119.48725085414367,-3.4845209014184206],[119.48701624620287,-3.4849017607076576],[119.48673842403912,-3.4851392500762586],[119.48638965795647,-3.4855491098035145],[119.48599784672331,-3.4858801673357789],[119.48570606528278,-3.4862396560352522],[119.48554279606321,-3.4865988038916385],[119.48533661389365,-3.4869293685954403],[119.48509480957784,-3.4872887259938352],[119.48488906088153,-3.4877842983066785],[119.48469031970251,-3.4882296326913433],[119.48456985101791,-3.4885743185499223],[119.48446383084115,-3.4889835361612427],[119.48442208700976,-3.4893997558939986],[119.48433057199838,-3.48989502603456],[119.48432443232673,-3.4902752809794038],[119.48434417424426,-3.4906610226880161],[119.48435453713228,-3.4908634942548247],[119.48434890737622,-3.4914374541751272],[119.48432850715494,-3.4918249207834151],[119.48432217772643,-3.4921334332113361],[119.48431585009644,-3.4924419447399373],[119.48429982597622,-3.4924983223396566],[119.48420973639031,-3.4928152910927679],[119.48402531241834,-3.4932749363891276],[119.48390508924854,-3.4937128882391448],[119.48362001225382,-3.4939073522424451],[119.48337042520507,-3.4940228036094254],[119.48291367392699,-3.4940957602111098],[119.48238523768862,-3.494018262033137],[119.48238512887065,-3.4940182458453251],[119.48202060936364,-3.4938685527914117],[119.48119873333496,-3.4935622383065947],[119.48116096630565,-3.4935504886640842],[119.48074141638335,-3.4934199646596085],[119.48047263420472,-3.4933659073107037],[119.48024851325829,-3.4933208323904523],[119.47982005645054,-3.4932932708676958],[119.47925095107064,-3.4931896599748029],[119.47919860063496,-3.4931801289597502],[119.47877737707438,-3.4931884198096554],[119.47843474706599,-3.4932180245921245],[119.47819239236503,-3.4933693292310863],[119.47802863121638,-3.4935419469032922],[119.47787918727477,-3.4937288763865126],[119.47784433494814,-3.4940518139400183],[119.47785921692935,-3.4942813533017443],[119.47790985415645,-3.4945323208099239],[119.47806798285114,-3.4949336648567169],[119.47819003614131,-3.4951916182985201],[119.47844774496753,-3.4954492111121453],[119.47865547487038,-3.4957069361261688],[119.47898467530263,-3.4960002095419895],[119.47934953565266,-3.4962790407450939],[119.47974280468679,-3.496500401672165],[119.48008596439581,-3.4966716748578506],[119.48045067545831,-3.4968931113280064],[119.48078677009346,-3.4970930998666176],[119.48093706299517,-3.4972290126087842],[119.48102341859601,-3.4974870586807469],[119.48093126326728,-3.4977384057028189],[119.4808460390135,-3.4979108156315988],[119.4806750257319,-3.4980404079384471],[119.4805323249069,-3.4980766587107723],[119.48018963734194,-3.4980847427166282],[119.48013641276532,-3.4980848839102237],[119.47984692999194,-3.4980856528305821],[119.47936847267692,-3.4980510523141675],[119.47895292024111,-3.4980190211608715],[119.47891857603156,-3.4980163735567658],[119.47864730273091,-3.4980314425969254],[119.47836205306635,-3.4981613379753185],[119.47813401467306,-3.4983269526267122],[119.47798453295991,-3.4984995343260152],[119.47792794312011,-3.4987005660782415],[119.4779145486176,-3.4990377947583511],[119.47791685627794,-3.4990755060297261],[119.4779369300453,-3.4994036272755125],[119.47801610905628,-3.4996473453486487],[119.47822674466863,-3.5000000000998739],[119.47845355818527,-3.5003779662700936],[119.47864701135052,-3.5006357281562828],[119.4788405211732,-3.5009150126176678],[119.47901262982907,-3.5012015303263411],[119.47899904916687,-3.501467015590265],[119.47896904238746,-3.5015608301681027],[119.47891407042812,-3.5017326924098029],[119.47874313089085,-3.5018909820831254],[119.47853636146397,-3.5019991462435769],[119.47830805777073,-3.5020643219108933],[119.47804379198749,-3.5020291521236118],[119.47767197718008,-3.5018220841218408],[119.47746447120846,-3.501650451207297],[119.47722823459537,-3.5014143252108738],[119.47704913820724,-3.5011852211210339],[119.47689873109164,-3.5010062623290992],[119.4766484803431,-3.5008706130882956],[119.47619591810724,-3.5007283268507763],[119.4758607380827,-3.5007292171795825],[119.47562473619269,-3.5007298431077061],[119.47528858130306,-3.5007757876724099],[119.475267871715,-3.5007786178388756],[119.47522349017197,-3.5008074537009861],[119.474935248463,-3.5009947312217946],[119.47477843817444,-3.5011531333104244],[119.47465040978864,-3.50128246121659],[119.47431810040007,-3.5016181457607445],[119.47398541239693,-3.5018103443718473],[119.47397877719891,-3.501811785985069],[119.47416505917022,-3.5021488671764587],[119.47442677087884,-3.5026224411726616],[119.47447248431774,-3.5027051599151378],[119.47456375291495,-3.5029276279076385],[119.47504861879884,-3.5033668612915676],[119.47596701366683,-3.5042168033627377],[119.47622509031578,-3.5044971912922733],[119.4763605722826,-3.50457449431741],[119.4764767503018,-3.5046596160484],[119.47665071515848,-3.5048310915815364],[119.47695538838047,-3.5051693958508849],[119.47702285372179,-3.5052443102766233],[119.47740357361613,-3.5056301949774706],[119.47772389234387,-3.5059348196361952],[119.47788223058058,-3.5060933071603699],[119.47819243823051,-3.5064038043919936],[119.47846235085683,-3.5066684568837445],[119.47860320087705,-3.5068065621730398],[119.4788046634045,-3.5069872413680514],[119.47890799191032,-3.5070853403161664],[119.47908639312266,-3.5073152672857191],[119.47954440704882,-3.5078242637787298],[119.47956836318951,-3.5078508873085639],[119.47990933844528,-3.5081709892996855],[119.47992877369404,-3.5081889316738284],[119.48018055688726,-3.5084213776444244],[119.48060552522486,-3.5088692939826842],[119.48097868901539,-3.5092131533642714],[119.48100331065427,-3.50923584056153],[119.48162209997997,-3.5098388395907136],[119.48192374338612,-3.5101234336494826],[119.48203799325881,-3.5102312263899194],[119.48266937219387,-3.5108521417129168],[119.48291928839456,-3.5110921626730942],[119.48306720079074,-3.5112342186841943],[119.48372177144267,-3.5118548938881986],[119.48391959980972,-3.5120579356251937],[119.48410416767331,-3.5122473679216455],[119.48445177183191,-3.512612874884212],[119.48485999839022,-3.5130285757081765],[119.48509946267018,-3.5132623571719819],[119.48552256131723,-3.5136754139891195],[119.48591521791309,-3.5140497361064149],[119.48644550945278,-3.5145777847369004],[119.48668098434007,-3.5148122640746919],[119.48728805460007,-3.5154282735958873],[119.48754260410794,-3.5156865705787368],[119.48802320720529,-3.5161875046495652],[119.48849199500967,-3.5166874827410766],[119.48872894478507,-3.5169548673731583],[119.48887191540666,-3.5171162003522909],[119.48948534117562,-3.5177552972691046],[119.48966378015939,-3.5179412042231775],[119.48993769746687,-3.5182355892010264],[119.49007722638294,-3.5183801857969002],[119.49057496426326,-3.5190146008430929],[119.49088249822876,-3.519352903313802],[119.49091976073839,-3.5193961939791052],[119.49152179119778,-3.5200956111235087],[119.49171063263964,-3.5203340258945559],[119.49185531197315,-3.5205166835980322],[119.49230623024835,-3.5210524322239394],[119.49264234286989,-3.5214786740015711],[119.49295055582354,-3.5218375205850521],[119.49319614538581,-3.5221234555330057],[119.49354281424951,-3.5226428643766212],[119.49386332633151,-3.5230999798801008],[119.49392945977684,-3.5231943007763107],[119.49406646789328,-3.5233596141547991],[119.49423702341994,-3.5235429571417285],[119.49454184323156,-3.5238294883401409],[119.49494089130917,-3.5242779038021581],[119.49511559091184,-3.5244858612334724],[119.49523816221154,-3.5246317636449476],[119.49562556946455,-3.525143242266779],[119.49589099177592,-3.5254936693972923],[119.49647815824051,-3.5263334311428594],[119.49664630987934,-3.5265814983374071],[119.49672467500386,-3.526704888020106],[119.49695767315814,-3.5271132836510901],[119.49703558142699,-3.5272484148824219],[119.49729944521334,-3.5277060816702601],[119.49738038239877,-3.5278464658416624],[119.49755644537368,-3.5281618176137499],[119.49763675303382,-3.5283221037819885],[119.49783336731616,-3.5286141028585121],[119.49802357662679,-3.5288781905759947],[119.49825447666285,-3.529124649782716],[119.49839086514635,-3.5292504523464459],[119.49850107526447,-3.529371067620616],[119.4986846008137,-3.5296254957199835],[119.49875843425446,-3.5297278538573096],[119.4988279374594,-3.5298305276566566],[119.49909653257896,-3.5302273166373084],[119.49944148014026,-3.5307130161926921],[119.49972674599258,-3.53118039565868],[119.49999999600311,-3.5315699567880188],[119.50008959006254,-3.5317115523462235],[119.50025816078551,-3.5319169170320492],[119.50028975127111,-3.5319554017203814],[119.50044842675356,-3.5321248133094514],[119.50048202362655,-3.5321606818699252],[119.50065801195774,-3.5323137752604907],[119.50099221621781,-3.5326413263360905],[119.5012648079246,-3.5328686137954151],[119.50147941674174,-3.5330358247434788],[119.5016961092881,-3.5331815194115279],[119.50171450312189,-3.5331940487662905],[119.50176696507344,-3.5332297851264229],[119.50180364302378,-3.5332547691921832],[119.50188550830967,-3.5333105343536317],[119.50196972532262,-3.5333679012076118],[119.50212228811313,-3.5334718250646233],[119.50246543882895,-3.5336558974016725],[119.50271641982692,-3.5338101032536429],[119.50273712671708,-3.533824435749068],[119.50279882290738,-3.5338671418550689],[119.50288204796823,-3.533930279658648],[119.50296067029876,-3.5340108939874995],[119.50307357028908,-3.5341563152616686],[119.50317016736938,-3.5342943459073126],[119.5032084856831,-3.5343540797769037],[119.50333267935969,-3.5345476813303662],[119.50337885325155,-3.5346531331355209],[119.50345774088214,-3.5348120298512526],[119.50354697521277,-3.5349649496726556],[119.50369142162185,-3.5351883997248024],[119.50387231035893,-3.5354875690960057],[119.50406622577577,-3.5358007930720987],[119.50422383646094,-3.5360553731568984],[119.50431234324014,-3.5361874898607084],[119.50453422307601,-3.5365186975797656],[119.50466347543909,-3.5366943180882799],[119.50474141698282,-3.5368002222523955],[119.50492472759413,-3.537052257255823],[119.50507758086576,-3.5372787623049931],[119.50508609474753,-3.537290334781062],[119.50522633232947,-3.5374809613772413],[119.50535188757965,-3.5376821981748776],[119.50536265336382,-3.5376994516682885],[119.50547932780876,-3.5379179977173862],[119.50553002079391,-3.5380375580867849],[119.50564673031238,-3.5382686613695569],[119.50568772860584,-3.5383348379823474],[119.505754355779,-3.5384423816105937],[119.50577212188603,-3.5384562707402551],[119.5057722334019,-3.5384563579744963],[119.50579552044701,-3.5384745620513627],[119.50585096724842,-3.5385049078751649],[119.50597370762057,-3.5385406622217488],[119.50602812110094,-3.5387756883473003],[119.50599716823479,-3.5388035988069646],[119.50595954779499,-3.5388248497869199],[119.50594789617855,-3.5388305739717794],[119.50592081399441,-3.5388438785421386],[119.50587102213001,-3.5388718411625177],[119.50583452764135,-3.538899767809994],[119.50582280317985,-3.5389178873505784],[119.50581576688421,-3.5389287601541355],[119.50581361030993,-3.5389510273679434],[119.50581473626119,-3.538957703934841],[119.50583693782448,-3.5389721137719903],[119.50587797568812,-3.5389853589870768],[119.50592602916299,-3.5389997733208247],[119.5059478467158,-3.5390063176873809],[119.50600555621156,-3.5390384423701562],[119.50605776635291,-3.5390850506345259],[119.5061605138967,-3.5392094502558962],[119.50631257936209,-3.5394416866844267],[119.50642451527926,-3.5396583729354916],[119.50657049683105,-3.5399386745301626],[119.50657226579744,-3.5399420721688557],[119.50667303033617,-3.540131079985315],[119.5067739954236,-3.5403204646177073],[119.50690152108837,-3.5405371077013115],[119.50714126325875,-3.5409622037426516],[119.50717085994734,-3.5410165713576589],[119.50718834726445,-3.5410486942417947],[119.5072956957398,-3.5412458849895643],[119.50733759065736,-3.5413155779515364],[119.50753795061598,-3.5416488810909641],[119.50776388999157,-3.5420218479299024],[119.50779332120487,-3.5420801896489706],[119.50795272423886,-3.5423961799397148],[119.50803176835154,-3.5425539048387691],[119.50811841803068,-3.5427268066967486],[119.50831534707572,-3.5430941698600122],[119.50835365999353,-3.5431656416809574],[119.50851477443734,-3.5434493040420989],[119.50851552986785,-3.5434507600444931],[119.50864057790045,-3.5436916002871044],[119.50873016746334,-3.5438663178762226],[119.50873908693939,-3.5438837143618684],[119.50881072063828,-3.5440199760409996],[119.50886932495939,-3.5441774608211176],[119.50894777192218,-3.5443629199127713],[119.50905091696632,-3.5446221306067969],[119.50921666741533,-3.5449728895871431],[119.50948146469796,-3.5455169065799055],[119.50958140275964,-3.5457279037197509],[119.5095966363757,-3.545760064375429],[119.5096158548879,-3.5458006408867959],[119.50975691534939,-3.5460798821807771],[119.50985440185923,-3.5463115610296541],[119.50996347613363,-3.546570777119598],[119.51008686401758,-3.5469037547044877],[119.51023529082602,-3.5473027524200234],[119.51033627479933,-3.5475865757597944],[119.5104620252024,-3.5479687606497237],[119.51051809523392,-3.5482465747195988],[119.51055378572869,-3.5484451081551924],[119.51055928957965,-3.5485059958549527],[119.51056266203727,-3.5485432943374917],[119.51055188636053,-3.5486205676850204],[119.51051682539128,-3.5486559757925988],[119.51038954793933,-3.5487159120096976],[119.51021394541726,-3.5487803942996834],[119.51012584603109,-3.5488188241293983],[119.50991289016781,-3.5489117178015022],[119.50985945335117,-3.5489407083469473],[119.50981526066585,-3.5489527457725671],[119.5097677998441,-3.548952876174269],[119.50974989883878,-3.5489566731119453],[119.50974192904687,-3.5489583638373574],[119.50972363773576,-3.5489757486318467],[119.50972261880383,-3.5489974195951959],[119.50972704077037,-3.5490374960835425],[119.50975314539141,-3.54911759959748],[119.50979108688921,-3.5491879193868954],[119.50981378307972,-3.5492041089823942],[119.50984507139299,-3.5492072745959717],[119.50986230779938,-3.5491996438484534],[119.50989678241069,-3.5491832977709237],[119.50994851501207,-3.5491679877123943],[119.51001754427432,-3.549166716970376],[119.51012220737402,-3.5491794333840971],[119.51027389692285,-3.5491985053067197],[119.51037929746667,-3.5492251621114974],[119.51046463143769,-3.5492949036368486],[119.51056319443592,-3.5494864151658589],[119.51064430069403,-3.549714669396451],[119.51080002729952,-3.5501529189220378],[119.51096120019929,-3.5505982389175301],[119.51109856264861,-3.5510531375921914],[119.51117524604081,-3.5513070836549332],[119.51127842795711,-3.5515831530400419],[119.51142999519823,-3.5519886807329613],[119.51165407477583,-3.5527097382637862],[119.5118359320827,-3.5534159416923217],[119.51188380659244,-3.5536018549416326],[119.51196965227768,-3.5538965106154023],[119.51206885919055,-3.5542370272169705],[119.51217933370935,-3.5546830432877528],[119.5121889609519,-3.5547219101879364],[119.51233992025118,-3.5553687457709771],[119.5123888388739,-3.5555645956295621],[119.51250242684557,-3.5560193504126687],[119.51251859215938,-3.5560893050773075],[119.51263690426981,-3.5566012990107083],[119.51268435519887,-3.5568603451287686],[119.51269727126214,-3.5570197499614551],[119.5126974223482,-3.5570752848964275],[119.51270835090975,-3.5571594542453795],[119.51272094681428,-3.5572006234099831],[119.512737114826,-3.5572435741315758],[119.51277830737308,-3.5573061633486986],[119.51277838831209,-3.5573063611995508],[119.51282498938178,-3.5574206893132896],[119.51289599625329,-3.5577226447841781],[119.51292256582383,-3.5578356311094126],[119.51301086575893,-3.5581703920499308],[119.51312290509804,-3.558656636594435],[119.51322015328753,-3.5590021228496198],[119.51329965245702,-3.5593505031231985],[119.51335030317398,-3.5595049832683117],[119.5133554032293,-3.5595205388417526],[119.51342396934081,-3.559755717852056],[119.51345118282586,-3.559925831811654],[119.51347304174749,-3.5600941687108616],[119.51349368928243,-3.560268456424069],[119.51352787341273,-3.5605570039025451],[119.51354104398411,-3.560809564110059],[119.51359389624133,-3.5612809122842464],[119.51357118386306,-3.5616393595687441],[119.51354927637806,-3.561985105728013],[119.51352223736137,-3.5622591723229107],[119.51351260382364,-3.5623568054222119],[119.51351090320566,-3.5623740463251465],[119.51347229620956,-3.5626801206909704],[119.51343347877207,-3.5629878650978526],[119.5133792631425,-3.5632294733614458],[119.51335910663749,-3.5633192967480909],[119.51332700893443,-3.5634310941696299],[119.51326396825755,-3.5636506672444739],[119.5132277255791,-3.5637768978854751],[119.51306575588001,-3.5641948047464211],[119.51291389815799,-3.56458662227476],[119.51290026083848,-3.5646192901480731],[119.5127168593956,-3.56505864494045],[119.51267864720182,-3.5651501851328931],[119.51255636008796,-3.5654421644243257],[119.51244422362208,-3.5657653600832759],[119.51235968465176,-3.5660783898057957],[119.51233343434058,-3.5661876979038993],[119.51225273907266,-3.5665237044053697],[119.51223737865212,-3.5666212781493982],[119.51219993358018,-3.5668591362401116],[119.51218361178428,-3.56696281997813],[119.51210693828466,-3.567451159043685],[119.51200013839571,-3.5679620827838221],[119.511870886932,-3.5684568618946173],[119.5118307591822,-3.5685707295554607],[119.51166112815861,-3.5690520772914738],[119.51165460897312,-3.5690646606055338],[119.51149623746142,-3.5693703725445971],[119.51133747564404,-3.5697093387149721],[119.51129698816555,-3.5697957833486953],[119.51126624484141,-3.5698614212675466],[119.51114136498211,-3.5701165427441879],[119.51108664932951,-3.5703518296731431],[119.51104702340149,-3.5705052306318521],[119.51095492922661,-3.5708617497699038],[119.51084038797364,-3.5713655886509628],[119.51083223741784,-3.5714071148464086],[119.51078093739045,-3.5716684605309865],[119.5107287119605,-3.5719445703855399],[119.51068387715929,-3.5720809121043544],[119.51068237529148,-3.5720834580851033],[119.51060637898127,-3.5722122976593482],[119.51056902294215,-3.5723284388063803],[119.51056926306114,-3.572416728848907],[119.510586718902,-3.5725039792751545],[119.51062273135403,-3.5726839740860896],[119.51069353767673,-3.5728628816166292],[119.51078226389041,-3.573016305957708],[119.51090036376081,-3.5731364661749012],[119.51102708633107,-3.5732193620838189],[119.51109995300044,-3.573256325119246],[119.51115594209307,-3.5732847257094704],[119.51128584646472,-3.5733759817161399],[119.51123874357324,-3.573853170986979],[119.51119496637466,-3.5742966797479312],[119.51114339744993,-3.5748191247027989],[119.51114290731937,-3.5748240853632183],[119.51113274587954,-3.5749270217646085],[119.51112501890452,-3.5750053068493912],[119.51111948987261,-3.5750613166264316],[119.51111513085868,-3.5751054760368675],[119.511069719592,-3.5752246658855711],[119.51105803829785,-3.575255328270714],[119.51105498779748,-3.5752941717885278],[119.51105071601785,-3.5753485645845444],[119.51104177136074,-3.5755355012623227],[119.51106673294339,-3.5756609890633513],[119.51112025789359,-3.5758415666349492],[119.51122532478894,-3.5761520458801783],[119.51132079681736,-3.5764352378958506],[119.51137326596347,-3.5765552865971699],[119.5114059050585,-3.5766299636018744],[119.51145272916017,-3.5767370980386204],[119.51152952586699,-3.5769515998364341],[119.51155103315375,-3.5770116700524568],[119.5116424708234,-3.5773866378829666],[119.51164372807568,-3.5773913152569321],[119.51174620402412,-3.5777725621539958],[119.51181334920682,-3.5779635718612894],[119.51183699328271,-3.578024604351981],[119.51186606746512,-3.5780996527767002],[119.51190938331149,-3.5782787788425026],[119.51194560440615,-3.5785067920547817],[119.51195051830189,-3.5785430509210414],[119.51197959877948,-3.578757640852416],[119.51201946572587,-3.5789599019778393],[119.51205155713376,-3.579112933315173],[119.51207045818512,-3.5793188447888156],[119.51207134042011,-3.5793571019486308],[119.51207423983442,-3.5794829368879846],[119.51207840729273,-3.5795578567096982],[119.51208817123222,-3.5797334052724068],[119.51208353432776,-3.5798673781769139],[119.51208215926431,-3.5799745512844652],[119.51206230403216,-3.5800298640868959],[119.51205565894156,-3.5800382547615754],[119.51203200497309,-3.5800469682928906],[119.51201901786339,-3.5800517517868684],[119.51195406882528,-3.5800770479173707],[119.51191912206991,-3.5801005876719501],[119.51190585886832,-3.5801274171465138],[119.51190431473242,-3.580172632361041],[119.51191486467928,-3.5804096657734021],[119.51191510929493,-3.580499242745816],[119.51191515695893,-3.5805168325857153],[119.51189369463839,-3.5805939197735484],[119.5118373593067,-3.5807213384189822],[119.5118142701125,-3.5808135000429502],[119.51181441220547,-3.5808654089114498],[119.5118245790411,-3.580925662589209],[119.51184635072855,-3.5809624421629564],[119.51191263346129,-3.581064087137861],[119.51192188388791,-3.5810782730438291],[119.51196874216373,-3.5811434496104653],[119.51199888294218,-3.5811919266660084],[119.5120123161156,-3.5812270559837884],[119.51201574163326,-3.5812605368442405],[119.51201587922947,-3.5813107720744028],[119.51200268797368,-3.581364392352782],[119.51198815403018,-3.5814727516661264],[119.51197525775206,-3.5815689008840081],[119.51195529999711,-3.5817177009110992],[119.51191838372654,-3.5818852787825222],[119.51191227643051,-3.581913004881244],[119.51188542807006,-3.5820136417161734],[119.51182824018122,-3.5821525707844444],[119.51178561501422,-3.5822144009737826],[119.51177730437917,-3.5822264563857971],[119.51172973563882,-3.5822954568698151],[119.51165437425004,-3.5824046993173511],[119.51159542279061,-3.5825006803620454],[119.5115743426818,-3.582611425576772],[119.51155043690324,-3.5829411143408834],[119.5115415408095,-3.5831202413060623],[119.5115395227308,-3.5831608672801281],[119.51153755681287,-3.5832118291625648],[119.51153615117255,-3.5832482831816606],[119.51151680405735,-3.5833884641062923],[119.5114917102743,-3.5834876125632036],[119.51147316625372,-3.5835746588433608],[119.51146680714749,-3.5836072619655397],[119.51144464425499,-3.5837208877087505],[119.51143579312736,-3.5837889942666266],[119.51142890342123,-3.5839181728853191],[119.51142390229131,-3.5840454305521234],[119.51141354210131,-3.5841823730180522],[119.51141161935084,-3.5842077977516169],[119.51137533260555,-3.5844563487814298],[119.51136037867855,-3.5845727066650284],[119.51135638389007,-3.5846157113459753],[119.51134611812893,-3.5847262200389878],[119.51134008457734,-3.5847911663792047],[119.51133930666379,-3.5847995399667525],[119.51132189219163,-3.5849465827185441],[119.51131340528946,-3.5851169925551289],[119.51132101085602,-3.5853709943758645],[119.51132279780893,-3.5854306760847976],[119.51132373760049,-3.5854620516323052],[119.51132436892453,-3.5854831056607281],[119.51131508792105,-3.5857615276723322],[119.51132403617544,-3.5861212870676695],[119.51131977968419,-3.5862542949996623],[119.5113184837611,-3.5862947959680014],[119.51131674267356,-3.5863642721933502],[119.51131649625938,-3.5863741260650386],[119.51131451325421,-3.5864532241369602],[119.51131440083896,-3.5864576757810482],[119.51131393319156,-3.5864763538006628],[119.51131381987693,-3.5864808773905565],[119.51131342867188,-3.5864964563463104],[119.51131322362642,-3.5865046500695144],[119.51131313009694,-3.5865084137322469],[119.51131263187256,-3.5865282689644005],[119.51130394442157,-3.5868748766741874],[119.51130074913033,-3.5869242260721421],[119.51128852734371,-3.587112968588599],[119.51129327846206,-3.5873940103252835],[119.51129977696314,-3.5875674841520322],[119.51131248888032,-3.5877445417771128],[119.51131850624415,-3.5878283549945422],[119.51133312202603,-3.5880320667264414],[119.51134409915096,-3.5882262672283787],[119.51134910387805,-3.5883148117790711],[119.51136536541935,-3.5886497795636387],[119.51136675037526,-3.5886783159514835],[119.51136540768744,-3.589010708977014],[119.51136674857662,-3.5890609936698752],[119.51137544592018,-3.5893870932397363],[119.51138286712569,-3.5896312771616863],[119.51137886694119,-3.58990616663624],[119.51137715193408,-3.5900240380788659],[119.51137778865404,-3.590256932811144],[119.51137431906966,-3.5906345545409977],[119.51137003469944,-3.5906972184018855],[119.51135483705616,-3.5909195128252236],[119.51134848334584,-3.5910231300134114],[119.51133838395936,-3.5911878273562934],[119.5113152812753,-3.5913909500322916],[119.51130800306191,-3.5914549331985768],[119.51129200412277,-3.5915914736675063],[119.51128036689545,-3.5916907822037842],[119.51123876066038,-3.5920590977491429],[119.51123087540464,-3.5922778497429135],[119.51123726238984,-3.5925448530624635],[119.5112069507403,-3.5928439450919427],[119.51117325943846,-3.5931231980770804],[119.5111654677122,-3.5931877783932009],[119.51108166438735,-3.5936064182016025],[119.51106823481121,-3.5936675819932589],[119.51103729993156,-3.5938084832748132],[119.51102300340892,-3.5938736013855532],[119.51097856700733,-3.5942212109400771],[119.51090907459422,-3.594664545232547],[119.51090068212079,-3.5949884720403134],[119.51086895583774,-3.5952210969759903],[119.51079001424785,-3.5954838572941412],[119.51076838465326,-3.5955703540885224],[119.51071351701523,-3.595789782372492],[119.51069049706882,-3.595864337069429],[119.510637020682,-3.5960375330056991],[119.51059434065633,-3.5961456090325896],[119.51054162959258,-3.5962700850963074],[119.51053195108875,-3.5962929422654497],[119.51051457169024,-3.5963157652603286],[119.51048146584708,-3.596328120146552],[119.51044658024557,-3.5963282163740473],[119.51041690891327,-3.5963212906949593],[119.51036455937697,-3.5963126751897789],[119.51035108213682,-3.5963100060019428],[119.51031220264611,-3.5963023078052174],[119.51028952893864,-3.596302370757769],[119.51026338474742,-3.5963094511202485],[119.51025293822261,-3.5963164883152103],[119.51023340764573,-3.5963427925857445],[119.51023208384368,-3.596344575941373],[119.51014342597841,-3.5965206065407074],[119.51010848731687,-3.5966189339166021],[119.51010111737276,-3.596639675880283],[119.51009823234756,-3.5966477940604022],[119.51008111285319,-3.5966959698430969],[119.50998669662886,-3.5968983406858115],[119.50995800825558,-3.5969598318307021],[119.50991955684219,-3.5970422466023706],[119.50987374807505,-3.5971202259176493],[119.5098205963435,-3.5972107040107062],[119.50975119206396,-3.5972909217385904],[119.50972600744933,-3.597320030994581],[119.50965296091545,-3.5973973178319056],[119.50963087086802,-3.5974256347851679],[119.50955892420507,-3.5975178638582861],[119.50949854012561,-3.5975886099263334],[119.5094308796314,-3.5976569431134067],[119.50935823329587,-3.5976741813183821],[119.50929523218929,-3.5976743548875447],[119.50922496815781,-3.5976769818072398],[119.50914016658544,-3.5976796500957562],[119.50902146686724,-3.5976921470748948],[119.5089681919286,-3.5977044641896327],[119.50883276392096,-3.5978021890197738],[119.5088274372365,-3.5978072953703304],[119.50864336939605,-3.597983751348977],[119.50848625873391,-3.5981277795733035],[119.50830004601039,-3.598262150877531],[119.5080307889898,-3.5984413983517811],[119.50785665146338,-3.5985611349883584],[119.50774146719505,-3.5986486875868309],[119.5077018871325,-3.5986787726072293],[119.50761242167596,-3.598746776642372],[119.50745276323448,-3.598844569820983],[119.50726644259237,-3.5989400022792211],[119.50724429408899,-3.5989489999963098],[119.50688542322382,-3.599094791791174],[119.50672920289048,-3.5991555140157061],[119.5066457871734,-3.5991879381727472],[119.50648557205159,-3.5992501487752975],[119.50631425300048,-3.5993125230544365],[119.50612954304404,-3.5993776240780448],[119.50595551523486,-3.5994292397675736],[119.505724657467,-3.5995027701366666],[119.50569198869437,-3.5995090159282768],[119.50559610657513,-3.5995273468095661],[119.5054380597187,-3.5995439312073927],[119.50525318788436,-3.5995498235654395],[119.50509775895443,-3.599578743963832],[119.50501872833172,-3.5995975793647403],[119.50495592957259,-3.5996125449829037],[119.50468976621983,-3.5996971478051023],[119.50449436692156,-3.5997730442904867],[119.50437042685382,-3.5998089811994873],[119.50426008273666,-3.5998409763798804],[119.50419449787785,-3.599859992544566],[119.50403112793424,-3.5998900487866763],[119.50385427985123,-3.5998905362192204],[119.50357387843178,-3.5998721091104926],[119.50343447632008,-3.5998482716803437],[119.50327355163313,-3.599792198051432],[119.5031178529066,-3.5996876662527484],[119.50305376182166,-3.5996313120353989],[119.50295988608991,-3.5995487686607248],[119.50280297417794,-3.5994108000683127],[119.50264176170799,-3.5992497647648065],[119.50249408043749,-3.5991371372689969],[119.50233034267126,-3.5990326261547239],[119.50225067442909,-3.5989943330220058],[119.50210764804956,-3.5989255879454731],[119.50183294113742,-3.5988613457744236],[119.50162122903657,-3.5988511645495578],[119.50133457193306,-3.5988707940518339],[119.50100514577093,-3.5989282193617669],[119.50070981740419,-3.5989949913257533],[119.50066773183039,-3.5990045061529941],[119.50052214867833,-3.5990212101606858],[119.50030254682508,-3.5990464073657336],[119.50013647621745,-3.5990683939911605],[119.49999999690237,-3.599084627653383],[119.49995735824552,-3.5990949509711641],[119.49970146245255,-3.59915690256895],[119.49949486929279,-3.5992446035555758],[119.49942647495197,-3.5992736381678014],[119.4992196479684,-3.5993614389792015],[119.49881338912667,-3.5995199993484448],[119.49848684079518,-3.5996482327796571],[119.49810434923643,-3.5997984366484843],[119.4980517451919,-3.5998190940758832],[119.49774090172127,-3.5999528169688801],[119.49768891011513,-3.5999712593661002],[119.49744563990441,-3.6000943136016303],[119.49699433941726,-3.6002878836788454],[119.49698714304225,-3.6002909701521162],[119.49670183492185,-3.600463464617178],[119.4965029687371,-3.6005836976794399],[119.49632854432696,-3.6007363989655801],[119.49603726830537,-3.6009913990337736],[119.49584331871426,-3.6011993609616866],[119.49562819908215,-3.6014300253753504],[119.49558959568333,-3.6014714166724957],[119.49553302562867,-3.6015320750451565],[119.49533352542187,-3.6017645983574766],[119.49487881200764,-3.6022945769331045],[119.49484514228959,-3.6023399342405469],[119.49480301624624,-3.6023966805623218],[119.49462379844965,-3.6026381035655959],[119.49455323674249,-3.6027331556106219],[119.49425117335306,-3.6032341967007824],[119.49414547873096,-3.6034079520153455],[119.49383288967613,-3.6039218327263711],[119.49381674144956,-3.6039483807131774],[119.49377291388896,-3.6040593291746745],[119.49358493309819,-3.6045352027373951],[119.49349988331301,-3.6047308322620779],[119.49346914628416,-3.6048715995446514],[119.49343862059595,-3.6050905260069044],[119.49340040210689,-3.605340736285882],[119.49338351283893,-3.6053908707920073],[119.49329235216044,-3.6056614821915787],[119.49326926296612,-3.6057219777869705],[119.49311064593962,-3.6061375670950042],[119.49306797220925,-3.60624937530838],[119.49296680657289,-3.6065144360923114],[119.49295481141553,-3.6065458655991733],[119.49293699674502,-3.6065925386147342],[119.49290088896487,-3.6066900871777534],[119.49273250979752,-3.6071449750605211],[119.49270477740356,-3.6072198957814976],[119.49261659887702,-3.6074768302914322],[119.49258127260771,-3.6075797621962238],[119.49243421636606,-3.6078615350817245],[119.49242412327476,-3.607883858053583],[119.49217834395552,-3.6084274658548452],[119.49215820363827,-3.6084702546984317],[119.49193886528644,-3.6089362492085115],[119.49186892321234,-3.6090848441901358],[119.49167021081166,-3.6095886021322485],[119.49159007672074,-3.6097917490898794],[119.49152568706086,-3.6099165588021265],[119.49140433074535,-3.6101517872751288],[119.4912183707313,-3.6104336680792812],[119.49110617131282,-3.6105790515819081],[119.49086304679224,-3.6108940831953191],[119.49086173558067,-3.6108957820146657],[119.49082665122899,-3.6109558009694069],[119.49076106097425,-3.6110680066831264],[119.49068387665966,-3.6112948777563361],[119.49055597507822,-3.611712271104409],[119.49047441286393,-3.6119784407524094],[119.49043719172312,-3.6120726663204437],[119.4903507812636,-3.6122914138176725],[119.49017283600767,-3.6126592473263486],[119.49017168127818,-3.6126610810439956],[119.48995380432473,-3.6130071095903986],[119.48984747028464,-3.6131759869821849],[119.48959539481166,-3.6137705036057923],[119.48945248894131,-3.6141075479249594],[119.48935709785189,-3.6143325268246258],[119.48928461069625,-3.6145184859392998],[119.48908948209396,-3.6149304923483214],[119.48906132432069,-3.6149899447300982],[119.48897512879921,-3.6151424427694678],[119.48890635224643,-3.6152641228409266],[119.48889327970119,-3.6152913273328409],[119.48873699371734,-3.6156165563589298],[119.48861604569402,-3.6158759756957011],[119.4885377947835,-3.6160250437207537],[119.4884454703822,-3.6162009232339756],[119.48838225433758,-3.6163213496504909],[119.48809941935281,-3.6168654925484134],[119.48791909359136,-3.6171701585759024],[119.48780589862338,-3.6173614084022461],[119.48757311360839,-3.6177547080133081],[119.48743495435974,-3.6179501432844177],[119.48730591873323,-3.6182111742062943],[119.48718667672381,-3.6184523939627411],[119.4868690739487,-3.6189618005466286],[119.48673775224552,-3.6191223861891331],[119.48669258379573,-3.6192300791047955],[119.48660879575937,-3.6194298518061601],[119.48657331660536,-3.619514443836465],[119.48648264246003,-3.6197730690718117],[119.48641834183309,-3.6199741062199564],[119.48637784086475,-3.6201007343613583],[119.4863730924443,-3.6201117681435449],[119.48628062684952,-3.6203266215762824],[119.48612337319514,-3.6206920197208774],[119.48595939710856,-3.6210158062344249],[119.48587453618097,-3.6211676540639246],[119.48582626327152,-3.6212540321478173],[119.48574087084455,-3.621426533807437],[119.48572058573654,-3.6214756817572606],[119.48549687038428,-3.6220177166442795],[119.48539432338941,-3.6222251605626639],[119.48533990001647,-3.6223068208030895],[119.48529057130293,-3.6223808377054638],[119.4852329508401,-3.6224672949296632],[119.48517063231884,-3.6226006679863758],[119.48510602862041,-3.6227389288584391],[119.48503268531022,-3.6230091733346512],[119.4849658440985,-3.6231545037773003],[119.48480327095422,-3.6235079814081814],[119.48477048257178,-3.6235632177682646],[119.48464197844464,-3.6237797088664365],[119.48454919808705,-3.6239673973774416],[119.48441746089713,-3.6242735706687199],[119.4843926908701,-3.6243293628098172],[119.48426617784185,-3.6246143255905849],[119.48421649029888,-3.6247066374013457],[119.48405859992454,-3.6249999665751602],[119.4837870172571,-3.6255190930316985],[119.48377571367826,-3.62554069834448],[119.48374238929989,-3.6256086700040555],[119.48366680218123,-3.625762839883123],[119.48342217129618,-3.6262618026400446],[119.4834068990092,-3.6262926925536476],[119.48317176046839,-3.62676830980962],[119.48312164304946,-3.6268696822899642],[119.48310111422506,-3.6269123110542409],[119.48266737569884,-3.6278129631976412],[119.48253477695846,-3.6280205015448814],[119.48241741363279,-3.6282041925693989],[119.4822900687318,-3.6284035084151469],[119.48215506430483,-3.6285993636696503],[119.48202116604409,-3.628822946821515],[119.48188151661873,-3.6290817923907639],[119.48186526137283,-3.6291112361945466],[119.48175477426344,-3.6293113587321955],[119.48174185280436,-3.629334761789778],[119.48163038363532,-3.6294698669407808],[119.48162527368754,-3.6294760596723563],[119.48145031058345,-3.6296527656625699],[119.48133950241618,-3.6297646781973185],[119.48123442832627,-3.6298354566409898],[119.48107667285024,-3.6298887567606926],[119.48106180435889,-3.6298917856773301],[119.48105240734276,-3.6298937012332999],[119.48084287519862,-3.6299363947487677],[119.48077284229294,-3.6299894538501576],[119.480702903816,-3.6300777582818569],[119.48068560085983,-3.6301659170234188],[119.48071865094505,-3.6303018099804945],[119.48072700294892,-3.6303361523914646],[119.48075009394177,-3.6305011626984651],[119.48075019916246,-3.6305397130372512],[119.48075043028814,-3.6306245173075808],[119.48067472625769,-3.6307422070871667],[119.48057971288347,-3.6308043313547387],[119.4805754842713,-3.6308070958707503],[119.48047616134579,-3.63084261369562],[119.48021892286511,-3.6308726924207804],[119.48007279922035,-3.6309024662757565],[119.47996182917518,-3.6309556377923968],[119.47986849933181,-3.6310440069752872],[119.4798453957485,-3.6311498041201276],[119.47986917202468,-3.6312907170928952],[119.47988342717849,-3.6313130805341984],[119.47995139973739,-3.6314197203437857],[119.48000145959975,-3.631484889715864],[119.48017759092318,-3.6317141871599574],[119.48025190190378,-3.6318569545347827],[119.48027010328269,-3.6319904247182535],[119.47988787882264,-3.6324316240201711],[119.47985848987742,-3.6324655482463868],[119.47976021196428,-3.6324789850170873],[119.4797243838733,-3.6324727733997406],[119.47964470933596,-3.6324589589137872],[119.47950491422046,-3.6323900591538631],[119.47940711025001,-3.6323350440270019],[119.4793253717686,-3.6323120852345028],[119.47923297722014,-3.6322873718646633],[119.4791672430739,-3.6322732866827891],[119.47913321002966,-3.6322593570836261],[119.47906770341183,-3.6322325428974978],[119.47899837377599,-3.6322024156089583],[119.47896995160204,-3.6321971446824364],[119.47893266481071,-3.6321972472051698],[119.47890426242179,-3.6321991088017853],[119.47888121819369,-3.6322134385992513],[119.47885998699883,-3.6322402491881007],[119.47884232161596,-3.6322741833068903],[119.47883009443342,-3.6323473341620911],[119.47881248480837,-3.632400884293304],[119.47877351538546,-3.6324348768680466],[119.47873979620465,-3.6324403195650348],[119.47862605984483,-3.6324031829605019],[119.47856491493894,-3.6323622808944833],[119.47853108694017,-3.6323284906672484],[119.47850619010865,-3.6323142930701238],[119.47848488516934,-3.6323143524253965],[119.47847247632376,-3.6323215191227405],[119.47845834527652,-3.6323483090271793],[119.47845843700736,-3.6323821927839504],[119.47847096816076,-3.6324196099769779],[119.47848177711239,-3.6324766485784039],[119.47847832191712,-3.6325123255833205],[119.47846782233216,-3.6325676401843907],[119.47844661631837,-3.6326051500076346],[119.47838339487782,-3.6326649378365801],[119.478314355723,-3.6326987271644953],[119.47825201202079,-3.6327347369185077],[119.47822085410917,-3.6327572226676352],[119.47818084686867,-3.6328066116357718],[119.4781456932692,-3.6328627050497744],[119.47813865967146,-3.6328739258909195],[119.47810763306086,-3.6329456899915726],[119.47789401619593,-3.6332983510380359],[119.4777033779086,-3.6333949481183367],[119.47748134698668,-3.6335074524069455],[119.47738274172025,-3.6335574160418673],[119.47711939774206,-3.633690853849771],[119.47711224903117,-3.6336944772182846],[119.47708874974603,-3.6337063842422026],[119.47687737758895,-3.6338134872026444],[119.47640743505519,-3.6340516096939837],[119.47639312774072,-3.6340588591289702],[119.47639195322608,-3.6340584067700092],[119.47637273021735,-3.6340510206380259],[119.47635026065609,-3.634042387146394],[119.47619940657739,-3.6339844195452997],[119.47613240888359,-3.6339486616013801],[119.4759613110657,-3.633857345340175],[119.47579050282945,-3.6337520275340012],[119.47567885289675,-3.6336831871293498],[119.47555982042945,-3.6336252033403866],[119.47549066166482,-3.6336087322571302],[119.47545195934049,-3.6336088392764623],[119.47542876132832,-3.633618233594575],[119.47541053746636,-3.6336256143305832],[119.47540219175778,-3.6336352469690496],[119.47539124700847,-3.6336478806451282],[119.47539135312854,-3.6336867556391894],[119.47541353670545,-3.6337116839470127],[119.47544405160181,-3.6337504762034882],[119.47544560563028,-3.6337520275340012],[119.47552167118829,-3.6338280112536836],[119.47553283537206,-3.6338668556708171],[119.4755329333982,-3.633902951759751],[119.47552209476896,-3.633983508532026],[119.47548201468328,-3.6340510206380259],[119.47547256011057,-3.6340669467321618],[119.47529371733128,-3.63423191926762],[119.47525812576191,-3.634264597033507],[119.47506244227793,-3.6344442653904707],[119.47492467873099,-3.6345286460801276],[119.47492356087366,-3.6345293313635239],[119.47478450590029,-3.6345508854149671],[119.47472551217265,-3.6345595162086397],[119.47466652024377,-3.6345681470023123],[119.47456553087466,-3.6346361708226027],[119.47454110528781,-3.6346731923139259],[119.47453194479351,-3.6346870742490296],[119.47450596877547,-3.6347891967639612],[119.47443041403244,-3.6349079639313686],[119.47425362800254,-3.6350058362502864],[119.47413998157492,-3.635058362953032],[119.47395024620698,-3.6351460603423789],[119.47349531605607,-3.6353563299306302],[119.47342421025917,-3.6353891947554757],[119.47340034495005,-3.635397657375961],[119.47290447676028,-3.6355734820305088],[119.4727524526636,-3.6356625194097205],[119.47259528264624,-3.6357924102914581],[119.47239938962025,-3.6359946696182419],[119.4722726400704,-3.6361255407610429],[119.47222335992024,-3.6361764217044765],[119.47211701418894,-3.6362527543610668],[119.47209697369647,-3.636267138117887],[119.4720588784146,-3.6362944820047005],[119.47194662323818,-3.6363750558641073],[119.47189461814219,-3.6364123840242542],[119.47185361535207,-3.6364391433517653],[119.47164937391949,-3.6365724300735565],[119.47147937327452,-3.6366833731391353],[119.47143369940579,-3.6367148440148185],[119.47133890546615,-3.6367801599763538],[119.47117008113435,-3.636896486383705],[119.47114965123546,-3.6369105625723819],[119.47097928906305,-3.6370395667225921],[119.47081110504848,-3.6371964282724889],[119.47079776720329,-3.6372097562252179],[119.47063036829695,-3.6373770283271369],[119.4704642230455,-3.6375103303374203],[119.47040832658308,-3.6375462456626337],[119.47034705037618,-3.6375856188811326],[119.47033953564107,-3.637588943674757],[119.47014580008863,-3.6376746841393128],[119.47001763410663,-3.637731676875319],[119.47000507777216,-3.6377372598665829],[119.46993477506987,-3.6377546950230908],[119.46985163994134,-3.6377633896686348],[119.46980694183696,-3.6377764433281641],[119.46975143478096,-3.6378215452280642],[119.46969614086424,-3.6378752662304805],[119.46966224181904,-3.6379224626514883],[119.46964973045078,-3.6379443098819593],[119.46963027811489,-3.6379782745776765],[119.46961725413303,-3.6380046732770097],[119.46960061757454,-3.638038390659176],[119.46956650179266,-3.6380994168545726],[119.46955381775456,-3.6381221067497904],[119.46952200513647,-3.6381629863327021],[119.46946459781304,-3.6382124031798071],[119.46934317224964,-3.6382706162958698],[119.46926638633477,-3.6382943799816303],[119.46919819164327,-3.638313808935095],[119.46912350294735,-3.6383354106506545],[119.46896314033677,-3.6384110166550272],[119.46894746965006,-3.63841840458565],[119.46883444375464,-3.6384722838687367],[119.46882546042673,-3.6384772975891906],[119.46873022402065,-3.6385304502200597],[119.46863209809294,-3.6385799785830955],[119.46854694668434,-3.638620851870769],[119.46847441276395,-3.6386618429696114],[119.46838933959646,-3.6387305790529467],[119.46801414693539,-3.639038863053031],[119.46791433298017,-3.6391093851899541],[119.46784375958191,-3.6391592472014622],[119.46779138396528,-3.6391974638917759],[119.46774359489109,-3.6392323342047916],[119.46768199942483,-3.6392882279693026],[119.46767272201862,-3.6392990755917936],[119.46761206184726,-3.6393700051215774],[119.46758276912954,-3.6394239617463882],[119.46758023214204,-3.6394752302975917],[119.46759375974432,-3.6395292237945682],[119.46760453901834,-3.6395561333088722],[119.46761535516453,-3.6395965884117913],[119.46761814126432,-3.6396369113143692],[119.46761296476654,-3.6397017317494829],[119.46756484204388,-3.6397908383764275],[119.46751532177473,-3.63983942065272],[119.46747389630332,-3.6398800628145977],[119.46726749919583,-3.6399749916524797],[119.46713582675704,-3.6399915166950905],[119.46708888934086,-3.6399961392103819],[119.46704418943784,-3.6400005413918279],[119.46702325861656,-3.6400026017386153],[119.46686753740698,-3.6400327398190484],[119.46674951937484,-3.6400789370932216],[119.46665290430815,-3.6401223033016095],[119.46655376934109,-3.6401522857993314],[119.46648132175562,-3.6401551006773047],[119.46642220032436,-3.6401364829122826],[119.46636571030933,-3.6401015415528377],[119.46609741916063,-3.6398622940096175],[119.46603053837873,-3.6398041771210501],[119.46597363017895,-3.6397547260996816],[119.46587418584511,-3.6396714120060096],[119.46578292174445,-3.6396014852203393],[119.46575847817132,-3.6395827559393865],[119.46566428318022,-3.6395317535875051],[119.46556765462367,-3.6394996927565444],[119.46547893020852,-3.6394917778232525],[119.46532351566782,-3.6395650159126944],[119.46528070883767,-3.6396405616625316],[119.46526480432738,-3.639697254025009],[119.46524606875118,-3.639767500070036],[119.4652222322203,-3.6398591562750084],[119.4651258419841,-3.6399149915835665],[119.46503480361332,-3.6399000016836567],[119.464977890917,-3.6398505911318466],[119.46493986398355,-3.6397860431912932],[119.46489028435917,-3.6396910469042609],[119.46488394323944,-3.6396825896797509],[119.46481046682959,-3.6395845887577138],[119.46474950988204,-3.6395239519687834],[119.46463207011402,-3.6395013376165934],[119.46449568792571,-3.639543583269699],[119.46437471472132,-3.6396276545925161],[119.46432685370144,-3.6396566613258301],[119.46428005028417,-3.6396850259431517],[119.46412873215536,-3.6397882690133656],[119.46398948023034,-3.6398643462625273],[119.46393956246095,-3.6398916173042721],[119.4637312354082,-3.6399797778444167],[119.46353814916631,-3.6400488098046822],[119.46318984803315,-3.6401943102192149],[119.46306123778595,-3.6402822522240967],[119.46301591914937,-3.6403300475935794],[119.4629743129143,-3.6403739291134798],[119.46290253082725,-3.6404806489627504],[119.46281267326628,-3.6406213299104024],[119.46261724429041,-3.6409272927602956],[119.46261413443483,-3.6409321616898751],[119.46249350117421,-3.6411418458195044],[119.46242568869468,-3.6413018172250418],[119.4623948743241,-3.6413595357139457],[119.46233431487678,-3.6414729681029598],[119.46232514628855,-3.6414901415567442],[119.46231499024464,-3.6415091640166679],[119.46228270008658,-3.64155594674952],[119.46221939860641,-3.6416476614103885],[119.46219719524447,-3.6416596403800554],[119.46209436406366,-3.6417151186577712],[119.46194857316823,-3.6418118830119397],[119.46186959920271,-3.6418749057023092],[119.46183888016026,-3.6419132563916037],[119.46179891428858,-3.6419631498794161],[119.46174070027314,-3.6420681403323556],[119.4617034467567,-3.6421478265609153],[119.46167439235933,-3.6422190249879804],[119.46162868161844,-3.642282109731525],[119.4615745487265,-3.6423409083062097],[119.46141636517314,-3.642450327920244],[119.46135398909541,-3.6425006818609518],[119.46132065932102,-3.6425469546781528],[119.46129998120921,-3.6426056597233583],[119.46129606016507,-3.6427103471048099],[119.4613597078843,-3.6431981483758022],[119.46138947004806,-3.6433866381827329],[119.46140651220082,-3.6435374481946496],[119.46145844804903,-3.6437252599127419],[119.46152135472676,-3.643870248613041],[119.46153155483739,-3.6438982759846112],[119.46155506041782,-3.6439628607973304],[119.46155661534556,-3.6439683772387639],[119.46158021715337,-3.6440520807389021],[119.46158749176936,-3.6440778795904407],[119.46156475780742,-3.6441536789490669],[119.46154191592677,-3.644190070015668],[119.46149936630275,-3.6442198969306787],[119.46142481340451,-3.6442373365837852],[119.46135788226047,-3.6442326789949107],[119.46130796808836,-3.6442292049138132],[119.46126851572944,-3.6442264592836295],[119.46115958894393,-3.6442188779987532],[119.46110275718661,-3.6442149227804066],[119.46048763799411,-3.6441721132523526],[119.460359876707,-3.6437211023469445],[119.46032865314487,-3.6436108769403859],[119.46026199089818,-3.6433875303102354],[119.46016806930106,-3.6430728530297074],[119.46015241390285,-3.6430204027693094],[119.45996264885719,-3.6425511572101072],[119.4598835094165,-3.6423593785823982],[119.45982845561878,-3.6422259713514222],[119.45976946728717,-3.6420830259108925],[119.4596804290087,-3.6419360299237837],[119.45961544939348,-3.6418643035946729],[119.45955741434329,-3.6418336439074892],[119.45949604011025,-3.6418338120807334],[119.459396460878,-3.6418944641581561],[119.45927914431707,-3.64214975920396],[119.45908997012612,-3.642759526530881],[119.45901892638244,-3.6430728530297074],[119.45894757596989,-3.6433875303102354],[119.45890813170502,-3.6435614888715691],[119.45884508743086,-3.6438395340671832],[119.4587278706947,-3.6444586030820005],[119.45871014685588,-3.6445746102300518],[119.4587098761599,-3.6445763863910656],[119.45863844390908,-3.6450439286343794],[119.45862066341294,-3.6452560076585883],[119.45859142375525,-3.6456047611507643],[119.45859044709152,-3.6460350363877865],[119.45859025823393,-3.6461183792597467],[119.45859345082715,-3.6468855333406509],[119.45858123533583,-3.6470379630314937],[119.45855673330664,-3.6471472549418422],[119.45854491891293,-3.6471999498177752],[119.45843887535386,-3.6474768429818596],[119.45824084463936,-3.6479910726298499],[119.45802624661405,-3.6486288943079899],[119.45800230216457,-3.6487000621580705],[119.45780327230318,-3.6494313063096797],[119.45778695230604,-3.6495002393445475],[119.45777790872353,-3.64953843714909],[119.45764007323089,-3.650120641154615],[119.4575480725855,-3.6507347171334459],[119.45752648166183,-3.650878828095415],[119.45749756396151,-3.6512874116846774],[119.45749491365939,-3.6513726278444665],[119.45748708865824,-3.6516242671461896],[119.45750358582188,-3.6520820373560809],[119.45754646010107,-3.6525421107297689],[119.45759731496423,-3.6528048476655499],[119.4576687094434,-3.6531736974081355],[119.45770520573069,-3.6533225729783112],[119.4578096197182,-3.6537484918993073],[119.45788825643797,-3.6540472241999851],[119.4579726119465,-3.6543676841212687],[119.45805500873178,-3.6545884865693665],[119.45808054677991,-3.654656923178436],[119.45815518331517,-3.6547431231965106],[119.45821359697993,-3.6548105876384511],[119.45830077096389,-3.6548603021611825],[119.45839626817326,-3.654922483086068],[119.45845863076124,-3.6549930843632978],[119.45848785872772,-3.6550720978989375],[119.45848799542466,-3.6551220543393015],[119.45848412294401,-3.6552219762131699],[119.45845534823582,-3.6553094748523449],[119.45841825120135,-3.6553845097872681],[119.45841846613939,-3.65546360695987],[119.45842294026659,-3.6555843193607984],[119.4584646831986,-3.6556924421524286],[119.45853124741916,-3.6557838429499725],[119.45895133243812,-3.6561419610825965],[119.45926029632562,-3.656278862179704],[119.45968820005044,-3.6564684635487197],[119.45976122230263,-3.6565205495836608],[119.45977693795544,-3.65655710612549],[119.45977187477229,-3.6566094061990952],[119.45972518107226,-3.6566670509436108],[119.45953308318531,-3.6568558096478228],[119.45940854506841,-3.6570025547241016],[119.4592736800364,-3.65718070232748],[119.45925929897749,-3.6571858023827986],[119.4591696644485,-3.6572175889205596],[119.45901869885392,-3.6572180044073548],[119.45887805927509,-3.6571870191655762],[119.45858610876201,-3.6570309634082037],[119.45848708710946,-3.6569894057364536],[119.45842460311303,-3.6569843488485958],[119.45839857403507,-3.6569844207943447],[119.458325808989,-3.6570264506101466],[119.45829990761467,-3.6570735795820042],[119.45830531433887,-3.6571467664101078],[119.45837321495196,-3.6572302369858107],[119.45868592991178,-3.6573653223517226],[119.45886319617966,-3.6574641794283025],[119.4588736660869,-3.6574850652834812],[119.45886338233925,-3.657532151087878],[119.45880289393847,-3.6576966775595565],[119.45865968409726,-3.6580032672369498],[119.4586281133968,-3.6580731373653634],[119.45859841778281,-3.6581031261583234],[119.45856468421289,-3.658107208181093],[119.45851303344978,-3.6580933927958199],[119.4584116798552,-3.6580518018491262],[119.45832817060864,-3.6580021853525295],[119.45823872763526,-3.6579605611309489],[119.4581870453959,-3.6579347847624604],[119.45811355999285,-3.6579210287324599],[119.45801032411725,-3.6579173262235827],[119.45793098502702,-3.6579414703225552],[119.45787749784836,-3.6579814937508672],[119.45783794206739,-3.6580354350871858],[119.45779446614176,-3.6581073322875],[119.45758713913517,-3.6586139401811693],[119.4575494008842,-3.6587061530664755],[119.45751898491324,-3.6587804757382969],[119.4572983398466,-3.6591449224001735],[119.45722945627449,-3.6592288920996339],[119.45720898590605,-3.6592702950879925],[119.45718851643699,-3.6593116989756709],[119.45706049794364,-3.6597766691579068],[119.45705939177753,-3.6597806855301656],[119.4569267858426,-3.6603975584005752],[119.45689367370414,-3.6605515897840064],[119.45676896471605,-3.6609217282551185],[119.456479234629,-3.661638596743785],[119.45647115511974,-3.6616585886728785],[119.45637373605916,-3.6619116336149773],[119.45615847073691,-3.6624707799025487],[119.45605156202998,-3.6627484743625587],[119.45584507229228,-3.6633825971291003],[119.45558903980236,-3.6640061501636296],[119.4554695261977,-3.6644802745449851],[119.45545261174868,-3.6645459727184289],[119.45543569819893,-3.6646116708918726],[119.45534060478519,-3.6649786950107455],[119.45530210211041,-3.665136750860313],[119.4552125970838,-3.6655041751774888],[119.45517006994282,-3.6657391266593322],[119.45509176597227,-3.6662191209156276],[119.4550792905768,-3.6662963915651972],[119.45506069619421,-3.6664115731355196],[119.45487906012056,-3.6668385073911622],[119.45487205799918,-3.6668549658839424],[119.45451843737601,-3.6674341355768547],[119.45435793357183,-3.6677375191711121],[119.4542654994533,-3.6679861664283635],[119.4542388867153,-3.6681080200690417],[119.45423925633668,-3.6682433293661347],[119.45430715874841,-3.6684416001996283],[119.45434624957977,-3.6685330855333973],[119.45441110778643,-3.6686848722090417],[119.45450138892807,-3.6688560167917217],[119.45457914970802,-3.6689790062760608],[119.4545312626077,-3.669258735002586],[119.45447559906972,-3.6695838893849668],[119.45434561016179,-3.6699709153254503],[119.45422399304289,-3.6702284775621479],[119.45401534223436,-3.6706090490683323],[119.45386336939907,-3.6708663558975445],[119.45385993938476,-3.6708709055677673],[119.45370171626121,-3.6710808055347002],[119.45354463797469,-3.6712719834152381],[119.45340648502133,-3.6715722463620182],[119.45336031832414,-3.6716725873200176],[119.45308300877389,-3.6721362471899965],[119.45290778306776,-3.6724716952124936],[119.45283441817389,-3.6727649911114213],[119.45282325399,-3.6728921120812856],[119.45280744480783,-3.6730721167847378],[119.45278052899823,-3.673400658013918],[119.45277644157954,-3.6736007166996956],[119.45277218778631,-3.6737402977764759],[119.45276798435509,-3.6738984858263848],[119.45276405701566,-3.6741322106329903],[119.45276399676106,-3.6741357647537143],[119.45277825910944,-3.6742659892839242],[119.45283416186714,-3.674368185543301],[119.45288066940748,-3.6744238850541819],[119.45295956782991,-3.6744608849618317],[119.45302446470737,-3.6744607059967507],[119.45312169221233,-3.6744185673629204],[119.45318643260782,-3.6743625620825355],[119.45329728843922,-3.6742180347344515],[119.45333121985993,-3.6741322106329903],[119.4533525292959,-3.6740783133633954],[119.45337516073516,-3.6738782043156561],[119.45341658440793,-3.6737710869660418],[119.45346735743271,-3.6736918575930986],[119.45353664569973,-3.6736032716735849],[119.4536708281463,-3.673514510386326],[119.45380047890899,-3.6734629765351201],[119.45392093230521,-3.673439383720563],[119.45403679016579,-3.6734297591759741],[119.45413880476212,-3.6734434351663481],[119.45425475165553,-3.6734663759724526],[119.45437548474092,-3.6735451323019674],[119.45441275804239,-3.6736148126734065],[119.45443157995351,-3.6737171105561401],[119.45442262720258,-3.6738334432587294],[119.45437183079537,-3.6739033673464974],[119.45429783098018,-3.6739640509001674],[119.45413568231595,-3.6739970659118057],[119.45401979927442,-3.6739973851711625],[119.45390386677013,-3.6739790947593747],[119.45382498903211,-3.6739513992376374],[119.45373218259419,-3.67391443710153],[119.45368119193347,-3.6739145782951255],[119.45363951195395,-3.6739286490878271],[119.45360256870367,-3.6739799257329651],[119.45359812515346,-3.6740497230162532],[119.45359365732145,-3.6741102159136858],[119.45359079567879,-3.6741322106329903],[119.45358457596751,-3.6741800239888676],[119.45357541907038,-3.6742219198056887],[119.45355240901654,-3.6742824630651967],[119.45351546576615,-3.674333738810958],[119.45348313423926,-3.6743756993789702],[119.45344154329268,-3.6744223382202676],[119.45337681368903,-3.6744829947943458],[119.45328895711975,-3.6745623266899656],[119.45320571137449,-3.6746323398106142],[119.45298354825218,-3.6747539128627409],[119.4527901886164,-3.674841320670339],[119.45265885342337,-3.6749183449056204],[119.45246396044354,-3.6750296144251138],[119.45232423997174,-3.675144991148386],[119.45220570393019,-3.675247531848072],[119.45209986271857,-3.6753372617052378],[119.45194738266559,-3.6754398968337227],[119.45183720492309,-3.675495565767676],[119.45171837480325,-3.6754916348310189],[119.45168008256985,-3.6754534109460906],[119.45167988471894,-3.6753810083268377],[119.45169666876632,-3.6753128190313191],[119.45173467501525,-3.6752445712799044],[119.4517685066113,-3.6752018885562734],[119.45186160622825,-3.6751079372814388],[119.45194625401643,-3.6750267842586481],[119.4520393167611,-3.6749200536175408],[119.45214083223368,-3.6748005238250698],[119.45224222000252,-3.674634145649236],[119.45229760205279,-3.6743166759737846],[119.45230147363418,-3.6741895397154281],[119.45227272140903,-3.6741322106329903],[119.4522696367344,-3.6741260619681384],[119.4522315333586,-3.6740880287395044],[119.45216810867134,-3.6740543041627802],[119.45211103499628,-3.674026917108506],[119.45205396581798,-3.6740016479576525],[119.4519673476151,-3.6739785812465016],[119.4518913504055,-3.6739787898891905],[119.45184070598384,-3.6739874053943709],[119.45180487159757,-3.6740065726451689],[119.45178386343457,-3.6740447686511288],[119.45177978500908,-3.6740977504107946],[119.45177626865996,-3.6741322106329903],[119.45177567600672,-3.6741380193540749],[119.45177163265475,-3.6742037130308631],[119.45175911589058,-3.6742588360763762],[119.45173184484884,-3.6743224739029756],[119.45171087985329,-3.6743755024274378],[119.45165451034745,-3.6745218580972505],[119.45150935707125,-3.6750305497200202],[119.45144544405207,-3.6752378146733804],[119.45130863198779,-3.6755099962892359],[119.4510606529268,-3.676002516303015],[119.45071797525441,-3.6766014458999621],[119.45046376209302,-3.6771277291613274],[119.45045295673867,-3.6771500988979255],[119.45039109057643,-3.6772921351238779],[119.45019116319168,-3.6777511419016378],[119.45002831935153,-3.6781480702771887],[119.45000168413048,-3.6782344510590406],[119.44998885799941,-3.6783565682010249],[119.45002314735041,-3.6784927363506768],[119.45007190679314,-3.6785425093293043],[119.45027093395652,-3.6786782206233397],[119.45043122642005,-3.6788237722992108],[119.45055760095261,-3.6789694166052413],[119.45067444626875,-3.679173487166679],[119.45083997008862,-3.6794601505654327],[119.45099106338694,-3.6797857869844393],[119.45132945129319,-3.6804996490395183],[119.45136119196547,-3.680566608961783],[119.45149175823815,-3.6808420488214324],[119.45157768486229,-3.680992079121097],[119.45184077433237,-3.6814514330371821],[119.45184774317886,-3.6814636017637667],[119.45209859107717,-3.6819518913666229],[119.45224100681708,-3.6822146822617015],[119.45234242066624,-3.6823863952159286],[119.45252400997515,-3.6827587478178998],[119.45261223526654,-3.682986231329437],[119.45263288729802,-3.6831170557074984],[119.45268154601661,-3.6834252956408591],[119.45275913862338,-3.6839943425648016],[119.45277608994468,-3.6841186612471688],[119.4530061778928,-3.685471062639408],[119.45304061563195,-3.6856660500480984],[119.45311796811984,-3.6861915050338894],[119.45303026083798,-3.686381724237151],[119.45294698001919,-3.6864174156311833],[119.45286964731645,-3.6864650050558794],[119.45279826272974,-3.6865304397279601],[119.45271498191096,-3.6866375157087532],[119.45266144437028,-3.6867089002954572],[119.45264088586828,-3.6867243191719581],[119.45256626642015,-3.6867802839828983],[119.45247108667138,-3.6868100272608899],[119.4523878058526,-3.6868635648016266],[119.45234021732722,-3.6869052052110192],[119.45226883274051,-3.6869587427517558],[119.45217960290643,-3.6869944350451078],[119.45212011724971,-3.6870003840604113],[119.45202880458578,-3.6870369082266734],[119.45186610913368,-3.6869974100024479],[119.45170430580913,-3.6869212671027753],[119.4516186453842,-3.6868546417283028],[119.45154250338385,-3.6867784988286303],[119.45144188273673,-3.6867243191719581],[119.45141877105948,-3.6867118743534775],[119.45119034236052,-3.6866738033533011],[119.45099998646026,-3.686683320878501],[119.45088577076183,-3.686683320878501],[119.45081914718594,-3.6865881420291089],[119.45077155686192,-3.6865119991294364],[119.45063830791162,-3.6864358571290836],[119.45055264658743,-3.6864168211793071],[119.45043843268763,-3.6863311598551149],[119.4503622897879,-3.6861979109048093],[119.45034325383813,-3.6861312855303368],[119.45025759431257,-3.6859885181555683],[119.45018152965395,-3.6858842984215698],[119.45014345865377,-3.685836708097554],[119.45003876317844,-3.6857605660972013],[119.44995310185425,-3.6857129757731855],[119.44985792390412,-3.6857034591472484],[119.44973419157975,-3.6857320117229051],[119.44956822439406,-3.6856939407227287],[119.44948494267601,-3.6856106599040004],[119.44948494267601,-3.6854440973671672],[119.44954443013137,-3.6853608156490623],[119.44962771095015,-3.685253739668326],[119.44969909463759,-3.6851585617181968],[119.44969909463759,-3.6850752808994685],[119.44962771095015,-3.6850157943433715],[119.44950873783807,-3.6849920000806833],[119.44938976472588,-3.6849563077873313],[119.4492707916138,-3.6848849240999471],[119.44917293188541,-3.6847959613645003],[119.44913992137037,-3.6847659509878099],[119.4489614617022,-3.6845399018949365],[119.44884248859,-3.6843495450953583],[119.44878300203402,-3.6841353940331487],[119.44877110490268,-3.6840045228903477],[119.44868782408389,-3.6839331401022832],[119.44862833662853,-3.683861756414899],[119.44860454326511,-3.6838379612528342],[119.44852126064768,-3.6836951938780658],[119.44846177499096,-3.6835762198666089],[119.44841418646558,-3.6834691447851355],[119.44841418646558,-3.6833501716730552],[119.44840228843498,-3.6831479177421897],[119.44839039130363,-3.6830051503673644],[119.44834280187888,-3.6828147926685233],[119.44827141819144,-3.682672025293698],[119.44817624024131,-3.6825411550502167],[119.44804536909862,-3.6824340790694237],[119.44798588344179,-3.6823389011193512],[119.44797398541118,-3.6821961328452062],[119.44797398541118,-3.682065262601725],[119.44803347196716,-3.6819581866209887],[119.44806916426057,-3.6818273172768272],[119.4481643422107,-3.6818273172768272],[119.44832265616571,-3.6818252542320238],[119.448451146803,-3.6818680853438082],[119.44860819091537,-3.6819323302128169],[119.44874382037108,-3.6819894371627697],[119.44895083261486,-3.6820465441126657],[119.44910787762649,-3.6821107898809942],[119.44922209242566,-3.6821750347500029],[119.44936485980054,-3.682260696074195],[119.4494719348819,-3.6823320797616361],[119.44961470315604,-3.6823749099740439],[119.4497860240059,-3.6824391548430526],[119.44990737672413,-3.6825533696422212],[119.45000017596738,-3.6826461679862064],[119.45010011312979,-3.6827532439669994],[119.45023574168624,-3.6829673959285287],[119.45025715814143,-3.6831101633033541],[119.45031426509138,-3.6831672702532501],[119.45039278669776,-3.6831601323341943],[119.45047844712269,-3.6831030253842414],[119.45055696962845,-3.6830816098283776],[119.45065690679087,-3.6831173021217296],[119.45073542929674,-3.6831672702532501],[119.45082108972156,-3.6832386539406912],[119.45089247430826,-3.6832814850524187],[119.45094244243978,-3.6832386539406912],[119.45094244243978,-3.6831529944151384],[119.45094244243978,-3.6831030253842414],[119.45098527265225,-3.6829888105850728],[119.45098527265225,-3.6829317036351767],[119.45094958125821,-3.6828531820286798],[119.45092102688398,-3.6827889362603514],[119.45084250527748,-3.6826247533296623],[119.45077825860983,-3.682517678248189],[119.45070687582177,-3.682424879004941],[119.45064976887181,-3.6823035262866597],[119.45062835331589,-3.682203589124299],[119.45054983081013,-3.6820465441126657],[119.45048558594112,-3.6819466069503051],[119.45040706433463,-3.6817538705446395],[119.45032774772744,-3.6815785836846544],[119.45020401630234,-3.6813596734101566],[119.45017321811963,-3.6812801121873804],[119.45008980240254,-3.6810646202359862],[119.45001428902833,-3.6808518091636415],[119.44998510602784,-3.6807695670618159],[119.4499039233275,-3.680566608961783],[119.44985185617827,-3.6804364419881495],[119.4497475159352,-3.6802426668655244],[119.4497186063287,-3.680188978238732],[119.44953776705438,-3.6797226042147599],[119.44950521879093,-3.6796430429919837],[119.44943902688965,-3.6794812396674388],[119.44936644620464,-3.679303818716221],[119.44917608940511,-3.6790563549667468],[119.44910946403058,-3.6789706936425546],[119.44909994560612,-3.6788374446922489],[119.44922367793049,-3.6788184087425293],[119.44931885677988,-3.6788469622175057],[119.44941403473001,-3.6788945516422018],[119.4494996960542,-3.6788945516422018],[119.4495187311046,-3.6788374446922489],[119.44949017762963,-3.6787803377423529],[119.44942355315447,-3.6787327483176568],[119.44935692778006,-3.6786946773174805],[119.44921416040529,-3.6786470878927275],[119.44908091145498,-3.6785614265685354],[119.44898573170622,-3.6785043196185825],[119.44892862475626,-3.67841865919371],[119.44885248185665,-3.6783044452938611],[119.44880224123051,-3.6782724725964613],[119.44874778638132,-3.6782378199193886],[119.44870971538114,-3.6782378199193886],[119.44868116100679,-3.6782758918188847],[119.44865260843119,-3.6783234812436376],[119.44863357158215,-3.6783520347185572],[119.44855742868242,-3.678361552243814],[119.44851935768224,-3.678371069769014],[119.44847176915687,-3.6784948020933825],[119.44844321478263,-3.678523355568359],[119.44837659030748,-3.6786470878927275],[119.44830044740775,-3.6787898552675529],[119.44825285798311,-3.6788564797427057],[119.4481481616084,-3.6789326226423782],[119.44804346613307,-3.6789802120670743],[119.44796732323346,-3.6790278005924506],[119.44788166190926,-3.6791134619166996],[119.44782455495931,-3.6792181582913486],[119.44779600238371,-3.6793609256661171],[119.44773901144629,-3.6794812396674388],[119.44771034105941,-3.6795417649404385],[119.44767658230853,-3.6796430429919837],[119.44767227005923,-3.6796559788402874],[119.44763419815979,-3.6797701927401363],[119.44756757278537,-3.6797701927401363],[119.4475295017852,-3.6796559788402874],[119.44753058007223,-3.6796430429919837],[119.44753902020966,-3.6795417649404385],[119.44754574533999,-3.6794812396674388],[119.44755805615944,-3.6793704440906936],[119.44761516310939,-3.6791991232408918],[119.44767227005923,-3.6790182839665704],[119.44771985858472,-3.6788945516422018],[119.44771985858472,-3.6787232298930803],[119.44771985858472,-3.6785804634176316],[119.44773889543376,-3.678371069769014],[119.44783740357343,-3.6781751605551563],[119.44788023468516,-3.6780538087362515],[119.44793020281668,-3.6779253180989144],[119.44799444858495,-3.6777825498247694],[119.44805869435334,-3.6776540591874323],[119.44810152366642,-3.6775112918126069],[119.44815149269732,-3.6773471088819178],[119.44816586836021,-3.6773111710736544],[119.44822287728402,-3.6771686492137405],[119.44827998423398,-3.6769830507271877],[119.44829260082292,-3.6769149189882455],[119.44831567562801,-3.6767903152208419],[119.44831567562801,-3.6765975788151763],[119.44831249202798,-3.6765307079257923],[119.44830853770895,-3.6764476726219186],[119.44828712215303,-3.67633345782275],[119.44829711631894,-3.6762439905676842],[119.44829711631894,-3.6761440534052667],[119.44831139305643,-3.676086945556051],[119.4483589815818,-3.6760203210808982],[119.44839705438062,-3.6759774908684335],[119.44847795469389,-3.6758680361808729],[119.4485588568059,-3.6757823748566807],[119.44861596375574,-3.6757109911692396],[119.44864927644301,-3.6756538842193436],[119.44870162508005,-3.6755587062692143],[119.44872541934274,-3.6754920808947986],[119.44872066013045,-3.6754254564196458],[119.44870638339296,-3.6753683485703732],[119.4486635531805,-3.675296964882989],[119.44863499970552,-3.6752255811955479],[119.44863499970552,-3.6751875101953715],[119.44865403475592,-3.6751304032454755],[119.44868734834256,-3.6750780546084911],[119.44872541934274,-3.6750114301333383],[119.44876349124218,-3.6749543231834423],[119.44880632145464,-3.6749067337586894],[119.44883963324253,-3.6748496268087933],[119.44888746008826,-3.6747727698473795],[119.4489493262505,-3.6746823502102188],[119.4490397458876,-3.674591930573115],[119.44912064799962,-3.674496751723666],[119.44918727337404,-3.6744348873601211],[119.4492586561621,-3.674349226035929],[119.44931100389977,-3.6742778423484879],[119.44934574920705,-3.6742083535326628],[119.44935859422378,-3.6741826643984155],[119.44939190601167,-3.6741350740743428],[119.44942046038602,-3.6740874846496467],[119.44943949543642,-3.6740303776997507],[119.44943949543642,-3.6739732707497978],[119.44944425374933,-3.6738923686378371],[119.4494585313862,-3.6738352616879411],[119.44948708486118,-3.6737496021623883],[119.44953467428581,-3.6736829767879158],[119.44959654044806,-3.6735973163629865],[119.44964412897343,-3.6735259317762825],[119.44970599513567,-3.673454548988218],[119.44989159272291,-3.6732403970266319],[119.4499772540471,-3.6731594949147279],[119.45003912020934,-3.6731119063892947],[119.45009622715918,-3.6730738353891184],[119.45018188668473,-3.6730262459644223],[119.45023899363468,-3.6730024508024144],[119.45030561900921,-3.672964379802238],[119.45035796674688,-3.6729120311652537],[119.45041031538381,-3.6728501650030694],[119.45044362807107,-3.6727882988408851],[119.45048169907125,-3.672721675265052],[119.45054832444566,-3.6726598091028677],[119.45061494892082,-3.6726122187788519],[119.45072916282072,-3.6725693885663873],[119.45087193109475,-3.6725027640912344],[119.45105277036907,-3.6724456571413384],[119.451138430794,-3.6724456571413384],[119.45121457279436,-3.6724551746665384],[119.45129071569409,-3.6724646930910581],[119.45139541206868,-3.6724646930910581],[119.45144300239269,-3.6724694523033463],[119.45150486765556,-3.6724504163535698],[119.45152390270596,-3.6724361387167619],[119.45151914439305,-3.6723933094036738],[119.45150010934265,-3.6723504791912092],[119.45147155496829,-3.6723076480794248],[119.45143348396812,-3.6722790946045052],[119.45138113623057,-3.6722457819172405],[119.45130023411855,-3.6722267468668406],[119.45111939484423,-3.6722362652913603],[119.45103373441941,-3.6722505411295288],[119.45088620783224,-3.6722886130290249],[119.45074819877038,-3.6723409607666895],[119.45063874408288,-3.6723885501913855],[119.45053880602109,-3.6724408979290502],[119.45042459212129,-3.672498004879003],[119.4503198957467,-3.6725598710411873],[119.45021520027137,-3.672650290678348],[119.45014857489684,-3.6727407103155087],[119.45006291357265,-3.6728263707403812],[119.44998677067304,-3.6729072728522851],[119.44991538788486,-3.6729881740649262],[119.44985828093502,-3.6730833529143752],[119.44978689724758,-3.6731690133392476],[119.44970123592338,-3.6732546737641201],[119.44958702202348,-3.6733498517142493],[119.44949025676999,-3.6734054522997326],[119.4494010269359,-3.6734768359871168],[119.44932369513253,-3.6735541686898614],[119.44926420767706,-3.6736493466399907],[119.44922851718241,-3.6737564226207837],[119.44919877300504,-3.6738932418795684],[119.44911549218625,-3.6740360101537135],[119.44905005661485,-3.67414308523513],[119.44902684781084,-3.6741693877070247],[119.44899246672901,-3.6742083535326628],[119.44896082678076,-3.6742442122005627],[119.44887754596209,-3.6743274939186676],[119.44877641899654,-3.6744167228534366],[119.44866339489977,-3.6745356959655737],[119.44856226703507,-3.6746427719463099],[119.44846114006964,-3.6747320017803986],[119.44834038270255,-3.6748382449889618],[119.44823330672182,-3.6748882131204823],[119.44814764629689,-3.6749453209697549],[119.44805484705364,-3.6749952891012754],[119.44796918662871,-3.6750880883445802],[119.44789780294127,-3.6751737487694527],[119.44781214161708,-3.6752879626693016],[119.44776217438493,-3.6753878998316623],[119.44772648209153,-3.6754949758124553],[119.44770419419331,-3.6755586568065155],[119.44767651306074,-3.6756377440866004],[119.44764082076733,-3.6757590959055051],[119.44755516124178,-3.6759232788361942],[119.44753793562734,-3.675958805654318],[119.44744094644261,-3.6761588463536441],[119.44736242393674,-3.6762873369909812],[119.4473053169869,-3.6764301043657497],[119.44724678191346,-3.6765973800650045],[119.4471694501101,-3.6768174801425744],[119.4471694501101,-3.6769126589919665],[119.44715755297875,-3.6770375811194072],[119.44715160396345,-3.6771981937416172],[119.44712649758981,-3.6773111710736544],[119.44711591167004,-3.6773588081624098],[119.4470742712607,-3.6775075236532189],[119.4470445279826,-3.6776502919273639],[119.44702073371991,-3.6777811621708452],[119.44699693945722,-3.6779298776616542],[119.44694935003258,-3.6781023892138478],[119.44689581159253,-3.6782273113412884],[119.44688391536044,-3.6783641297007534],[119.44687312889187,-3.6784223742930635],[119.44685417118308,-3.6785247441216029],[119.44684227405173,-3.6786496653497238],[119.44684227405173,-3.6788935596899819],[119.44685417118308,-3.6790422769794304],[119.44685417118308,-3.6791374549295597],[119.44683632503643,-3.6792504790263365],[119.44683037692039,-3.6793754011537771],[119.44683037692039,-3.6794747708439672],[119.44683037692039,-3.6794824771345702],[119.44683037692039,-3.6794901006875307],[119.44683037692039,-3.6795034421301125],[119.44683037692039,-3.6796192963933549],[119.44683632503643,-3.6797144743434842],[119.44684690376164,-3.6797885263193848],[119.44685350388613,-3.6798347271908369],[119.44685417118308,-3.6798393955716051],[119.44687796634514,-3.6799762148303898],[119.44688391536044,-3.6800892389271667],[119.44689581159253,-3.6802141610546641],[119.44689581159253,-3.6803450312980885],[119.44689581159253,-3.6803831346738889],[119.44689581159253,-3.6804877986729139],[119.44690410783835,-3.680566608961783],[119.44690770872387,-3.6806008227696907],[119.44693745200186,-3.6806960016191397],[119.44699693945722,-3.6808328208779244],[119.44700557025089,-3.6808518091636415],[119.44701645294697,-3.6808757509151064],[119.44705642601332,-3.6809636911214056],[119.44707080257558,-3.6810535531789128],[119.44708022027601,-3.6811124084108542],[119.44709118031381,-3.6811684262817721],[119.44713375781669,-3.6813860460291608],[119.44715160396345,-3.6814633778325856],[119.44715818340353,-3.6814801259070578],[119.44719468688538,-3.6815730438608512],[119.44721703863547,-3.6816299403694188],[119.44722961205696,-3.681709569940665],[119.44723488478212,-3.6817429653655154],[119.44726462806022,-3.6818738347096769],[119.44731684000021,-3.6820505496930878],[119.44733067427126,-3.6820973737947043],[119.44734196076297,-3.6821355760959023],[119.44735908385474,-3.6821710435587534],[119.44739526268131,-3.6822459867628368],[119.44742524158164,-3.6823080867487761],[119.44748472903711,-3.6824508541235446],[119.44756206084048,-3.6825876733823861],[119.44762749641188,-3.6827304407572115],[119.44771672624597,-3.6828851061626438],[119.44780595608006,-3.6830338216535097],[119.44790113403019,-3.6831706409122944],[119.44796062058629,-3.683283665908391],[119.44802010714227,-3.6834026390205281],[119.44809743984501,-3.6835751496733451],[119.44815097828507,-3.6836524823760897],[119.44819856681045,-3.6837833526195709],[119.44825525557565,-3.6839070372798801],[119.44826400238185,-3.6839261199943962],[119.44835918033198,-3.6840867344151889],[119.44843056401942,-3.6842176037593504],[119.44852574286881,-3.6843901153115439],[119.44858522942491,-3.6845150365396648],[119.44863281795028,-3.6846399586671055],[119.44869825442095,-3.6847767779258902],[119.44877558622443,-3.6849314433313793],[119.44888861122047,-3.6851396453782854],[119.44903137769597,-3.6853835397185435],[119.44907896712073,-3.6855144099620247],[119.44912655744474,-3.6856274349581213],[119.44916819695482,-3.6857345109388575],[119.44921578637945,-3.6858237398736264],[119.44928122195086,-3.6859427129857636],[119.44934070760758,-3.6860735841285646],[119.44943588735634,-3.6862163506040702],[119.44956675670051,-3.6864067083029113],[119.44956679986797,-3.6864067712554629],[119.44965797043903,-3.686540552604356],[119.44985784386449,-3.6867023559289578],[119.44990835968315,-3.6867528717475579],[119.44998157618886,-3.6868260882533264],[119.45009579008865,-3.6869593381029517],[119.45020048736262,-3.6870545169523439],[119.45038132573768,-3.6871782492767124],[119.45051165818654,-3.6872352680931044],[119.45052325674294,-3.6872403429674137],[119.45053361063765,-3.6872448728525455],[119.45059703082836,-3.6873082930432588],[119.45061350371031,-3.6873247659251547],[119.45062879038642,-3.6873400517019945],[119.45071444991197,-3.6874257130261867],[119.4507905928117,-3.6875018550265395],[119.45086698302487,-3.6875833381005236],[119.45105610145799,-3.6877982167142704],[119.45109283246836,-3.6878569856113472],[119.45115128030739,-3.6879505034129352],[119.45125597578271,-3.6881218242627369],[119.45132260115713,-3.6882645907382425],[119.45137018968262,-3.6883788055374112],[119.45145585100681,-3.6885501272864758],[119.45150344043145,-3.688654822761805],[119.45155102895683,-3.6887880726114304],[119.451589099957,-3.6889689118857518],[119.45159861838158,-3.6890926442101204],[119.45160813590678,-3.6892068581099693],[119.45163669028113,-3.6893591439093143],[119.45163669028113,-3.6895780541838121],[119.4515605473814,-3.689949250257655],[119.4515605473814,-3.6900634641575039],[119.45155443289082,-3.6901796313848081],[119.45155102895683,-3.6902443025325056],[119.45152452773482,-3.6904077246367137],[119.45149392200699,-3.6905964626565719],[119.45146536763264,-3.6907677844056934],[119.4514384832994,-3.6908699473901265],[119.45141777910726,-3.6909486227806951],[119.45136067215731,-3.6910342841048873],[119.45129404678289,-3.6911484980047362],[119.45119886883276,-3.6912151233792088],[119.45116079693332,-3.6912912662788813],[119.45117031535779,-3.6914054801787302],[119.4512095159065,-3.6914407605825659],[119.45126549420729,-3.6914911406036026],[119.45136321004418,-3.6915679184246528],[119.45148694236855,-3.691672613899982],[119.45165826321829,-3.6918058637495506],[119.45179151306797,-3.6918534531743035],[119.45190572696777,-3.6919010416996798],[119.45202945929213,-3.6919771845993523],[119.4521436740913,-3.6920057389736485],[119.45228644146619,-3.6920723643480642],[119.45243872726553,-3.6921294712980171],[119.45261004811528,-3.6922056132983698],[119.45285751186475,-3.6923483806731952],[119.45300027923952,-3.6924150060476677],[119.45354825594734,-3.6925997061114799],[119.45374377305677,-3.6927671760642511],[119.45399542315033,-3.6929695262226119],[119.45465201008221,-3.6932702163473436],[119.45467938814329,-3.6932827537959838],[119.45530731278234,-3.6934979930379086],[119.45584457316863,-3.6937343825356947],[119.45600517230093,-3.6938179421442783],[119.45619352091433,-3.6939014253104574],[119.45644486433912,-3.6939916992574808],[119.45678168023039,-3.6962033587979022],[119.4568032999324,-3.6963453257761216],[119.45635021788826,-3.6965424616652172],[119.45583943174449,-3.696714966022796],[119.45538710692949,-3.696799203720218],[119.45503198893516,-3.6968149418560188],[119.45464749098903,-3.6968209277435449],[119.45444309397362,-3.696821496115092],[119.45396951997748,-3.6967476141110751],[119.45345267060429,-3.6966570523809992],[119.45319179886246,-3.6965946691086629],[119.45280376478195,-3.6964791619836888],[119.45234001677841,-3.6963884518655163],[119.45201164821901,-3.6963311731450972],[119.45166857574429,-3.6962640999082623],[119.45130246803456,-3.6961853408807315],[119.45104793201654,-3.6960807749077844],[119.45099301491575,-3.6960604987929173],[119.4509405169913,-3.6960410950204619],[119.45080732829558,-3.6959664818675719],[119.45062513194432,-3.6958779571019704],[119.4504605632045,-3.6958461058130752],[119.45038500576345,-3.6958314828366383],[119.45027469132401,-3.6958474565947768],[119.45014383367106,-3.6959334452722601],[119.45004923938097,-3.6960843748939283],[119.44996476875917,-3.6962804792606789],[119.44991526018123,-3.6964614165610783],[119.44992072985781,-3.696632159146759],[119.44996143497235,-3.6968747746510644],[119.45003189775389,-3.6970403137594303],[119.45015230708339,-3.6971820496118539],[119.45017236466299,-3.6972056613121822],[119.45022316107008,-3.6972618833291904],[119.45035330286271,-3.6974059250433697],[119.45059596872909,-3.6978272349388703],[119.45089342039512,-3.6984614278525783],[119.45096641926489,-3.6986953873822017],[119.45107572016843,-3.6990456904062512],[119.45131800472222,-3.7000781885574838],[119.45135976923802,-3.7002561652897725],[119.45148286664107,-3.7006513040144],[119.45162047370593,-3.7010930168291907],[119.45176424022759,-3.7015544976418937],[119.45200123766699,-3.7023327025921162],[119.45212636304132,-3.7027494906964193],[119.4522643172445,-3.7033218911922745],[119.45233187431666,-3.7036803123964432],[119.45240271661214,-3.704056161562562],[119.45251594485501,-3.7047936461098061],[119.45259100676958,-3.7055175194179242],[119.45265114443487,-3.7058766007244799],[119.45269501696157,-3.7061385705385419],[119.45293216998368,-3.7070449432694659],[119.453027597046,-3.707423841137313],[119.45304225239806,-3.7074884196547941],[119.45306668338083,-3.7075960792955698],[119.45307134186896,-3.7077296349146991],[119.45305436986337,-3.7077986228081272],[119.45302027746391,-3.7078805834221384],[119.45298185572813,-3.7079496288721998],[119.45294342499915,-3.7080143656704081],[119.45290512197391,-3.7081264967403627],[119.45290106962875,-3.7082126832686981],[119.45290568135215,-3.7083290051793938],[119.45293154045828,-3.7083720188535381],[119.45297028235268,-3.7084193079047054],[119.45312127492696,-3.708524197633551],[119.45325474061383,-3.7086961740891411],[119.45333671561696,-3.7088639839856228],[119.45347055002594,-3.7091695277514418],[119.4535184416228,-3.7094236078132212],[119.4535407726886,-3.7097423878009295],[119.45354016025021,-3.7102127512174548],[119.45349937869344,-3.7107526457180029],[119.45349386045336,-3.7109406750720382],[119.45343296645831,-3.7112908611842386],[119.45340994561252,-3.7114295995962721],[119.45338065289491,-3.7116061437085364],[119.45308310230337,-3.7119476001016096],[119.45252084705953,-3.7125928169049303],[119.4525105057553,-3.7126996707531816],[119.4525214657931,-3.7128171491920625],[119.4525379818424,-3.713020073117832],[119.4526100292295,-3.7133147962408088],[119.45262969560406,-3.7133952495910307],[119.45294186197737,-3.7139735730219172],[119.45321550679023,-3.7144645093296162],[119.45349293684967,-3.7149350202349751],[119.45349394678829,-3.7149367325441176],[119.45386280822208,-3.7155623099525883],[119.45431753872344,-3.7164075719518337],[119.45439252869232,-3.7165469659696555],[119.45466966557262,-3.7170838621304938],[119.45517673931511,-3.7180662086885263],[119.45540965563112,-3.7185020516283203],[119.45558720698409,-3.7188342899704594],[119.45581813310048,-3.7192664070190062],[119.4561885260797,-3.7199594965334768],[119.45659290443905,-3.7206811736971872],[119.45721731632614,-3.7216677605586597],[119.45775177262624,-3.7226092859897335],[119.45786186673183,-3.7228032310841854],[119.45790557468263,-3.7228802292391379],[119.45791370545317,-3.7228945509427263],[119.45808596609447,-3.7231934900874535],[119.45855345437849,-3.7240047604113329],[119.4585592172341,-3.724014761771798],[119.45868001507074,-3.7242243928413927],[119.45921342366069,-3.7249881276998735],[119.45999951206784,-3.7260424847727904],[119.46034120228467,-3.7264866365489979],[119.46056655979896,-3.7267795727190673],[119.46060331419164,-3.7268273492027788],[119.46155516114186,-3.7279353967011275],[119.46165338329706,-3.7280484180999451],[119.46265590704456,-3.7292019919783002],[119.46300054164169,-3.7295985543297547],[119.46360681959914,-3.7302311878190153],[119.46382186188953,-3.730455577662724],[119.46440298490984,-3.7310619626394441],[119.46447759806279,-3.731132199691217],[119.46503512736933,-3.7316570287488275],[119.4651600800737,-3.7317746537772223],[119.46535283176786,-3.7319561009932158],[119.46585645661025,-3.7324830182766391],[119.46607222195553,-3.7326825373691577],[119.46631759118395,-3.7328967846588625],[119.46645009009967,-3.7329827490545995],[119.4665958243379,-3.733071998673779],[119.46673179823392,-3.7332177284154113],[119.46681543158695,-3.7333874071031232],[119.46696606173441,-3.7335865655675207],[119.46706922386568,-3.7337146281275295],[119.4672385572137,-3.7339248320653269],[119.4673243957044,-3.7340313891372716],[119.4675140753144,-3.7343066383406267],[119.46767995706443,-3.7345473553760939],[119.46784387289642,-3.7347852188627257],[119.46859403878398,-3.7357516384273026],[119.46896670794729,-3.7362147281271518],[119.46955356234707,-3.7369439721865092],[119.46962855861113,-3.7370371671315183],[119.47019337692291,-3.7377390412237332],[119.47064450024357,-3.7382996309231658],[119.47098386571292,-3.7386842295934457],[119.47110522202843,-3.738821762014652],[119.47223269038636,-3.7400995115831392],[119.47225349440328,-3.7401230891092041],[119.47270281008673,-3.7405944606657613],[119.47271250477831,-3.7406046319981101],[119.47317921784668,-3.7410798643442149],[119.47335387338262,-3.741257707077466],[119.47336828142113,-3.741272377718019],[119.47340959897383,-3.7413144507012817],[119.47341193631189,-3.7413168303074258],[119.47373147532744,-3.7416422032250694],[119.47375663566027,-3.741667823111527],[119.4737641881668,-3.741675513214318],[119.47398850336685,-3.7418974757878232],[119.47404016222379,-3.7419485932529142],[119.47411660639636,-3.7420275780102656],[119.47418789115829,-3.7421012333851422],[119.47421064580476,-3.7421247452607531],[119.47423340135049,-3.7421482571363072],[119.4748926295913,-3.7428294009560545],[119.47535639737987,-3.7433573542584213],[119.4755162761553,-3.7435500124230998],[119.47557060689803,-3.7436154812693871],[119.47594240192041,-3.7440635019290198],[119.47641586170266,-3.744601283022746],[119.47685711406461,-3.7450419337382073],[119.47699211669294,-3.745176752904797],[119.47705097642154,-3.7452355316943908],[119.47751374416407,-3.745723648627461],[119.47778970113382,-3.746014723200858],[119.47787820161773,-3.7461080719299389],[119.47821924522202,-3.7465085022654989],[119.47830027503767,-3.7466036433434056],[119.47859007707041,-3.7469514507487816],[119.47878268217505,-3.7471826079909079],[119.47897791419939,-3.7474171547778496],[119.47904224810134,-3.7474944443131335],[119.47942264873632,-3.7479514491999453],[119.47965287428076,-3.7482506365576],[119.47978978886772,-3.7484285647264528],[119.47994042710911,-3.7486357658278848],[119.48005208873292,-3.7487893547448721],[119.4803845087381,-3.7493073876257768],[119.48058641643001,-3.7496972662158328],[119.48063759774698,-3.7497960972120836],[119.4806413362287,-3.7498033151708228],[119.4807431988396,-3.7500000085934744],[119.48081595759038,-3.750117514012004],[119.48086968488815,-3.7502027292724733],[119.48092238246204,-3.7502829371078406],[119.48096759228065,-3.7503618948854864],[119.48102410927527,-3.7504620056170097],[119.4810806289679,-3.7505635282841467],[119.481165267763,-3.750687720162091],[119.48122302312413,-3.7507739543544858],[119.48129629718642,-3.7508688391255873],[119.48134907210203,-3.7509472150418901],[119.48141634858564,-3.7510406339180804],[119.48145517771434,-3.7511124789576797],[119.48148490570395,-3.7511666658089098],[119.4814923403992,-3.7511802158941805],[119.48157435497262,-3.7513501580832553],[119.48163218227944,-3.751487686007863],[119.48165125959804,-3.751533057704421],[119.48172815612952,-3.7517159672180469],[119.48180506075505,-3.7518988668392126],[119.48190128191868,-3.7521196198245548],[119.48199750398169,-3.7523403629173799],[119.48209503995417,-3.7525293230697798],[119.4821925750274,-3.752718292215377],[119.48221334307141,-3.7527585260850742],[119.48229011099988,-3.7529072523677769],[119.4823260757878,-3.7529844375816879],[119.48236743740733,-3.7530732033656022],[119.48244475302295,-3.7532391642560015],[119.48252207763187,-3.7534051152538268],[119.48261557474905,-3.7536548156172103],[119.48270906287303,-3.7539045258731107],[119.48280460414924,-3.7541323295433244],[119.48290014362681,-3.7543601422067354],[119.48299053538494,-3.7545681059332878],[119.48299424868571,-3.7545766521906785],[119.48305376941596,-3.7547136036498614],[119.48308834475142,-3.7547931621746216],[119.48316901034161,-3.7549817086389226],[119.48324968402574,-3.7551702461099126],[119.48333034871666,-3.7553587925741567],[119.48340775426448,-3.7555525191334027],[119.48348514902045,-3.7557462537865263],[119.48356255276963,-3.7559399803457723],[119.48365034908443,-3.7561614518894544],[119.48367522523154,-3.7562242110784041],[119.48372882212755,-3.7563594313426165],[119.48373813370802,-3.7563829225338168],[119.48380975481643,-3.7566058509792128],[119.48388138491805,-3.7568287866191667],[119.48399523998842,-3.7570671312430477],[119.48410908516621,-3.7573054839608631],[119.48414268383783,-3.7573627833656928],[119.48422068923344,-3.757495812881416],[119.48433228520685,-3.7576861507951662],[119.48444803335008,-3.7578496421472209],[119.48456377160085,-3.758013132599956],[119.48459932090202,-3.7580567946852739],[119.48464920899391,-3.7581180672949017],[119.48465928499809,-3.7581304419662729],[119.48475670585731,-3.7582500922678719],[119.48477256630099,-3.7582695706840923],[119.48477937776613,-3.7583333362144344],[119.48477991466143,-3.7583383616260448],[119.48479495222534,-3.7584792260354334],[119.4848173381497,-3.7586888813867176],[119.48483301962824,-3.75873146878223],[119.48485423193733,-3.7587890748558834],[119.48493037393769,-3.7589958559739216],[119.48494201296364,-3.759027466244504],[119.48503114117432,-3.7592256318573618],[119.48512027028426,-3.7594237983695393],[119.48517840336069,-3.759573897017674],[119.48519202539171,-3.7596090704022345],[119.48526378139843,-3.7597943433342493],[119.48533553560651,-3.7599796153668876],[119.48540727002955,-3.760156881634714],[119.48547900175458,-3.7603341497011797],[119.48555073527825,-3.7605114177676455],[119.48562779368774,-3.7607144271290736],[119.48563855497537,-3.7607427755585832],[119.48572637377322,-3.7609741351481603],[119.48579621692193,-3.7611457581701302],[119.48586606007063,-3.7613173820914767],[119.48593590321946,-3.7614890060127664],[119.486027985703,-3.7617358888001604],[119.4861200699853,-3.7619827715876113],[119.48618946976831,-3.762162868921223],[119.48625886865193,-3.7623429662548347],[119.48627576781246,-3.7623868198957666],[119.48632826843493,-3.7625230617898069],[119.48640522701965,-3.7627262069488552],[119.48648218740311,-3.7629293512085269],[119.4865591468872,-3.7631324945689357],[119.48664082331538,-3.7633445708951854],[119.48672136210121,-3.7635536965457845],[119.48672249794504,-3.763556647221435],[119.48680417437322,-3.7637687217490452],[119.48690243519934,-3.7639647460761125],[119.48695335121624,-3.7640663191052681],[119.48700069692472,-3.7641607704031799],[119.48708280682615,-3.7643610728052295],[119.48708458208785,-3.7643654039401895],[119.4871649194256,-3.7645613761065988],[119.48724702932702,-3.7647616794079113],[119.48733698401463,-3.7650015043159328],[119.48742693870236,-3.7652413292238975],[119.48750772929839,-3.7654727067999261],[119.48756681295811,-3.7656419232361031],[119.48758851809566,-3.7657040852752743],[119.48768254491358,-3.7658923520503436],[119.48777657083212,-3.7660806188254696],[119.48787059765004,-3.7662688873991783],[119.48796462536723,-3.7664571541743044],[119.48805409262229,-3.7666646313675756],[119.48807076245578,-3.7667032860277914],[119.4881769004437,-3.7669494187805981],[119.48828723376892,-3.7671870646312868],[119.48839756799339,-3.767424712280615],[119.4884641519991,-3.7676033122430113],[119.48853073600469,-3.7677819113060877],[119.48859732090966,-3.7679605112685408],[119.48866390491537,-3.7681391103316173],[119.48873048982034,-3.7683177102940704],[119.48879895610696,-3.7684992240598945],[119.48885371582639,-3.7686444016177916],[119.4888674223937,-3.7686807378257186],[119.4889328489719,-3.7688541945653924],[119.48893588778105,-3.7688622533902389],[119.4889989500416,-3.769037543847503],[119.48906201140278,-3.7692128343048239],[119.48912507276395,-3.769388124762088],[119.48918813412513,-3.7695634152194089],[119.48925380981552,-3.7697529401460201],[119.48928169779219,-3.7698334186773081],[119.48931948640518,-3.7699424650726314],[119.48938516209557,-3.7701319890999798],[119.48944891593476,-3.7703036283097617],[119.48951266977394,-3.7704752693181831],[119.48957642361313,-3.7706469076286453],[119.48964020892856,-3.7708293755752038],[119.48970399334473,-3.7710118444210252],[119.48976777776079,-3.7711943123675837],[119.48984220205602,-3.7714108790088403],[119.48991662635126,-3.7716274465493598],[119.48997807972466,-3.771813687151905],[119.49003953309807,-3.7719999268550737],[119.49008504418953,-3.7721378513807053],[119.49010098737074,-3.7721861683569387],[119.49017885427077,-3.7723780099371425],[119.49025672207017,-3.7725698524167228],[119.4903361331061,-3.7728090010345454],[119.49041554324276,-3.7730481496523112],[119.49044489891298,-3.7731273070795055],[119.4904955900995,-3.77326399054067],[119.49057563605686,-3.7734798332276682],[119.49063573235321,-3.773645490147203],[119.49064507001401,-3.7736712287441492],[119.49071450487054,-3.7738626251599499],[119.49078393972707,-3.7740540206764877],[119.49084864684767,-3.7743129840569054],[119.49091335396815,-3.7745719465380603],[119.49096454517769,-3.7747751627435377],[119.49101573638723,-3.7749783798482781],[119.49106692759665,-3.7751815960537556],[119.4911364820631,-3.775415828977259],[119.49120603563006,-3.7756500619007625],[119.49122005785944,-3.7757070429456121],[119.49125060513143,-3.7758311709717418],[119.4912849007776,-3.7759705362112186],[119.49129517373331,-3.776012280941984],[119.49133974323468,-3.7761933900129065],[119.49140508257858,-3.7764283396960536],[119.49147042641914,-3.7766632902785773],[119.49148463121082,-3.7767250521193887],[119.49152950378368,-3.7769201492454272],[119.49158858204748,-3.7771770082123339],[119.49163981192783,-3.7773936423026839],[119.49169104270754,-3.7776102745944513],[119.49169950712667,-3.7776468167471648],[119.49173659157054,-3.7778069158564449],[119.49178214223218,-3.7780035562191188],[119.49182769199444,-3.7782001965817358],[119.49184820642961,-3.778288341833445],[119.49186955003972,-3.7783800484004928],[119.49194927673784,-3.7785731733132479],[119.49202900523449,-3.7787662982260599],[119.49210873193249,-3.7789594231388151],[119.49218846042913,-3.7791525471523073],[119.49221670094005,-3.7792209558823515],[119.49222439823745,-3.7792395997277026],[119.49222960621137,-3.7792522154173867],[119.49223388158839,-3.7792625729093743],[119.49224015435971,-3.7792777660559977],[119.49226818802651,-3.7793456720650624],[119.49232287490076,-3.7794672801907723],[119.49234807480389,-3.7795233178467811],[119.49236935276349,-3.7795706347769169],[119.49241292311797,-3.7796675223382294],[119.49247051839973,-3.7797955983880911],[119.49255972035485,-3.7800156508016016],[119.49264892230997,-3.7802357041144319],[119.49267335689001,-3.7803028376058023],[119.492713748141,-3.7804138130470051],[119.49277857487141,-3.7805919210802585],[119.49284340160182,-3.7807700300128317],[119.49290822923149,-3.7809481380460852],[119.49298003380159,-3.7811489422697946],[119.49301186890273,-3.7812379661591535],[119.49305184196896,-3.7813497446949214],[119.49312364743844,-3.781550548019311],[119.49313778118369,-3.7815864210764403],[119.49320720344974,-3.7817626153523634],[119.49329075946105,-3.7819746835847354],[119.49337431637161,-3.782186750018468],[119.4934658493695,-3.7824035001214042],[119.49355738236738,-3.7826202511236602],[119.49361574027421,-3.7827584418485571],[119.49364891536527,-3.7828370012265964],[119.49372869242529,-3.7830396643489621],[119.49380847038469,-3.7832423265720649],[119.49388824834409,-3.7834449896944875],[119.49396101339016,-3.783652849099667],[119.4940337793355,-3.7838607076055268],[119.49410654528094,-3.7840685670107064],[119.49417265894112,-3.784245377322236],[119.49420601029919,-3.7843345675861997],[119.4942172311404,-3.7843645779628332],[119.49423877260131,-3.7844221876338224],[119.49430488806024,-3.784598997945352],[119.49438306342768,-3.7847731849344655],[119.49444274064001,-3.7849061622895306],[119.49446123609721,-3.7849473728229555],[119.49453941146476,-3.7851215598120689],[119.49461758413429,-3.7852957477005589],[119.49472933658967,-3.7855348009902059],[119.49484108994443,-3.7857738551792295],[119.49484651735293,-3.7857851155905564],[119.49492264766207,-3.7859430878032185],[119.49500420358117,-3.786112322225847],[119.49508576219819,-3.7862815548498361],[119.49509398739769,-3.7862990799385443],[119.49512869673208,-3.7863730383849656],[119.49517346318487,-3.7864684231791443],[119.49526116417144,-3.7866552906091329],[119.49533851486058,-3.7868278327382541],[119.49541586375119,-3.7870003730687358],[119.49549321533971,-3.787172915197857],[119.49557814281707,-3.7873732059086933],[119.4956630711938,-3.7875734966195296],[119.49574799867128,-3.7877737891290053],[119.49583803609653,-3.7879575916694534],[119.49592807262252,-3.7881413942099016],[119.49601810914851,-3.7883251967504066],[119.49609638164281,-3.7884930255326594],[119.49617465503638,-3.7886608561135517],[119.49625292842995,-3.7888286857951812],[119.49634153233592,-3.7890030769303849],[119.49636383732127,-3.7890469800340725],[119.49643013624188,-3.7891774689649651],[119.49651873834921,-3.7893518609995454],[119.49662238701364,-3.7895431548926126],[119.4967260347787,-3.7897344496850565],[119.49682968344325,-3.78992574537682],[119.4969229836089,-3.7900943196970616],[119.49693249663744,-3.7901115093386579],[119.49693525036162,-3.7901164843881929],[119.49703530983174,-3.7902972724011761],[119.49713812302605,-3.7904830345643745],[119.49724093622024,-3.7906687994255321],[119.49732808412386,-3.7908257769879583],[119.49741523022874,-3.7909827563490808],[119.49746544207653,-3.7910732020665705],[119.49747234167523,-3.7910856306972391],[119.49750237813225,-3.7911397339115638],[119.49759140112235,-3.7912971773228037],[119.49768042411233,-3.7914546198347807],[119.49776437312732,-3.7916030871127191],[119.49776944800169,-3.7916120632460775],[119.49790293707099,-3.7918305706243132],[119.49803642614017,-3.7920490798011315],[119.49817345224312,-3.7922774653326883],[119.49831047924533,-3.7925058508643019],[119.49840561222925,-3.7926684545854528],[119.49850074521328,-3.7928310592059802],[119.49859587819731,-3.792993662927131],[119.49871317587247,-3.7932058642591642],[119.49883047444689,-3.7934180637925579],[119.49907054127254,-3.7938553375537367],[119.49934051685148,-3.7942921733450703],[119.49944499379149,-3.7944710718824126],[119.49956940600339,-3.7946841068859953],[119.49985632840685,-3.7952128650816235],[119.4999999933051,-3.7955360553446553],[119.50006009769538,-3.7956712486291622],[119.50012550358917,-3.7958059293001725],[119.50019091937554,-3.7959406090718062],[119.50025632526922,-3.7960752888434399],[119.50032173835757,-3.7962099686151305],[119.5003863033852,-3.7963364078988775],[119.50045087470812,-3.7964628561758218],[119.50051543883649,-3.7965892963588885],[119.50057955959903,-3.7967246838969686],[119.50064369025415,-3.796860073233745],[119.50070781191607,-3.796995460771825],[119.50074273438975,-3.7970870828025909],[119.50077367916208,-3.7971682717982844],[119.50083955360253,-3.7973410738314328],[119.50089521624125,-3.7974665994040038],[119.50095087887996,-3.7975921330704523],[119.50100654061941,-3.7977176577436467],[119.50101216767746,-3.7977287194048017],[119.50115886778758,-3.7980171050053286],[119.50120165663122,-3.7981012203949831],[119.50127237482036,-3.798246477093187],[119.50133136225259,-3.7983889386985084],[119.50139035687948,-3.7985314101964036],[119.50144934431182,-3.7986738718016682],[119.50154844870201,-3.7989122497004928],[119.50159929187384,-3.7990253610315108],[119.50161630524838,-3.7990632089998257],[119.5016841599961,-3.7992141602052811],[119.50174780321856,-3.799345662672124],[119.50181145543434,-3.7994771750315408],[119.50187509775765,-3.7996086783977603],[119.50193874098022,-3.7997401808646032],[119.50199849913145,-3.7998660463808847],[119.50205826537672,-3.7999919118971661],[119.50211802262868,-3.8001177864066449],[119.50217778977321,-3.8002436510236066],[119.50223695077477,-3.8003810332580201],[119.50229611177622,-3.8005184145931139],[119.50235528177086,-3.8006557878342733],[119.50241444277242,-3.8007931700686868],[119.50247360377386,-3.8009305514037806],[119.50253445190344,-3.8010659488344345],[119.50259529913376,-3.8012013462650884],[119.50265614636407,-3.8013367436957424],[119.50271698370193,-3.8014721411263395],[119.50277783093225,-3.8016075385569934],[119.50283867906182,-3.8017429359876473],[119.50290093193257,-3.8018792687132077],[119.50296318570247,-3.8020156032374643],[119.50302544037186,-3.8021519359630247],[119.50308769414187,-3.8022882776818392],[119.5031499470125,-3.8024246113067193],[119.50321220078251,-3.8025609449315994],[119.50326668261141,-3.8026855334105676],[119.50332117433277,-3.8028101200908964],[119.50337566515486,-3.8029347076706017],[119.50343014608438,-3.8030592961495699],[119.50348463690648,-3.8031838837292185],[119.50353911873538,-3.8033084722081867],[119.5035992698904,-3.803445751020547],[119.50365941295161,-3.8035830388261616],[119.50371956410663,-3.8037203176385219],[119.50377971526166,-3.8038575982495217],[119.50383985832286,-3.8039948860550794],[119.50390000857863,-3.8041321648674398],[119.50395735384882,-3.8042727513862928],[119.50401469911912,-3.8044133370058262],[119.50401822446156,-3.8044219776920727],[119.50407205158399,-3.8045539226253595],[119.5041293968543,-3.8046945100435323],[119.50414019591335,-3.8047209842859502],[119.50418674212449,-3.8048350956630657],[119.5042440873948,-3.8049756821819187],[119.50429761864029,-3.8051108197084886],[119.50435115078506,-3.8052459581344351],[119.50440469192301,-3.8053810866677509],[119.50445822406789,-3.8055162250936405],[119.50451175621265,-3.8056513626202673],[119.50456858527207,-3.8057754735592084],[119.50462541523075,-3.8058995853975262],[119.50468224429017,-3.8060236963364673],[119.50473907424896,-3.8061478063760887],[119.50479590330838,-3.8062719173150867],[119.50485273326706,-3.8063960282540279],[119.50490848044205,-3.8065192920316804],[119.50496423661025,-3.806642555809276],[119.50501998378525,-3.806765828580069],[119.50507574085282,-3.8068890932569843],[119.50513148802781,-3.8070123579338997],[119.50518675766284,-3.8071633073407156],[119.50524202819713,-3.8073142477542774],[119.50529728883885,-3.8074651980604131],[119.50535255937314,-3.8076161483664919],[119.50539879082157,-3.8077535656744885],[119.50544501507545,-3.8078909847810678],[119.50549124832253,-3.8080283948944498],[119.50553747167703,-3.8081658140010859],[119.50558370492411,-3.8083032322083454],[119.50562817999662,-3.808439362586455],[119.50567265416976,-3.808575494763204],[119.50571712924216,-3.8087116260406901],[119.50576160431467,-3.8088477483248653],[119.50580607938707,-3.8089838796022946],[119.50584490042183,-3.8090952390539883],[119.50588013406104,-3.8091963066641483],[119.50594875323247,-3.8093457982699306],[119.5060173724039,-3.8094952988689101],[119.50608599067596,-3.8096447913739553],[119.50615460984739,-3.8097942910736151],[119.50621377444622,-3.8099319520978838],[119.50627293814568,-3.8100696131220957],[119.50633211173761,-3.8102072741463644],[119.50639127633644,-3.8103449351705763],[119.50645044003579,-3.8104825952954684],[119.50649922286095,-3.8106119708656934],[119.50654799759207,-3.8107413563284922],[119.50659678221575,-3.8108707318987172],[119.50661456630928,-3.8109179067359378],[119.50664555514834,-3.8110001083682619],[119.50669433977203,-3.8111294839384868],[119.50674311540251,-3.8112588694012288],[119.50679189822756,-3.8113882449714538],[119.50684103088895,-3.811523205331639],[119.5068901554564,-3.8116581656917674],[119.50693928811768,-3.8117931260518958],[119.50698842077907,-3.8119280873113439],[119.50703754534652,-3.8120630467721526],[119.50708667800779,-3.8121980080316007],[119.50714402237884,-3.8123378876833272],[119.50720136585039,-3.8124777682343733],[119.5072587111207,-3.8126176487854195],[119.50731605459225,-3.8127575203432684],[119.50737339986256,-3.8128973999949949],[119.50743074423349,-3.8130372796466645],[119.50748685743258,-3.8131868081246694],[119.5075429607391,-3.813336344696495],[119.50759907303882,-3.8134858722751233],[119.50765517814398,-3.8136354088470057],[119.50771129134307,-3.813784936425634],[119.50775665584501,-3.813914529631802],[119.50780202214571,-3.8140441138447159],[119.50784738844629,-3.8141737079502036],[119.50789275294824,-3.8143033011563716],[119.50792095298971,-3.8143838579286466],[119.50793811924882,-3.8144328952618594],[119.50798348465014,-3.8145624785754535],[119.50802885095072,-3.8146920726809412],[119.50807929572295,-3.8148294782977246],[119.50812975038775,-3.8149668839145079],[119.50818019515998,-3.8151042805380939],[119.50823064982467,-3.8152416861548204],[119.5082810945969,-3.8153790917716037],[119.50832224127851,-3.8155084718384842],[119.50836339515467,-3.8156378510059881],[119.50840454003753,-3.8157672310728117],[119.5084456849205,-3.8158966111396353],[119.50848683969593,-3.8160259993003933],[119.5085279845789,-3.8161553793672169],[119.50856913126051,-3.8162847585347208],[119.50861027614337,-3.8164141377022247],[119.50865143001954,-3.8165435177691052],[119.50869257580177,-3.8166728978359288],[119.50873053978262,-3.8168347245428436],[119.50876849566964,-3.8169965431558808],[119.50880645875111,-3.8171583698628524],[119.50882397035002,-3.8172110746313592],[119.50885646195627,-3.8173163258877025],[119.50888895266314,-3.8174215762447261],[119.50889010289598,-3.8174267887152951],[119.5089087116678,-3.8175111226401555],[119.50895437024803,-3.8176451531012958],[119.50899048792076,-3.8177511777745963],[119.50900002792901,-3.8177791826631164],[119.50904569460317,-3.8179132050303224],[119.50909135408278,-3.818047234592143],[119.50910538080871,-3.818088411850681],[119.50913701176376,-3.8181812650532834],[119.50918475856986,-3.8183218767531457],[119.50920511922095,-3.8183818471445079],[119.50923249728203,-3.8184624902517044],[119.50928024408802,-3.8186031028508864],[119.50932798190092,-3.8187437163493883],[119.50932910875144,-3.8187470348477177],[119.50937572870703,-3.8188843289485703],[119.5094234674192,-3.8190249406484327],[119.50947637993102,-3.8191721281910986],[119.50952930233552,-3.8193193139351251],[119.50958221484746,-3.8194665005784714],[119.50962698669616,-3.8195910422927],[119.50963512825865,-3.8196136872218176],[119.50968805066304,-3.8197608729658441],[119.50972818201001,-3.8198725040127783],[119.50974096407424,-3.8199080596091903],[119.50978409196239,-3.8200415279940785],[119.50982722074968,-3.8201749963789098],[119.50987034863772,-3.8203084719583558],[119.50991347832439,-3.8204419403432439],[119.5099566071118,-3.8205754078287555],[119.50999659726517,-3.8207094553770276],[119.51003658741865,-3.8208435011266033],[119.51004839821508,-3.8208830892830861],[119.51007657667276,-3.8209775378830386],[119.51008007773351,-3.8209892722370569],[119.51011656682613,-3.8211115845319341],[119.51015655697961,-3.8212456311808864],[119.51015983320974,-3.8212566110037756],[119.51019527459232,-3.8213754141439722],[119.51019654713298,-3.8213796778298388],[119.51024337303329,-3.8215281019403164],[119.51029019803423,-3.8216765350439914],[119.51033703292774,-3.8218249591544691],[119.51038385882805,-3.8219733931575206],[119.51041935506919,-3.8220859073387032],[119.5104306838291,-3.8221218172679983],[119.51048170416732,-3.8222614801831014],[119.51051579926479,-3.8223548100264111],[119.51053272540503,-3.8224011430982046],[119.51057259414995,-3.8225102731305469],[119.51058374484398,-3.8225407961207907],[119.51063476518232,-3.8226804590358938],[119.51068578641991,-3.822820121950997],[119.51073680585898,-3.822959784866157],[119.51078782619732,-3.8230994378886862],[119.51083884743491,-3.8232391008037894],[119.51086474161457,-3.8233279861975689],[119.51087678443616,-3.8233693208374575],[119.51088354463991,-3.8233925269435076],[119.5109147214373,-3.8234995318778715],[119.51095265843855,-3.8236297519114828],[119.51098515364197,-3.8237412705431666],[119.51099060263425,-3.8237599719450941],[119.51102854143414,-3.8238901919787054],[119.51106647663664,-3.8240204030191194],[119.5111044136379,-3.8241506230527875],[119.51114724025297,-3.8242943050381086],[119.51119007586135,-3.8244379951173073],[119.51123291057047,-3.8245816860958826],[119.51127573718554,-3.8247253680812037],[119.51131242412919,-3.8248484609876527],[119.51131856290147,-3.8248690581604592],[119.51135049872664,-3.8249761800066722],[119.51136139940911,-3.8250127401457803],[119.51139695140819,-3.8251521593446114],[119.51143103301581,-3.8252858165870975],[119.51143250430664,-3.8252915866373769],[119.51146806529903,-3.8254310049368883],[119.51150361819748,-3.8255704331289166],[119.51153917019656,-3.8257098523277477],[119.51157943464329,-3.8258575452894092],[119.51161970898249,-3.8260052472443249],[119.51165997432838,-3.8261529402059864],[119.51167181929907,-3.8262112819250547],[119.51169278429461,-3.8263145456796792],[119.51171681507901,-3.826410625649828],[119.51173001083134,-3.8264633870755915],[119.51175851844096,-3.826550458536758],[119.51178619597624,-3.8266459566455637],[119.51181909317665,-3.8267201821906269],[119.5118947558384,-3.826873888918783],[119.5119704193994,-3.8270276055395129],[119.51202146761671,-3.8271767949730702],[119.51207251673327,-3.8273259916011853],[119.51210287424828,-3.8274147097210403],[119.51212356584995,-3.8274751810347425],[119.51217461496663,-3.8276243686696034],[119.51221554671019,-3.8277600565813259],[119.51224073492199,-3.8278435370495458],[119.51225648834634,-3.8278957453923113],[119.51229742008991,-3.8280314431964939],[119.51233835183348,-3.8281671311081595],[119.51234797907603,-3.8281990381550486],[119.51237929257036,-3.8283028190198252],[119.5124202252133,-3.8284385069314908],[119.51243004401135,-3.8284711900932962],[119.51246253112095,-3.82857932367682],[119.5125048370287,-3.8287201332275345],[119.51254715103028,-3.8288609508721265],[119.51255695723785,-3.8288935872691923],[119.51258945693792,-3.8290017586242016],[119.51260109236659,-3.8290404879281255],[119.5126098751457,-3.8290697212905798],[119.51263176284567,-3.8291425771681702],[119.51268521495081,-3.8293132963714811],[119.51273867604914,-3.8294840245680462],[119.51276883841126,-3.8295803581469841],[119.51279212815427,-3.8296547437713571],[119.5128062897785,-3.8296896878287612],[119.51285443768222,-3.8298084909690147],[119.51285490263172,-3.8298096367053063],[119.51291674900881,-3.8299622462606067],[119.51296142642877,-3.8300955725525796],[119.5129620523569,-3.8300974395451703],[119.51300610384862,-3.830228890750675],[119.51305571404998,-3.8303657279959111],[119.51310531525814,-3.8305025751336643],[119.5131549254595,-3.8306394123789573],[119.51319424741666,-3.8307842868653097],[119.51323356757518,-3.8309291541571042],[119.5132555766836,-3.8310102433280235],[119.51327289043161,-3.8310740286434566],[119.51331171236575,-3.8312080779903681],[119.51334705032616,-3.8313301132940296],[119.51335052620584,-3.8313421183440255],[119.51338934813998,-3.8314761667916173],[119.5134089524613,-3.8315327791144114],[119.51343585568031,-3.8316104742439165],[119.51348236322053,-3.8317447798976332],[119.51352887076087,-3.8318790873499324],[119.51356222481684,-3.8319754092377138],[119.51357537830108,-3.8320133930036491],[119.51362188584142,-3.8321476995566286],[119.51368051984014,-3.832293548908126],[119.51373915473823,-3.8324393973602469],[119.51379778064313,-3.8325852548056218],[119.51385641644049,-3.8327311041570624],[119.51391505133859,-3.8328769517099204],[119.51392736485604,-3.8329148338524419],[119.5139643539718,-3.8330286223729786],[119.51397646963846,-3.8330658938758688],[119.51401365660502,-3.8331802921367171],[119.5140629511443,-3.8333319610011358],[119.51411225377751,-3.8334836307648743],[119.51415096959158,-3.8336212045549019],[119.51418968630503,-3.8337587792441923],[119.5142283931259,-3.8338963620274171],[119.51426710893998,-3.8340339358174447],[119.51430888874427,-3.8341640506303634],[119.51431818863352,-3.8341930123975771],[119.51434813515834,-3.8342862729930403],[119.51436926832719,-3.8343520871790133],[119.51442034802074,-3.8345111718530234],[119.51447142681491,-3.8346702475338361],[119.5145198759916,-3.834812737018126],[119.51456833326199,-3.8349552256031529],[119.51461679143188,-3.8350977150874428],[119.51466523970907,-3.8352402126656102],[119.51471369787896,-3.8353827021499569],[119.51476214615616,-3.835525190734927],[119.51481288680532,-3.8356637241015505],[119.51483357930636,-3.8357202177138561],[119.51486362835385,-3.8358022565688543],[119.51489178342911,-3.8358791342146219],[119.51491436000981,-3.835940780042904],[119.51496510065897,-3.8360793134095275],[119.51501584130813,-3.8362178449775115],[119.51506322388877,-3.836361756289989],[119.51511060557004,-3.8365056586092123],[119.51515798005676,-3.8366495699216898],[119.51520536173814,-3.8367934722409132],[119.51525274431879,-3.8369373826540141],[119.51529390808741,-3.8370717053948624],[119.51533507185616,-3.8372060272363342],[119.5153762446181,-3.8373403481784862],[119.51541740838672,-3.837474670019958],[119.51542992694965,-3.8375155217239012],[119.51545857215547,-3.8376089918614298],[119.51546289609587,-3.8376237200585592],[119.51550827858421,-3.83777831171966],[119.51555797601986,-3.8379476306785705],[119.51560768334798,-3.8381169505368007],[119.51566254379145,-3.8382857847611263],[119.51571739614099,-3.8384546099921977],[119.51576945969282,-3.8386148332079415],[119.51577225838309,-3.838623445115843],[119.51581553375991,-3.8387571266400187],[119.51585085373392,-3.8388662341893109],[119.51585881003609,-3.8388908099628907],[119.51590207911772,-3.8390244842924517],[119.51594535629317,-3.8391581667159471],[119.51599110660436,-3.8392981956551466],[119.51603685871407,-3.8394382245943461],[119.5160826108239,-3.839578246338931],[119.51612836203435,-3.8397182752781305],[119.51617046469528,-3.8398501977283672],[119.51621255836289,-3.839982112984103],[119.51625466012456,-3.8401140372329792],[119.51628764276052,-3.8402173999130014],[119.51629675379218,-3.8402459515893383],[119.51633885465446,-3.8403778749389517],[119.51634719226922,-3.8404040029423072],[119.51638094922146,-3.8405097901946306],[119.51642708624115,-3.8406614680522466],[119.51645242104246,-3.8407447542669502],[119.51647322326073,-3.8408131369166654],[119.51651864172197,-3.8409590240397051],[119.51656406018333,-3.8411049201558853],[119.51660947864457,-3.8412508072788683],[119.51665489710592,-3.8413967033951053],[119.51666110692463,-3.8414166476601395],[119.51670031646654,-3.8415425896187685],[119.51673088262419,-3.8416442678686167],[119.51673983357648,-3.8416740417235928],[119.51677935338455,-3.8418054938284172],[119.51681887139387,-3.8419369549264957],[119.51685839030256,-3.84206840703132],[119.51689790921125,-3.8421998591361444],[119.51693742722057,-3.8423313121402884],[119.51698762018259,-3.8424757738378617],[119.51703781224535,-3.8426202373340175],[119.51708801420057,-3.8427646999309104],[119.51713820716259,-3.8429091616284836],[119.51715164213465,-3.8429478306778151],[119.51718840012461,-3.8430536251246394],[119.51723082834008,-3.843193032632314],[119.51723297412252,-3.8432000833171287],[119.5172775490197,-3.8433465424089377],[119.51732213291018,-3.8434929907089099],[119.51736670780735,-3.8436394498007189],[119.51741128270464,-3.8437859079932082],[119.51745505540657,-3.8439286456904256],[119.51749881821593,-3.8440713923807834],[119.51751635859318,-3.8441285901622564],[119.51754259091786,-3.8442141291786811],[119.51755890372044,-3.8442673258763307],[119.51756433562571,-3.8442850380240543],[119.51758636272052,-3.8443568659765219],[119.51763012642925,-3.8444996117676169],[119.51767389823192,-3.8446423485655146],[119.51767671041193,-3.8446517078100442],[119.51767921142653,-3.8446600310355734],[119.51771459884969,-3.8447778017541054],[119.51775530036684,-3.8449132540433766],[119.51779600008535,-3.8450487063327046],[119.51783670969644,-3.8451841586219757],[119.51787741121359,-3.8453196109112469],[119.5179181109321,-3.8454550632005748],[119.51795883043576,-3.8455966335777134],[119.51797654258348,-3.8456582200507796],[119.51799954904004,-3.8457382048542286],[119.51801616491412,-3.8457959773024868],[119.51804026674495,-3.8458797761307437],[119.5180809952418,-3.846021347407202],[119.51812171384609,-3.8461629186837172],[119.51816243334963,-3.8463044899601755],[119.5182056142977,-3.8464540607062645],[119.51824879524577,-3.8466036242577957],[119.5182529141407,-3.8466178929014063],[119.51829197619384,-3.8467531950038847],[119.5182925409681,-3.8467551510293561],[119.51831837938971,-3.8468446479620866],[119.51833515624253,-3.8469027576560961],[119.5183783371906,-3.8470523293015049],[119.51841930490707,-3.8471988432519879],[119.51846028071748,-3.8473453572024141],[119.51850124933321,-3.8474918711528971],[119.51854221704968,-3.8476383860026431],[119.51858319286009,-3.8477848999531261],[119.51861927725793,-3.8479139490694365],[119.51862416057656,-3.8479314139036092],[119.51865667016921,-3.8480350958429312],[119.51866503566293,-3.8480617769293985],[119.51870591074919,-3.8481921489484421],[119.51874678583556,-3.8483225119742883],[119.51877013403453,-3.8483969785376644],[119.51878766182119,-3.8484528839933319],[119.51882853690756,-3.8485832470191781],[119.51885589518349,-3.8486830357934423],[119.51887116926912,-3.848738748794176],[119.51891380972461,-3.8488942505691739],[119.51893202998929,-3.8489607041731233],[119.51895644208616,-3.8490497442502374],[119.51899908344103,-3.8492052460252353],[119.51900711708481,-3.849234549534799],[119.51904171490332,-3.8493607478002332],[119.51907232962435,-3.8494649198701154],[119.51908183365981,-3.8494972585915548],[119.51912195421482,-3.8496337792754503],[119.51916207387069,-3.8497702909660916],[119.51916907869008,-3.8497941256982813],[119.51920219442582,-3.84990680175747],[119.51922661821391,-3.8499935980260602],[119.51924304073384,-3.8500519595302762],[119.51928389693433,-3.8501971191017219],[119.51932474414173,-3.8503422768745281],[119.51935297835735,-3.8504426178325275],[119.51936559134901,-3.8504874445399082],[119.51939301077891,-3.8505848887815546],[119.51940643765704,-3.8506326032120342],[119.5194472857637,-3.8507777618841601],[119.51945695977099,-3.8508121321740987],[119.51947826560956,-3.8508878308086878],[119.51948814196419,-3.8509229196569663],[119.51952898917159,-3.851068079228412],[119.51953152436045,-3.8510753898173107],[119.51958070918249,-3.8512172182999507],[119.51963242919328,-3.8513663573714325],[119.51967409478368,-3.8514865121927642],[119.51968414920418,-3.8515155045368488],[119.51971045976995,-3.851738578672439],[119.51972176065078,-3.851786226553088],[119.5197309328363,-3.8518248956024195],[119.5197586940086,-3.8518709004216589],[119.51978844178325,-3.8519201958603162],[119.51983774441646,-3.8519783819966733],[119.51992703540441,-3.8520796150821184],[119.52000611369124,-3.8521936140439834],[119.52002810481326,-3.8522731213074621],[119.5200437772985,-3.8523297803949959],[119.52007236584711,-3.8524331421756983],[119.52008144000649,-3.8524659458466886],[119.52011909372129,-3.8526021112983244],[119.52015675642917,-3.8527382767500171],[119.52019453604908,-3.8528683690799426],[119.52023231566886,-3.852998468604369],[119.52027010518123,-3.8531285609342945],[119.52030788480113,-3.8532586622574172],[119.52031950404194,-3.8532986685986543],[119.52034566532029,-3.8533887527886463],[119.52037446431018,-3.8534734473416847],[119.52039423590531,-3.8535315930085403],[119.52044281458427,-3.8536744422216884],[119.52046229479913,-3.8537317200427879],[119.52049139506187,-3.8538172806429429],[119.52053674157742,-3.8539506411091793],[119.52053996474763,-3.8539601208628369],[119.52058680593643,-3.8541114425889305],[119.52063365611843,-3.8542627562212033],[119.52063644041948,-3.854271751240276],[119.52068049730713,-3.8544140788466166],[119.52069539727484,-3.8544622150591294],[119.52072559920714,-3.8545597834072396],[119.52072733759667,-3.8545654005727101],[119.52077980404476,-3.8547170595446119],[119.52079530386027,-3.8547618583730241],[119.52081729318354,-3.8548254080660627],[119.52083227858679,-3.8548687176171939],[119.520884745035,-3.855020375689719],[119.52093721058384,-3.855172033762301],[119.52097472220578,-3.8553052350484904],[119.52101223202897,-3.8554384372340564],[119.52104974275153,-3.8555716376209261],[119.5210670007416,-3.8556329201231279],[119.52108725437336,-3.8557048398064921],[119.52109638069351,-3.8557372522723199],[119.52112476419654,-3.8558380410926816],[119.52116452412361,-3.8559709096297183],[119.52120428315118,-3.8561037709721973],[119.52124404217886,-3.8562366404085537],[119.52128380120655,-3.8563694999523932],[119.5213235611335,-3.8565023603955524],[119.52136332016119,-3.8566352298319657],[119.5213919770581,-3.8567274723948799],[119.52140122568608,-3.8567572453505363],[119.52141087810958,-3.856788311531318],[119.52145842616551,-3.8569413950293097],[119.5215059751207,-3.8570944767286619],[119.52155353306921,-3.8572475602266536],[119.52159629673179,-3.8573771570301005],[119.52163905230043,-3.8575067457396699],[119.52168181686238,-3.8576363425431168],[119.52172458142434,-3.8577659411452032],[119.52172895392812,-3.8577791935549044],[119.52176234215847,-3.8578803762782741],[119.52176734508691,-3.8578955379486501],[119.52181010065567,-3.8580251266582195],[119.52185286521762,-3.8581547243609862],[119.52191334372594,-3.8583197706408328],[119.52197381414032,-3.8584848259139335],[119.52203429264853,-3.8586498730930998],[119.52206525540726,-3.8587452551893193],[119.52208230295594,-3.8587977746975071],[119.52211939279584,-3.8589120551471865],[119.52213030516953,-3.8589456772011772],[119.52217831637631,-3.8590935788055845],[119.52222631769052,-3.8592414903025087],[119.52227431900474,-3.8593893919068591],[119.52232233021141,-3.8595372953099059],[119.52236960757136,-3.8596776695887343],[119.52241689482389,-3.8598180447668824],[119.52242582689041,-3.8598445657740399],[119.52244250032118,-3.8598940716540255],[119.52246417218385,-3.8599584208444071],[119.52251145044318,-3.8600987870293579],[119.52255873679633,-3.8602391622075061],[119.52260601505566,-3.8603795382850308],[119.52265882144752,-3.8605269551547963],[119.52271163503394,-3.8606743729239383],[119.52276444142592,-3.8608217996862777],[119.52281724691852,-3.8609692165560432],[119.5228315056695,-3.8610200201577527],[119.5228412480252,-3.8610547285928192],[119.52285154166543,-3.8610914038451369],[119.52285930731125,-3.8611190705885861],[119.52290136680472,-3.8612689246211289],[119.52294342719745,-3.8614187696604176],[119.52298548669091,-3.8615686227936408],[119.52302754708364,-3.8617184768261836],[119.52307997486105,-3.8618567224097546],[119.52313240263834,-3.8619949581008086],[119.52316152718276,-3.8620717422170969],[119.5231848403082,-3.8621332027850599],[119.52318669021361,-3.8621380816071564],[119.52320709223363,-3.8621918745553216],[119.5232372680855,-3.8622714393753768],[119.52329867829144,-3.8624346015755577],[119.52336008759801,-3.8625977565811809],[119.52342149780395,-3.8627609196806247],[119.52347214402425,-3.8628896351485196],[119.52352278934529,-3.8630183497170378],[119.52357343376707,-3.8631470651848758],[119.52358474543973,-3.8631758120140489],[119.52362407998737,-3.8632757788540744],[119.52362950110069,-3.8632928983485044],[119.52390133288031,-3.8641513911737206],[119.5239321229692,-3.8642486321685965],[119.52399308531267,-3.8644411599315163],[119.52403637957536,-3.8645656252033973],[119.52404441591716,-3.8645887260888117],[119.52407865760404,-3.8646871658799569],[119.52409574742092,-3.8647362922460502],[119.52414708791787,-3.8648838503094112],[119.52419492285742,-3.8650213656434858],[119.52419841942162,-3.86503141556733],[119.52423211971666,-3.8651282986320439],[119.524249750026,-3.8651789817245685],[119.52428951714751,-3.8653135499803284],[119.52432928336975,-3.865448126329909],[119.52436904869273,-3.8655826936862923],[119.52439047683913,-3.8656552096201722],[119.52440881491498,-3.8657172709352494],[119.52444507827784,-3.8658399852270691],[119.52444858113722,-3.8658518391909524],[119.52448834735935,-3.8659864056480728],[119.5245281135816,-3.8661209828969731],[119.52454061235949,-3.8661632771135146],[119.52456787980384,-3.866255551152733],[119.52463069385146,-3.8664191792017277],[119.52465684793526,-3.8664873037459984],[119.52469351239574,-3.8665828081500422],[119.52471741187912,-3.8666450664166518],[119.52475632824201,-3.8667464370983566],[119.5247954091808,-3.8668863662127819],[119.52481005374102,-3.866938800285368],[119.52483448922032,-3.8670262863340099],[119.52487357015923,-3.8671662145491155],[119.52491264120545,-3.8673061445628605],[119.52495172214435,-3.8674460646840885],[119.52499080218388,-3.8675859937985138],[119.52502081076182,-3.8676753720207557],[119.52503832775665,-3.8677275425919788],[119.52506765015198,-3.867814891044361],[119.52508584523559,-3.8678690922847068],[119.52513337080848,-3.8680106410781718],[119.52518088828742,-3.8681521988648342],[119.52522840396773,-3.8682937467589795],[119.52527593043988,-3.8684352955523877],[119.5253236673534,-3.8685721363949597],[119.52537141326013,-3.8687089745395156],[119.52538603533731,-3.8687508892421079],[119.52541915107304,-3.8688458135833912],[119.52542551107854,-3.8688640446399063],[119.52546688798657,-3.8689826616204641],[119.52551463389329,-3.8691195015637163],[119.52556237080682,-3.8692563406075919],[119.52560215321682,-3.869396033200303],[119.52564193472756,-3.8695357248937512],[119.52568171713756,-3.8696754075939452],[119.52572149864829,-3.8698151001866563],[119.52573284989114,-3.8698549590390598],[119.52575308283861,-3.8699260036820533],[119.52576128105829,-3.8699547909807848],[119.52580106346841,-3.8700944826741761],[119.52583718293965,-3.8702310771024599],[119.52587330331039,-3.8703676688327846],[119.52590941288918,-3.8705042650597647],[119.5259455332598,-3.8706408576894091],[119.52598165273116,-3.870777452117693],[119.52600971967286,-3.8708614712798521],[119.52603011719623,-3.8709225316494553],[119.52605428377819,-3.8709948596250001],[119.52607858885585,-3.8710676021880204],[119.52612706231412,-3.8712126817198396],[119.52617552587992,-3.8713577621509785],[119.52622399034499,-3.8715028317902238],[119.52627246290388,-3.8716479122213059],[119.52631805493434,-3.871783546173674],[119.52636365685737,-3.8719191900185592],[119.52639203496449,-3.8720036120769805],[119.52640924888783,-3.8720548239709274],[119.52642382599879,-3.8720981892799387],[119.52645484181755,-3.8721904579232387],[119.52650043474728,-3.8723260918756068],[119.52654603577105,-3.872461735720492],[119.52659162870077,-3.8725973696728033],[119.5266391947431,-3.8727522131440537],[119.52668675179223,-3.8729070656085582],[119.52673430974062,-3.8730619180730059],[119.52676810266587,-3.873171926742998],[119.52678187578306,-3.8732167615442563],[119.52679887207034,-3.8732660650767912],[119.52683029977857,-3.87335723205058],[119.52687872287481,-3.873497701657584],[119.52692714687043,-3.8736381721638509],[119.52697556187275,-3.8737786417708548],[119.52702398586837,-3.8739191122771786],[119.52707240896461,-3.8740595818841257],[119.52712083296012,-3.8742000523904494],[119.5271366124648,-3.8742474439642933],[119.52716522169771,-3.8743333759844631],[119.52720057944327,-3.8744395913140579],[119.52720960324064,-3.8744666995784769],[119.52725399197823,-3.8746000330650077],[119.52729837262189,-3.8747333566590214],[119.52734276225874,-3.8748666811523549],[119.52736040785658,-3.8749196925896854],[119.52738714739894,-3.8750000200348609],[119.52743992501257,-3.8751657048333641],[119.52744631199778,-3.8751897095374375],[119.52748580662478,-3.8753381417417927],[119.52753411460776,-3.8755060523623683],[119.52755638182168,-3.8755656648235117],[119.52757521362525,-3.8756160808174513],[119.52761631174349,-3.8757261101717972],[119.52766451540515,-3.8758587080129132],[119.52772264128691,-3.8760209403141062],[119.52777845321316,-3.8761819459400044],[119.52777936782365,-3.8761845863495523],[119.52783323181825,-3.8763327028918866],[119.52786857877197,-3.8764381609922793],[119.52787153574286,-3.8764469842408857],[119.52793102859414,-3.8765936753578103],[119.52797137577841,-3.8766867596861516],[119.52801172296267,-3.8767798440145498],[119.52805438140467,-3.8769421131879085],[119.52809098291254,-3.8770449956300013],[119.52809884928251,-3.8770671045631957],[119.52812758621917,-3.8771478789714138],[119.52816418682778,-3.8772507632120892],[119.52819030673732,-3.8773241829646281],[119.52820078923514,-3.8773536447548622],[119.52822265804934,-3.8774466301578059],[119.52824452596417,-3.8775396137621101],[119.52824702428086,-3.8775502356547804],[119.52826639297973,-3.8776325973664143],[119.52829029875829,-3.8777281656222726],[119.52831420633561,-3.8778237347775075],[119.52832850105949,-3.8778808812975853],[119.52833811301355,-3.8779193039326856],[119.52837215505099,-3.8780281983426335],[119.52840325270802,-3.8781299746185596],[119.52840893192672,-3.878149189533417],[119.52844359629501,-3.8782664818126591],[119.52849507798555,-3.8783768690971669],[119.52854107830819,-3.8784860575854623],[119.52856928284621,-3.8785606149803584],[119.5286340978854,-3.8786372210308855],[119.52865372918632,-3.8786534591897635],[119.52869536330047,-3.8786878987274918],[119.52882344204829,-3.8787448258129871],[119.52890520301276,-3.8787781304063742],[119.52895554166503,-3.8788544046070115],[119.52902464197371,-3.8789996028493192],[119.52904307627705,-3.8790396775390263],[119.52906574278984,-3.8790889567898716],[119.52909063422544,-3.8791396695600611],[119.52910868271954,-3.8791764428385136],[119.52917586837168,-3.8793011302429363],[119.52923933982379,-3.8794239749364579],[119.52929918430993,-3.8795766483435727],[119.52933851705893,-3.8796977042856042],[119.5293816053769,-3.8798317914040013],[119.52940784939278,-3.8799211894113341],[119.52943225789249,-3.8799819449108099],[119.52945646944056,-3.8800422075817664],[119.52947691732595,-3.8800934347641487],[119.52951443704171,-3.8801874301057637],[119.52956120988199,-3.8803140492539114],[119.52960989288226,-3.8804593077508116],[119.52964826245739,-3.8805663801342689],[119.52968663113313,-3.8806734543164225],[119.52972966369305,-3.8807907591861408],[119.5297726980516,-3.8809080667538183],[119.5298006094107,-3.8809765591208816],[119.52982504668864,-3.8810365313108264],[119.52984902441301,-3.8810953739522915],[119.52987739622495,-3.881165003961712],[119.52990553061579,-3.8812637153481546],[119.52993174315543,-3.8813419239905329],[119.52997861402184,-3.8814983682550519],[119.53001238806132,-3.8816231635780696],[119.53004053414338,-3.8817256080503171],[119.53007433066591,-3.8818578596524276],[119.53010069609036,-3.8819845399544874],[119.530104761026,-3.8819997277052494],[119.53013260043917,-3.8821037468903796],[119.53013629305553,-3.8821138121027161],[119.53017563839501,-3.8822210499614584],[119.53020638621581,-3.8822960219438301],[119.53022985222594,-3.8823532413089765],[119.53029342979801,-3.8825114968080925],[119.53035511789449,-3.8826604398273616],[119.5304168437624,-3.8828224338082009],[119.53045812893959,-3.8829733013766941],[119.53048752507925,-3.8830585876836494],[119.53050305996828,-3.8831036581073022],[119.5305390580312,-3.8831959267505454],[119.53054700713869,-3.8832163026901867],[119.5305909543091,-3.8833289481723909],[119.53061843759087,-3.883417100618658],[119.53064592087264,-3.8835052548635645],[119.5306734041543,-3.8835934082091512],[119.530708089207,-3.8836820067191979],[119.53070893816698,-3.8836841749846371],[119.5307444712804,-3.8837749408608033],[119.5307800043937,-3.8838657076362324],[119.53081553840639,-3.883956475311038],[119.5308352632369,-3.8840142972219951],[119.53085111198925,-3.8840607579975313],[119.53087033679662,-3.8841171140135771],[119.53088668557211,-3.8841650406840245],[119.53092225915498,-3.8842693242698374],[119.53095783363722,-3.8843736069563306],[119.53099556919028,-3.8844760199523307],[119.53103330294459,-3.884578432948274],[119.53107103759839,-3.8846808459442173],[119.53110877315146,-3.8847832598395371],[119.53111857845965,-3.8848098707788381],[119.53114650780515,-3.8848856728354804],[119.53117843103985,-3.8849723117227768],[119.53118424335821,-3.8849880858314236],[119.53122163357159,-3.8850793121604852],[119.53125902468435,-3.8851705375901702],[119.531318887157,-3.8853288137736968],[119.53134884717167,-3.8854175768596519],[119.53137880718623,-3.8855063408449269],[119.5314087672009,-3.885595103930882],[119.53142582374278,-3.8856426816643648],[119.53144526079018,-3.8856968990925793],[119.53148175617821,-3.8857986933549569],[119.53150683017611,-3.88586863363048],[119.53151824976749,-3.8859004876173344],[119.5315547451554,-3.8860022827790885],[119.53159123874468,-3.8861040770414661],[119.53162773323334,-3.8862058722032202],[119.53166332660135,-3.8863176111687494],[119.53169892086862,-3.8864293501343354],[119.5317028527046,-3.8864396131975241],[119.53174101093896,-3.886539207718215],[119.53176218277861,-3.8865944665613483],[119.53178310190867,-3.8866490662014144],[119.53182335106681,-3.8867663809636497],[119.53184046336673,-3.8868162582636501],[119.53186360112431,-3.8868836957259418],[119.53190016036422,-3.8870066168618109],[119.53193671870463,-3.8871295379977369],[119.53196577400138,-3.8872254533919204],[119.53199482839864,-3.8873213678867842],[119.53203320157104,-3.8874312371618203],[119.53204012994809,-3.8874510726088829],[119.53207157564282,-3.8875411055375366],[119.53210401059164,-3.8876260869743078],[119.53210814837246,-3.8876369247042817],[119.53213644643995,-3.8877110657130629],[119.53216888138877,-3.8877960471498341],[119.53220131633771,-3.8878810258885892],[119.53224682203324,-3.8880033957400997],[119.53229232862816,-3.8881257655915533],[119.53233098418764,-3.8882263133936021],[119.53236963884785,-3.8883268602963312],[119.53240829440733,-3.8884274062997406],[119.53241178467613,-3.8884361701930743],[119.53245130628284,-3.8885353896964148],[119.53248311620291,-3.8886229090200004],[119.53249396022818,-3.8886484012027154],[119.53252984137919,-3.8887327531140272],[119.53258782336945,-3.8888817060258702],[119.5326364712962,-3.8890120429713306],[119.53269626811834,-3.8891479404250617],[119.53274862394994,-3.8892782737732432],[119.5327850698751,-3.8893648443120696],[119.53282151669964,-3.8894514139515195],[119.532826750754,-3.8894664757971782],[119.53287393368521,-3.8896022455471666],[119.53287672877809,-3.889610834972018],[119.53291514781586,-3.8897288808831263],[119.5329675773919,-3.8898834446652018],[119.5329721801221,-3.8898973850562015],[119.53300877623406,-3.8900082184044891],[119.53307606261023,-3.8901664622123917],[119.53311565076672,-3.8902493185511844],[119.53315076929266,-3.8903228219406287],[119.53317345469122,-3.8903745617365644],[119.53322178425799,-3.8904847871431798],[119.5332427771325,-3.8905281560495268],[119.53327314094281,-3.8905908837622292],[119.53332449762752,-3.8906969803812785],[119.53336591320635,-3.8907952735829667],[119.53340732608729,-3.8908935676839747],[119.53344874076686,-3.8909918617849257],[119.53346666875177,-3.8910500560152173],[119.53349474738479,-3.8911411951100376],[119.53351699841085,-3.8911963442358228],[119.53352993335977,-3.8912284050667836],[119.53356512023413,-3.8913156159229061],[119.53360030620922,-3.8914028267789718],[119.53360404738896,-3.8914120996885799],[119.53363549308358,-3.8914900367357745],[119.53368292332834,-3.8916096168902641],[119.5337294659422,-3.8917269640281233],[119.53373035177435,-3.8917291970447536],[119.53378536420325,-3.8918449442887209],[119.53383732613179,-3.8919546004244125],[119.53388771694461,-3.8920505409996053],[119.53394128416301,-3.8921469905910726],[119.53394186782305,-3.892148042797885],[119.53394267991087,-3.8921495050955173],[119.53399612212343,-3.892245435778193],[119.53403893614802,-3.8923444358470078],[119.53407868618251,-3.8924358267519779],[119.53411845510266,-3.8925302717545947],[119.53415513575101,-3.8926094705505534],[119.53421165994018,-3.892725213297922],[119.53423132181808,-3.8927644093499794],[119.53427124542168,-3.8928439930558056],[119.53432170368376,-3.8929628078872156],[119.53433288045812,-3.8929827098841088],[119.53436445115858,-3.8930389336997564],[119.53442851976047,-3.8931348329061848],[119.53446978245461,-3.8932231643175328],[119.53450958195174,-3.8933282833735348],[119.53454474274577,-3.8934074857668293],[119.53457840976591,-3.8934943171090026],[119.53461207678595,-3.8935811475518562],[119.53464776907936,-3.8936733631351785],[119.53467634683602,-3.8937472001730953],[119.53472067801692,-3.8938446767903656],[119.53477264893866,-3.8939573879230807],[119.5348244543851,-3.89411354530381],[119.53487642980349,-3.8942277735928315],[119.5349223141136,-3.8943389747638548],[119.53496207314117,-3.8944303647694483],[119.53499570868507,-3.894508044610518],[119.53503389299988,-3.8945811379091424],[119.53508124680218,-3.8946755595293894],[119.53508465343407,-3.8946822549820581],[119.53513470790051,-3.8947806291226925],[119.53515862626966,-3.8948218936154717],[119.5351911871237,-3.89487806976706],[119.53523698419951,-3.8949572397847305],[119.53528891015515,-3.8950577489159173],[119.53533470723107,-3.8951369198329644],[119.53537752665159,-3.8952374469505457],[119.53540814317137,-3.8953197187299793],[119.53545400499843,-3.8954232918513867],[119.53549988301324,-3.8955299109765633],[119.53553838299001,-3.8956197622421769],[119.53555340436617,-3.8956548178155685],[119.53557910968823,-3.8957463867862998],[119.53557949999401,-3.8957477771381832],[119.53562243272916,-3.8958864346112136],[119.53565156806553,-3.8959816719165588],[119.53566520088839,-3.8960262351226334],[119.53566878918332,-3.8960379640807332],[119.53568070340179,-3.896076908322641],[119.53571940302811,-3.8961507201795484],[119.53572975332554,-3.8961704602984355],[119.53575096113798,-3.896210910904756],[119.53578304445205,-3.896277922088359],[119.53581822323247,-3.896360169586103],[119.53586402480494,-3.8964439135557427],[119.53591280493208,-3.8965287169266958],[119.5359174490311,-3.8965367901407149],[119.5359601731235,-3.8966052959975741],[119.53601971184025,-3.8967088277501603],[119.53603312522864,-3.8967372310383439],[119.53605638979059,-3.8967864976986561],[119.5361006849987,-3.8968748291100042],[119.53613285015092,-3.8969662415987045],[119.53618025971127,-3.8970789572280182],[119.53622154488846,-3.8971718697858933],[119.53627806098382,-3.8972845566369188],[119.5363407293413,-3.8974201096502838],[119.53640034180239,-3.8975510986042536],[119.53642040477791,-3.8975947148242085],[119.53644237791343,-3.8976424823146658],[119.53647862508853,-3.8977212791136822],[119.53648441492385,-3.8977338651257014],[119.53655165903194,-3.8978770237056324],[119.5366219716268,-3.8980323833877151],[119.53668773275274,-3.8981877466671335],[119.53675651560081,-3.8983370098450791],[119.53681761284258,-3.8984557842070444],[119.53687035897997,-3.8985745882466176],[119.53689380700371,-3.8986274009337762],[119.53692310601662,-3.8986933922861908],[119.53696538044801,-3.8987807065643096],[119.53698432106967,-3.8988198288719786],[119.53700765308076,-3.8988680217417482],[119.53704992661289,-3.8989553369192436],[119.53709194114026,-3.8990406196288632],[119.53713395476825,-3.8991259023384828],[119.53718745183949,-3.8992401261308487],[119.53719739744201,-3.8992630345613293],[119.53723638305269,-3.8993528453574982],[119.5372761708586,-3.8994564355659804],[119.53728611466249,-3.8994792477690225],[119.5373266318187,-3.8995721962998005],[119.53735759008077,-3.8996362208348501],[119.5373877524429,-3.8996985978120051],[119.53743057276279,-3.8997991339228406],[119.53747184894678,-3.8998920383868381],[119.53752993345972,-3.9000169299372942],[119.53758189628752,-3.9001296311774922],[119.53761554622054,-3.9002088380673854],[119.53765837103708,-3.900310902126364],[119.53769181862265,-3.900395341271917],[119.53770121384002,-3.9004190572936182],[119.537741716607,-3.9005184467688423],[119.53774404764977,-3.9005241655577265],[119.5377944771335,-3.9006322982419306],[119.53782813605972,-3.900714551135593],[119.53786485088222,-3.9008044311794947],[119.53790312333058,-3.9009064997351288],[119.53795970417707,-3.9010405427867454],[119.53801029823671,-3.9012005348767502],[119.53801239815368,-3.9012067366015799],[119.53806085992085,-3.9013498439201157],[119.53808015667391,-3.9014180512020289],[119.53809923219387,-3.9014854697785495],[119.53814679913557,-3.9016500439143442],[119.53821256026151,-3.9018054080930824],[119.53826768420629,-3.9019577577442988],[119.53833383563801,-3.9020295362340676],[119.5384310541499,-3.9021151525921596],[119.53850668893256,-3.9021739619587379],[119.53855324773428,-3.9022101632683643],[119.53858232281596,-3.9022327704259396],[119.53866675296831,-3.9022822637154491],[119.53869702234977,-3.9023000091380595],[119.53875118132203,-3.9023317606022374],[119.53881235320762,-3.9023568301035993],[119.53886124844792,-3.902376866998793],[119.53888798619164,-3.9023878243385752],[119.53899910462508,-3.9024759507045133],[119.53904781730296,-3.9025154534253943],[119.53908626871635,-3.9025463730166621],[119.5391026156932,-3.9025595193063509],[119.53918628771703,-3.9026111170093714],[119.53926839312192,-3.9026444260993571],[119.5393215889203,-3.9026610401747917],[119.53941152742016,-3.9027766803994268],[119.53945426590167,-3.9028497584095589],[119.53946697422157,-3.9028780906513134],[119.53948637169879,-3.9029213408471719],[119.5394922874392,-3.902937816427027],[119.53953231716275,-3.9030493161729396],[119.5395629345818,-3.9031315870530534],[119.53960416220241,-3.9032077155635534],[119.53966672623847,-3.903308192319173],[119.5397216208562,-3.903384278561532],[119.53975767467705,-3.9034328599385049],[119.53978261017937,-3.903466457710806],[119.53983602990888,-3.9035578063476351],[119.53988950179917,-3.9036659282399455],[119.53992169483047,-3.9037664958270852],[119.53994930401723,-3.9038594407605274],[119.53997987557091,-3.9039264528434501],[119.5400348313425,-3.9040223808281667],[119.54007890441801,-3.904083505049698],[119.54012480671452,-3.904147167157987],[119.54019035290253,-3.9042308499737146],[119.54024531676805,-3.9043298212641844],[119.54027775261625,-3.9044132342833109],[119.54028204597967,-3.9044242752600553],[119.54034164674965,-3.9045506812688586],[119.54040592039701,-3.904713676195172],[119.54045043414033,-3.9048086976632135],[119.54045737690649,-3.9048235175912396],[119.54049494878291,-3.9049037200306316],[119.54054025392963,-3.9050013738142866],[119.54056668410522,-3.9050767343038046],[119.5406104972767,-3.9051656700596027],[119.54063590941973,-3.9052074507632142],[119.54069676204597,-3.9053075039381042],[119.54074212744729,-3.9053770143377164],[119.54080808822278,-3.9054938020972259],[119.54085168375821,-3.9055902948561538],[119.54089528109239,-3.9056867876150818],[119.54089546905072,-3.90568726155783],[119.54093396363157,-3.9057845394249284],[119.54097264617076,-3.905882288536759],[119.54099729838663,-3.9059601266584991],[119.54100642380752,-3.9059889436347817],[119.54104017626321,-3.9060837411716989],[119.54110111522436,-3.9062143838866632],[119.54110555877458,-3.9062239122037568],[119.54116896637481,-3.906362118217146],[119.5412284376423,-3.9065023072356553],[119.54128183039222,-3.9066342872425253],[119.54128595378381,-3.9066444810579242],[119.5413256678454,-3.9067590349014836],[119.54136434588793,-3.906856781315355],[119.54138137634948,-3.9068998192711888],[119.54140302393046,-3.9069545268299066],[119.54143969198822,-3.9070374533157519],[119.54147635914671,-3.9071203780030146],[119.54152287298223,-3.9072052479237982],[119.54156938591848,-3.9072901187439584],[119.54164458542937,-3.9074203810457107],[119.54168816477704,-3.9075111936866165],[119.54172523932834,-3.9075884508462764],[119.54173174412472,-3.9076020063274655],[119.54178927825262,-3.9077501093800038],[119.54181735238899,-3.9078276965908572],[119.54184287065198,-3.9078982241236986],[119.54192209732696,-3.9080601065886071],[119.54200715520608,-3.908198238857608],[119.54204875694461,-3.9082851025753484],[119.54209035868314,-3.9083719680917852],[119.54214485130387,-3.9084914160459903],[119.54218340524005,-3.9085759280366119],[119.54219934212597,-3.9086108631008187],[119.54223901841601,-3.9087125611357578],[119.54226432893574,-3.9087774391274479],[119.54227869380668,-3.9088142582713772],[119.54231840337172,-3.9089268318077757],[119.54235644829157,-3.9090269065664529],[119.54236006896213,-3.9090364312862107],[119.54240173545179,-3.909146029865326],[119.54240340909007,-3.9091527370091512],[119.54242664217588,-3.9092457979551796],[119.54245154979924,-3.9093455651456566],[119.54245310023043,-3.9093516319721857],[119.54248939506954,-3.909493726654091],[119.54252311514972,-3.9095776513874512],[119.54253872378308,-3.9096165012005031],[119.54255683433053,-3.9096615752214916],[119.54260637438472,-3.9097711504182371],[119.54265591443891,-3.909880724715606],[119.5427063574125,-3.9099616340221246],[119.54275680038609,-3.9100425415300037],[119.54276321435088,-3.9100535726142311],[119.54281417713264,-3.9101412169435434],[119.54287739407653,-3.9102161565503479],[119.54294631362154,-3.9102218771378716],[119.54301912813037,-3.9102177051829017],[119.54304917987577,-3.910206701078323],[119.543063584317,-3.9102014265545222],[119.54308991466792,-3.910191785822235],[119.54319220895331,-3.9101697290496986],[119.543261183357,-3.9101932436232687],[119.54328431122201,-3.9102240229202607],[119.54329082681022,-3.9102326950827546],[119.5433413660113,-3.9102468450158199],[119.54336766038932,-3.9102542068661137],[119.54337191418256,-3.9102530377474523],[119.54344043622723,-3.9102342113397413],[119.5435367014577,-3.9101706517541288],[119.54360755364576,-3.910166486094397],[119.54360889903148,-3.9101670913381668],[119.54366865718282,-3.9101939747720849],[119.54372206522123,-3.910280803416299],[119.5437676356679,-3.9103795219972994],[119.54379938713203,-3.9104644368841832],[119.54384300784864,-3.9105671106835871],[119.54391427822145,-3.9107013353982438],[119.54397563806526,-3.9108138432841884],[119.54398901638001,-3.9108340357620932],[119.54405275672946,-3.9109302533285017],[119.54411204003873,-3.9110061902833877],[119.54412275995742,-3.9110199220317554],[119.54417132424726,-3.9110821281376502],[119.54427203842386,-3.9111866077756758],[119.54438070620472,-3.9113207173771798],[119.54449136868175,-3.9114627284221228],[119.54458030983346,-3.9115810810020548],[119.54466644330182,-3.9117025389409719],[119.54467124208418,-3.9117093072387092],[119.54474339559124,-3.9118099188925726],[119.54475427918669,-3.9118250949521212],[119.54481555089706,-3.9119105323451322],[119.54487224865545,-3.9119999852110823],[119.54492894731311,-3.9120894407750484],[119.54498564507151,-3.9121788936409985],[119.5450489159748,-3.9122716209384976],[119.54512015127398,-3.9123939862934094],[119.54520328370461,-3.9125439896133685],[119.54521655140275,-3.9125675446564401],[119.54525872600948,-3.9126424267065545],[119.54528442863352,-3.9126880610051558],[119.54533585096885,-3.9127679756614953],[119.54538727240481,-3.9128478921164742],[119.5454703247957,-3.9129741713209114],[119.54556125524778,-3.9130984459364981],[119.54561462461527,-3.9131724259666498],[119.54566799488214,-3.9132464068961212],[119.54574702910213,-3.9133440292035289],[119.54579834441813,-3.913407414320659],[119.54582606332224,-3.9134416524102562],[119.54588074030403,-3.9135133193841511],[119.54593519425384,-3.9135846931790184],[119.5459354172857,-3.9135849863579892],[119.54599009426749,-3.9136566542311471],[119.54604876873577,-3.9137480766124213],[119.54606089339552,-3.9137669686706431],[119.54610744410331,-3.9138395016915979],[119.54616611857159,-3.9139309258715116],[119.54621951761669,-3.9140128100431184],[119.54627291576253,-3.9140946942147252],[119.54633425941859,-3.9142012728704003],[119.54642134257097,-3.9143571919308329],[119.54647573176965,-3.9144420375699269],[119.54653012006906,-3.914526883209021],[119.54653554298102,-3.9145364771766253],[119.54659147271832,-3.9146354367759386],[119.54665282716633,-3.9147439903428563],[119.54669902893704,-3.9148341347874407],[119.54674523070787,-3.9149242810307214],[119.54679143337796,-3.9150144263746256],[119.54684287190105,-3.9150992810069738],[119.54689431042414,-3.9151841347400023],[119.54690702324058,-3.9152051060307826],[119.54694574894722,-3.9152689893722936],[119.54700012825333,-3.9153508753425967],[119.54705450845881,-3.9154327604135233],[119.54711282589631,-3.915529709128748],[119.54713166399517,-3.9155610271196792],[119.54715024039137,-3.9155980576041998],[119.54719702042621,-3.9156913173004],[119.54727814826799,-3.9158294585625981],[119.54732129144452,-3.9158940316841608],[119.54736515497802,-3.9159596839921846],[119.54746945475165,-3.9161010978872923],[119.54746990800993,-3.9161017121242594],[119.54751837157562,-3.9161796572653316],[119.54752196976312,-3.9161854444026858],[119.54756683694006,-3.9162576024064037],[119.54761433103658,-3.9163404929193462],[119.54765955344567,-3.916419421019441],[119.54766182423384,-3.9164233852309849],[119.54771530691596,-3.916533937091458],[119.54777478357948,-3.9166721529974211],[119.54779428807603,-3.9167284703426049],[119.54780556287653,-3.9167610249013478],[119.54783634217347,-3.9168498959058979],[119.54785975872096,-3.9169111802067391],[119.54787205874857,-3.9169433687414426],[119.5479077771223,-3.9170368433755698],[119.54794349369729,-3.9171303153117378],[119.54797009564345,-3.9171877550108434],[119.54799490703942,-3.9172413303230655],[119.54804632038145,-3.9173523453344501],[119.54809737039739,-3.917456404989025],[119.548166928461,-3.9175835736229487],[119.54822716685032,-3.9176760293252642],[119.54829208261356,-3.9177916263823818],[119.54833399911479,-3.9179281425696786],[119.54834105879286,-3.9179744405679457],[119.54833666200739,-3.9180439293837708],[119.54832756536496,-3.918085648933527],[119.54831611339796,-3.918113475756229],[119.54831628067188,-3.9181690583553177],[119.54833482559184,-3.9182014213584466],[119.5483970595767,-3.9181919667857983],[119.54845003504113,-3.9181709640187137],[119.54850525071686,-3.918129112268673],[119.54855818391309,-3.9180942077813938],[119.5486226383241,-3.9180569560636513],[119.5487238804028,-3.9179848493212717],[119.54877807175069,-3.917945289943134],[119.54880671066121,-3.9179243852021841],[119.54890547510763,-3.9178593579229641],[119.54890556863711,-3.9178592958697891],[119.54890566216659,-3.9178592347158769],[119.54898856257216,-3.9178219263407641],[119.54906689801896,-3.9177985232831816],[119.54912685402121,-3.9178006528777587],[119.5492373708081,-3.9178240586333573],[119.54935052980318,-3.9178804065554687],[119.54944110322435,-3.9179406035759712],[119.549531674847,-3.9180007996970971],[119.54965245829442,-3.9180873621419892],[119.54970505694291,-3.9181461202472292],[119.54974693477334,-3.9181929020807047],[119.54980753828727,-3.9183061042432428],[119.54988333314941,-3.9184608352992427],[119.54995981239551,-3.9185588955764956],[119.54998919864272,-3.9185965771702627],[119.55009652463491,-3.9186807231367879],[119.55011126272461,-3.9186922776264623],[119.55020385062721,-3.9187648691033701],[119.55030681580695,-3.9188615291362225],[119.55040978188595,-3.918958189169075],[119.55042945185778,-3.9189813107388431],[119.55049463831699,-3.9190579347758216],[119.5505794956473,-3.9191576803825683],[119.55062397701499,-3.9192378792246814],[119.55064325937894,-3.9192726434176848],[119.5507070231107,-3.9193876055534815],[119.55078294927375,-3.9195298045567597],[119.5508588754368,-3.9196720035600947],[119.55086664468001,-3.9196856309870327],[119.55093477372088,-3.9198051122161246],[119.55100303766017,-3.919924832664833],[119.55101067200496,-3.9199382208721545],[119.55110167889939,-3.9200743143780414],[119.55112354321705,-3.9201070101303799],[119.55119268489454,-3.9202104069846655],[119.55125949642866,-3.9203344495751367],[119.5513263070635,-3.9204584948636239],[119.55141217792971,-3.9205974805892083],[119.55146037169891,-3.9206754868841927],[119.55149804699738,-3.9207364672141694],[119.55156091680294,-3.9208070109347659],[119.55161327443318,-3.9208657591474321],[119.55174275882132,-3.9209637960423152],[119.55187224500821,-3.9210618329371982],[119.55198761633551,-3.9211496931038141],[119.55210298766281,-3.92123755327043],[119.5522183589901,-3.9213254125377262],[119.55233373121678,-3.921413272704342],[119.55237733394688,-3.9214528087001099],[119.55246567435142,-3.921532910415408],[119.55259761838545,-3.921652547227211],[119.55259860943829,-3.9216534447506319],[119.55272956241947,-3.9217721849383338],[119.55286150645338,-3.9218918217501368],[119.55294785575904,-3.921965982544009],[119.55298013872243,-3.9219937077433542],[119.55303420686323,-3.9220401433378811],[119.55313717294223,-3.9220710386474593],[119.55320077839326,-3.9220901240599346],[119.55324013902123,-3.9221019348563573],[119.55335018726134,-3.9221015976106059],[119.55349368488567,-3.9220867534008903],[119.55377134697017,-3.9222850943815502],[119.55386951786397,-3.9223552199173923],[119.55389368894271,-3.9223724860013931],[119.55425216410617,-3.9226285535648344],[119.55432175544468,-3.9226782653896066],[119.55433910516558,-3.9227915152162041],[119.55434675300035,-3.9228414347843454],[119.55435904493402,-3.9229306403367445],[119.5543601160266,-3.9229384158751373],[119.55437347815359,-3.9230353987645685],[119.55436341294126,-3.9231639235761691],[119.55436231666761,-3.9231779224231218],[119.55435334593028,-3.9232924483877127],[119.55433540625404,-3.9234078835669379],[119.55431746567854,-3.923523319645426],[119.55430475645937,-3.9236595210700216],[119.55430228961905,-3.923685948547643],[119.5543131669192,-3.9238275198241581],[119.55436055579503,-3.9239427535551954],[119.55440786103406,-3.924031765753341],[119.55445516627299,-3.9241207788508063],[119.55450247061265,-3.924209791048952],[119.55454977585157,-3.9242988041464741],[119.55459536788203,-3.9243965631508217],[119.55460424778789,-3.9244156026978771],[119.55464095991238,-3.9244943230545459],[119.55467759469525,-3.9245728779359297],[119.55468655104357,-3.9245920829582133],[119.55473036781234,-3.9246793576661503],[119.55477418368173,-3.9247666350721033],[119.55481799865174,-3.9248539106793601],[119.55489637546737,-3.9249658501937574],[119.55497474958509,-3.9250777906075314],[119.55505312460207,-3.9251897310212485],[119.55513150231707,-3.9253016696362693],[119.55518324481091,-3.9253790482044906],[119.5552349891035,-3.925456424074639],[119.55528673429546,-3.9255337990455246],[119.55533847589004,-3.9256111767143693],[119.55540075304236,-3.9257415496327894],[119.55540265780644,-3.9257455372267032],[119.55546683792431,-3.925879897739037],[119.55553101894145,-3.9260142591506906],[119.55560507541395,-3.9261506997949027],[119.55567913098719,-3.9262871413384346],[119.55568563038764,-3.9262991140128634],[119.55575318745969,-3.9264235819826467],[119.55579942610268,-3.9265727669196053],[119.55584566564505,-3.9267219509572442],[119.55585045363557,-3.926737396813337],[119.55589190698595,-3.9268711367934657],[119.55595448091458,-3.9270153475801521],[119.55601705664196,-3.9271595592662152],[119.55607963416787,-3.9273037709522214],[119.55614882890541,-3.927437088250997],[119.55616108936283,-3.9274607098438423],[119.55621802274356,-3.9275704055497158],[119.55628721658184,-3.9277037237478112],[119.55635874416078,-3.9278339599692345],[119.55643027173971,-3.9279641961906577],[119.5564928141921,-3.9280969199368769],[119.55655535394646,-3.9282296463810553],[119.55661789639885,-3.9283623710265374],[119.55663569308285,-3.9284018728480987],[119.55668472142281,-3.9285106962116174],[119.55675154374876,-3.9286590222960172],[119.55682165669418,-3.9288076370627323],[119.55682807515564,-3.9288212411073573],[119.55685975197605,-3.9288883871892608],[119.55690460476376,-3.9289834599186975],[119.55694915537924,-3.92911459905946],[119.55699370509546,-3.9292457382002226],[119.55703825481169,-3.9293768773409852],[119.55709431585001,-3.9295052519657361],[119.55711428709469,-3.9295509815924561],[119.55715037778782,-3.9296336256912241],[119.55720643882614,-3.9297620021146713],[119.55726472298863,-3.9298927689360994],[119.55732300805039,-3.9300235393548064],[119.55738129221288,-3.9301543070755542],[119.55742194336801,-3.9302455127202052],[119.55743957637537,-3.9302850747963021],[119.5574978596386,-3.9304158443156894],[119.55750139577287,-3.9304224642252734],[119.55756998976324,-3.9305508730243446],[119.55764211898861,-3.930685901732943],[119.55771425001274,-3.9308209322401808],[119.55778637923811,-3.9309559600494595],[119.55785850846348,-3.9310909887580578],[119.55792757010136,-3.9312168012143616],[119.55792946767087,-3.9312202591076471],[119.55799663173923,-3.9313426136706653],[119.55806569427648,-3.9314684261269122],[119.55809831178772,-3.9315278470324415],[119.55813475591435,-3.9315942385832159],[119.55820381665285,-3.9317200519387825],[119.55827232520767,-3.931855554590129],[119.55827295922973,-3.9318568091443922],[119.5583421018066,-3.9319935681485845],[119.55841124438348,-3.9321303253541942],[119.55848038516172,-3.932267082559747],[119.55854519660363,-3.9323871393549439],[119.55861000894481,-3.9325071925528619],[119.5586769499813,-3.93260603254231],[119.55874299709171,-3.932695885606563],[119.55880904510138,-3.9327857386708729],[119.5588606508984,-3.9328601108054499],[119.55891225669541,-3.9329344829399702],[119.55898157464003,-3.9330227289157733],[119.55905089168539,-3.9331109757908393],[119.55907500520743,-3.9331416732495654],[119.55912020963001,-3.9331992217666425],[119.55919819434121,-3.9332770670829404],[119.55927617905252,-3.9333549106005989],[119.55935416466298,-3.9334327550175772],[119.5594190480507,-3.9334942569543614],[119.55948393233768,-3.9335557588910888],[119.55954881482603,-3.9336172599285533],[119.55960004740427,-3.9336656020857959],[119.55961860671334,-3.9336831145840279],[119.55968840039941,-3.9337489710381419],[119.55975819228684,-3.9338148247942968],[119.55984163498351,-3.9338989320900168],[119.55992507678093,-3.9339830393857369],[119.55999760620466,-3.9340548934185335],[119.56007013382964,-3.9341267465520673],[119.5601351539143,-3.9341911622922794],[119.560142662354,-3.934198599685601],[119.56021137685366,-3.9342671891793657],[119.56028009225247,-3.934335775975228],[119.56034880675213,-3.9344043627710903],[119.56043714535804,-3.9344900951417117],[119.56052548306468,-3.9345758284117096],[119.56059335939608,-3.9346374562535402],[119.56066123482822,-3.9346990840954277],[119.56066209368078,-3.9346998638076229],[119.56072911115962,-3.9347607119372583],[119.56079698569238,-3.9348223388797692],[119.56087222027679,-3.9348892709230654],[119.56094745396194,-3.9349562020670419],[119.56102268764698,-3.9350231341102813],[119.5611115388665,-3.9350993057882988],[119.56120038918664,-3.9351754765669398],[119.56128924040615,-3.9352516482449005],[119.56137466341011,-3.9353169102471384],[119.56146008731321,-3.9353821713500565],[119.56154551031716,-3.935447431553655],[119.561630933321,-3.9355126926565731],[119.56169720885919,-3.9355845655751978],[119.56176348529664,-3.9356564375944458],[119.56188456821826,-3.935783841850764],[119.56196552968549,-3.9358573047707637],[119.56196932662317,-3.9358607500735161],[119.56197926233313,-3.9358697648776797],[119.56198839674721,-3.9358780539290024],[119.56204649295137,-3.9359307676907065],[119.56215125407721,-3.9360533057154612],[119.56221752781676,-3.9361243611502914],[119.56228380245557,-3.936195414786539],[119.56235991837559,-3.9362836382792352],[119.56243603519488,-3.9363718617719314],[119.56244304720894,-3.9363810348568222],[119.56249662431981,-3.9364511217218592],[119.56255721344473,-3.9365303816717301],[119.56261944473169,-3.9366129142545674],[119.5626816778173,-3.9366954450387084],[119.56273251739185,-3.936785387135842],[119.56278335696641,-3.9368753292330325],[119.56283826237598,-3.9369627945972638],[119.56289316598691,-3.9370502608608149],[119.56293745400035,-3.9371312115361548],[119.56298174201379,-3.9372121631108143],[119.56304071865429,-3.9372966175448028],[119.563079757325,-3.9373525212018308],[119.5630996952948,-3.9373810710795283],[119.56315867103592,-3.9374655264128933],[119.56317202596824,-3.9374847152473649],[119.56320308495447,-3.9375293414059342],[119.56321327876981,-3.937543986865478],[119.56326788830245,-3.9376224482173825],[119.56327220864557,-3.93762865713677],[119.56332249603645,-3.9377009086699672],[119.56337580065269,-3.9377978016271982],[119.56340617075818,-3.9378530056116574],[119.56342910526905,-3.9378946936851094],[119.56348240988541,-3.9379915866423403],[119.56353571360239,-3.938088479599628],[119.56360292533475,-3.9381980287159877],[119.56367013616796,-3.9383075769330844],[119.56374060434553,-3.9384171098616889],[119.56381107162372,-3.9385266436896131],[119.56386132034368,-3.9386012946139886],[119.56391156636573,-3.9386759455384208],[119.56396181418643,-3.938750597362116],[119.56401998143701,-3.9388364223629537],[119.56407814688907,-3.938922245565152],[119.56412818606702,-3.9390175098501459],[119.56417822704361,-3.939112775933836],[119.56422826622156,-3.9392080411181496],[119.56427830719815,-3.9393033054032003],[119.56432869081652,-3.939378911407573],[119.56437907623342,-3.9394545183113223],[119.56442946075106,-3.9395301243157519],[119.56447984616807,-3.9396057303201246],[119.56454950765374,-3.9397173164009587],[119.56461917093804,-3.9398289006831533],[119.56468883332309,-3.9399404849653479],[119.56475849570802,-3.9400520710461819],[119.56483345240201,-3.9401611839913926],[119.56490840729725,-3.9402702960372835],[119.56498336219249,-3.9403794089824942],[119.565058317987,-3.9404885219277048],[119.56508852171794,-3.9405298997350542],[119.56513079704871,-3.940587813376851],[119.56520327431167,-3.9406871048259973],[119.56527575067537,-3.9407863962751435],[119.56534822973708,-3.9408856877242897],[119.56539377860008,-3.9409483012231021],[119.56540173490225,-3.9409592378784737],[119.56545523916805,-3.9410327880327145],[119.56550874523248,-3.9411063381868985],[119.56556284574879,-3.9411962667942362],[119.56561694806373,-3.9412861936028776],[119.56567104768078,-3.9413761222102153],[119.56570827961343,-3.9414611890825881],[119.56574551244546,-3.9415462550555844],[119.56578274257959,-3.9416313210285807],[119.56583318105652,-3.9417237218722221],[119.56588362043283,-3.9418161218165437],[119.56593405890976,-3.9419085226601283],[119.56598449828607,-3.9420009226044499],[119.56603854933962,-3.942075291141748],[119.56609259859465,-3.9421496587796696],[119.56617947310428,-3.9422869906520646],[119.56621882563832,-3.9423495079233817],[119.56626797718548,-3.9424275897613938],[119.5663597817786,-3.9425796570254761],[119.56641386520778,-3.9426630295751011],[119.56646794773769,-3.9427464039233655],[119.56651305233561,-3.9428289877675411],[119.56655815603415,-3.9429115716117167],[119.56659591227162,-3.9429807447655207],[119.56661885307767,-3.9430227745813227],[119.56669592317837,-3.9431585020631701],[119.56674346943566,-3.9432378006839031],[119.56679101479358,-3.9433171011032755],[119.56686428435933,-3.9434010249373159],[119.5668908584264,-3.9434314642905974],[119.56699552602277,-3.9435228740813386],[119.56709523925394,-3.9435946417792707],[119.56718364081246,-3.9436992068528411],[119.56722958897444,-3.9437899808228849],[119.56727553803569,-3.9438807547929287],[119.56731251186295,-3.9439707337622849],[119.56734948479095,-3.9440607127316412],[119.56739271969832,-3.9441528581677971],[119.56743595460568,-3.9442450027046903],[119.56747919041231,-3.944337149040166],[119.56753164966597,-3.944423805913857],[119.56758410981888,-3.9445104636869246],[119.5676365699718,-3.9445971223592551],[119.56769449890203,-3.9446946826134877],[119.567752426933,-3.9447922455656226],[119.56781035586334,-3.9448898067191749],[119.56786199673377,-3.944974827726071],[119.56791363670504,-3.9450598496322868],[119.5679365892023,-3.9450925157069605],[119.5679693371153,-3.9451391239713303],[119.56802503572692,-3.9452183992096934],[119.56809542026747,-3.9452984451670545],[119.56821977222478,-3.9454258368328397],[119.56829674969526,-3.9455288011132552],[119.56836549297316,-3.945606393720027],[119.56843423625105,-3.945683988125495],[119.56853899467887,-3.9458048866861191],[119.56864374861016,-3.9459241421853903],[119.5687566656876,-3.9460466523311197],[119.56881478257617,-3.9461160898856065],[119.56887290126349,-3.9461855283394129],[119.56894490098648,-3.9462614760861925],[119.56901690070947,-3.9463374229336523],[119.56913953406229,-3.9464386101536775],[119.56926055313204,-3.9465414368377765],[119.56932923795398,-3.9466001958423362],[119.56939792277603,-3.9466589548468392],[119.56948050572078,-3.9467291352413554],[119.56956309046427,-3.9467993147365519],[119.56963343813277,-3.9468678970357587],[119.56965509380757,-3.9468890086208148],[119.56970378670042,-3.9469364793350223],[119.56972143589564,-3.9469561439108816],[119.56977415685196,-3.9470148894255317],[119.56986093603348,-3.9471210948626094],[119.56992476721427,-3.9471921547940383],[119.56998859569717,-3.9472632156248437],[119.57005242507944,-3.9473342755563294],[119.57011625626023,-3.9474053372864546],[119.57021292438696,-3.9475491901429791],[119.5702696662122,-3.9476444877029166],[119.57027523121701,-3.9476538352562329],[119.57029506486538,-3.9476846118553226],[119.57034897832273,-3.9477682685906643],[119.57041939344026,-3.9478581477353032],[119.57049970020103,-3.9479840303386595],[119.57054727163938,-3.9480715217832767],[119.57059484397689,-3.9481590141271568],[119.57064652621625,-3.948258780418314],[119.57069820845561,-3.9483585458102084],[119.570768798941,-3.9485057522386455],[119.57082130316064,-3.9486063333155812],[119.57087380558175,-3.9487069143925169],[119.57091820241317,-3.9488222623375009],[119.57092738269262,-3.9488461159554618],[119.57096259834532,-3.9489376093831083],[119.57100121883127,-3.9490333170339227],[119.57103984111586,-3.9491290237853605],[119.57108786041647,-3.9492519970819444],[119.57113587881781,-3.9493749703785284],[119.57114598809699,-3.9494040823324781],[119.57114847292371,-3.9494112382379853],[119.57118456271746,-3.9495151665915955],[119.57121994474471,-3.9496166191116231],[119.571220928603,-3.9496194411842112],[119.57123004592995,-3.9496455826774763],[119.5712553258727,-3.9497180716316507],[119.57126576700159,-3.9497590033752772],[119.57129165218805,-3.9498604756803388],[119.57131889445145,-3.9499676883580719],[119.57134613581559,-3.9500749001364852],[119.5713617579388,-3.9501429644262203],[119.57137093192307,-3.9501829383918334],[119.57139572892982,-3.9502909748485422],[119.57141968507051,-3.9503891871112273],[119.57144364121109,-3.950487397575273],[119.57146523123549,-3.9506134627410461],[119.5714868212599,-3.9507395270074994],[119.57150887533442,-3.9508388382417365],[119.5715309276103,-3.9509381503752934],[119.57155298168482,-3.9510374607102108],[119.57158024643127,-3.9511520433321152],[119.57160751117772,-3.9512666250546431],[119.57162912008789,-3.9513976059147353],[119.57165072989733,-3.9515285867748275],[119.57167873118851,-3.9516177752400949],[119.57170258930307,-3.9516937670536549],[119.57170673158043,-3.9517069637053623],[119.57172550223015,-3.9517721726476225],[119.57174960316172,-3.9518558995300737],[119.57178088787771,-3.9519524480469954],[119.57179979612374,-3.9520107987593178],[119.57181217439245,-3.9520489965639172],[119.57184591245891,-3.9521455423828229],[119.57187964962623,-3.9522420873024657],[119.5719125836988,-3.9523435416210759],[119.57194223074941,-3.9524384650630395],[119.57197360180032,-3.9525612270189754],[119.57197770540688,-3.9525914307498624],[119.57198361125472,-3.9526349075748612],[119.57199374481559,-3.952746267026555],[119.57200545758587,-3.9528412363339385],[119.57201391391106,-3.952939496260683],[119.57202077124168,-3.9530475938713039],[119.57202929771393,-3.9531687820136199],[119.57203777922018,-3.9532735944007982],[119.57204625982706,-3.9533784058886567],[119.57207114766538,-3.9535175741766579],[119.57210749016861,-3.9536648849264679],[119.57215202639497,-3.9538252853085964],[119.57219980377795,-3.9539807493121089],[119.57220577977296,-3.9539976493719564],[119.57225245818449,-3.9541296545598357],[119.57228874133239,-3.954260589554508],[119.57232185706812,-3.9544210250102765],[119.57234672871857,-3.9545519959777948],[119.57236833493073,-3.9546829759385673],[119.57238010885499,-3.9547976017278756],[119.57238217909435,-3.9548066659947949],[119.57239819062409,-3.9548767780408411],[119.57240160534991,-3.9548917265718728],[119.57242310184472,-3.9549858523151897],[119.57247092599255,-3.9551560660995051],[119.57248249666998,-3.9552051681839089],[119.57250720914044,-3.9552870010941774],[119.57253189373193,-3.9553573640510535],[119.57255001507122,-3.9554146346775951],[119.57257634362338,-3.9554899097315115],[119.57258643491605,-3.9555898001291325],[119.57258667683368,-3.9556684278556418],[119.57258684860426,-3.9557241282658424],[119.57258715077649,-3.9557346557297137],[119.57258815711782,-3.9557696681356447],[119.57258830011006,-3.9557746359906218],[119.57258868412055,-3.9557880008155166],[119.57259216359751,-3.955860066189075],[119.57259729243117,-3.9559354077927651],[119.57260570828691,-3.9560205627986988],[119.57261743094978,-3.9561188119335498],[119.57262256877664,-3.9561974252708865],[119.57263753529412,-3.9562907479196383],[119.57265904527878,-3.9563906023443565],[119.57267232107085,-3.9564642820009794],[119.57268894863614,-3.9565657875809848],[119.57270226130038,-3.956650928197746],[119.57272704841466,-3.9567573251903809],[119.57275675571975,-3.9568686225887859],[119.57276542428497,-3.9569217500387026],[119.57277171594205,-3.9569603102700626],[119.5727852858123,-3.9571289943075953],[119.57279077527414,-3.9571623321758693],[119.57280523277529,-3.9572501509736639],[119.57282517973829,-3.9573713085389954],[119.5728401246721,-3.9574580787273135],[119.57286817902332,-3.9575611940937847],[119.57289792320068,-3.9576872331792288],[119.5729185950172,-3.9577893943650224],[119.57292442442269,-3.957818197851509],[119.57294596408508,-3.9579278863628247],[119.57296427338258,-3.9580457721945663],[119.57297769126751,-3.958165309181652],[119.57300251795186,-3.9582815393615078],[119.57302577801727,-3.9584207031528535],[119.57304247303182,-3.9585435109742093],[119.57306076074553,-3.9586548443455172],[119.57308560002048,-3.9587776269858637],[119.57312520526409,-3.9589264728783746],[119.57316471517947,-3.9590442930596055],[119.57320422509497,-3.9591621132408932],[119.57324388159986,-3.9593274347133161],[119.57326876044499,-3.9594600406483096],[119.57329037205307,-3.9595926573751967],[119.57331071471776,-3.959708356055728],[119.57331196207747,-3.9597154499080602],[119.57334050386123,-3.959825229250896],[119.57336904564499,-3.959935007694412],[119.5733982097596,-3.9600466837074464],[119.57342026923016,-3.9601311588258454],[119.57342737207557,-3.9601583597204808],[119.57342960509231,-3.9601669122731096],[119.57345653619029,-3.9602700366328349],[119.5734879701937,-3.9603713875294488],[119.57351940509648,-3.9604727393254393],[119.57355084089863,-3.9605740902220532],[119.57358571480893,-3.9606730075532255],[119.57362058871922,-3.9607719257837175],[119.57365546262952,-3.9608708449135293],[119.57368119672992,-3.9610063313770638],[119.57369558498328,-3.9611136097052508],[119.57371139866223,-3.9612251229410163],[119.57371463712082,-3.9612489612704849],[119.57372002675788,-3.9612886411578074],[119.57374008793477,-3.9614086089201237],[119.57376003579702,-3.9614946947243084],[119.57377289790099,-3.9615596086889582],[119.57379701771822,-3.9616301461143166],[119.57382821789804,-3.9617175979886952],[119.5738439047725,-3.9617881605950629],[119.57386253602726,-3.9619024851115796],[119.57387544219796,-3.9619815247275483],[119.57389411212364,-3.9621085557652123],[119.57389795672543,-3.9621592001868748],[119.5739029020973,-3.9622243299887714],[119.57391308422154,-3.9623330319438423],[119.57391747471172,-3.9623880938354432],[119.57394032108903,-3.962500994725076],[119.57397441708576,-3.9626138605411825],[119.5739943208813,-3.9626858206940483],[119.57400361537464,-3.9627250913898138],[119.57401569416902,-3.9627761324125572],[119.57403710612766,-3.9628791497528937],[119.57405574187908,-3.9629948844063279],[119.57406612005548,-3.9631671387523966],[119.57405526433899,-3.9632942624202201],[119.57405824559157,-3.9633507389453939],[119.57406687998264,-3.9634128461258911],[119.57407841738507,-3.9635060167892107],[119.57409418789655,-3.9636034043735435],[119.57412410744166,-3.9637304093308785],[119.57415388579329,-3.963812216160818],[119.57419500099854,-3.9639222401192455],[119.57422197706262,-3.9640054660793567],[119.57424610587316,-3.964078822879344],[119.57427725389221,-3.9641465085545065],[119.57429725841178,-3.9642509513203095],[119.57430752327366,-3.9643864845485837],[119.5743085745811,-3.9644494316958685],[119.57430890193439,-3.9644689766619194],[119.5743092463747,-3.9644895648414717],[119.57430949009097,-3.9645686440276791],[119.57430980935032,-3.9646717279178461],[119.57431009443542,-3.9647635244170942],[119.57431038581569,-3.9648581312976603],[119.57431645983684,-3.9649576107051416],[119.57431779982664,-3.9649795568610102],[119.574326647357,-3.9651136862475482],[119.57434109676421,-3.9652379114004361],[119.57436397102049,-3.9653592803064726],[119.57438815199168,-3.9654495821324645],[119.57441375389169,-3.9655455281035756],[119.57442662588812,-3.9656132713353713],[119.57443959770933,-3.9657163156554134],[119.57444692268734,-3.9658123191831578],[119.57444853697052,-3.9658800983877995],[119.5744529724268,-3.9659492859307761],[119.5744616230055,-3.966017041753048],[119.57447169091586,-3.9660918527567333],[119.5744845746035,-3.9661638335940097],[119.57449463441992,-3.9662358162298688],[119.57451175661231,-3.9663162623855328],[119.57453597265703,-3.9664150322279284],[119.57454095400192,-3.9664362823085071],[119.57455449509393,-3.9664940547567653],[119.57457166135316,-3.9665886175706078],[119.57458743186453,-3.9666860051549406],[119.57460186508411,-3.9668074091345602],[119.57461140779026,-3.9669380023868257],[119.57461647367143,-3.9670073329220372],[119.5746209513959,-3.967068595639148],[119.57462827277664,-3.9671603597627723],[119.57463695393233,-3.9672408239048309],[119.57464988708273,-3.967331160804406],[119.57467273885584,-3.9674454808242103],[119.57469979765756,-3.9675555389569013],[119.57472828818004,-3.967674071401234],[119.57475390806644,-3.9677728457401713],[119.57479370846295,-3.967911108410874],[119.57481795868193,-3.9680240048039082],[119.57483799917441,-3.9681397430546781],[119.5748410910436,-3.9682286923002721],[119.57484552200333,-3.9682964607130202],[119.57485844166376,-3.9683825690003118],[119.57488421533435,-3.9685335822589423],[119.57491168332763,-3.9686243472357887],[119.57493915132079,-3.9687151113133154],[119.57494440066364,-3.9687324610342216],[119.57496661841481,-3.9688058762901051],[119.57500194738202,-3.9689423636990568],[119.5750078883035,-3.9689653179949573],[119.57503070860037,-3.969069741875046],[119.57504143571373,-3.9691227416211632],[119.57504641885726,-3.9691473632601628],[119.57506213810723,-3.9692278040199085],[119.57508073518784,-3.9693308402460161],[119.5750922330202,-3.9694112953949343],[119.57510378031532,-3.9695072845335062],[119.57512378033823,-3.9696103072698179],[119.57514948386165,-3.9697359056874575],[119.57516942812663,-3.9698205732607903],[119.5752148429907,-3.9699559967717732],[119.57524890481318,-3.9700575653043302],[119.57527039681145,-3.9701860055796487],[119.57528125072918,-3.9702848230860468],[119.57529210374764,-3.9703836387938622],[119.57530934465058,-3.9705022063117212],[119.57534351708966,-3.9706390759325814],[119.57537628388843,-3.9707759590432374],[119.57539215602321,-3.9709086468165538],[119.57542079493385,-3.9710751958635342],[119.57543184400447,-3.9711416656552956],[119.57543369840653,-3.971152817248651],[119.57545089074608,-3.9712558570720944],[119.57546947433684,-3.9713546449008845],[119.57548801026348,-3.9714379059345788],[119.57550939704106,-3.9715324552585685],[119.57554205142458,-3.9716326091575525],[119.57556758407679,-3.9717259587858962],[119.57556906705884,-3.9717313798992109],[119.57559465187171,-3.9718188479614014],[119.57562167829792,-3.9719176187031167],[119.57563879239638,-3.971995235591578],[119.57565169946645,-3.9720770963808718],[119.57566184202051,-3.9721730900160424],[119.57567338931551,-3.972269080053934],[119.57567927178104,-3.97235238065781],[119.57569221392464,-3.9724455378312769],[119.57571362678254,-3.9725485650641872],[119.57573785811576,-3.9726543927859552],[119.57577050710324,-3.9727531455411622],[119.57580599884784,-3.9728631775935241],[119.57583576191098,-3.9729393456742059],[119.57587825217968,-3.9730366487223137],[119.57592355013185,-3.9731339427771672],[119.57596188463333,-3.9732552730123984],[119.57598217423799,-3.9733545635622249],[119.57599187612425,-3.97340204237031],[119.57600200968511,-3.9734980369048571],[119.57601211446752,-3.9735813240188236],[119.57602420765113,-3.9736632153850451],[119.57602503772534,-3.9736688325505156],[119.57604077496183,-3.9737549219520361],[119.57604283171133,-3.9737653091216885],[119.57605362987124,-3.9738198458092029],[119.5760665189548,-3.9738932367833968],[119.57608654236014,-3.9740033182984575],[119.57611781538492,-3.9741105426673471],[119.57614904344371,-3.9742064706520637],[119.57617326398497,-3.9743094888917767],[119.57619893783078,-3.974425201062104],[119.57622034799078,-3.9745282228990959],[119.57624175725141,-3.9746312447360879],[119.57626394622423,-3.9747575599134279],[119.57628613429767,-3.9748838741913914],[119.57631456816284,-3.9749840496741058],[119.57633450343462,-3.9750630677063441],[119.57635582995761,-3.975140672004386],[119.57638425033292,-3.9752366089822999],[119.57641421484425,-3.9753749013306106],[119.5764525772247,-3.9755046986828688],[119.57646885495376,-3.9755436690050487],[119.57648226114748,-3.9755757613123137],[119.57651208086793,-3.9756471458990177],[119.57653908930763,-3.975740259005704],[119.57655763422747,-3.9758263403132901],[119.57657193614602,-3.9759053745333404],[119.57661178060926,-3.9760577619560991],[119.57661942394736,-3.9761930523674209],[119.57662071357515,-3.9762158951473907],[119.57663373935566,-3.9763358943859544],[119.57664661584874,-3.9764078662299767],[119.57666515177539,-3.9764883078890421],[119.57669779806497,-3.9765884608887063],[119.57672331363005,-3.9766533451756914],[119.57679131676593,-3.976816940849119],[119.57683099125734,-3.9769142519911043],[119.57685935857262,-3.9769932439430136],[119.5768850243245,-3.9771089642072752],[119.5769021042488,-3.9771752748190465],[119.57692347393925,-3.9772641764005812],[119.57694620880056,-3.9773403651656736],[119.57698169784715,-3.9774489870810612],[119.57700728895531,-3.9775378742734233],[119.57703007957457,-3.9776435428152013],[119.57703009846034,-3.9776436246535241],[119.57703011644674,-3.9776437073911097],[119.577048718024,-3.977748151955609],[119.57706458296423,-3.9778751910871506],[119.57707824726333,-3.9779732936325445],[119.57709191066317,-3.9780713970772581],[119.57710191921831,-3.9781264409824075],[119.57712618472567,-3.9782407466130962],[119.57714612539348,-3.9783240040495116],[119.57715410507797,-3.9783549892912902],[119.57716320531779,-3.9783903227551605],[119.57718027624878,-3.9784538139923029],[119.5772129126459,-3.9785483282427094],[119.57724548878832,-3.9786230681999655],[119.57727525634812,-3.9787006446189821],[119.57730504189419,-3.9787838606865762],[119.57733069865287,-3.9788939332083828],[119.57734211914351,-3.9789489726169336],[119.57736491965534,-3.9790463377182732],[119.57739341107708,-3.9791648692632862],[119.5774289531837,-3.9792904362046215],[119.57745738345159,-3.9793892015503616],[119.57749573234219,-3.9795119320299932],[119.57754539560358,-3.9796586393346729],[119.57760498108507,-3.97982649959323],[119.57766309887302,-3.9799774202217009],[119.57768069770611,-3.9800355182245539],[119.57768938245908,-3.9800641859134203],[119.57771566424663,-3.9801509516050828],[119.5777287628722,-3.9802342036455229],[119.57773431888381,-3.9802695128277037],[119.57774724034289,-3.9803556121217412],[119.5777672376679,-3.9804572238217588],[119.5777872053153,-3.9805461290006292],[119.57780534643962,-3.9806416639815438],[119.57781293222115,-3.9806816136654675],[119.57782737083653,-3.9808015994142352],[119.57783612393803,-3.9809046563248103],[119.57784478081203,-3.9809738222839997],[119.57786482310314,-3.9810895596354499],[119.57790172498471,-3.981198177054182],[119.57793009769591,-3.9812785782437459],[119.57796132665396,-3.9813745062284056],[119.57799821594494,-3.9814788941355914],[119.57803095036809,-3.9816044700701809],[119.57803297204407,-3.9816113112129869],[119.57806931274865,-3.9817342674224392],[119.5780899926591,-3.9818266988430082],[119.57811067256955,-3.9819191311629538],[119.57813087583929,-3.9820159701608304],[119.57815108000841,-3.9821128091587639],[119.57816307336725,-3.9821900438354305],[119.57818154274412,-3.9822865725672045],[119.57820539905993,-3.982395972396148],[119.57822708980837,-3.9824978592887419],[119.57825091644668,-3.9826008136765836],[119.57825447776202,-3.9826225646795592],[119.57826725532959,-3.9827005763704619],[119.5782803593512,-3.9827906857415201],[119.57828700624043,-3.9828647107377719],[119.57829361086146,-3.9829280176138582],[119.57830679941935,-3.9830449519629383],[119.57832964669592,-3.9831747439192213],[119.57833308930071,-3.983193106276758],[119.57836019486717,-3.9833377253556819],[119.57836885983511,-3.9834125390573831],[119.57838182536102,-3.9835127631034766],[119.57839331599882,-3.9835903970791264],[119.57841613089977,-3.9836919997858899],[119.57844740392466,-3.9837992250541561],[119.57848153769282,-3.9839233872544924],[119.57852835190204,-3.9840559770016739],[119.57855544038136,-3.9841745130432855],[119.57858601643159,-3.9842845639814186],[119.57861659158254,-3.9843946149194949],[119.57863382619018,-3.9845103621634621],[119.57864391298631,-3.9845908200102826],[119.5786625343485,-3.9846980848486737],[119.57867969431254,-3.9847898183953703],[119.57869826081617,-3.9848829656762632],[119.57871267874714,-3.9849987120209107],[119.57871672659576,-3.9850734097100258],[119.57871864664833,-3.9851088447973098],[119.57872460105955,-3.9852147309750308],[119.57872488344663,-3.9853051083440505],[119.57872656427958,-3.9853912499062289],[119.57873256725429,-3.9855126709729234],[119.57873773026211,-3.9855754211687326],[119.57874133744281,-3.9856192622191315],[119.5787501058328,-3.98572585256602],[119.57875815296643,-3.9858275020375231],[119.57876620010006,-3.9859291506097634],[119.57876798345569,-3.9860477657917386],[119.57876826044696,-3.986136869720724],[119.57876828203064,-3.9861437909031565],[119.57876989721308,-3.9862115692084785],[119.57877024075412,-3.9863217109781317],[119.5787775729267,-3.986419132736728],[119.57878771278274,-3.9865137081410467],[119.57880067381211,-3.9866125220502227],[119.57881085413771,-3.9867198129689427],[119.57882669389687,-3.9868383831847609],[119.57883545239429,-3.9869428502323103],[119.57884136183941,-3.9870346278457305],[119.57884301659203,-3.9871151126722566],[119.57884617321236,-3.9872238362110011],[119.57884946113381,-3.9873777470853042],[119.5788513928776,-3.9875443788699272],[119.57884960862259,-3.9876488836889621],[119.57884782526696,-3.9877533876086773],[119.57884808876838,-3.9878381163359791],[119.57885073277521,-3.9879347116175836],[119.57885125797918,-3.9879538977541529],[119.57885437862672,-3.9880513330025451],[119.57885605586239,-3.9881388757085006],[119.57885662962985,-3.9881708250235306],[119.57885775468174,-3.9882334870857221],[119.57886375315979,-3.9883534980154991],[119.57887254673074,-3.9884664420725926],[119.57888270906983,-3.9885680852489145],[119.57889008171196,-3.9886782144280346],[119.57889479595815,-3.9888363593104827],[119.57889106017433,-3.9889917028048103],[119.57889140821203,-3.9891032628053154],[119.57888743770513,-3.9891837656182361],[119.578887741676,-3.9892812008666851],[119.57889227605779,-3.9893814509931076],[119.57889959923716,-3.9894760443838777],[119.57890699795962,-3.9895946406800817],[119.57891029937093,-3.9897499625906789],[119.57891788605161,-3.989928722632385],[119.57892097072624,-3.9900148516040872],[119.57892112540969,-3.990064279243029],[119.57892139430692,-3.9901504172079285],[119.57892166770091,-3.9902379653098023],[119.57892194109479,-3.990325520606234],[119.57892369657145,-3.9904384880457542],[119.57892410666227,-3.9904509922194507],[119.57892680013174,-3.9905330940270005],[119.57893131203048,-3.9906262772807963],[119.57893297127964,-3.9907081812375509],[119.57893602178001,-3.9907830129256467],[119.57893626909356,-3.9908620921117972],[119.57894074501939,-3.9909439780821003],[119.57895084980191,-3.9910300935638929],[119.57897643821207,-3.9911175616261403],[119.57899917936868,-3.9911951614275267],[119.57900156796802,-3.9912103293931409],[119.57901496157126,-3.9912953755810463],[119.57902221910024,-3.9913687836424288],[119.57902247900427,-3.9914520932394453],[119.57901847881976,-3.9915227178990449],[119.57900741985657,-3.9915834769957996],[119.57899070865437,-3.9916357770694049],[119.57898675343597,-3.9917205183871829],[119.57899267727032,-3.991816526411526],[119.57899430234522,-3.9918843029182085],[119.57899592562148,-3.9919549005981594],[119.5790032326131,-3.9920438462464745],[119.57901477721032,-3.9921384252480721],[119.57902486040905,-3.992214644590149],[119.57903920369631,-3.9923063961232401],[119.5790493183714,-3.9923925026118354],[119.57905949420035,-3.9924983842929578],[119.57907385997078,-3.992597184712281],[119.5790881951641,-3.9926832777110235],[119.57909406234114,-3.9927609296731248],[119.57910982206067,-3.9928540868465916],[119.57911991515198,-3.9929359548303864],[119.57912441715814,-3.9930263178102905],[119.57912605482363,-3.9931011539950418],[119.57912669963753,-3.9931100392968233],[119.57913487627354,-3.993222575961056],[119.57913815070515,-3.9933722483305587],[119.57913724598723,-3.9935318303296867],[119.57913473238204,-3.9935638677782208],[119.57913048578337,-3.9936179898782598],[119.57912643793486,-3.9936730787495094],[119.57912384968597,-3.9937436899193131],[119.57912264459446,-3.9938100670808581],[119.57912149705953,-3.9938919710376126],[119.57911746989544,-3.9939541177882347],[119.5791121153319,-3.9940402818335201],[119.57910256992773,-3.9941335091540964],[119.57909433213774,-3.9941984986617172],[119.57908057520842,-3.9942945678399724],[119.57906819064453,-3.9943835647496826],[119.57905333204565,-3.9944872116154784],[119.57902794688232,-3.994643192729086],[119.57901658214962,-3.9947328686269543],[119.57900521741692,-3.9948225463234053],[119.57899017175907,-3.9949759014166943],[119.57896596830483,-3.9950955013562748],[119.57894176485058,-3.9952151012958552],[119.57890862033662,-3.9953737012352804],[119.57889340470695,-3.9954724863661113],[119.57887044141785,-3.9955738984166373],[119.57885520060711,-3.9956648837273292],[119.57884761302694,-3.9957274468641231],[119.57884511201235,-3.9957480629227007],[119.5788324954234,-3.9958520371417308],[119.57883028578908,-3.9959715678335215],[119.57883324275997,-3.9960910832368768],[119.57883600727598,-3.996154227335694],[119.57883881495945,-3.9962183885677405],[119.5788445256544,-3.9963898623022374],[119.5788475482758,-3.9965275601986718],[119.57884543486898,-3.9966808739231396],[119.57884961941443,-3.9967769997587084],[119.57885380306061,-3.9968731255942203],[119.57886004525494,-3.9969986178918475],[119.57886628744927,-3.997124109290155],[119.57887380758018,-3.9972271158386548],[119.5788813304091,-3.9973301223872113],[119.57889255934424,-3.9974674605547875],[119.57889830331408,-3.9975777030485347],[119.57890404728403,-3.9976879446429052],[119.57890263175113,-3.9978108630808151],[119.57890121621824,-3.9979337806194053],[119.57889617282024,-3.9980476716626754],[119.57889112942212,-3.9981615627058886],[119.57888541872717,-3.9982543691437513],[119.57887971073012,-3.9983471737829746],[119.57887619438088,-3.9984043400882001],[119.57887400093443,-3.9984399802208372],[119.57886900340179,-3.9985683305639554],[119.57886400407062,-3.9986966827057131],[119.578860726941,-3.998799724327796],[119.57885941572954,-3.9988409330625814],[119.57885744891223,-3.9989027641511825],[119.57885799210271,-3.9990762865413672],[119.57885835992545,-3.9991937757720848],[119.57885872684881,-3.999311265902179],[119.57886453377125,-3.9994413906076716],[119.5788703406937,-3.9995715162124839],[119.57889069415023,-3.9996768996691117],[119.57891104760688,-3.9997822831257963],[119.57891997157947,-3.9998187704198926],[119.57893767473399,-3.9998911469588165],[119.57896570570279,-4.0000057421711972],[119.57898229909392,-4.0001198886218958],[119.57899748774389,-4.0002282938006601],[119.57900859167319,-4.0003258657460492],[119.57901969740112,-4.000423438590758],[119.57903080222979,-4.0005210105361471],[119.57904604933572,-4.0006483950073743],[119.57906129734101,-4.0007757785792819],[119.57907512711552,-4.0008814767986678],[119.57908491893397,-4.0009563120840994],[119.5790889568899,-4.0009871750180537],[119.57910278666429,-4.0010928732374396],[119.57911126007662,-4.0012121440252031],[119.57911973258967,-4.0013314157122295],[119.57912902618364,-4.0014253786782206],[119.57913600582208,-4.0014959493785227],[119.57913831977771,-4.0015193416442685],[119.57914761337167,-4.0016133046102595],[119.57916500086412,-4.0017054347579801],[119.57918238835657,-4.0017975649056439],[119.57919977584902,-4.0018896950533644],[119.57922527432697,-4.0019854143953353],[119.57925077190566,-4.0020811337373061],[119.57927627038362,-4.002176853079277],[119.57931311740651,-4.0023041692019774],[119.57934996263077,-4.0024314853247347],[119.57939353388451,-4.0025506445965107],[119.57943710423899,-4.0026698056669261],[119.57946038768682,-4.0027768285877414],[119.57948367203392,-4.0028838533071394],[119.57949385146014,-4.0029732935826132],[119.57950403088637,-4.0030627356566697],[119.5795142103126,-4.0031521768314633],[119.57953070657686,-4.0032470211330633],[119.57954720284124,-4.0033418645354004],[119.57956369910551,-4.0034367088370004],[119.57957374543207,-4.0034725917866467],[119.57959555309242,-4.0035504838676843],[119.57962740797859,-4.0036642588983682],[119.57965926286477,-4.0037780339290521],[119.57970420018876,-4.0039026116161835],[119.57974913841213,-4.0040271911019545],[119.57976253381389,-4.0040739864252828],[119.57978325869055,-4.0041463809506581],[119.57981738076762,-4.0042655716987383],[119.57983386264266,-4.0043558969070432],[119.57985034541719,-4.0044462221154049],[119.57986682729234,-4.0045365473237666],[119.57987938362669,-4.0046666513448486],[119.57989194086042,-4.004796753567291],[119.57990719785892,-4.0049268503937583],[119.57992245485752,-4.0050569454216429],[119.57994613670496,-4.0051472472476348],[119.57996981765302,-4.0052375490735699],[119.57999350039984,-4.0053278517988815],[119.58001720742823,-4.0054262879927478],[119.58004091445673,-4.0055247241866141],[119.5800646223845,-4.0056231612798001],[119.58008929978143,-4.0057444141733072],[119.58011397897701,-4.005865667966134],[119.58013865817259,-4.005986920859641],[119.58016333736816,-4.0061081746524678],[119.5801645568489,-4.0061137936166347],[119.58018319709697,-4.0061996186174724],[119.58020305772504,-4.0062910625824202],[119.58022291925238,-4.0063825065473679],[119.58024277898107,-4.0064739514116923],[119.58026344720042,-4.0065651417678509],[119.58026468107028,-4.0065705862634786],[119.58028658315936,-4.0066672202160021],[119.58030848524845,-4.0067638550677884],[119.5803402690882,-4.0068550346321103],[119.58037205292794,-4.0069462159950149],[119.58040383676769,-4.0070373955593368],[119.58044190057331,-4.0071222304065373],[119.58047996527819,-4.0072070652537946],[119.58051802908381,-4.0072918992017321],[119.58057365215234,-4.0073798412066708],[119.58062927522099,-4.0074677832115526],[119.58067855986769,-4.0075435438993736],[119.58072784541378,-4.0076193045871946],[119.5807771300606,-4.0076950652750156],[119.5808264147073,-4.0077708259627798],[119.58087570025339,-4.0078465866506008],[119.58092498490021,-4.0079223482377415],[119.58097562302669,-4.0079990091468858],[119.58102626115306,-4.0080756691567672],[119.58107689927954,-4.0081523291665917],[119.58114332590378,-4.0082415931749438],[119.58120975162876,-4.0083308562839193],[119.58129111329436,-4.0084471853892296],[119.58131791399057,-4.008493254959717],[119.58136983365091,-4.0085825018809373],[119.5814486313493,-4.0087422196776288],[119.5815085288956,-4.0089019977289695],[119.58154411237092,-4.0090564302100233],[119.58156463669866,-4.009144482831573],[119.58157093015438,-4.0091714786807415],[119.58158516282504,-4.0092325363524424],[119.58160726276503,-4.0093924331142716],[119.58161159839665,-4.0094832493524564],[119.58161593312889,-4.0095740637919448],[119.5816137019109,-4.0097231929709096],[119.58161003087832,-4.0098438577078355],[119.58160635984564,-4.0099645242433439],[119.58160127058227,-4.0100635027284284],[119.58159618221805,-4.0101624821128325],[119.58156958386928,-4.0102899978850246],[119.58154826184284,-4.0103781827069156],[119.58152693981651,-4.0104663684281263],[119.58149758594493,-4.0105762700787295],[119.58146925100516,-4.0106823586039013],[119.58146823297261,-4.0106861708300698],[119.58141822077437,-4.0108518547292533],[119.58137238143036,-4.0109504662909217],[119.58132653129439,-4.0110490769532703],[119.58128069105112,-4.0111476876156189],[119.58125708204875,-4.0111936357776017],[119.58123417811487,-4.011238213372792],[119.58118766517862,-4.0113287373313256],[119.5811411513431,-4.0114192621891789],[119.58109960176523,-4.0115142890531388],[119.58105805218747,-4.0116093168164753],[119.58102328079985,-4.0117133611826148],[119.58098850941224,-4.0118174046494346],[119.58095373712536,-4.011921449015631],[119.58094053597699,-4.0120163868467102],[119.58092733482874,-4.0121113246778464],[119.58091885871841,-4.0122062472204902],[119.5809103817088,-4.0123011697631341],[119.58090190559858,-4.0123960932050977],[119.58089342858887,-4.0124910157477416],[119.58088923415085,-4.0125264409424517],[119.58088290921899,-4.0125798453835273],[119.58087238805035,-4.0126686741199933],[119.58086186778098,-4.0127575028564024],[119.58085134661246,-4.0128463315928684],[119.58083353194206,-4.0129765318414456],[119.58081571727155,-4.0131067311906463],[119.58079790170189,-4.013236930539847],[119.58079437276217,-4.013262724894787],[119.58078008703148,-4.0133671298891045],[119.58077498158025,-4.0134611387205155],[119.58077243290154,-4.013508086029276],[119.58076987792754,-4.0135551466526636],[119.58076477337568,-4.0136491563833943],[119.58076923221438,-4.0137792846861657],[119.58077369105308,-4.0139094138883138],[119.58079801861368,-4.014053524850226],[119.58080925834065,-4.01414731874371],[119.58082048727567,-4.014241112637194],[119.58083172520401,-4.0143349065306779],[119.58081855822991,-4.0144406901856655],[119.58080539125581,-4.0145464729413334],[119.58080181105481,-4.0146144176212033],[119.58080029479788,-4.0146431932287214],[119.58079519923911,-4.0147399117175269],[119.58079010368044,-4.0148366320049149],[119.58078234522907,-4.0149451091294281],[119.58077458587854,-4.0150535871532611],[119.5807640979848,-4.0151525827254773],[119.58075360919179,-4.0152515791969563],[119.58074455571671,-4.0153776839329112],[119.58073698972032,-4.0154830727855142],[119.580735503141,-4.015503788668866],[119.58074300078897,-4.0155986608494914],[119.58075049843683,-4.0156935339293796],[119.58075799608469,-4.0157884061100049],[119.58077385113234,-4.0158934190459945],[119.58078970528072,-4.0159984319819841],[119.58080556032837,-4.0161034458173503],[119.58082141357738,-4.01620845875334],[119.58083613368069,-4.0163105381008108],[119.58085085468326,-4.0164126183476014],[119.58086557478646,-4.0165146976950723],[119.58090644357753,-4.0166325097824256],[119.58094731236861,-4.0167503227691554],[119.58095157425578,-4.0167618817553716],[119.58099224429668,-4.0168721898995727],[119.58103717532549,-4.0169940561307271],[119.58106445536043,-4.0170834433461664],[119.58109173539538,-4.0171728296622859],[119.58110283302938,-4.0172676910510745],[119.58111393066338,-4.0173625515404865],[119.58113458539287,-4.0174912742028823],[119.58115031003888,-4.0175892778228786],[119.58115523922299,-4.0176199959660153],[119.5811691256547,-4.0177433173001873],[119.58118301298578,-4.0178666368357767],[119.58118872907664,-4.0179669382235943],[119.58119444426825,-4.0180672378127156],[119.5811960918262,-4.0181621288791121],[119.5811977411829,-4.0182570199454517],[119.58121069771562,-4.0183708543314083],[119.58122365604697,-4.0184846878180451],[119.58123661437833,-4.0185985222040017],[119.58125329860093,-4.018753014939648],[119.58129434275975,-4.0189264078273936],[119.581310821937,-4.0189866776929648],[119.58133804441525,-4.0190862371400726],[119.58139251904959,-4.0192378979106138],[119.58141443822581,-4.0193395033153934],[119.58143635740203,-4.0194411078207963],[119.58145152986424,-4.0195440891883436],[119.58146670412521,-4.019647070555834],[119.5814778107524,-4.0197446434005428],[119.58148891737972,-4.0198422153459319],[119.58150298007854,-4.0200211165812334],[119.5815209341439,-4.0201498482368834],[119.58153888910851,-4.020278578093837],[119.58155952225422,-4.0204005216667156],[119.58158015539993,-4.020522466138857],[119.58160482470294,-4.0206403303868683],[119.58162949490531,-4.020758192836297],[119.58165141408153,-4.0208597982410765],[119.58167333325775,-4.0209614027464795],[119.5816858032573,-4.0210630369295473],[119.58169827325673,-4.0211646720119347],[119.58171343312847,-4.0212635866451478],[119.58172859389958,-4.0213625021776807],[119.58173805027081,-4.0214018313293991],[119.58176962996447,-4.0215331836095061],[119.58179711594425,-4.0216876421708889],[119.58181921768278,-4.0218475389327182],[119.58182626297173,-4.0219410567343061],[119.58182713801204,-4.0219526759751716],[119.58182991601791,-4.0219895490783983],[119.58183330736131,-4.0220345745359509],[119.58183642531083,-4.0221674187912981],[119.58183683540165,-4.0222975605839224],[119.5818345367345,-4.0224249999137669],[119.58183766367733,-4.0225605556250912],[119.58184620723671,-4.0227015171612379],[119.58188168189417,-4.0228207016140232],[119.58192523785954,-4.0229344388732216],[119.58196330076578,-4.0230183690025001],[119.58200136367202,-4.0231022991317786],[119.58206937400246,-4.0232647607600711],[119.58209151081462,-4.0234355042450716],[119.58210535677688,-4.0235452682994719],[119.58211920183976,-4.0236550323538154],[119.58214441073608,-4.0237991379198093],[119.58214669591337,-4.0238122005725359],[119.58215914882567,-4.023908412743026],[119.58217160173808,-4.0240046249134593],[119.58217735560049,-4.0241171256047892],[119.58218047984531,-4.0241782030615809],[119.58218311126166,-4.0242296271954956],[119.58218623460709,-4.0242637987352623],[119.58219289768419,-4.0243366932837148],[119.582202685006,-4.024443759371934],[119.58221938811437,-4.024603673220895],[119.58222508082292,-4.0246967440594403],[119.58223077533012,-4.024789813998666],[119.58223646803867,-4.0248828839378916],[119.58224214995528,-4.0249723386024812],[119.58224783097273,-4.025061795065767],[119.58225351288934,-4.0251512497303565],[119.58227725679001,-4.0252605308487546],[119.58230100069068,-4.0253698119672094],[119.58232474459135,-4.0254790921862877],[119.58234809998487,-4.0256078049561665],[119.58236963694924,-4.025726501077088],[119.58237145537839,-4.0257365177260453],[119.58240960372029,-4.0258475606163984],[119.58245304996831,-4.025926050746591],[119.58251019199179,-4.0260668567000266],[119.58254843476254,-4.0262077238073744],[119.58255246462465,-4.0262291375645987],[119.58256628270783,-4.026302562713056],[119.58258413245176,-4.0263974016187376],[119.58260605162809,-4.0264990070235172],[119.58262797170357,-4.0266006106296572],[119.58263456373425,-4.0266471928136411],[119.58264177899491,-4.0266981753804316],[119.58265693976603,-4.026797089114325],[119.58267210233566,-4.0268960037475381],[119.58267564116795,-4.026916232198289],[119.58269959730865,-4.0270531719662586],[119.58272980014021,-4.0272130435470785],[119.58274380438309,-4.0273729672885565],[119.58274545823633,-4.0274692127339335],[119.58274711208958,-4.0275654590786303],[119.58274749610018,-4.0276874674026431],[119.58274528376785,-4.0278420185942423],[119.58274141308584,-4.0279498841797476],[119.58274032130885,-4.0279803109425529],[119.58273002587009,-4.0281403120257551],[119.58274727216894,-4.028307207311741],[119.5827826299145,-4.0284893479050083],[119.5828053297023,-4.0285691393542606],[119.5828256148103,-4.0286404430020184],[119.58284121894712,-4.0286627560813031],[119.58291490399972,-4.0287681260481349],[119.58293543732066,-4.028788818549117],[119.5829575867233,-4.028811140621599],[119.58304318599426,-4.0288974053909214],[119.58318659098848,-4.0290287909459153],[119.58324434994688,-4.029126816149585],[119.583259156385,-4.0291519432075802],[119.58326313858299,-4.0291587034113832],[119.5832764161737,-4.0291812359252503],[119.58329149780445,-4.0292068333286579],[119.58333855123317,-4.0293505548841608],[119.58334222586313,-4.0293617820206009],[119.58336605070269,-4.0295633488694307],[119.58337129644826,-4.0296170338989441],[119.5833744108005,-4.0296489175634633],[119.58339070291868,-4.0298156797497882],[119.58339978787001,-4.0299086651527318],[119.5834363381166,-4.0300713965776254],[119.58343812596877,-4.0300793555777545],[119.58344657689804,-4.0301904928969066],[119.5834496966462,-4.0303233371522538],[119.58345281639447,-4.030456181407601],[119.58347216081165,-4.0305971078701646],[119.58348346528976,-4.0307570388062572],[119.58350016120357,-4.0309142420985609],[119.58350638271349,-4.0309432946972379],[119.58352482421128,-4.0310293939912754],[119.58354948811848,-4.0311445458840467],[119.58357682121334,-4.0312502000366521],[119.58359780239675,-4.0313396061378626],[119.58361878358005,-4.0314290131383927],[119.58363976566272,-4.0315184192396032],[119.58364452127773,-4.031560940085285],[119.58365643729485,-4.0316674881639756],[119.5836607954094,-4.0317650807937753],[119.5836651526248,-4.0318626743228947],[119.5836791919412,-4.0320334420896415],[119.58370663745143,-4.0321743433711958],[119.58378001403651,-4.0323259420885051],[119.58378497109959,-4.0323427486189303],[119.58382052399804,-4.0324632856520566],[119.5838399232739,-4.0325530946495292],[119.58385931445582,-4.0326429126402559],[119.58388955326029,-4.0328136291456076],[119.58390876907447,-4.032913885567325],[119.58392798488865,-4.0330141428883621],[119.58395544658663,-4.033160466182494],[119.58399644308145,-4.0333175921331303],[119.58402378516962,-4.0334259568423931],[119.58404093973763,-4.0334978207677636],[119.5840593551552,-4.0335749646128534],[119.58409747112148,-4.0336751616792981],[119.58412735829097,-4.0337347156845453],[119.58419257622643,-4.0338673620890404],[119.58423609172235,-4.0339675420683534],[119.58424750411905,-4.0339995147657532],[119.58426605713294,-4.0340514973786412],[119.58428796461794,-4.034149034250504],[119.58432348334213,-4.034281775083798],[119.58433171213892,-4.0343224181450523],[119.58436191676913,-4.0344822888264957],[119.58440290427063,-4.034636703321155],[119.58445999683147,-4.0347612405387849],[119.58448575341481,-4.0347979409721688],[119.58451695179599,-4.0348423980581742],[119.58454955671675,-4.0349073659821215],[119.58463912469585,-4.0350562019821155],[119.5846731487469,-4.0351428552585276],[119.58470717189857,-4.0352295076356199],[119.58474631578986,-4.0353633177628581],[119.58475630186194,-4.0353974533297787],[119.58478498124191,-4.035501745908789],[119.58481366062199,-4.0356060402864955],[119.58485452761443,-4.035722496196172],[119.58487911417978,-4.0358127953242047],[119.58490154776825,-4.0358951921093649],[119.58490369894662,-4.0359030926535411],[119.58492828371334,-4.0359933908822541],[119.58496377815595,-4.0361179982469935],[119.58499927079981,-4.0362426047124131],[119.58501853517737,-4.0363577736922593],[119.58503779865555,-4.0364729426721055],[119.58506247964976,-4.0365935165774545],[119.58508716064398,-4.0367140922814997],[119.58511088116234,-4.0368152381327036],[119.58513460078132,-4.0369163848832272],[119.58515832040018,-4.0370175307344311],[119.58519372401122,-4.0371136691604761],[119.58522912762226,-4.037209807586521],[119.585251900255,-4.0372716458697369],[119.58526453123318,-4.037305946012566],[119.58529993484422,-4.0374020835392912],[119.58533084903956,-4.0375014001694467],[119.58536176233554,-4.0376007159002825],[119.58538232623346,-4.0376667800977657],[119.58539267563151,-4.0377000316311182],[119.58540819793006,-4.0377354820068376],[119.58543890977796,-4.0378056246298115],[119.58548514302504,-4.0379112176285616],[119.58553137717138,-4.0380168124258944],[119.58558740403555,-4.0380889335573897],[119.58564343089972,-4.0381610573868443],[119.58569945776378,-4.0382331794176594],[119.58578249936295,-4.0383097342068481],[119.58586554006274,-4.0383862889959801],[119.58594858076242,-4.0384628437851688],[119.58601542467215,-4.0385403545536747],[119.58608226858189,-4.0386178653221805],[119.58614911429027,-4.0386953760906863],[119.58621958876313,-4.0387828162739083],[119.58625585572327,-4.0388278129531727],[119.58629006503452,-4.0388702573564501],[119.58636054130602,-4.0389576966403524],[119.58642109715595,-4.039038843367905],[119.58648165210661,-4.0391199882967612],[119.58654220795654,-4.039201134124994],[119.58660634130968,-4.0392750377127982],[119.58667047376343,-4.0393489421998652],[119.58673460711645,-4.0394228457876693],[119.58681725121528,-4.0395161216716247],[119.58690090435334,-4.0395885090024422],[119.58702851005773,-4.0396913968404533],[119.58703416589412,-4.0396959573025129],[119.58712527081468,-4.0397623515512464],[119.58721637483586,-4.0398287449006034],[119.58724967133537,-4.0398453167079538],[119.587349505975,-4.039895006049619],[119.58748065770624,-4.0399534269090509],[119.58764304109354,-4.039998017994094],[119.58766228388731,-4.0400026620931158],[119.58772324713016,-4.0400173750018098],[119.5877975931844,-4.0400387123166865],[119.58788958213859,-4.0400756825466715],[119.58796595886201,-4.0401205497235537],[119.58810104063059,-4.0402066517155504],[119.58823938064302,-4.0402911259346865],[119.58833314036224,-4.0403260205293918],[119.58841051173579,-4.040357342117602],[119.58850067596552,-4.0403857822780083],[119.58858930415317,-4.0404123203722406],[119.58867623262211,-4.0404296431134981],[119.58877899275637,-4.0404398252376836],[119.58892302457798,-4.0404595051020351],[119.58909431664949,-4.040484984694217],[119.58924314905209,-4.0405174789984244],[119.58939033209822,-4.0405760059778686],[119.58948300273846,-4.0406225620815235],[119.58957567427797,-4.0406691172858586],[119.58966109188589,-4.0407012347741329],[119.58974651219182,-4.04073335316167],[119.58980806628927,-4.0407564981138648],[119.58983193069912,-4.0407654706498874],[119.58989097119138,-4.0407909817183736],[119.58994850621866,-4.0408158416777269],[119.59006508263747,-4.0408662154034687],[119.59021407781745,-4.0409507651656327],[119.59031242857577,-4.0409809203331406],[119.59032760913192,-4.0409799553606263],[119.59040965608085,-4.040974741091361],[119.59041267240696,-4.0409745486364841],[119.59041476422999,-4.040974415536823],[119.59041525615919,-4.0409737806154453],[119.5904173129087,-4.0409711240180854],[119.59046969571989,-4.0409034428395785],[119.59054265412021,-4.040871793898134],[119.5906894333707,-4.0408780981456403],[119.59082441711325,-4.0409071642341701],[119.59090668709405,-4.0409459439001694],[119.59098895707473,-4.0409847235661118],[119.59115519225838,-4.0410518669500561],[119.59123494233882,-4.0411140802505656],[119.59131469241913,-4.0411762926517554],[119.59139268522426,-4.0412298373870499],[119.59147067713013,-4.0412833794243852],[119.59158400969432,-4.0413516550547683],[119.59165853021705,-4.0413685614099109],[119.5917175383338,-4.0413627607827607],[119.59174288122904,-4.0413424459970315],[119.59175853572788,-4.0413189251282233],[119.59179485934533,-4.0413005339923984],[119.59183266144828,-4.0412951182750589],[119.59186698227552,-4.0413011860009078],[119.59191363820389,-4.041314272935324],[119.5920099888699,-4.0414014828920699],[119.59210634223393,-4.0414886928488727],[119.59219232011958,-4.0415646963535892],[119.59221419522896,-4.0415840335762141],[119.59232709521928,-4.0416865230145618],[119.59241857785514,-4.0417499360107172],[119.59248187843605,-4.0417973806445389],[119.592521766966,-4.0418272786059788],[119.59262495427834,-4.0419046221005601],[119.59269420837109,-4.0419644575936218],[119.59272405237323,-4.0419902429553076],[119.5928231477701,-4.0420758629106786],[119.59289431202296,-4.0421370132125389],[119.59296547627582,-4.0421981608164401],[119.59303664142794,-4.0422593093196042],[119.59311534199946,-4.0423196538289403],[119.59319404616838,-4.0423799992375393],[119.59327274763928,-4.0424403437468186],[119.59336850025613,-4.0424988203642442],[119.59342046758059,-4.0425113901884515],[119.59349326500228,-4.0425055104209378],[119.5935503278854,-4.0425187358509334],[119.5936488648033,-4.0425635193908533],[119.59373372932816,-4.0426079908660313],[119.59381859475241,-4.042652463240529],[119.59390346107591,-4.0426969338163872],[119.59398832470151,-4.0427414061908848],[119.5940658030944,-4.042797413269966],[119.59414327968864,-4.0428534185503509],[119.59422075628299,-4.0429094247301123],[119.59429823287724,-4.0429654318091934],[119.59437571127012,-4.0430214388882746],[119.59446447885273,-4.0430738738601235],[119.59455324643523,-4.0431263088320293],[119.59464201311846,-4.043178743803935],[119.59473078070107,-4.0432311796751605],[119.59481177364455,-4.0432798707693678],[119.59489276568866,-4.0433285627628948],[119.59490093333147,-4.0433334730612955],[119.59497375863214,-4.0433772538571588],[119.59505862045899,-4.0434277238103391],[119.59514348228595,-4.0434781937635762],[119.59525024800064,-4.0435478939201062],[119.59534596914125,-4.0436102547094492],[119.59544169028186,-4.0436726163980552],[119.59555756612883,-4.0437183235417251],[119.59567344107654,-4.043764030685395],[119.59580389493385,-4.0437728278536724],[119.59582637528706,-4.0437743441106591],[119.59593434699264,-4.0437816259212696],[119.59605370861186,-4.0437683402366815],[119.59617307023109,-4.0437550536527738],[119.5962739849565,-4.0437178666861655],[119.59629387346354,-4.04370689765517],[119.59634681835109,-4.0436776975676594],[119.5963713437626,-4.0436641708647585],[119.59651152558649,-4.043555736907706],[119.59663052657766,-4.0434817298978487],[119.5967147498859,-4.0434428683936403],[119.59677885985661,-4.0434132878928608],[119.59679897499279,-4.0434040068893751],[119.59688877679571,-4.043366383751561],[119.59697857859862,-4.0433287606137469],[119.59709763175033,-4.0432708586631634],[119.59720067696969,-4.0432268125672977],[119.59729912305613,-4.0431781808283631],[119.59746751121668,-4.0431190288200582],[119.59756882434181,-4.0430903179637312],[119.59763493620335,-4.0430715823875971],[119.59767013836631,-4.0430616062080844],[119.59776993073774,-4.043028750376493],[119.59786972400866,-4.042995893645525],[119.59798572126408,-4.0429643418308387],[119.59806642372655,-4.0429323844219311],[119.59809812482865,-4.0429198298862161],[119.59818795001399,-4.0428809980595588],[119.59827418330701,-4.042829207002228],[119.59833063465112,-4.0427517537903555],[119.59834995298797,-4.0427252498703297],[119.5983870868946,-4.0426743023771223],[119.5984461714537,-4.0425756017825734],[119.59850525511354,-4.0424769020872873],[119.59851979805035,-4.0424526078015788],[119.59852103371884,-4.0424505429581359],[119.59856433877326,-4.0423782032913778],[119.59860403574771,-4.0422899285373433],[119.59860544678395,-4.0422867908027342],[119.5986156585858,-4.042264082921065],[119.59864655479475,-4.0421953792133536],[119.59868321565796,-4.0420723942255563],[119.59870239190195,-4.0419628568003532],[119.59871234379966,-4.041879218051406],[119.59871693214075,-4.0418406578200461],[119.59872792275553,-4.041684593968796],[119.5987269910579,-4.0416595127762207],[119.59872651981311,-4.0416468332347222],[119.59872651891374,-4.0416467963624996],[119.59872415369682,-4.0415831981060819],[119.59872323638831,-4.0415582446172493],[119.5987203819401,-4.0414806484131418],[119.59871954287269,-4.0414107567009978],[119.59871860308112,-4.0413324203548768],[119.59871662906926,-4.0412306206965241],[119.59871513259736,-4.0411535146229767],[119.59871610116716,-4.0410022351649673],[119.59871071242947,-4.0409264978595161],[119.59870699463215,-4.0408742598391996],[119.59868926180002,-4.040768131743846],[119.59867118003103,-4.0406315651945306],[119.59865806072094,-4.0405342963206863],[119.59862476062426,-4.0404205662561026],[119.59859736727469,-4.0403403539241367],[119.59855210889282,-4.0402336223837096],[119.59854798640049,-4.0402249772008645],[119.59850046532426,-4.0401253368148105],[119.59849328513701,-4.0400806000396301],[119.59847567371344,-4.0399708737567721],[119.59846758880826,-4.0398497602581642],[119.59846716882487,-4.0398434712990934],[119.59845866303692,-4.0397160679421518],[119.59845027506026,-4.039590418263117],[119.59845015814835,-4.0395886645851533],[119.59844964013882,-4.0395809133284502],[119.59844165236041,-4.0394612630267943],[119.59843660626439,-4.0393602835501952],[119.59843156016848,-4.0392593049729157],[119.59842651317308,-4.0391583263955795],[119.59842146707706,-4.0390573469189803],[119.59842297703881,-4.0389660630333424],[119.59842448610118,-4.0388747782483847],[119.59842599516355,-4.0387834943627468],[119.59843984832037,-4.0386824537321786],[119.59843998231941,-4.0386814770684509],[119.59844532699026,-4.0386424923570985],[119.59845370057792,-4.038581414000987],[119.59846755373474,-4.0384803751691152],[119.59848140689144,-4.0383793345386039],[119.59848380898063,-4.0382857888580475],[119.5984862119692,-4.0381922422781145],[119.5984853630091,-4.0381406643601281],[119.59848453833081,-4.0380905739207833],[119.59848322172331,-4.0380106268888767],[119.59848286469253,-4.0379889073621484],[119.59847307826999,-4.037883198350869],[119.59846329184745,-4.0377774902389092],[119.59843998142003,-4.0376636909265358],[119.59841667009334,-4.0375498916141623],[119.59841370502852,-4.0375401969225209],[119.59838790437834,-4.0374558198301997],[119.59837742637717,-4.0374215520629377],[119.59837028845811,-4.0373982101592105],[119.59831575087128,-4.0372664945530232],[119.59828504621794,-4.0372192180923889],[119.59825889393289,-4.0371789527464443],[119.59819922931104,-4.0370950945629147],[119.59808272933458,-4.0369680392435612],[119.59797859683488,-4.0369100797363444],[119.59787446613382,-4.0368521220277671],[119.59779423671466,-4.0368108062736496],[119.597714008195,-4.0367694914188519],[119.59763377877596,-4.0367281747654147],[119.59755355115556,-4.0366868590112972],[119.59750535558771,-4.0366620404207652],[119.59748553093254,-4.0366518313169308],[119.59747332173652,-4.0366455441564995],[119.59739309321674,-4.036604228402382],[119.59734457299373,-4.0365843785661468],[119.59733264618478,-4.0365794997440503],[119.59728634279054,-4.0365605582231296],[119.59727143832629,-4.0365544599203531],[119.5971497843351,-4.0365046905390045],[119.5970308507932,-4.0364616921532956],[119.59691191815057,-4.0364186928683239],[119.5968132598241,-4.0363809060539211],[119.59671460959157,-4.0363431291320353],[119.59660640765969,-4.0363010993162334],[119.5964982147209,-4.0362590587085379],[119.59639168822594,-4.0362119441258528],[119.59633253711695,-4.0361934801449593],[119.59624129370081,-4.0361751276799396],[119.59611891395673,-4.0361688872842478],[119.59610753663355,-4.0361709188528039],[119.59606073321629,-4.0361792762525397],[119.59601259700378,-4.036187871972686],[119.59590414326169,-4.0361968867768496],[119.59577183140493,-4.0361918883449448],[119.59563952044755,-4.0361868890136634],[119.59553778913767,-4.0361621270804449],[119.59544171006689,-4.0361387321167399],[119.5954360578279,-4.036137356154029],[119.59533433730985,-4.0361125933214907],[119.5952825858227,-4.0360971285795699],[119.59521571583264,-4.0360771483416897],[119.59509710334873,-4.0360416943686346],[119.59506201270176,-4.0360295670108712],[119.59499664637815,-4.0360069769403708],[119.59489619840087,-4.0359722514182295],[119.5947957504236,-4.0359375249967115],[119.59471238776655,-4.0359072897895203],[119.59469608395716,-4.0359013749484234],[119.59467729532093,-4.0358945589866835],[119.59462901701556,-4.0358770455891317],[119.59454565615715,-4.0358468112812602],[119.59445275529049,-4.035802561938624],[119.59435984543063,-4.0357583036027904],[119.59426694366459,-4.0357140551594739],[119.59418631764447,-4.035658063368885],[119.59412297299684,-4.0356140667357181],[119.59410570061766,-4.0356020706789764],[119.5940250727989,-4.0355460878815848],[119.59394445667135,-4.0354900960909958],[119.5938663118809,-4.0354107605980971],[119.5937881679896,-4.0353314260044613],[119.59378260838071,-4.0353257818592851],[119.59371002319904,-4.0352520986054401],[119.59363187930785,-4.0351727640118042],[119.59360302545929,-4.0351265622410324],[119.59358361089494,-4.0350954753758401],[119.59353535237472,-4.0350181858405563],[119.5934870839618,-4.034940907097166],[119.59343882544147,-4.0348636175618822],[119.59339055702867,-4.034786328925918],[119.59334229760896,-4.0347090402899539],[119.59334037575775,-4.0347049267908801],[119.5932984511627,-4.0346152248127396],[119.59328563042754,-4.034587790094406],[119.59325460381694,-4.0345214012416477],[119.59321075557193,-4.0344275857644334],[119.59318842810353,-4.034377032174234],[119.59316740824931,-4.0343294400515788],[119.59312406902063,-4.0342312952380439],[119.59308132334445,-4.0341174176846266],[119.59307641844202,-4.0341043505353014],[119.59302373345861,-4.0339850509693065],[119.59297103858262,-4.0338657603964521],[119.5929529037536,-4.0338152104035885],[119.59293642637499,-4.0337692766307782],[119.59293137937971,-4.0337552130326344],[119.59292685039384,-4.0337425928463517],[119.5929083891109,-4.0336911516253053],[119.59290361820752,-4.0336778578468397],[119.5929018042749,-4.0336728027576214],[119.59287451075011,-4.0335967237097634],[119.59286719116801,-4.0335763189918907],[119.59283736695102,-4.0334857581611914],[119.59280755082784,-4.0333951973304352],[119.59280113776231,-4.0333652993689952],[119.59277158783857,-4.0332275457146238],[119.5927596673248,-4.0331657667866807],[119.59275443057254,-4.0331386351398351],[119.59273727510526,-4.033049731759661],[119.59271846398599,-4.0329892901235667],[119.59270829715024,-4.0329566195522943],[119.59268020232957,-4.0328663878734687],[119.59265362376584,-4.0328072592475905],[119.59262833123262,-4.0327509886671464],[119.59257735136373,-4.0326384618954307],[119.59256062037639,-4.0325661429131401],[119.59255169190715,-4.0325275530041154],[119.59252602435663,-4.0324166441128],[119.59251548340285,-4.0323285681088805],[119.59251446806832,-4.0323200857033612],[119.59250291178,-4.0322235380857592],[119.59249135729033,-4.0321269805756401],[119.59248484080285,-4.0320247681285082],[119.59248409886209,-4.0320131183107151],[119.59247833420784,-4.0319225457888024],[119.59247181772025,-4.0318203333416704],[119.59246966024671,-4.0317932943250412],[119.59246390818282,-4.0317212253542039],[119.59245883061055,-4.0316575416621845],[119.59245600673933,-4.0316221155681546],[119.59245909141396,-4.0315301751774086],[119.59246217428995,-4.0314382347866626],[119.59246355924597,-4.0313969334217177],[119.59246525716594,-4.0313463033891708],[119.5924683409412,-4.031254362099105],[119.59246935177919,-4.031144597145385],[119.59247036261718,-4.0310348411849191],[119.59247040758328,-4.0310299632621422],[119.59247137435455,-4.0309250843251334],[119.59247187527683,-4.0308707266027],[119.59247238519254,-4.0308153193714702],[119.59247339603041,-4.0307055544177501],[119.59247373507492,-4.0306687217840249],[119.5924744068684,-4.0305957975579645],[119.5924754177064,-4.0304860406981788],[119.59247643034303,-4.0303762757444588],[119.59248015263699,-4.0302761497245001],[119.59248311410454,-4.0301965228512131],[119.59248436596079,-4.0301628980992064],[119.59248980685913,-4.0300167609647133],[119.59249649062065,-4.0298369990782135],[119.59250317528142,-4.0296572470842307],[119.5925031006376,-4.0295003810377352],[119.59250309344304,-4.0294861690514381],[119.59250306826209,-4.0294385787273654],[119.59250303498709,-4.029375708022485],[119.59250301790007,-4.0293435059979288],[119.59250294415563,-4.0291866399514333],[119.59250287041118,-4.0290297649116837],[119.59250286501526,-4.0290197941281463],[119.59250278677428,-4.0288728988651314],[119.59250108975357,-4.0288579908036013],[119.59250067336745,-4.0288543287642256],[119.59248344865227,-4.0287030349171005],[119.59247659222103,-4.0286428316013598],[119.59246410063781,-4.0285331709690126],[119.59245705804688,-4.0284696626447953],[119.5924447391335,-4.0283585810835802],[119.59243631608319,-4.0282826297395218],[119.59242537672981,-4.0281839992920823],[119.59241886294024,-4.0281384450331643],[119.59240615012379,-4.0280495353576953],[119.59238691542384,-4.0279150714233651],[119.59238537488523,-4.027904302941181],[119.59236767982463,-4.0277806083882979],[119.59235661996206,-4.0277032532025032],[119.59234845411788,-4.027646143554648],[119.59235752557936,-4.0274786286357767],[119.59236659794021,-4.0273111056229709],[119.59237302899214,-4.0271923681332282],[119.59237567120033,-4.0271435817109023],[119.59238286937398,-4.027010809401304],[119.592384751655,-4.0269760676913506],[119.59239362526569,-4.0268395892755962],[119.59240249797699,-4.0267031018665875],[119.59240831838929,-4.0266136831749009],[119.59241138058076,-4.0265666225515702],[119.59242025509081,-4.0264301450351354],[119.59243596085093,-4.0263249126645633],[119.59244213739476,-4.026283528561919],[119.59245101819999,-4.0262239988384181],[119.59246400980624,-4.0261369138873988],[119.59246634534566,-4.0261212710797736],[119.59247609579529,-4.0260559380310497],[119.59248499998284,-4.025996274308568],[119.59248589211029,-4.0259902992128787],[119.59250046922136,-4.0258925806780326],[119.59250776542115,-4.0258436746458415],[119.59252964682582,-4.0256970599713213],[119.59255896202649,-4.0255474298699596],[119.59256264115299,-4.0255286493276685],[119.59258827722726,-4.0253977988692782],[119.59260209800846,-4.0253272515513459],[119.59261759242804,-4.0252481687679165],[119.59264690672944,-4.0250985386665548],[119.59267117493482,-4.0249747101147477],[119.59267623092342,-4.0249489085652499],[119.59267960697832,-4.0249357128128622],[119.59271116778621,-4.0248123474118529],[119.59274611274293,-4.0246757853591362],[119.59278105769977,-4.0245392143132221],[119.59281600445513,-4.024402653159882],[119.59281952620029,-4.0243865076311636],[119.59284578280665,-4.024266134274626],[119.59285530932516,-4.0242224793838659],[119.59287557195012,-4.0241296162886897],[119.59289541639043,-4.024038675944098],[119.59290536109359,-4.0239930983028103],[119.59293514933768,-4.023856580316874],[119.59296493758188,-4.0237200623309377],[119.59299472672535,-4.0235835443450583],[119.5930286302671,-4.0234192400058646],[119.59303682309098,-4.0233795457294264],[119.59306254280216,-4.0232549356667278],[119.59307481585017,-4.0231954760902795],[119.59309645623648,-4.0230906322268538],[119.59313140119332,-4.0229677065943292],[119.59313948070258,-4.0229392862190139],[119.59318250606782,-4.0227879312179766],[119.59321413882151,-4.0227022977727529],[119.59324577067582,-4.0226166652268489],[119.59325486821763,-4.0225920453865456],[119.59327741332208,-4.0225310317816252],[119.59330904607566,-4.0224453992357212],[119.59338394341432,-4.0223211003384449],[119.59342804077153,-4.0222479243022349],[119.59345884884681,-4.0221968023404884],[119.59353731919202,-4.0221122300952743],[119.59361578863775,-4.02202765874938],[119.59370481072847,-4.0219588696061237],[119.59379382382599,-4.0218900705702367],[119.59390648729459,-4.021826475911098],[119.59401914896466,-4.0217628713593854],[119.59414882490842,-4.0217288913751759],[119.59422934570784,-4.0217077932799725],[119.5942785089461,-4.0216949122903429],[119.59440819388305,-4.0216609323061334],[119.59453914596486,-4.0216374626987204],[119.59457783030268,-4.0216305298250177],[119.59474745593036,-4.0216001201494009],[119.59481563083671,-4.0215879019600607],[119.59491709234999,-4.0215697176682852],[119.59507448629859,-4.0215441814187898],[119.59519776806258,-4.0215241786978595],[119.59523187934781,-4.0215186451692944],[119.59537529423449,-4.0214953770100124],[119.5953892822896,-4.0214931080204792],[119.5955466762382,-4.0214675708716641],[119.59570929165056,-4.0214314801785918],[119.59587190706293,-4.0213953885862566],[119.59589988137452,-4.021389179666869],[119.59603451438136,-4.0213592978932411],[119.59619712979372,-4.0213232063009059],[119.59636492170387,-4.0212647027038315],[119.59653271271463,-4.0212061910128796],[119.59665325694232,-4.0211478394012374],[119.59677381106258,-4.0210894868902756],[119.5968196647957,-4.0210672871255611],[119.59689435529037,-4.0210311253860596],[119.59700607267223,-4.0209565338169568],[119.59708040793453,-4.0209068957366298],[119.59711779095335,-4.0208819332545431],[119.59712707645349,-4.0208757333284098],[119.59722950024127,-4.0208073317928665],[119.59734121762312,-4.0207327312305097],[119.59737214171105,-4.020705674227429],[119.59742201721235,-4.0206620337258414],[119.59750281590232,-4.0205913371204929],[119.59758362358548,-4.0205206486090219],[119.59766442317471,-4.0204499520036165],[119.59773274107317,-4.0203825388230712],[119.59778728585457,-4.0203287018080687],[119.59780104997856,-4.0203151166492717],[119.59786936787714,-4.0202476953747919],[119.59793767678241,-4.0201802830935662],[119.59800599468099,-4.0201128609197667],[119.59801838104352,-4.0201006373345081],[119.59807430358626,-4.0200454477391645],[119.5981574656945,-4.0199565326677771],[119.59824062780274,-4.0198676077038726],[119.59832378991109,-4.0197786926324852],[119.59840695201933,-4.0196897766618349],[119.59849570970925,-4.0195920590262517],[119.59854933988015,-4.0195330095407371],[119.59858446919793,-4.0194943323974712],[119.59867321879403,-4.019396614761888],[119.59872028481334,-4.0193447967249654],[119.59876197738345,-4.0192988971263617],[119.59883407243456,-4.0192473102151212],[119.59884465835432,-4.0192397352255398],[119.59892734741925,-4.0191805814186523],[119.59901002659149,-4.0191214186185107],[119.59910743845762,-4.0190846228570081],[119.59920485841758,-4.0190478181022513],[119.59931569086655,-4.0190205767381713],[119.59942652421478,-4.0189933362734109],[119.59954889136827,-4.0189852630593919],[119.59967125942114,-4.0189771898453728],[119.59977452497446,-4.0189759020162228],[119.5998220307622,-4.0189753048663874],[119.59987778962829,-4.0189746051938187],[119.59998105518162,-4.0189733173646687],[119.60008431983556,-4.0189720286361421],[119.60011718286171,-4.0189737769182443],[119.60019780528455,-4.0189780648857436],[119.60031129882748,-4.0189841101285424],[119.60042478427647,-4.018990146378087],[119.60052430145538,-4.0190128740448472],[119.60062381683576,-4.0190356008122876],[119.60069272379019,-4.0190545863999887],[119.60083830784174,-4.0191309397410464],[119.60092130357532,-4.0191716421575165],[119.60100431010085,-4.0192123526679211],[119.60107559036624,-4.0192473093158014],[119.60108730583454,-4.0192530550843912],[119.60116587600442,-4.0193027363321789],[119.60119889731129,-4.019323617690759],[119.60124443808047,-4.0193524166806469],[119.60134604528378,-4.0194327531190197],[119.60135128563343,-4.0194368971950212],[119.60144766058113,-4.019513087758753],[119.60150668938229,-4.0195585925549722],[119.60153201339176,-4.0195781150379162],[119.60161636440375,-4.0196431423171362],[119.60167000446722,-4.0197119458495649],[119.60169701290693,-4.0197465895334403],[119.60171011602904,-4.0197970972581629],[119.60173186163615,-4.0198809122742318],[119.6017437138014,-4.0199999438422651],[119.60177866145614,-4.0201649937194475],[119.60180573914363,-4.0202609306973613],[119.60189373420849,-4.020314387299095],[119.6019895335902,-4.0203256396165443],[119.60206595617899,-4.0203023489741554],[119.60214198846211,-4.0201561488871107],[119.60217483170322,-4.020061303686191],[119.6022076848368,-4.0199664485926974],[119.60224052987667,-4.0198716033917208],[119.60225164999372,-4.0197601791888928],[119.60225646406468,-4.0197119458495649],[119.60226277101015,-4.019648754986008],[119.60227192341063,-4.0195181329553975],[119.60227684090353,-4.019447865326697],[119.60228106591853,-4.0193875109248438],[119.60230185374758,-4.0192736801361661],[119.60230666961718,-4.0192473093158014],[119.60232264157673,-4.0191598565421032],[119.60232488628458,-4.0190932860263047],[119.60232696012122,-4.0190317364254611],[119.60233127776633,-4.0189036154094993],[119.60232444741541,-4.0187359898739601],[119.60227382008077,-4.0186633992963721],[119.60222331325531,-4.0186287664043903],[119.60207497188253,-4.018534345683463],[119.60195178904394,-4.0184271932603224],[119.60194308540508,-4.0184156153882782],[119.60184740473403,-4.0182883478289568],[119.60181241121381,-4.0181793320105044],[119.60180656022465,-4.0181611045512682],[119.60180089539506,-4.0181434562554728],[119.60177741679445,-4.018070315292789],[119.60175083823071,-4.0179670731218948],[119.60172005713503,-4.0178638048706716],[119.60169769009633,-4.0177605806862289],[119.60169307657429,-4.0177455593100717],[119.60167971804458,-4.0177020564047439],[119.60167116369337,-4.0176742026023362],[119.60164464808213,-4.0175878353102803],[119.60162547813331,-4.0175254088704833],[119.60161812257832,-4.0175014572264445],[119.60158625420229,-4.0173845219780446],[119.60155422484763,-4.0172169782808851],[119.60154843411306,-4.0171276333335868],[119.60154263438517,-4.0170382973794858],[119.60153813597628,-4.0169689029924598],[119.6015368427511,-4.0169489515328678],[119.60153104302333,-4.0168596155787668],[119.60152986671005,-4.0168099523173737],[119.60152862204836,-4.0167573446756819],[119.6015261920802,-4.016655083665114],[119.60152377110524,-4.0165528136613489],[119.6015137598522,-4.0163757092715286],[119.60151322475554,-4.0163616636597794],[119.60150688903173,-4.0161954320734594],[119.60153496676537,-4.016109937123872],[119.60154205702042,-4.0161043055691721],[119.60162294024656,-4.0160400660961386],[119.60169415935798,-4.0159926862134512],[119.60172596658015,-4.015971526065016],[119.60174238100615,-4.0159606055973995],[119.60181142645627,-4.0158813060773468],[119.6018301035765,-4.015811657182212],[119.60183302277585,-4.0157388957334206],[119.60181758681222,-4.015695564598559],[119.60177430963677,-4.0156703979704389],[119.60172720764456,-4.0156717307656891],[119.60170231980624,-4.0156724349348565],[119.60162845668799,-4.0156509807081306],[119.60162813203272,-4.0156497297512033],[119.60161205844975,-4.0155877709588026],[119.60162089069161,-4.0155353242957403],[119.60171251002441,-4.0154799017760183],[119.60172182879944,-4.0154742648254],[119.60176072357854,-4.015450736762034],[119.60180412935711,-4.0154244801555592],[119.6019101783121,-4.0153789537756666],[119.6020017589741,-4.0153117834120167],[119.60205169832727,-4.0151670222402345],[119.60205177387036,-4.0151604976587691],[119.60205311386017,-4.0150459141376018],[119.60204988169676,-4.0149777698081834],[119.60204539857637,-4.0148832627523348],[119.60204344165152,-4.0147517836678617],[119.60204311160044,-4.0147296306678868],[119.60204455141502,-4.0146157531144695],[119.60206203963151,-4.0144548293268372],[119.60208335806055,-4.0143661921459852],[119.60209089527871,-4.0143324603747033],[119.6021037681744,-4.0142748480058117],[119.60212417738899,-4.0141835029662616],[119.60212030760613,-4.014098561998992],[119.60211915467528,-4.0140958838179586],[119.60210398940762,-4.0140606573733635],[119.6020714312516,-4.0140101496486409],[119.60205131701468,-4.0139108006428614],[119.60205491700083,-4.0138974556030576],[119.60207889202729,-4.0138085890950492],[119.60210646614053,-4.0137063757485976],[119.60219440185028,-4.0136247568769932],[119.60229313212244,-4.0135412961938073],[119.60242789283302,-4.0134685653220004],[119.60246110119897,-4.0134566753852141],[119.60255014577263,-4.0134247944186541],[119.60267791965032,-4.0134189632145194],[119.60280203598518,-4.0133950691271139],[119.60290811371851,-4.0133585800343781],[119.60291664558679,-4.0133540357600737],[119.60294225378209,-4.0133403957426026],[119.60301591095561,-4.0132967804220243],[119.60310389792664,-4.0132314275882663],[119.60310935231485,-4.0132307548954032],[119.60326380817821,-4.0132117090531096],[119.60326942264578,-4.0132110165750987],[119.60331623685488,-4.0132162901995798],[119.60334317604679,-4.0132265523634487],[119.60337386810954,-4.0132382435500631],[119.60340093410593,-4.0132485542773111],[119.60350717191852,-4.0132626745327684],[119.60362402892588,-4.0132640019321002],[119.60363136829312,-4.0132640846697427],[119.60364479067459,-4.0132619901486919],[119.60368992045358,-4.0132549457591153],[119.60371412210907,-4.0132511677071534],[119.6037493611442,-4.0132321497438852],[119.60379497835561,-4.013207529903525],[119.60382952131545,-4.0131805178665445],[119.60389013562133,-4.013133118198823],[119.60397517461467,-4.0130565463225025],[119.60398209489779,-4.0130503149200649],[119.60398884790709,-4.0130442337043633],[119.60399066633624,-4.0130422686856946],[119.60406597916165,-4.0129608422690239],[119.6041127142305,-4.012896829425074],[119.60412153388177,-4.0128847488320503],[119.60413303081475,-4.0128531016892452],[119.60415900503415,-4.0127816010899551],[119.60416225878123,-4.0127416999694105],[119.60416593520983,-4.0126966259484789],[119.60417300567974,-4.0126141221439866],[119.60417461186887,-4.0125953766752218],[119.60418866467523,-4.012537189639545],[119.60420126237841,-4.0124850343568141],[119.60424235510072,-4.0123891045734581],[119.60431945128175,-4.0122948682135302],[119.60441999098987,-4.0122150156104226],[119.60452957068321,-4.0121477876901963],[119.6046409391281,-4.0120769390994155],[119.60469471678778,-4.0120080816076324],[119.60472863381949,-4.0119194048565987],[119.60476968067633,-4.0118090157733945],[119.60483952562367,-4.0116985340600309],[119.60489872079938,-4.0116350823930702],[119.60498494330056,-4.0115805816784587],[119.60506210783012,-4.0115080342683314],[119.60513028183709,-4.0114382270924693],[119.60519845584417,-4.0113684199166073],[119.60525673281199,-4.0112995489349714],[119.60531501067931,-4.0112306770540727],[119.60539016432472,-4.0110912587545613],[119.60547080293532,-4.0109789352296161],[119.60556582260472,-4.0108611429273537],[119.60564825536278,-4.0107470072685487],[119.60573068182555,-4.0106310630730491],[119.60578533722355,-4.0105549732333543],[119.60583999172229,-4.0104788833937164],[119.60592964064051,-4.0103701463651191],[119.60603732276434,-4.0102721958051575],[119.60618653288225,-4.01021568600504],[119.60630892881409,-4.0102171015379326],[119.60641165927075,-4.010260153882939],[119.60654676172373,-4.0102958722566768],[119.60659821913259,-4.0102982905336262],[119.60664531842679,-4.0103005055638619],[119.60665477120074,-4.0103009498289452],[119.60677529204611,-4.0102788741706377],[119.60679923469695,-4.0102667558060716],[119.60683706557813,-4.010247609239741],[119.60688311176625,-4.0102243042082364],[119.60691262661646,-4.0101974072844655],[119.60698685485954,-4.0101297647767637],[119.60699258803754,-4.0101245406150383],[119.60707397398482,-4.0100357055832774],[119.60708227113003,-4.0100266494102925],[119.60721345433751,-4.0099611589802748],[119.60731414243378,-4.0099283022493069],[119.60740576896114,-4.0098755911855619],[119.60749197167718,-4.0098156675589394],[119.60755658886558,-4.0097594293541192],[119.6076337479991,-4.0096850743066739],[119.60774313793559,-4.009558198851721],[119.60781298827885,-4.0094495247756754],[119.60787199279832,-4.0093264255740451],[119.60795808219984,-4.0092303527985109],[119.60801016283881,-4.009194036375618],[119.6080784141875,-4.0091486296055336],[119.60818718628968,-4.0091156226877729],[119.60821687111172,-4.0091066150781671],[119.6083500310292,-4.0090971506129449],[119.60850113781737,-4.0090713625532999],[119.60865387867364,-4.0089931521122253],[119.60878500972046,-4.0089113938457217],[119.60891424859381,-4.0088007232747032],[119.60899592232397,-4.0087308729313804],[119.60907759425561,-4.0086610225880577],[119.60917452228648,-4.0085775682001668],[119.60931277776251,-4.0084722899641747],[119.60940347169287,-4.0084096413917791],[119.60949416742199,-4.0083469919201207],[119.60962706293867,-4.008254384232373],[119.60976539305852,-4.0081726043821391],[119.60990735733878,-4.0081016568659038],[119.61004207038525,-4.008014465794929],[119.61016769218531,-4.0078983840031697],[119.61020700245126,-4.0078078834270059],[119.61021747415714,-4.007704822019889],[119.61022424875011,-4.0075710451675377],[119.61026149597137,-4.0073974049662411],[119.61030441971332,-4.0073114117921591],[119.61034734345515,-4.0072254177188142],[119.61042452687047,-4.0071591970392433],[119.61050171118507,-4.0070929763597292],[119.61064006378797,-4.0070184261593909],[119.61072807324206,-4.0069603038749051],[119.61081608089751,-4.0069021833890019],[119.61093991484529,-4.0067897213684773],[119.61100179089999,-4.0067208377963652],[119.61106366785407,-4.0066519551235729],[119.61114263732293,-4.0065812099548452],[119.61122160679179,-4.0065104647860608],[119.61130335876305,-4.0064659186671747],[119.61138511073432,-4.0064213743469281],[119.61148490760252,-4.0063912308705767],[119.61158470357122,-4.006361088293545],[119.61175413404612,-4.0063100616599741],[119.61185019063385,-4.0062700975868779],[119.61194624002701,-4.0062301434063556],[119.61205953302112,-4.0061992786737051],[119.61220312687283,-4.0061459497757141],[119.61229205813208,-4.0060948287133442],[119.61238098759259,-4.0060437085502372],[119.6124729153928,-4.0059783440253227],[119.61256483330044,-4.0059129803996711],[119.61264559421886,-4.0058395183790481],[119.61272635423791,-4.0057660563583681],[119.61279394098767,-4.005687548241724],[119.6128615196435,-4.0056090482189575],[119.61295223605691,-4.005482685377558],[119.6130511156166,-4.0053766301273299],[119.61312077980017,-4.0053143817532941],[119.61319043499066,-4.0052521441710951],[119.61331369696961,-4.0051724462513221],[119.61345716761423,-4.0050804815788865],[119.61359860758978,-4.004986490733927],[119.61372584187416,-4.0048823780192606],[119.61381459776555,-4.0047763551445996],[119.61388102259116,-4.0046521030121198],[119.6139110077869,-4.0045300011585709],[119.61390852385932,-4.0043856347891733],[119.61384936645516,-4.0042475510835516],[119.61375195638777,-4.0041787259673924],[119.61361608681307,-4.0041140907925978],[119.61350055001049,-4.0040758255388482],[119.61332833793256,-4.0040438420496116],[119.61316228980786,-4.0040403068146588],[119.61298615128987,-4.0040469707910233],[119.61285863281967,-4.0040616126532314],[119.61273111524883,-4.0040762554148159],[119.6126046112139,-4.0040898819424342],[119.61247809818576,-4.0041034985775354],[119.61235657729424,-4.0040937211482515],[119.61224919734263,-4.0040737301184777],[119.61207902942374,-4.0040478395360992],[119.61197878019664,-4.0040400271254839],[119.61187852107696,-4.0040322138155489],[119.61171850920186,-4.0040164576932966],[119.61160205778879,-4.0040076749141917],[119.61148559828177,-4.0039989020276607],[119.61139246628932,-4.0040022547002536],[119.61129933429686,-4.0040055983795924],[119.61114155274049,-4.0040549046100864],[119.61105261338741,-4.0041029706754898],[119.61096367313507,-4.0041510457341474],[119.61085144313961,-4.0041991855439392],[119.61073922123808,-4.0042473352463048],[119.61064919280602,-4.0042730360717087],[119.61055917426654,-4.0042987467896864],[119.6104316809774,-4.004321522120506],[119.61027175993388,-4.0043342340376284],[119.61016643673179,-4.0043244035483099],[119.61007519781219,-4.0042860600535732],[119.61000216296952,-4.0042415580014676],[119.60992308468269,-4.0042072416708265],[119.6098379719449,-4.0041851462274849],[119.60974483725454,-4.0041874772701931],[119.60967401294545,-4.0042019383687375],[119.60954448269183,-4.0042206532605178],[119.60945536527299,-4.0042128039776799],[119.60933371487909,-4.0041623574068126],[119.60918969474869,-4.0040814786772785],[119.60903155346352,-4.0040169145489131],[119.60893531521265,-4.00399994164394],[119.60883908595508,-4.0039829606450894],[119.60872973289088,-4.0039792428477199],[119.60862037982668,-4.0039755259497269],[119.60850293376348,-4.0039738675998819],[119.60833490713037,-4.0039845722301948],[119.60824079937345,-4.0039980845439231],[119.60814668172407,-4.0040116076495451],[119.60799494990704,-4.0040527606263367],[119.60787761266181,-4.004085671316659],[119.60773193598015,-4.0041207053062635],[119.60757000135459,-4.0041374902529014],[119.60742216989729,-4.0041318622955373],[119.60727833142994,-4.0041079196447527],[119.60711216009815,-4.0040657477360355],[119.60701077143005,-4.0040193022489348],[119.60690530703437,-4.0039647358838124],[119.60679784884167,-4.0039203426496215],[119.60667024133863,-4.0039065173718313],[119.60658114910086,-4.0039068006582852],[119.6065042246903,-4.0039131471739324],[119.60640104187462,-4.0039399109980423],[119.60628173871135,-4.0039911282879075],[119.606188861227,-4.0040747958151428],[119.60617079834378,-4.0041256902483724],[119.60615087836038,-4.0042294594219925],[119.60610466130117,-4.0043414457011295],[119.60606026267101,-4.0043883570369871],[119.60602401639528,-4.0044515101290585],[119.60600998966936,-4.004498324338158],[119.60600022033395,-4.0046101946047656],[119.60600239309599,-4.0046569566532071],[119.60599463464473,-4.0047647538902424],[119.60596241193582,-4.0048197600238495],[119.60587364075593,-4.0049217161642332],[119.60580100521224,-4.0050032855731388],[119.60572632371088,-4.0050787620751862],[119.60562130987557,-4.0051665350075609],[119.60550008486109,-4.0052502942656361],[119.60539965127293,-4.0052926388441392],[119.60529921768477,-4.005334984322019],[119.60519878409661,-4.005377328900579],[119.60510440024791,-4.0054115211247563],[119.60501001460057,-4.0054457133489336],[119.60491562985248,-4.0054799046737912],[119.60475582302286,-4.0055292180988999],[119.60464756443366,-4.0055498980093489],[119.60453929505252,-4.0055705779197979],[119.60444212870129,-4.0055790216544551],[119.60434496324956,-4.0055874662884889],[119.60424275260107,-4.0055999929452923],[119.60414053295926,-4.0056125187027192],[119.60400284405603,-4.0056129593705236],[119.60385093057607,-4.0055971762686227],[119.6037253330577,-4.005579275263301],[119.60357341328245,-4.0055614587942614],[119.60341141390563,-4.0055579091701361],[119.60330819871444,-4.0055745061584958],[119.60320498442252,-4.0055911022475357],[119.60305933831785,-4.0056363030728903],[119.60295015072893,-4.0056854537206732],[119.6028693511397,-4.0057467146391446],[119.60275941981149,-4.0058165829688619],[119.60262796410927,-4.0058669351109302],[119.60252564374355,-4.0058819465945135],[119.60239691658444,-4.0058706088414624],[119.60222715066254,-4.0058300287328166],[119.60209547192858,-4.0058098884155697],[119.60198719984942,-4.0057926097410927],[119.60189941972249,-4.0057811406870201],[119.60180557906426,-4.0057615192786216],[119.60176822662243,-4.005753707767326],[119.6017472310499,-4.0057493172771501],[119.60165941764808,-4.0057275626768387],[119.6015716060449,-4.0057058188684209],[119.60147015802147,-4.0056894952739412],[119.60136871989062,-4.005673179773396],[119.60126727276645,-4.0056568561789163],[119.60117365873737,-4.0056503037184825],[119.6010800447084,-4.0056437431641712],[119.60098643067931,-4.0056371907037374],[119.60088267589481,-4.0056624832369607],[119.60077893100288,-4.0056877847633814],[119.60067168325168,-4.0057467533099498],[119.60056444359429,-4.0058057308497723],[119.60043856368884,-4.0058409267173261],[119.60032206820892,-4.0058555317073683],[119.60016302580311,-4.0058623647562968],[119.60004646017603,-4.0058548275382009],[119.59999129486243,-4.0058407702352952],[119.59992982979782,-4.0058267318181606],[119.59981006977898,-4.0058049709226111],[119.59967929036702,-4.0057848270080854],[119.59956585887733,-4.0057725359737333],[119.59943224570168,-4.0057726088188019],[119.59936775801566,-4.0057786981283812],[119.5992751089592,-4.005781352027725],[119.59919298646719,-4.0057745459585021],[119.59915541099349,-4.0057593654023549],[119.59906144443016,-4.0057184435513022],[119.59897816720866,-4.0056905843529194],[119.59883799797524,-4.0056894494085213],[119.59872144673739,-4.0056866561142215],[119.5986237848598,-4.0056806405490875],[119.59850879934163,-4.0056746807418904],[119.59838121971757,-4.0056703424123157],[119.59830025735107,-4.0056711778825047],[119.59827098082121,-4.0056714800547297],[119.59816074192474,-4.0056726257910213],[119.59805368482978,-4.0056840381877805],[119.59794500895509,-4.0056812197124714],[119.59783476825999,-4.0056815713473952],[119.59767875297212,-4.0056783436805858],[119.59761015088782,-4.0056868773474434],[119.59756047413669,-4.0056953588536999],[119.59751195481294,-4.00569432103606],[119.59741607179433,-4.0056815569582227],[119.5972556651169,-4.0056581359141887],[119.59720828523427,-4.0056416576363176],[119.59717155062663,-4.0056251361910427],[119.59712176235951,-4.0055979739672694],[119.59707063410258,-4.0055827817199656],[119.59698240611317,-4.0055719916540511],[119.59692257511676,-4.0055769271334611],[119.59685691111758,-4.0055867252470989],[119.59674085630559,-4.0055870939691545],[119.59666849685368,-4.0055858061400045],[119.59659503123578,-4.0055874581946114],[119.59650531846569,-4.0056051406646702],[119.59635894391022,-4.0056340745528587],[119.59628809531944,-4.0056406270132925],[119.59621250640214,-4.0056424490397262],[119.59612751237489,-4.0056585352131719],[119.5960740557731,-4.0056871741237501],[119.59600656615021,-4.0057601406179515],[119.59596099390478,-4.0057919181624584],[119.59592638709319,-4.0058046813409192],[119.59586025724514,-4.0058096357061004],[119.59580804980169,-4.0058071805568716],[119.59576574928997,-4.0058051912565134],[119.59567596637282,-4.0058007324178107],[119.59557046870225,-4.005807393696216],[119.595498113747,-4.0058360928613297],[119.59548817803704,-4.0058455069645333],[119.59542274516366,-4.0059075044277392],[119.59541201715092,-4.0059251347371401],[119.59538514990481,-4.0059692932482562],[119.59534754025685,-4.0060311063504059],[119.59532581083761,-4.0060750948896953],[119.59530685222956,-4.0061134779546137],[119.59525053038772,-4.006232275698892],[119.59522399229343,-4.0063066945982087],[119.59519904330125,-4.0063858529247227],[119.59516459477027,-4.0064492263506963],[119.59512372777783,-4.0064746609767781],[119.59503874004588,-4.0064923290576644],[119.59491745927335,-4.0064879700437359],[119.59486698842079,-4.0064644069067867],[119.59482750638438,-4.0064297380419021],[119.5947548015929,-4.0063477261666094],[119.59467979993292,-4.0062878591973003],[119.59465217635693,-4.0062658096193786],[119.59458102109727,-4.0061758864079593],[119.59452092659956,-4.0060969978781031],[119.59444987835923,-4.0060402866298546],[119.59434407222125,-4.0059488912282859],[119.59425725886547,-4.0058874864183167],[119.59417430809788,-4.0058516268510402],[119.59413740441778,-4.0058356737772556],[119.59400025510774,-4.0057934065404197],[119.59389779264905,-4.0057636830474621],[119.59376222794458,-4.0057245742296459],[119.59369042966966,-4.0056901391885162],[119.5936770549522,-4.005683724324399],[119.59359188195981,-4.0056428726204558],[119.59350267730679,-4.0055704043506353],[119.59341346186181,-4.0054979342821753],[119.59331165770686,-4.0054255046832736],[119.59328044943322,-4.0054033031199197],[119.59320984365945,-4.0053530750843152],[119.59309622061414,-4.0052813127823015],[119.59306782092324,-4.005263375804077],[119.59299988433725,-4.0051947971021491],[119.59293194775125,-4.0051262094069671],[119.59283859182756,-4.004987326204116],[119.59282122412026,-4.0049686859560438],[119.59275483886483,-4.0048974416635588],[119.59267428568978,-4.0048233627079526],[119.59263925619678,-4.0047755421575175],[119.59258412865472,-4.0047002859893723],[119.59251132583711,-4.0045866431590298],[119.59249066930897,-4.004528189923974],[119.59246067871743,-4.0044547234066954],[119.59244940301755,-4.0044270989314441],[119.59241769562027,-4.0043607730311805],[119.59238127487595,-4.0042976253350844],[119.59234491798361,-4.0042550379396289],[119.59223273295436,-4.0041383571993947],[119.59216795928398,-4.0040737166286817],[119.59210318471423,-4.0040090778566082],[119.59204386633144,-4.0039733657781653],[119.59201955675724,-4.0039587320098349],[119.59194387790774,-4.0039320859969507],[119.5918634353493,-4.0038928009120127],[119.5918081351374,-4.0038360402010653],[119.59179128633889,-4.0037998946493758],[119.59176690931542,-4.0037476017703852],[119.59173516324722,-4.0036686233082719],[119.59171751585075,-4.0035658757644796],[119.59171426390219,-4.0035362772773055],[119.59170778788416,-4.0034773384084019],[119.59170274358678,-4.0033761323026056],[119.59169143191411,-4.0032844356281316],[119.59165963998043,-4.0031912226967279],[119.59162517076504,-4.003127934706356],[119.59159944745659,-4.0030807032118219],[119.59155501735029,-4.002974878188013],[119.59152479113629,-4.0028784969450157],[119.59150652680478,-4.0028277976646791],[119.59148665988153,-4.0027726512367963],[119.59142019728438,-4.0026716402839497],[119.59135230836239,-4.0026180820588024],[119.59129079293575,-4.0025882272648232],[119.59119620584033,-4.0025584767922169],[119.591110974392,-4.0024986466951304],[119.5910682143267,-4.002455974763393],[119.59103040143191,-4.0024182410089679],[119.5909577128283,-4.0023409739567342],[119.59087946011903,-4.0022455307066025],[119.59080119841667,-4.0021500982483644],[119.59078782729648,-4.0021336766278068],[119.59071898599245,-4.0020491367582167],[119.59063833928803,-4.0019450078557952],[119.590601762961,-4.001865869314372],[119.59059235515315,-4.0018455140591982],[119.59056533322359,-4.0017665203085926],[119.59056198864494,-4.0017048483999815],[119.59055546136551,-4.0016321157295351],[119.59055251878374,-4.0016083709295458],[119.5905489970387,-4.0015799442589923],[119.59054408404234,-4.0015198587544205],[119.59053778339205,-4.0014770950918432],[119.5905291966651,-4.0014188199225487],[119.59052638178719,-4.0013997147249825],[119.59048998982121,-4.0013195446612144],[119.59047404843864,-4.0012844243366885],[119.59044604175153,-4.0012445142228898],[119.59041867897895,-4.0012055214176598],[119.59036018527445,-4.0011345343312428],[119.59030486078075,-4.0010698649822416],[119.59024947243529,-4.0009846335339603],[119.59021296625542,-4.0008945988066671],[119.59017646097493,-4.0008045649786368],[119.59014787422507,-4.000728738640305],[119.59010820423032,-4.0006339689824131],[119.5900790760885,-4.000554309733559],[119.59007643298105,-4.0005470818823028],[119.59004783723799,-4.0004680944269921],[119.59001450116841,-4.000384374739042],[119.59000535506311,-4.0003647551292829],[119.58997327624581,-4.0002959372076816],[119.58993988082091,-4.000193239126645],[119.58991594446536,-4.0000936751829386],[119.58989932319525,-3.9999999991006234],[119.5898964669484,-3.9999870119909815],[119.58986612022534,-3.9998490290094537],[119.58985815133269,-3.99980811075568],[119.58984868327013,-3.9997594979024598],[119.58983124631504,-3.9996699658961461],[119.58982608330712,-3.9996434556808822],[119.58981380935984,-3.9995804329905695],[119.58979460074033,-3.9994719558659995],[119.58977539301998,-3.9993634787414862],[119.58975682112043,-3.9992762489996494],[119.58973824742225,-3.9991890201571323],[119.58971967462332,-3.9991017904152386],[119.58970877484012,-3.9990600088123074],[119.58969362845824,-3.9990019521782756],[119.58966757959513,-3.9989021139413694],[119.58966173310262,-3.9988849440848639],[119.5896294861119,-3.9987902535672788],[119.58959139083004,-3.998678393193245],[119.58955154276953,-3.998552750708825],[119.58951169560828,-3.9984271091237247],[119.58948394073138,-3.9983295722519188],[119.58946916397076,-3.9982776417996888],[119.58945618675364,-3.998232035380056],[119.5894335364286,-3.9981524336878351],[119.589428432776,-3.9981344994075698],[119.58940414298684,-3.9980484351870587],[119.58937985409705,-3.9979623709666043],[119.58935556430788,-3.9978763058467734],[119.58932088734912,-3.9977592653777378],[119.58928620859172,-3.9976422240093825],[119.58925960394765,-3.9975458319744916],[119.58923300020285,-3.9974494390403379],[119.58922673732411,-3.9974267473464806],[119.58922010212609,-3.9974027093675204],[119.58920639465941,-3.9973530461061273],[119.58918381717945,-3.997265255187358],[119.58916123880022,-3.9971774651678516],[119.58913866042087,-3.9970896751483451],[119.58911608204164,-3.997001884229519],[119.58909292090163,-3.9969100742404748],[119.58906975976163,-3.9968182642514307],[119.58904659772236,-3.9967264551617063],[119.58903106013543,-3.9966691260792686],[119.5890176719281,-3.9966197326145334],[119.58898874613374,-3.9965130118659431],[119.58896419284326,-3.9964224231562753],[119.58895982123886,-3.9964062911174096],[119.58893552335576,-3.9963167797955066],[119.58891122727141,-3.9962272693729233],[119.58888692938831,-3.99613775895034],[119.588852454777,-3.9960494122504997],[119.58882241112542,-3.9959724203908422],[119.58881798016569,-3.9959610646513397],[119.58876516208261,-3.9958174249341596],[119.5887558936696,-3.9957822623414927],[119.58874028863352,-3.9957230599711693],[119.58873659961444,-3.9956742393745799],[119.58873582889544,-3.9956640401632626],[119.5887346067168,-3.9956157546632767],[119.58876546875149,-3.9955737949945842],[119.58880916860835,-3.9955393140880346],[119.58889032972502,-3.9955208186308369],[119.58895869079106,-3.9955098657876533],[119.5889594633087,-3.9955097470771079],[119.58902278007736,-3.9955000020234479],[119.58904045895008,-3.9954943335965822],[119.58910391691234,-3.9954739882339254],[119.58917227528036,-3.9954619678954373],[119.58925239678069,-3.9954509871732853],[119.58933145708113,-3.9954453691084382],[119.58939875334988,-3.9954365701415782],[119.58941761932772,-3.9954304115841524],[119.58945853668217,-3.9954170566517746],[119.58949793508168,-3.9953707865325327],[119.58950310168689,-3.9953138882253256],[119.58950188580343,-3.9952677449104499],[119.58948250001743,-3.9952184431765545],[119.58938194142354,-3.9951865604114118],[119.58932209244063,-3.9951856736798277],[119.58926546842667,-3.9951912206982456],[119.58920886959368,-3.9952021366692065],[119.58914904759058,-3.9952098366645714],[119.58909135338331,-3.995215388179588],[119.5890272434126,-3.9952188083013311],[119.58895778517376,-3.9952211699210238],[119.58890221786316,-3.9952224208779512],[119.58883917268975,-3.995223696116625],[119.58883251141128,-3.9952226178294836],[119.58876111783138,-3.9952110642391858],[119.58871392860499,-3.9951575482821795],[119.58868906594773,-3.9950664091873591],[119.5886824757157,-3.9950084721631924],[119.58868019323643,-3.9949463955596798],[119.58867896386312,-3.9949129641619265],[119.58867837300852,-3.9948965299508359],[119.58867545380917,-3.9948153139754936],[119.58867510127493,-3.9947026244265089],[119.58867384042549,-3.9946492721461482],[119.5886726407299,-3.9945985359935889],[119.58866152331075,-3.9944622653212605],[119.5886481090231,-3.9944076863656051],[119.58863121345985,-3.9943389421883921],[119.58859239512299,-3.9942285252262195],[119.5885735965943,-3.9941383618958639],[119.58856310330464,-3.9940880277402471],[119.58854843086544,-3.9939838295900358],[119.58853375932563,-3.993879630540448],[119.58852455026783,-3.9938251936777078],[119.5885061969035,-3.9937166967681037],[119.58848712767883,-3.9936080793493147],[119.58848118405945,-3.9935884066795779],[119.5884618927023,-3.9935245602102327],[119.58842127482205,-3.993505294034037],[119.58837435269425,-3.9934830376120658],[119.58832436837497,-3.9934706611420552],[119.58827431660654,-3.993437379031775],[119.58826787116539,-3.993370520732924],[119.58828857265951,-3.9933370155907255],[119.58834053818532,-3.9933180452915167],[119.58835766937102,-3.9933036165685962],[119.58839035343215,-3.9932760883207834],[119.58840535772117,-3.9932406199586126],[119.5884213422712,-3.9932028385401281],[119.58842520665803,-3.9931066839262712],[119.58841638790602,-3.9930364073043165],[119.58841026442224,-3.9929876055934983],[119.58840373714281,-3.9928977561265242],[119.58839927830411,-3.9928016356868739],[119.58839895724611,-3.9926992307848082],[119.58839900311159,-3.9926963781352924],[119.58840069473638,-3.9925905477155652],[119.58840029993394,-3.9924646156494532],[119.5884002954374,-3.9924630553256861],[119.58838747740026,-3.9923586017679895],[119.58835377440721,-3.9922291263730472],[119.58833992304903,-3.9921862224161941],[119.58831805063755,-3.9921184728891603],[119.58828047516386,-3.9920664408135735],[119.58826353643315,-3.9920429837966367],[119.58824802942308,-3.9920215115834594],[119.58817800820862,-3.991924552076398],[119.58813416985606,-3.991880802756782],[119.58813218325372,-3.9918793746334131],[119.58810588977508,-3.9918604861724702],[119.58808202806324,-3.9918433441949333],[119.58802156664206,-3.9918080080331038],[119.58798426995816,-3.9917722231095354],[119.58796729165726,-3.9917559327899994],[119.58793171267848,-3.9916912535484812],[119.58792318620613,-3.9916264897706242],[119.58793132686935,-3.9915679448047854],[119.58794779165737,-3.9915093737585607],[119.58796823504611,-3.9914804389710525],[119.58797764285396,-3.9914671236087997],[119.58800994470323,-3.9914214038746536],[119.58802665500616,-3.9913972687688783],[119.58806795277383,-3.9913376221335284],[119.58808435281071,-3.9912437041335806],[119.58808840065922,-3.9912205196112609],[119.58808596169786,-3.991105577260555],[119.58807323988822,-3.9910593089398958],[119.58804806606543,-3.9909677552576568],[119.58798099372791,-3.9908154020091615],[119.58797750795566,-3.9908035660316727],[119.58794102605759,-3.9906796826211917],[119.58791967705156,-3.9905062807401919],[119.58790257014755,-3.9903600428816048],[119.58789967433052,-3.9903264352167866],[119.58788960821892,-3.9902096060883991],[119.58788955066234,-3.9901914397830751],[119.58788937889176,-3.9901364561325181],[119.58787240328888,-3.9900320070714201],[119.5878402156535,-3.9898867108030345],[119.5878386292494,-3.9898795486022323],[119.58780504406764,-3.9897876963450472],[119.58777565782043,-3.9897062780222541],[119.58774631564006,-3.989641588888162],[119.58771504081653,-3.9896207839719295],[119.5876567521575,-3.9896146955617269],[119.58760671477808,-3.9895855988962126],[119.58760210934997,-3.9895617218958819],[119.58759025718473,-3.9895002856096653],[119.58758979133586,-3.9894978691312986],[119.58758968701454,-3.9894644296396677],[119.58760735959208,-3.9894088047724949],[119.58761028958327,-3.989399583124225],[119.58762261119466,-3.9893452002207823],[119.58762572284888,-3.9892889898949306],[119.58762654572854,-3.9892741339940585],[119.58762018932032,-3.9892386179677715],[119.58760345563508,-3.9892115034081144],[119.58755963077238,-3.9891719296408041],[119.58750753484492,-3.9891491120418436],[119.58750115235637,-3.9891052359178616],[119.5875010282499,-3.9890655335474889],[119.58751960374673,-3.9890174036302142],[119.5875424330369,-3.9889812715683775],[119.58756723633894,-3.9889420152617276],[119.5876002909207,-3.9888645836335854],[119.58760136111403,-3.9888482672337204],[119.58760329375707,-3.9888188081414455],[119.5876042677229,-3.9888039558378523],[119.5875989356424,-3.9887768763517215],[119.58758946218404,-3.9887287644208982],[119.58755995003173,-3.9886097310542254],[119.58751604692804,-3.9885450787922991],[119.58747217709936,-3.988490882947815],[119.58741350892637,-3.9883635821135499],[119.58740219005904,-3.9883257836079906],[119.58739037296743,-3.9882863195579716],[119.58736509931998,-3.9881902656681518],[119.58733979869282,-3.9880858426874397],[119.58733347106295,-3.9880449496146753],[119.5873249293021,-3.9879897564220528],[119.58731220479444,-3.9879124695847281],[119.58729740734952,-3.9878393663935867],[119.58727430286683,-3.9877725602553937],[119.58725469764624,-3.9877318713287764],[119.5872491668157,-3.9877203923821298],[119.58721791897187,-3.9877079466643863],[119.58717420292714,-3.9877059969341531],[119.58713466962934,-3.9877061219399366],[119.58708051875101,-3.9876937481678851],[119.58705805728357,-3.9876549361263756],[119.58704913061297,-3.987639512753276],[119.58704481566576,-3.9875893665559943],[119.58704660082003,-3.9874953163557052],[119.58706274994597,-3.9874295606256851],[119.58706509267995,-3.9874200188187388],[119.58710226166011,-3.9873258463107391],[119.58711062895247,-3.987294049880461],[119.58711714094341,-3.9872693032357347],[119.587141339901,-3.9871773421605781],[119.58717836319101,-3.9870392827366459],[119.58719249513763,-3.9869720161455575],[119.58719681638001,-3.986951451348375],[119.58722556860516,-3.9868280499744628],[119.5872289950222,-3.9868143497024562],[119.58724756242509,-3.9867401106675402],[119.58725433971608,-3.9867130086983593],[119.58726305684468,-3.9866932523916603],[119.587297740998,-3.9866146417522828],[119.587305546214,-3.9865946309374181],[119.58733283614151,-3.9865246690781646],[119.58734448146276,-3.9864276340280185],[119.5873450048681,-3.9864232642221964],[119.5873571735948,-3.986321859366285],[119.58735880046834,-3.9861970388622012],[119.58735891738024,-3.9861880762186956],[119.58736042464398,-3.9860722192574372],[119.5873529692642,-3.985900869629404],[119.58735296296891,-3.9858989037114156],[119.58735266799124,-3.9858047599816473],[119.58735255917338,-3.9857697331866007],[119.58735236761777,-3.9857086503338905],[119.58735437490452,-3.9856125316929365],[119.58735452059466,-3.9856055646450272],[119.58735638309065,-3.9855164148506219],[119.58735495406791,-3.9854856589359429],[119.58735143322212,-3.9854099027447774],[119.58734415770675,-3.9852964397788355],[119.58734313068101,-3.985241441739106],[119.58734139139221,-3.9851482306062849],[119.5873456739638,-3.9850416897221521],[119.58737281820106,-3.9848725461310437],[119.5873978076628,-3.9847543536304784],[119.58740561917409,-3.9847185210428506],[119.587425088597,-3.9846292039745208],[119.58743750193923,-3.9845786719681087],[119.58745013921259,-3.9845272253511439],[119.5874585532697,-3.9844900761560211],[119.5874774354354,-3.9844067117003306],[119.5874908991857,-3.9842862430156742],[119.58749065277152,-3.9842075073705132],[119.58746491507384,-3.9840894749492577],[119.58742081591799,-3.9839992909344915],[119.58739974570176,-3.9838974580012518],[119.58740959957345,-3.9838099413756254],[119.58741096204631,-3.9837978445947897],[119.58743239738726,-3.9837686400106804],[119.58746377833074,-3.983725883542661],[119.58750612021129,-3.9836524547969248],[119.58751194242222,-3.9836423590076038],[119.58753466739108,-3.9835334376180072],[119.58754575962917,-3.9833944482950869],[119.58754319296406,-3.9832446581144154],[119.58754294205323,-3.9832300261447244],[119.58752656629804,-3.9831559678735857],[119.58751935643318,-3.9830633547899197],[119.5875259286787,-3.9829521707060849],[119.58753002239268,-3.9829406369008211],[119.58754649977118,-3.9828942102994915],[119.58757922340249,-3.9828551221660859],[119.58762231441835,-3.9828036485694724],[119.58766339275144,-3.9826645648177532],[119.58766870594604,-3.9825903311788124],[119.58767002435218,-3.9825719076673636],[119.58766269128023,-3.9824399267611739],[119.58765918032702,-3.9824002666589422],[119.58764834439569,-3.9822778626332251],[119.58763803906436,-3.9821886777652367],[119.58763175909849,-3.9821343245394019],[119.58758979133586,-3.9819885525296286],[119.58757320513939,-3.9819616762902683],[119.58753416377067,-3.981898415279602],[119.58746200306905,-3.9817772208420479],[119.58745900113206,-3.9817721792426255],[119.58744607697497,-3.9817504741050698],[119.58744258490742,-3.9817402119412009],[119.58744096073178,-3.9817354401383795],[119.58743865936674,-3.9817286745386582],[119.58739254393083,-3.9815931610954749],[119.58739325079796,-3.9815833431966894],[119.58740138426651,-3.9814703838511036],[119.58744729465695,-3.9814030803877927],[119.58748387997719,-3.9813033788478265],[119.58747655499906,-3.9811737109978935],[119.58745317262583,-3.9810695713036353],[119.58741530037582,-3.9810198873578884],[119.58739065175723,-3.9809875522337279],[119.58732812998926,-3.9809055340630835],[119.58723779488844,-3.9807784499654417],[119.58722466658514,-3.9807590318038137],[119.58717061193431,-3.980679075778653],[119.58713092035578,-3.9805217187023345],[119.5870983100391,-3.9804107450597712],[119.58709829744851,-3.9804107009929908],[119.58709828395865,-3.9804106578255301],[119.58707010100443,-3.9803307953299054],[119.58705175213674,-3.9802788010258041],[119.58699147417724,-3.9801747683508211],[119.58689659030551,-3.980066225575797],[119.58687616490317,-3.9800433971849998],[119.58682415171324,-3.9799852632093007],[119.58681992400034,-3.9799805381712758],[119.58678087993371,-3.9799369003675906],[119.58668719305956,-3.9798291678817463],[119.58668495914367,-3.9798265994180042],[119.58667442358581,-3.9798144846507171],[119.58666555357252,-3.9798067208034809],[119.58666133934935,-3.9798030317844564],[119.58665753161984,-3.9797996988969544],[119.58654261265156,-3.9796991088267646],[119.58653279385339,-3.9796903026652899],[119.58646283289352,-3.9796275650600137],[119.58646161701006,-3.9796264750817159],[119.5863830522361,-3.9795560212933196],[119.5863686109227,-3.9795448975789327],[119.58625129346251,-3.9794545372969878],[119.58612409245302,-3.9793368322289666],[119.58605587078182,-3.9792756711352695],[119.58598765090937,-3.9792145109408921],[119.58599103595759,-3.9791452487542074],[119.5859963221726,-3.979037064808665],[119.58600621741311,-3.9789636027879851],[119.58601525829761,-3.9789317497004504],[119.58602290613226,-3.9789048051126201],[119.58603105938596,-3.9788341642652085],[119.58603383199579,-3.9788101352794456],[119.58604023786677,-3.9787546336194168],[119.58604308512031,-3.9786387173028857],[119.58604593057532,-3.9785228000870916],[119.58604573002651,-3.9784584068299864],[119.58604360582785,-3.9784239798827343],[119.58604122802035,-3.9783854421344245],[119.58603441745447,-3.9782588265835557],[119.58603447860833,-3.9782555593465645],[119.58603625746741,-3.9781622259059759],[119.5860635752739,-3.9780140401157951],[119.58607606775638,-3.9778883283835853],[119.58607808493571,-3.9778680351816433],[119.58610544321175,-3.9777327177906727],[119.58611986563938,-3.977558814987276],[119.5861200356112,-3.9775572357777378],[119.58613440138163,-3.977423538065807],[119.58613081938188,-3.9773022770783655],[119.58612723738213,-3.9771810160909808],[119.58613544099785,-3.9770704462440563],[119.58614364461357,-3.9769598763971317],[119.58614971323868,-3.9768493173421007],[119.58615578006527,-3.9767387582870128],[119.58615704900865,-3.9767253655830928],[119.58616735883663,-3.9766165970782481],[119.58616819520614,-3.9766077810241995],[119.58616844611697,-3.9766036918068721],[119.58617836114252,-3.9764424757395886],[119.58618546938396,-3.9763222525698438],[119.58619257672615,-3.976202029400099],[119.58619940078177,-3.976140952842627],[119.5862050521215,-3.9760903740714753],[119.58621752841623,-3.9759787196421712],[119.58621946016001,-3.9759143200897711],[119.58622984912824,-3.9758183741186031],[119.58624023719722,-3.9757224272481722],[119.586247902119,-3.975651635314648],[119.58625062616557,-3.9756264803777412],[119.58626637329451,-3.9755192245325475],[119.58629204084502,-3.9754437048630393],[119.58629535484681,-3.9754339544134041],[119.58633460036162,-3.9753559885879781],[119.58638125269272,-3.9753103192157937],[119.58645277937228,-3.9752704369810203],[119.58652583220146,-3.9752496473532801],[119.58658580708936,-3.975253867871686],[119.58664579546712,-3.9752654286565416],[119.58677434276171,-3.9752872120351412],[119.5868770876076,-3.9752819806788011],[119.58694070205183,-3.9752817810293095],[119.58701082488972,-3.9752766441017684],[119.5871005016869,-3.9752681742867821],[119.58716410084264,-3.9752630571443319],[119.58721137370594,-3.9752482021427795],[119.58723254374695,-3.9752415489582518],[119.58725689558935,-3.9752070662530627],[119.58726163771451,-3.9751579129073207],[119.58721905121831,-3.9750990756617739],[119.58714720707803,-3.9750747292153505],[119.58706725195213,-3.9750667917989517],[119.5869922430976,-3.9750719449143048],[119.58691559477893,-3.9750770926336827],[119.58683239310051,-3.9750724476352843],[119.58675068969262,-3.9750235577909052],[119.58671428963282,-3.9749831035873058],[119.5866786728825,-3.9749435199274785],[119.58665181013305,-3.9748841988466665],[119.58664089506135,-3.9748600952171955],[119.58664725057019,-3.9748060198818393],[119.58669271669555,-3.9747403540840196],[119.58673663508773,-3.974700901725214],[119.58677069691021,-3.9746401875945594],[119.58675734737369,-3.9745435806216847],[119.58674524339835,-3.9745290250943981],[119.58673120677986,-3.9745121457189043],[119.58669349281047,-3.9744667902101583],[119.58665251879881,-3.9744030318743739],[119.58663401344904,-3.9743667262433746],[119.58660000288785,-3.9743000037421439],[119.58654591945867,-3.9742166302931992],[119.58651827789629,-3.9741736588871959],[119.5864969873461,-3.974140561137915],[119.58649018667279,-3.9741299887079435],[119.5864491173329,-3.9740351048361617],[119.58643585413142,-3.9739663516657515],[119.58641766983965,-3.9738894173626704],[119.5864370691155,-3.9738336566978774],[119.5864907892186,-3.9737974553881941],[119.58654460734783,-3.9737956495495155],[119.58661801271114,-3.9737986901573663],[119.58671913877731,-3.973796736829911],[119.58683819462703,-3.9737930819850931],[119.58692950369368,-3.9737829709073367],[119.58699309835288,-3.9737762178980915],[119.58701069898461,-3.973773953405157],[119.58705831538896,-3.9737678254247726],[119.58710168429536,-3.9737513345564253],[119.58712348116376,-3.9737430473037421],[119.58717398708984,-3.9737265033753602],[119.58719209943592,-3.9737093955720866],[119.5872488007916,-3.9736558373469961],[119.58730087783329,-3.9736179947745995],[119.58739377510267,-3.9735947652861228],[119.58754052467555,-3.9735779272794503],[119.58762372275669,-3.9735842180371606],[119.58770855940259,-3.9735905033989525],[119.58778196926255,-3.9735919081400084],[119.58784397122236,-3.9735999013143442],[119.58792390566373,-3.9736045660977766],[119.58799892980687,-3.9736010587417923],[119.588067333141,-3.9735697182678109],[119.58813075782825,-3.9735089124063165],[119.58819743086678,-3.9734448150261414],[119.58830489715331,-3.9733838697697479],[119.58837820628924,-3.9733557848415444],[119.58847111345119,-3.9733358360799116],[119.58851055861544,-3.9733285066052417],[119.58856077316125,-3.9733191779376398],[119.58864555314983,-3.9733074417849821],[119.5887318026306,-3.973244928110887],[119.58879526419014,-3.9731955823102112],[119.58889777701086,-3.9731166308278034],[119.58893614388796,-3.9730958142204145],[119.58901013021341,-3.9730556711822373],[119.58910776511129,-3.9729816533805433],[119.58919238142335,-3.9729174993430547],[119.58927866238048,-3.9728648089637204],[119.58936169498634,-3.9728154011098127],[119.58946425457179,-3.9727512003075844],[119.58954890685663,-3.9726985153241685],[119.58963028740789,-3.9726441962725971],[119.58969536594839,-3.9725915733424131],[119.58976036265062,-3.9725375150941886],[119.58977345588039,-3.9725266261028764],[119.5898515449129,-3.9724616797626595],[119.58998989571717,-3.9723662320159292],[119.59006481823678,-3.9723332340914226],[119.59015769392249,-3.9723034611357662],[119.59025051924618,-3.972254021805611],[119.59026775924974,-3.9722409519583266],[119.5903286262652,-3.9721948059454917],[119.59040178071768,-3.9721175829600384],[119.59048468112314,-3.9720255904086343],[119.59056431519105,-3.9719336068504276],[119.5906325647411,-3.9718531292185162],[119.59067317362815,-3.971797310997033],[119.59073000898275,-3.9717185052048194],[119.59076091508427,-3.971690553376277],[119.5908244063213,-3.9716510398635592],[119.59091076821744,-3.9716245593259032],[119.59103952235614,-3.9715913923288326],[119.59110958314079,-3.9715666070132443],[119.59121719601683,-3.9715101331860296],[119.59124148220872,-3.9714973879940203],[119.59132617496311,-3.971457807931472],[119.59140600328453,-3.9714280763445799],[119.59150220736103,-3.9714179400858143],[119.59156375696193,-3.9714177458322411],[119.59159027976762,-3.9714176630946554],[119.59165882429534,-3.9714289154120479],[119.59168075516277,-3.9714389689332279],[119.5917617319185,-3.9714760929472845],[119.59179449062333,-3.9715202199820965],[119.5918418363317,-3.9715348123816625],[119.59191687486395,-3.9715394915542674],[119.59199751707183,-3.9715327583301132],[119.59199841189729,-3.9715326827870285],[119.59208972096394,-3.9715225618167551],[119.59218106600349,-3.9715239197930146],[119.59223980432353,-3.9715302869931293],[119.59230365259157,-3.9716054325446066],[119.59231598229678,-3.9716289444202175],[119.59234138634599,-3.9716773891001935],[119.5923673929409,-3.9717221771367122],[119.59237746804581,-3.9717395268576183],[119.59243471618925,-3.9717901200179995],[119.59245327369968,-3.9718037636327495],[119.59249683506096,-3.9718357902894468],[119.59255202735426,-3.971845339290951],[119.59258985463816,-3.9718518827581306],[119.59267957010616,-3.9718532362377914],[119.59273433971805,-3.9718492027784578],[119.59277251773756,-3.9718463905983867],[119.59280305601624,-3.971846295270268],[119.592811072573,-3.9718462700892587],[119.59285244678301,-3.9718461387882371],[119.59292096163313,-3.9718508395445724],[119.59295066983759,-3.9718572903815925],[119.59296285205403,-3.9718599352877391],[119.59298787928731,-3.97186536899153],[119.5930564453987,-3.9718831737694131],[119.59312671122882,-3.9719239022662123],[119.59314191516728,-3.9719242853774404],[119.59324251872727,-3.9719268178682796],[119.5933501738715,-3.9719264788238888],[119.59339392678839,-3.9719326130995682],[119.59339821025924,-3.9719332138466825],[119.59341870490937,-3.9719360871806089],[119.59343818512423,-3.9719478233333234],[119.59349714377822,-3.9719833420575696],[119.5935885958371,-3.9720190964041535],[119.59366863190189,-3.9720532409642715],[119.59374865897348,-3.9720873864237092],[119.59376331072826,-3.9720928516037475],[119.5938270420844,-3.9721166278800411],[119.59391355776449,-3.9721392836009954],[119.59395072134873,-3.9721454907218003],[119.59395214857284,-3.9721457299414169],[119.59398111213864,-3.972150567394749],[119.59400984367937,-3.9721553661771623],[119.59411100122179,-3.9721665159718782],[119.59417794675494,-3.9721875978792696],[119.59424659110732,-3.9722332465670434],[119.59429652776259,-3.972267902841395],[119.59435937688374,-3.972311519061293],[119.59442637997347,-3.9723506215838711],[119.59449600908363,-3.9724041726144037],[119.59450486111052,-3.9724109813816426],[119.59463555508682,-3.9724777272652432],[119.59476126771835,-3.9725166436281256],[119.59485101376333,-3.9725278302950642],[119.59488391096374,-3.9725310705524066],[119.59497990190107,-3.972540527823071],[119.5950400377676,-3.9725619478755334],[119.59508930802519,-3.9725794972459312],[119.59510675936951,-3.9725899365762416],[119.59514650490735,-3.9726137137518549],[119.59524444467547,-3.9726379783599555],[119.59532274594801,-3.9726410117732485],[119.59540115513926,-3.9726784343621944],[119.59544896130058,-3.9727261442960753],[119.59545187870128,-3.9727290563008637],[119.59555151459074,-3.9727746078618225],[119.59564616284024,-3.9727906940352682],[119.59575874267193,-3.972800162997089],[119.5958024182471,-3.9727981440190661],[119.59587289811577,-3.972794885775329],[119.59600656165355,-3.9727666200834051],[119.59607971700541,-3.9727356429355041],[119.5961156916859,-3.9727204102186988],[119.59614791529407,-3.9727089690436515],[119.5961556989264,-3.9727062054270164],[119.59624603402733,-3.9726741329048423],[119.59639270535911,-3.9726327200239666],[119.59647077460659,-3.9726203192722664],[119.59650845620035,-3.9726143342840601],[119.59660144520058,-3.9726205926661464],[119.59663907913023,-3.9726581519520892],[119.5967208940541,-3.9727430731342679],[119.59673231544411,-3.9727565153008868],[119.59678474322141,-3.9728182186858021],[119.59679496761373,-3.972830932401564],[119.59679848576161,-3.9728353049053453],[119.59680193106431,-3.972839588376246],[119.59688462462577,-3.9729423961745738],[119.59697127430491,-3.9730076455863355],[119.59700940016376,-3.9730373978575813],[119.5970988143589,-3.9731071717584996],[119.59713158385557,-3.9731291260083026],[119.59718831398959,-3.9731671295593287],[119.59720832660309,-3.9731805366524213],[119.59727028989198,-3.9732208046963251],[119.59731619308786,-3.9732506361079345],[119.59735430185958,-3.9732750922716491],[119.59741017044303,-3.9733109446443109],[119.59750414599955,-3.9733712549793836],[119.59761088203663,-3.9734407509898233],[119.59762182408792,-3.9734478754190832],[119.59774599438219,-3.9735146410877746],[119.59776387020656,-3.9735244733756758],[119.59784075504683,-3.9735667603976026],[119.59791096961567,-3.9735911122400012],[119.59798248010748,-3.9735941456532373],[119.59798274720606,-3.9735941573444507],[119.59803501220608,-3.9736169290779912],[119.59807431707611,-3.9736675869895066],[119.59811365162375,-3.9737280690950456],[119.59817910877894,-3.9737966567902276],[119.59826076092543,-3.9738569968029083],[119.59826739612345,-3.9738618999066944],[119.59833926004887,-3.9738927988135515],[119.59836293560102,-3.9739042759615018],[119.59839969898701,-3.9739220978265166],[119.59846837391638,-3.9739775707082572],[119.59847436699852,-3.9739842157988505],[119.59849501633198,-3.9740071116388549],[119.59852729659747,-3.97404290735426],[119.5985682598174,-3.9741001123302908],[119.59860909623285,-3.9741196402091532],[119.59868134326939,-3.9741644714131894],[119.59868263469593,-3.974165272709115],[119.59870907746199,-3.9741790206452379],[119.59875779103925,-3.9742043500506838],[119.59882833386064,-3.9742101560738092],[119.59883446363961,-3.9742106596941653],[119.59891603664585,-3.9742153181823596],[119.59900419718599,-3.9742428851010345],[119.59911041701218,-3.9743047908334006],[119.59916605896649,-3.9743652297714789],[119.59920017834565,-3.9744050166781335],[119.59923890585094,-3.9744501788326261],[119.59931175363454,-3.974535128793093],[119.5993834008234,-3.9746401453264184],[119.59939794465947,-3.9746698688193192],[119.59942865920527,-3.974732637001523],[119.59945835931592,-3.9747933340451027],[119.599473916688,-3.9748251295760042],[119.59949337172179,-3.9748720579990504],[119.59953232495684,-3.974966019166402],[119.59953432504915,-3.9749708422305616],[119.59960836983043,-3.9750516661014785],[119.5996776266212,-3.9750746006122881],[119.59977232163544,-3.975122941870211],[119.59977754399847,-3.9751281525421405],[119.59986716233971,-3.9752175910189749],[119.59992084916792,-3.975295153048819],[119.59993433809927,-3.9753146413575564],[119.5999991729235,-3.9754001309112823],[119.6000679341879,-3.9754625015931424],[119.60007549568763,-3.9754693616217196],[119.60014248438824,-3.9755062041479619],[119.60025332313239,-3.9755544851513491],[119.60035716245318,-3.9755773198373845],[119.60048862265182,-3.9755838543113668],[119.60060940519998,-3.9755776004258792],[119.6006315761864,-3.9755764519916283],[119.6007169101573,-3.9755808092069174],[119.60074939187098,-3.9755836726483267],[119.60084377661906,-3.9755919940752165],[119.6009360812352,-3.9756125426846438],[119.60097844919619,-3.9756422850633726],[119.60098999739057,-3.9756503915522785],[119.60099848339337,-3.9756563486615164],[119.60102096104856,-3.9756871819178627],[119.60102453045772,-3.9756920769277713],[119.60103553815964,-3.9757071765449155],[119.6011026419734,-3.9757810729381049],[119.60110613673885,-3.9757856432927383],[119.60112791202357,-3.9758141140300722],[119.60116978895462,-3.9758688692528494],[119.60121613371768,-3.9759405065490796],[119.60126478164443,-3.9760121483419084],[119.60132490941714,-3.97606522453043],[119.60140333029949,-3.9760719271776566],[119.60142392927094,-3.9760583860855832],[119.60149538040753,-3.9760114189917317],[119.60158050483653,-3.9759463053776471],[119.60164639366621,-3.9758767518105742],[119.60168392956973,-3.9758371285805651],[119.60175956705041,-3.9756909959426707],[119.60176897485837,-3.9756633651721245],[119.60180298272155,-3.975563482868381],[119.60183724059618,-3.9754568385621951],[119.60189316313904,-3.9753915252986189],[119.60194063025597,-3.9753360865910849],[119.60199128367083,-3.9753127716670065],[119.60208566931828,-3.9752592062473013],[119.60216668294618,-3.9752024275499593],[119.60218690959823,-3.9751882515365082],[119.60228815167693,-3.9751172986244114],[119.60237791840632,-3.9750660606501356],[119.6024378699118,-3.9750290040852292],[119.6024981568645,-3.9749917406762165],[119.60249906158253,-3.9749911812979235],[119.60262700273404,-3.9749517972875879],[119.60274846337097,-3.9749059453530435],[119.60276333186232,-3.9748933188715228],[119.60281296724474,-3.9748511721438149],[119.60286196141044,-3.9747977578102223],[119.60291995778994,-3.9747313114008307],[119.60296899242508,-3.9746936459949325],[119.60298448684466,-3.9746817443669897],[119.60301520588712,-3.9746666033809674],[119.60303712866062,-3.9746557980266175],[119.60308264874527,-3.9746333617401888],[119.60319505500786,-3.9745901322287978],[119.60329718561673,-3.9745703237613839],[119.60340705399244,-3.9745413988663927],[119.60346384617958,-3.9745387710473778],[119.60347122961366,-3.9745384293050279],[119.60348622401011,-3.9745377350283775],[119.60349759683663,-3.9745372089250282],[119.60359712390823,-3.9745135126884179],[119.60364106208544,-3.9744977835458144],[119.60364738162139,-3.9744928561603388],[119.60366881876109,-3.9744761395621708],[119.6036862251392,-3.97446256699385],[119.60370347683408,-3.9744476796166737],[119.60373912236264,-3.9744169219033552],[119.60381920968882,-3.9743815938354601],[119.60386966345425,-3.9743801333364104],[119.60393952908601,-3.9743851083860022],[119.60402365077096,-3.9743965369705734],[119.60407797701714,-3.9743963652000502],[119.60416590103557,-3.9743830993005531],[119.60424218063224,-3.974367267635273],[119.60428077593713,-3.9743671453274487],[119.60429003715558,-3.9743671156498408],[119.60433534410095,-3.9743747625851711],[119.60435747102053,-3.9744201612613779],[119.60437571646617,-3.9744616757656672],[119.6043939322343,-3.9744967016613941],[119.60439682085666,-3.9744983330315904],[119.60443281442292,-3.9745186577098366],[119.60448073569751,-3.9745366990093771],[119.60455448819914,-3.9745442560125639],[119.60462173860242,-3.9745388456911428],[119.60467213391189,-3.9745192017996942],[119.60468321535814,-3.9745140720667109],[119.60471734283112,-3.9744982718776782],[119.60473980070128,-3.9744955460325855],[119.60476130439076,-3.9744929362000221],[119.60481046493112,-3.9744927806173109],[119.60484288009491,-3.9745160667630444],[119.60486496744431,-3.9745484693363551],[119.6048728841763,-3.9745965147173479],[119.6048821319049,-3.9746588449297064],[119.60488312295786,-3.9746666033809674],[119.60488380284528,-3.9746719309648029],[119.60488876620366,-3.9747107897711089],[119.60489401824441,-3.9747443839461312],[119.60489668203627,-3.9747614287968531],[119.60491751393215,-3.9748042374255874],[119.60494606291059,-3.9748314311256081],[119.60497587093971,-3.974849520089208],[119.60504709274915,-3.9748739852461767],[119.60508987439823,-3.9749024272052225],[119.60511847643659,-3.9749465119718934],[119.60514064832228,-3.975006198177482],[119.60515240695804,-3.9750425370833682],[119.60519135839456,-3.9750865885751523],[119.60523280185237,-3.9751020470217782],[119.60528714068903,-3.9751057702150661],[119.60533751891148,-3.9750835227862922],[119.60537102225499,-3.9750405432864113],[119.60539026145148,-3.9749885157073663],[119.60539702615188,-3.9749720050539281],[119.60541320225752,-3.9749325257154169],[119.60541850825757,-3.9749195781759568],[119.60546758246301,-3.9748947317064562],[119.60549474198876,-3.9748920517267834],[119.60553746877918,-3.9749036116123193],[119.60560869958192,-3.9749306614208422],[119.60562560503774,-3.9749578919930855],[119.60563219257165,-3.9749981420505947],[119.60561034264322,-3.9750410855775726],[119.60561025001311,-3.9750411548253624],[119.6056101573829,-3.9750412240732089],[119.60557678264252,-3.9750658735911202],[119.6055562574154,-3.9751205083047694],[119.60555506311573,-3.9751529918170831],[119.60555307831203,-3.975188866672795],[119.60555261875845,-3.9751971674152742],[119.60556204725071,-3.9752403006992836],[119.60556311924267,-3.9752452038030697],[119.60559811725932,-3.9752684728616714],[119.60563569003511,-3.9752865465368359],[119.60563656597481,-3.9752869584263522],[119.60566961066411,-3.975302449248602],[119.60567973343302,-3.9753071940717177],[119.6056842831033,-3.9753109271575227],[119.60568954593589,-3.9753152448026867],[119.60571496257558,-3.9753360982822414],[119.60573809763514,-3.9753550793733439],[119.60579521987358,-3.9754198512450785],[119.60580161225471,-3.9754267076763767],[119.60580815032597,-3.9754337223883454],[119.60580990130597,-3.9754356001727729],[119.6058471404333,-3.975475548058057],[119.60586284799206,-3.9754885468589123],[119.60586597403551,-3.9754911342084256],[119.60590031824518,-3.975519554583741],[119.60592374468513,-3.9755482735339456],[119.6059457672834,-3.9755752720810733],[119.60597562297664,-3.9756089597856317],[119.60598796077579,-3.9756199081322166],[119.60601717615179,-3.9756458319894818],[119.60605357441295,-3.9756781302414765],[119.60614073580632,-3.9757796079425134],[119.60616161536632,-3.9758039157180747],[119.60625490114285,-3.9759019031502589],[119.60630762299843,-3.9759815866808594],[119.60630898097475,-3.9759836389337693],[119.60636953772405,-3.9760506051512721],[119.60641540944368,-3.9761143463999247],[119.60644043487821,-3.9761393169758321],[119.6064644989375,-3.9761633279751436],[119.60651839440845,-3.9761860943127658],[119.60658528957947,-3.9761940703999699],[119.60663262989203,-3.9762070242347249],[119.60669646377085,-3.9762772612865547],[119.60673806730802,-3.9763299399746757],[119.60673904577038,-3.9763311792405034],[119.60680664331198,-3.9764393164212493],[119.60681773285216,-3.9764570582465808],[119.60687016872339,-3.9765338819330509],[119.60690956622352,-3.9766140196212518],[119.60694206232643,-3.9766925700060369],[119.60695558633131,-3.9767252612617767],[119.60701542542165,-3.9768247181861511],[119.60702444562173,-3.9768397107839633],[119.60707858840624,-3.9769410940562011],[119.60711394435316,-3.9770057067479456],[119.60713764598563,-3.9770490225942581],[119.60713806596902,-3.9770508230370183],[119.60715253336275,-3.9771128528757913],[119.60715842032494,-3.9771580492045473],[119.60716255720627,-3.9771898123598817],[119.60717581591121,-3.9772569278648575],[119.60718745223915,-3.9773256936258008],[119.60719591396037,-3.9773683358799303],[119.60720402134859,-3.9774091848859143],[119.60721564238804,-3.9774730250600214],[119.60721689064701,-3.9774796818417713],[119.6072322348798,-3.9775614320144541],[119.60724133062297,-3.977591535021304],[119.60725201366961,-3.9776268909682244],[119.60727002079489,-3.9776497616271627],[119.60727912193397,-3.977655307746204],[119.60729944121636,-3.977667689612133],[119.60733535024633,-3.977677408585464],[119.607361534907,-3.9777051697577122],[119.60736158796692,-3.9777221615484564],[119.60736162214118,-3.9777330145669225],[119.60734869798409,-3.9777723688996502],[119.60734033608765,-3.9777862679218856],[119.60732598560583,-3.9778101188418873],[119.60732615557765,-3.9778641716941365],[119.60733776132872,-3.9779231051671218],[119.60734153398471,-3.9779293752404215],[119.60737219097393,-3.9779803299282435],[119.60740348198522,-3.9780752326857964],[119.60741179531817,-3.9781259886234466],[119.60741242484357,-3.9781292531624786],[119.60743169281841,-3.9782291246743284],[119.60743449420659,-3.9782518298580385],[119.60743603924186,-3.9782643493202272],[119.60744341098473,-3.978324090384433],[119.60745571101234,-3.9783957951298135],[119.60746334985379,-3.9784403313561825],[119.60748320058929,-3.9785287194247871],[119.60753250861842,-3.9786497825613765],[119.60754880703189,-3.9787158251751293],[119.60755068481626,-3.9787234352382939],[119.6075534277486,-3.9787510075528871],[119.6075607860015,-3.9788249668986282],[119.60755949187705,-3.978931442132307],[119.60755942173,-3.9789375737100272],[119.60755821394048,-3.9790428339595678],[119.60756214757509,-3.9790888315842494],[119.60758349208459,-3.9791384166045987],[119.60759665006537,-3.9791689836616229],[119.60762296782582,-3.9791838170794449],[119.60763423363301,-3.9791901671924279],[119.6076783462787,-3.9792129551137236],[119.60773067423133,-3.9792553833292459],[119.60775211766611,-3.9793322960485966],[119.6077548830815,-3.9793695045989352],[119.60775723031202,-3.9794010833932134],[119.60776070888971,-3.9794715102019609],[119.60775378680785,-3.9794887807825603],[119.60773967284774,-3.9795239946366223],[119.60770723699943,-3.9795830684038265],[119.60769833371114,-3.9796138342110225],[119.60769110675926,-3.9796388083842658],[119.60767496662652,-3.9796945582572221],[119.60765399713432,-3.9797683341412835],[119.60765606197776,-3.9798155233676766],[119.60765750808764,-3.9798485860433743],[119.60768540235949,-3.9798992790284728],[119.6077376466751,-3.9799154893083255],[119.60777353142339,-3.9799170199544847],[119.60782577663838,-3.9799332302343373],[119.6078666948921,-3.9799789661562954],[119.60788806098526,-3.9800280439590097],[119.6079258001356,-3.9801016336833754],[119.6079298156086,-3.9801092383506216],[119.60795861729639,-3.9801637723401768],[119.60799632497049,-3.9802242670362489],[119.60804547741691,-3.9802929041941297],[119.60805394723195,-3.9803059263773548],[119.60808481376318,-3.980353385400349],[119.60811923891185,-3.9804089742946758],[119.60816670243139,-3.9804612410933373],[119.60819144907623,-3.9804790143949731],[119.60820390288791,-3.9804879590520272],[119.60820756942383,-3.9804905922669604],[119.60824356478872,-3.9805248834165923],[119.60832253875424,-3.9805975027724685],[119.60832699399566,-3.9806016000837303],[119.60839732907357,-3.9806668989581908],[119.60845955136722,-3.9807420562008815],[119.60848963279034,-3.9807877120832131],[119.60849724824948,-3.9807992701701096],[119.60856286188664,-3.9809170022178364],[119.60861262317405,-3.9810054883125758],[119.60862354903759,-3.9810249163667777],[119.60863549563169,-3.9810543592712406],[119.60865806771574,-3.9811099850377332],[119.6086975182759,-3.9812065065749493],[119.60870904038995,-3.981239231105576],[119.60868792700626,-3.9812671433639366],[119.60864069371314,-3.9812950133541563],[119.60862931728923,-3.9813017258938999],[119.60859833474547,-3.9813051046468217],[119.60856571903275,-3.9813068439356698],[119.60851843088096,-3.9813102748492497],[119.60848321432888,-3.9813434031754582],[119.60847126233898,-3.9813546456003905],[119.60846167736463,-3.98141692724937],[119.60845368419018,-3.9814677335490387],[119.60844688981217,-3.9814969390324677],[119.60843919341414,-3.981530022392576],[119.60842149565553,-3.9816054332441126],[119.60840544365635,-3.9816890180337055],[119.60840709391232,-3.981723050178573],[119.60840893662316,-3.9817610807092478],[119.60841051403406,-3.9817741901267141],[119.60841898205047,-3.9818445917544523],[119.60841418506664,-3.9818757316796223],[119.60838943212661,-3.9819036943000015],[119.60835892982084,-3.981938149126222],[119.60835120194645,-3.981953795531183],[119.60831841266463,-3.9820201852832611],[119.6083081585947,-3.9821251946219718],[119.60830577269337,-3.9821496336986115],[119.60830605058379,-3.9822383761001561],[119.60830606587228,-3.982243000414087],[119.60831618414466,-3.9823494387755431],[119.608349089439,-3.9824394285367362],[119.60840133465388,-3.9824556388166457],[119.60850580529871,-3.9824815159091713],[119.60855434620612,-3.9824797649291668],[119.6086052874042,-3.9824779276142408],[119.60870797918994,-3.9824563088115497],[119.60876829492099,-3.9824462849680344],[119.60886290090218,-3.9824459836951291],[119.60898202779845,-3.9824652615625382],[119.60902722682511,-3.9824882842069087],[119.6090555428791,-3.9825027057352145],[119.60910460269531,-3.9825418631164666],[119.60918139400621,-3.982582568230896],[119.60929082800942,-3.9826330022112302],[119.60937919539356,-3.9826704886521043],[119.60939046389888,-3.9826752703473858],[119.60946395199983,-3.9827045261928902],[119.60951784207487,-3.9827256467711436],[119.60958314094921,-3.9827434605422241],[119.60964027667751,-3.9827580187675267],[119.60973662644426,-3.9827937542283394],[119.60981502484356,-3.9828279023857363],[119.6098288950875,-3.9828374549845194],[119.60988367459197,-3.9828751851416087],[119.60997531910573,-3.9829715412035966],[119.61004727566126,-3.9830319171891801],[119.6101339523201,-3.9831053522301545],[119.61020433326348,-3.9831821192593679],[119.61027140110434,-3.9832441562927556],[119.61035480423084,-3.9833126837333452],[119.61035740596958,-3.9833157989849042],[119.61038336220247,-3.9833468768568423],[119.61042587405495,-3.98339777758531],[119.61043667221475,-3.9834107071383755],[119.61050058613318,-3.9835087863013996],[119.61059059118293,-3.983601867032462],[119.61065442686038,-3.9836721022856523],[119.61068258103637,-3.9836941329778028],[119.61073782009441,-3.9837373588919718],[119.61082610024437,-3.983802600209799],[119.61089314740093,-3.9838580847827529],[119.61096546008798,-3.9839225616768204],[119.61097002594602,-3.9839266329077532],[119.61104111465579,-3.9840054620823366],[119.61104368042163,-3.9840083057386551],[119.61105843110181,-3.9840244980321131],[119.6110762250878,-3.9840440313069507],[119.61110914926792,-3.9840801723620416],[119.61115385726475,-3.9841247868293976],[119.61115496433024,-3.984125891196868],[119.61123170887629,-3.9841518564230114],[119.61127411640746,-3.9841500757653421],[119.61129577028362,-3.9841497205331393],[119.61137127016809,-3.9841484848646473],[119.61139807086431,-3.9841480459954823],[119.61145538915491,-3.9841342818715475],[119.6114983030044,-3.9841239756408982],[119.6115965341528,-3.9841003873229965],[119.61159853514437,-3.9840999070850103],[119.61161810259341,-3.9840904516129854],[119.61167019312495,-3.984065282286906],[119.61174862569862,-3.984032071223055],[119.61175069413923,-3.9840311952833645],[119.61177933125123,-3.9840190688249209],[119.61178877413272,-3.9840176829696361],[119.6118150784032,-3.9840138221800885],[119.61182664278545,-3.9840121251593814],[119.61188204372138,-3.9840039925901465],[119.61198149974643,-3.9839922168672501],[119.61204205829438,-3.9839687013944172],[119.61205806892485,-3.9839624843810952],[119.61212311508973,-3.9839000363575678],[119.61213092929904,-3.9838355693560175],[119.6121326488028,-3.9838213789534507],[119.61213422981086,-3.9837990164114103],[119.61213577574551,-3.9837771386040117],[119.61215668768102,-3.9836853421048204],[119.61216859110766,-3.9836671029543709],[119.61220822962616,-3.9836063627433873],[119.61221025220141,-3.9836032645789601],[119.61228544181972,-3.9835086307186884],[119.61229636408598,-3.9834948836818853],[119.61234696713893,-3.9834427715666152],[119.61238252813121,-3.9834061511729146],[119.61246485926586,-3.9833468768568423],[119.61247682744374,-3.9833382613516051],[119.61248993146523,-3.9833288265640476],[119.61257411700194,-3.983270008204272],[119.61263477897194,-3.9832276249549068],[119.61268517068413,-3.9831742250104298],[119.61269852111991,-3.9831483802934713],[119.61272246107274,-3.9831020319331856],[119.61274504125072,-3.9830200632252968],[119.61274562311212,-3.9829827701386762],[119.61274639383112,-3.9829333676807437],[119.61274639473038,-3.9829333011309132],[119.61274639562976,-3.9829332345810826],[119.61274600892125,-3.9829161447642036],[119.61274450435542,-3.9828497073480662],[119.61274435596727,-3.9828028832463929],[119.61274425614261,-3.982771082319573],[119.61274642260935,-3.9827577597627624],[119.61275385100953,-3.9827120822967004],[119.61276992908904,-3.9826366759418192],[119.61277434296164,-3.9825982488100635],[119.61277693031116,-3.9825757225914913],[119.6127810339176,-3.9825399943252364],[119.61278909004454,-3.9824735650029766],[119.61279343287072,-3.9824377459052016],[119.61279375213007,-3.9824351180861868],[119.61281300391704,-3.9823335018895705],[119.61284032981746,-3.9822040076088001],[119.61288068059901,-3.9820695643588806],[119.61288263122856,-3.9820623940642008],[119.61291839906494,-3.9819308538258156],[119.61303468770075,-3.9819528530416619],[119.61315097633656,-3.9819748531568848],[119.61315986523562,-3.9819408300052714],[119.61317810978198,-3.9818710021449988],[119.61320524322741,-3.9817671538310151],[119.61321234337504,-3.9817451159443067],[119.61324470008287,-3.9816446769602294],[119.61326976059104,-3.9815668874018684],[119.61328398696651,-3.9815227333874077],[119.61328415783771,-3.9815222009887634],[119.61326658598421,-3.9815166773527153],[119.61313386943254,-3.9814749524070976],[119.61314891329175,-3.9813706445395383],[119.61314274214385,-3.9812856577069056],[119.61314126096045,-3.9812625613180899],[119.61313653322452,-3.9811888052191193],[119.61313768165871,-3.9811800898891647],[119.6131519134301,-3.981072118183647],[119.61317730039218,-3.9810054883125758],[119.61318509571561,-3.9809850260380699],[119.61323393070143,-3.9808642749662795],[119.61327580043792,-3.9807779265599947],[119.61328673529465,-3.980755376059733],[119.61334109211782,-3.9806801801461233],[119.61336121894522,-3.980652338034929],[119.61345140385924,-3.9805373830936901],[119.61346963491576,-3.9805186691012295],[119.61357698339111,-3.9804084787682541],[119.61358974027439,-3.9803943917876836],[119.61368291903159,-3.9802915039496725],[119.61378682220413,-3.9801547620326119],[119.61383874726039,-3.9800794716902033],[119.61387664738947,-3.9800245186165739],[119.61389067231676,-3.980004183146491],[119.61397885174267,-3.9798754074240605],[119.61402200930831,-3.9798156510714193],[119.61402884325662,-3.9798061893041563],[119.61404244909977,-3.9797873503059122],[119.61406901507303,-3.979750566235623],[119.61416511482821,-3.9796395512242384],[119.61416650877743,-3.9796381716642486],[119.61419342638555,-3.9796115346445617],[119.61425930981932,-3.9795463373935149],[119.61433931170995,-3.9794773836742934],[119.61434096916048,-3.9794759555508676],[119.61441743671537,-3.9794100469360956],[119.61441931360048,-3.979408429955015],[119.61449931459174,-3.9793394771351132],[119.61457931738164,-3.9792705243152113],[119.61469117146044,-3.9791614383496494],[119.61470262792398,-3.9791545216638156],[119.61481299182617,-3.9790879007859417],[119.61483593173296,-3.9790762896390106],[119.61493484186951,-3.9790262297766503],[119.61502336393721,-3.9790061739956855],[119.61514538485164,-3.9789958992412835],[119.61517488891002,-3.9789964361365833],[119.61523790800311,-3.9789975836715143],[119.61528628703263,-3.9790013482335667],[119.6153156319109,-3.9790036307129526],[119.61535998197769,-3.9790070823109431],[119.6154663420981,-3.9790245381518616],[119.61557263746727,-3.9790242000067906],[119.61567893373592,-3.9790218815545586],[119.61578720041905,-3.9790215380135123],[119.61586394406584,-3.9790133856591865],[119.61598582738407,-3.9789596223886292],[119.61612131924358,-3.9788524312946265],[119.6162213787137,-3.9787473320237154],[119.61629925011039,-3.9786374726411964],[119.61630564788743,-3.9786284470451392],[119.61639584179477,-3.9785135010971544],[119.61643302696268,-3.9784869621035455],[119.61649600828423,-3.9784420121890776],[119.61655309005312,-3.9784082201632032],[119.61663954188145,-3.978372359696607],[119.61669469280594,-3.9783494827423738],[119.61672599370968,-3.9783364992300108],[119.61682043241706,-3.9783203833789571],[119.61695422815512,-3.978300191800372],[119.61708807335594,-3.9782958067060576],[119.61716276564914,-3.9782955081311684],[119.61724968242697,-3.9782951609928432],[119.6172855060214,-3.9782883468296859],[119.61729851741268,-3.978285871895423],[119.6173699883343,-3.9782716527145681],[119.61741276908413,-3.9782631415307037],[119.61756412678312,-3.9781934692531422],[119.6176741192653,-3.9781160196385486],[119.61776736277363,-3.9780336768126858],[119.61781014532198,-3.9779958953942014],[119.61786060628197,-3.9779513330875034],[119.61799307282206,-3.9778312367221247],[119.61799408276079,-3.9778303212123092],[119.61806570926512,-3.9777589231357524],[119.61810376137953,-3.9777209915304752],[119.61813733576946,-3.9776875241598759],[119.61821189226509,-3.9776091941089931],[119.61822400073709,-3.9775964722992967],[119.61828644786135,-3.9775308640581102],[119.61829577293167,-3.9775219571725415],[119.61835808425826,-3.9774624346435985],[119.6184297197558,-3.9773940052290868],[119.61848055483381,-3.9773410675362015],[119.61849446464794,-3.9773265830553441],[119.61855921133861,-3.9772591608815446],[119.61862398231096,-3.9771983280403447],[119.61868875328344,-3.9771374951992016],[119.61875352425579,-3.9770766632573782],[119.61883209532505,-3.977023033086482],[119.61891066639419,-3.9769694029155858],[119.61900395576799,-3.9769018890109464],[119.61909724604118,-3.9768343760056268],[119.61914263842209,-3.9768050482143735],[119.61923868961389,-3.9767429895972555],[119.6193339790799,-3.9766843636923568],[119.61935604664427,-3.9766707866274373],[119.61942926764664,-3.9766257368881952],[119.61959048011659,-3.9765619605659595],[119.61970686857717,-3.9765275848801025],[119.61974814116388,-3.9765153945697307],[119.61975231311885,-3.9765141633978942],[119.6197575768507,-3.9765126075707258],[119.61975961831183,-3.976512005024972],[119.61976589018377,-3.9765093331391768],[119.61977653186148,-3.9765047987573894],[119.61984611600553,-3.9764751553041151],[119.61993261369923,-3.9764383046839384],[119.62003086733068,-3.9763836268028854],[119.62012911916361,-3.9763289489218323],[119.62021163735722,-3.9762782712251692],[119.6202941537523,-3.9762275917299235],[119.62034818412144,-3.9761838253232327],[119.62038121981755,-3.9761570650964018],[119.62046828678206,-3.9760865366642975],[119.6205553528473,-3.976016009131456],[119.62064241981193,-3.9759454806993517],[119.62069469560379,-3.9758492919112314],[119.62072574110016,-3.9757730033214216],[119.62073264699416,-3.9757560313157683],[119.62075156872993,-3.9756925913399641],[119.62078665488025,-3.9755983810603652],[119.62082273658007,-3.9755204808854501],[119.62086167182872,-3.9754368241500515],[119.62087685328424,-3.9754113301686971],[119.62091208602396,-3.9753521628719568],[119.6209150178139,-3.9753482400292341],[119.62095624903168,-3.9752930702189815],[119.62097682911747,-3.9752655320785948],[119.62105019311196,-3.9751846389598882],[119.62112361466313,-3.975121992186132],[119.62124928232856,-3.9750558443516866],[119.62133717217284,-3.9749982301841555],[119.62134538118448,-3.9749949692424025],[119.62145772269582,-3.9749503448824726],[119.62154233271258,-3.9749068788493105],[119.62156681945316,-3.9748943000318491],[119.62169871132653,-3.9748218056817564],[119.62183218240932,-3.9747362028134603],[119.62197544261267,-3.9746505675695971],[119.62201303607287,-3.9746269855468768],[119.62210404386656,-3.9745698965834322],[119.6221919319122,-3.9745106465490494],[119.6222798208571,-3.9744513983133061],[119.62235683160259,-3.9743916365647465],[119.62243384594535,-3.974331878413409],[119.6225108575901,-3.9742721175641122],[119.62258235908871,-3.9741883484135201],[119.62266732973353,-3.9740691936383428],[119.62268304178906,-3.9740471602481762],[119.62273807220436,-3.9739410699243649],[119.6227443737539,-3.9739289209828712],[119.62275112676321,-3.9739159005982856],[119.6228029573906,-3.9738010688641907],[119.62283687262368,-3.9736928552410404],[119.62284624086135,-3.9735617817507887],[119.62282958271908,-3.9734504492787437],[119.62279035429151,-3.9733674175722058],[119.62278783708905,-3.9733620899884272],[119.62277703713062,-3.9733392301213257],[119.6227123578891,-3.9732591697747921],[119.6226476777482,-3.9731791112269548],[119.62253810165214,-3.9730860943477069],[119.62253565459685,-3.9730842120666807],[119.62246670627349,-3.9730311745490212],[119.62240882590663,-3.9729866536111444],[119.62239530909631,-3.972976256548975],[119.62232391281839,-3.9729213376495522],[119.62222504674855,-3.9728813942608667],[119.62212617977946,-3.9728414490735418],[119.62202731370962,-3.9728015038862736],[119.62192844763979,-3.9727615595982684],[119.62189531481704,-3.9727443897417629],[119.62182985766185,-3.9727104691128261],[119.62176082570159,-3.9726672009305162],[119.62174481507122,-3.9726568991964655],[119.62169967989632,-3.972627857389682],[119.62164827734614,-3.9725588299260153],[119.62163619585385,-3.9724718825712557],[119.62162995276014,-3.972367123244112],[119.62163195285245,-3.9723513383435147],[119.62163638740947,-3.9723163439240921],[119.62163858625183,-3.9722989897065872],[119.62164148116949,-3.9722761433292817],[119.62166488422713,-3.9722068766459984],[119.62171571570775,-3.9720979858333294],[119.62177835168961,-3.9719850993328123],[119.6218031747768,-3.9719303297209194],[119.62183308802662,-3.9718643293752507],[119.62188199046159,-3.9717653311050753],[119.62191941305048,-3.9716787227947634],[119.62198168660564,-3.9715455745685517],[119.62202501594174,-3.9714821642704123],[119.62205614957168,-3.9714366001189774],[119.62211108645749,-3.9713791001652794],[119.62212754135305,-3.9713739272648922],[119.62219367659691,-3.9713531349391928],[119.62222292165063,-3.9713471643401022],[119.62227236637671,-3.9713370676515183],[119.62236675292343,-3.9713051372222594],[119.62245129818893,-3.9712712570628241],[119.62260870742602,-3.9712490123320094],[119.62270322527365,-3.9712585973063597],[119.62278207603208,-3.971293927172951],[119.6228684981827,-3.9713344362352245],[119.6228826157402,-3.9713410525474728],[119.62294576343629,-3.9713902769397009],[119.62295370175195,-3.9713939003082146],[119.62299307497051,-3.9714118705613259],[119.62308172114456,-3.9714313615680226],[119.62314670525632,-3.9714410328772942],[119.62322740861805,-3.9714388052565823],[119.62332968221915,-3.971410797670103],[119.62342020527831,-3.9714006218411555],[119.62345329673235,-3.9714037577771251],[119.62350093022383,-3.9714082732731413],[119.62351675919115,-3.9714339246358463],[119.6235445095715,-3.9714931485899001],[119.62356844412841,-3.9715919148349599],[119.62359609828138,-3.971623457656392],[119.62363753724264,-3.9716565347212622],[119.62367503717326,-3.9716864677562285],[119.62373819026539,-3.9717376715562409],[119.62380726179572,-3.9717908268851261],[119.62382675909771,-3.9718197068139602],[119.6238725211,-3.9718874914145772],[119.62392206025493,-3.9719901328383003],[119.62393320285514,-3.9720577843392562],[119.62394614319999,-3.9721363446165583],[119.62394746430414,-3.9721715377862097],[119.62395044825462,-3.9722509982848919],[119.62396068433816,-3.9723774897292969],[119.62397676331705,-3.972482208586996],[119.62400856514319,-3.9725789801357791],[119.62405802335911,-3.9726559198347786],[119.62413398189778,-3.9727100473307928],[119.62420994133583,-3.9727641739274304],[119.62428183763677,-3.9728169758227523],[119.62437267186135,-3.9728709648231302],[119.62442246282649,-3.9728700592058317],[119.62448947940607,-3.9728688397251517],[119.62457665338991,-3.9728668081565957],[119.62468813784733,-3.9728349388812489],[119.62480647963537,-3.9727662747437194],[119.6248743253899,-3.9727187752512236],[119.62494721004578,-3.9726600342331722],[119.62500333583534,-3.972612325198611],[119.62504724703285,-3.9725822923388705],[119.62507656673029,-3.9725688141993487],[119.62511079492731,-3.9725620980623262],[119.62514267409517,-3.9725579297046352],[119.62517539233056,-3.9725545986157726],[119.62520981118394,-3.972554155250009],[119.62524374080601,-3.9725568388270176],[119.62528358526936,-3.9725659480599802],[119.62531661017351,-3.9725770313049225],[119.62536054835073,-3.9726001852503146],[119.62538163475472,-3.9726260461550851],[119.62538592362159,-3.9726741562872121],[119.62538598207743,-3.9727193121464666],[119.62538406832016,-3.9727545637720709],[119.62539067473995,-3.9727806998693609],[119.62541008840492,-3.9728183661746357],[119.62542873135089,-3.9728421433501921],[119.6254295677204,-3.9728432108454399],[119.62545715982014,-3.9728721060628231],[119.62548357021069,-3.9728988357126696],[119.62551822198839,-3.9729192719068465],[119.62555914294012,-3.9729202440739755],[119.62562144527351,-3.9729069898656348],[119.62568194626488,-3.9728835850094129],[119.62575944714081,-3.9728489359296191],[119.62581285158194,-3.9728223321848191],[119.62584403017786,-3.9728109962304643],[119.62587250091519,-3.9727953723085534],[119.6259091887581,-3.9727671219051217],[119.62593231032793,-3.9727423132071635],[119.62595776563842,-3.9727204542854793],[119.62600309866411,-3.9727171537736012],[119.62600608171533,-3.9726793300869758],[119.62600666897265,-3.9726718819017606],[119.62600762315333,-3.972626339334056],[119.62601628362461,-3.9725907270803305],[119.62606532815244,-3.9725197399939702],[119.62613732787543,-3.9724517296635327],[119.62618672223948,-3.9724108248996117],[119.62629282515377,-3.9723229557397417],[119.62634195601652,-3.972279419559527],[119.62636482127959,-3.9722535910303804],[119.62638845366428,-3.9722164121576498],[119.62640712988525,-3.9721870313064187],[119.6264467126457,-3.9721123462077799],[119.62646747709243,-3.9720621217694543],[119.62647208342003,-3.972024827783514],[119.6264878296497,-3.9718824390233181],[119.62648997633141,-3.9718040622076387],[119.62649388028842,-3.97166145491218],[119.62649175069384,-3.9716282492442474],[119.62648758143678,-3.971590305048494],[119.62647778332314,-3.9714798539120579],[119.62647104470307,-3.9714413386467982],[119.62646403628628,-3.9714012729503452],[119.62645313470443,-3.9713687732502194],[119.62644189767548,-3.9713369516389321],[119.62643741095781,-3.9713054483876817],[119.6264355700456,-3.9712566520727819],[119.62643976718152,-3.9712425093342745],[119.62644926042515,-3.9712105177511603],[119.62662243567695,-3.9710722038191193],[119.62689651036567,-3.9708781553025574],[119.62693664441065,-3.9708527080859426],[119.6271618922076,-3.9707098903490987],[119.62722901310849,-3.9706640537030466],[119.62726560382464,-3.9706390669393272],[119.62732757610684,-3.9706012468500376],[119.62739462506192,-3.9705667650441114],[119.62744969324876,-3.9705604868769342],[119.62746904665926,-3.9705688460753663],[119.62748990733337,-3.9705778545842918],[119.62751773685409,-3.9706025059008994],[119.62754279016769,-3.970628097009012],[119.62756327582463,-3.9706509955469755],[119.6275650456904,-3.9706520972164867],[119.6275933734355,-3.9706697068414769],[119.62761345080014,-3.9706786820754587],[119.62763139317428,-3.9706867022295],[119.62767192382034,-3.9706982666116915],[119.62776203858732,-3.9707130559627331],[119.62778536790051,-3.9707168843766567],[119.62788239845395,-3.9707213180343501],[119.62792289222773,-3.970721188531968],[119.62792866137863,-3.9707211705455165],[119.62796388962192,-3.9707210581302661],[119.62801198086834,-3.9707217452123018],[119.62805724734415,-3.9707187828454948],[119.62809632828294,-3.9707162251735895],[119.62814119006396,-3.9707116808992851],[119.62818283496995,-3.9706998539151073],[119.62823455228283,-3.9706745236103416],[119.62824821658194,-3.9706586703612743],[119.62827548492578,-3.9706270331110431],[119.62830878412319,-3.9705926106603897],[119.6283723212257,-3.9705430148482037],[119.62839830174028,-3.9705151421600249],[119.62840708901604,-3.9704810821361889],[119.62840889035806,-3.970474100699164],[119.6284087032991,-3.9704422449136132],[119.62840806118311,-3.9703605693846953],[119.62839688440874,-3.9703183830868625],[119.62836860162975,-3.9702737668208101],[119.62835668381399,-3.9702397472664757],[119.62833962817137,-3.9701565986480887],[119.62832078557585,-3.9701196329147024],[119.62830325868845,-3.9701007957150978],[119.62828913033911,-3.9700759969096566],[119.62827136243345,-3.9700448120183864],[119.62825022207016,-3.970001834317145],[119.62822556715628,-3.9699680234054995],[119.62815232007358,-3.96982981829143],[119.62813320678208,-3.9697871805338991],[119.6281100213605,-3.9696844815535428],[119.62809314018637,-3.9696036244076822],[119.62808153983121,-3.9695635847915582],[119.62806493924563,-3.9695414380868783],[119.62803242425707,-3.9695038365327946],[119.6280022870759,-3.9694887387142899],[119.62796606957852,-3.9694634668654771],[119.62796426643786,-3.9694267043788614],[119.6279917353304,-3.9694151750702531],[119.62802856076951,-3.9694033633744539],[119.6280575243353,-3.9693849695406698],[119.62807907478953,-3.9693706667228525],[119.62812110100811,-3.9693198694163812],[119.62812413981726,-3.9693134311698373],[119.6281366008235,-3.9692870315711843],[119.62815120761218,-3.9692365751078],[119.62815910725703,-3.9691733419761022],[119.62815323288544,-3.9691314227769112],[119.62814933162645,-3.9691208098774382],[119.62814268563648,-3.9691027308063553],[119.62813290640861,-3.9690520126402475],[119.62813583909781,-3.9690205759387709],[119.62815483098075,-3.96899644892693],[119.62825587610791,-3.9689359740159489],[119.62835597694686,-3.9688958363736901],[119.62850752440283,-3.9688466551489796],[119.62854846064306,-3.9688333703637113],[119.62863677226926,-3.9688012312917635],[119.62866814601819,-3.9687984200110122],[119.62869506092841,-3.968799685357169],[119.62871930665074,-3.9688094358067474],[119.62874477365244,-3.9688323999952217],[119.62877172183755,-3.9688712057414932],[119.6287974091731,-3.9689095006728508],[119.6288188346216,-3.9689363778115307],[119.62884952218781,-3.9689552581785961],[119.62887714486442,-3.968967035700075],[119.6288819760224,-3.9689702345885962],[119.62890540785838,-3.9689857505918553],[119.6289331204672,-3.969007693150445],[119.62895903982792,-3.9690145558769814],[119.6289932212602,-3.9690185992289457],[119.62902878405123,-3.9690333103389435],[119.62904866806161,-3.9690607558491706],[119.62905011237285,-3.9690798934223039],[119.62905067984502,-3.9690874252444246],[119.62903956872117,-3.9691223243357285],[119.62904231165339,-3.9691504425388189],[119.62905877464277,-3.9691719165506356],[119.62906315434111,-3.9691776299436015],[119.62909026800151,-3.9692053209687401],[119.6291308184326,-3.969214584885151],[119.62916705481575,-3.9692319606863862],[119.62920509344042,-3.9692426716119371],[119.62924047906495,-3.9692273327751195],[119.62927204616801,-3.9692058857430084],[119.62930900830418,-3.96918861156513],[119.62936140460522,-3.9691728923151004],[119.6293955833396,-3.9691481672540476],[119.62943617603878,-3.9691091231874225],[119.62947059219414,-3.9690865052379536],[119.62949782906162,-3.9690678595940199],[119.62951506007198,-3.9690489981127257],[119.629532859454,-3.9690319901341695],[119.62953659164043,-3.9690284234229694],[119.62956522785305,-3.9690134200332636],[119.62960363879699,-3.9689949974211345],[119.62963967013468,-3.9689708200472751],[119.62967199626564,-3.9689486877317108],[119.62973726636187,-3.9688867999857962],[119.62983686807706,-3.9687970116726774],[119.62984680108912,-3.9687845623575981],[119.62988728586959,-3.9687338154132021],[119.62991885297276,-3.9686855901678086],[119.62993562532893,-3.9686536804229604],[119.62996307713433,-3.9685844560078181],[119.62998112113189,-3.9685281413605935],[119.62998368959563,-3.968486786935614],[119.6299893103585,-3.9684571731599476],[119.62998212927187,-3.9684200275621606],[119.62997547608745,-3.9683927852987608],[119.62995409380642,-3.9683052300023292],[119.6299398269615,-3.9682754516506975],[119.62992823829757,-3.9682388879143105],[119.62992607992476,-3.9681968706889847],[119.62995483214979,-3.9681652613177221],[119.62999317384595,-3.9681248089127621],[119.6299898499517,-3.9680875410071508],[119.62996403940895,-3.9680354315898398],[119.62994979234907,-3.9680120941827681],[119.62994527775243,-3.9679717793740679],[119.6299583224187,-3.9679351355979975],[119.62997715602103,-3.9679149683011019],[119.63002064633577,-3.9679020630297259],[119.63005206595017,-3.9679134862183787],[119.63006178582282,-3.9679174225509541],[119.63008112394482,-3.9679252547466604],[119.63011183489334,-3.9679261720551722],[119.63015154805555,-3.9678924951425074],[119.63018897334246,-3.9678825477413397],[119.63021389265714,-3.9678662007644903],[119.6302178217951,-3.9678282313877276],[119.6302548846553,-3.967810151417325],[119.63028697696245,-3.9678208929198036],[119.630315378452,-3.9678384261024462],[119.63036163688014,-3.9678470892716859],[119.63040213515046,-3.9678483159469806],[119.63043418608891,-3.9678461800571085],[119.63046691691477,-3.9678453976469541],[119.63049598300324,-3.9678598776312128],[119.63051027772724,-3.967898466640861],[119.6305219644172,-3.9679483106659745],[119.63054707978392,-3.9679585107766115],[119.63057273024731,-3.9679597851159656],[119.63060544938207,-3.9679552750158678],[119.6306303938776,-3.96794706060831],[119.63067279691211,-3.9679457961615299],[119.63068020103049,-3.9679561455596399],[119.63069392468492,-3.967975326300234],[119.6307175993378,-3.9679918567387631],[119.63078313023732,-3.9680123208119085],[119.63081756887573,-3.9680183111960332],[119.63084224897068,-3.9680168210194324],[119.6308590671922,-3.9680158056848427],[119.63089108845304,-3.9680040110761752],[119.63092784824164,-3.9679969469015077],[119.63095622634887,-3.9680070229057378],[119.63096981690364,-3.9680364640115613],[119.6309736291297,-3.9680679699607708],[119.63097049139515,-3.9681024166931138],[119.63095446277828,-3.9681245121364555],[119.6309629811567,-3.9681596171725459],[119.63097407519342,-3.9682087804108619],[119.63096960646226,-3.9682348706427319],[119.63096935735007,-3.9682363266451262],[119.63096213669337,-3.9682752421086889],[119.63095213443353,-3.9683132312705425],[119.6309368063886,-3.9683747889652636],[119.63093428379022,-3.9684310541497894],[119.63093437012515,-3.9684581660114873],[119.63093514174341,-3.9684886647200415],[119.63093865629401,-3.9685327108159072],[119.63095498258645,-3.9685736659419035],[119.63100602270981,-3.9686004432558093],[119.63104618733178,-3.9686026870643332],[119.63111500345474,-3.9685950095520184],[119.63118243911833,-3.9685778513866694],[119.63121949928052,-3.9685587542830376],[119.6312638340587,-3.9685464119872904],[119.63132337997013,-3.9685418155522711],[119.63135644534373,-3.9685400160088875],[119.63138026208946,-3.9685323393958924],[119.63139892122331,-3.9685263238307584],[119.63144274428726,-3.9685119499664552],[119.63150674274209,-3.9684751452117553],[119.63155725316471,-3.9684410932817968],[119.63160791107634,-3.9683997568432687],[119.6316232472152,-3.9683856096081627],[119.6316927009575,-3.9683215392076363],[119.63176142085297,-3.9682348706427319],[119.63176328424822,-3.9682325207141957],[119.63180557306885,-3.968159860888818],[119.63183907821099,-3.9680838411962895],[119.63185379022025,-3.9680410919228279],[119.6318650848059,-3.967984797960014],[119.63187302132292,-3.9679332596122094],[119.6318788660169,-3.9679018004276827],[119.63188297501938,-3.9678796816019712],[119.63189872394696,-3.9678447249540341],[119.63192995380439,-3.9677961615635695],[119.63196355517402,-3.9677506423781779],[119.63196740337298,-3.9677461133923657],[119.6319761528772,-3.9677358125576347],[119.63201667363069,-3.9676881143149672],[119.63203923402352,-3.9676635196556731],[119.63204727845914,-3.9676547512656839],[119.63209146574866,-3.9676065799796447],[119.63211083534679,-3.9675854656966294],[119.63217404959278,-3.9675140937004016],[119.63225949238176,-3.9674284179870369],[119.63234833820536,-3.967352221128067],[119.63243047508638,-3.967288923245178],[119.63247895394068,-3.967252844243319],[119.63255910062207,-3.9672003975802568],[119.63263725800311,-3.9671588021369644],[119.6326850983387,-3.9671339142986426],[119.6327086731668,-3.9671191528265695],[119.63271931394524,-3.9670697521672764],[119.63275800008171,-3.9670313331294551],[119.6327991863335,-3.9670366238410679],[119.6328312471644,-3.9670378765966916],[119.63286561205837,-3.967020482809005],[119.63289319786281,-3.966993621858137],[119.63291508286488,-3.9669779619633232],[119.63294885690425,-3.9669870046465121],[119.63296278110749,-3.967015088675339],[119.63298382074674,-3.9670523008229566],[119.63304262291877,-3.9670792247263762],[119.63308853510785,-3.9670851791376549],[119.63312363205,-3.9670857439119231],[119.63317087343717,-3.967084915636292],[119.63321877942315,-3.9670813732067813],[119.63325524963011,-3.9670893906628066],[119.63327661662265,-3.9671235514107366],[119.63330536974706,-3.9671454876740881],[119.63332836001587,-3.9671589703102086],[119.63336214304854,-3.9671710625943888],[119.63339322271906,-3.9671818076942031],[119.63341989481239,-3.9671861289366461],[119.63346679895369,-3.9671856397054626],[119.63349377501777,-3.9671794541684449],[119.63351940659538,-3.9671746266076866],[119.63355213921989,-3.9671745231856335],[119.633588308154,-3.967194062755766],[119.63360358134025,-3.9672218041429232],[119.63361313573773,-3.9672553245735003],[119.63363937615634,-3.9672830308871312],[119.63367634278904,-3.9672879960441492],[119.6337115386566,-3.9673197403137124],[119.63374271275609,-3.9673603087312017],[119.63374566972698,-3.9673830229081091],[119.63374928410224,-3.9674107840803572],[119.6337585237369,-3.9674514226450128],[119.63379068529196,-3.9674838539966117],[119.6338221633622,-3.9675139156346404],[119.63385621529221,-3.9675566712033401],[119.63388334603962,-3.9675992855785012],[119.63390506466703,-3.9676378512058363],[119.63391469640612,-3.9676954329978003],[119.63391331774551,-3.9677403442414629],[119.63390762683559,-3.9677644775485419],[119.63390573915865,-3.9677724833134107],[119.63388735521733,-3.9678005277721127],[119.63386609074757,-3.9678249668486956],[119.63385714159392,-3.9678505813392349],[119.63384442068354,-3.9679098475613728],[119.63384327944391,-3.9679484806378014],[119.63384860612837,-3.967979647542677],[119.63385847079189,-3.9679994730971657],[119.63386123260989,-3.9680050246121255],[119.63386491263566,-3.968039576565161],[119.63386121282474,-3.9680689097523327],[119.63385864526037,-3.9681102641773123],[119.63385198218327,-3.9681375604000664],[119.63384231626992,-3.9681768221026346],[119.63383809395293,-3.9682273316259966],[119.63383634387219,-3.9682631750054611],[119.63383665593699,-3.9682658037237957],[119.63384007515936,-3.9682946000157244],[119.63385703727249,-3.9683228414259588],[119.63390549993892,-3.9683358222403626],[119.63394234336454,-3.9683263775602313],[119.63396364830373,-3.9682883533247946],[119.63397556611949,-3.9682658037237957],[119.63399450943916,-3.9682299630422904],[119.63402072557608,-3.9681973446316761],[119.63405201928538,-3.9681687767675839],[119.63408197390402,-3.9681442810336875],[119.63410551006132,-3.9681170927295852],[119.63412093793102,-3.9680872208485312],[119.63414769545989,-3.9680118990298752],[119.63416642923733,-3.9679603274071269],[119.6341757291267,-3.9679135293858394],[119.63418437610812,-3.9678735113534458],[119.63419165881805,-3.9678290911396061],[119.63416758036965,-3.9677912107956672],[119.63414219700485,-3.9677679093614984],[119.63409961680395,-3.9677483877778172],[119.63407192398017,-3.9677416986204435],[119.63403679825967,-3.9677316442000006],[119.63402147021475,-3.9676881511871898],[119.63401514618215,-3.9676532260155],[119.63400773127182,-3.9676122807820775],[119.63400559897923,-3.967578397924683],[119.63399841789271,-3.9675485979893779],[119.63396332814511,-3.9675324425681424],[119.63392981670779,-3.9675172997835375],[119.63390867184773,-3.96744721471714],[119.63393087161251,-3.9674244366883613],[119.63396829689941,-3.9674143211140063],[119.63399282590819,-3.9673811990830359],[119.63401095174413,-3.9673506401198892],[119.6340359636888,-3.9673367455943094],[119.63407343663982,-3.9673324171572517],[119.63409371815067,-3.9673524900253483],[119.63411761403677,-3.9673851165298402],[119.63415373800467,-3.9673980757605136],[119.63418783130339,-3.9674101239779702],[119.63419117678143,-3.9674468720754135],[119.63419323083303,-3.9674732446944176],[119.63420514325287,-3.9675045509941924],[119.63423134140339,-3.9675204015452437],[119.63426340583158,-3.96752097261475],[119.63429698741606,-3.9675233243419257],[119.63432722711991,-3.9675344966196917],[119.63436601937633,-3.9675567395518669],[119.63440398695445,-3.9675859360420418],[119.63443527796574,-3.9676094686020633],[119.6344598078739,-3.9676307447630279],[119.6344712112774,-3.967660866655649],[119.63446741613836,-3.9676874029512419],[119.63445383187889,-3.9677681054137111],[119.63444297526314,-3.967803547695496],[119.63443264295222,-3.9678427311570772],[119.63441289923594,-3.9678965034208318],[119.6343972447371,-3.9679601043752655],[119.63438338078845,-3.9680036900182358],[119.63436149218921,-3.9680732390886533],[119.63434596629338,-3.9681232737700043],[119.63433223004847,-3.9681561961514831],[119.6343231495938,-3.9681915520984035],[119.63432435828258,-3.9682275528592186],[119.63434407591842,-3.9682594778925591],[119.63437630222461,-3.9682732537076504],[119.63437767189214,-3.968272861603225],[119.63440394918302,-3.9682653459689163],[119.63441652170513,-3.9682401406699341],[119.63444056957667,-3.9681604220657505],[119.63444894226495,-3.9681202844235486],[119.63446150669324,-3.9680600406383064],[119.63449626009435,-3.9679521588649891],[119.6345339839562,-3.9678220728303586],[119.63455453526365,-3.9677589718990021],[119.63455961373529,-3.9677290721389227],[119.63458056344234,-3.967679455642326],[119.63461962369672,-3.9676674281092801],[119.63465839616811,-3.9676766038921301],[119.63467163598727,-3.9676781021626653],[119.63470221923205,-3.9676815636531728],[119.63473943857434,-3.9676734787479973],[119.63476824745669,-3.9676872815427373],[119.6347841906379,-3.9677136649536351],[119.63480732659696,-3.9677368593685287],[119.63481522534244,-3.9677447752011403],[119.6348707485862,-3.9677674498079227],[119.6348959457913,-3.9677847338783181],[119.63491806911361,-3.9678072178288062],[119.63492316017573,-3.9678123916285131],[119.63493951434714,-3.9678488996069632],[119.63495269031444,-3.9678808003586141],[119.63497118577163,-3.9679144601841472],[119.63499866185884,-3.9679452997357316],[119.63502921542602,-3.9679758712893545],[119.63504800676014,-3.9680091920704967],[119.63505294673621,-3.9680508180907168],[119.6350561402287,-3.9680871551980204],[119.63506512265735,-3.9681197960916847],[119.63506655257936,-3.9681249941730812],[119.6350606350403,-3.9681619095444489],[119.63504151815164,-3.968198485871369],[119.63503867179736,-3.9682104405593464],[119.63502952839008,-3.9682488488052741],[119.63502676207543,-3.9682806326450191],[119.63502601294022,-3.9682872192797163],[119.63502232841779,-3.9683196209537073],[119.63500762720025,-3.9683644836339909],[119.63499525792486,-3.9684011292087007],[119.63498791585971,-3.9684270809449913],[119.63497535592796,-3.9684562621467308],[119.63496079770266,-3.968481301071165],[119.63495436934875,-3.9685164034092395],[119.63496114034444,-3.9685745086066504],[119.63495625792507,-3.9686168846614578],[119.63493146721351,-3.9686738135455926],[119.63490827189923,-3.968703544233108],[119.63488064292744,-3.968728076839227],[119.6348582534057,-3.9687587733986334],[119.63483717959218,-3.9687906966332775],[119.63480919538813,-3.9688158668587334],[119.63476943366254,-3.9688247440666373],[119.63475260015241,-3.9688285023334515],[119.63471097233355,-3.9688555782223034],[119.6346465637879,-3.9689109386888504],[119.63462134230122,-3.9689371188529208],[119.63460436220157,-3.968957163841992],[119.63458653673933,-3.9689772214215964],[119.63456049237288,-3.9690105161223528],[119.63451073018609,-3.9690676113810923],[119.63449327074795,-3.969086223750196],[119.63447398658525,-3.9691067831514601],[119.63445070043952,-3.9691330343620166],[119.63443136141825,-3.9691526710588505],[119.63440602032165,-3.9691694443143319],[119.63437461689512,-3.9691781812280169],[119.63436783600685,-3.9691800680056986],[119.634340600938,-3.9691842219742171],[119.63430949428778,-3.9691903400620845],[119.63428284557688,-3.9692121423264553],[119.63427920602055,-3.9692433865729981],[119.63427791009758,-3.969245803051308],[119.63426595271164,-3.9692680873523045],[119.63423461943216,-3.9692836042548834],[119.63421026309322,-3.9692881952939274],[119.63420215660426,-3.9692897232420705],[119.63416734834448,-3.9692989898564406],[119.63413222172471,-3.9693160472976956],[119.63410985288749,-3.9693372991769706],[119.6340838876614,-3.9693579242287456],[119.63403589174311,-3.9693732855486701],[119.63400574287084,-3.9693891477908778],[119.63397452290599,-3.9694135625857712],[119.63394858106221,-3.9694537218117603],[119.63394590737778,-3.9694574881725089],[119.63392678419382,-3.9694844255657245],[119.63390212388401,-3.9695031179744547],[119.63387528631552,-3.9695259391706941],[119.63385141291246,-3.9695546500270211],[119.63380302399048,-3.9695905608556359],[119.63376967443094,-3.9696088782470724],[119.63371708387638,-3.9696254851280059],[119.633683435742,-3.96963050874092],[119.63364422799873,-3.9696360566586577],[119.63356822629271,-3.9696391782054548],[119.63353016968165,-3.9696251523788533],[119.63348795640411,-3.9696007186981888],[119.63344018621569,-3.9695946806499478],[119.63341520035124,-3.9695858789850718],[119.63339348442184,-3.9695782293517823],[119.63333593770346,-3.9695487567696546],[119.63331487018513,-3.9695296740551385],[119.63331107864337,-3.9695276289968433],[119.63326560262556,-3.9695031017866427],[119.63322533458154,-3.9694948046414993],[119.63319428638727,-3.9694922739492426],[119.63316692721196,-3.9694857556630723],[119.63314058067328,-3.9694778776019461],[119.63308284060065,-3.9694398479705342],[119.6330552610915,-3.9694159601783667],[119.63303470888479,-3.9693978918991206],[119.63297631680359,-3.9693334518772758],[119.63293645075669,-3.9693011140550993],[119.6329361593763,-3.9693008685401878],[119.63287859287277,-3.969252663979205],[119.63284808607034,-3.969236494168797],[119.63282189691313,-3.9692245493733935],[119.63278044626065,-3.9691944886346846],[119.63277978615827,-3.9691940110947144],[119.63277579226906,-3.9691912169010948],[119.63275713133658,-3.9691781596442866],[119.6327398526621,-3.9691583871497755],[119.63273856573232,-3.9691566019955644],[119.63273519777124,-3.9691519327154765],[119.63273463479561,-3.9691511530032813],[119.63272155505581,-3.9691330226708033],[119.63269264994585,-3.9690902473170127],[119.6326718953917,-3.9690632865413704],[119.63265529390674,-3.9690425823492319],[119.63262316922396,-3.9690214617709785],[119.63258613424273,-3.9690148679417803],[119.63257501232704,-3.9690128876346193],[119.63254493000454,-3.969010313774902],[119.63253704744682,-3.9690084575742048],[119.63251263445056,-3.969002708208393],[119.63247972286104,-3.9689853620847657],[119.63244502072121,-3.968958854567461],[119.63240604410373,-3.9689583725308353],[119.63238207807046,-3.968974715910349],[119.63238178758945,-3.9689749137612012],[119.63235225745075,-3.9689871247559836],[119.63232234869747,-3.9689996738957802],[119.6322877409865,-3.9690196990997606],[119.63226418504416,-3.9690405282976826],[119.63225358563454,-3.9690645401963138],[119.63225142006706,-3.9690823539673943],[119.63224937770667,-3.9690991461086469],[119.63224877785888,-3.9691040788900978],[119.63222982824402,-3.969149453284615],[119.63220693779999,-3.9691685575828046],[119.63218133589999,-3.9691867760488435],[119.63217786361758,-3.9691987900920367],[119.63217061418254,-3.9692238766805303],[119.63215567734267,-3.9692759042595185],[119.63213171940345,-3.9693031779992225],[119.63212664542846,-3.9693052851107495],[119.63208319018713,-3.9693233300076258],[119.63206215504454,-3.9693407921437824],[119.63203614575161,-3.9693595672901552],[119.63198924340895,-3.9693732351865947],[119.63196710030149,-3.9693764313771567],[119.63194754364429,-3.969379252550425],[119.63191421746717,-3.9694008326822541],[119.63191762589781,-3.9694259048815752],[119.6319191493493,-3.9694371059376294],[119.63190972625296,-3.9694430765367201],[119.63187789205119,-3.9694632510281735],[119.63184791764729,-3.9694881910271533],[119.63183083682372,-3.96949512120284],[119.6318232870151,-3.9694981842937409],[119.63179458515208,-3.9695089491785893],[119.63178549660347,-3.969511639050836],[119.63176651281435,-3.9695172580150029],[119.63172935192813,-3.9695169090780382],[119.6316929437744,-3.9695144431369727],[119.63166597670352,-3.9695237664086562],[119.63165068912804,-3.9695452467157111],[119.63164125793776,-3.9695777275300657],[119.6316338412289,-3.9696063052867316],[119.63160612682134,-3.9696203697841952],[119.63154912419282,-3.9696274591398719],[119.63151662809003,-3.9696496337235772],[119.63149493824085,-3.9696742778456269],[119.63146565001978,-3.96969648210694],[119.63143192364441,-3.969728106766695],[119.63142734879318,-3.9697355720389851],[119.63141824045954,-3.9697504369330545],[119.6314033953505,-3.9697762393818721],[119.63137813339415,-3.9697996469361101],[119.63137382564162,-3.9698176882356506],[119.63136658070323,-3.9698480340594529],[119.63136221269599,-3.9698793133795789],[119.63135706497667,-3.9699046607714195],[119.6313460860531,-3.9699286717707309],[119.63132611031176,-3.9699602109948842],[119.63130122607083,-3.9699879523820414],[119.63127767732306,-3.9700110766498256],[119.63125600815829,-3.9700412210254967],[119.63125069676232,-3.9700698743251905],[119.63124509488523,-3.9701124257478],[119.63124404807445,-3.9701246376418453],[119.6312420012174,-3.9701485272327091],[119.63123598475295,-3.9701789234185298],[119.6312209453904,-3.9702112963142326],[119.63120685301396,-3.9702370933671318],[119.63119850820465,-3.9702657538613835],[119.63118500128689,-3.9703026593402342],[119.63116409564657,-3.9703322920016149],[119.63117697573693,-3.9703577805870509],[119.63114773787788,-3.9703994659625437],[119.63113705483124,-3.9704146977800292],[119.63111662043571,-3.9704348785667207],[119.63109511045104,-3.9704625534040474],[119.63105791898784,-3.9704931303536455],[119.63102568099043,-3.970516672806184],[119.63102276538837,-3.9705172501709285],[119.63101271636378,-3.9705192367733275],[119.63098082820272,-3.9705255419201535],[119.63095277924742,-3.9705399076905223],[119.63093370642548,-3.9705638206637559],[119.63091037891093,-3.9705859799589689],[119.63088031637358,-3.9706077075795747],[119.63085671186786,-3.9706262578954465],[119.63083947636085,-3.9706571514063853],[119.63082115087548,-3.9706921179468395],[119.63080698025794,-3.9707184222173737],[119.63079061889198,-3.9707477913774483],[119.63077882698133,-3.9707809556765028],[119.63076437217808,-3.9708110829650423],[119.63074558444123,-3.9708329427860463],[119.63073047942817,-3.9708581309978968],[119.63071669821716,-3.970902481064627],[119.63069702734595,-3.9709296729660082],[119.63067965784001,-3.970953185740882],[119.63065806331906,-3.970975754227652],[119.63064193667606,-3.9710035450775081],[119.63063457662452,-3.9710320661768606],[119.63061892662222,-3.9710631836189805],[119.63059918110741,-3.971089171328174],[119.63057557660159,-3.9711205522716],[119.63056327387608,-3.9711526562700215],[119.63056535760518,-3.9711855813494594],[119.63056560132145,-3.9711894241525556],[119.63059513146015,-3.9712212592536389],[119.6305928453836,-3.9712630453532256],[119.63055637877392,-3.9712963031818163],[119.63054036544554,-3.9713491239628524],[119.63053741476995,-3.9713779445364707],[119.63054462013815,-3.9714152340257556],[119.63057460443451,-3.9714348698233266],[119.63060489539964,-3.9714544237825748],[119.63060389715224,-3.9714857561626786],[119.63060402035933,-3.9715243002062266],[119.63060604293457,-3.9715508140188263],[119.63060287012638,-3.971587384949828],[119.63058747193429,-3.9716268732815365],[119.63056599162724,-3.9716638857796625],[119.63054573799548,-3.9716888581542094],[119.63052360657923,-3.9717062987066925],[119.63050240686061,-3.9717235647906364],[119.63048289337087,-3.9717434497003978],[119.63046976057103,-3.9717781059747495],[119.63050030334637,-3.9718062916269901],[119.63053643001228,-3.9718123152860585],[119.63055586436167,-3.9718482360072471],[119.6305571378017,-3.9718784352415355],[119.63055415115321,-3.9718888332030247],[119.63054888022668,-3.9719071847687246],[119.63057440028842,-3.9719204893390838],[119.63060219923216,-3.971906930260559],[119.63062334499148,-3.9718888332030247],[119.63063399566238,-3.9718797167754474],[119.63065686812001,-3.9718560915853232],[119.63068058324234,-3.9718300876883745],[119.63070833182417,-3.9718158055549111],[119.63074485688969,-3.9718283843723725],[119.63075963275094,-3.9718586366666955],[119.63078486682821,-3.9718865156501124],[119.63084691645213,-3.9718756419472925],[119.63089303638458,-3.971840426294591],[119.63091791612896,-3.9718201420858463],[119.63092136592832,-3.9718173290064556],[119.63096040010248,-3.9718176095949502],[119.63098944460728,-3.9718079167019482],[119.63101198071843,-3.9717834443504216],[119.63102743826573,-3.971762554897964],[119.6310451522121,-3.9717354673178988],[119.63106957240291,-3.9717077304273971],[119.63111468599402,-3.9716876323782913],[119.63115382808678,-3.9716868292836693],[119.63118119715455,-3.9716976724096185],[119.63120827394278,-3.9717245261659286],[119.6312533182861,-3.9717483617974381],[119.63129601719754,-3.9717519491930489],[119.63133261960479,-3.9717478509824673],[119.6313647254018,-3.9717497431560673],[119.63139889694162,-3.9717556651917221],[119.63142852780436,-3.9717446655837989],[119.63145622962134,-3.9717280551055865],[119.63148358340072,-3.9717516047526829],[119.63153278441052,-3.9717563639649711],[119.63157395807173,-3.9717669058180149],[119.63158955321535,-3.971771522937388],[119.63159677567069,-3.9717736606258995],[119.63160199083927,-3.9717752047618546],[119.63160374631593,-3.9717737343702879],[119.63161065940449,-3.9717679418370153],[119.63162895880942,-3.9717526083961161],[119.63167364702122,-3.9717451512177036],[119.6317097116339,-3.971744440753298],[119.63174508197005,-3.9717516155445765],[119.63178897877845,-3.9717748207513068],[119.63182801834841,-3.9717795655744226],[119.63186100458176,-3.9717813237490418],[119.63188965338486,-3.971795974604504],[119.63191863133977,-3.9718094383548532],[119.63194824241748,-3.9718180709471653],[119.63197859993249,-3.9718046278812267],[119.63200263521355,-3.9717754466794872],[119.63204001643362,-3.9717784630055917],[119.63206143828484,-3.9718027141238963],[119.63209739497881,-3.9718084428053544],[119.63212809873278,-3.9717795367961344],[119.63216196000656,-3.9717777786215152],[119.63216673990314,-3.9718080533988882],[119.63216608070013,-3.9718399973179999],[119.63218109578099,-3.9718655335674953],[119.63221902558757,-3.9718814272860072],[119.63225205408912,-3.9718692882370306],[119.63226443775363,-3.9718373919820351],[119.63226703229782,-3.9718038319812194],[119.63228918889502,-3.9717678384149622],[119.63232050598663,-3.9717467259305863],[119.63234812326732,-3.9717296927710777],[119.6323578242542,-3.9717030008927168],[119.63237290408631,-3.9716696279509165],[119.63240152770845,-3.9716508968713242],[119.63243454721669,-3.9716345238142026],[119.6324848094265,-3.9716289408229386],[119.63252532568333,-3.9716359276558819],[119.63255249869894,-3.971656288307031],[119.63255618771791,-3.9716842922962314],[119.63254750926023,-3.9717141425935552],[119.63253716435872,-3.971750778275748],[119.63254219606551,-3.9717804145344644],[119.63257922565083,-3.9718052079439303],[119.632605314084,-3.9718253707442273],[119.63262254869176,-3.9718588668931716],[119.63263754308821,-3.9718888332030247],[119.63264517383573,-3.9719040830069616],[119.63268940968862,-3.971900000984192],[119.63272884406092,-3.9719102973223244],[119.6327476371938,-3.9719312488280138],[119.63279775641138,-3.9719868404202998],[119.63284269913129,-3.9720418240708568],[119.63284093106415,-3.9720873558467247],[119.63282658328023,-3.9721385758345491],[119.63280537366916,-3.9722039520506769],[119.63278463260474,-3.9722343482365545],[119.632761586578,-3.9722568753544465],[119.63273673471258,-3.9722930487851045],[119.63273345578443,-3.9723247453906652],[119.63273732017126,-3.9723726846516456],[119.63275309607855,-3.9723986076095912],[119.63279939767415,-3.9724223092421198],[119.63282626671889,-3.9724346794168923],[119.63283135058646,-3.9724672807403749],[119.63282528825653,-3.9724874426412953],[119.63282308761541,-3.9724947577268495],[119.63280520009994,-3.9725492107774016],[119.63279267074518,-3.9725880488992971],[119.63277646406266,-3.972629561604947],[119.63275851089668,-3.9726700086139317],[119.6327560809284,-3.9727011962032179],[119.63275668797087,-3.9727337282789108],[119.63275787057933,-3.9727860778152149],[119.63275984728921,-3.9728514837089506],[119.63277049616158,-3.9728980470072202],[119.6327678089873,-3.9729404221627078],[119.63275777435183,-3.9729684072661371],[119.63275131002501,-3.972981960049367],[119.63274603729985,-3.9729930172139234],[119.63272101366397,-3.9730159733084633],[119.63268328620472,-3.9730507204143919],[119.63267930670474,-3.9730860493816067],[119.63268788623702,-3.9731174132379579],[119.63268096415527,-3.9731425088197057],[119.63265634071763,-3.973155751336833],[119.63262846713008,-3.9731629297253903],[119.6325978838853,-3.9731752702224981],[119.63257599168878,-3.9732158377406677],[119.6325893646075,-3.9732556606201683],[119.63261425244582,-3.9733084454283585],[119.63262849590842,-3.973344919232602],[119.63263795587704,-3.9733881874148551],[119.63263629842652,-3.9734230946000935],[119.63261645578484,-3.9734726382516214],[119.63260253697752,-3.9734976753773594],[119.63257947746092,-3.9735156285433959],[119.63254185881976,-3.973519094530559],[119.63250059342772,-3.9735154567728728],[119.63247403914568,-3.973520118858346],[119.63244427608254,-3.973553001669643],[119.63244033615263,-3.9735875779043681],[119.63244482736695,-3.973621625337671],[119.63245030873486,-3.9736478702529894],[119.63245565340571,-3.9736581378127767],[119.63246457378114,-3.9736752797902568],[119.63250481844273,-3.9737028557021858],[119.63253961141402,-3.9737140135907794],[119.63257377036325,-3.9737124631595862],[119.63261196007397,-3.973702006742144],[119.63265169392059,-3.9736767151082404],[119.63267741722905,-3.9736581378127767],[119.63268940339333,-3.9736494818380947],[119.6327486507297,-3.9736040516855837],[119.63279295672965,-3.9735685878200115],[119.63280116034537,-3.9735620218697818],[119.63281144319365,-3.9735503162939949],[119.63282444559172,-3.9735355143524771],[119.63284181689642,-3.9735067423422379],[119.63285994812816,-3.9734775638384576],[119.632891006215,-3.9734548190845658],[119.63292734871823,-3.9734484258041789],[119.63296041139392,-3.9734454463502402],[119.63300512928333,-3.9734495319702887],[119.63306186031662,-3.9734617231799234],[119.63309079060753,-3.9734680112396745],[119.6331387721367,-3.9734785935622199],[119.63316497298513,-3.9734942660475099],[119.63321180068408,-3.9735226666377343],[119.63325007493108,-3.9735399165338663],[119.63328596957194,-3.9735538650188005],[119.63332527713987,-3.9735767033021716],[119.63334696968695,-3.9736083180693527],[119.63337661134165,-3.9736432108654185],[119.63340351276202,-3.9736581378127767],[119.63343643964004,-3.9736764075401538],[119.63348044076974,-3.9736894800853975],[119.63353810080275,-3.9737023457865916],[119.63358037613352,-3.9737047496744253],[119.63362464526119,-3.973699018295008],[119.63366025121968,-3.9736995776733011],[119.63371648222994,-3.9737146530087557],[119.63374400328314,-3.9737466742695347],[119.63375565489957,-3.9737758635652085],[119.63377715679042,-3.9737998610746672],[119.63381248395899,-3.9738190607010324],[119.63384187110557,-3.973829476648973],[119.63387401287548,-3.9738550452740924],[119.63386061477559,-3.9738859279931376],[119.63383668471533,-3.9739221805641591],[119.63382187018317,-3.9739578179988371],[119.63382173708351,-3.9739898887223148],[119.6338212937178,-3.9740969314282211],[119.63382152934014,-3.9741136237446995],[119.63382164625204,-3.9741219712519182],[119.6338224871181,-3.9741818876839261],[119.63382260223136,-3.9741900427362111],[119.63382182971372,-3.9741949197596682],[119.63381515944207,-3.9742370898697459],[119.63380188904603,-3.9742812735618713],[119.63379196232927,-3.9743163839938802],[119.63378601061595,-3.9743552868669667],[119.63377664417681,-3.9744346187625865],[119.63376705920246,-3.9744718902654768],[119.63373804437526,-3.9745136269023078],[119.63372145727953,-3.9745374868155068],[119.6336706617717,-3.974586785851443],[119.63360197245311,-3.9746342889412176],[119.63352611194057,-3.9746858299870382],[119.63347266882863,-3.9747221401146362],[119.63343678228171,-3.9747393621317997],[119.63337456988052,-3.9747553232994619],[119.63327859692981,-3.974766303122351],[119.63316050515323,-3.9747717692017659],[119.6330447929829,-3.9747811230503203],[119.6330243334063,-3.9747870163076868],[119.63301090742755,-3.9747908833925294],[119.6329760317185,-3.9748065028177848],[119.632939316896,-3.9748290686065957],[119.63286897462353,-3.9749005107499329],[119.63283240639055,-3.9749266810214863],[119.63281603333337,-3.9749521507211512],[119.6328052072945,-3.9749716012583463],[119.63280186001793,-3.9749776141255211],[119.63278979291465,-3.9750049310326858],[119.63278626577357,-3.9750364612636417],[119.63279424276016,-3.9750770197885572],[119.63282110371108,-3.9751139621395737],[119.63287483640465,-3.9751379308707442],[119.63291298114927,-3.975169454806462],[119.6329313318156,-3.9752095133083571],[119.63295379238366,-3.9752290142075708],[119.63297653443954,-3.9752708362800036],[119.63301892668221,-3.9753150847233201],[119.63305237067038,-3.9753265546767125],[119.63308935888688,-3.9753465196261573],[119.6331148762506,-3.975371895796286],[119.63314940122393,-3.9753913148572337],[119.63319282229099,-3.9754187378844108],[119.63321663813736,-3.9754444791793162],[119.63324504592219,-3.975472725985469],[119.63328068695421,-3.975478663309616],[119.6332936893524,-3.975480828877096],[119.63334245778822,-3.9754822003432082],[119.63338741309872,-3.9754784132981058],[119.63343440897086,-3.9754672877850794],[119.63348666677632,-3.9754648749039916],[119.6335132381455,-3.9754731252844522],[119.63354145527398,-3.9754851744012285],[119.63357380928392,-3.9754901530480993],[119.63359606210861,-3.9755105343836021],[119.6336072712586,-3.9755335390415212],[119.63362623166529,-3.9755535633462387],[119.63366718769066,-3.9755670693647289],[119.63370372624604,-3.9755695775738786],[119.63377620530764,-3.9755718078925497],[119.63385717846609,-3.9755666331935231],[119.63391192379629,-3.9755643381236609],[119.63394466001807,-3.9755652500361975],[119.63396696140626,-3.9755837347015586],[119.63394341445712,-3.9756160599331452],[119.63393761293059,-3.9756577093357919],[119.63396894171331,-3.9756684508382705],[119.63401673888143,-3.975682658327969],[119.63403111094703,-3.9757182373067508],[119.63403205343661,-3.975748573238036],[119.63403201116842,-3.9758429498921828],[119.63403240327284,-3.9760203699440808],[119.63403190235044,-3.9760751017844882],[119.63402800199071,-3.9761218818193242],[119.63402270588324,-3.9761530784018078],[119.63400902269825,-3.9761840753347428],[119.63397659764189,-3.9762179527962189],[119.63396949209846,-3.9762294362394641],[119.63394780674594,-3.9762644774236264],[119.6339414836126,-3.9762922017237088],[119.63394228580796,-3.9763329958710187],[119.63394172642961,-3.9763686207152205],[119.6339241222006,-3.9763878769988992],[119.63391596534962,-3.976396800072223],[119.63391414602108,-3.9763987902719009],[119.63385474939719,-3.9764479544095366],[119.63376720039605,-3.9764918440233146],[119.63375568907384,-3.9764976149729137],[119.63374794141441,-3.9765014991448311],[119.63371862261636,-3.9765127811398884],[119.63368743772514,-3.9765230433037573],[119.63364769668397,-3.9765343109096989],[119.63361793991601,-3.9765553802265572],[119.6336056371905,-3.9765860021422554],[119.63360438533414,-3.9766167598555171],[119.63360390509615,-3.9766512479566813],[119.63360669389385,-3.9767010569082117],[119.63360730093621,-3.976711900034104],[119.63361686792416,-3.9767491436580258],[119.63362436557213,-3.9767980083213956],[119.63361933566387,-3.9768361521666407],[119.6336032351013,-3.9768668721084168],[119.63359195130761,-3.9768993619159687],[119.63358736836244,-3.9769440249467607],[119.63359651176961,-3.9769798341519618],[119.6336181863303,-3.9770171704060431],[119.63364976422531,-3.9770399061666808],[119.63368387910782,-3.9770485180745823],[119.63370786492612,-3.9770581057469485],[119.63373295870917,-3.9770834810178144],[119.63374264530694,-3.977117464599246],[119.63375499030064,-3.9771540310336491],[119.63376551866384,-3.9771666530185712],[119.6337755676883,-3.9771787012360278],[119.63381504972483,-3.9772043310150025],[119.63384358701194,-3.9772117809988572],[119.63387675400907,-3.9772144286029629],[119.63391417659807,-3.9772223183552455],[119.63392871683686,-3.977249155024424],[119.63394010944853,-3.9772931885297567],[119.6339822588742,-3.9773379181103792],[119.63401325310917,-3.9773471361613701],[119.63403952680278,-3.9773411520724835],[119.63407091943748,-3.9773347551947609],[119.63409368307703,-3.9773567067465478],[119.63411410937874,-3.9773873142730736],[119.63414292095911,-3.9774006916885014],[119.63417919871108,-3.9774004938376493],[119.63421323445323,-3.9773987338644474],[119.63425960169934,-3.9774031549316078],[119.63429630573,-3.9774305338920044],[119.63432290497815,-3.9774640857988857],[119.6343255031195,-3.9774853250876276],[119.63432610566531,-3.9774902569697588],[119.63432623966435,-3.9775324423682719],[119.6343277882969,-3.9775685330612873],[119.63433414200711,-3.9775999769573218],[119.63433713135362,-3.9776147654090437],[119.63436093640814,-3.977644678658919],[119.63437706215177,-3.9776758923285342],[119.63439820341443,-3.9777176811260233],[119.63442639536197,-3.9777752889983162],[119.63443916573499,-3.977811339221887],[119.63445449827657,-3.9778573764167504],[119.63448343306402,-3.977937941282903],[119.63449498395642,-3.9779621420391891],[119.63450741798306,-3.9779981886654241],[119.63452069017774,-3.9780347470059496],[119.63453350461759,-3.9780577561604673],[119.6345520630274,-3.9780839588075878],[119.63457056028324,-3.9781164387226227],[119.63458457621732,-3.9781477396264222],[119.63458739289388,-3.978184417576756],[119.63458707543327,-3.9782161852287459],[119.63459176989431,-3.9782606558045472],[119.63460094477784,-3.9782940062633543],[119.63462118402049,-3.9783306239590956],[119.63463637087193,-3.978357864423856],[119.63465068538085,-3.9784020418207433],[119.63465377365276,-3.9784454970620118],[119.6346516584473,-3.9784960002901357],[119.63464622474351,-3.978515807858173],[119.63464140078008,-3.9785333932014737],[119.63462747927485,-3.9785598719404902],[119.63460936602951,-3.9785928078117649],[119.63460139533822,-3.9786330767550453],[119.63458843790613,-3.978698774928489],[119.63458806019094,-3.9787396158405386],[119.63459733489913,-3.9787912711002491],[119.63461068083836,-3.9788480767772967],[119.63461618738722,-3.978859797641519],[119.63462554393379,-3.9788797194234462],[119.63463638975759,-3.9788987247962382],[119.63464344763702,-3.9789110931723712],[119.63465510914602,-3.9789446882467132],[119.63465748965154,-3.9789774730319323],[119.63465200468636,-3.9790042593390353],[119.63463943666079,-3.9790307335814532],[119.63462501513243,-3.9790572141191092],[119.63461107474131,-3.9790796261237915],[119.6345808314403,-3.9791180208799233],[119.634572810387,-3.9791325116560188],[119.63455541569999,-3.9791639375656018],[119.63455235530705,-3.9792102103828597],[119.63455135346226,-3.9792216182830202],[119.63454844685339,-3.9792547043410877],[119.6345244637331,-3.9792741800592921],[119.63449426989473,-3.9792766783759816],[119.63446134121796,-3.9792937897765341],[119.63444176027906,-3.9793179959287386],[119.63443462685666,-3.9793573313756951],[119.63444387818254,-3.9793918968185267],[119.63445324462157,-3.9794276772454396],[119.63445325091686,-3.9794279659278118],[119.63445383907344,-3.9794559753129874],[119.63445062309779,-3.9795059713234764],[119.63443426083256,-3.9795336461608031],[119.63440589261791,-3.9795535652447711],[119.63436628197837,-3.9795669093853121],[119.6343374047475,-3.9795849192086052],[119.63429967099307,-3.9795955869666955],[119.63427030632965,-3.9795995826545436],[119.63426903738628,-3.9795997562237062],[119.63423565724986,-3.9796101919567377],[119.63420432846704,-3.9796273276390366],[119.63417730743686,-3.9796463932663642],[119.63414287059709,-3.9796669643588984],[119.6340821034064,-3.979712526711694],[119.63406248829324,-3.9797314025821038],[119.6340558656857,-3.9797377751781369],[119.63403318658231,-3.9797713126959025],[119.63401005422065,-3.97981739215885],[119.63398304578095,-3.9798406962910349],[119.6339547917803,-3.9798440939297279],[119.63390113642834,-3.9798427386514277],[119.63385310363788,-3.9798339945431849],[119.63385101181484,-3.9798331518783812],[119.633822442152,-3.9798216396569046],[119.63379682046696,-3.9798025722308807],[119.63375421868227,-3.9797768669088214],[119.63372239797036,-3.9797738325962655],[119.63369119868992,-3.97977664387696],[119.63365874305657,-3.9797859887323739],[119.63362902675829,-3.9798051478892376],[119.63360817957391,-3.9798287658848039],[119.63358870025843,-3.9798579740661921],[119.63357545414397,-3.9798780100620661],[119.63356720196487,-3.9798904917527693],[119.63353684714787,-3.9799221092179096],[119.63352239684116,-3.9799257748545642],[119.63350405786605,-3.9799304270475204],[119.63347106983406,-3.9799155396703441],[119.6334338199149,-3.9799142221635861],[119.6334070273125,-3.9799259115515042],[119.63338075271963,-3.9799423448632751],[119.63331665084286,-3.979972464057937],[119.63327912573118,-3.9799782601884885],[119.63324905959644,-3.9799729128196191],[119.63324051064114,-3.9799713929653535],[119.63320607020398,-3.979951634860015],[119.63316957121879,-3.9799617468370911],[119.63314998668261,-3.9799778240173396],[119.63313330246001,-3.9799915197927476],[119.6330909713713,-3.9800062551844917],[119.63307058733778,-3.979981132623152],[119.63305459289518,-3.9799392017327477],[119.63302619320427,-3.9799207800199383],[119.63299261072052,-3.9799200380792286],[119.63299103330962,-3.9799214850884255],[119.63297183458258,-3.9799390830222023],[119.63295366378065,-3.9799837037848533],[119.63294784966354,-3.9799978860935425],[119.63294294925777,-3.9800098389828236],[119.63293377437424,-3.9800422307642975],[119.63293238222377,-3.980053108963773],[119.63292964738537,-3.9800744741576182],[119.63292603840603,-3.9801026661050969],[119.63293418266642,-3.9801440699927753],[119.63294222710215,-3.9801715613684223],[119.63294859789949,-3.9801933330558086],[119.63295708570104,-3.9802365176011563],[119.63297101440082,-3.9802923915805763],[119.63297827912436,-3.9803095569404263],[119.63298512206575,-3.9803257258515146],[119.6329968600171,-3.9803550005827901],[119.63299707225713,-3.9803557263356311],[119.63300470660204,-3.9803818390506081],[119.63300698098749,-3.9804078366523186],[119.63300697559146,-3.980407916691945],[119.63300697109491,-3.9804079967316284],[119.63300676604945,-3.9804114051621582],[119.63300505733764,-3.9804396996323703],[119.63299618102894,-3.9804726903623191],[119.63298645036446,-3.9804852296095987],[119.63297798774397,-3.9804961347887229],[119.63295769364277,-3.9805195819131427],[119.63296715181264,-3.9805636091232373],[119.63298301405496,-3.9805910105666271],[119.63298191778131,-3.9806136599923434],[119.63298143484542,-3.9806236361717993],[119.63297378970867,-3.9806603429004781],[119.6329853513929,-3.9806891940510241],[119.63301090383015,-3.9807121618367773],[119.63303013763084,-3.980737173781506],[119.63303758671532,-3.9807734128626748],[119.63304119929194,-3.9808129389659257],[119.63304134857947,-3.980814580228639],[119.63304768430328,-3.9808443010236374],[119.63306817985267,-3.9808685503433026],[119.63310005362462,-3.9808898849601633],[119.63312924381955,-3.9809034656224185],[119.6331375220791,-3.9809073183180317],[119.63317668305751,-3.9808972594009333],[119.6331897034421,-3.9808939148222748],[119.63323878304345,-3.9809099677207769],[119.63325022241986,-3.9809437129819116],[119.63325943507493,-3.9809756218274401],[119.63328521863798,-3.9810060377983518],[119.63332487963953,-3.9810135111645764],[119.63335179365038,-3.9810221356630109],[119.63335185120707,-3.9810222336890888],[119.63335190786427,-3.9810223317151667],[119.63336850665132,-3.9810510137932056],[119.63340314314064,-3.9810657707686801],[119.63343341881728,-3.9810808281176833],[119.63344085441202,-3.9810881000357199],[119.63347397194627,-3.9811204918171939],[119.63350447515143,-3.9811501325725089],[119.63352281772393,-3.9811876927577714],[119.63353765833631,-3.9812210791894245],[119.63354741418186,-3.9812430271439325],[119.63354784405783,-3.9812439939151432],[119.63355839760197,-3.9812862800377502],[119.63356196431323,-3.9813079806787073],[119.63356467397057,-3.9813244697484151],[119.63358056768914,-3.9813871201194502],[119.63359474819913,-3.981416134047322],[119.63361918907435,-3.9814347760939768],[119.63365131915316,-3.9814557761631022],[119.63367799394427,-3.9814893010903347],[119.63368621194923,-3.9814996298040342],[119.63370696830202,-3.9815265132379523],[119.63370984972983,-3.9815288002139368],[119.63371909745842,-3.981536138681804],[119.63373056831119,-3.9815452443175445],[119.63375889965357,-3.9815688758029069],[119.63377893564939,-3.9816085448983927],[119.63377978910603,-3.9816376019936683],[119.63377965510711,-3.9816747143165685],[119.6337842731258,-3.981682513237331],[119.63379644994632,-3.9817030798332098],[119.63380543956941,-3.9817182630873162],[119.63383172135696,-3.9817309714071598],[119.6338674810994,-3.981729000093253],[119.63390118768973,-3.9817154167330386],[119.63393221699823,-3.9817101521018117],[119.63396765838081,-3.9817125775733757],[119.6340084876017,-3.9817385427994623],[119.63400971067972,-3.9817412281751103],[119.63402054930896,-3.9817650188405196],[119.63402526895106,-3.9817905119225543],[119.63403322795114,-3.981825645736933],[119.63404380757572,-3.9818657321177966],[119.63404817468358,-3.9818822760461785],[119.63405402837077,-3.9819020278562789],[119.63405627577652,-3.9819096145370168],[119.63407657257585,-3.9819520841213603],[119.63410976205591,-3.9819893430337174],[119.63414615222325,-3.9819988012036447],[119.6341837411868,-3.982014690425558],[119.63418503710989,-3.9820170655351035],[119.63420385362497,-3.9820515698240229],[119.63421353033027,-3.9820943181981647],[119.63421763213807,-3.9821124377387491],[119.63424390763032,-3.9821506535297999],[119.63428224662846,-3.9821629841343906],[119.63430934410098,-3.9821587159519254],[119.63434151195133,-3.9821499970246919],[119.6343688747238,-3.9821717723094139],[119.63436531970376,-3.9821950485625734],[119.63436387719128,-3.9822044932427048],[119.63436404806248,-3.9822148957008494],[119.63436450222002,-3.9822424482303518],[119.63437962701823,-3.9822773922877559],[119.6344028942782,-3.9822972259361791],[119.63443586882033,-3.9823194023185238],[119.63445664046162,-3.9823330576244871],[119.63448870399054,-3.9823541386325587],[119.63452037721368,-3.9823840986471737],[119.63452441067307,-3.9823879153699409],[119.6345518948541,-3.9824068002336048],[119.63458949011294,-3.9824245600453878],[119.63462850719986,-3.9824366352424931],[119.63466751169642,-3.9824448973141102],[119.63470114903885,-3.9824644449781204],[119.63471993317842,-3.9824823513793604],[119.63474334522925,-3.9825210725894067],[119.63485011544049,-3.9824896511764223],[119.63492431310658,-3.9824564266227185],[119.63500899686778,-3.982418144281894],[119.63505817269663,-3.9823974976463319],[119.63512030505808,-3.9823788897738837],[119.63522370281169,-3.98235411165291],[119.63533444892573,-3.9823360091994005],[119.63537990875579,-3.9823285781013738],[119.63544324441023,-3.9823182251059848],[119.63544500168553,-3.982317938222252],[119.6354463758496,-3.9823177133916943],[119.63548481287387,-3.9823114307279184],[119.63552007439193,-3.9823098182434933],[119.63571550426718,-3.9823008762843415],[119.6357773407517,-3.9822980470171956],[119.63595974034979,-3.9822870959726515],[119.63600720027216,-3.9822758814267445],[119.63604634686146,-3.9822453359534506],[119.63606342138985,-3.9822037998654309],[119.636072226652,-3.9821574461092268],[119.63607280131873,-3.9821228770690595],[119.63607199192893,-3.9820956842683586],[119.63607180486997,-3.98208941059778],[119.63607125898147,-3.9820710338510708],[119.63606974812046,-3.9820288619423536],[119.63606890095912,-3.9820210774107636],[119.63606478835936,-3.9819832492275395],[119.63606396098305,-3.9819757686667572],[119.63605982230297,-3.9819383307892622],[119.6360548706358,-3.9818954825904029],[119.6360499108747,-3.9818526352908634],[119.63604492773129,-3.9817994116135083],[119.63604471189399,-3.9817316998580168],[119.63604463904892,-3.9817088489841694],[119.6360550567955,-3.9815214536521353],[119.63609429601502,-3.981304938272217],[119.63612623004155,-3.9811741651555508],[119.63615970460671,-3.9810917908534407],[119.63619260990106,-3.981048125170787],[119.63623650041427,-3.9809954410866908],[119.63626396391089,-3.9809725425487272],[119.63629624597502,-3.9809510028863997],[119.63633473875723,-3.9809329040302259],[119.63637809417378,-3.9809265467226851],[119.63640149003675,-3.9809237057643827],[119.6364345212362,-3.98091945197109],[119.63646683837396,-3.9809089739699175],[119.63651083410775,-3.9808894739700236],[119.63655065968521,-3.9808575435407647],[119.63658497691517,-3.9808249449152413],[119.63661171106173,-3.9807875259235175],[119.63663497112702,-3.9807418223771265],[119.63666976499769,-3.9806442243514084],[119.63667763766296,-3.9806200955409281],[119.63670521627273,-3.9805355718590931],[119.63673933924917,-3.9804421251039344],[119.63676465246681,-3.9803908835323796],[119.63678862299662,-3.9803534726345902],[119.63680781632775,-3.9803278356610576],[119.63683797868987,-3.9802876413614854],[119.63685856507084,-3.9802668337473506],[119.63689358736917,-3.9802383711038942],[119.63694920324315,-3.9801939463934559],[119.63703227901658,-3.9801231607552268],[119.63708615740029,-3.9800728670691115],[119.63713421806972,-3.9800327860841662],[119.6372027491077,-3.9799890151808768],[119.6372520580361,-3.9799622423635697],[119.63732269438685,-3.9799463486450009],[119.63733391612743,-3.9799438233487194],[119.63737245927166,-3.9799412863612247],[119.63738345258434,-3.9799421317239307],[119.6374025847615,-3.9799436030148172],[119.63745440189916,-3.9799470690019803],[119.63748452109382,-3.9799469718752221],[119.63753510436163,-3.9799443881229877],[119.63755018419374,-3.9799430814080097],[119.63756400857221,-3.9799418817124206],[119.63760371903652,-3.9799272317562782],[119.6376096446694,-3.9799227387433689],[119.63761814596069,-3.9799162951009066],[119.6376409680563,-3.9798968643487456],[119.63767339760932,-3.9798653008429028],[119.63771907777323,-3.9798349163482385],[119.63782498013882,-3.9797994839589705],[119.63794175710643,-3.9797737048925228],[119.63798510712707,-3.9797663088680224],[119.63804172664447,-3.9797661272049822],[119.63809355457397,-3.9797756393342638],[119.63817314367566,-3.9797995765891301],[119.63832403732454,-3.9798958822890995],[119.63850400965237,-3.980041699264973],[119.63859101816104,-3.9801261078335415],[119.63863941427758,-3.9801912826015382],[119.63865524504354,-3.9802456816927929],[119.63866265275931,-3.9803025206447842],[119.63865589345482,-3.9804489383677719],[119.63866323462059,-3.9804852089251881],[119.63867175209975,-3.9805093827018254],[119.63869472078477,-3.9805359243933367],[119.6387140463163,-3.9805515869861097],[119.63874420418176,-3.9805635911367858],[119.63879365880041,-3.9805827898638313],[119.63882383195437,-3.9805996287698235],[119.63889917175948,-3.9806568490342897],[119.63890473766355,-3.9806610758479337],[119.63910635127718,-3.980792300424298],[119.63913802360094,-3.9808097166950347],[119.63924633884756,-3.9808692823914384],[119.63930602235507,-3.980796683719916],[119.63938986794813,-3.9807528633539278],[119.63946002585953,-3.9807339667991073],[119.63956939960815,-3.9807094216024552],[119.63973100867918,-3.9806556637278732],[119.63994964466042,-3.9805685473005497],[119.6401002199492,-3.9805113720021836],[119.64017703913908,-3.9804226682715012],[119.64018722845788,-3.9804085785929715],[119.64028107900867,-3.9802788010258041],[119.64050005223567,-3.9799579067319542],[119.64068995217963,-3.9796179459114001],[119.64071274639616,-3.9795841907577483],[119.64076491696744,-3.979526519033584],[119.64082768514959,-3.979458961961484],[119.64086679126945,-3.9794103688933546],[119.64092628861738,-3.9793419916395578],[119.64097677745633,-3.9792728301769102],[119.64105576940824,-3.9791600246153962],[119.64106883026238,-3.9791365963767475],[119.64110944544461,-3.9790637413984769],[119.64116884476641,-3.9789674383965234],[119.64120869012902,-3.9788933756287292],[119.64126644279213,-3.9787913313547847],[119.64133562673783,-3.9786818478889359],[119.64142929202831,-3.9785566883404613],[119.64149285700978,-3.9784825491302627],[119.64152383415774,-3.9784495898766181],[119.64154991179907,-3.978418290771458],[119.64158248434421,-3.9783721870267641],[119.64162638474988,-3.9782890743812231],[119.64162826882955,-3.9782863161605064],[119.6416736153451,-3.9782199138178953],[119.64173062067164,-3.9781433383443527],[119.64176559620535,-3.9780799739116333],[119.64181755543586,-3.9779557613492784],[119.64186625012735,-3.9778381291263258],[119.64189706809532,-3.9777526000024181],[119.64193718505317,-3.9776460923932291],[119.64196892662471,-3.9775618178235845],[119.64199972840481,-3.9775077928503038],[119.64206137962901,-3.9774121886215426],[119.64212617668181,-3.9773321363689433],[119.64221361866362,-3.9772281522573962],[119.64229594620099,-3.9771397381084057],[119.64235562611134,-3.9770721369695252],[119.64241112687205,-3.9769921054012798],[119.6424714363078,-3.9769174265979359],[119.64249341124196,-3.9768902158107835],[119.64253460918496,-3.9768348445523998],[119.64258081005642,-3.9767727481637394],[119.64266817739451,-3.9766449149308301],[119.64278750843687,-3.9765034956397471],[119.6429100212805,-3.9763890236345105],[119.64305628791737,-3.9762765553187478],[119.6432159571508,-3.9761536773502826],[119.64337667139637,-3.9760370127978604],[119.6435127019497,-3.9759515349353478],[119.64361576335682,-3.9758889816911278],[119.64372806799599,-3.9758129251263199],[119.64381975567721,-3.9757452205654431],[119.64392380543939,-3.9756681423708073],[119.64404644328874,-3.9755930822548748],[119.64416292707745,-3.9755294552201121],[119.64429178823548,-3.97546163194869],[119.64442167192271,-3.9753927663630293],[119.64454541503892,-3.9753394815318188],[119.64469389580665,-3.9752726349241243],[119.6448063452367,-3.9752390884131614],[119.64488374718724,-3.9752263953818101],[119.64493948536904,-3.9752179192715289],[119.6450220889983,-3.9752166143552472],[119.64511915822266,-3.9752194202400233],[119.64522342921794,-3.9752118191700561],[119.64531528866974,-3.9751980487508831],[119.64544218031244,-3.9751613384249822],[119.64562574543186,-3.9750881596907561],[119.64576389478793,-3.9750182374016845],[119.64581640170559,-3.9749703601939359],[119.64587811318449,-3.9748934258908548],[119.64594183374868,-3.9747978153668555],[119.64603946415002,-3.9746523167509622],[119.6461420291314,-3.9744342077724468],[119.64621898411883,-3.9742815190767828],[119.64628566165402,-3.9741423390976252],[119.64635127439192,-3.9739938358467839],[119.6464517520468,-3.9737705539678245],[119.64652262581853,-3.9736521006638554],[119.64658624745744,-3.9735253843889495],[119.64662518720274,-3.9734329610622581],[119.64665589095671,-3.9733457520048319],[119.64668138763602,-3.9732481935492387],[119.64670374568141,-3.9731340452999007],[119.64671255184282,-3.9730399150599851],[119.64671772114593,-3.9729846679080651],[119.64673775804113,-3.9727917219603341],[119.64673972935509,-3.9727730889068766],[119.64675860432624,-3.9725946454265113],[119.64675981391429,-3.9725832069493663],[119.64681506376428,-3.9724243623943494],[119.64689830771079,-3.9722996507082939],[119.64699821969214,-3.9722205157641497],[119.64707247041827,-3.9721902014165948],[119.64733155071053,-3.9721593007110982],[119.64750183374269,-3.9721286769968174],[119.64764313522255,-3.9720763670306951],[119.64781420875875,-3.9719721140218098],[119.6479723626345,-3.9718652026169821],[119.64798000597261,-3.971860036011833],[119.64800379843666,-3.9718439516370267],[119.64821708435102,-3.9717001608337341],[119.64843148092814,-3.9715802065612138],[119.64859016630317,-3.9714739237825256],[119.64872610332702,-3.9713594104084109],[119.64885574959328,-3.9712169272193591],[119.64890125079216,-3.9711517461561243],[119.64899143300829,-3.9710225612421368],[119.64909210941335,-3.9708589071128131],[119.6491927768252,-3.9706952529834894],[119.64937250183959,-3.9703866758043773],[119.64940264891322,-3.9703216988872327],[119.64949248399103,-3.9701280775486794],[119.64956627066692,-3.9699525820460053],[119.64964517898193,-3.9697635850213828],[119.64972524202631,-3.9696119449352523],[119.64997526434706,-3.9696557302277142],[119.65018914831057,-3.9696996315327056],[119.65039513802526,-3.9697652838407294],[119.6505349915966,-3.9698011272201938],[119.65065687221693,-3.969817683739052],[119.65081339472249,-3.9698389464102206],[119.65089600644558,-3.9698449637739941],[119.65105197586809,-3.969856324909415],[119.65125074942262,-3.9698544741046362],[119.65140847881833,-3.9698297742246496],[119.65152396885617,-3.9697797970999318],[119.65161047824108,-3.969708132823996],[119.65174976883679,-3.9695649238821034],[119.65186507811097,-3.9694580853223442],[119.65195643214372,-3.9693960842618594],[119.65205862570508,-3.9693304247592209],[119.65221320297701,-3.9692343501850473],[119.65238085099554,-3.969134255641336],[119.65256979316143,-3.9690181882387492],[119.65268173897118,-3.9689376305671544],[119.65279500678423,-3.9688370261078489],[119.65288074275213,-3.9687406475628109],[119.65290361431039,-3.9687113647376577],[119.65295273528056,-3.9686484715496704],[119.65301993082517,-3.9685652941529383],[119.65309331010826,-3.9684793297572014],[119.6531495024476,-3.9683989528493271],[119.65319876730928,-3.9683054575307892],[119.65324385212216,-3.9681960801848959],[119.65327933667209,-3.9680988337941017],[119.6533312572318,-3.9679742237314031],[119.65338042136943,-3.9678489373785055],[119.65338508345485,-3.9678385268264833],[119.65344057072582,-3.9677146218322719],[119.65351657333122,-3.9675850906793357],[119.65362901736535,-3.9674436938713029],[119.65372438687098,-3.9673459123839052],[119.65385950641121,-3.9671899186797646],[119.65393562143186,-3.9670984162588638],[119.65411060432098,-3.966922946836462],[119.65422036118082,-3.9668022991867247],[119.65428433265583,-3.9667243648375461],[119.65432733284024,-3.9666719811269786],[119.65441231967293,-3.9665548660142349],[119.65451233777424,-3.9664024480144917],[119.65461440543049,-3.966246571222257],[119.65469865481907,-3.9661128654163349],[119.65475686883451,-3.966020732570712],[119.65481579421362,-3.9659341197637445],[119.65486653486278,-3.9658717355920885],[119.65493995281668,-3.9657954505995008],[119.6550168421536,-3.9657295302935154],[119.65510199805885,-3.9656656523479228],[119.65521193568236,-3.9656016952619666],[119.65524197393802,-3.965586066843457],[119.65533494944839,-3.9655376950085497],[119.65548134019173,-3.9654625575509499],[119.65557406119399,-3.9653979592483779],[119.65563035245884,-3.9653486970846643],[119.65565704973312,-3.9653009044131409],[119.65567625205745,-3.9652242785775229],[119.65569035162844,-3.9651143049811708],[119.65569383919933,-3.965070347018866],[119.65570094024622,-3.9649808455894799],[119.65571029499415,-3.9648923226225179],[119.65571683846144,-3.9647858347983629],[119.65571922975869,-3.9646724473755057],[119.655721646237,-3.9645666592239195],[119.65572876976694,-3.9644249152775615],[119.65573801839491,-3.964303208226454],[119.65574497914758,-3.9641130609689412],[119.65575418640663,-3.9639782238159569],[119.65576003739591,-3.9638689732744297],[119.65575788711681,-3.9637858813132993],[119.65575656691215,-3.9637348537804087],[119.65592761886455,-3.963731880621765],[119.65602081920554,-3.9637072158153046],[119.65605089433336,-3.963693636052426],[119.65607663742696,-3.9636707429104376],[119.65610407484326,-3.963640236107949],[119.65621441985968,-3.963435929024854],[119.65631461422811,-3.9632826431794115],[119.65641907138308,-3.9631198452046306],[119.65651587440811,-3.9629864523628271],[119.65660062022255,-3.9628479100030063],[119.65667080511366,-3.9627284197807171],[119.65672643987341,-3.9626375082144136],[119.65688506229583,-3.9624589730031516],[119.65698893129422,-3.9623825908838057],[119.65711608913625,-3.9623208281436746],[119.65726562480882,-3.9622615781092918],[119.65744276517148,-3.9622264397983145],[119.65759674259562,-3.9622112583428475],[119.65776969931221,-3.9622098338167575],[119.65798743777009,-3.9622220915762227],[119.65815009275263,-3.9622302160515801],[119.65824388035082,-3.9622290460335989],[119.65838411613413,-3.9622216805860262],[119.65851998660821,-3.9621944572083976],[119.65863945794467,-3.962151724122748],[119.65870642236359,-3.9621031139674869],[119.65877070410477,-3.9620259917061276],[119.65883138945708,-3.9618961763674179],[119.6588876609369,-3.9617343919285872],[119.65895849873584,-3.9615518205600324],[119.65900389021738,-3.9614851340316477],[119.65907336464409,-3.9614140408252752],[119.65914805603802,-3.9613619538910143],[119.65923505375474,-3.961336957234721],[119.65939473467927,-3.9613295288346535],[119.65960471198798,-3.9613343833750605],[119.65977201106955,-3.9613428352036522],[119.65993173785944,-3.96134992096205],[119.66013277410832,-3.9613589519540255],[119.66028283138758,-3.9613557027034858],[119.66041420884869,-3.9613220950386108],[119.66058883021037,-3.9612510153220342],[119.66076755787651,-3.9611723210457512],[119.66093938414531,-3.961088110327978],[119.66109880336717,-3.9609991044250705],[119.66127951763565,-3.9608975862545321],[119.6614231672454,-3.9608266063627298],[119.66155581994519,-3.9607639568910713],[119.66167614833569,-3.9607193226385675],[119.66181921158739,-3.9606822247048399],[119.66198432891372,-3.9606526558953306],[119.66216667725041,-3.9606313275736511],[119.66231874271591,-3.9606094012028734],[119.66249554043691,-3.9605742637912158],[119.66268057235061,-3.9605287338139874],[119.6628587676181,-3.9605005058936058],[119.66294531567382,-3.9604944030941738],[119.66300261058211,-3.9604903633395452],[119.66309270196666,-3.9604930271314629],[119.66317127483455,-3.9604953500802935],[119.66323495672793,-3.960502619300371],[119.66339508461556,-3.9605208980210023],[119.66359271962835,-3.960544453064017],[119.6637394161412,-3.9605654162609198],[119.66388543096798,-3.9605898328544527],[119.6639074400764,-3.960478183821067],[119.66397723646037,-3.9601241099396702],[119.66400923883532,-3.959961767921186],[119.66401758004736,-3.95991945571825],[119.66409841381085,-3.9595295321621506],[119.66412206687994,-3.9594556978221362],[119.66413011041629,-3.9594409111690538],[119.66440051587119,-3.9589438010155504],[119.66443003611732,-3.9588895314266779],[119.6645003990742,-3.958760178339503],[119.66548237691018,-3.9575072725425571],[119.66612067343044,-3.9569671316277777],[119.66710514688509,-3.9564953032156041],[119.66760589209832,-3.9562159683922005],[119.66836493699236,-3.9555712929807214],[119.66896791173974,-3.9548056191839578],[119.66943172359527,-3.9543930489000445],[119.66956673701532,-3.9541369318738475],[119.67011700789362,-3.9535459612770296],[119.6704788744006,-3.9532487713137243],[119.67048001564024,-3.9532478333208019],[119.6707273211091,-3.9530653869579737],[119.67078516100639,-3.9530227168248757],[119.67100787721188,-3.9528171318051477],[119.67112809318701,-3.9526968942462304],[119.67129919010563,-3.9525257667506821],[119.671331584585,-3.9524933659760109],[119.67165380717756,-3.9521980609916909],[119.6717097000427,-3.9521468374065876],[119.67188578010473,-3.9520159680624261],[119.6720961423232,-3.951910637665776],[119.67276896381668,-3.9512965050296316],[119.67345622392565,-3.9506691928289115],[119.67417108512757,-3.9495669792326566],[119.67435199994486,-3.9492880338156624],[119.67435355217481,-3.9492856416190421],[119.67535503360796,-3.9475568568634003],[119.67570127259569,-3.9472915091957361],[119.67681554789931,-3.9464375597455614],[119.67683580692699,-3.9463808350074601],[119.67745800198531,-3.9446386863262433],[119.6777001309564,-3.9433179716470477],[119.67802431407085,-3.9427436843735109],[119.67830033039604,-3.9424486311993405],[119.67879525879425,-3.9421345420753937],[119.67912336565087,-3.9419351857601441],[119.67924263643863,-3.9418627183897001],[119.67954716846714,-3.9416776855766784],[119.67958973877546,-3.9416311420634997],[119.68001860297625,-3.9411622490385412],[119.6800827893893,-3.9410920722413039],[119.68019886308707,-3.9409511916441602],[119.68063071123845,-3.940427054165184],[119.6809108122842,-3.9400870933446299],[119.68091773796334,-3.9400786873814582],[119.68127941741125,-3.9392220813339236],[119.68138355800488,-3.9383603572446191],[119.68138878846185,-3.9383170782704724],[119.68185112542915,-3.9369355118643057],[119.6821452208253,-3.9366627312999753],[119.68269039614495,-3.9362296007154782],[119.6828381115896,-3.9361122427857254],[119.68304407162668,-3.9358469247956691],[119.68313951127948,-3.9356149815461094],[119.68362601392948,-3.93514345800412],[119.68387738163597,-3.9348998298631841],[119.68411689987511,-3.9346383546762809],[119.68508333113084,-3.9335833294070994],[119.68700057691512,-3.9301820115904889],[119.68707323943852,-3.9300551100552639],[119.68718285960131,-3.9298636605794286],[119.68779675931307,-3.9289499475819412],[119.68828290942884,-3.9283958788666951],[119.68870204566292,-3.9279937353225591],[119.68889608428697,-3.9279310885488599],[119.68960336600264,-3.9276156657303432],[119.69011494984511,-3.9275918705683353],[119.69021492208105,-3.9276390795798193],[119.69054325286891,-3.9277941253985205],[119.69099535015539,-3.9281153515422034],[119.69166159940335,-3.9282343255536603],[119.69227789580827,-3.9279147118944024],[119.69233386691451,-3.927686933405198],[119.69239274732752,-3.927572141241285],[119.69296692218575,-3.9264527442986719],[119.69305085861026,-3.9256179710924357],[119.69307334346013,-3.9253943591622829],[119.69320153642184,-3.9247896793002042],[119.69341185097619,-3.9237976353525141],[119.69347225034414,-3.9235127346249783],[119.69408549894672,-3.9230074028693025],[119.69447136116446,-3.9226306849581078],[119.69475278061634,-3.9221944409206912],[119.69494028386703,-3.9215286377364009],[119.69516746970305,-3.9203512570048815],[119.69550227920683,-3.9194944306234447],[119.69553242358256,-3.9184143655305093],[119.69581747719485,-3.91747817038123],[119.69596334633138,-3.9171261010886269],[119.69653131586756,-3.9166453585963836],[119.69724515364101,-3.916734589329792],[119.69735047864174,-3.9167003728239251],[119.69816945705486,-3.9164343182891344],[119.69846734219414,-3.9155024308924453],[119.69886608090496,-3.9147463375733764],[119.69919081440457,-3.9143678866685718],[119.69979174679179,-3.9138178442181015],[119.69999078924354,-3.9136356577593574],[119.70037240486261,-3.9134336655312154],[119.70091883473651,-3.9131444381652614],[119.70155351957931,-3.9128084964149252],[119.70275619194479,-3.9122693645394975],[119.70313284060819,-3.9120915829601586],[119.70313951087974,-3.9120884353329757],[119.70333333546512,-3.9119166693187708],[119.70335659463115,-3.9117970855670023],[119.70335677359628,-3.9117961673591708],[119.70336975441069,-3.9117853889844696],[119.70342973559389,-3.911732069079676],[119.70343379243559,-3.9117297857010271],[119.70358321659228,-3.9116456712106924],[119.70360153218508,-3.9116353613827641],[119.70382584108972,-3.9114952901754805],[119.70382871442371,-3.9114934960279584],[119.70383231890651,-3.9114912450248767],[119.70383791988411,-3.9114877466621465],[119.70387141063713,-3.9114589683566692],[119.70389856476697,-3.9114356336474998],[119.70391128567735,-3.9114247032873664],[119.70401289108213,-3.9113373953044857],[119.70416725971131,-3.9111459925934469],[119.70424854403518,-3.9109606998763411],[119.70426193763842,-3.9108385575533475],[119.70426263821025,-3.9108321768634369],[119.70427591400232,-3.9107111164248636],[119.70427979637554,-3.910675712813827],[119.70427273130156,-3.9106196481781694],[119.70425279063386,-3.9104614007729879],[119.70414974721314,-3.9102443979605255],[119.70401843899981,-3.9100942615409053],[119.70400886931395,-3.9100833203888783],[119.70394478812159,-3.9100001214084159],[119.70388246600305,-3.9099192040080197],[119.70385478666913,-3.9098551354061328],[119.70384705879474,-3.9098372460919677],[119.70383717524555,-3.9097598513360481],[119.70383900536592,-3.9096868992309624],[119.70384175369406,-3.9095773276314958],[119.70384982061285,-3.9095171521947805],[119.70388573863602,-3.9094496391894609],[119.70394644377348,-3.9093820371512606],[119.70401958113882,-3.9093299466197209],[119.70410378915858,-3.9092907262859171],[119.70419448308894,-3.9092396187134],[119.70430358344368,-3.9091345383282601],[119.70438572392209,-3.9089922044266245],[119.7044605538116,-3.9088229367291092],[119.70450843641527,-3.9086226433203137],[119.70450867743352,-3.9086211171707532],[119.70453272260715,-3.908469092174812],[119.70453231971089,-3.9083436169643164],[119.70450364932401,-3.9081624836117044],[119.70436004917701,-3.9079605957048784],[119.70415742562477,-3.9077419992937621],[119.70395388926067,-3.9075752487986506],[119.70387014888831,-3.9075287610434657],[119.7037847672533,-3.9074813613756874],[119.70354085762449,-3.9073877140717173],[119.70343194972475,-3.9073511530332325],[119.70341425016761,-3.907080327594997],[119.70345327085181,-3.9069705221718323],[119.70347570533954,-3.9068843824082933],[119.70351253797332,-3.9067795268536543],[119.70354224168113,-3.9066823209323047],[119.70357404440665,-3.9066189600968642],[119.70364003575912,-3.9065189797670428],[119.70377611127856,-3.9063443278284353],[119.70384542742465,-3.9062818852007695],[119.70395119938837,-3.9061967598725005],[119.70399281821403,-3.9061759666474813],[119.70407198283579,-3.9061350456957484],[119.70417304684872,-3.9060855766879854],[119.70427157657207,-3.9060344259479507],[119.70432885079595,-3.9060079795845581],[119.70437268914839,-3.9060002103414035],[119.70441316943231,-3.9059975402542477],[119.70444437231004,-3.9059974395301538],[119.70453889735234,-3.9060132289273497],[119.70464356045204,-3.9060340734137071],[119.70483857214242,-3.9060817347842089],[119.70497113221199,-3.9061236629765972],[119.70508434606575,-3.9061792167973977],[119.70519420095172,-3.9062423986677004],[119.70528214565456,-3.9063107408479709],[119.70535241777986,-3.9063893056219285],[119.70539054723599,-3.9064450923670506],[119.70541691715709,-3.9065119353774662],[119.70543060573789,-3.9065720487610065],[119.70544518644624,-3.9066490945800183],[119.70546494095436,-3.906757472779077],[119.70547874374904,-3.9068531651413991],[119.70548900231563,-3.906895487236909],[119.70550608403857,-3.9069615181595054],[119.70552137700997,-3.9069970467762687],[119.70554680624014,-3.9070342418367545],[119.70562127100493,-3.9071077047566973],[119.70573376090442,-3.9072039268197045],[119.70583273579223,-3.9072917159398912],[119.70592495497272,-3.9073769869583543],[119.70606704246006,-3.9074942855327777],[119.70616689238818,-3.9075939304154872],[119.70621646032146,-3.9076605144211385],[119.70625245928363,-3.9077088718668733],[119.70631007884708,-3.9077900167957864],[119.70635839042745,-3.9078610245665573],[119.70641170043973,-3.9079142338547399],[119.70645229403817,-3.9079471409477264],[119.70660604483317,-3.9080178087747868],[119.70676653604687,-3.908088454118797],[119.70699373537263,-3.908179217297004],[119.70711874383505,-3.9082313339088728],[119.70724968962156,-3.9082944573232794],[119.70739841140767,-3.9083761472413698],[119.7075100001864,-3.9084528881901974],[119.70763603477519,-3.908560921948947],[119.70778065565275,-3.908679902255642],[119.70791013374571,-3.9088099568140251],[119.70798634499386,-3.9089028963515489],[119.7080449187381,-3.9090179268358156],[119.70811470882677,-3.9092100229241851],[119.70817342916052,-3.9093733362104786],[119.70819460639598,-3.9094414670500441],[119.70821604983087,-3.9095104486482342],[119.70826611418988,-3.9096034736213596],[119.70832963870191,-3.9096854486244865],[119.70846856327364,-3.9098654551265781],[119.70847739911278,-3.9098752415491163],[119.70854131842714,-3.909946037979239],[119.70863024788764,-3.9100445380249766],[119.70874786392289,-3.9101593760543096],[119.70880375768729,-3.910226970897952],[119.70885803896738,-3.910319142414437],[119.70890665361924,-3.9104183331394893],[119.70896416796199,-3.9105356820760448],[119.70901254968953,-3.910628711545769],[119.70903590778096,-3.9106686333507241],[119.70918674657116,-3.910811380041082],[119.70923198336936,-3.9108548011081439],[119.70940335368186,-3.9109214327778545],[119.70948262262505,-3.9109518613392993],[119.70976954143123,-3.9109873252048715],[119.71001125131829,-3.9109385064069215],[119.71052424709637,-3.9108484429012833],[119.7108475830496,-3.9107796015973122],[119.71087424614961,-3.9107777319067623],[119.71098286536699,-3.9107957552199082],[119.7110786611513,-3.910742915553044],[119.71115310433231,-3.9107088959987095],[119.71117309086549,-3.9107061557644442],[119.71120792070906,-3.9107013785657045],[119.71131975590208,-3.9106973478043301],[119.7114001750781,-3.9106970870009263],[119.71145208574524,-3.9107013201098084],[119.71165543325174,-3.9107359035390914],[119.71188826143418,-3.9108474842239502],[119.71196805737998,-3.9108802726064482],[119.71206828322477,-3.910903443638972],[119.71212824732083,-3.9109105869540031],[119.71217619287711,-3.9109104313712919],[119.71245675077853,-3.9108639759916741],[119.71254858414989,-3.9108430496669371],[119.71268126293,-3.9107876451336665],[119.71285179507436,-3.9106824469373009],[119.71292057162714,-3.9106400196211553],[119.71300850643752,-3.9105774196121956],[119.71302310513227,-3.9105670252479854],[119.71314230217558,-3.9104821697163175],[119.71327283157598,-3.9103826300543005],[119.71333837686461,-3.9103031200928626],[119.7134635094335,-3.9101147489964205],[119.71353245146156,-3.9099982130470607],[119.71358929401072,-3.9099021375735674],[119.71364123165756,-3.9098350670346917],[119.71369152444436,-3.909786244639406],[119.71390390564079,-3.9095800669664982],[119.71403606461274,-3.90947997242273],[119.71427903444999,-3.9093316040702462],[119.71447013678744,-3.9091995530168901],[119.71460334706683,-3.9090967389233242],[119.71466120045409,-3.9090520848857864],[119.71479090157891,-3.9089618747906343],[119.714869081443,-3.9089074999810691],[119.71510261829121,-3.9087841219895836],[119.7153107187147,-3.9087078271044788],[119.71552874945223,-3.9086502138362675],[119.71574677839112,-3.9085926005679994],[119.71580136723935,-3.908579621552235],[119.71596592428807,-3.908540489352049],[119.71628147391095,-3.9084594343553363],[119.71656118644967,-3.9083726227982538],[119.71666645389382,-3.9083372641533742],[119.71675762266625,-3.9083066395397168],[119.71690654320241,-3.9082408019713739],[119.7169129760531,-3.9082353916499528],[119.7169932963036,-3.9081678381751317],[119.7170332558801,-3.9080876708093228],[119.71704180123822,-3.9079954075619412],[119.71704243975682,-3.9079885250503708],[119.71702957315631,-3.9078519935745817],[119.71701987486745,-3.9077903495449391],[119.71701971298944,-3.9077404218829201],[119.71703053722956,-3.9076985377572555],[119.71704653616882,-3.907671320674865],[119.71707567869964,-3.9076403839964655],[119.71714422862328,-3.907589502153769],[119.71727538844846,-3.9075183810683711],[119.71730769659302,-3.907500862274901],[119.71748863659138,-3.9074232615741948],[119.71753547058552,-3.9074046671915994],[119.71766397831004,-3.9073557935349754],[119.7177595870354,-3.9073062885543095],[119.71780161145523,-3.907273339193182],[119.71783105346037,-3.9072502535962599],[119.71788782136593,-3.9071729775508288],[119.71794180137306,-3.9070736870010023],[119.71798082835255,-3.9069915051537691],[119.71804990078238,-3.906840575532101],[119.71805770509911,-3.9068211034111187],[119.71812604638001,-3.9066505577769703],[119.71821838067376,-3.9063525512291903],[119.71825028772071,-3.9061747642539331],[119.71826246903777,-3.906106888821796],[119.71827627273183,-3.9059929806914511],[119.71829567020905,-3.9058955886104627],[119.71830416430578,-3.9058529382624556],[119.71833902022968,-3.9056772871770136],[119.71837641673835,-3.9055549973651864],[119.71841628098662,-3.905464726116179],[119.71850662418137,-3.9053304168651835],[119.71856690214088,-3.9052981869617156],[119.71864356574804,-3.9052694716087899],[119.71876469183712,-3.9052510750769898],[119.7188430398744,-3.9052391752476865],[119.71904138894899,-3.9052254821702377],[119.71920430023829,-3.9052071575841865],[119.71928926009139,-3.9051867222893293],[119.71936946163146,-3.9051556192363819],[119.71937807983454,-3.9051500137620678],[119.71943147798038,-3.9051152909378857],[119.71946844101581,-3.9050912538582452],[119.71960278534038,-3.9050030438553449],[119.71966397791027,-3.9049364247761105],[119.71969211320049,-3.904872289624393],[119.71969721325581,-3.9046956600765839],[119.71969776993615,-3.9046742777956638],[119.71970314338546,-3.904467912164364],[119.71970436286608,-3.9044210377006721],[119.71971061585225,-3.9042812947458856],[119.71971323467812,-3.9042227605718836],[119.71976507699674,-3.9039766314163558],[119.71977437238945,-3.903947851312239],[119.71980185117457,-3.9038627655541518],[119.71986492422695,-3.903751409699737],[119.71994004279884,-3.9036088365784849],[119.71995870912724,-3.9035744438054962],[119.72009701586467,-3.9033196038166125],[119.72016606760997,-3.9031812629049227],[119.72022306574195,-3.9030670696894845],[119.7203263600735,-3.9028728961671959],[119.72042539971244,-3.9026782001387801],[119.72043914225264,-3.9026511863031601],[119.72046449504046,-3.9026013458753823],[119.72047066978564,-3.9025875475771841],[119.72047395590835,-3.9025802064113577],[119.72056231340014,-3.9023827908330873],[119.72059923057009,-3.9023026027828678],[119.7206387908476,-3.9022166788565755],[119.72069231489843,-3.9021004225963907],[119.72073825676523,-3.9019814261018837],[119.72081545187166,-3.9017814789320369],[119.72088615926884,-3.9015264141126522],[119.72095462465631,-3.9012556669154606],[119.72095545742843,-3.9012523762960996],[119.72096092530649,-3.9012312557178461],[119.72096277431262,-3.9012241168994137],[119.72096744718999,-3.9012060684052585],[119.72099850887412,-3.9010861033409583],[119.72100744543729,-3.9010515918574242],[119.72105943344616,-3.9008508083181255],[119.72112067637818,-3.9005903520630341],[119.72119410512391,-3.9003420546420671],[119.72124670557105,-3.9002123067525076],[119.72127444336093,-3.900143889928529],[119.7213307849878,-3.900037977670479],[119.72134661665314,-3.9000139576779702],[119.72138450688954,-3.8999564730127645],[119.72142889472775,-3.8999102415643279],[119.72149082743977,-3.8998639525593148],[119.72152909808949,-3.8998449049183819],[119.72157032840801,-3.8998243850872427],[119.72168626540883,-3.899784698904682],[119.72172644172201,-3.8997719447194186],[119.72179412200114,-3.8997504608150848],[119.72182119699073,-3.8997410772888657],[119.72190466576774,-3.8997121478972758],[119.72196799602625,-3.8996807660544732],[119.72201243242785,-3.8996494435669433],[119.72206087261122,-3.8996045557056505],[119.72208364974074,-3.8995529732910654],[119.72208892606318,-3.8995150012162867],[119.72208887929844,-3.8995001983753923],[119.72208873540683,-3.8994553599768551],[119.72208452837833,-3.8994065753531117],[119.72205970798916,-3.8992426388366539],[119.72205845523354,-3.8992281039937779],[119.72205409981689,-3.8991775926717196],[119.72204987660064,-3.8991233869347184],[119.72204967605182,-3.8990610342393097],[119.72205490471015,-3.8990081523043614],[119.7220604778089,-3.8989844030077734],[119.72206954927037,-3.8989457510455168],[119.72209900386599,-3.8988724580974008],[119.72217938077381,-3.8986864926874318],[119.72221035162647,-3.8986219744245432],[119.72221932506181,-3.8986032811164932],[119.72222630290162,-3.8985887435756013],[119.72227736910531,-3.8985208015936905],[119.72232445131249,-3.8984732067730192],[119.72243480262409,-3.8983752517164589],[119.72257347808363,-3.8982717838157441],[119.72260813525725,-3.8982491820540872],[119.72267583262362,-3.8982050316368486],[119.7227790693986,-3.8981188109343066],[119.72279966297413,-3.8981016114001932],[119.72282918771691,-3.8980500056032383],[119.72284119906215,-3.8980079461097716],[119.72284206331062,-3.8979747979984722],[119.72284239965711,-3.8979618549556108],[119.72283689310814,-3.8979279846886925],[119.72282733601276,-3.8978941288109468],[119.72282489795077,-3.8978863271922251],[119.72281506386412,-3.897854859014501],[119.72280813188979,-3.8977979499154003],[119.72280660034437,-3.8977410237292247],[119.72281451078106,-3.8976827107884446],[119.72283729060848,-3.8976324836521599],[119.72286283675055,-3.8976025793954818],[119.72291804792962,-3.8975644463420736],[119.72298104543893,-3.8975119547129111],[119.72304053199503,-3.8974623858803739],[119.72308218589421,-3.8974053193999225],[119.7231022857419,-3.8973605223701497],[119.72311429708725,-3.8973184619773633],[119.72312372827753,-3.8971385741858171],[119.72312574006094,-3.8971001893222592],[119.72313625043762,-3.8970106905908324],[119.72315227006129,-3.8969564192033204],[119.7231737188921,-3.8969116176769489],[119.72319654368562,-3.8968749451225904],[119.72323014415588,-3.8968314602036571],[119.72325301301623,-3.8968083422311679],[119.72327722636294,-3.8967838635844032],[119.72330740221491,-3.8967542309229657],[119.72332431306666,-3.896737624042089],[119.72334850572906,-3.8967063690036525],[119.72336328069093,-3.8966846332891691],[119.72338476099799,-3.8966493196103897],[119.72339547012496,-3.8966221753730679],[119.7234115562984,-3.8965882349590402],[119.72342224833812,-3.8965556678097641],[119.72344304965702,-3.8965125803912315],[119.7234517434033,-3.896494575064537],[119.72349786603377,-3.8964146217373354],[119.72356083206682,-3.8963203817801286],[119.72359015805944,-3.8962601379949433],[119.72359594609611,-3.8962219932503217],[119.72360170265654,-3.8961796109002762],[119.72360164060331,-3.8961602700803724],[119.72360156685886,-3.8961372555298794],[119.72360058030256,-3.8960906661512809],[119.72359370138827,-3.8960500221907068],[119.72358091392812,-3.8960102397807077],[119.72355884096783,-3.8959645677105641],[119.72352234378116,-3.8958935221682509],[119.72347149971006,-3.8958208245713308],[119.72344441662653,-3.895792112815684],[119.72341311842069,-3.8957561237460823],[119.72340547598196,-3.895747335571059],[119.72338091100028,-3.8957186148221581],[119.72337069739979,-3.89568983921464],[119.7233629398479,-3.8956364941288371],[119.72336109713694,-3.895586517903439],[119.72336600923404,-3.8955415985658988],[119.72337518411757,-3.8955102203203751],[119.72337923016744,-3.8955024996405996],[119.72339697559005,-3.8954686347696565],[119.72345581823151,-3.8954040580508149],[119.72352902034811,-3.8953453709920041],[119.72362752938704,-3.8952916706739984],[119.72376403837973,-3.8952505626633069],[119.7237968078764,-3.8952445902655768],[119.72384919158696,-3.8952350412640726],[119.7239976156975,-3.895225243150378],[119.72407604197576,-3.8952215999967734],[119.72416032194133,-3.8952001439714081],[119.72423278121789,-3.895176186931451],[119.72426373318478,-3.8951605216407188],[119.72426478629086,-3.8951599892420745],[119.72430434746775,-3.8951319007165921],[119.7243194407896,-3.8951055919494593],[119.72433611961628,-3.8950462303991458],[119.72433584262512,-3.8949602183393495],[119.72433564207631,-3.8948979753612321],[119.72433375260061,-3.8948335946946031],[119.72433766105428,-3.8947397090702793],[119.72435772582844,-3.8946840680152945],[119.72441157363528,-3.8946418727242076],[119.72451134622168,-3.894611726549897],[119.72453442642268,-3.894607226342373],[119.72460336125619,-3.8945937805784752],[119.7246880324268,-3.894577266327758],[119.72474874925547,-3.8945730026418914],[119.72471939538389,-3.8944651091774176],[119.72470675361387,-3.8944281731216392],[119.72468533536005,-3.8943655901997545],[119.72467405516363,-3.8943149178990666],[119.72466890204828,-3.8942917693496497],[119.72467137158662,-3.8942335751193582],[119.72467203798419,-3.894217883748297],[119.72467862461895,-3.8941677087726703],[119.72472271837876,-3.8940299820979476],[119.7247346964491,-3.8939777557687876],[119.7247358601719,-3.8939201433998392],[119.72473232313826,-3.8938693236103745],[119.72472755133549,-3.8938535333138589],[119.72471186086375,-3.8938016145528422],[119.72465472243755,-3.8936594722068207],[119.72464459337334,-3.8936407726035327],[119.72457190387036,-3.8935065685732297],[119.72454674983271,-3.8934483635511015],[119.72453246590067,-3.8934131667841712],[119.72451479332312,-3.8933732368853384],[119.72444199140489,-3.8931870916109688],[119.72440305525686,-3.8931085754003902],[119.72438561830165,-3.8930734119084036],[119.7243300410986,-3.8929976835961497],[119.7243201152811,-3.8929873548824503],[119.72428264682674,-3.8929483620772203],[119.72417095912249,-3.8928402833523705],[119.72412559731856,-3.8927936669940664],[119.72409374782831,-3.8927517486941952],[119.72408305488909,-3.8927270533108072],[119.72407675244028,-3.8927124950855045],[119.72406245861566,-3.892674586862654],[119.72406027326304,-3.8926244406653723],[119.72406017523701,-3.8925939419568181],[119.72406500909301,-3.8925644828645432],[119.72406667193945,-3.8925543484044169],[119.72407275045714,-3.8925173152218804],[119.7241188371147,-3.8923700926056313],[119.7241468590903,-3.8922586135441293],[119.72416214396787,-3.892197804085356],[119.72418264940984,-3.8920689636117345],[119.72419626334693,-3.8918960932300593],[119.7241960061408,-3.8918161183191842],[119.72418911733394,-3.8917720884111304],[119.72417407527337,-3.8917111386580814],[119.72415977785158,-3.8916718760561935],[119.7241380520295,-3.891630602570217],[119.72405394833106,-3.8914966809270481],[119.7240469156327,-3.8914871598045124],[119.72401599424279,-3.891445294564619],[119.7239996967287,-3.8914134936377991],[119.72399008207674,-3.891361336556372],[119.72400268877311,-3.8912948766571844],[119.72403556259121,-3.8912351283984208],[119.72406729337092,-3.8911826943258347],[119.72411610857159,-3.8911020278362685],[119.72414026166382,-3.891058572595],[119.72415362738809,-3.8910178647826115],[119.72415689912168,-3.8909860000038634],[119.72415888842204,-3.890953619014283],[119.72416010520476,-3.8909338015536719],[119.72415791265757,-3.8908816228885144],[119.72414899857745,-3.8908375965777964],[119.72411900978454,-3.8907448431999114],[119.72411046262778,-3.8907276706454468],[119.72407825880464,-3.8906629671221822],[119.72406800023805,-3.8906203005863631],[119.72406717735839,-3.8905742166267601],[119.72407646285853,-3.890524032657936],[119.72409454282899,-3.8904805990003979],[119.72411025668305,-3.8904413858612088],[119.72411194830784,-3.8904371662421795],[119.72413267228501,-3.8903767785654395],[119.72413456625725,-3.8903361076252168],[119.72412502085308,-3.8903056385942705],[119.72410736536267,-3.8902711316073919],[119.72408360617351,-3.8902271547593159],[119.72394736158151,-3.8900364697072405],[119.72386870417745,-3.8899181189260048],[119.72382589375002,-3.889824727928783],[119.72380274699924,-3.8897617717883008],[119.72379385810018,-3.8897252017566188],[119.72378768875092,-3.889695400921994],[119.72376255809559,-3.8896446503802622],[119.72372526680772,-3.8895891945855965],[119.72370630819967,-3.8895587633261925],[119.72369745707203,-3.8895445540379114],[119.7236077487986,-3.8894601014025056],[119.72355396844091,-3.8894094686719995],[119.72349848926387,-3.8893642390683567],[119.72349211486926,-3.8893563520139764],[119.72346461539973,-3.8893223279630433],[119.72343203206265,-3.8892621138554091],[119.72342647695041,-3.8892133337283212],[119.72342674404911,-3.8891782089071398],[119.7234269508931,-3.8891509792342731],[119.72344415762188,-3.8890458718694276],[119.72346622518626,-3.8889397698544599],[119.72347406187851,-3.8889020909587089],[119.7234872441411,-3.8888044515641695],[119.7234884042665,-3.8887454839169209],[119.72349630481062,-3.8886844604194835],[119.72351367431668,-3.8886295055472146],[119.72352975329557,-3.888593532665368],[119.72355053662807,-3.8885514452929328],[119.72362570915925,-3.8884258171976853],[119.72367265736727,-3.8883362015544094],[119.72369209711269,-3.8882961511463918],[119.72369282466423,-3.8882927328232881],[119.72369874580056,-3.8882649527653257],[119.72369994010023,-3.888216829143289],[119.72370113889656,-3.8881700599002897],[119.72370776959792,-3.8881334404059089],[119.72372790182123,-3.8880988093125666],[119.72376088535668,-3.8880736255973147],[119.72380064078698,-3.888055874778729],[119.72384042679437,-3.888047612707112],[119.72388629671525,-3.8880427185965232],[119.72392542621753,-3.8880398830341392],[119.72393160006334,-3.8880395017216074],[119.72398344597934,-3.8880363055310454],[119.72405225670639,-3.8880306595872298],[119.72409743864591,-3.8880217041382821],[119.72413853586477,-3.8880015764115683],[119.72415463822608,-3.887972719865104],[119.72415651241317,-3.8879259488234084],[119.72415099237446,-3.8878880127215893],[119.72414473579101,-3.8878432237856941],[119.72412612791857,-3.8877100162042098],[119.72411909971675,-3.8876259745590573],[119.72411383328688,-3.8875629842442549],[119.72411437467872,-3.8873897271541296],[119.72411441874544,-3.8873755880129011],[119.72413842794617,-3.8871276161465289],[119.72413880206409,-3.8871096845642228],[119.72414149283566,-3.886980532925179],[119.72413166864169,-3.8868631507137934],[119.72410996710141,-3.8867232611694931],[119.72410018517542,-3.886618919127784],[119.72409863294558,-3.8865026943438465],[119.72410659644231,-3.88641015140729],[119.72411811495908,-3.8863187883813453],[119.72412545702423,-3.8862939859786252],[119.72415782991993,-3.8861846356123806],[119.72425180008054,-3.8860289548723017],[119.72430822714307,-3.8859493037173252],[119.72432952129043,-3.8859302219021856],[119.72433285687589,-3.8859272316563533],[119.72436003618679,-3.8859028771160524],[119.72441307640247,-3.885869495180998],[119.7244602341525,-3.8858456208786265],[119.7245640132187,-3.8858025874194482],[119.72466190442344,-3.8857666918792688],[119.72470082528287,-3.8857499563953297],[119.72477861843856,-3.8857058221659031],[119.72483281608163,-3.8856665092019966],[119.72488131292232,-3.885619812804066],[119.72488225541179,-3.8856189062874478],[119.72488331571253,-3.885616866625071],[119.72493976076146,-3.885508418278846],[119.72500080764121,-3.8853967242793601],[119.72504547606798,-3.8853313435665768],[119.72509725093744,-3.8852742456098781],[119.72514084557361,-3.8852444546678271],[119.72518799612919,-3.8852182133498445],[119.72525285523511,-3.8851895375670438],[119.72525640665788,-3.8851885348229871],[119.72533780069898,-3.8851655418562245],[119.72549717405536,-3.885150791176045],[119.72558335159044,-3.8851433915542088],[119.72567188444998,-3.8851324333151069],[119.72577811237011,-3.8851178562040332],[119.72590558407546,-3.8850984659214305],[119.72612740635475,-3.8850443770962784],[119.72617785382499,-3.8850352273937574],[119.72622065166183,-3.8850274653452175],[119.72631504540311,-3.885003438158094],[119.72636560259059,-3.8849812042191729],[119.72636569971735,-3.8849811610517122],[119.72637754019138,-3.8849759539770616],[119.72643413632636,-3.8849520490977625],[119.72648482571424,-3.8849210512654508],[119.72652012410447,-3.8848853508782213],[119.72653888935827,-3.8848425917121858],[119.72654817485841,-3.8847951191993388],[119.72654803816147,-3.8847524211872155],[119.72654544181876,-3.8846777136055266],[119.72654244887497,-3.8846065160777812],[119.72653906022947,-3.8845259188360615],[119.72654065292886,-3.8844651705311435],[119.72654136609128,-3.884438005609411],[119.72654220246079,-3.8844061093544155],[119.72654425201563,-3.8843076659659914],[119.72655462209821,-3.8842281640984311],[119.72656272319114,-3.8841759503597473],[119.72656949688485,-3.8841389981162138],[119.72657316521941,-3.8841189864020293],[119.72658482672841,-3.8840691288871199],[119.72659389459261,-3.8840442932095129],[119.72660823877925,-3.8840050099232144],[119.72663053567078,-3.8839634225738564],[119.7266403706567,-3.8839478373228076],[119.72666578729627,-3.8839075620842891],[119.72671989230923,-3.8838421597877755],[119.72676699340207,-3.8838004932980539],[119.7268411901689,-3.8837409437894621],[119.7269543006006,-3.8836623016738372],[119.72689574844014,-3.8835588049948342],[119.72684285031733,-3.8834762903984483],[119.7267995272764,-3.8834337317812242],[119.72674141218647,-3.8834074886646022],[119.72669416000758,-3.8834022195367766],[119.72663884990311,-3.8834091766921119],[119.72658622967083,-3.883413413398273],[119.72653496471696,-3.8834190017854553],[119.72649986777469,-3.8834237160316434],[119.72647291059639,-3.8834273358028781],[119.72641759239798,-3.8834315806029167],[119.72636495058202,-3.8834290409174628],[119.72632840932874,-3.8833966275522585],[119.72629989812185,-3.8833465658912587],[119.72628890660781,-3.8832828929910761],[119.7262844117962,-3.8832458957814424],[119.72626328132549,-3.8830719624011181],[119.72626256906233,-3.8830660979220397],[119.7262545129355,-3.8829887481321634],[119.72625141926767,-3.882959049820272],[119.72624657731774,-3.8829269098489476],[119.72624039717664,-3.8828858881731776],[119.72622812862528,-3.8828479736550321],[119.72620771581353,-3.8827951753569891],[119.72616699091395,-3.8826855803752096],[119.72613828815156,-3.8826083403026246],[119.72604689364925,-3.882307714929027],[119.72597373470012,-3.8822171334139171],[119.72590676938194,-3.8821665186698624],[119.72584793843168,-3.882128077148991],[119.72581545042272,-3.882097005572291],[119.72578422775996,-3.8820401756135539],[119.72576923875943,-3.8819982042536481],[119.72570665943488,-3.8818398129569687],[119.72568074367143,-3.8817572111263416],[119.72567383058288,-3.8817057240398753],[119.72567373885204,-3.8816772586984598],[119.72568037045278,-3.8816406383047592],[119.7256883852109,-3.8816121468830147],[119.7257098250484,-3.8815646347999859],[119.72571366065699,-3.8815009142357439],[119.72571350777218,-3.8814534722998815],[119.72571195913963,-3.8813884126450944],[119.7257086856074,-3.8812094970206203],[119.72571200320647,-3.8809844731548537],[119.72570906512135,-3.880907218693153],[119.72569935783918,-3.8808259199801682],[119.72569172799092,-3.8808069487816397],[119.72567758165508,-3.8807717700011608],[119.72563287275898,-3.8807149841092041],[119.72559090229834,-3.8806730990842198],[119.72545427999114,-3.8805773006018853],[119.72537045598187,-3.8805274179059666],[119.72531230671768,-3.8804937194095714],[119.72528388904027,-3.8804667001780331],[119.72525546057113,-3.8804396827451342],[119.72522557160289,-3.880377426277164],[119.72520242934866,-3.8803151473261437],[119.72515319326533,-3.880111980583365],[119.72513675815492,-3.8800374816444219],[119.72513112210368,-3.8799629476318955],[119.72512957257175,-3.8799005985337658],[119.72512938641216,-3.8798423125726345],[119.72514671275064,-3.8797744821065976],[119.72517756579214,-3.8797160954214291],[119.72526345014819,-3.8795640011776413],[119.72531446329197,-3.8794797949565236],[119.72532773278874,-3.8794092656250427],[119.72532619225001,-3.8793496288822098],[119.72531792478242,-3.8792967910140419],[119.72529348570583,-3.8792507825974667],[119.7252541871311,-3.8792034665667074],[119.72521090545899,-3.8791710747852335],[119.72515948402304,-3.8791305774141733],[119.72504871722458,-3.8790956909133456],[119.72496495796645,-3.879068851546208],[119.72490010245781,-3.8790446615818155],[119.72481916976892,-3.8790115647318544],[119.72480685984874,-3.8790065312263664],[119.72476088920371,-3.8789827585474086],[119.72467407225065,-3.8789251875473383],[119.72460399437887,-3.8788721158554154],[119.72455798776093,-3.8788370207118987],[119.72451334901189,-3.8788019228704229],[119.72446194826034,-3.8787654895356809],[119.72440517585824,-3.8787372085552647],[119.7243051883338,-3.8786995773235731],[119.72418633213363,-3.8786728521703253],[119.72414100989977,-3.8786706209523345],[119.72407879120328,-3.8786675578614336],[119.72400547127552,-3.8786639479827727],[119.72393527289455,-3.8786573973209784],[119.72386775629195,-3.8786454156533523],[119.72381238143635,-3.8786320400365639],[119.72375293984635,-3.8786132549976742],[119.72367852364505,-3.8785538529778592],[119.72355118773714,-3.8784078696274378],[119.72349157797396,-3.8783335100833938],[119.72341298262313,-3.8782334560091272],[119.72338176535629,-3.8781806936840439],[119.7233505345996,-3.8781184399140329],[119.72334844277646,-3.8780894178922836],[119.7233477008358,-3.8780791395406027],[119.7233448284012,-3.8780222178510257],[119.72335810239463,-3.877953043797902],[119.72339825892254,-3.8778498960558068],[119.72341559875099,-3.8777861314247843],[119.7234127047326,-3.8777251430008732],[119.72340450741217,-3.8776939913845467],[119.72336653263949,-3.8776385391871599],[119.72333540710338,-3.8776088192915381],[119.72324602798187,-3.877512867025132],[119.72317015757676,-3.8774236479829369],[119.72314435242993,-3.8773695123930452],[119.72312396569851,-3.8773248457649743],[119.72312242066323,-3.8772665643004416],[119.72312357899,-3.8772042071084343],[119.72314085946311,-3.8771214649835883],[119.72315136174598,-3.877094988942531],[119.72319039232286,-3.8769965986140846],[119.72325649609047,-3.8768998108775463],[119.7232803910772,-3.8768648236526246],[119.72332067440971,-3.8768009852772138],[119.7233461324181,-3.8767439718567402],[119.72335407343178,-3.8766951476628719],[119.72335392234572,-3.8766477057270095],[119.7233483816226,-3.8766029905355595],[119.72333613915157,-3.8765759209419457],[119.7233198407381,-3.8765407295709906],[119.72329949717414,-3.8765096193234285],[119.72327766433284,-3.8764878305489106],[119.72325888109253,-3.8764690859794655],[119.72320747584445,-3.8764340088224003],[119.7231885046458,-3.8764069599131972],[119.72318296122478,-3.8763615675322853],[119.72319083478931,-3.8762917342760943],[119.72320824026815,-3.8762483024171956],[119.72324453061071,-3.876202097049088],[119.72326875744727,-3.8761816860359204],[119.72329969232703,-3.8761490541355101],[119.72334141097735,-3.8761150318831596],[119.72344913626864,-3.8760401309472172],[119.72358801767291,-3.8759990166412308],[119.72375794457355,-3.8759618701441241],[119.72404918012558,-3.8758809545423674],[119.72417862044699,-3.8758412269909854],[119.72422237246462,-3.8758220426531125],[119.72431876809674,-3.8757797763155963],[119.72450327840363,-3.8756585414084839],[119.72462456906862,-3.8755242051778964],[119.72468616903154,-3.8754559790101553],[119.72477076915573,-3.8753242220351467],[119.7247881827285,-3.8752532907067803],[119.72479075209162,-3.8752428270947235],[119.72479727397513,-3.8751723193470298],[119.72479574602687,-3.8751194598951315],[119.72479551759909,-3.875048334313135],[119.72479541597568,-3.8750164425547382],[119.7247963962368,-3.8750000434172307],[119.72479639803544,-3.8750000011490897],[119.72479640073334,-3.8749999597802685],[119.72479867332015,-3.8749617502845126],[119.72480133261547,-3.8749170467842191],[119.72481417313566,-3.8748387572028378],[119.72482191270115,-3.8748207797551117],[119.72485641519143,-3.8747406456642466],[119.72492096043402,-3.8746562685718686],[119.72496590135529,-3.8745837931075471],[119.72498132922499,-3.8745536927986564],[119.72499257344862,-3.8745317556359851],[119.72500416121318,-3.8744699065608756],[119.7250033895948,-3.8744344040244982],[119.72499736143914,-3.8743916799320459],[119.72497285041675,-3.8743010219745315],[119.72495160213475,-3.8742090339197262],[119.72495996313182,-3.8741623141394257],[119.7249840577681,-3.8741201521232824],[119.72501471925398,-3.8740865183780784],[119.72513165540158,-3.8740078915508889],[119.72526609595366,-3.8739364718906018],[119.725289813774,-3.8739238723887297],[119.72537541214558,-3.8738736236687714],[119.72553345540473,-3.8737527799667646],[119.72557061808959,-3.8737039980410373],[119.72560057270834,-3.8736545865898506],[119.72561545828682,-3.8735999581714964],[119.72561729560175,-3.8735611578211433],[119.72561778573231,-3.8735092039865435],[119.72561088883151,-3.8734007313586289],[119.72560779696232,-3.8733538946664794],[119.72561155163191,-3.873335440578046],[119.72561552933325,-3.8733158893168138],[119.72562576271889,-3.8732916921578067],[119.72564581310382,-3.8732649966822237],[119.72567080076692,-3.8732491362385986],[119.72579534427973,-3.8731949763670173],[119.72591840031396,-3.8731373765886019],[119.72596053445113,-3.8731096244096079],[119.72599972330863,-3.8730808865736321],[119.72601733743022,-3.8730601185296223],[119.72603247391964,-3.8730334383424747],[119.72603482924399,-3.8730048282101848],[119.7260295574182,-3.8729850988831345],[119.72602390158181,-3.8729639333387809],[119.72598936491727,-3.8729112753350137],[119.72597303592693,-3.8728736000365416],[119.72596552658786,-3.8728284945393625],[119.72596885318012,-3.8727982971036568],[119.72596981995127,-3.872789523317806],[119.72597858564325,-3.8727648342296561],[119.72599126428543,-3.8727401406449076],[119.72600739002905,-3.8727159246001861],[119.72602151657975,-3.8726798770746313],[119.72602016220083,-3.8726404229171294],[119.7260021442836,-3.8726089205651988],[119.72593811525189,-3.8725479762080681],[119.72586281141969,-3.8724919934107334],[119.72584896905471,-3.8724624515808159],[119.7258321202562,-3.8724126956893201],[119.7258211602184,-3.8722772442993119],[119.72578114128669,-3.8721395715838867],[119.72573471468536,-3.8720602270977338],[119.72570640043011,-3.8720379652798442],[119.72569106878791,-3.8720259107670927],[119.72562107275439,-3.8720009698687932],[119.72553259385415,-3.8719721025304352],[119.72545215489311,-3.8719505412843773],[119.72543489240638,-3.8719459142724872],[119.72529361700686,-3.8719079457949874],[119.72521959920516,-3.8718631370740582],[119.72521007898206,-3.8718246146142405],[119.72520356609175,-3.8717982599816878],[119.72520594479863,-3.8717174280168365],[119.72521913605431,-3.8716402589907375],[119.725224075131,-3.8716113682700097],[119.72522874800836,-3.8716018120739477],[119.72529091724209,-3.8714746812115095],[119.72536051037935,-3.8713737520969289],[119.725414285341,-3.8712781775458325],[119.72546533535706,-3.8711521411583476],[119.72548028388803,-3.8711157770713953],[119.7255307844182,-3.8709929296799146],[119.72562664045711,-3.8708534906959926],[119.72576057469087,-3.8706609386513264],[119.72578657229258,-3.8706367900557552],[119.72585791191318,-3.8705705199135423],[119.72596953936284,-3.8704138058524222],[119.7260416748835,-3.8702837243143904],[119.72606516337669,-3.87020415409836],[119.72607404508119,-3.8701048023946782],[119.72607535269549,-3.8700901686263478],[119.72607112228457,-3.8700053805438301],[119.72605372040289,-3.8699259335349439],[119.72605618724333,-3.8698702771914668],[119.72608367682028,-3.8698039396001036],[119.72610335488594,-3.8697707483213435],[119.72615991504813,-3.8697188943114611],[119.72621408391285,-3.86967107106301],[119.72625330964263,-3.8696364399696677],[119.72633750327327,-3.8695632963090247],[119.72642699031337,-3.8694882442869698],[119.72645328019473,-3.8694661947090481],[119.72655839385482,-3.8693346787523524],[119.72661086839696,-3.8692430846006118],[119.72667883825784,-3.8690454405945616],[119.72673656663926,-3.8689485260536003],[119.72681125443592,-3.8687892848975594],[119.72691863079024,-3.8685411691395757],[119.72702073531877,-3.8682930641735425],[119.72702458621575,-3.8682806670191212],[119.7270631680309,-3.8681564553560861],[119.72710561063548,-3.8680198375454324],[119.72714189018609,-3.867815671655876],[119.72714268069024,-3.8677708980084731],[119.72714387858719,-3.867703113407913],[119.72708976008437,-3.8676011833478583],[119.72700391619787,-3.8675378369015903],[119.72699322865469,-3.8675299507465866],[119.72690591617516,-3.8674520568669095],[119.7268370308044,-3.8673635024236432],[119.72681954078928,-3.8672562303906943],[119.72681936362278,-3.8672010758689339],[119.72681922063055,-3.8671567078157523],[119.72681914059092,-3.867131687777146],[119.72683208543242,-3.8670547885475912],[119.72684905294147,-3.8670224633160046],[119.72687667202081,-3.8669698448823624],[119.72692262827672,-3.8669021205363947],[119.72696451869763,-3.8668012885485723],[119.72696405105023,-3.8666789933408268],[119.72696262292675,-3.8666666762260888],[119.72695507581614,-3.8666015662092832],[119.7269492059412,-3.8665509145930059],[119.72694919424998,-3.8665472219766457],[119.72694876527339,-3.8664131159724775],[119.72695897977314,-3.8663070823059797],[119.72699692127094,-3.8662089123113788],[119.72704120208982,-3.8660312170669613],[119.72708414741555,-3.8658479100529348],[119.72708935359083,-3.8658256842078913],[119.72712036131566,-3.8656215363047863],[119.7271699148597,-3.8654411763691314],[119.72725119288827,-3.8652805853307086],[119.72730480327414,-3.8651333402314094],[119.72732895186971,-3.8650628046046904],[119.72735839207621,-3.8649768150279442],[119.72738448230803,-3.8648866256172596],[119.7273947651563,-3.8648017925686418],[119.72739455741294,-3.8647368741073933],[119.72739235227527,-3.8647145286525415],[119.72738555699789,-3.8646456495770281],[119.72738501740469,-3.8646401763030553],[119.72738206762835,-3.8645421376095328],[119.72738976042922,-3.8644718888665466],[119.7274234562276,-3.8643970481851966],[119.72742381505714,-3.8643962495871733],[119.727456512608,-3.8643100252874092],[119.72749179660923,-3.8642052308866255],[119.72751526891454,-3.864117707066498],[119.72753873222678,-3.8640301841456335],[119.72755160332395,-3.8639307658920643],[119.7275514396473,-3.8638796052595126],[119.72755126517882,-3.86382476639983],[119.72754706084822,-3.8637479319214663],[119.72753765573827,-3.8636936335543055],[119.72750453370736,-3.8636500119384323],[119.72745823570904,-3.8636104183860311],[119.7274119026373,-3.863560214632173],[119.72736279066032,-3.8634649728301724],[119.72728187775647,-3.8633261058150765],[119.72719689811845,-3.8632347661715016],[119.7271805538395,-3.8631736788221929],[119.72725089611208,-3.8631448771343457],[119.72735690459751,-3.8631014722550958],[119.72740698064774,-3.8630745150767893],[119.72742802478353,-3.8630600162067594],[119.72747609714418,-3.8630268968737482],[119.7276317302202,-3.8629147046498247],[119.72773084810024,-3.8628432544126099],[119.72778736329622,-3.8628025142245974],[119.72779705978655,-3.8627940632953255],[119.72788975830576,-3.8627132700013362],[119.72794482469396,-3.8626536683320865],[119.72804576190242,-3.8624919972078828],[119.7280469741886,-3.8624898577207318],[119.72807592966046,-3.862438726765788],[119.72809101308985,-3.8624056110300558],[119.72814853192926,-3.862241589078053],[119.72815264722692,-3.8622267026001964],[119.72817148172851,-3.8621585663647124],[119.72818114134668,-3.8621236241059478],[119.72819865834151,-3.8620518564080157],[119.72824294545558,-3.8618514092150917],[119.72832037078854,-3.8616013779011951],[119.7283279493754,-3.8615706075974003],[119.72834577213973,-3.861498239152354],[119.72837594079704,-3.8613327243257345],[119.72838000483341,-3.8612826896443835],[119.72838553386532,-3.861016205233625],[119.72839364215292,-3.8609154478895675],[119.72840448168154,-3.8607120221420814],[119.72841046936776,-3.8606352766965983],[119.72842017934784,-3.860510792539003],[119.728449833593,-3.8604006067025693],[119.72846188630706,-3.8603755452951418],[119.72852194483198,-3.86029241286451],[119.72862647483203,-3.8601978266682977],[119.72875104172726,-3.8601272829477011],[119.72876097563858,-3.8601216567889765],[119.7288052105921,-3.8601074376081215],[119.72890498587651,-3.8600830318064254],[119.72895588840356,-3.8600734108591723],[119.72902228624957,-3.8600698306581194],[119.72902812195036,-3.8600695158954181],[119.72904682245291,-3.8600701571120339],[119.72907411957499,-3.8600710924069404],[119.72916606626097,-3.8601046047436398],[119.72927916590083,-3.8601807251603191],[119.72942175790786,-3.8602712320316641],[119.72947413981979,-3.8602922995499398],[119.72950759370053,-3.8603094163464675],[119.72961689190606,-3.8603165012055456],[119.72967307525232,-3.8603169319807762],[119.72978035627852,-3.8602943266218404],[119.72982469645262,-3.8602413151845099],[119.72986163790438,-3.8602151790872199],[119.72993790221244,-3.8601022611103986],[119.72993802811754,-3.86010207405144],[119.72996207419044,-3.860063706274957],[119.73000939201984,-3.8599882063905397],[119.73010898114467,-3.8598183253553771],[119.73018147639414,-3.8596819296772651],[119.73028662782565,-3.8595988125351255],[119.73030421676629,-3.8595849099156112],[119.73044121319151,-3.8594845221928722],[119.73044143892128,-3.8594843126508636],[119.73046802557894,-3.8594597935345973],[119.73068066757878,-3.8593644806861676],[119.73076494124905,-3.8593313910308211],[119.7309005787987,-3.8592848610074952],[119.73093367474939,-3.8592648825682545],[119.73119823730883,-3.8591376024183432],[119.73130219803807,-3.8590598479335654],[119.73131339459758,-3.8590514725473781],[119.73140495727307,-3.8589628371651656],[119.73149559904277,-3.858856302576271],[119.73152401042478,-3.8588143267197665],[119.73160992445855,-3.858674001903637],[119.73162208958786,-3.8586475699293601],[119.73169447242208,-3.8584903117784393],[119.73177836388049,-3.8583464175530935],[119.73185520915069,-3.8582643121482647],[119.7319148692759,-3.8582233696127446],[119.73198109445195,-3.8581779205745192],[119.73205466618992,-3.8581496350975613],[119.73212420626714,-3.8581442607489862],[119.73213125875066,-3.8581437157598089],[119.73216187527044,-3.858144177112024],[119.73217412763393,-3.858144996394401],[119.73221523114807,-3.8581477474205599],[119.73222027274744,-3.8581484992537867],[119.73227247479497,-3.8581562900806716],[119.73241101535609,-3.8581897232770643],[119.7324796354269,-3.8582211356967946],[119.73264047198029,-3.8582609109122359],[119.7326550715743,-3.8582624199746647],[119.73284497781356,-3.8582820440810224],[119.73284145337038,-3.8582171130292977],[119.73287672927768,-3.8580251779195578],[119.73294156230327,-3.8579414159635235],[119.73305343526783,-3.8578647676448554],[119.73319774228207,-3.8577516877900848],[119.73325935213745,-3.857695243640535],[119.73327572699327,-3.857680241150149],[119.73331313879044,-3.8576459661883291],[119.73337320990572,-3.8576120356668753],[119.73343514621513,-3.8575770511399696],[119.73346837706401,-3.8575582795908758],[119.73355871216495,-3.8575325598797008],[119.73364916417768,-3.8575431655845591],[119.7337214984484,-3.8575429326601807],[119.73375760622855,-3.8575246521409099],[119.73378991257448,-3.8574482610283667],[119.73382218294739,-3.8573609728305769],[119.7338474071322,-3.8573318294003798],[119.73395202346717,-3.8572479379419633],[119.73397351996209,-3.8571842956187083],[119.73392256707291,-3.8570845617031182],[119.73385707214618,-3.8569612592546605],[119.73383133714651,-3.8568305643789813],[119.73383481482495,-3.8567869598502966],[119.73388500688759,-3.8566487547361703],[119.73397505240678,-3.8565322169881711],[119.73403261621229,-3.8564375795306205],[119.73408663399107,-3.8563647515319985],[119.73410442707768,-3.8562738759385979],[119.73408963502868,-3.8561722075812668],[119.73407478902038,-3.856114686943215],[119.73404935259566,-3.8560161302401639],[119.73402729222585,-3.855903587280693],[119.73401965158575,-3.8557764663108287],[119.73402298986912,-3.8556892698438787],[119.73400800086858,-3.8555258459409742],[119.73399748059933,-3.8554832891224464],[119.7339640321145,-3.855347984321952],[119.73393106386754,-3.8552173119293798],[119.7338906771131,-3.8550285406345779],[119.73383212495264,-3.8548143985656225],[119.73372324223385,-3.8546948696724712],[119.73363600170023,-3.8545571079241654],[119.73359582358842,-3.8544337236373849],[119.73358610911168,-3.8543300911607048],[119.73358459015674,-3.8543138808808521],[119.73362394359015,-3.8541793432020768],[119.73366345980094,-3.8540956630843084],[119.733749922421,-3.853990035012032],[119.73382559497531,-3.8539026056207035],[119.73386878581584,-3.8538370774191435],[119.73389382384096,-3.8537498117044038],[119.73388635946799,-3.8536771806573142],[119.73383538859241,-3.8535719959508015],[119.73378439433441,-3.8534595456214902],[119.73374427557792,-3.8533543258413943],[119.73371963235525,-3.8532158437361659],[119.73370744744079,-3.8531473792481279],[119.73371432095917,-3.8530347427591209],[119.73377181641627,-3.8529183102317575],[119.73385831410997,-3.8528235810433671],[119.7339737924566,-3.8527432886717747],[119.73410372470721,-3.8526593171736749],[119.73423720388394,-3.8525535380153428],[119.73431292140424,-3.8524806389702917],[119.73441735157962,-3.8523386261266523],[119.73447775544412,-3.852217130416193],[119.73448912557274,-3.8521942606565744],[119.73459026602802,-3.8520645307534664],[119.73472974458207,-3.8519976166966217],[119.73485015840811,-3.8519644344110588],[119.73502005473176,-3.8519370842290073],[119.73518271241232,-3.8519074983323094],[119.73534536739487,-3.8518779115363486],[119.7355278524285,-3.8518282815498992],[119.73571033476424,-3.8517786515634498],[119.73594877831351,-3.8516979625908334],[119.73607511777254,-3.8516212684067455],[119.7361123317188,-3.8515390137144436],[119.7361146195941,-3.8515339559272661],[119.73612528465424,-3.8514757985691972],[119.73612851861628,-3.8513559081486051],[119.73613165904885,-3.8512069561360818],[119.73613467267705,-3.851018044547061],[119.73617035058123,-3.8508653558514538],[119.73622786942065,-3.8507561889468889],[119.73635758043804,-3.850603197179737],[119.7364331225906,-3.850475808211911],[119.73648627522152,-3.8503630215361682],[119.73650079657455,-3.850318319834571],[119.7365299831722,-3.8502284712669166],[119.73654405486434,-3.8501049134109735],[119.73655796467835,-3.8499304979940234],[119.73659021346759,-3.8498359432741154],[119.73663336833533,-3.849759517087989],[119.73670907326516,-3.8496829865805466],[119.73680645545357,-3.8495991194037629],[119.73693608643134,-3.8494206984064476],[119.7369440400355,-3.8494072859174366],[119.7370224204484,-3.8492751116570503],[119.73708699716724,-3.849111430548021],[119.73711551287067,-3.8489805612039163],[119.73712594500637,-3.8488497503156509],[119.73712180542702,-3.8486862913392201],[119.73709069158224,-3.8485841427439595],[119.73702716976811,-3.8484976954122772],[119.73688206415602,-3.8483601198236101],[119.73673914299707,-3.8482531436675913],[119.73667533609796,-3.8481791501475868],[119.73667214620264,-3.8481553891598423],[119.73665681186242,-3.8480411662667393],[119.73669274517408,-3.8479683958247506],[119.73677922038473,-3.8478664010135617],[119.73684034280768,-3.8477535900560724],[119.73685799739872,-3.8476191234237831],[119.73684690426126,-3.8475428726054588],[119.73680964714754,-3.8474764064109763],[119.73677779406,-3.8474195818481576],[119.73667988936552,-3.8473399765586009],[119.73656030921097,-3.8472677079383288],[119.73647682514547,-3.8471735255376984],[119.73642472112408,-3.8470061095442816],[119.73641470357575,-3.8469739273048731],[119.73641415858663,-3.8468031910144305],[119.73645352640915,-3.8466722865966858],[119.73649892058882,-3.8466070138026112],[119.7366624470144,-3.8465459777146407],[119.7368435983534,-3.8465075577774996],[119.73697733203835,-3.8464816977721057],[119.73707845810441,-3.8464377793799827],[119.73715418641666,-3.8463685135959622],[119.73725501031049,-3.8462301457046237],[119.73740118791454,-3.8461370406918149],[119.73754736461922,-3.846043935679063],[119.7375848897309,-3.8460236775506473],[119.73770983434144,-3.8459562265985596],[119.73780580459425,-3.8458942606116011],[119.73777778082001,-3.8454249997639067],[119.73777603973247,-3.8446626543579896],[119.73809719303108,-3.8428223419774667],[119.73893304902106,-3.8380326238064981],[119.73893363987565,-3.8380292387583381],[119.73893549877437,-3.8380276874277683],[119.73900038485999,-3.8379735059724567],[119.73911920778528,-3.8378733961402531],[119.73919057798287,-3.8377919634283444],[119.73924702123315,-3.837701315363347],[119.73932169643922,-3.8375443548879957],[119.73937979534139,-3.8374157671239004],[119.73943789424345,-3.8372871793598051],[119.73949599314562,-3.837158591595653],[119.7395540920478,-3.8370300038315577],[119.73958928072079,-3.8369465458463878],[119.73959975242667,-3.8368923742835932],[119.73960308981077,-3.8368275439559625],[119.73960059868875,-3.8367150009964348],[119.73958518340953,-3.836549952018629],[119.73958291262136,-3.8363851323679228],[119.73960334341962,-3.8362237445301162],[119.73962492714872,-3.8361482743233637],[119.73969243565739,-3.835967452136174],[119.73975955835704,-3.83580328539324],[119.73982667925793,-3.8356391195496826],[119.73984181664662,-3.8355999486786345],[119.73988785564006,-3.835480817285827],[119.73988965608282,-3.8354761569989932],[119.73988850674925,-3.8354760913484824],[119.73986944471915,-3.8354749995715451],[119.73963888912351,-3.8354749995715451],[119.73981111109401,-3.8351000002647311],[119.73980555598166,-3.8349666667782003],[119.73955619376341,-3.8349056792536658],[119.73951994478966,-3.8348968128375986],[119.73953010263222,-3.8347529527865163],[119.73975283592472,-3.8343512966749813],[119.73976499026219,-3.8343293792973441],[119.73980033811517,-3.8342140943049685],[119.73986546791707,-3.8340016762363121],[119.74007532921314,-3.8340297143997759],[119.74020281171045,-3.8337297554238035],[119.74045027545992,-3.8330063992258943],[119.74054915232159,-3.8326877964046275],[119.74062159720904,-3.83245436387773],[119.74070725673459,-3.8321117212788636],[119.74074126999369,-3.8320256876353369],[119.74086906005914,-3.8317024542048443],[119.74101182833328,-3.8312836687063054],[119.74119266760761,-3.830712599207061],[119.74135447003277,-3.8302747768594259],[119.74155910356978,-3.8296608771477167],[119.74187768480738,-3.8287875832803024],[119.74187852477417,-3.8287852801165627],[119.74192222193301,-3.8286833338686961],[119.74197782791452,-3.8282920217593528],[119.74208333367892,-3.8278055550822501],[119.74209091136652,-3.8276629612765873],[119.74213223161723,-3.8274305755605837],[119.74222222227775,-3.8272777771476285],[119.74244444475539,-3.8273333336663882],[119.74245914237554,-3.8273355945619869],[119.74248177291554,-3.8273390767369619],[119.74280555583175,-3.8273888892857713],[119.74267021325977,-3.8268319031697615],[119.74266562312005,-3.8268130138094989],[119.74266111122142,-3.8267944437085362],[119.74225950906919,-3.8267147610773122],[119.74236730360826,-3.8261085235894257],[119.74255487790538,-3.8250536035409368],[119.74387048443532,-3.821405152925422],[119.74432767278392,-3.8206249865538666],[119.7443753602347,-3.8205855359936436],[119.74447872021688,-3.8205548960915507],[119.74456492742956,-3.8205502906633342],[119.74468557867658,-3.8205369087513077],[119.74479758024415,-3.8205105703065101],[119.74494384867978,-3.8204191740056217],[119.74509882704933,-3.8203537222464092],[119.74524506310922,-3.8202493325406408],[119.74532674403406,-3.8201797870674454],[119.74536946812657,-3.8200584145641301],[119.74538069886023,-3.8200324016739273],[119.74542937376668,-3.8199196572663254],[119.74545036394318,-3.8197420672425437],[119.74545840478163,-3.8195601793587457],[119.745496805833,-3.8194344847136676],[119.74556970307935,-3.8193130078889794],[119.74564703398346,-3.8192304905946344],[119.74570724269518,-3.8191869948838644],[119.74574069837456,-3.8191565546312631],[119.74578096372056,-3.8191199180497506],[119.74579320619159,-3.8191087790468714],[119.74582470404687,-3.8190705668531564],[119.74583614971857,-3.819056681320717],[119.74586615829662,-3.8190046231648012],[119.74596073370094,-3.8189220519111018],[119.74610122219372,-3.8188091438268543],[119.74612293992175,-3.8187916888853124],[119.74612842039039,-3.8187872849052269],[119.74616378712915,-3.818785479965868],[119.74621893535561,-3.8187826659872144],[119.746365381857,-3.8187475501592871],[119.74649466030041,-3.8187341502607524],[119.74661103886842,-3.8187294477057776],[119.74670155922968,-3.8187291572247659],[119.74680500194938,-3.8187244969379321],[119.74686959845326,-3.8187026380163047],[119.74694703817534,-3.8186547581105401],[119.74696141563686,-3.8186207610392557],[119.74697270932313,-3.8185940583690581],[119.7469854032538,-3.8185204056921407],[119.74699372737871,-3.8184251162260807],[119.74704102182579,-3.8183859984150672],[119.74707981318295,-3.8183858743086034],[119.74714332600377,-3.8184011753738787],[119.74716690083187,-3.8184068536933182],[119.74723943115487,-3.8184243266213116],[119.74734017231117,-3.81845634968073],[119.74734730663295,-3.8184586177709434],[119.74738275790799,-3.8184821952970083],[119.7474033730673,-3.8184959045623259],[119.74740646043983,-3.8184979577145555],[119.74781718531494,-3.8180431309856431],[119.74954069824469,-3.8162376430527161],[119.75085663212792,-3.8148766540343217],[119.75151919415555,-3.8137964549424055],[119.75254650681586,-3.8087491268706799],[119.75369497074632,-3.8031065636169501],[119.75462363587212,-3.7985439008802473],[119.75504810958262,-3.7974689493324831],[119.75508885336797,-3.7968246633275271],[119.75507851296311,-3.7967938579501492],[119.7549160666232,-3.7963098913883186],[119.75339696239996,-3.7937559525751112],[119.75330901769712,-3.7936081013327794],[119.74696673872404,-3.7829453812242946],[119.74688750305586,-3.7827880906978066],[119.74688743290881,-3.7827879522021703],[119.7469494501571,-3.7826844564224871],[119.74702415504078,-3.7825597843065566],[119.74715197298519,-3.7823353980601269],[119.74722265340279,-3.7822104786306454],[119.7472353311457,-3.7821880729212012],[119.74731275917657,-3.7820512167901938],[119.74731868301092,-3.7820407468828989],[119.74742459706761,-3.7818567698739685],[119.74751644213018,-3.781733001576697],[119.74751839905491,-3.7817303647644849],[119.74760827730017,-3.781609235078065],[119.7477412348702,-3.7814229306237053],[119.74779705309163,-3.7813419502707575],[119.74781985899938,-3.78130886421269],[119.74789848402793,-3.7811947996002573],[119.74801579159555,-3.7810386377229293],[119.7480838136172,-3.7808855587215362],[119.74808586497079,-3.7808785467075268],[119.74810883185717,-3.7808000466847602],[119.74812780665297,-3.7807351866794647],[119.74817179159493,-3.7805848146374501],[119.74821317569751,-3.780394915592808],[119.74825671727376,-3.7801984496986734],[119.74826607561897,-3.7801388327408745],[119.74826665837963,-3.7801303827109223],[119.74827194189663,-3.7800538800824484],[119.7482796643751,-3.7799293986228122],[119.7482862222314,-3.7798236923094919],[119.74830919361443,-3.7796482741484851],[119.74831317940982,-3.7796178509830156],[119.74833216499746,-3.7794728559874784],[119.74834411788675,-3.7793721238244302],[119.74836771429864,-3.7792864373191719],[119.74841677321558,-3.7791537603377492],[119.74843766716469,-3.7790972649268042],[119.7484658420251,-3.7790210833562696],[119.74852925861842,-3.7787831092530269],[119.74853065526554,-3.77877786710485],[119.7485693297109,-3.7785640119195705],[119.74865752982123,-3.7783426797707875],[119.74876338362333,-3.7781739930352956],[119.74885343273979,-3.7780770865882118],[119.74897998443885,-3.7780020255729596],[119.74899837107807,-3.7779903002121387],[119.74911378917011,-3.7779166942999609],[119.74912373926918,-3.7779067379055959],[119.74925761144971,-3.7777727730949664],[119.74936118816834,-3.7776310678194704],[119.74940561917401,-3.777570281743067],[119.74941877895355,-3.7775509795939683],[119.74951514221016,-3.7774096349466504],[119.74962466434681,-3.7772489881502338],[119.7497022596516,-3.7771308963737056],[119.74977985315775,-3.7770128036978576],[119.74988992388091,-3.7768832230822227],[119.75000000359739,-3.7767536325740139],[119.75017565468283,-3.7765935982159249],[119.7503522131841,-3.7764327382802207],[119.75047577913392,-3.7763236927841604],[119.75048373543609,-3.7763166717769536],[119.75061525678871,-3.7762006025757273],[119.75066212405784,-3.7761438373681244],[119.75076188675177,-3.7760230035587483],[119.75085031259187,-3.7758734031349945],[119.75087435057094,-3.775800186629283],[119.75088062514078,-3.7757810796330773],[119.75088173670281,-3.7756712823037901],[119.75085077394408,-3.7755571952083642],[119.75079343137179,-3.7753963469638165],[119.75077404378715,-3.7752558728602139],[119.75077929402926,-3.7751877905840274],[119.75078104500926,-3.7751650880982766],[119.75082710198922,-3.7749819519554535],[119.75087197006542,-3.7748837271022921],[119.75092844119467,-3.7747678980200021],[119.75098941702799,-3.7746945088444477],[119.75107073642539,-3.7746020225652614],[119.75119109359412,-3.7744891639437128],[119.75130427417298,-3.7743830367476789],[119.75131145346086,-3.7743763044228444],[119.75146541020058,-3.7742118561921529],[119.75150057908854,-3.7741604239643607],[119.7515836206876,-3.774038981313879],[119.75165951897168,-3.7739279842890028],[119.75170182937597,-3.7738661091335644],[119.7518197817576,-3.7736832328948253],[119.75184862661285,-3.7735874982643622],[119.75185325092684,-3.7735133122894808],[119.75184739723966,-3.7733513246038797],[119.75184154445174,-3.7731893360190156],[119.75184877769902,-3.7730185223868489],[119.75185773944315,-3.7729872637511903],[119.75188052736451,-3.7729077708768841],[119.75189106112362,-3.7728710218801211],[119.75194706010882,-3.7727595859860799],[119.75203031664591,-3.7726656311139095],[119.75221543759244,-3.7725245076998135],[119.7522616681415,-3.7724897677884996],[119.75235694771504,-3.7724181682638118],[119.75249845783765,-3.7723118288278101],[119.75266890094906,-3.7721375689935712],[119.75273260172821,-3.7720634108976583],[119.75276473180702,-3.7720260071944267],[119.75288596131816,-3.7718040832917836],[119.75294238568256,-3.7716736159445645],[119.75299880914781,-3.7715431485974023],[119.75305665713904,-3.7714016969306954],[119.75311450423101,-3.7712602452640454],[119.75317382531182,-3.771123912538485],[119.75323189543565,-3.7710534605487283],[119.75327547118616,-3.7710079413633366],[119.75337435883966,-3.7709447621909931],[119.75338600506018,-3.7709373220997122],[119.75353368003539,-3.7708607295389811],[119.75368135590986,-3.7707841369783068],[119.75390320426948,-3.7706597310616985],[119.75412505172983,-3.7705353260444099],[119.75426463820259,-3.7704353358220715],[119.75429919195426,-3.7704105846806897],[119.75440422467534,-3.7703353455996762],[119.75449284297042,-3.7702472300255749],[119.75453346264919,-3.7701885447654604],[119.75458554328827,-3.7700668736871989],[119.75463035920382,-3.7699525473720996],[119.75467672644982,-3.7698674930902598],[119.75477109411077,-3.7697544716914422],[119.75486118369668,-3.7696707430103515],[119.75499782758777,-3.7695619790021055],[119.75506765544799,-3.769503238883317],[119.75518823025266,-3.7694018079470197],[119.75526295402221,-3.7693052684233521],[119.75529273057509,-3.7692667954262333],[119.75534766116573,-3.7691246216039644],[119.75536617101204,-3.7690288186250314],[119.75536916935175,-3.7690132963265341],[119.75537173421822,-3.7689020313036394],[119.75536398745817,-3.76875566484199],[119.75535623889937,-3.7686092983803405],[119.75534382465787,-3.7683692567357525],[119.75534917562402,-3.7682169934194576],[119.75539656360058,-3.7679943275761048],[119.75543556629839,-3.7678844106370093],[119.75552534112171,-3.7677011368979265],[119.75563422833704,-3.7675705022768398],[119.75576651771064,-3.7674676090428534],[119.75592509516707,-3.7673821977301714],[119.75612164829545,-3.7673244810399069],[119.75627303926944,-3.7672712996307496],[119.75644463171443,-3.7671536413274112],[119.7566204051077,-3.7669759496802726],[119.75667048565447,-3.7669143838916739],[119.75674815290495,-3.7668189055680159],[119.75686848938938,-3.766622359634141],[119.75697574343587,-3.7664361028438407],[119.75708172943837,-3.7663098704041431],[119.75724728743239,-3.7661278188436995],[119.7574289307006,-3.7659632842780866],[119.75756411229406,-3.7658530615694872],[119.75766158891122,-3.7658015151277482],[119.75776934477949,-3.7657748223501244],[119.7579936401944,-3.7657345839838285],[119.75816037090442,-3.7657034089850754],[119.75824851795483,-3.7656869271099254],[119.75833332941966,-3.7656582297434511],[119.7583416013839,-3.7656554301539131],[119.75845377741996,-3.7656174715689872],[119.75868234911115,-3.7654863504146761],[119.75880748078066,-3.7653991143776011],[119.75893454599259,-3.7653105302567269],[119.75897995725927,-3.7652766932647523],[119.75907287341442,-3.7652074580577164],[119.75907615144331,-3.7652050145997009],[119.75916594425303,-3.7651381023414956],[119.75923120895322,-3.765089467904545],[119.75941778500282,-3.7649545570071723],[119.75960435205923,-3.7648196461097427],[119.75979092810894,-3.7646847352123132],[119.75993972723666,-3.7645769361766384],[119.76008852636448,-3.7644691281477094],[119.76023733268687,-3.7643613192194607],[119.76038613181458,-3.7642535111905318],[119.76053493094241,-3.7641457031616028],[119.76072143864349,-3.7640093200740239],[119.76090794724405,-3.7638729270938711],[119.76106766594012,-3.7637622736099843],[119.76122739362938,-3.7636516210254172],[119.76127129043778,-3.763621209551161],[119.76138711322471,-3.7635409675415872],[119.76153442217594,-3.7634259901172982],[119.76168173202632,-3.7633110108943697],[119.76184043268984,-3.7631114162588233],[119.76199913425273,-3.7629118198245806],[119.76213448132137,-3.7627005879617172],[119.76226982928927,-3.7624893551995342],[119.76228884725253,-3.7624492939996799],[119.76236634003465,-3.762286053558455],[119.76246285167929,-3.7620827528167524],[119.76252187598391,-3.7619042949472146],[119.76258090028841,-3.761725836178357],[119.76263303578605,-3.7615082182296646],[119.76268517308233,-3.7612905993815957],[119.76273139104092,-3.7610562279625128],[119.7627887489017,-3.7607600119649192],[119.7628837325982,-3.7605856675944551],[119.76296927790986,-3.7604991887864685],[119.76309376476547,-3.7604386113528108],[119.76327826967645,-3.7604119986148135],[119.76351460431556,-3.7603901028209634],[119.76380283433343,-3.7603940661331876],[119.76398490477959,-3.7603658346155271],[119.76416697612513,-3.7603376039971863],[119.76425837692261,-3.7602994826349914],[119.76433596143556,-3.760267125027724],[119.76450494404799,-3.7601966460583185],[119.76475376037786,-3.7600250662038093],[119.76493720498809,-3.7598680077023232],[119.76511334080806,-3.7597432060840674],[119.76508058030458,-3.7595810879967644],[119.76505187844145,-3.7594735290800827],[119.76498343643652,-3.759363701173811],[119.76488112506388,-3.7592680600728841],[119.76483879127727,-3.7591933731756058],[119.76482873595751,-3.7591409705792671],[119.76480915861589,-3.7590389451910937],[119.76481021891652,-3.7588616465477003],[119.76482438144012,-3.7587314777754273],[119.76488228698804,-3.75860930217749],[119.76497376512725,-3.7585044232404812],[119.76514134030072,-3.7583333389123936],[119.76518568317283,-3.7582880688392493],[119.76524413460913,-3.7581335230436252],[119.76527321059029,-3.7580086737612532],[119.76527922615537,-3.7579135012070424],[119.76529576558721,-3.7578182953780015],[119.76534176680912,-3.757720880813963],[119.76543814715285,-3.7575789012452674],[119.76556788694847,-3.7573353189697514],[119.76559009031052,-3.7572537729432156],[119.7656053419131,-3.7571977559716174],[119.76562379959876,-3.7570433378796793],[119.76562540578789,-3.7568847442354922],[119.76561845133051,-3.7566817717463437],[119.76562849046252,-3.7565273797347345],[119.76569739202114,-3.7563495405987624],[119.76581470228678,-3.7561694342719534],[119.7659823233256,-3.7559236162817911],[119.76614809895568,-3.7557602733178896],[119.76632242803771,-3.7556391903962663],[119.76646423763452,-3.7555647517118587],[119.7666061263717,-3.7554902716586867],[119.76672584682046,-3.7554074252124678],[119.76678867435794,-3.7553057289761682],[119.76680514184386,-3.7551872639809858],[119.76680072437398,-3.7551217276855482],[119.76676254905249,-3.7550309249372162],[119.76668635938802,-3.7549000672842112],[119.76667933298484,-3.7548823335528141],[119.76662694837501,-3.7547501251181075],[119.76662684405369,-3.7547170696370245],[119.76662666778657,-3.7546613161667324],[119.76665786257036,-3.7545406901007254],[119.76679623405903,-3.7543647449369928],[119.76695794745137,-3.7542479319964173],[119.76711978674882,-3.7541712953689625],[119.76723750170936,-3.7541482628320182],[119.76731752788169,-3.7541326047359007],[119.76757846437465,-3.7541085163948651],[119.76777843132959,-3.7541078796748479],[119.7678709140115,-3.7540652958766714],[119.7679127594663,-3.7539848110501453],[119.76795188716994,-3.753709800167087],[119.76795961144694,-3.7535765377269854],[119.77098888602836,-3.7526500039944608],[119.77121608535413,-3.7524532835921036],[119.77131160774456,-3.7521625246807275],[119.77133734364361,-3.7513600713102164],[119.77136734142971,-3.7504247628924645],[119.77139538768711,-3.7495502288599027],[119.77143837528081,-3.7492581281600224],[119.77151734924632,-3.7487215026951617],[119.77161285365037,-3.7480725474100609],[119.77252251610128,-3.7459795776953229],[119.77313000904269,-3.7449186735578905],[119.77536990189947,-3.741824342919017],[119.77665557269654,-3.7396463908681881],[119.77796364920312,-3.7379316481270166],[119.77801924259404,-3.7377942928722518],[119.77805673802811,-3.7378014595696527],[119.77815003279784,-3.7378192922265043],[119.77824370888015,-3.7378410207464867],[119.77836268738815,-3.7378643626501571],[119.77841978444553,-3.7378779792852583],[119.77845383187889,-3.737886099264017],[119.77854919688798,-3.7379086686501068],[119.77866901896016,-3.737932007855818],[119.77877279982488,-3.7379494690926549],[119.77885458057449,-3.737961118910448],[119.7788833220078,-3.7379652126244309],[119.77898367375758,-3.7379648942643939],[119.77909244496038,-3.7379603131179238],[119.77920458412427,-3.7379540259574924],[119.77934111739876,-3.7379281767439352],[119.77947339418188,-3.7378896353982896],[119.77957129258118,-3.7378475453278952],[119.77958455937994,-3.7378418409281835],[119.77967543227544,-3.7377771679818466],[119.77974858672792,-3.7377100102087297],[119.77980397687213,-3.7376251187042158],[119.77989540644796,-3.7374689505315928],[119.7799533200897,-3.7373823584090928],[119.78002991804635,-3.7373372160396343],[119.78008214257693,-3.7373184121149734],[119.78013948964576,-3.7373137482308607],[119.78015802107586,-3.7373122409670714],[119.78016606641086,-3.7373130701420223],[119.78019659659572,-3.7373162159705657],[119.78024575174015,-3.7373212809523011],[119.78031158840918,-3.7373397089603486],[119.78041036544607,-3.7373749749750687],[119.78058349932905,-3.7374565965446322],[119.78066632329228,-3.7375047282605465],[119.78080822731795,-3.737587191595594],[119.78086403474742,-3.7376344545663756],[119.7808890197125,-3.7376650611935816],[119.78090128376732,-3.7376800825696819],[119.78092254643843,-3.7377376220935616],[119.78093880977826,-3.7378138135566132],[119.78094873919304,-3.7378654544271512],[119.7809516700836,-3.7378806970364735],[119.78096025770981,-3.7379298054161154],[119.7809916710288,-3.7379966295407598],[119.78102214725436,-3.7380338084134905],[119.78109057576955,-3.7380725584018251],[119.78116823942275,-3.7380977268285847],[119.78129562119602,-3.7381117229775782],[119.78136899238518,-3.7381131825772513],[119.78146257943456,-3.7381069565707321],[119.78152552478321,-3.7381032090957547],[119.78155279492557,-3.7381015867188125],[119.78164209580609,-3.7380733453085782],[119.78173806515963,-3.7380205155343447],[119.78180701438225,-3.7379567607958393],[119.78184055819531,-3.7379161474122498],[119.78187506158486,-3.7378743703059172],[119.78198347845478,-3.7377571175968569],[119.78204032190342,-3.7377096163057217],[119.78206590401828,-3.7376882376220237],[119.78215097268935,-3.7376549276327751],[119.78227912608088,-3.7376460486261749],[119.78239894995158,-3.7376702349932884],[119.78251544723014,-3.7377088329961907],[119.78261591589182,-3.7377457879377403],[119.78277599701471,-3.7378004972950407],[119.7827780034022,-3.7378011825784938],[119.78287508341839,-3.7378330653436365],[119.78292345885063,-3.7378462925722715],[119.78298227541177,-3.7378623751484383],[119.78307512231913,-3.7378891875359272],[119.78317330220614,-3.7379189676861415],[119.78321608835188,-3.7379319449032664],[119.78333766140406,-3.7379756096866004],[119.78347027813095,-3.7380454996001049],[119.783572495974,-3.7381019338571377],[119.78367892893948,-3.7381583537249981],[119.78377185138993,-3.7382088866307868],[119.78386308041684,-3.7382568852469831],[119.78392657165398,-3.7382867643226518],[119.78409195158235,-3.7383645907532355],[119.78421437179588,-3.7384090991005792],[119.78431819402954,-3.7384401140200225],[119.78450096864481,-3.7384717962363538],[119.78454854098243,-3.7384800430195355],[119.7846438826092,-3.7384958351146338],[119.78476447360163,-3.7384954493055034],[119.78488253120395,-3.7384942280261271],[119.7849828658666,-3.7384888248993207],[119.78508234257606,-3.7384783424015495],[119.78520956427008,-3.7384415088685046],[119.78530220343396,-3.7384022435686575],[119.78539143057014,-3.7383511306001651],[119.7854643997623,-3.7382889289908121],[119.78547844177672,-3.738279187534431],[119.78549930784686,-3.7382674163081901],[119.7867579594124,-3.7375516036235581],[119.78902320685552,-3.7367663821627843],[119.78959109725145,-3.7364427116617662],[119.790732907098,-3.7357919352495514],[119.7907441342345,-3.7357841498185849],[119.79074474757215,-3.7357838053782757],[119.79074748870573,-3.7357822657389192],[119.79075978333742,-3.7357753607442419],[119.79079527058536,-3.7357554263717816],[119.79079883999452,-3.7357534217829311],[119.79082742224784,-3.7357373661864699],[119.79083949744495,-3.7357305826002403],[119.79087113919184,-3.7357128092986613],[119.7908855814045,-3.7357046974137802],[119.7909124936167,-3.7356895798101846],[119.79102959523971,-3.7356527786527636],[119.79113913896015,-3.7356261686127255],[119.79125634940101,-3.7356241001720605],[119.79138117620039,-3.7356304790633317],[119.79150350558234,-3.7356470310855912],[119.79162839983087,-3.7356745881116922],[119.79174822639959,-3.7356996198415118],[119.79185953908654,-3.735699264609309],[119.7919606984276,-3.735687929554274],[119.79210479140306,-3.7356535835460249],[119.79218982859777,-3.7356109547816914],[119.79228154235932,-3.7355462791374521],[119.79228962726449,-3.7355403885780447],[119.79238082211725,-3.7354739538598096],[119.79250028446063,-3.7353837761402815],[119.79259886994191,-3.7353588945972547],[119.79271354519403,-3.7353551399277194],[119.79280462043698,-3.735354848547388],[119.79289405261852,-3.7353689643061898],[119.79306536897161,-3.7354099284253834],[119.79319958379381,-3.7354510085571633],[119.79333212857489,-3.7354988731744356],[119.79354913318605,-3.7355871299420187],[119.79369351214598,-3.735642580340766],[119.79385221191012,-3.735693749966515],[119.79398893044481,-3.7357271975520803],[119.79408341771557,-3.7357396028003791],[119.79425382845147,-3.7357602377447279],[119.79439887740637,-3.7357614689166212],[119.79444624020186,-3.7357590020762359],[119.79455485941924,-3.7357533462399033],[119.79464505512522,-3.7357420453590748],[119.79479001324853,-3.7357144739437445],[119.79493073646438,-3.7356809849894148],[119.79513379169123,-3.7356252719886811],[119.79524339386762,-3.7356172977000597],[119.79535387198371,-3.7356194857506466],[119.79548464869765,-3.7356410937614442],[119.79561381022927,-3.7356847315650725],[119.79570500238401,-3.7357217152849103],[119.79574698723377,-3.7357091841315082],[119.795917309836,-3.7356583481541747],[119.79606721782795,-3.7355960269350703],[119.79618427178673,-3.7355448231350579],[119.79632066296824,-3.73547492153034],[119.79651935558388,-3.7353734780035666],[119.79660858541797,-3.7353232112971],[119.79670453858364,-3.7352661457160252],[119.79682914325042,-3.7352022120124388],[119.79692010158146,-3.7351654935926035],[119.79700934670404,-3.7351203107537003],[119.79709943539069,-3.7350751243174614],[119.79723253865075,-3.7350077354186055],[119.79728129359694,-3.7349830517264309],[119.79736886957778,-3.7349438044129784],[119.7975297798755,-3.7348941537421751],[119.79762500638901,-3.7348735187978264],[119.79775568687546,-3.7348646289993894],[119.79786448146069,-3.7348676696072403],[119.79870461192831,-3.734698311078148],[119.79909470275834,-3.734619672559802],[119.79972673190321,-3.7342116690332432],[119.80050410677916,-3.7338515418151701],[119.80135014669202,-3.7336062238480849],[119.80168351368332,-3.7335095602180104],[119.80194921118721,-3.7334544281792432],[119.80254536367761,-3.7333307255324826],[119.80266666693319,-3.7333055553070835],[119.8024134286369,-3.7329450791520458],[119.80203302980055,-3.7324035937508029],[119.80197637520962,-3.7323229470463275],[119.80174188328135,-3.731989155575036],[119.80113328417383,-3.7315330940770082],[119.80008286073553,-3.7307459435704118],[119.79999325498477,-3.7306326667641088],[119.79992744799335,-3.7305193126161384],[119.79991168377728,-3.7304832048359913],[119.79986751537365,-3.7303820329044584],[119.79978368776699,-3.7302149433648992],[119.79964761494557,-3.7300258707972489],[119.79942553006424,-3.729845510861594],[119.79898454839827,-3.7296257687141861],[119.79853754127453,-3.7293821378752909],[119.79835230521473,-3.7291316928732954],[119.7982624530498,-3.7289407137428725],[119.79817883498526,-3.7288393718395128],[119.79799414661261,-3.7287622585713507],[119.79773811861935,-3.7287033062125374],[119.79741824145879,-3.7285853844078929],[119.79667480519811,-3.7283008577982741],[119.79618533208748,-3.7281376488333535],[119.79519727123716,-3.7276743927589564],[119.79396114589019,-3.7267479021938925],[119.79325133258294,-3.7261823410421471],[119.79305804669161,-3.7261458789291169],[119.79284408178899,-3.7262182851457055],[119.79185144968471,-3.7267667007226351],[119.79128104208644,-3.7270123820157437],[119.79060895803707,-3.7267132755971488],[119.78943953270834,-3.7258220411542311],[119.78933987073856,-3.7257898229419197],[119.78925507096483,-3.7258166506179009],[119.78882587311557,-3.7261443060148736],[119.78613161937881,-3.7257755363119145],[119.7858963549329,-3.7257433342874151],[119.78557836634855,-3.7257850430452777],[119.78391219419245,-3.7264540649031233],[119.78365779756939,-3.7265562125990641],[119.7833817272849,-3.7265570903373941],[119.78305790659715,-3.7265103013093039],[119.78239787885911,-3.725982312933354],[119.78175995196023,-3.7254720061281432],[119.78162755017138,-3.7252958217447372],[119.78138712091891,-3.7249758897254992],[119.78089765230482,-3.7237150689952045],[119.78078059295012,-3.7228164780979114],[119.78057773827209,-3.7218799043340596],[119.78037566510488,-3.7211919760288197],[119.78009845537952,-3.7208294431242734],[119.7800128992759,-3.7207409840091827],[119.77983103387521,-3.720552950158492],[119.77956388396615,-3.72036252680914],[119.77940291701111,-3.7203055439656509],[119.77900159544731,-3.7201634735653784],[119.77861068893219,-3.7199734423204518],[119.77814287689228,-3.7195445655292474],[119.77791728285638,-3.7193821767460236],[119.7775608590465,-3.7191256136561037],[119.7770745182745,-3.7188593747603136],[119.77667385321581,-3.7185928642692261],[119.77657200679278,-3.7185217216000979],[119.77649258226688,-3.7184662424231192],[119.77591616270081,-3.7183150484007115],[119.77554488119142,-3.7183114394213703],[119.77526412633847,-3.718336233730156],[119.7750882360333,-3.7184085158402809],[119.77464194926665,-3.7187733384187709],[119.7742286046664,-3.7190185115949816],[119.77390066958026,-3.7191773453581618],[119.77334045939472,-3.7196429432671607],[119.77333692595846,-3.7196465135756966],[119.77315540769598,-3.7198300148432395],[119.77299393172461,-3.7199452872451388],[119.77286568480361,-3.7200317633551663],[119.77273258873799,-3.720089563682393],[119.77230438194169,-3.7201482966065669],[119.77190949322858,-3.7202069243100482],[119.77181608244632,-3.7202178177980159],[119.77161448591983,-3.7202413278749304],[119.77146767968975,-3.7202571586408908],[119.77115768877638,-3.7202905873406849],[119.77076738031042,-3.7202918176132584],[119.76979890219764,-3.7201425526366734],[119.76780517356997,-3.7197990718696019],[119.76734039404403,-3.7197028003438959],[119.76710024987665,-3.719653057942196],[119.76647598997499,-3.719425498887631],[119.76576815607564,-3.7191097397226827],[119.76545958968836,-3.7190049758988835],[119.76518206430092,-3.7189107503307923],[119.76501061934471,-3.7188825988528151],[119.76476291187896,-3.7188212147272566],[119.7644283442927,-3.7186265618663015],[119.76441957410407,-3.7186214600123435],[119.7638566272816,-3.7182119977854313],[119.76368009396128,-3.718078663399524],[119.76232911619582,-3.7168205181523604],[119.76189406106209,-3.7162098146312132],[119.76168370423966,-3.7159140042278409],[119.76156227867625,-3.7157927540323499],[119.76095349430841,-3.7152898819224447],[119.76080960098238,-3.715091702819791],[119.76071447429365,-3.7149606877854922],[119.76026982789028,-3.7143261045659983],[119.75948529710888,-3.71324660784461],[119.75946194711128,-3.7132144786652361],[119.7593950564368,-3.7131333975881944],[119.7591755822873,-3.7129667226361107],[119.75899811367208,-3.7128314583051178],[119.75891316461093,-3.7127667098157531],[119.75888393124853,-3.7127004873375995],[119.75879596046525,-3.7125012092633369],[119.75868626475938,-3.7119253041094566],[119.75865805392607,-3.7117771983589591],[119.7586210863941,-3.7113684690795594],[119.75852035333173,-3.7110421275920658],[119.75829761644195,-3.7105909440168148],[119.7580608240479,-3.7102115317367748],[119.75789554034702,-3.7098677595893719],[119.75765987210548,-3.709467124208345],[119.75741558386221,-3.7089729719250499],[119.75731460438556,-3.708643343415531],[119.75729934558842,-3.7083277910946322],[119.75739812442396,-3.7079473284064193],[119.75761792232936,-3.7074517219193694],[119.75778809834208,-3.7070710361992951],[119.75788138771588,-3.7067869295730702],[119.75799321661373,-3.7064463680054587],[119.75812882898231,-3.7062751568729482],[119.75868426466718,-3.7055739168027912],[119.75894912580156,-3.7050279617709521],[119.75927024492591,-3.704204486747642],[119.75941747743468,-3.7037672678450804],[119.75952493382874,-3.7034481659001131],[119.75963753884139,-3.7029218151895975],[119.75971206745805,-3.7023955840888902],[119.75979667837407,-3.7019416476888409],[119.75981422414714,-3.701847512053007],[119.75986189181288,-3.7015917718427431],[119.75991776489298,-3.7011899259742336],[119.75991661016349,-3.7008169492427783],[119.75965685627898,-3.6999379087074544],[119.75925635309829,-3.6993737720818558],[119.75888792513774,-3.6987532875341458],[119.75865837498407,-3.698404933340953],[119.75841608323572,-3.6980557463755304],[119.75840657110643,-3.6978646791116034],[119.75835239684568,-3.696776426590759],[119.75836936615337,-3.6961069208976483],[119.75833903381942,-3.6955331992976426],[119.75842302510262,-3.6949878108387679],[119.75854571511275,-3.694643137570722],[119.7588301194146,-3.6942597062204072],[119.75910435328331,-3.6936659072557632],[119.75922251880422,-3.6935124541363962],[119.75991105864853,-3.6929843083790956],[119.76163211013386,-3.691568307831119],[119.76189319411571,-3.6913403575713915],[119.76203513591281,-3.6910649617785225],[119.76289938979505,-3.6896396820256427],[119.76337155725162,-3.6884068976601725],[119.76370381358015,-3.6881069998381122],[119.764129860205,-3.6873525387885593],[119.76451429699728,-3.6870436423501474],[119.7649418733688,-3.6867840917124113],[119.76497885708864,-3.6864301239510269],[119.76481552042003,-3.6859428919508446],[119.76435474737377,-3.6847010649021854],[119.76369498943222,-3.6836819837365056],[119.76346294995528,-3.6833235706262144],[119.76260777382981,-3.681829659111429],[119.76172302889472,-3.6804696008913425],[119.76049166545806,-3.6786085276613676],[119.76037470502865,-3.6783795377854176],[119.76025062646534,-3.6776170529845444],[119.75995049661822,-3.6767572606390218],[119.75966344471226,-3.6762799715434085],[119.75965081103618,-3.6760409209517206],[119.75997466769684,-3.6755320197868286],[119.75970644669519,-3.6744298547539529],[119.75918327328952,-3.6736102755937168],[119.75883961985267,-3.6731186198284149],[119.75861409866184,-3.6723429095975462],[119.75871469592653,-3.671192912323022],[119.75901587708108,-3.6698255803862025],[119.75885037664364,-3.6697124483707739],[119.75853345015867,-3.6695335453367761],[119.75804454901674,-3.6693147780545132],[119.75767855192373,-3.6691417700765783],[119.75723709631495,-3.6689330913890217],[119.75662597820644,-3.6685300278384716],[119.75626339224186,-3.6682715626824347],[119.7557198366012,-3.6680114445724712],[119.75515060891348,-3.6677847713500569],[119.75459190779043,-3.6676203617902274],[119.75401436676964,-3.6674950637461734],[119.7536424809158,-3.6674526040544038],[119.75352709160211,-3.6674394289864267],[119.75248902305009,-3.667245812144472],[119.75169154113178,-3.6671149419009907],[119.75150895807201,-3.6661315773104093],[119.75149067935138,-3.666088040230818],[119.75104954030405,-3.6654088632284356],[119.75018405974663,-3.6643356185938956],[119.74971904459824,-3.6640262329242432],[119.74935551884221,-3.6638301015779007],[119.74911731721045,-3.6637591090955652],[119.74896837688914,-3.6636938183150392],[119.74883730519753,-3.6636344486708481],[119.7487715674539,-3.6635390144139137],[119.74885387610561,-3.663215986028888],[119.74927506639131,-3.6627781160171935],[119.74941638585756,-3.6623308058219664],[119.74948701411449,-3.6620795406382172],[119.74949343077731,-3.6618428201899746],[119.74947633736315,-3.6617215268269661],[119.7494277523889,-3.661376792405008],[119.74946173507112,-3.6613022700836382],[119.74956553302297,-3.6611973470798489],[119.74982978621574,-3.6610321569084476],[119.74997231886744,-3.6609480352236119],[119.75037202524879,-3.660523312400926],[119.75062098636954,-3.6602212876822477],[119.75071222798704,-3.6600561775505298],[119.75092522162174,-3.6593165831936858],[119.75095855499342,-3.6585418217476331],[119.75091350795208,-3.6578175113689895],[119.75081971136069,-3.6574950261744448],[119.75065482605942,-3.6572731778148295],[119.75052925282284,-3.6570980087660701],[119.75018877309344,-3.6566218905877577],[119.75010960487441,-3.6564141238127377],[119.74999330544676,-3.6557354603231715],[119.74994671426953,-3.6556466100029752],[119.74967309913427,-3.6553060790122913],[119.7493387177077,-3.6549102136353895],[119.74922404965025,-3.6547671108134523],[119.74877196135697,-3.6543248035467855],[119.74875143702923,-3.6543047252827705],[119.74867415918516,-3.653935803594436],[119.7486585469544,-3.6534983130966339],[119.74857951183503,-3.6533335815794885],[119.74835659777887,-3.6531109939771227],[119.74830738507785,-3.6530618523225939],[119.74790642144421,-3.6526829265757783],[119.74743681525683,-3.6524261485478746],[119.74731756425422,-3.6523404422575823],[119.74708341226972,-3.6520351224228875],[119.74705850374698,-3.6519954884010417],[119.74690644907344,-3.6517535356970825],[119.74671532335356,-3.6515102483991768],[119.7464768852002,-3.6512816803052601],[119.74647664598047,-3.6512814509781606],[119.74620008016961,-3.651114935206067],[119.74600457295276,-3.6509959881742589],[119.74589484127398,-3.6509102522063017],[119.74551202416069,-3.6502371833992697],[119.74549108794338,-3.6501969747105818],[119.74538276010639,-3.6499889228504685],[119.74501969390383,-3.6495501049533345],[119.74481687879597,-3.6494287963018337],[119.74423825768952,-3.6490827084002149],[119.74390409120087,-3.6489414446919],[119.7437610270498,-3.6488510277526984],[119.74371470926644,-3.6487950449553068],[119.74367026117363,-3.6487413230535708],[119.74366982590186,-3.64859786769739],[119.74374066819735,-3.6484159402434102],[119.74377521205645,-3.648362553788786],[119.74402777765988,-3.6479722219404493],[119.74404055792547,-3.6477997535557165],[119.74419170428382,-3.6474167412895326],[119.74425294002128,-3.6472061506432851],[119.74426195122817,-3.6470387580322381],[119.74420889932128,-3.6468093913402981],[119.74415154595715,-3.6467733564052196],[119.74403223829722,-3.6466983943154219],[119.7438226333079,-3.6465666993935884],[119.74365696829454,-3.6464789570381981],[119.74361168113421,-3.6464549712198959],[119.74348753961829,-3.646326239564246],[119.74341566759904,-3.6461686585566895],[119.7433145136539,-3.6457316815718173],[119.74329509729102,-3.6456478036031967],[119.74326607616854,-3.6454948720906373],[119.74326319024408,-3.645486162156601],[119.74312677208297,-3.6450744938927073],[119.74285389619047,-3.6445541047880852],[119.74266210677092,-3.6440908487136312],[119.742690384154,-3.6436054018677737],[119.74288535807284,-3.6431565052684505],[119.74309833641917,-3.6426930027798221],[119.743163153257,-3.6425519441168603],[119.74320395909547,-3.6424917363045211],[119.74352445678835,-3.6420188556855919],[119.74392813187785,-3.6417247306117702],[119.74395432373308,-3.6417162257232008],[119.7440068918047,-3.6416991565907324],[119.7448377484634,-3.6414293779633908],[119.74531329017623,-3.6413393971953951],[119.74531938038513,-3.6413382451638086],[119.74534330145229,-3.6413206885988529],[119.74568742973111,-3.6410681391832327],[119.74590668894257,-3.6407805557779511],[119.74600140913776,-3.6406248552528382],[119.74599477124173,-3.6403977368660208],[119.7456899550275,-3.6399384153255596],[119.74562950080087,-3.6396218018046511],[119.74569420162618,-3.6393765333003216],[119.74588331466327,-3.6389575418569962],[119.74614376822035,-3.6385204002962155],[119.7461906022146,-3.6382692088568547],[119.74616638796851,-3.6381318050387108],[119.74604126888948,-3.6380724138107894],[119.74581486636305,-3.6379655140971749],[119.74580981127383,-3.6379386720320213],[119.74576649183018,-3.6377086371438168],[119.74581664522202,-3.6375706073975493],[119.74583095793241,-3.6373856636174082],[119.74588703785662,-3.6372404428920504],[119.74586505572779,-3.6370540170292429],[119.74572140072212,-3.6367675451859895],[119.74554131238176,-3.6362373076055974],[119.74552674516326,-3.6361892478354889],[119.74551643083862,-3.6361552210865398],[119.74536102798913,-3.6356425166887334],[119.74525300592154,-3.6353344161503287],[119.74508038285342,-3.6349117482785118],[119.74455654664735,-3.6340310925608037],[119.74395448471171,-3.6332510952618122],[119.74332113895946,-3.6325135099904742],[119.7433445869832,-3.6322402338996085],[119.74345490681856,-3.6319971849221133],[119.74348122817617,-3.6319391966365515],[119.74370850034711,-3.631546389853952],[119.74371372181088,-3.6315296669604891],[119.74383106175412,-3.6311539032300288],[119.74383864483764,-3.630513109292508],[119.74382745097614,-3.6299584461253289],[119.74386993405028,-3.6297271413944259],[119.74389347470412,-3.6295989673184295],[119.7439187177747,-3.6294223152875702],[119.74397038202756,-3.6290607716372278],[119.74422436226462,-3.628055805331087],[119.74430168057813,-3.627653892013484],[119.74413635281053,-3.6272814099090738],[119.74395323375484,-3.6269220866848855],[119.74387335597066,-3.6267653492414524],[119.74369108137842,-3.6264076825684697],[119.74349658230153,-3.6258962273290081],[119.74347039224483,-3.6258273581460116],[119.74344779677847,-3.6257928106896316],[119.74324565886013,-3.6254837469772951],[119.74289729477437,-3.6251787670863678],[119.74236140945152,-3.6242431502011527],[119.74203540161261,-3.6234599126448188],[119.74195625407788,-3.6224655232652481],[119.74182562125543,-3.6217593971783799],[119.74180638205894,-3.6216925092018641],[119.74135859612238,-3.6199807603038039],[119.74109074294347,-3.6195416402344449],[119.74025066373724,-3.6187408344219421],[119.73983028014334,-3.6182256658817096],[119.73957017282532,-3.6176975066345562],[119.73960462405421,-3.6174039661200936],[119.73983090427282,-3.616849675272249],[119.73990487081323,-3.6161226039749295],[119.74003586516312,-3.615366668037268],[119.74016790902181,-3.6148969746156467],[119.74020539546268,-3.6147636357331407],[119.74008041487934,-3.6143527732618281],[119.73967852674264,-3.6136558346490233],[119.73916847804287,-3.6134260371817959],[119.73898270418852,-3.6133423381783132],[119.73826594901436,-3.6123976938984015],[119.73788321733662,-3.61173895039218],[119.73767188115244,-3.6110988156577832],[119.73765102677351,-3.6109653023067949],[119.73759423998229,-3.6106017333832483],[119.73740231476506,-3.6100858687677828],[119.73687628691118,-3.6092554087101121],[119.73624917076268,-3.6088388877044508],[119.73617027593752,-3.6087171878479012],[119.73609824024163,-3.6085022202012738],[119.73642434161013,-3.6077337387210378],[119.73628981921979,-3.6073133380400577],[119.73592535637022,-3.606988085631599],[119.7357290856288,-3.6068129309719552],[119.73522856164891,-3.6065514377985437],[119.73434633841282,-3.605974295177532],[119.73137626979906,-3.6035265402176151],[119.73102510702313,-3.6026776098837558],[119.73058034280859,-3.6019616614015035],[119.72990842693241,-3.601335953591331],[119.72952080474136,-3.6009749900037491],[119.72930509425476,-3.6004591901394747],[119.72903558542396,-3.5998622318564912],[119.72891701790616,-3.5995996091346001],[119.72863545366329,-3.5985460389684931],[119.7284456958123,-3.5971550656537374],[119.72827949120563,-3.5964813115632523],[119.72696542611357,-3.5954103287236308],[119.72668359567149,-3.5951806328798739],[119.72626822939537,-3.594744331285824],[119.72571407974101,-3.5938919376627609],[119.7251805713264,-3.5921361705478034],[119.72484116179021,-3.5908317147118396],[119.72387876489313,-3.5888907322214436],[119.72381353616584,-3.5885609724109031],[119.7238404978408,-3.5880229224198956],[119.72384890830051,-3.5878876922631662],[119.72391545723258,-3.5868176447185078],[119.72416264489016,-3.5859131155977479],[119.72449466829437,-3.5846139558693153],[119.72484182908715,-3.5838309359488676],[119.72499123795535,-3.5836583389611292],[119.72528340610438,-3.5834781418027433],[119.72582456685029,-3.5830031118041461],[119.72677115996112,-3.5824258495732693],[119.7271969772587,-3.5815733911990151],[119.72746114681456,-3.5807787988024984],[119.72732712174934,-3.5805209748630773],[119.72663407810023,-3.580360802009352],[119.72624183968924,-3.5802355057639375],[119.72549917594631,-3.5799982709034452],[119.72481266137527,-3.5796034190624937],[119.72465957158204,-3.5794703796542535],[119.7236683208364,-3.5788943234142607],[119.7228864943163,-3.5784567151052897],[119.7222567962142,-3.5779612686975497],[119.72174292989234,-3.5770158923695021],[119.72025790817599,-3.5745599922498172],[119.71968683328078,-3.57342085608758],[119.7196115977971,-3.5732707826204546],[119.71935812118045,-3.5720449608062381],[119.71915559025831,-3.5710429101021646],[119.71915527369697,-3.5710413488790778],[119.71922336946295,-3.5699221641764893],[119.71945707538373,-3.5692830762529297],[119.71956703099374,-3.5690897319055352],[119.71975536791592,-3.5687585637566599],[119.71991804268362,-3.568241627149348],[119.72005066390705,-3.5674044680417296],[119.72037778690537,-3.5669731190141647],[119.7203962607789,-3.5669617515835057],[119.72081445632216,-3.566704430365121],[119.72140235213692,-3.5659375685638679],[119.72167723441692,-3.5655446313795665],[119.72214169918016,-3.5648833400940134],[119.72220734339419,-3.5645484082823486],[119.72207329674529,-3.5642810155563893],[119.71929797092469,-3.5633115302028955],[119.71881378582759,-3.5628656607216271],[119.71824948012943,-3.5616163594074237],[119.71820787209572,-3.5614986372522708],[119.71790697602614,-3.560647319218333],[119.71780522223332,-3.5600307440235497],[119.71760205279259,-3.5589123624155263],[119.7175128526361,-3.5577075667507643],[119.71738254626757,-3.5570910760922629],[119.71717586407487,-3.5564066326599004],[119.71688767812395,-3.5555084716386318],[119.71675394443901,-3.5553462798069404],[119.71663816931607,-3.555222290276447],[119.71650107936136,-3.555133032563333],[119.71635542336412,-3.555093858095006],[119.71621529819754,-3.5550561711053774],[119.71506137987888,-3.5551253325679681],[119.71414987022035,-3.5550778510619239],[119.71303579186838,-3.5549376809291857],[119.71197983040486,-3.5551416417732753],[119.71134255191726,-3.5551745695506725],[119.71097124792482,-3.5551469729543896],[119.71043737708339,-3.5549883874040802],[119.70907931985482,-3.5539177220251759],[119.70735977293521,-3.5527943401866082],[119.70661347143459,-3.552041476333045],[119.70625786241044,-3.5514285299026938],[119.70617048158249,-3.5508405981150872],[119.70588083333382,-3.5494355333231624],[119.70579370521534,-3.5489336756485841],[119.70581954633508,-3.5480011038678185],[119.70570265245556,-3.5470832980557248],[119.70547274886837,-3.5465818603645403],[119.70474396346322,-3.5463688091731456],[119.70371092122207,-3.5462714188907967],[119.70353949065498,-3.5462384470466191],[119.70328245182372,-3.5462248555925839],[119.70306845364632,-3.5462828681597784],[119.70223674263161,-3.5466822184096145],[119.70211587105064,-3.5467079336241909],[119.70109234003951,-3.5459688932497784],[119.70024755378165,-3.5453789460814278],[119.6998013299675,-3.5449389293880245],[119.69977194192165,-3.5446520924201081],[119.70001341438763,-3.5442209988000286],[119.70075402138104,-3.5435875990883687],[119.7011647417595,-3.5424387043826755],[119.70180140870809,-3.5404283787665918],[119.7016792034326,-3.5376742778456105],[119.70157784714002,-3.5371868057264351],[119.7010752241423,-3.5361840463565954],[119.70110182698784,-3.5355096987135539],[119.70122882924716,-3.5349928664276149],[119.70201209827974,-3.5343019622657152],[119.70285210194299,-3.5334817760630699],[119.70288007535521,-3.5332808486322165],[119.70267902831461,-3.5328797447044167],[119.70244955010673,-3.532521762369413],[119.70237716637314,-3.5321776673654313],[119.70236401198963,-3.5316311673444716],[119.70236093810684,-3.531503445627493],[119.70229776343115,-3.5312167831280021],[119.70208605582684,-3.5302561354122872],[119.70217022607517,-3.5297394281320749],[119.70231212920146,-3.5294377451557466],[119.70246785400832,-3.5289782140732768],[119.70248059560311,-3.5284473703497952],[119.70237895422542,-3.5278594745350915],[119.70194710877206,-3.5266413131460581],[119.70161495766422,-3.5253367826663293],[119.7017187340324,-3.5246239773146613],[119.70175495602643,-3.5243751825685763],[119.70180995406622,-3.5236433691461002],[119.70175180929857,-3.5232848849893799],[119.70162240225216,-3.5229696465319194],[119.70152626562469,-3.5227474879062015],[119.70130618982887,-3.5222389149938635],[119.70076137603678,-3.5214514632144187],[119.69997079011989,-3.519603109096181],[119.69964001587414,-3.5187719925334022],[119.69939770703866,-3.5180145862041172],[119.69939048728122,-3.5164056001382846],[119.69936730815482,-3.5161464443029331],[119.69936098322285,-3.5160757243151579],[119.6992745349919,-3.515803397908428],[119.69885937645915,-3.5151680736476578],[119.69795521246317,-3.5137844172170389],[119.69722365175016,-3.5125958048524808],[119.6962482704414,-3.5110205496586104],[119.69623430666798,-3.5109897208988627],[119.69604711278407,-3.5105763996810424],[119.69573258119374,-3.5103587907255474],[119.6954893145803,-3.5101904871012266],[119.69519498536033,-3.5098681332077604],[119.69484305546268,-3.5089157259799322],[119.69470250221877,-3.5082376749286937],[119.69454070159213,-3.5078256892041395],[119.69430743004398,-3.5073840222547688],[119.69397355943227,-3.5071279510940485],[119.69353765174128,-3.5065553617404817],[119.69314829206007,-3.5056180037678359],[119.69298666410327,-3.5052657923823745],[119.69295199883572,-3.504907042026332],[119.69296714072107,-3.5046800432493228],[119.69296708316438,-3.5043823586588587],[119.69293758360266,-3.5040524801377728],[119.69254546839875,-3.5033984670655514],[119.69233273826535,-3.5026498875822085],[119.69222245620142,-3.5019456446756863],[119.69225471668187,-3.5015773309290239],[119.6923585128352,-3.501261414382725],[119.69262348908285,-3.5007250560164493],[119.69329858676042,-3.5004840026345505],[119.69357637385065,-3.5004725992310455],[119.69382538083676,-3.5004718806727055],[119.6938761097947,-3.5004717340831917],[119.69395016266992,-3.5004715200445844],[119.6941047714181,-3.5004492609245972],[119.69411029325545,-3.5004484659239097],[119.69424231103392,-3.5004226679716908],[119.69429447800781,-3.5004110730125717],[119.69439678938033,-3.5003883327552785],[119.6945455813136,-3.5003314218575952],[119.69457568521977,-3.5003148095807433],[119.69463818000804,-3.5002803223789556],[119.69474592868175,-3.5002183932641628],[119.69476163713989,-3.5002093640708267],[119.69486265079081,-3.5001525907694031],[119.69500014544042,-3.5000759451486942],[119.69503274496526,-3.5000557967375698],[119.69510114290347,-3.5000135241048156],[119.69512269605559,-3.5000000306768015],[119.69512273022985,-3.5000000090930712],[119.69512276440412,-3.4999999866100211],[119.69521897117863,-3.4999397581132712],[119.69525833360524,-3.4999123431800285],[119.69534519102785,-3.4998518475846367],[119.69547422125834,-3.4997639298614445],[119.69556096806434,-3.4996912817272232],[119.6955723516827,-3.499681748913531],[119.69570411135567,-3.4995655816862268],[119.69580726629238,-3.4994559831071115],[119.69581338707826,-3.4994494801093765],[119.69590299822482,-3.499336259960387],[119.69597300774819,-3.4992485122090216],[119.69602769102517,-3.4991768029670425],[119.69607660605061,-3.4991126579227512],[119.69625024715128,-3.4989003531687217],[119.69627193160443,-3.4988641653488912],[119.6963061885798,-3.498806997245083],[119.69640710690248,-3.4987163356902897],[119.69651366127653,-3.4986313065894592],[119.69655331598278,-3.4985973257059868],[119.69664262495724,-3.4985207960978073],[119.69669865631795,-3.4984585045563108],[119.69675463102146,-3.4983764459162217],[119.69682748420109,-3.4982999855558319],[119.69685500705305,-3.4982691891717081],[119.69690592486859,-3.4982122144220966],[119.697023656017,-3.4981045601772394],[119.6971128462809,-3.4980219313669636],[119.69712456534648,-3.4980110747512754],[119.69724790916371,-3.4979005813466983],[119.69732077763183,-3.4978297687288205],[119.69740480039127,-3.4977278611518159],[119.69743749524423,-3.4976755098168724],[119.69747194287595,-3.4976203525971528],[119.69755590897807,-3.4974986761229729],[119.69767638485735,-3.4973684219150982],[119.69779120939688,-3.4972268884101254],[119.69792137726984,-3.497115882391995],[119.69806035490149,-3.4969973625381954],[119.69825669668921,-3.4968612411532831],[119.69843332533776,-3.4967110570696036],[119.69859269509686,-3.4965795060393248],[119.69860155521769,-3.4965721918531472],[119.69869965326643,-3.4964787154203236],[119.69884253215719,-3.4963201559504],[119.69896860541689,-3.4961814139410308],[119.69907790362242,-3.4960737839779199],[119.69913385404413,-3.4959832528248285],[119.69917286843315,-3.495867353595429],[119.69919599270099,-3.4957334301536207],[119.69919774997629,-3.4957232561233127],[119.699194001602,-3.4956554202614143],[119.69919182164529,-3.4956159598086742],[119.69916335540461,-3.4954889602472576],[119.69896846692131,-3.4951506370921948],[119.69892036578233,-3.4950378135442293],[119.69890879420552,-3.4949220618036634],[119.69892530126174,-3.4947977557118293],[119.69895589979501,-3.4946875303052138],[119.69902012038233,-3.4945404938486604],[119.69913140788822,-3.4943535679627189],[119.69917675170575,-3.4942774061773321],[119.69929706660639,-3.4940906709476849],[119.69943999406053,-3.4939490556043893],[119.69957736460378,-3.493830050116685],[119.699629188936,-3.4937965692562329],[119.69977934334213,-3.4936995602864158],[119.69999542075209,-3.4935859750127065],[119.70012723618311,-3.4934895766825775],[119.70035597424885,-3.4932708156955528],[119.7003090116516,-3.4930647963032584],[119.70020109030816,-3.4926711531511501],[119.70030641980554,-3.4926496692468163],[119.70036662491987,-3.4925732457586491],[119.70040415812548,-3.492430523349924],[119.70041915881723,-3.4922709215657051],[119.70044668166906,-3.4920675120060309],[119.70045722532075,-3.4920219010897995],[119.70049109918489,-3.4918753475691915],[119.70051881898837,-3.4917411255524371],[119.70057321088507,-3.4915969426447191],[119.70064880070163,-3.4914950593494609],[119.70077213642503,-3.4913817411743935],[119.70094896921967,-3.4913035703035007],[119.70109210981309,-3.4912367911449564],[119.70126891832604,-3.4911501477610614],[119.7013880569134,-3.4910439018545389],[119.70142288136094,-3.4909364877286748],[119.70147853860374,-3.4907442927149077],[119.70149647108531,-3.4906270436031264],[119.70149054365368,-3.4905197472884311],[119.70143533427336,-3.4903772919784046],[119.70136042614286,-3.490226422611272],[119.70108123161356,-3.4898897551080381],[119.70121699686695,-3.4896409198925085],[119.70148222402543,-3.4895158970409739],[119.70180495923159,-3.4893539947909744],[119.70200537314952,-3.4891684421698415],[119.70200955499706,-3.4891644410860181],[119.7022155788859,-3.4889673285792924],[119.70245240005829,-3.4887364860999242],[119.70265427537458,-3.4885706969800481],[119.70283796010381,-3.4884317885961309],[119.70295560042064,-3.4882930717678278],[119.70301844684388,-3.4881573370913657],[119.70318513078917,-3.4879704687620574],[119.703309757939,-3.4878176109938863],[119.70342612571517,-3.4877254943360754],[119.70384470257102,-3.4876649807542321],[119.70416619401476,-3.4875595631232841],[119.70436417616588,-3.4875067477381663],[119.70446793364829,-3.4874560043910492],[119.70461395207224,-3.4873845928246396],[119.70468954188891,-3.4872827086300617],[119.70474213873877,-3.4872227526278721],[119.7048078971668,-3.4871798252886492],[119.7049462677561,-3.4871337062555199],[119.70503885745734,-3.4870797820062762],[119.70504956838295,-3.4870578340517682],[119.70515341220027,-3.4868450562543103],[119.70526811623063,-3.4866625757172756],[119.70534919730767,-3.4865154915966059],[119.7054763461565,-3.4862623729101188],[119.7055205847073,-3.4860080833063307],[119.70553252230809,-3.4857595340752141],[119.70551916018121,-3.4855096457534955],[119.70543003197042,-3.4852995119628645],[119.70532263673033,-3.4850894321315309],[119.70523482063049,-3.4848468193251847],[119.70520242525174,-3.4848200842794199],[119.70508423185186,-3.4847653569356112],[119.70496602316348,-3.4847049809500845],[119.70489125442793,-3.4846021200917221],[119.70488119910806,-3.484577522734412],[119.70481342260143,-3.4844117219233794],[119.70480708507898,-3.4841604009816933],[119.70485545601457,-3.4838764472402204],[119.70487618628704,-3.4837549533284005],[119.70487432469042,-3.4835954001075606],[119.70476849966656,-3.4834432078377517],[119.70465981030202,-3.4832712547645315],[119.70460564593384,-3.4830815400809456],[119.70460019514292,-3.4830624492725519],[119.70460795719157,-3.4828280319880491],[119.70462428708129,-3.4826415980312504],[119.70462385900396,-3.4824919256618045],[119.70462479609751,-3.4823281285402459],[119.70459771121546,-3.4821926537679246],[119.70454255759307,-3.4820699682543932],[119.70444244416353,-3.4819488232795379],[119.70430699367284,-3.4817557658158762],[119.70429174476828,-3.4817161326933501],[119.70424187196488,-3.4815865116081568],[119.70423701922311,-3.4815241229399021],[119.70423166016303,-3.4814552240792977],[119.70419071672825,-3.481387565383784],[119.70410466959493,-3.4812720276818823],[119.70398775503088,-3.4811721112039322],[119.70389617167109,-3.4810862430356337],[119.70388789610956,-3.4810560231169347],[119.70383937228928,-3.4808788386874312],[119.70380521693733,-3.4807278524083927],[119.70379491340464,-3.480564087662458],[119.70376760189333,-3.4803495399992244],[119.70372375994361,-3.4802508250155029],[119.70364063200964,-3.4801734032798777],[119.70350833993803,-3.4801017713796227],[119.70344826792325,-3.4800436284106695],[119.70337306841247,-3.4799708426801885],[119.70329126158254,-3.479863764900756],[119.70327671145117,-3.4796887172604443],[119.70327889500504,-3.4796355025763432],[119.70328459400889,-3.4794966589436171],[119.70327569161998,-3.4793314786647329],[119.70325208801353,-3.479221550034481],[119.70324721009069,-3.4791988322602379],[119.70318493923367,-3.4790436893147785],[119.70312975503418,-3.478909704719058],[119.70306769012188,-3.4788265758857051],[119.70301538824958,-3.4787179998357942],[119.70296121758622,-3.4786409216411585],[119.70283757429468,-3.478451641330139],[119.70279731074731,-3.4783684072761503],[119.70271892044184,-3.4782345305990816],[119.70267075994764,-3.4781597600648411],[119.70249009424253,-3.4779772822257655],[119.70244603016022,-3.4777173089066196],[119.70233366616583,-3.4774559092627442],[119.70220595973728,-3.477312269545564],[119.70208465198516,-3.4772028904010313],[119.70192082788401,-3.4770551740569999],[119.70172834868436,-3.4767886860489625],[119.70169093059201,-3.4766832099621183],[119.70164951771119,-3.4765032646139389],[119.70166266040349,-3.4762386678801818],[119.70166486374251,-3.4761942998270001],[119.70167318337076,-3.4760268091898183],[119.7017319756502,-3.4759290241051417],[119.70173639491873,-3.4759252928179762],[119.7018280870966,-3.4758478836728273],[119.7020513240094,-3.475781725046545],[119.70227718784201,-3.475750292841667],[119.70262969330577,-3.4757254211912141],[119.70339641571206,-3.4758116715713641],[119.70345104413047,-3.4758119521598019],[119.70367844310567,-3.4758131167818647],[119.70392093000703,-3.4757618446333822],[119.7041236183104,-3.4756577193282396],[119.70426038810649,-3.4755257258315169],[119.70448437505388,-3.4752756585447742],[119.7045564431254,-3.4752082552567458],[119.7048793896721,-3.4749062098536569],[119.70512256545408,-3.474657509536371],[119.70526253773596,-3.4744346296544109],[119.70542608574533,-3.4741174531578736],[119.70550942232205,-3.4739135372798842],[119.70561909284697,-3.4737178196216405],[119.70571770440858,-3.4736231129163002],[119.70582152844088,-3.4735558373319577],[119.70593646179839,-3.4732157038416176],[119.70608935104281,-3.4729890198273665],[119.7062236737836,-3.4728439420941868],[119.70605014869545,-3.4727081219821798],[119.70583189762408,-3.4726991521441164],[119.70578075497792,-3.4726970504285077],[119.70566262812781,-3.4726649140545192],[119.70559508364624,-3.4726312200547227],[119.70553304661291,-3.4725579738713463],[119.70545832014545,-3.4724692305704821],[119.70532291821814,-3.4722917070965309],[119.70518545774269,-3.4721254692149728],[119.70510859178819,-3.4720325116909976],[119.70491887980256,-3.4717468240566518],[119.70484186995634,-3.4716308537808231],[119.70461479383778,-3.4713349840222349],[119.7044920777472,-3.4711715421329359],[119.70434974294631,-3.4710265129631352],[119.70424275779715,-3.4709590440245961],[119.70411470243164,-3.4708944592118769],[119.70402470817385,-3.4708721245488618],[119.70393338381871,-3.4708766238570661],[119.70383648006953,-3.4708952578098433],[119.70370583195859,-3.4709069301106865],[119.70353297596614,-3.470900366858416],[119.70323221839226,-3.4708828741452749],[119.70300451724472,-3.4708609360832838],[119.70282323010804,-3.4708543971127028],[119.70268415894679,-3.4708689157678236],[119.702486202876,-3.4709302009679277],[119.70226001079095,-3.4709449705339352],[119.70198460600477,-3.4709485858085145],[119.70169097375947,-3.4709663725999462],[119.70143522185811,-3.4709628715392569],[119.70114571300428,-3.4709481703217762],[119.70095165099792,-3.4708964826864985],[119.70089674468909,-3.4708599279432519],[119.70080795012689,-3.4707655773694341],[119.7007654382744,-3.4706400293138699],[119.70073330639707,-3.4704998169129908],[119.70072275285281,-3.4704537653289549],[119.70070536176308,-3.4702674275996515],[119.7006682503395,-3.4700642033002964],[119.70057786217865,-3.4699034917526888],[119.70042273901822,-3.4697090781114071],[119.70031556231345,-3.4695738308675459],[119.70031505239785,-3.4695734315685627],[119.70023408283669,-3.4695101309877145],[119.70018599698619,-3.4694725366281887],[119.70002844205897,-3.469410860222979],[119.69984789596367,-3.4694141688287914],[119.69984577806031,-3.4694142083989732],[119.69971089773981,-3.4694202428498784],[119.69954784975357,-3.4694037663706467],[119.69949890684916,-3.4693992679618191],[119.69945667198783,-3.4693953855885411],[119.69939886266741,-3.4693900732931979],[119.69906657666127,-3.4691566299744636],[119.69893691690527,-3.4690214465824738],[119.69875938803534,-3.4688420057539133],[119.69863886089479,-3.4687005262082948],[119.69854782432265,-3.4685763631086388],[119.69846852480259,-3.4683619620348622],[119.69838636094187,-3.4681278019564274],[119.69834819731147,-3.4679645381328896],[119.69834084175648,-3.4679330726531248],[119.69830951207439,-3.4677863122884105],[119.69833390978215,-3.4676471377051712],[119.69834269885655,-3.4675970049977423],[119.69841526335381,-3.4674188816759965],[119.69844572788804,-3.4672606486599875],[119.69843127578281,-3.4671194865749726],[119.69840568737266,-3.4670150707888183],[119.69835760691808,-3.4669078949833079],[119.69828150268927,-3.4668290388290188],[119.69819572625181,-3.4667845826423331],[119.6979184337888,-3.4666408682813881],[119.69772709942617,-3.466559518307065],[119.69752459458448,-3.4665036173479962],[119.69728206091838,-3.4664654375298483],[119.69726030272091,-3.4664620129115065],[119.69706062624698,-3.4664117507016954],[119.69687784983296,-3.4663755619825452],[119.69671745304811,-3.466302594589024],[119.69661319014665,-3.4662040522751454],[119.69648897488639,-3.4660067239311161],[119.69626635940506,-3.4657955559201241],[119.696142248466,-3.4656349397006352],[119.6960211079878,-3.4655307973084177],[119.69587168832777,-3.4653646052922795],[119.69575873887482,-3.4651757161863088],[119.69564590903155,-3.4650291878467101],[119.69550789907032,-3.4649222692472676],[119.69529400971089,-3.4648155655858091],[119.69500128757943,-3.4646582561735499],[119.69477619716383,-3.4645657051431158],[119.69450315489678,-3.4644111629447707],[119.69442284004208,-3.4642649799448009],[119.69440710820152,-3.4642363446315585],[119.69435596285746,-3.4640388067454637],[119.69432425815808,-3.463759316339349],[119.69432365920954,-3.463547514306299],[119.69431485214875,-3.4634148076472115],[119.69425540426357,-3.4632624786804058],[119.69416515369892,-3.4631497738429289],[119.6940496420774,-3.4630484382348072],[119.69395087313433,-3.4629046932969345],[119.69335295437543,-3.4626854592664813],[119.69326431179866,-3.4626222162422664],[119.69321496779662,-3.4625870095827622],[119.6931098550358,-3.4625098693349514],[119.69307697402314,-3.4624857378265119],[119.6929360349701,-3.4623364647559924],[119.69289146187157,-3.4622957038835693],[119.69276979439053,-3.4621844397600512],[119.69259813989231,-3.4621058569996421],[119.69242653575611,-3.4620729319202042],[119.69232257592626,-3.4620529858565874],[119.69213976084131,-3.4620026741840206],[119.69196535261904,-3.4619438666160818],[119.69179085716235,-3.4618539937667379],[119.69172936511814,-3.4617963939883225],[119.69170068663743,-3.4617695303394953],[119.69160476045136,-3.4616370718932785],[119.69150599240766,-3.4614933269554058],[119.6913399433837,-3.4614090775668274],[119.69108689304574,-3.4613674389560742],[119.69082830288392,-3.461354056144728],[119.69046445427125,-3.4614395241147236],[119.69046319791835,-3.4614398190923339],[119.69030428411543,-3.4614334294091691],[119.6902664514356,-3.4614319077562641],[119.6900920108377,-3.4613618029048325],[119.69007960738804,-3.4613324328454382],[119.69002410932524,-3.4612010248073943],[119.68998993778541,-3.4610429752530649],[119.68991931312587,-3.4609132687323267],[119.68982360187783,-3.4608570602051145],[119.68968864961153,-3.46083767621775],[119.68964584637877,-3.4608442070944534],[119.68957123322593,-3.4608555907128675],[119.68955662014196,-3.4608578210315954],[119.68934577408822,-3.4608330051390226],[119.68921348921117,-3.4607627797784062],[119.68917328681778,-3.4607321299837395],[119.6890819876437,-3.4606625206587296],[119.68904014668544,-3.4606273193952006],[119.68899378843264,-3.4605883139994376],[119.68894801563852,-3.460572753929398],[119.68887845307825,-3.460549105356904],[119.68876564571804,-3.460549427314163],[119.68863676387559,-3.4605497942375791],[119.68858950000549,-3.4605256609304433],[119.68855367371316,-3.4604779420033651],[119.68851525197738,-3.4603537168504772],[119.68862397821408,-3.4594766179515091],[119.68869796184151,-3.4587112706086032],[119.68871893043433,-3.4584239776843901],[119.6887712718767,-3.4577068196139749],[119.68886111145116,-3.4569166671703897],[119.68866331725837,-3.4565498579895007],[119.688386281102,-3.456187206374409],[119.68819536222622,-3.4559869012744002],[119.68780352221484,-3.4554141617341543],[119.68736055304714,-3.4546256460566838],[119.687025873945,-3.4540718732183109],[119.68675741642164,-3.4533744471729619],[119.68620259587317,-3.452381342924582],[119.68599183705373,-3.4518941657830737],[119.68562844709527,-3.4512830863453132],[119.68549436717137,-3.4509869746690924],[119.68548393593494,-3.4506618211860314],[119.6855781444159,-3.450317240548145],[119.68570114828947,-3.4500586575809393],[119.68573771382455,-3.4495229566190915],[119.68548867086554,-3.4489593730765478],[119.68552467432437,-3.4482228247235298],[119.68557938997697,-3.4473714527302945],[119.68558590106852,-3.4463002396642537],[119.68558921866759,-3.4461788995365623],[119.68559401745006,-3.4460034552951697],[119.68559453276157,-3.4459845956125719],[119.68563212082574,-3.4458123340718885],[119.68580306126228,-3.4456779501771848],[119.68593262658953,-3.4456678157170586],[119.68656430499868,-3.445618406963888],[119.68719219636284,-3.4455209861045546],[119.68740011692194,-3.4455203961493339],[119.6875443447957,-3.4455199869577768],[119.68775408018666,-3.4456437282753996],[119.68795453997006,-3.4458535715850189],[119.68823252581046,-3.4464945903530406],[119.68826108917801,-3.4465604540017125],[119.68840409397387,-3.446646127017118],[119.68947030231266,-3.4467291794080666],[119.6896797688064,-3.4467572769267463],[119.68996572533797,-3.4469094925789818],[119.69025200382703,-3.4471764779120804],[119.69054774768051,-3.4474243067862744],[119.69091928189937,-3.447547586751682],[119.691452748046,-3.4477182268146862],[119.69181554535123,-3.448118891873321],[119.69205407613481,-3.4483286263649688],[119.69228295539415,-3.4484905672858304],[119.6925684811506,-3.4484897551980112],[119.69288242458424,-3.4484410416207538],[119.69335805892729,-3.4483536122293685],[119.69406144118261,-3.4480264298757675],[119.69431792872945,-3.4478535451049765],[119.69454575668135,-3.4476424859119561],[119.69484023428947,-3.4474408012519007],[119.69500111580896,-3.4471151621349918],[119.69508537329136,-3.4466175861326747],[119.69497817590218,-3.4457284228283811],[119.69503205968192,-3.4449556911521881],[119.69503965085926,-3.444846833614406],[119.69504221392708,-3.4448100819196839],[119.69504166713932,-3.4447779824179179],[119.69503081232222,-3.4441406229913127],[119.69506298646775,-3.4440500108992183],[119.69528576472635,-3.4434225862833046],[119.69542661744447,-3.4427431313903298],[119.69536687638026,-3.4418060126373007],[119.69534472068233,-3.4406966341422844],[119.69526712897493,-3.4401803891136069],[119.69516417728505,-3.4397948335646902],[119.69514208543899,-3.4397120995337218],[119.69497854192628,-3.4390908937297127],[119.69471893822845,-3.4381543415495912],[119.69458119716455,-3.4373970161593093],[119.69447726971032,-3.4368256094143135],[119.69428488134224,-3.4360992773596877],[119.69411227895853,-3.4356406860687798],[119.6940546108317,-3.4354400023541984],[119.69403466386871,-3.4351148767501059],[119.6940905612305,-3.4346843308171628],[119.69416473191689,-3.4345273496574009],[119.69429870931799,-3.4342437889196731],[119.69427828031849,-3.4337465105929255],[119.69411506325957,-3.4332400717718201],[119.69398037089741,-3.432723987721829],[119.69379793172925,-3.43215065372965],[119.69331783045357,-3.4306408727779854],[119.69326892981735,-3.4301723673607967],[119.69323890505154,-3.4296464222445593],[119.6932642173698,-3.4284890847034717],[119.69319620344208,-3.4279919403757049],[119.69272222205302,-3.4268055556318586],[119.69269531343798,-3.4267459467679942],[119.6926627031213,-3.4266561359718253],[119.69263325572024,-3.4265633331312984],[119.69262481018689,-3.4264821432362851],[119.69262447384051,-3.4263621224139911],[119.69265785307755,-3.4262391796943348],[119.69270131281542,-3.4261911424072764],[119.69274750379429,-3.426140085196721],[119.6929018211622,-3.4260521027223376],[119.69304922004551,-3.4260022658917819],[119.69323051527613,-3.4260144615980721],[119.69335141023942,-3.4260338887528974],[119.69346252057892,-3.4260716998490466],[119.69356253598232,-3.4261617867369978],[119.69373587131349,-3.426342037854738],[119.69412124160203,-3.4267243135761873],[119.69428737336364,-3.4268410428798006],[119.69445897839921,-3.4269055116799905],[119.69466433409184,-3.4269797678019813],[119.6948007297699,-3.427014683980417],[119.69492442342346,-3.4270298663352037],[119.69505786482864,-3.4270139573281995],[119.69522601107167,-3.4269242175785166],[119.69533116969774,-3.426843435076421],[119.69542936487335,-3.426785265127819],[119.69557802640486,-3.4266845896220843],[119.69570994525782,-3.4266263243453636],[119.69581658686604,-3.4265737769582074],[119.6959850020063,-3.4265026990402703],[119.69607347191322,-3.4264840929664615],[119.69619849206686,-3.4264710312130546],[119.69628553385041,-3.4264743542080396],[119.69633620794968,-3.4264762886497806],[119.69645846808385,-3.4264815910525499],[119.69660041977363,-3.4264938991740337],[119.696726224136,-3.4265171610380776],[119.696750845775,-3.4265217143056361],[119.69689008960597,-3.4265707399476355],[119.697001268294,-3.4266325548484815],[119.69708298878891,-3.4267128103478512],[119.6971478973577,-3.4268100549400629],[119.69718068933742,-3.4268731729584943],[119.69720723192825,-3.4269242616452971],[119.69729185633412,-3.4270369853685452],[119.69740304221671,-3.427101623241299],[119.69751553661274,-3.4271323692634041],[119.69764063141008,-3.4271461360852413],[119.69776287625575,-3.4271457898462927],[119.69788499789445,-3.4271016709053583],[119.69801401013854,-3.427009523670506],[119.69808544598664,-3.4269288355972094],[119.69815248325051,-3.4267832083783105],[119.69818018866488,-3.4266419266835442],[119.69818674742055,-3.4264752886036263],[119.69819608867863,-3.4262987588805913],[119.69821125574492,-3.4261956390174646],[119.69821949983009,-3.4261292501647063],[119.69824182010393,-3.4260712942547684],[119.69827969505195,-3.4260485953663533],[119.69835412923976,-3.4260356748064851],[119.69843148622419,-3.4260622848465232],[119.69852300663149,-3.4261298032477612],[119.69858369737983,-3.426225649394155],[119.6986894828334,-3.4263693763455763],[119.69884064088296,-3.4266584130552928],[119.69887592308544,-3.4267133832159971],[119.69893095979603,-3.4267979482666533],[119.69901817604807,-3.4268330020413487],[119.69910814242689,-3.4268468668893206],[119.69921769334189,-3.4268296115972703],[119.69943951382254,-3.4267626201987014],[119.69957559923455,-3.4266873964061801],[119.69971157672796,-3.4265740485534479],[119.69972118508474,-3.4265662802096131],[119.6998259183315,-3.4264574361616837],[119.69988619898891,-3.426358829096614],[119.6999760493552,-3.4261835818068107],[119.70001499629507,-3.4260422686357401],[119.70008342301162,-3.4258909891777876],[119.7001994517434,-3.4256788570935441],[119.700263642653,-3.4255205287493595],[119.70032503577181,-3.4253664443058938],[119.70039662630336,-3.4251935262601592],[119.70047652836911,-3.4250585739939652],[119.70050391542338,-3.4250185802432611],[119.70060897782218,-3.424903908588476],[119.70075195743698,-3.4247820702362901],[119.70087258170429,-3.4247054785749356],[119.70097250537685,-3.4246622706472181],[119.70109272494938,-3.4246415970320072],[119.70117295526768,-3.4246413704028669],[119.70126246119366,-3.4246411158947581],[119.70140975125912,-3.4246531245420329],[119.70154359466119,-3.4246809855389984],[119.70171112037201,-3.4247302090318499],[119.70200122637561,-3.4247526201372693],[119.70198067057152,-3.4246807993793595],[119.70195844472653,-3.4244259773769272],[119.70195287522506,-3.4242632630391086],[119.70195004146126,-3.4241804660555886],[119.70191558213844,-3.4240309537654525],[119.70189611271553,-3.4239464795463732],[119.70187693017624,-3.4238632499889263],[119.70173440561837,-3.4236467669846888],[119.70162467034231,-3.4235184364266615],[119.7014153441429,-3.4233068079627742],[119.70139222617036,-3.4232834345827996],[119.70133738011612,-3.4232473034202826],[119.70123598335397,-3.4231847528740218],[119.70108228561901,-3.4231174566052687],[119.70095132634265,-3.423091235072377],[119.70088529362147,-3.4230942460026199],[119.70084036708931,-3.4231070820261493],[119.70067793513863,-3.4232069481420808],[119.70062887532242,-3.423249448303352],[119.70053120175362,-3.4232956257924343],[119.70044026410699,-3.4233193175324459],[119.70031851928434,-3.4233347337109308],[119.70020071888814,-3.4233929917930936],[119.69993600794044,-3.4236981731321521],[119.69981991265888,-3.4237905928615078],[119.69965084281216,-3.4239251862982769],[119.69953595711877,-3.424044120739552],[119.6993805686584,-3.4240988013185643],[119.69928456962725,-3.4241181115615404],[119.6992411152853,-3.4241268529718241],[119.69913435136925,-3.4241356267577316],[119.69903736668118,-3.4241246046667015],[119.69902415024444,-3.4241181115615404],[119.699019692305,-3.4241159208130512],[119.69889677116907,-3.4240555349349506],[119.69875869106079,-3.4239587750773808],[119.69864270639584,-3.42384362138597],[119.69848644019714,-3.4236884739438551],[119.69815385921333,-3.4232412635734022],[119.69799303974708,-3.4229513689105033],[119.69793722242491,-3.4228507500620253],[119.69791789869214,-3.4227896186459361],[119.6978825283561,-3.4226777222989995],[119.69785249639563,-3.4223285758030784],[119.69783085061329,-3.4221650089079958],[119.69779597580373,-3.4219014805688062],[119.69778456520555,-3.4218152499737471],[119.69778357415271,-3.4217830668350189],[119.69778040763981,-3.4216802248624276],[119.69779496496574,-3.4215144600242411],[119.69781529593922,-3.4213371559849293],[119.69783872957373,-3.4211327931438404],[119.69786515705141,-3.4209894789811983],[119.69786492232834,-3.4209056783543019],[119.69792698544211,-3.4206984367833684],[119.69793996445787,-3.4206075288143438],[119.69804169486838,-3.4203064798601304],[119.69807818486038,-3.4201857719557438],[119.69815103983865,-3.4200392247303739],[119.69824573305425,-3.4198339113058864],[119.69828730601444,-3.4197028522048072],[119.6983217491495,-3.4194584731299642],[119.69833367775709,-3.4192492953186502],[119.69846424313039,-3.4186941663026573],[119.69847645232653,-3.4185642772195592],[119.69848572703472,-3.4184335940350934],[119.6985076893784,-3.4181338401045878],[119.69846612631079,-3.4178091695574722],[119.69845007790877,-3.4175825260127226],[119.69844776395325,-3.4175498473475159],[119.69846310728667,-3.4172996433637763],[119.6984975962871,-3.4172044528231709],[119.69854015130704,-3.4169462142963312],[119.69852823978647,-3.4168235872386958],[119.69848169897125,-3.4165440932352453],[119.69848143726858,-3.4164501941211256],[119.69845825994082,-3.4162865525822781],[119.69842907963834,-3.416117667995934],[119.69840503626347,-3.4160612553226315],[119.69823060735666,-3.415890609863709],[119.69812728424688,-3.4157579562645992],[119.69797483027423,-3.4155622224186004],[119.69790592691709,-3.4154543496384804],[119.69771525625413,-3.4152007363248913],[119.69759243494298,-3.415007823652104],[119.69754903006378,-3.4149302193541189],[119.69747091764884,-3.4147905609356144],[119.69736952358471,-3.414569405953273],[119.69705682661129,-3.4140077406646583],[119.69698214960658,-3.4138736067814648],[119.69692785843404,-3.4137428849261369],[119.69684621797865,-3.4135463138113096],[119.69680549667635,-3.4133546745784997],[119.6967354538782,-3.4129172641203809],[119.69670314483437,-3.4126651301915558],[119.69668659371143,-3.4125359650627161],[119.69666087130224,-3.4123238725486544],[119.69662860542587,-3.4119192882445191],[119.69652779412252,-3.4112117942888176],[119.69645852474116,-3.4103914686912731],[119.69636074864968,-3.4100678809278975],[119.69634296815354,-3.4099455029825094],[119.69631191546262,-3.4098889733973579],[119.69628495468692,-3.4095164130519606],[119.69628647184322,-3.4091810756460745],[119.69629625197047,-3.4091090129705321],[119.6962743732638,-3.4089219809645783],[119.69626369561308,-3.408583994155947],[119.69622951777808,-3.4082546408389476],[119.6962601747673,-3.4079523966856868],[119.69624400675559,-3.4073023280399752],[119.69624907533466,-3.40719786998568],[119.69625333362455,-3.4071100943553461],[119.69625426442281,-3.4070909253059085],[119.69625640211132,-3.4070560567915322],[119.69627115998605,-3.4068153370581058],[119.6963298983062,-3.4063882571123258],[119.69643176361501,-3.4060563371302237],[119.69648879232398,-3.405870517410392],[119.6966101963036,-3.4055947214192201],[119.69667188979599,-3.4055029105308563],[119.69676394889723,-3.4053950962066892],[119.69685339097123,-3.4053330942468278],[119.69701755591552,-3.4050273265498276],[119.69709722325831,-3.4048490737256998],[119.69716947209349,-3.4046035992766406],[119.69719189129285,-3.4044685435883935],[119.69722784438954,-3.40437299241961],[119.69724597292338,-3.404259897276404],[119.69725419362624,-3.4041475593623431],[119.6972417380158,-3.4038062207804387],[119.69722421472579,-3.4036748963793002],[119.69717210980514,-3.4035127899832105],[119.69709191725826,-3.4033939922388754],[119.69702402743701,-3.4033272805295383],[119.69690881079305,-3.4031141097283353],[119.69664240642203,-3.4023869682839063],[119.69662958119034,-3.4023519621732703],[119.69643470170024,-3.4019411392721395],[119.69628890900606,-3.4015898865639542],[119.69628514534327,-3.401578506542819],[119.69628457877036,-3.4015767969315789],[119.69617936078896,-3.4012587364015303],[119.69608141832282,-3.4009626633961716],[119.69598037229639,-3.4006572113611924],[119.6959399450725,-3.4005090741343906],[119.69591161193136,-3.4003501513383867],[119.69591411564397,-3.4001809906601466],[119.69589921567638,-3.4001366873582128],[119.69596625563827,-3.3995869371873368],[119.69596406488972,-3.3994439998406847],[119.69596351000803,-3.3994077580615567],[119.69593360125475,-3.399078405643877],[119.69590008172349,-3.398822168108552],[119.69587427118074,-3.3986248541536384],[119.69587540162854,-3.3985371621602667],[119.69582025070406,-3.3980212516793813],[119.6957983836885,-3.3979084712988765],[119.69577278898305,-3.3977764571177431],[119.69563563877375,-3.3973898583552113],[119.69560446557364,-3.3972777272852568],[119.69555272487844,-3.3970916125878148],[119.6955353940433,-3.3968821326042757],[119.6955132581304,-3.3968042513150749],[119.69550246986319,-3.396665374407462],[119.69545826188937,-3.3964790492686348],[119.69542427381123,-3.3963357962599616],[119.69536262618431,-3.3961434186837778],[119.69532614428624,-3.3960558040320734],[119.69524291472874,-3.3959230047428264],[119.69519563017423,-3.395863883311506],[119.69511840628945,-3.3958164215905526],[119.69511683427459,-3.3958154557186617],[119.69509183312164,-3.3957825801019226],[119.69504931677261,-3.3956959789861685],[119.69497078167626,-3.3955915973742776],[119.69490145473844,-3.3954759742367742],[119.69486915918446,-3.3953777556788509],[119.69481493546095,-3.3952853098691094],[119.69473787165555,-3.3950413184020931],[119.69470898183408,-3.3948671350102018],[119.69470375407502,-3.3947531576320671],[119.69470034744313,-3.3946788655371734],[119.69473418803238,-3.3939315046351908],[119.69479307743859,-3.3933820971060413],[119.69485074826343,-3.3931180822336842],[119.6948526746113,-3.3931092598843975],[119.69494398277868,-3.3927995180832227],[119.69497641233158,-3.3926895112119269],[119.69500461327232,-3.3925938449299338],[119.69508150800527,-3.3923920883241863],[119.6954784894408,-3.3912084761901724],[119.69549367179559,-3.3911476127720448],[119.69551014827482,-3.3910815638630538],[119.69554549792645,-3.3909398585875579],[119.69556520207243,-3.3908608738302064],[119.69557749490548,-3.3907564346616823],[119.69579025921314,-3.3898308173382929],[119.69588585534802,-3.3892413477099694],[119.69597353565018,-3.3882881706625199],[119.69598142720122,-3.3882023942250612],[119.69601035119683,-3.3879487970992841],[119.69601650795551,-3.3879060882952672],[119.69603695044498,-3.3877642876916525],[119.6961452746848,-3.3875154416842292],[119.69627767917166,-3.3872896462001449],[119.69632044643151,-3.387216713880207],[119.69636255718638,-3.387179249922383],[119.69669039064911,-3.3868875880916676],[119.69680956071272,-3.3867658315778044],[119.69692229073121,-3.3866506563027201],[119.69686535735048,-3.3866110447638675],[119.69654650181963,-3.386389207196089],[119.69646282889653,-3.3863315147875142],[119.6964216408461,-3.3863040863644187],[119.69631694267287,-3.3862456376260184],[119.69624326841222,-3.3861941172646652],[119.69621558188362,-3.3861747557603508],[119.69614341938336,-3.3860936243212336],[119.69608919925724,-3.3859977583898058],[119.69603199967707,-3.385923834117591],[119.6960049606605,-3.3858912193042556],[119.69595128192623,-3.3858264681169885],[119.69589856096991,-3.3857542921268191],[119.69581737287353,-3.3856618903839149],[119.69573620546157,-3.3855762650325687],[119.69562578040552,-3.3854794260346353],[119.69553339574964,-3.3854028703461267],[119.69552786312045,-3.3853987100823701],[119.69542413621502,-3.38532071278064],[119.69534195616643,-3.3852757565708771],[119.69512922963031,-3.3851741205891699],[119.69485524037714,-3.3850715250308099],[119.69473007723138,-3.3850330628255278],[119.69466398875215,-3.3850127543350936],[119.69439726961832,-3.3848971482847219],[119.69415026542242,-3.3847973010545616],[119.69396521012641,-3.3847435962399004],[119.693716068242,-3.3846838560750712],[119.6934572946185,-3.3845964680525071],[119.69326761320985,-3.3844953311945574],[119.69317923593303,-3.3844453091036826],[119.69300704364025,-3.3843684098741846],[119.69284560813833,-3.3843197223772563],[119.69270447393239,-3.3842958291891136],[119.6926100298291,-3.3842870554032629],[119.69251001172768,-3.3842952419317953],[119.69242350683942,-3.384312427076793],[119.69233364298327,-3.3843341412076029],[119.69224264328341,-3.3843513389430768],[119.69216703907762,-3.384364685781577],[119.6920512126934,-3.3843890807913795],[119.69195055697264,-3.3844120242954432],[119.69186177590029,-3.3844190497992486],[119.69177412257773,-3.3844272021536312],[119.69169203336071,-3.3844150046487016],[119.69158741612637,-3.3843859259696387],[119.69143662320164,-3.3843242171888051],[119.69129149600576,-3.384279437246164],[119.69117332778694,-3.3842278035702407],[119.69102478586524,-3.3841672180426485],[119.69091339044064,-3.3841257323166474],[119.6907918911329,-3.3840887926635901],[119.69066926677328,-3.3840518566078686],[119.69057477590525,-3.3840261386952761],[119.69049606544115,-3.384016192193485],[119.69040836445447,-3.384007400421126],[119.69033414340606,-3.3839951813325229],[119.69026106539593,-3.3839897359375186],[119.69018236302566,-3.3839831780811664],[119.69010254639545,-3.3839800106688926],[119.69004183586208,-3.3839756615474812],[119.68996764898782,-3.3839758692909072],[119.68991709180045,-3.3839850468723398],[119.6898429795699,-3.3840123637795045],[119.68980030943681,-3.384028297967518],[119.68971610861161,-3.3840658113880409],[119.6896633633736,-3.3840964575854287],[119.68960052864156,-3.384137299396798],[119.68950293331375,-3.3842087379428563],[119.68944796405231,-3.3842484277226959],[119.68940422282674,-3.3842835687316892],[119.68933690767221,-3.3843300708760466],[119.6892606262769,-3.3843856345893073],[119.68920676498033,-3.3844196739287895],[119.68913942194683,-3.3844560101367165],[119.68907321925371,-3.3844979913891393],[119.68900815780034,-3.3845467463352179],[119.68893074235996,-3.3845989250003186],[119.68889039517569,-3.3846419629561524],[119.68885905290301,-3.3846894948242721],[119.68881645381634,-3.3847314104261841],[119.688779485385,-3.3847766975864602],[119.68873129161591,-3.384827665764135],[119.688699968229,-3.3848819758224522],[119.68865742579965,-3.3849442241965448],[119.68862833093283,-3.3849917488700498],[119.68859816587269,-3.3850584821631742],[119.6885647101933,-3.3851545927102507],[119.68855030575207,-3.3852303192238082],[119.68850470922496,-3.3854077977316592],[119.6884914514194,-3.3854914265880325],[119.68846355894618,-3.3855671899738127],[119.68846344922883,-3.3855676108565262],[119.68844353823874,-3.3856440613243421],[119.68842911581112,-3.3857130087483256],[119.6883888270828,-3.3857775099240826],[119.68835642271085,-3.385847637258621],[119.68831842725365,-3.3859279467173451],[119.68828378986507,-3.3860037289888396],[119.68825248176665,-3.386063685890349],[119.68820545261963,-3.3861293363997333],[119.68815729392406,-3.3861927287114213],[119.6880888977845,-3.3862550499305826],[119.68804521591403,-3.3863116532601225],[119.68799137080521,-3.3863513403420598],[119.68793862196992,-3.3863808569909111],[119.68788697120681,-3.3864013345539092],[119.68784203658083,-3.3864152947299999],[119.68783193989213,-3.3864184333639855],[119.68778925087327,-3.3864275893616878],[119.68774201578151,-3.3864186833754957],[119.68765656309995,-3.3864098844085788],[119.68758573609296,-3.3864055631661358],[119.68752730713959,-3.386413632782876],[119.68742627999893,-3.3864636189008479],[119.68737576867682,-3.3864897406090222],[119.68733424787729,-3.3865147093862902],[119.68729048776584,-3.3865430713056526],[119.68725572267351,-3.3865725393911248],[119.6872131217882,-3.3866133236459177],[119.68717723883856,-3.386645054425685],[119.68712116520965,-3.3866915250937382],[119.68706171102917,-3.3867357456580862],[119.68702579840192,-3.3867561791543039],[119.68697192811203,-3.3867868298482904],[119.68693714413394,-3.3868095188441885],[119.68687877543516,-3.3868390516808518],[119.68682045799778,-3.3868877886404789],[119.68678009192774,-3.3869240502046978],[119.68674429081648,-3.3869851492452199],[119.68668042186403,-3.3870587533587582],[119.68662219345947,-3.3871391203740586],[119.68656505683202,-3.3872081856092109],[119.6865078887281,-3.3872659571581494],[119.68645064957786,-3.3872977463938128],[119.68637874068645,-3.3873092433268539],[119.68631690330255,-3.387303767354922],[119.68624047711637,-3.3873073691397053],[119.68620567515188,-3.387323279945349],[119.68618889200377,-3.387351568120323],[119.68618233774475,-3.3874204939605761],[119.6861702040917,-3.3875041201189902],[119.68615576907359,-3.3875685502483748],[119.68614916535171,-3.3876194024134634],[119.68613020224711,-3.3876725469504549],[119.68610564805726,-3.3877358754102715],[119.68604179529268,-3.3878151272662649],[119.68594199122992,-3.3879012571372868],[119.68589487394934,-3.3879352766916213],[119.68582643194429,-3.387980652884778],[119.68576131113571,-3.3880079464095729],[119.6856714427829,-3.3880285300925266],[119.68531813422453,-3.3884683057676739],[119.68517164275715,-3.3886277303853944],[119.68503648724413,-3.3887984819643293],[119.68496898682929,-3.3889122533977343],[119.68475480788811,-3.3891172988242602],[119.68442763902442,-3.3893340192495316],[119.68419510402089,-3.3895418993391218],[119.68417629290161,-3.3895587157620639],[119.68400928609969,-3.3893322251020663],[119.68333210918956,-3.3884191326368409],[119.68240457900822,-3.3869240556006162],[119.68107258233385,-3.384716925046007],[119.68054848622376,-3.3835535305709072],[119.68034871082443,-3.3830684416552117],[119.68022515836446,-3.382768431417901],[119.67978572443167,-3.3817014001994039],[119.67891113464123,-3.3795233887933023],[119.67853999972124,-3.3786491335506526],[119.6784177269966,-3.3783611049809679],[119.6782005739974,-3.3781363913813038],[119.67648198125846,-3.3763579532568997],[119.67483615446497,-3.3747402383712597],[119.67277955783038,-3.3729691459093374],[119.67146504487596,-3.3718990066337824],[119.67110879823247,-3.3716089869651569],[119.66820321100943,-3.3688616984085797],[119.6677510372806,-3.3682222165819553],[119.66724303993442,-3.3681015671335786],[119.66474702465553,-3.3681081222919715],[119.66162779538649,-3.3682471970504366],[119.66055594739908,-3.3683485173701229],[119.65980717905813,-3.3683236421223341],[119.65943935274402,-3.3682827850224726],[119.65880072257539,-3.3680066346983608],[119.6583084561704,-3.3677808581000477],[119.65779498195286,-3.3676206735551659],[119.65527156433131,-3.3672617604218544],[119.65467002490175,-3.3667725867854301],[119.65463100511681,-3.3667408560056629],[119.65424895062858,-3.3662349828581455],[119.65396198865494,-3.3657001560373487],[119.65377652416737,-3.3654151042236435],[119.65334079274351,-3.3647454051762793],[119.65324199322345,-3.3646067234215025],[119.65293955121933,-3.3641821957517095],[119.65289096444656,-3.3641399680849986],[119.65206191542507,-3.3634194339596775],[119.65160452922566,-3.3632102633429213],[119.65130123016775,-3.3629056117045479],[119.65120568619352,-3.3627181345342478],[119.65113454172581,-3.3625785372696555],[119.65119021065971,-3.3623806936140568],[119.65121729194448,-3.3623140232734841],[119.65124277963059,-3.3622512766750106],[119.65128093696569,-3.362157337990709],[119.65148099565147,-3.3618362485439661],[119.65180465805861,-3.3614992896604576],[119.65194330563907,-3.3613308754195259],[119.65211815992518,-3.3610423333369681],[119.65224656692556,-3.3607242638136654],[119.65226817763437,-3.3606535708055958],[119.65235241802975,-3.3603780158327368],[119.6524621173329,-3.3598961968519347],[119.65250342589241,-3.3595840151900802],[119.65250623717316,-3.3590643617308729],[119.65250503927621,-3.358620971680466],[119.65252775525175,-3.3581874013274842],[119.6525334542556,-3.3578383960251017],[119.65253619538919,-3.357670557350275],[119.65252517779481,-3.3572328429212916],[119.65249433734391,-3.356738698731931],[119.65248925257697,-3.3564167576271871],[119.65249409182888,-3.3561272685585664],[119.65250271902528,-3.3556796157216127],[119.65254814198317,-3.3553292956104315],[119.65264257709327,-3.354918123772336],[119.65264583623639,-3.3549060323874187],[119.65267887283176,-3.3547834368061444],[119.65271074300642,-3.3546651759570523],[119.65276072282916,-3.3544419309503155],[119.65277569474256,-3.3542625566715856],[119.65277530713479,-3.3541185257492998],[119.6527340606284,-3.3539336548142842],[119.65268453496333,-3.3537002330792234],[119.65267576567408,-3.3535748639887402],[119.65266758364214,-3.3534585312861509],[119.65267109009881,-3.3532998027436633],[119.65267858774666,-3.3531625293272214],[119.65268435509893,-3.353008313582734],[119.65268730397599,-3.3528512829602732],[119.65268741189459,-3.3526829631481974],[119.65269876763409,-3.3525174357310448],[119.65272231368385,-3.3522869197055343],[119.65276498021967,-3.3520608706126609],[119.6527892682102,-3.3519250244202681],[119.6528367901858,-3.351743510654444],[119.65285666160571,-3.3516703229270206],[119.65292128059264,-3.3514566413109037],[119.6529377291929,-3.3513394902252571],[119.65295491793518,-3.3512170601191542],[119.65296831963235,-3.3509764060362386],[119.65297721122943,-3.3507352699167541],[119.65303433796441,-3.3505571915611085],[119.65308564788438,-3.3504101955739998],[119.65311663762282,-3.3502310596156804],[119.65310980457389,-3.3499893308429023],[119.65306703731403,-3.3497606899038601],[119.65305077217545,-3.3495647384219183],[119.65306095519895,-3.3493805752532921],[119.65308808684574,-3.3492296905976673],[119.65316397343872,-3.3490255813654244],[119.65322153364696,-3.3488889752459841],[119.65325332468126,-3.3488135257235854],[119.65331404420783,-3.3486122799327518],[119.65334391788758,-3.3484359723422017],[119.65338376325019,-3.3482054122499108],[119.65337313686086,-3.3480162218710916],[119.65334304914245,-3.3479044676170133],[119.65325378693274,-3.3477330010770743],[119.65315174265891,-3.3476112562544245],[119.65309365904523,-3.3475419589941566],[119.65291619942309,-3.347384852828668],[119.6528536245952,-3.3473144197246256],[119.65280733469081,-3.3472388577870333],[119.65278234792709,-3.3471429046213075],[119.65272927443652,-3.3466739864152828],[119.65283223961626,-3.3465082107852595],[119.65292278785648,-3.346322699532891],[119.65298248935051,-3.3461609951337437],[119.65308154697584,-3.3460048332564156],[119.6532290555765,-3.3458925951670722],[119.65337147401442,-3.345767944634872],[119.65352178220451,-3.3456387300433335],[119.65354281914585,-3.3456206455762754],[119.65384032207328,-3.3453089828232692],[119.65400282866767,-3.3448786976936731],[119.65414169388407,-3.3441317306947553],[119.65434910902422,-3.3434042663937475],[119.65433833064947,-3.3429356350714556],[119.65422333164156,-3.342639447852207],[119.65390878925928,-3.3424585771015813],[119.65339025725461,-3.3423055511602229],[119.65282164919984,-3.3412978140428322],[119.65243301976807,-3.3407464747699578],[119.65119930910089,-3.3399695927224684],[119.65071300340242,-3.3396170243061647],[119.65019853093747,-3.3394079993796026],[119.64980803361391,-3.3392942828048717],[119.64900813431802,-3.3391147232658227],[119.64858916445849,-3.3390297769026347],[119.64780547903968,-3.3385764187666496],[119.64561520267955,-3.3372779461202526],[119.64530050831183,-3.3370396833346945],[119.64507123425017,-3.3367151072163779],[119.64473732676629,-3.3364099429644511],[119.64433708259037,-3.3362101693637669],[119.64395559197703,-3.3359051328155829],[119.64331735121482,-3.3356773057629994],[119.64293657646192,-3.3356400756289304],[119.64263152732315,-3.3354496073134783],[119.64267859963775,-3.3352581893139472],[119.64291350525411,-3.3341289340030471],[119.64321607496197,-3.3333916446086391],[119.64363200421371,-3.3323384188828982],[119.64428690042018,-3.331676695922738],[119.64566534887683,-3.3311182322206037],[119.64746378522557,-3.3310272972719304],[119.64789168085645,-3.3308922379863475],[119.64855657392684,-3.330412214951707],[119.64866993077271,-3.3300962786203172],[119.64841198182751,-3.3297239583939131],[119.64828833224078,-3.3293583893781147],[119.64780655283016,-3.3279999976017507],[119.64788288818477,-3.3276020565895692],[119.64804331824462,-3.3270947040572878],[119.64781251713407,-3.3261962588502456],[119.64784782631614,-3.3251631932267287],[119.64737773179695,-3.3237489058872711],[119.64689064728566,-3.3230998291937226],[119.6458025089787,-3.3218880592864366],[119.64363232077505,-3.319867776376725],[119.64183431700019,-3.3183888835400808],[119.63959461569902,-3.3171893929760472],[119.63831755411195,-3.3165041626369316],[119.63664952305714,-3.3155234735294243],[119.63571496287534,-3.3147990624267436],[119.63529564587736,-3.314580197118346],[119.63401975161037,-3.314334926815377],[119.63278245624542,-3.3142904112734186],[119.63242079568329,-3.3142818119559934],[119.63153399759597,-3.3136242177833992],[119.63137727364233,-3.3133801121024362],[119.63137642738025,-3.313378792796982],[119.63088418345831,-3.3126120973703337],[119.63016598487241,-3.3109306286455649],[119.6298509001989,-3.3105393165361647],[119.62948843294487,-3.3102246482488908],[119.62902166142055,-3.310053727597392],[119.62834527861173,-3.3098669725826539],[119.62792539234306,-3.3095675073345205],[119.62784116004161,-3.3094114299934745],[119.62768353316858,-3.3086664028321593],[119.62744540887854,-3.3079722188427922],[119.62723460419375,-3.3072368989636516],[119.62699527661084,-3.306701912063545],[119.62654721278375,-3.3064065980859709],[119.62565108512956,-3.3058159665336007],[119.62509723135224,-3.3051000846011789],[119.62390528340222,-3.3042041655897378],[119.62287670359706,-3.303910388553561],[119.62194413811153,-3.303408042547062],[119.62111300536094,-3.3027290382145225],[119.62047380592151,-3.3021281516927843],[119.62031099445687,-3.3017364276939247],[119.62026225659793,-3.3012965782744459],[119.61979413519123,-3.3006091553881447],[119.61950750686606,-3.300179498884745],[119.61936365400948,-3.299759029855295],[119.61902884180768,-3.2990999473046827],[119.61901133560468,-3.2988542570183199],[119.61900908190364,-3.2988226197680319],[119.61934990337545,-3.2981426198859367],[119.61978641720941,-3.2976632272760753],[119.61991812202382,-3.2970794278732569],[119.61967224377906,-3.296765238025273],[119.61917083666481,-3.2960850735672693],[119.61840495062802,-3.2952549615471867],[119.61772460270834,-3.2943815822441707],[119.61734339178417,-3.2932635091036104],[119.61692745174059,-3.2925113790968226],[119.61671166121425,-3.2918734989627865],[119.61611344927633,-3.2896512606970987],[119.61611159577353,-3.2889410795671097],[119.61605352385106,-3.2885682062576507],[119.61605273784369,-3.2882669171844441],[119.61612997791622,-3.2877789090693454],[119.616234266898,-3.2875429521454862],[119.61619385046583,-3.2874597666548766],[119.61613638558583,-3.2873415094030634],[119.61613238540133,-3.2873331421107537],[119.61612516294599,-3.2873180415942898],[119.61608854974679,-3.2872501023103382],[119.6160754457253,-3.287229719176139],[119.6160316118694,-3.287162178291851],[119.6160189880859,-3.2871436360699136],[119.61593890705501,-3.2870463896791193],[119.61593797625665,-3.2870453293783726],[119.61585813894203,-3.2869698600709398],[119.61582592972297,-3.2869465892136986],[119.61574801695747,-3.2868971462862078],[119.6157195803944,-3.2868827202613033],[119.61561646682651,-3.2868355031558849],[119.6156146259143,-3.2868347153498121],[119.61549256722822,-3.2867988279035103],[119.61548631963797,-3.2867969258373932],[119.61536122843802,-3.2867891008363017],[119.61535246814196,-3.2867895442020654],[119.61519561738385,-3.2868097043043463],[119.61512669604031,-3.2868212632906193],[119.6150440483442,-3.2868341811524715],[119.61498543323125,-3.286847660191313],[119.61490841259319,-3.2868687447966636],[119.61484945663722,-3.2868849119091124],[119.61476787643642,-3.2869131731043808],[119.61463098433251,-3.2869657699542927],[119.61455905026003,-3.2869950563767247],[119.61439049392618,-3.2870674374122473],[119.61433303803938,-3.287091272144437],[119.61422764469012,-3.2871305500348171],[119.61410485575459,-3.2871831936494118],[119.61402172602186,-3.2872193113221329],[119.61381693600288,-3.2873136681911888],[119.61369605273069,-3.2873640158366015],[119.61367955286914,-3.2873683829444644],[119.61357594107687,-3.2873940136227588],[119.61347418458604,-3.2874119056348832],[119.61346903326933,-3.2874118031121498],[119.61335861360919,-3.2874083263331499],[119.61335058446195,-3.2874051031629392],[119.61325781489631,-3.2873720656682508],[119.61324822362667,-3.2873677489224065],[119.61315684980889,-3.2873155720559453],[119.61310189043991,-3.2872828241429488],[119.61303938575907,-3.2872458826913089],[119.61299548535339,-3.2872207817136427],[119.61292170497279,-3.2871796080524405],[119.61290564757769,-3.2871726922658695],[119.61279729905618,-3.2871312173317619],[119.61278640376963,-3.2871290553615609],[119.61267845544637,-3.2871096291060553],[119.61266236477638,-3.2871088871653455],[119.61252570110025,-3.2871093008535013],[119.61251434985741,-3.2871100400962519],[119.6123665336886,-3.2871222717753881],[119.61233860704112,-3.2871249823320454],[119.61219957185278,-3.2871377518057443],[119.61218445874579,-3.287138195171508],[119.61205082938238,-3.2871360529863978],[119.61203757067744,-3.2871351878386008],[119.61195663169326,-3.2871240425404835],[119.61191650664148,-3.2871138307386332],[119.61182120098772,-3.2870795278978449],[119.61175513679018,-3.287052409740852],[119.61166889810124,-3.2870122397230261],[119.61163171113458,-3.2869879157596529],[119.61155626880679,-3.2869355527335529],[119.61152607496842,-3.286916479012234],[119.61144796705014,-3.2868656403369982],[119.61136895621246,-3.2868249460144057],[119.61132317892168,-3.286811584786733],[119.61123915886014,-3.2867945911974061],[119.61116769513308,-3.286789438082053],[119.61110656641495,-3.2867888166505281],[119.61100562740785,-3.286794419426883],[119.61093776276755,-3.2867952746821061],[119.61087461417219,-3.2867885612430427],[119.61081372557305,-3.2867782253347855],[119.61076091918119,-3.2867640556166293],[119.61067182244676,-3.2867164068366606],[119.61060556759298,-3.2866703192797786],[119.61054138837449,-3.2866217316075677],[119.61047306238197,-3.2865624662847495],[119.6104329822964,-3.2865289737330841],[119.61037554619452,-3.2864771386090297],[119.61031332929679,-3.2864152103936135],[119.61025390209602,-3.2863545583161908],[119.61016577303201,-3.2862706722536927],[119.61013792822291,-3.2862447816713143],[119.610034764293,-3.2861595331359013],[119.60998964800388,-3.2861201850984116],[119.60990338143597,-3.286045160955382],[119.60985289799294,-3.2860071708941518],[119.60984901921688,-3.2860048632338135],[119.6097483706908,-3.2859449737814543],[119.60971039681738,-3.2859271177422329],[119.60962602781899,-3.2858982620950883],[119.60956035122933,-3.2858860942677666],[119.60950531541801,-3.2858850330677569],[119.60936728477247,-3.2858920747593743],[119.60936048679707,-3.285892410206543],[119.60926750858869,-3.2859189186231674],[119.60923216523236,-3.2859300693172031],[119.60914804714469,-3.2859679460638063],[119.6091204928166,-3.2859843577918468],[119.60904793371526,-3.2860353358620387],[119.60902572945395,-3.286051111769325],[119.60889823706407,-3.286143412788249],[119.60888217517231,-3.2861548755470267],[119.60877574940139,-3.2862165762339828],[119.6086721412064,-3.2862690705611044],[119.60865018875529,-3.2862791222836449],[119.60854494829084,-3.2863285796001946],[119.6085413510026,-3.2863298980063291],[119.6084467899874,-3.2863688989054936],[119.60834074822696,-3.2864057198480623],[119.60832814692651,-3.2864088512874332],[119.60823688192659,-3.2864293432395471],[119.60812441990606,-3.2864514575686599],[119.60811621359244,-3.2864516149500105],[119.60804022537616,-3.2864549262537821],[119.60797026081889,-3.2864476507384666],[119.60790106698073,-3.2864250210977843],[119.6077927103654,-3.286386471658318],[119.60778524419368,-3.2863817511168918],[119.60761114983472,-3.2862658177132857],[119.6075881694585,-3.2862487063126764],[119.60747567416308,-3.2861551939070068],[119.60744558104875,-3.2861315390392747],[119.6073661439325,-3.2860639307057795],[119.60713067264248,-3.2858375632528691],[119.6071153553894,-3.2858219869950744],[119.60702345996481,-3.2857321995812754],[119.60692017282781,-3.2856374937752548],[119.60681682004031,-3.2855517659012321],[119.60681264358868,-3.2855484339130498],[119.6066900390141,-3.2854546247310736],[119.60666276257655,-3.2854400530159751],[119.60654924744983,-3.2853889967047962],[119.60648020199983,-3.2853604657128699],[119.60645382038751,-3.2853532531500491],[119.60637958674863,-3.2853419495712615],[119.60635473398384,-3.2853412849722758],[119.60631580682912,-3.2853509589795067],[119.60625847325002,-3.2853710291496441],[119.60621760985487,-3.2853916955702402],[119.60616323774332,-3.2854170348682032],[119.60607962237668,-3.2854620819094862],[119.60604280683015,-3.2854795179653138],[119.60595670214013,-3.2855061163141954],[119.60591895579523,-3.2855113575630526],[119.60580055914852,-3.2855140861061614],[119.60571749776432,-3.2855045541917889],[119.60557029583254,-3.2854740419933819],[119.60552350860314,-3.2854600008782882],[119.60543532737847,-3.2854220180116727],[119.60527361218749,-3.2853621159688373],[119.60526904722883,-3.2853600808030592],[119.60508664493273,-3.2852778324059955],[119.60496694696712,-3.2852248659347651],[119.60489787363804,-3.2851874568356152],[119.60476262729344,-3.2851060735864053],[119.60475736625949,-3.2851017586392004],[119.60465291360117,-3.2850092696619981],[119.60462535297768,-3.2849820345931562],[119.60454399670812,-3.2848727579713568],[119.60453904324231,-3.2848617493701795],[119.60452686282451,-3.2848346806759423],[119.60446225013277,-3.2846905706132929],[119.60446068171518,-3.2846772678415732],[119.604428664951,-3.2845397300244485],[119.60441989386311,-3.2844724850171474],[119.6044134682071,-3.2843914480068861],[119.60441860603396,-3.2842699891685925],[119.60442832140996,-3.2842115584166436],[119.60444908765533,-3.2841269259168371],[119.60445554029104,-3.2841082595884359],[119.60451069930934,-3.2839664751726332],[119.60453374443682,-3.283925529039891],[119.60456850593187,-3.2838620638830776],[119.60460045704554,-3.2837573863941998],[119.60461089277851,-3.2836810105701488],[119.60461494062702,-3.28354600614324],[119.6046117237521,-3.2835081383898341],[119.60460904826903,-3.2834392341333114],[119.60458346615405,-3.2833080158521852],[119.60457900102017,-3.2832972653564525],[119.60453103657812,-3.2831703988947538],[119.60452689160286,-3.2831618382481906],[119.60447484244014,-3.2830750410802239],[119.60442512701809,-3.2829921370774287],[119.60440608297438,-3.2829722557649461],[119.60431498704713,-3.2828795059843401],[119.60430710089202,-3.2828738168731206],[119.60424158258309,-3.2828289613873949],[119.60418288922904,-3.2828004366907635],[119.6041181173573,-3.282779013940285],[119.60401156927855,-3.2827528202863618],[119.60398247441174,-3.2827428971669406],[119.60391217710537,-3.2827103372122224],[119.60384430527051,-3.2826790147246925],[119.60381862962606,-3.2826641381394097],[119.60366612888879,-3.28256850603168],[119.60359122075829,-3.2825185612825294],[119.60353611569928,-3.282482698117974],[119.60344770514757,-3.2824202473964306],[119.60338663938194,-3.282383818558344],[119.60335218815305,-3.282366692768619],[119.60318303736733,-3.2823028409033554],[119.603158710706,-3.2822950365866177],[119.60302679365168,-3.2822620710376782],[119.60295831387509,-3.2822488348158458],[119.602814059921,-3.2822275631514799],[119.60274138031048,-3.2822220943741058],[119.60266694972006,-3.2822198766459678],[119.60257944838293,-3.2822200439198355],[119.60253274479044,-3.2822241358351789],[119.60242656903097,-3.2822434982388131],[119.6023840958494,-3.282253321533517],[119.60230441861404,-3.2822745554263406],[119.60229768179261,-3.2822777057514827],[119.6022242611408,-3.2823160177699719],[119.60215642078231,-3.2823601699857932],[119.60209515176984,-3.282401071152492],[119.60206581498539,-3.2824245893232842],[119.60194656398278,-3.2825246901622904],[119.6018754725751,-3.2825964200886801],[119.60187383670825,-3.2825983239534366],[119.60178866461524,-3.2826950496367999],[119.60171681687768,-3.2827752943443329],[119.60164105439117,-3.2828747809463152],[119.60162737660221,-3.2828969357449296],[119.60155286597205,-3.2830743324144578],[119.60154933793171,-3.2830814028843633],[119.60146290139187,-3.2832135915339791],[119.60141204562944,-3.2832940107099944],[119.60137426600966,-3.2833258296232657],[119.6012996744405,-3.2833717067388193],[119.60119204537671,-3.2834329829457829],[119.60114603426211,-3.2834442100821661],[119.60104893536015,-3.2834547330494388],[119.60095484469036,-3.2834590030305435],[119.60089883041678,-3.2834588609376283],[119.60078593762103,-3.2834522095517968],[119.60076967158318,-3.2834511834253135],[119.60067586060256,-3.2834495790348228],[119.6006585936193,-3.2834490097639559],[119.60054876931031,-3.2834495241761488],[119.60049680018722,-3.2834504199009302],[119.60044253689364,-3.2834509576954929],[119.60040296222701,-3.283451350699238],[119.60037942786835,-3.2834527392524819],[119.60027131496929,-3.2834654646594004],[119.60025230509984,-3.2834704451049106],[119.60017777828193,-3.2834931098191191],[119.60014549891571,-3.2835060007013226],[119.60010135209575,-3.2835272013192593],[119.60008943338073,-3.283533455204747],[119.60000643944568,-3.2835770021768553],[119.59993558006306,-3.2836121962458265],[119.59990105778763,-3.2836296251070394],[119.59985169220192,-3.2836544580867439],[119.59978284010606,-3.2836944491394888],[119.5996719447046,-3.2837669920530175],[119.59962393169917,-3.2838026159978995],[119.59957522801437,-3.2838419316597651],[119.59948284245922,-3.2839170223526253],[119.59944562311705,-3.283948370920541],[119.59939674406451,-3.283993772294707],[119.59935171860695,-3.2840353380603347],[119.59929591207674,-3.2840813599667626],[119.59925001607542,-3.2841161610319318],[119.59920872730095,-3.2841413627336351],[119.5991500222558,-3.2841694116889357],[119.59911421844652,-3.2841797673822839],[119.5990112047034,-3.2842028259995573],[119.59898277083823,-3.2842073046233509],[119.5989369773597,-3.284212071030197],[119.59892219520316,-3.2842138966539665],[119.59881017385055,-3.2842325827674586],[119.59880387589817,-3.2842336340748943],[119.59879008299595,-3.2842363329403383],[119.59868851985937,-3.2842681167801402],[119.59866022808717,-3.2842779508666808],[119.59859149020519,-3.2843113930562708],[119.59850390163376,-3.2843640240803893],[119.59844161908552,-3.2844037399406147],[119.59839734006528,-3.2844331603620276],[119.59836146161217,-3.2844572828772698],[119.59834157040723,-3.2844706575947384],[119.59831441897529,-3.2844915659329672],[119.59829786695309,-3.2845056789938667],[119.59821579572247,-3.2845729806584814],[119.59817505463513,-3.2846088033535352],[119.59812977646811,-3.2846550473924481],[119.59803136725384,-3.2847583561131728],[119.59800688231178,-3.2847859967762929],[119.5979736002015,-3.2848254878059606],[119.59791589610177,-3.2849043178799207],[119.59785687629392,-3.2849778302626191],[119.59785486900705,-3.2849800632792494],[119.59779199200693,-3.2850444799187812],[119.5977658271313,-3.2850685475753494],[119.59769652807233,-3.2851120846549406],[119.59768377478645,-3.2851150542163055],[119.59766162178653,-3.2851218530910273],[119.59762822186497,-3.2851316422114678],[119.59758359031048,-3.2851391146783726],[119.59757686787816,-3.2851393961661302],[119.59752523240365,-3.2851366874081691],[119.59750061166392,-3.2851328778799598],[119.59748619193431,-3.2851293777185333],[119.59739228562557,-3.2851065897972376],[119.5973727937195,-3.2851000760076658],[119.59733337823286,-3.2850812621904311],[119.5972921101428,-3.2850529973978837],[119.59725363174982,-3.2850199176350543],[119.59715443113214,-3.2849282974029279],[119.59713762460171,-3.2849108928234045],[119.59706296378477,-3.2848119880827085],[119.59699989702767,-3.284728441064658],[119.59698155625392,-3.2847034605961767],[119.59687008438698,-3.2845464407656095],[119.59682968684069,-3.2844884983454676],[119.59678310285801,-3.2844216814154379],[119.59672728013993,-3.284353990344357],[119.59672623602705,-3.2843528751849931],[119.5966436800619,-3.2842692966906384],[119.59659456628629,-3.2842301015379007],[119.59645442673047,-3.2841301472884084],[119.59644931408468,-3.2841279286609506],[119.5963346676109,-3.2840726410395291],[119.59631171061699,-3.2840643277065169],[119.59626526423062,-3.2840529332962092],[119.59622737309485,-3.2840436603865442],[119.59621375106383,-3.2840413347397543],[119.59609649295885,-3.28403701799391],[119.59608039419493,-3.284037310273618],[119.59607163839541,-3.2840374757488462],[119.59594578367103,-3.2840398625495482],[119.59593695232854,-3.2840402528553341],[119.59585101041591,-3.2840559136494676],[119.59580088490293,-3.2840678206733287],[119.59578384904546,-3.2840717021472869],[119.59576580235,-3.284077249165648],[119.59567323333306,-3.2841142041071976],[119.59565225484778,-3.2841242126622205],[119.59551516489296,-3.2842003573605325],[119.59548855575235,-3.2842159003434972],[119.59541331577202,-3.284257706228118],[119.59537532481147,-3.2842713021788086],[119.59533764141906,-3.2842815373630287],[119.59524908607648,-3.2842954912438813],[119.59523383537328,-3.2842964229415088],[119.5950748667118,-3.2843019465775001],[119.59500193079452,-3.2843073847779465],[119.59493995401567,-3.2843141818539721],[119.59488232995568,-3.2843231885642581],[119.59485803566986,-3.2843291097005931],[119.59482630129287,-3.284343195781787],[119.5947637642364,-3.2843705180848701],[119.59474780666596,-3.2843821571108265],[119.59467209903823,-3.2844435277465891],[119.59465783399196,-3.2844558898274272],[119.59463315929293,-3.2844771471026206],[119.59457453968332,-3.2845277402629449],[119.59457171041618,-3.2845301315603024],[119.59446241670719,-3.2846280047785399],[119.59441078842724,-3.2846772795327865],[119.59426849409579,-3.2848215901442472],[119.59423176488406,-3.2848620488444453],[119.59409001823985,-3.2850020292202089],[119.59399922088744,-3.2850935046614609],[119.59395595810099,-3.2851369679966069],[119.59382205534359,-3.285274003992015],[119.59378298879392,-3.2853246520110133],[119.59373210964918,-3.2854124905938988],[119.59370863464585,-3.2854622617738869],[119.59369680496366,-3.2854992751713894],[119.59366302193098,-3.2856274150731224],[119.59365730404136,-3.2856510276727136],[119.59364489699442,-3.2857022629490302],[119.59361338295128,-3.2858193492834857],[119.59358849691171,-3.2859099182081195],[119.59355957741263,-3.2859807110409065],[119.59351616803679,-3.2860519157632666],[119.59341030973803,-3.2861793883680548],[119.59331729645612,-3.2862782571357911],[119.59330388576575,-3.2862925095915898],[119.59324488214565,-3.2863429723502691],[119.59319612809884,-3.2863829598056782],[119.59309142273105,-3.2864688378665505],[119.59306928771753,-3.2864867433684708],[119.59298298157944,-3.286545598600469],[119.59296771738627,-3.2865560091524344],[119.59288383671981,-3.2865981918530451],[119.59277380826472,-3.2866436471865086],[119.59263545206454,-3.286689700569184],[119.59255591782141,-3.286713065855281],[119.59253751859171,-3.2867172935681879],[119.59242527510639,-3.2867368421315177],[119.59240815201463,-3.2867397649281429],[119.59221587426327,-3.2867667940522551],[119.5922040949431,-3.2867679712647941],[119.59215925924252,-3.2867700666851647],[119.59196648866259,-3.2867794277283338],[119.59193285311869,-3.2867818046365187],[119.59192014569828,-3.286783257041634],[119.59191388012152,-3.2867839072514471],[119.59190604342928,-3.2867847211379058],[119.59178200623467,-3.2867976012282725],[119.59176668358566,-3.286799176840475],[119.59164181541746,-3.2868316639500677],[119.59161839437343,-3.2868393072881759],[119.59152567966646,-3.2868751326811889],[119.59148055888079,-3.2868953773197518],[119.59143531129064,-3.2869157937288378],[119.59141802722024,-3.2869247959425252],[119.59130833241363,-3.2869899113552492],[119.59124656607628,-3.2870265758157871],[119.59122782420479,-3.2870368127986467],[119.59102627804032,-3.2871432808377108],[119.59083958417955,-3.2872424796566406],[119.59069267093003,-3.2873128489088117],[119.59068380721203,-3.2873163283857707],[119.59057819982411,-3.2873559660049523],[119.59051515105341,-3.2873796559463244],[119.59043754675542,-3.2874014591100149],[119.59041788667616,-3.2874061841480398],[119.59033927783548,-3.2874226228557291],[119.59028214840248,-3.2874387728809893],[119.59026171760422,-3.2874466248617864],[119.59019071343073,-3.2874760893499797],[119.59009044801587,-3.2875147907749351],[119.59004766996406,-3.287527127674764],[119.58998055715711,-3.2875420708098773],[119.58981527885214,-3.2875635250366031],[119.58979490021454,-3.2875663246261411],[119.58962691584952,-3.2875798423357878],[119.58953780922263,-3.287584552984697],[119.58950075265773,-3.2875865063121523],[119.58946855962643,-3.2875884407538933],[119.58933938730297,-3.2876012749787833],[119.5893352603141,-3.287601841551691],[119.58929395535176,-3.2876076826483995],[119.58916873375017,-3.2876394799779973],[119.5890753112767,-3.2876720848987588],[119.58905254943568,-3.2876797687063117],[119.58900147783595,-3.2876949456651801],[119.58892569016848,-3.2877143116660932],[119.58880684026349,-3.2877221789353825],[119.58870796789847,-3.2877263922591737],[119.58862316722548,-3.2877262411730612],[119.58857533768173,-3.2877204288546409],[119.58850122724994,-3.2877042860239385],[119.58849404166676,-3.2877019037198352],[119.58848453043674,-3.2876970968434875],[119.5884308328167,-3.2876763261015185],[119.58835319704247,-3.2876459541973873],[119.58832524071738,-3.2876334149501076],[119.58827796785397,-3.2876122116342117],[119.58818737824492,-3.2875797272225782],[119.58816764262269,-3.2875700361282156],[119.58807758001637,-3.2875561182202091],[119.58803217684351,-3.2875565777737847],[119.58796195508023,-3.2875617326877773],[119.58792516021799,-3.2875702510661995],[119.58784443257457,-3.2875892942105338],[119.58780270043439,-3.2876072150009463],[119.58775679094322,-3.2876320965439731],[119.587692165661,-3.2876719598929753],[119.58751041537346,-3.2878014074089492],[119.58746627484879,-3.2878370853131855],[119.58746356429208,-3.2878392328942141],[119.58743777083657,-3.2878601376352208],[119.58729895868009,-3.2879726473197479],[119.58718301538397,-3.2880542509029169],[119.58706877810164,-3.2881169003746322],[119.5870101027341,-3.2881464440031323],[119.58683532219243,-3.2882127258365585],[119.58676977420578,-3.2882278650238845],[119.58665497934385,-3.2882438729563432],[119.58663333086361,-3.2882446310848081],[119.58647171100074,-3.2882372125772577],[119.58642342100416,-3.2882345901541612],[119.58633107322055,-3.2882247992350244],[119.5862100541508,-3.2882049889690279],[119.58616184689174,-3.2881922671593315],[119.58613762724974,-3.2881837092107844],[119.58612606016959,-3.2881796217920396],[119.58606210398295,-3.2881566908785089],[119.58598813744265,-3.2881172268284899],[119.58592158131603,-3.288071783186183],[119.58586229171146,-3.2880228168994563],[119.58580788632491,-3.2879678521346136],[119.58576960488347,-3.2879228896296127],[119.58570471070391,-3.2878466702875357],[119.58562091907027,-3.2877354187545507],[119.58552305124783,-3.2875850296253475],[119.58547490424348,-3.287510931784027],[119.58542504672857,-3.2874330163206196],[119.58528853413861,-3.2872257135957739],[119.58528097893407,-3.2872130556379489],[119.58521335261423,-3.2871368713694551],[119.58518801691355,-3.28710838174635],[119.58514318930679,-3.2870740042618536],[119.58511825560311,-3.2870544853761317],[119.58505270401918,-3.2870263267035398],[119.58503871416542,-3.2870260757927099],[119.58496113414913,-3.287014604040678],[119.58491861510208,-3.2870136840342639],[119.5848490228642,-3.2870129079192907],[119.58479678034723,-3.2870192850119224],[119.58470993641447,-3.2870459786889228],[119.58467547259499,-3.2870596645718138],[119.58455890157211,-3.2871420460685385],[119.58454099067421,-3.2871567023199191],[119.58436491241082,-3.2873314909555233],[119.58432755817034,-3.2873651570762945],[119.58423891289556,-3.287435759252844],[119.58420082570763,-3.2874616426406646],[119.58409991817678,-3.2875289667883294],[119.5840535140585,-3.2875509183401732],[119.58394709997879,-3.2875939706851796],[119.58392573568426,-3.2876013352333757],[119.58380610966424,-3.2876301692968468],[119.58376788038345,-3.287635326009422],[119.58364719586143,-3.2876414431979697],[119.58350413800565,-3.2876369906545619],[119.58341359336271,-3.2876326487277083],[119.5832804703175,-3.2876306063673155],[119.5831076161237,-3.2876374403155637],[119.58303310459416,-3.2876453282692637],[119.58292465714726,-3.2876648120813456],[119.58292004812176,-3.2876657599667851],[119.58283470605693,-3.2876862006575607],[119.58275898134195,-3.2877086648229579],[119.5826691300764,-3.2877393074230667],[119.58265886881179,-3.2877431232465142],[119.58252868295244,-3.2877961292878695],[119.58250379601338,-3.2878099060023374],[119.58248034529174,-3.2878260659201715],[119.58240646328773,-3.2878766905568],[119.58225645277309,-3.2879939999231169],[119.58217423225506,-3.2880647432932051],[119.5821246130605,-3.2881070680866742],[119.58202877141071,-3.2881888227558989],[119.58198864545966,-3.2882230509529791],[119.58197147830117,-3.2882380021820268],[119.58184971189473,-3.2883182702719296],[119.58180082744627,-3.2883456393397523],[119.58178360363047,-3.2883543079049105],[119.58171344302104,-3.2883779402896494],[119.58164818101875,-3.2883969060923164],[119.58159750781874,-3.2884081826914553],[119.58148488032305,-3.2884215583082437],[119.58137647334559,-3.2884293455377929],[119.58133317728436,-3.2884324356083425],[119.58123745704302,-3.2884335948344869],[119.58107419501812,-3.2884293266520785],[119.58099055896719,-3.288422142867546],[119.58085503922871,-3.2884034585527502],[119.58085055700769,-3.2884021347506973],[119.58064665821678,-3.288341417022707],[119.58058347544704,-3.2883215977634563],[119.58052624169272,-3.2883036733757649],[119.58044964193743,-3.2882856842368824],[119.58027504485744,-3.2882651311308564],[119.58021658442794,-3.2882606758894326],[119.58012888883718,-3.2882604330724803],[119.57999053893229,-3.2882734039943671],[119.57990219942701,-3.2882902608868108],[119.57986446117604,-3.2882966047044988],[119.57979635731613,-3.2883016085323789],[119.57978699087698,-3.2883022911178159],[119.57975963529896,-3.2883027668591467],[119.5797283766633,-3.288301335138442],[119.579708984582,-3.2883010212750605],[119.5796508389152,-3.288277797182559],[119.57963125258027,-3.2882664666240657],[119.57955046738027,-3.288211534234847],[119.57945223982904,-3.2881336151741607],[119.57935837938578,-3.288057564005328],[119.57924075885398,-3.2879633276454001],[119.57907372866975,-3.2878167633328985],[119.57893116274306,-3.2877007346011737],[119.57884408228858,-3.2876486287811417],[119.57875014540298,-3.287595604753335],[119.57874527827198,-3.2875927386139665],[119.57857343131889,-3.2875277751866179],[119.57856252074384,-3.2875251563608572],[119.57853022069321,-3.2875160777047654],[119.57834315361367,-3.2874765767825238],[119.57834113103843,-3.287476322274415],[119.57813877098761,-3.2874574913701053],[119.57809833117312,-3.2874549256042656],[119.57797055909407,-3.2874526341317392],[119.57786411173947,-3.2874521008337183],[119.57780734383391,-3.2874522321347399],[119.57769015767474,-3.2874590588884303],[119.57760519692238,-3.2874640798033852],[119.57749851664335,-3.2874687230031441],[119.57741774673173,-3.2874708669868937],[119.57733611616891,-3.2874680566054622],[119.57725041887181,-3.2874614420918533],[119.57714282398217,-3.2874340397490869],[119.57705444041017,-3.2874009518923799],[119.57700183816439,-3.2873775443381419],[119.57689756087382,-3.2873181612041549],[119.57682331464434,-3.2872716860394462],[119.57676145297876,-3.2872269051974854],[119.5766564166604,-3.2871317191534786],[119.57662771479727,-3.2871026575615474],[119.57653526628962,-3.2870076297982109],[119.57648866791772,-3.2869591806216363],[119.57639146199642,-3.2868626042257461],[119.57637114091551,-3.2868436033495527],[119.57625216690406,-3.2867299065599127],[119.57619283772931,-3.2866831229277409],[119.57606173546083,-3.2866067677880437],[119.57605747087564,-3.2866055986693823],[119.5758873910903,-3.2865676832519171],[119.57578335841526,-3.2865481104068976],[119.57577865765893,-3.2865471418371044],[119.57565115177931,-3.286542418597719],[119.57561089182923,-3.2865412485797378],[119.57551061112588,-3.2865455734194029],[119.57543081158281,-3.2865504279598099],[119.57536579779344,-3.2865501113984692],[119.57526165180388,-3.2865507292327152],[119.57522942190042,-3.2865512247591937],[119.57505724489602,-3.2865598528548503],[119.57502148875074,-3.28656158674778],[119.57483191346205,-3.2865629546166133],[119.57480479440585,-3.2865599355924928],[119.57472120332091,-3.2865453593807956],[119.57469137370799,-3.286534313008076],[119.574634406153,-3.2865061129667197],[119.57459150939076,-3.2864852441986159],[119.57454801457925,-3.2864631928220547],[119.57446535878933,-3.2863988544235667],[119.57441582592969,-3.2863476371337015],[119.57431544989811,-3.2862644813206998],[119.57419165102397,-3.2861764349944451],[119.57412433766808,-3.2861272159981922],[119.57384602087723,-3.2859952108102561],[119.57381152738014,-3.2859848371304565],[119.57360157525261,-3.2859432012177194],[119.57357311620638,-3.2859387100033928],[119.57342615889013,-3.2859218917818112],[119.57326491314529,-3.2859193413045205],[119.57309428387418,-3.2859231310476389],[119.57297211277285,-3.2859293750405527],[119.57277218269019,-3.2859410788177001],[119.572641503103,-3.2859450843980653],[119.57244954281225,-3.2859497689666455],[119.57238852560999,-3.2859484613523477],[119.57231085835951,-3.2859396246139454],[119.57217866161602,-3.2859082706501113],[119.57210919258523,-3.2858885638061111],[119.5719767512262,-3.2858496051750876],[119.57189471237109,-3.2858196559523094],[119.57183132905266,-3.2857970146204707],[119.57177881224243,-3.2857732320489959],[119.57176009285411,-3.285763171333258],[119.57169782469487,-3.2857137877610398],[119.57168474585444,-3.2857023735656412],[119.57163905399921,-3.2856447549014547],[119.57162096863283,-3.2856257935954432],[119.5715610962676,-3.2855176977834617],[119.571543674601,-3.2854801151151491],[119.57149800343018,-3.2853865118779595],[119.57144720792235,-3.2852644091251477],[119.57137055061048,-3.2850882148491678],[119.57129449674369,-3.2848855697131967],[119.5712872158324,-3.284868006853003],[119.57127667128145,-3.2848425731261841],[119.57123076628693,-3.284720312092702],[119.57121717033624,-3.2846812716233558],[119.57115938979405,-3.2845104831721983],[119.57113919911478,-3.2844628182044744],[119.57109897603698,-3.2843836868576091],[119.57102926778657,-3.2842796910548486],[119.57101250981952,-3.2842581001311828],[119.57095028123058,-3.2841724199212194],[119.57092464065965,-3.2841371179335965],[119.57089204922875,-3.2840827350301538],[119.57083900361715,-3.2839915752509228],[119.57079154279552,-3.2839021943307785],[119.57076508923751,-3.2838494347035976],[119.5706790088293,-3.2836745066730941],[119.5706712242976,-3.2836534256650225],[119.57055752570932,-3.2835520046212423],[119.57046373631249,-3.2834268819449903],[119.57028356613375,-3.2831170043462521],[119.570116964926,-3.2828312636518717],[119.56988578879816,-3.2824354837105716],[119.56978359163952,-3.2821921847215094],[119.56976581204265,-3.2821059900992964],[119.56976174980502,-3.2819962035619028],[119.56978839311989,-3.2817744361412906],[119.56973956712739,-3.2816565772891408],[119.56970327858346,-3.2815786951006771],[119.56964836777797,-3.2814411455923391],[119.56960110930379,-3.2813371803665063],[119.56951375365691,-3.2811450069364696],[119.56948130431886,-3.2810773473416361],[119.56943662240224,-3.2809719216168673],[119.56942229979938,-3.2809321446027297],[119.5694210668288,-3.280928719984388],[119.56938603463789,-3.2808366276082097],[119.56935355562211,-3.2807512468725122],[119.56934619287256,-3.2807343288261563],[119.56928445171616,-3.2805677941682916],[119.56924658845935,-3.280440406999162],[119.56923231172186,-3.2803812343064465],[119.56921062726872,-3.2802754668392708],[119.56919955571493,-3.2801688621032667],[119.56919187370602,-3.2800732353914555],[119.56918931693349,-3.2800447529629082],[119.56918555686798,-3.2799805341742854],[119.56918814062021,-3.2798422283361219],[119.56918848416126,-3.2798321523318918],[119.56919356083426,-3.279683133769538],[119.56919416877588,-3.279678516650165],[119.56920912000498,-3.2795502328569341],[119.56922130402006,-3.2794839258424417],[119.56925054727503,-3.2793607726814571],[119.56927069478684,-3.2792840182427767],[119.56929538837153,-3.2791899509554128],[119.56929626521048,-3.2791861360312851],[119.56933109865133,-3.2790798820308851],[119.56933597117813,-3.2790672285697156],[119.5694363867799,-3.2788437848127501],[119.56944051107075,-3.2788353491719704],[119.56944912028075,-3.2788177377483407],[119.56951318798326,-3.2787186891161468],[119.56956305808876,-3.2786025030030714],[119.56958521558533,-3.278537600729635],[119.56959942577294,-3.2784938891816182],[119.56960303205437,-3.2784807671736189],[119.56962723640788,-3.2783926992636339],[119.56962777779972,-3.2783856099079003],[119.56963256399172,-3.2782956201467073],[119.56963090294391,-3.278283021544155],[119.56961089212905,-3.2782037238227417],[119.56960124240345,-3.2781809439953236],[119.56958143933207,-3.2781432354219078],[119.56951473301854,-3.2780787801115707],[119.56949662426985,-3.2780710603311149],[119.5693914764355,-3.2780303390288736],[119.5693688611841,-3.2780278946715384],[119.56934405518405,-3.2780264791386458],[119.56926216561646,-3.2780271563281644],[119.56921258689147,-3.2780311601098902],[119.56912234172273,-3.2780528427644526],[119.56909937303772,-3.2780658685449566],[119.56901827667218,-3.2780993431101706],[119.56888606823748,-3.2781558592054694],[119.56885957960594,-3.2781689119656789],[119.56880054540886,-3.2781956685951741],[119.56877992125646,-3.2782037220241023],[119.56865392533848,-3.2782570581167079],[119.56864689084136,-3.2782588765458627],[119.56853998303382,-3.2782812291953292],[119.5684812950758,-3.2782887025615537],[119.56838277524491,-3.2782895416290216],[119.56832835636862,-3.2782859866089211],[119.56821475130982,-3.2782734896297825],[119.56820574010294,-3.2782712305328232],[119.56809599043766,-3.2782407426161058],[119.56808148257437,-3.2782324616587175],[119.56800986416397,-3.278175791779347],[119.56800032415572,-3.2781670449730882],[119.56794973729063,-3.2781158870384957],[119.56792970579136,-3.2780878785526966],[119.56787959916426,-3.2780095979645125],[119.56786326207998,-3.2779788951098681],[119.56782786746214,-3.27790499422008],[119.56781091074504,-3.2778627206879491],[119.56779935265808,-3.2778203671161918],[119.56779470316303,-3.2777738505827188],[119.56779241798574,-3.2777509934135765],[119.56779127045081,-3.2777383003822251],[119.56780442033778,-3.2776247133098195],[119.56780501119238,-3.277616817262242],[119.56784755721901,-3.2774656484209004],[119.5678644878559,-3.2774172532036232],[119.56790766700533,-3.2773106655547508],[119.56791435886066,-3.2772973304074071],[119.5679498101357,-3.2772356504049185],[119.56798141680895,-3.2771903515534291],[119.56807529793673,-3.2770561385299288],[119.56808093668599,-3.2770480779064428],[119.56811376913515,-3.2770060732715933],[119.56815599230526,-3.2769518468501815],[119.5682038128557,-3.2768837996475781],[119.56824567989429,-3.2768163370042771],[119.56827346265027,-3.2767666017971919],[119.56829767599697,-3.2767185851944873],[119.5683262492571,-3.2766389538246017],[119.56832769806488,-3.2766321639431908],[119.5683339222727,-3.276594910426752],[119.56833049135912,-3.2765118472439099],[119.5683239011272,-3.2764901888710938],[119.568301663591,-3.2764257569430697],[119.56825469379919,-3.276343800825714],[119.56822621676656,-3.2763080392845154],[119.56817781705263,-3.2762543407651492],[119.56815380875139,-3.276237280625935],[119.56807915602826,-3.2761940340274123],[119.56805116642829,-3.2761819750180621],[119.56802331442452,-3.2761680679019491],[119.56793251257545,-3.2761615936825592],[119.56785717816626,-3.2761723792518751],[119.56782320357809,-3.2761827376431825],[119.56775790470363,-3.2762252378044536],[119.56773177670016,-3.2762495087077923],[119.56767477227299,-3.2762996090396541],[119.56764007373044,-3.2763346160496667],[119.56754385886211,-3.2764529272607206],[119.56747185104518,-3.2765522196091865],[119.56745685844737,-3.2765753717559392],[119.56737797531332,-3.2766918816249699],[119.56736489737216,-3.2767052725302506],[119.56728730746329,-3.2768024478746156],[119.56725249560623,-3.2768323125611118],[119.56721185704168,-3.2768690507660381],[119.56716296270065,-3.2769029390193509],[119.56713892292305,-3.2769155196354518],[119.56704996918074,-3.2769430128097383],[119.56702576122996,-3.276945569582324],[119.56693519230532,-3.2769422978487341],[119.56692548322451,-3.2769415909816075],[119.56682401361741,-3.2769002032816843],[119.56681261111316,-3.2768959863606142],[119.56674617819363,-3.2768294347305869],[119.566706765405,-3.2767829217943358],[119.56667844575372,-3.2767399072208718],[119.56663905544815,-3.2766769483824305],[119.56662307539466,-3.2766291871872113],[119.56659794473944,-3.2765434242396054],[119.56658643611524,-3.2764993412715171],[119.56656163820912,-3.2763940756260581],[119.56655399666965,-3.2763687462206121],[119.56650660509581,-3.2762403581060084],[119.56648702505618,-3.2761861181947438],[119.56644870584319,-3.2760929799070482],[119.56642091769129,-3.2760366400788143],[119.56637380220923,-3.2759587273133661],[119.56634682074923,-3.2759165185324832],[119.56630631888163,-3.2758516801109181],[119.56606026257111,-3.2756549201383791],[119.56595590074426,-3.2755943741809688],[119.56587304440552,-3.2755502102739342],[119.56583657239992,-3.2755329639750812],[119.56573393637211,-3.2754968112288338],[119.56569903278421,-3.2754835750069446],[119.56563571061963,-3.2754619687947866],[119.56559427525565,-3.2754513424054608],[119.565451201212,-3.2754185801033486],[119.56541471841456,-3.2754087478153906],[119.56529794774212,-3.2753740420783402],[119.56512021292758,-3.2753264103855031],[119.56508982483558,-3.2753172660789005],[119.5649818504321,-3.2752829947143596],[119.56485166817004,-3.2752399522619271],[119.56479863424966,-3.2752202454179269],[119.56468575494375,-3.2751790591661916],[119.56462737815104,-3.2751506396901959],[119.5644941363953,-3.2750768197394109],[119.56443445558568,-3.2750395473372009],[119.56433622893383,-3.2749713400552309],[119.56425945381079,-3.2749103956981571],[119.56422572923407,-3.274878244934996],[119.56418425070262,-3.2748301491919847],[119.56415008815611,-3.274782796288946],[119.56411631861329,-3.2747253341068472],[119.56408492867661,-3.2746612942832485],[119.56405607572742,-3.2745976501613541],[119.56402516512935,-3.2745156787555061],[119.56398504277558,-3.2743961102922299],[119.5639801333765,-3.2743826672262912],[119.56394787109741,-3.2742326036516829],[119.56394375400112,-3.2742184887922008],[119.56393058882566,-3.2740527518329827],[119.56392997458875,-3.2740198249549053],[119.56392490690894,-3.2739056020618591],[119.56392372160258,-3.2737886991890832],[119.56392401568087,-3.2737793561323087],[119.56392780362535,-3.2736690560820421],[119.56392794032229,-3.2736638328195795],[119.56392651309818,-3.2735707970546173],[119.56392374138761,-3.2735494840214301],[119.56390947903924,-3.2734755111858362],[119.56388405790301,-3.2734205302332384],[119.56386446976956,-3.2733927106050373],[119.56385364732807,-3.2733785606719721],[119.56378318904297,-3.2733191298738689],[119.56374998157651,-3.2732993726678501],[119.56373976707664,-3.2732939371654197],[119.563647687291,-3.2732693865729061],[119.56360769174159,-3.2732647631582381],[119.56357994226062,-3.2732628682866789],[119.56352110591433,-3.2732736718424462],[119.56345622882202,-3.2732973410993509],[119.56342273896826,-3.273321980724802],[119.56341224837661,-3.2733286770767336],[119.56332881287449,-3.2733807469238627],[119.56326062627693,-3.273424664416666],[119.56324939644253,-3.2734351370219201],[119.56318612104269,-3.2734844558428904],[119.56309505479305,-3.2735628812219488],[119.56304319178992,-3.2736079732293319],[119.56302858230333,-3.273618199420298],[119.56296684924075,-3.2736647330409596],[119.5629198686571,-3.2736900921240135],[119.56285296359351,-3.2737228202519191],[119.56281463898449,-3.2737358136567991],[119.56273302460943,-3.273760762649033],[119.56269261717057,-3.2737695823003605],[119.56262227130082,-3.2737783291065625],[119.5625988772365,-3.2737805828076034],[119.56246741613836,-3.2737699312372683],[119.56245783835857,-3.2737689410837447],[119.56234582689842,-3.2737480066651301],[119.56233571222344,-3.2737469256800296],[119.56226106129895,-3.2737085965744086],[119.56220035436297,-3.2736638660945232],[119.56219615722694,-3.2736578757103416],[119.56214657670319,-3.2735965707250898],[119.56212868019452,-3.2735687439023877],[119.56208271224739,-3.2734777217194164],[119.56206329498514,-3.2734331531174803],[119.56205399959242,-3.2734092221578521],[119.56201780817537,-3.27331603710536],[119.56194052313674,-3.2731386440331676],[119.5619218217347,-3.2730940529481245],[119.56182751163044,-3.2728841682696839],[119.5617991011477,-3.2728346111283599],[119.56175907232341,-3.2727729113407236],[119.56167817740607,-3.2726536477475747],[119.56155178578638,-3.2724642900948879],[119.56144150012517,-3.2723221729298757],[119.56133094916402,-3.2721809676774569],[119.56109378445069,-3.2718678777003447],[119.56106416437979,-3.2718305189632133],[119.56078456065904,-3.2714566986676346],[119.56072950416331,-3.2713839201317683],[119.56067485326196,-3.2713149313389636],[119.56063456273489,-3.2712640692813011],[119.56035485469283,-3.2709172322444147],[119.56034045384888,-3.270900375351971],[119.56021367731944,-3.2707590639795967],[119.56016697912287,-3.2707117677338715],[119.56010922016446,-3.2706635937498163],[119.55996910489034,-3.2705668051139014]]]]},"properties":{"OBJECTID":587,"nama_kawasan":"Kawasan Lumbung Pangan Teluk Bone dan sekitarnya Kabupaten Pinrang","delineasi_asal":"Pinrang","Shape_Length":2.6173347103219542,"Shape_Area":0.15438134849916096}}]}