{"type":"FeatureCollection","features":[{"type":"Feature","id":749,"geometry":{"type":"MultiPolygon","coordinates":[[[[137.88924446236206,-3.7740157401342458],[137.88908212214233,-3.7738381797881289],[137.88765444569617,-3.7728744977598012],[137.8870476830042,-3.772767421779065],[137.88658368768711,-3.7720535840056755],[137.88579846622633,-3.7719108157315304],[137.8846206331358,-3.7713754367269985],[137.88426371379944,-3.7704474478913426],[137.88362125881406,-3.7694837658630718],[137.88324649423043,-3.7680025509769166],[137.88267938894273,-3.7663587395641116],[137.87950047526681,-3.7663587395641116],[137.87887225205282,-3.7663587395641116],[137.87839239359414,-3.7651174548066706],[137.87779752803351,-3.7640466967975499],[137.87705394698219,-3.7630949127999429],[137.87693497386999,-3.7609236553024061],[137.87714317681628,-3.7597934107372453],[137.876905230592,-3.7584252208472435],[137.87693497386999,-3.7564324221185643],[137.87636985158747,-3.7557483267238467],[137.87645908232082,-3.7546775696141026],[137.87568575709213,-3.7531011767778182],[137.87500166169741,-3.7521493918808915],[137.87485294530723,-3.751376067551405],[137.8740201344217,-3.7503647969977578],[137.87372270074206,-3.7495319852129114],[137.87363347180735,-3.7467956045334745],[137.87256393957421,-3.7459614041953841],[137.87187865527574,-3.7467609032930227],[137.87079362142856,-3.7473319727922672],[137.87010833623083,-3.747845937140255],[137.86902330238354,-3.7495020422853713],[137.86810958938611,-3.750301541382953],[137.86736719723842,-3.7525858229773235],[137.86622505644129,-3.7536708577238755],[137.86519712864458,-3.7549272133201725],[137.86474027214592,-3.7556124976186425],[137.86314127485002,-3.7556124976186425],[137.86182781230377,-3.7562977828163753],[137.86179682796126,-3.7563015006136879],[137.86040013495835,-3.756469103666177],[137.86118873157477,-3.7577155856057516],[137.86101741072503,-3.7597714411990069],[137.86170269592276,-3.7604567245981002],[137.86204533762225,-3.7611991167457859],[137.86198823067241,-3.7619415088934716],[137.86101741072503,-3.7625125801913555],[137.86067476812616,-3.7637118279384367],[137.86198823067241,-3.7645113270360753],[137.86204533762225,-3.7652537191837609],[137.86347301496778,-3.7667956086303889],[137.86467226271486,-3.7672524660284239],[137.86530044096264,-3.7680519651260624],[137.86507201226357,-3.7691369989732948],[137.86438672796521,-3.7699936050208294],[137.86421540621609,-3.7716497101659456],[137.86447929698204,-3.7720162252685441],[137.8681057366905,-3.7724330952111131],[137.87530286893229,-3.7731943371488796],[137.87692009728471,-3.7733653917993593],[137.88068679975606,-3.773763796861715],[137.88818210312161,-3.7744776346351046],[137.88924446236206,-3.7740157401342458]]],[[[137.84856407657094,-3.751277890362303],[137.84904562215775,-3.7500521386951959],[137.85249018837158,-3.7412841543401782],[137.85320402614491,-3.7316473367551453],[137.85249018837158,-3.7234381974148505],[137.8523649298977,-3.7228327819073002],[137.85236455757831,-3.7228330382141053],[137.85146036210608,-3.7241179472853787],[137.85131759473131,-3.7251649101324347],[137.85231696815367,-3.7258311593804478],[137.85222179020354,-3.7278774956498637],[137.8515079524301,-3.7286389228479493],[137.85103205998166,-3.7296858856950053],[137.85127000620594,-3.7324936500618264],[137.85122241588181,-3.7351586461545594],[137.85088929170752,-3.7370622150491499],[137.85136518415595,-3.7388706059936112],[137.85041340015835,-3.740774173988882],[137.84855741978913,-3.7414880126615913],[137.84817670619009,-3.7421542619096044],[137.84793875996581,-3.7451999716013802],[137.84770081374165,-3.7460089891234816],[137.8462731372955,-3.7468180048470003],[137.84555929862279,-3.74781737916868],[137.84475028199995,-3.7486739852162145],[137.84446726535202,-3.7495591492353242],[137.84566651309922,-3.7505870761326037],[137.8466373330466,-3.7512152543804405],[137.84834199888417,-3.7517220466351091],[137.84856407657094,-3.751277890362303]]],[[[137.88924446236206,-3.7740157401342458],[137.89022426383872,-3.7750873965660503],[137.89025995523286,-3.7760867699884102],[137.89097379390557,-3.7769076837425359],[137.89122363726108,-3.7796202701592847],[137.89225870297685,-3.7806553349756769],[137.89225870297685,-3.7817617852780927],[137.89293684935615,-3.782511315344891],[137.89329376779324,-3.7831894608249286],[137.89447160088378,-3.784510062189554],[137.89461436915792,-3.7856878952800912],[137.89539959061869,-3.7867943446831873],[137.89582789364249,-3.7877580258121952],[137.89639896494032,-3.7889001684080199],[137.89650604092117,-3.7918269049876017],[137.89736264696865,-3.7933200170051578],[137.89760059319292,-3.7950153820542027],[137.89849289063443,-3.7962943430094924],[137.89867135030261,-3.7972461270070994],[137.89923647168587,-3.7984953437850209],[137.8998015939685,-3.8000717366213053],[137.90054517591921,-3.8017968458477185],[137.90092588861899,-3.8022429950181618],[137.90169921384768,-3.8005178857917485],[137.90193716007195,-3.7993876421259642],[137.90271048530076,-3.7983168850161633],[137.90336483741737,-3.796651262345847],[137.9041381617468,-3.7949261531194338],[137.90395970207862,-3.7937364219982328],[137.90497097263233,-3.7921302858839567],[137.90574429786113,-3.7920113127718196],[137.90610121719749,-3.7905241497696238],[137.9067555693141,-3.788442121206856],[137.90824273231635,-3.7878472556462839],[137.90883759697761,-3.7868954716486769],[137.91097911209636,-3.7864790657562253],[137.91210935576225,-3.7854083086464811],[137.91359651876439,-3.7842185784245999],[137.91395343810075,-3.7834452531958505],[137.91567854822654,-3.7824934691981866],[137.91668981878013,-3.7807088734157333],[137.91680879189232,-3.777377628075044],[137.91764160277785,-3.7766637894023347],[137.9179985221142,-3.775176626400139],[137.92073490189432,-3.7745817608395669],[137.92138925401093,-3.773035111281331],[137.92222206489646,-3.7723807600639816],[137.92341466575431,-3.7706662871194112],[137.92392202907843,-3.771137409563778],[137.91923406919705,-3.7787606648727206],[137.91816331118798,-3.7844713706571724],[137.91530795829567,-3.7901820782402638],[137.91245260540347,-3.7951789462513261],[137.90709881805606,-3.8041019251636499],[137.90604553927028,-3.8111821500361316],[137.90567496282938,-3.8136731929634493],[137.90476521494281,-3.8153733585936038],[137.90421725532212,-3.8151095262835497],[137.90308701075696,-3.8148120944026118],[137.90308701075696,-3.8164479728955598],[137.90317624059105,-3.8172212981243661],[137.9035265004477,-3.8176883088682985],[137.90380085032905,-3.8180541090098927],[137.90379537975309,-3.8180634862408738],[137.90359264738288,-3.8184110283462473],[137.90302752510024,-3.81951152873404],[137.90295516924573,-3.8204211462188482],[137.90295410175042,-3.8204345614058184],[137.90292072611066,-3.8208541401064053],[137.9029140531411,-3.8209380288669195],[137.9028799652383,-3.8213665657144134],[137.90281932215407,-3.8221289363013398],[137.90213522675936,-3.8224263690815974],[137.90185390173622,-3.8228409538468782],[137.90178101618096,-3.8229483643754634],[137.90167158757379,-3.8231096263081668],[137.90157010537609,-3.8232591799671241],[137.90047018235305,-3.8233341753318655],[137.90026140204213,-3.8233484098012127],[137.8997260230376,-3.8237648156936643],[137.8996916680361,-3.8245377991800638],[137.89966653558224,-3.8251032623056744],[137.89952288687175,-3.8254384441288494],[137.89930961714515,-3.8259360740905208],[137.89925047323084,-3.8261036501633043],[137.89917723514134,-3.8263111561349206],[137.89903285258413,-3.8267202397472033],[137.8989526978088,-3.826947344644168],[137.89867802237291,-3.8273593582477474],[137.89859577937182,-3.8274827227493802],[137.89779335388027,-3.8274726926106268],[137.89693277642652,-3.8288031910144014],[137.89853275758071,-3.8294431836559397],[137.90388654492813,-3.8322985383468335],[137.91481554620054,-3.8314154670501352],[137.91816771696665,-3.8302881938450355],[137.91816250269744,-3.8301839048632473],[137.91860729029429,-3.8297733319736267],[137.92038125968747,-3.8357746302949067],[137.92197956990128,-3.8414426983218277],[137.92830473117851,-3.8440908384214367],[137.92999969872722,-3.8491208914159643],[137.93795814934913,-3.849149125631584],[137.94172957865715,-3.8523939892911017],[137.94342082571063,-3.8527887826761571],[137.94957108144035,-3.8494019223607552],[137.95430448136676,-3.8484969453776898],[137.95632289008938,-3.8512328503157391],[137.95730900570607,-3.8520733575993518],[137.95841117343696,-3.8530127813147601],[137.95863931345366,-3.8532072336269039],[137.95993568528377,-3.852962476836808],[137.96179064042576,-3.8526122583489837],[137.96229199178208,-3.852517602005662],[137.9647689171519,-3.8534599503163918],[137.97215349418843,-3.857026362976228],[137.97240798524035,-3.8571492697229814],[137.97513867141265,-3.8594175676665827],[137.97736924639366,-3.8583947992805179],[137.97891649490043,-3.8573447967249308],[137.97955079573273,-3.8569143443214671],[137.98096274033821,-3.8569927436201965],[137.98144235328209,-3.8574776068060714],[137.98293496527651,-3.8589865585827852],[137.98317825886966,-3.8590255019253163],[137.98548292989335,-3.8593944020299773],[137.98754301230019,-3.8590230728564734],[137.98944977378812,-3.8581271232681047],[137.99169491508837,-3.8564534004040638],[137.99637849976807,-3.8555667731880021],[137.99829010230644,-3.8552159962212045],[137.99844851338821,-3.8548825932570026],[137.99897632909438,-3.8537717146928117],[137.99944602791197,-3.8525205580772308],[138.00058643841351,-3.8497017383444927],[138.00239901660143,-3.8494044386638393],[138.00478022442792,-3.8493134785341567],[138.00702771745523,-3.8498617816958358],[138.00834933325518,-3.8494504578723081],[138.00913402681397,-3.8491940206874347],[138.00972267266332,-3.8473991555465545],[138.00997844075255,-3.8460209822824822],[138.01044247833772,-3.8460394426660969],[138.01200441007552,-3.8462561172260052],[138.01401070313148,-3.8462916854128935],[138.01914171222029,-3.8461280915381622],[138.02083757279581,-3.8452844770968682],[138.0216156752233,-3.8449104967219796],[138.02197876660682,-3.8448704993739966],[138.02268629383741,-3.8447925587295799],[138.02300609275699,-3.844947565877419],[138.02364410329278,-3.8452568112527956],[138.0254972768779,-3.845821550424148],[138.02837968587392,-3.8476620525616454],[138.02930654875831,-3.8481204918671779],[138.02976929761508,-3.8483493738244761],[138.0313559786955,-3.848613404884702],[138.0325661289238,-3.8486415842416477],[138.03338804901932,-3.8482772149214952],[138.03360833165925,-3.8482627358365562],[138.03444570840281,-3.8482076982266449],[138.03559164164096,-3.8485491663109315],[138.03665951102766,-3.8487690631417308],[138.03788986992163,-3.8490273520306459],[138.03847156581014,-3.8491557419438891],[138.03898065043677,-3.8492681059382789],[138.03997409372948,-3.8494113193768271],[138.04376768503073,-3.8505630937117417],[138.04593183518614,-3.8511184835311383],[138.05175063228592,-3.8535940859982247],[138.05384791245126,-3.8545298899423983],[138.05508648575278,-3.8556628963255548],[138.05778639622531,-3.8572402505370746],[138.06185464227804,-3.8602218466608633],[138.06433840789123,-3.8643523042154015],[138.06528771875332,-3.8663011503777511],[138.06620676293187,-3.8673307967787878],[138.0689581290145,-3.8686021872410947],[138.07279764239729,-3.8702966781491455],[138.07546174366462,-3.8711060841783933],[138.0770637069246,-3.8716752102426994],[138.07839865517383,-3.8724723477206453],[138.07874026984769,-3.8728168923856288],[138.07892075209111,-3.8729989205637025],[138.0795268906536,-3.8732664176110347],[138.08020110519692,-3.8746397723076029],[138.08079134104764,-3.8758420642598139],[138.08061916044596,-3.8764608104179956],[138.08024058723333,-3.8778212436554327],[138.08015693679329,-3.8781218465459233],[138.08016633201066,-3.8784613765911899],[138.08017827770539,-3.8788932463261858],[138.08017754116065,-3.879107927988457],[138.08017728395453,-3.8791828280250229],[138.08017620926466,-3.8794958388618284],[138.08023989205742,-3.8797117579911742],[138.08024737981282,-3.8797371260674822],[138.08024641124291,-3.8800192379973737],[138.08024615313752,-3.8800943826495882],[138.08024614594297,-3.8800962802191066],[138.08024611896326,-3.8801043039704268],[138.08024456403541,-3.8805566539663801],[138.0802430621676,-3.8809937712454712],[138.08024262060053,-3.8811220415489061],[138.08024199557167,-3.8813038628829304],[138.08023877240146,-3.8813411766539048],[138.08021699981475,-3.8815930290949723],[138.08016775923477,-3.8819544189612429],[138.08016404863201,-3.8819684016203837],[138.0801249802837,-3.8821154578620281],[138.08005429536945,-3.8823815070009005],[138.08004620237045,-3.8824119733338307],[138.08000350435827,-3.8826225882617678],[138.07996560962522,-3.8828095393287185],[138.07994854409014,-3.8828937059797113],[138.07994766275453,-3.8831499498102744],[138.07994661144699,-3.8834557507822183],[138.07994624362436,-3.8835620119772329],[138.07994622293995,-3.8835686165983248],[138.07994552236801,-3.8837724119671861],[138.07994440810796,-3.8840962740237615],[138.07994423274022,-3.8841470956119224],[138.07993772884322,-3.8842225361410669],[138.07989594274363,-3.8847069919340811],[138.0802992769901,-3.8850423716081082],[138.08057790404712,-3.8852740567522801],[138.08107952070338,-3.8856372065917526],[138.08156017776002,-3.8862487500796874],[138.08214140600114,-3.8868606416052671],[138.0816669650585,-3.8877978116196914],[138.08151357579095,-3.8881008022102037],[138.08110786283771,-3.8890932652419679],[138.08078438569089,-3.889566487603247],[138.08034675310023,-3.8898374092689778],[138.08120669293464,-3.8910290217718853],[138.08215399740914,-3.8924068901657733],[138.08278364514922,-3.8932998018443072],[138.08296930299105,-3.8934190339612087],[138.08317692587445,-3.8935296739552427],[138.0831797911145,-3.8935312010040661],[138.08331063168032,-3.8936009236436462],[138.08365222297175,-3.8937094043654952],[138.08381777736861,-3.8938229203914148],[138.08396287488688,-3.8940380103458665],[138.08412205938555,-3.8945411468563975],[138.08411555189127,-3.8949702970415387],[138.08402383093517,-3.8953200919486335],[138.08405295008367,-3.8956251320940964],[138.0841476001317,-3.8958852232244112],[138.08431275522958,-3.8961173247546981],[138.0845283119321,-3.8963157187953357],[138.08473364694032,-3.8965592543061121],[138.08478881944848,-3.8966716272936992],[138.08499498093374,-3.896677990896535],[138.08534666081982,-3.8967752112070002],[138.08562226975198,-3.8970585210338982],[138.08602813738867,-3.8974834578951913],[138.08631388168033,-3.897744212725172],[138.0864286153884,-3.8980156685881866],[138.08653836865085,-3.8982701650360241],[138.08669348731462,-3.8984965855489122],[138.08688373799419,-3.8987400688990306],[138.08705902845145,-3.8989496181303025],[138.08723238986295,-3.8991549927087021],[138.08726938257598,-3.8991988166720262],[138.08757001964079,-3.89951609569124],[138.08776533889932,-3.8997483033414824],[138.08800584639278,-3.9000032548462968],[138.08824631521532,-3.9002695009366448],[138.08846193397119,-3.9004509553472531],[138.08883825438204,-3.9006950853099056],[138.08883821481186,-3.9007063780967997],[138.08909891568248,-3.9009388132755589],[138.0892642974095,-3.9011031499903197],[138.0892692571706,-3.9011257553492555],[138.08943958876603,-3.9013127001209682],[138.0895392093671,-3.9015897506664032],[138.08971925723802,-3.9018783736879641],[138.08989957760343,-3.9020879409056874],[138.09014050597966,-3.9022186609623759],[138.09037144378715,-3.9023324036174927],[138.09060224579707,-3.9024856750738195],[138.09101803925114,-3.9029501776085453],[138.0911178433139,-3.9031764047672368],[138.09132327904615,-3.9033917069616564],[138.09164422819867,-3.9036525858981008],[138.09181998810209,-3.9037266090957132],[138.09166652329145,-3.9037641414019504],[138.09145990045408,-3.9038933047322075],[138.09123796845756,-3.9040845338740837],[138.0910260737943,-3.9042814440333586],[138.09087448586888,-3.9044898574209128],[138.09052638798244,-3.9044558486584151],[138.09028715302975,-3.9044550176848816],[138.09022575991094,-3.904461652882901],[138.09014888766114,-3.9044699599206751],[138.09007175460783,-3.9044782939380411],[138.0899283172381,-3.9045065902069496],[138.08983235507924,-3.9045255200366569],[138.08959262280132,-3.9046688530850702],[138.08957450416005,-3.9046849176747855],[138.08942224983707,-3.9048199077125219],[138.0893845772365,-3.9048533067346511],[138.08937665420933,-3.9048603259432184],[138.08929774859234,-3.9049547601539984],[138.08913642460641,-3.9051478329060956],[138.08890120872388,-3.9053824471421876],[138.08887235937198,-3.905411221850386],[138.08860862418874,-3.9055785056434615],[138.08849401458713,-3.9056311438621378],[138.08831223372272,-3.9057146477127844],[138.08829712331362,-3.9057215877809881],[138.08784747218317,-3.9058020905939657],[138.0877704731289,-3.9058158718049754],[138.08760279273474,-3.9058799709838468],[138.08745905499143,-3.9059349303527142],[138.0872321812202,-3.9060566041289349],[138.08718770434916,-3.9060804640421338],[138.08714747227805,-3.9061020450732826],[138.08697917584834,-3.9063417332843073],[138.08673936083289,-3.9065090980163859],[138.08661722390582,-3.9066106080930467],[138.08655103110527,-3.9066656187232525],[138.08645145726905,-3.9067483779352301],[138.08628929691361,-3.9070713100928174],[138.08627912378256,-3.907091558328716],[138.08627458580361,-3.9071005974145692],[138.08620704761722,-3.907235094623843],[138.08618646843081,-3.9072760695349302],[138.08599400272112,-3.9075877655628801],[138.08589765025647,-3.9077796629010777],[138.08587336496385,-3.9078099277858769],[138.08578954904851,-3.9079144083232222],[138.08573379467896,-3.9079839178235147],[138.08591405029324,-3.9080310881641367],[138.09199595484949,-3.9096226129931324],[138.09663126122382,-3.9104095179848173],[138.10415374929619,-3.9116865606861779],[138.11071370917045,-3.9105483553223053],[138.11144917743763,-3.9107317963353125],[138.11177071744476,-3.910811994278049],[138.11641802257373,-3.9119711115774862],[138.12183711958744,-3.9111174580042416],[138.12617186444004,-3.9114378019129958],[138.1295379441209,-3.9116865606861779],[138.13272863172108,-3.9109878171340142],[138.13305129498133,-3.9109171547028723],[138.14123178641785,-3.9091255963691083],[138.1532108442052,-3.9111174580042416],[138.166330764853,-3.9057109640896783],[138.16841162609569,-3.9051296836879033],[138.1698959598308,-3.9047150368693906],[138.17346115660712,-3.9037190889647491],[138.17817346383436,-3.9022025136350749],[138.18230284310175,-3.9008735440787632],[138.18336718534738,-3.900286716658627],[138.18632591530877,-3.898655413916174],[138.18872984720474,-3.8973300002792257],[138.19314103892782,-3.8948978701405395],[138.20015780224082,-3.8915725962982606],[138.20454966573459,-3.8894912719046033],[138.21424699780073,-3.8852228799319164],[138.21800439138963,-3.8826195647410486],[138.22366740612597,-3.8786959377672474],[138.22451476264621,-3.8781088450471088],[138.23619224987249,-3.8690717682474656],[138.23632547813838,-3.8687778832926369],[138.23806987602404,-3.8649299468594904],[138.23821376035687,-3.8642938329939511],[138.23991318944218,-3.8567806187305109],[138.23991640901511,-3.8567663815632045],[138.23958341524246,-3.8544418687971529],[138.2395579023754,-3.8542637697570967],[138.23919939213829,-3.8517611588503655],[138.23900021928478,-3.8508493263353216],[138.23861646237992,-3.8490924575508529],[138.23861581486801,-3.8490894942846694],[138.23861582116331,-3.8490875814267156],[138.23862035284708,-3.8490834463439114],[138.23863860188999,-3.8490635200653287],[138.23864479821896,-3.8490567535662876],[138.24078336715877,-3.8467216243034841],[138.24193416932656,-3.8453084449287189],[138.2427608621241,-3.8442932641227685],[138.24295697188677,-3.8439898085827622],[138.24496652408584,-3.8408802829986257],[138.24741170788411,-3.8398641579045147],[138.24741360905091,-3.8398640778648314],[138.24741879903843,-3.8398610471495545],[138.24934823603235,-3.8389491561785576],[138.2506673148448,-3.8383257290491315],[138.25382572038075,-3.8367500673616632],[138.25459150929078,-3.8362107933933771],[138.25571200880222,-3.8354283157640907],[138.25602289364167,-3.835211215824927],[138.25634710643385,-3.8350263997485285],[138.25682666991497,-3.8347482916003059],[138.25751249110863,-3.8342847405482985],[138.25930884282889,-3.8313958339505234],[138.26116376829339,-3.8300728233020891],[138.26174419343988,-3.8296588365860202],[138.26261187283967,-3.8290399654219982],[138.26542425882258,-3.8274148257335696],[138.2655595968979,-3.8273366206884702],[138.26556371489357,-3.8273342410823261],[138.2664716200693,-3.8270661900525624],[138.26926452943451,-3.8262416007692082],[138.2730293748059,-3.8245910345485754],[138.27738010780581,-3.8232834202935919],[138.28112213827615,-3.8217808312203374],[138.28432409977745,-3.8213697816900094],[138.28615276413882,-3.8219085520379963],[138.28774313064105,-3.8223787760596224],[138.28979120799795,-3.8233404319153692],[138.29135976234318,-3.8240707956306892],[138.29247970337565,-3.8245922711163871],[138.29340546099331,-3.825023327864244],[138.29762208978764,-3.8264658071512372],[138.30400485893711,-3.8262254849181545],[138.30400502261375,-3.8262270353493477],[138.30407753405098,-3.8262544853561735],[138.3041760619758,-3.8265883469745745],[138.30492253075022,-3.8273021622649139],[138.30567022080413,-3.8276279155957695],[138.30699404084237,-3.8278908027183434],[138.30814528008068,-3.8280884737040424],[138.30964147227621,-3.8284812553056327],[138.30990404373665,-3.8286257808550772],[138.31107885060851,-3.8292638462494324],[138.31240086300943,-3.8301088285595597],[138.31406722312386,-3.831342971800666],[138.31521686246833,-3.8320580560343842],[138.31543205134813,-3.8322283129862171],[138.31610382243355,-3.8327598159127092],[138.31657847561621,-3.8334486777142729],[138.31668417923152,-3.8336881051218938],[138.31676622078453,-3.8338739392308412],[138.31680019717146,-3.8340419352870185],[138.31685141625996,-3.8342951852745273],[138.31708072629453,-3.8354290082421016],[138.31711376019189,-3.8355740320159271],[138.31720099173242,-3.8359581720319511],[138.31725727760136,-3.8362060341810889],[138.31802117343852,-3.837758620164152],[138.31911685885598,-3.8373093143733286],[138.3205003156371,-3.8369255907433626],[138.32099384738819,-3.8367887040354276],[138.32165319523881,-3.8366058250987294],[138.32274848495467,-3.836285868797745],[138.32376145162971,-3.8361627048449236],[138.32376148040805,-3.8361627048449236],[138.32430411424355,-3.8360967206870669],[138.32485072128384,-3.8359848333333275],[138.32586015722052,-3.835778205999361],[138.32632211287523,-3.8353915847537792],[138.32708178189876,-3.8349681479616038],[138.32782216496105,-3.8345554607658414],[138.32857129123215,-3.83442844411735],[138.32933238118449,-3.8344032657980165],[138.32965316306309,-3.834392651099904],[138.33035689515464,-3.8343693595582522],[138.33133699880352,-3.8340490345352691],[138.33193125912032,-3.8339482762918919],[138.33283524415128,-3.8337950012382862],[138.33450607569489,-3.8336061903733594],[138.33554296793363,-3.8335447531877662],[138.33640728566775,-3.8334180962680762],[138.33761875879873,-3.8327750801058187],[138.33906241799627,-3.831550666629937],[138.33936594907937,-3.8313407243948632],[138.34084459100518,-3.8303179973776196],[138.34106431696478,-3.830166019146418],[138.34194831636182,-3.8295545817784955],[138.34240708122184,-3.8292475235543293],[138.34252545628487,-3.829168294181386],[138.34321678492677,-3.8291057670174951],[138.34377738182081,-3.8291704912251703],[138.34379252730332,-3.8291722386078959],[138.34442546926005,-3.8293682458478315],[138.34488622072263,-3.8293696802664954],[138.34598251138391,-3.828726286388985],[138.34857862840101,-3.8273113848125035],[138.35002008066226,-3.8267984223093094],[138.35186528715337,-3.8260926496560046],[138.35290277923991,-3.8258371468667747],[138.35344174474073,-3.8257379966112239],[138.35394007437503,-3.8256463224198001],[138.35406280575398,-3.8231888313994205],[138.35400218335417,-3.8211802567633981],[138.35404331744519,-3.820942166647626],[138.35423672384582,-3.8198226878666901],[138.35420843117424,-3.8196545524156136],[138.35401948361232,-3.8185316840899191],[138.35408152064576,-3.8170830183665316],[138.35397069179407,-3.8156597000350985],[138.35357232270462,-3.8140932033386434],[138.35271456192754,-3.8120854443877192],[138.35231540143468,-3.8107776646574507],[138.35157282762395,-3.8087702726299426],[138.3511728361575,-3.8077341448149014],[138.35117617174296,-3.806643869718755],[138.35117667536338,-3.8064793585355119],[138.35129601270091,-3.8051214263127235],[138.35127718269587,-3.8047633108780587],[138.35127663141145,-3.8047528166890743],[138.35124158842859,-3.8040863731875447],[138.35055402974479,-3.8029200001578261],[138.35026752462659,-3.8024404771462628],[138.35067344532331,-3.8015362025336685],[138.35113908190317,-3.7999335593862043],[138.35200764173931,-3.798130962773655],[138.35206644391133,-3.7980089247720343],[138.35282082042454,-3.7961484468932554],[138.3537465933307,-3.7947412498087942],[138.35426969299203,-3.7931775796815259],[138.35380002205341,-3.7913446588289048],[138.35379990334297,-3.7913438287546342],[138.35379969559949,-3.7913423916380111],[138.35358862291673,-3.7898767700968392],[138.35339733981539,-3.7894979747516686],[138.35324513675369,-3.7891965678672932],[138.35290165059075,-3.7885163665370669],[138.3522712851917,-3.7874795462440147],[138.35201282183436,-3.7860509785697332],[138.35194849332834,-3.785695419907654],[138.35169094278285,-3.7842838710038222],[138.35125103131008,-3.7820820401539663],[138.35051180567541,-3.7795633565635853],[138.35033900094425,-3.7789745812119122],[138.35002063194668,-3.7776557245319964],[138.34977023820602,-3.7766184599739177],[138.34920013907526,-3.7747021710682702],[138.3491499200328,-3.7722700283391077],[138.34904128912422,-3.7701093657545925],[138.348987426029,-3.7688802704080899],[138.34887851543124,-3.7668101605603965],[138.34872674764131,-3.7658130111614696],[138.34862883934954,-3.7651697207060124],[138.34752476145866,-3.7640757727786536],[138.34672689822787,-3.763442082585982],[138.34587156112366,-3.7629229903037071],[138.34472186871938,-3.762138622299517],[138.34469076116977,-3.76243414491978],[138.34462642636856,-3.763045323282995],[138.34460265908547,-3.7632711142704807],[138.34450356099057,-3.7642125389774606],[138.34123255044187,-3.7672109668126268],[138.33882586572122,-3.7706490866859781],[138.33768653800337,-3.7711238873574757],[138.32843064715667,-3.7731285859154582],[138.32319016179656,-3.7742636031827033],[138.32264518702584,-3.7743816374025982],[138.32043589360171,-3.7743392874281199],[138.31862828057081,-3.7743046365496866],[138.31458120635762,-3.77422706013067],[138.30777395090718,-3.7741877552606411],[138.29907697612157,-3.7741375398155697],[138.29807853709485,-3.7741317751612655],[138.29738335665661,-3.774170411834973],[138.28905296442281,-3.774633408005343],[138.28645991859048,-3.775259221935471],[138.28178214982643,-3.7763881678795883],[138.27559274391012,-3.7756373319972454],[138.2735118862646,-3.7753849030907531],[138.26423454298981,-3.7753849030907531],[138.25946580060622,-3.774336263008081],[138.25935800606715,-3.7743125586775932],[138.25956518828286,-3.7731791520961337],[138.25969678787658,-3.7724592196172466],[138.25994425162594,-3.7695848307752726],[138.26036065841777,-3.766258343747495],[138.2607770643101,-3.7642952891961841],[138.26149090208355,-3.7627486387386284],[138.26172884830771,-3.7614399363039865],[138.26285909197361,-3.7610830160683122],[138.26422728186367,-3.7609045572994546],[138.26630931042644,-3.7604286648509628],[138.26725502669819,-3.7601309388916775],[138.26952158265499,-3.7594173942972589],[138.27320974733209,-3.7582871497321548],[138.27595647291298,-3.7573852403365322],[138.27719534478945,-3.7569784463981364],[138.28046710267472,-3.7557887161762551],[138.28254913213675,-3.7550153909475057],[138.28769733536376,-3.7549385519725433],[138.29004389680847,-3.7549035287747756],[138.2905203261522,-3.7548964178353685],[138.29066962530305,-3.7547780076988602],[138.29083242057982,-3.7546488938313587],[138.29143366413234,-3.7541720463028696],[138.29224543537862,-3.7535282279453099],[138.29320091379122,-3.7533545050063708],[138.29355413871258,-3.7532902817210925],[138.29521976228227,-3.7528143892726007],[138.29577422490058,-3.7521876049739262],[138.29658795217233,-3.7512677397143648],[138.29814753937751,-3.7488462755351293],[138.29884844040328,-3.7477580347054982],[138.29898382614272,-3.7474837918434787],[138.30116841429094,-3.7430585985754306],[138.30115726899282,-3.7425125032493725],[138.30111981312893,-3.74067714793199],[138.30110892773484,-3.7401437600264558],[138.30027611595006,-3.7388945432485343],[138.30007709598124,-3.7386102288789402],[138.2996201126781,-3.737957395717217],[138.29902689917208,-3.7371099465667612],[138.29872607235041,-3.7368438308780583],[138.29832052127506,-3.7364850742267208],[138.29798705176108,-3.7361900822064626],[138.29748024961384,-3.7357417566767026],[138.29736698090153,-3.7355559963121436],[138.29663945184927,-3.7343628477671587],[138.29599308571244,-3.7333028087775801],[138.29570234568678,-3.7329393837455314],[138.29540130932298,-3.73256308761637],[138.29504130171472,-3.7321130785556988],[138.29748918617702,-3.7317111850231299],[138.29913580617256,-3.7311702113361207],[138.3012815409104,-3.7305893895886015],[138.30242957316636,-3.7301395262181245],[138.30328608658374,-3.7297996463365735],[138.30406762711937,-3.7292378173713132],[138.30470228318393,-3.7285909296276714],[138.30556089741754,-3.726952623864463],[138.30605970998772,-3.7258001921251207],[138.30663698570834,-3.7250244962834245],[138.30718172215882,-3.7241962719403432],[138.30768703682736,-3.7233372871859842],[138.30805039081292,-3.7226937835911826],[138.30838993434804,-3.7219325758276796],[138.30893344502249,-3.721132923845289],[138.30931274039074,-3.7205758190187908],[138.30943550774259,-3.7200322408951365],[138.30953740093037,-3.7193239816164123],[138.30975257002513,-3.7188522602235707],[138.30993867483005,-3.7185665384149615],[138.3104531383018,-3.718074260318815],[138.31131597035585,-3.717469997742171],[138.31177403464403,-3.7171335379823631],[138.31206055505061,-3.7166262457046173],[138.31229785286371,-3.7159040838063788],[138.31241575758122,-3.7156524921687151],[138.31276721803272,-3.7149290109650224],[138.31303624842417,-3.7143961491628943],[138.31334398833451,-3.7139390210689385],[138.31358063323967,-3.7134315741078012],[138.31395316300814,-3.7127527667267373],[138.3143533460302,-3.7123531790559241],[138.31509582811009,-3.7118472735327828],[138.31559568928969,-3.7114694602473719],[138.31595515370748,-3.7112105427323172],[138.31634052219738,-3.7107744515796526],[138.31670705438717,-3.7102276880573299],[138.31691601006582,-3.7100158527493363],[138.31729644397581,-3.7096301766912347],[138.31779920097244,-3.7093230474206393],[138.31830669919486,-3.7091445481822802],[138.31794327865941,-3.7086664299117729],[138.31748178615555,-3.7082094142330106],[138.31701536446758,-3.707836933027977],[138.31672525306806,-3.7076516241231161],[138.31639471984056,-3.7074404947829862],[138.31574560267745,-3.707184885873744],[138.31495583784169,-3.7070556550943365],[138.31440885488485,-3.7070398998714609],[138.31406164642794,-3.7070364842463164],[138.31371690840865,-3.7070330920035417],[138.31313232209902,-3.7070829836927146],[138.31257578024815,-3.7071376507819309],[138.31196311980216,-3.7071968369643855],[138.3114346412957,-3.7072468986254421],[138.30986460936424,-3.7070190436938901],[138.30886523504262,-3.7065907406700944],[138.3074375576972,-3.7058055192093207],[138.30622403321263,-3.7050916805365546],[138.30507316269632,-3.7044569336405289],[138.30502558945943,-3.7044571117062901],[138.30498745910404,-3.7044381378097455],[138.30494604262583,-3.7044148525633318],[138.30494759305702,-3.7043237035759944],[138.30494453806,-3.7042872783351868],[138.30493710965993,-3.7042546851055818],[138.30492464325778,-3.7042205702230717],[138.30487136292311,-3.7041098331022795],[138.30481438997219,-3.7040152460067475],[138.30468288121006,-3.7038276843001654],[138.30466911438816,-3.7038036013550482],[138.3046460269926,-3.7037632163992953],[138.30463347965144,-3.7037521358523122],[138.30461432319248,-3.7037506942390905],[138.30458819788714,-3.7037560263195246],[138.30440930924226,-3.7038111673514322],[138.30437059882411,-3.703826635690632],[138.30432481973469,-3.7038503876851792],[138.30413947665556,-3.703966539624048],[138.30386231369494,-3.7041037815642426],[138.30325234402051,-3.7045120270083771],[138.30285866129827,-3.7048271485539885],[138.30280371811716,-3.7048636277541505],[138.30276490607559,-3.7048813381032346],[138.30273042337046,-3.7048745383292498],[138.30268406781556,-3.7048380150623075],[138.30244235882788,-3.7046145704060791],[138.30235982534577,-3.704560449205303],[138.30130759516942,-3.7041311821083127],[138.30125882043831,-3.7041153621341891],[138.30111674823945,-3.7040692826711847],[138.30011515708884,-3.7037444241657909],[138.30002624561484,-3.7037245347594308],[138.29994341535644,-3.7037136799423251],[138.29987773157211,-3.7037164768339039],[138.29982797388197,-3.7037293380384995],[138.29978983723129,-3.7037466266054935],[138.29965251794943,-3.7038272211493108],[138.29959547395208,-3.7038555650822218],[138.29886545827435,-3.7041352686276809],[138.29711845145539,-3.704943981279655],[138.29686719616427,-3.7050937975406555],[138.29670912412689,-3.7052063252116909],[138.29667253341074,-3.7052243233438276],[138.29663198837568,-3.7052311150238779],[138.29658505185876,-3.7052197493918584],[138.29652302022123,-3.7051789822241972],[138.2964356268028,-3.7050964946075169],[138.2960690802239,-3.7046931630590052],[138.29597840967597,-3.7046096169402176],[138.29586264624425,-3.7045274422875991],[138.29581955342974,-3.7044922347287752],[138.29533021521729,-3.7039272608343481],[138.2952726568077,-3.7038723041634398],[138.29522858283292,-3.7038457094118939],[138.29519452011107,-3.7038400310925113],[138.29516577238257,-3.7038447408420438],[138.2951057453339,-3.7038609664104456],[138.29506548628319,-3.7038758519889257],[138.29493881227643,-3.7039369357409555],[138.29434613206843,-3.7043070903998796],[138.2943104883384,-3.704333859619851],[138.2943008628946,-3.7043424391521853],[138.29429435090367,-3.7043492281343333],[138.2942898192199,-3.7043548776754278],[138.2942865834591,-3.7043597322158348],[138.29428143394114,-3.7043682892650622],[138.29427682941218,-3.7043734279912428],[138.29426813206874,-3.7043806468493017],[138.29363592935476,-3.7047914517640379],[138.29358275693869,-3.7048153953141991],[138.29354900088572,-3.7048181373471039],[138.29352071630808,-3.7048066853801629],[138.29349264846701,-3.7047843489185084],[138.29325482724857,-3.7045483883973702],[138.29321102307028,-3.7045125252328148],[138.29248888095719,-3.7040503663312734],[138.29220053043025,-3.7038256437384121],[138.29204402411244,-3.7036759578791134],[138.29195551463533,-3.703579421053405],[138.29193926118796,-3.703567598565769],[138.29192035024403,-3.7035596863304363],[138.29186230170387,-3.703545618235637],[138.2916676254606,-3.7035181826179837],[138.29100217660925,-3.7033349700328131],[138.29085431817236,-3.7032752856258639],[138.28979907436781,-3.7027409183586428],[138.28976131992908,-3.7027261191150842],[138.28964963402348,-3.7026996745502743],[138.28942870567028,-3.70258811185181],[138.28929177579494,-3.7025011501079348],[138.28916439222303,-3.702394154166825],[138.28907149765155,-3.7022736998712844],[138.28901315593248,-3.7021531583415594],[138.2889832022131,-3.7020476022150319],[138.28897525760215,-3.7019660912620793],[138.28898209964427,-3.7018936346834721],[138.28902349813598,-3.7015732233255676],[138.28903056410934,-3.7014520037069474],[138.28903003081132,-3.701350228330341],[138.28902020481871,-3.7012710727017861],[138.28899956537771,-3.7012146591291639],[138.28896738583626,-3.7011798166951166],[138.28892613843061,-3.7011602258637026],[138.28794697457329,-3.7009052455806],[138.28744267703803,-3.7008130183061212],[138.28733268365647,-3.7007793458900551],[138.28727407573808,-3.7007471519594333],[138.2870073763894,-3.7011056945721066],[138.28679675336753,-3.7013888542122118],[138.28641538326337,-3.7019015550126824],[138.28634578383094,-3.701995122277026],[138.28615921587516,-3.7022328481673412],[138.28610670715886,-3.7025877952904693],[138.28585639345783,-3.7028920728108687],[138.28578262027179,-3.7036200128532641],[138.2859938746177,-3.704496019975295],[138.28590651177615,-3.7051064581964397],[138.28572910521405,-3.7052000569370307],[138.28519470557126,-3.7052085249534343],[138.28511092113217,-3.7052008906085803],[138.28511038333761,-3.7052009535611319],[138.28481955337975,-3.7049740213339533],[138.28455256444931,-3.7048971598759977],[138.28427766238428,-3.7048180222338942],[138.28389642717843,-3.7046473803722506],[138.28337595263815,-3.7045518705723453],[138.28290566476471,-3.7043260633970476],[138.28265778013247,-3.7041931597864277],[138.2825052344291,-3.7039700505773112],[138.28264009226655,-3.7036435175342604],[138.28266514468078,-3.7035583517364898],[138.28267002889879,-3.7035213626207337],[138.28266596126514,-3.7035093431816222],[138.28266212385802,-3.7035027592448841],[138.28265961295085,-3.7034967445790699],[138.28256895679203,-3.7031984412550401],[138.28255308735515,-3.7031256995913395],[138.28254984619855,-3.7030581569083552],[138.28256441071903,-3.703000094878405],[138.28259363778625,-3.7029502220750601],[138.28263229064771,-3.7029058477266403],[138.28272210773912,-3.7028133173806737],[138.2827698761289,-3.7027466722211102],[138.28281699880552,-3.7026581843276745],[138.28285849082681,-3.702562307604353],[138.2828886477929,-3.7024783639852785],[138.28290366017586,-3.7024207093481891],[138.2829073114234,-3.7023838686205863],[138.28289382698858,-3.7022573636863285],[138.28289474879364,-3.7022288902510354],[138.28290243170193,-3.7021944785922756],[138.28293733888711,-3.702106327944648],[138.28295173163713,-3.7020607530013194],[138.28295497818976,-3.7020186593335893],[138.28294294885802,-3.7019757014174388],[138.28291215876914,-3.7019257188967458],[138.28272706660096,-3.7017114823989345],[138.28271333575196,-3.7016873607830121],[138.28266817629537,-3.701533404043289],[138.28265804543253,-3.7015171209183677],[138.28263634119423,-3.7014934903322683],[138.28253637165631,-3.7013977763862158],[138.28235323371484,-3.7011926131485211],[138.2820536713399,-3.7008570221337891],[138.28191354707258,-3.7007301961415919],[138.28091492278554,-3.7000301827466728],[138.28088688282344,-3.7000143555779914],[138.28086682524383,-3.7000049486694024],[138.28084059201979,-3.6999955246736818],[138.28073072094605,-3.6999709578933562],[138.28071870690292,-3.699966497256014],[138.28058002514808,-3.6998766720707295],[138.28054653169715,-3.6998421030305622],[138.28050988162579,-3.6997833458246987],[138.28040198186602,-3.6995787500592314],[138.28030550169763,-3.6994577417813161],[138.28016959165336,-3.6993420475973835],[138.27977614635211,-3.6990909083187375],[138.27965178809961,-3.6990115296583213],[138.27954136664084,-3.6984791669799506],[138.27927989145394,-3.6979642097804231],[138.27930131960034,-3.6975985076649636],[138.2791501489603,-3.6973810551914994],[138.2790136012967,-3.6969709823248991],[138.27860855923768,-3.6967020913284045],[138.27803207761838,-3.6964297568277402],[138.27803137524779,-3.6964294249779073],[138.27765988329702,-3.6962273113413175],[138.27765172914405,-3.6960146018923297],[138.27778670209466,-3.6957823438800119],[138.27807194096738,-3.6957239320137774],[138.27852818592714,-3.6955931930713746],[138.27912715509422,-3.6954619244282298],[138.27940260664502,-3.6954081539631147],[138.27942666530839,-3.6954034577033781],[138.27968309529865,-3.6952734598023085],[138.27988232930613,-3.6951149956604468],[138.28025246417997,-3.6948555286596729],[138.28045175124737,-3.6947114042079079],[138.28052395331781,-3.6945722952751794],[138.28058676376816,-3.6944512798026494],[138.28062216737919,-3.6944391380557136],[138.28065931207766,-3.6944263982596226],[138.28083584090143,-3.6943658541008517],[138.2810648002004,-3.6941629823357403],[138.28152420717652,-3.6939049488542537],[138.28261612623328,-3.6935683407062925],[138.28316888823372,-3.6933597978163561],[138.28365944862469,-3.6931063301929612],[138.28438187132633,-3.6927462182633235],[138.28497971544152,-3.692354409728182],[138.28546619021256,-3.6919801523620777],[138.2860143971468,-3.6914049603705621],[138.28669552208078,-3.691039143141893],[138.28762868381682,-3.6896657821500867],[138.28773612222437,-3.6888349380818681],[138.28787568621397,-3.688338525802294],[138.28802006607327,-3.6877150258277425],[138.28819033831348,-3.6872465060213813],[138.28841270468263,-3.6869376428578562],[138.28848065475847,-3.6865523562062208],[138.28854469188411,-3.6862648690284345],[138.28861268512742,-3.6859596202402258],[138.28860005774652,-3.6859556479347475],[138.28854504531762,-3.6859120308155298],[138.28849307529526,-3.6858524804076183],[138.28841759519594,-3.6857416596498069],[138.28812036925967,-3.6852411806359555],[138.2880119811681,-3.6850586740185349],[138.287146091419,-3.6836006517486339],[138.28663614973857,-3.6828088832233448],[138.28589178627703,-3.6812075288043502],[138.28587087434141,-3.6811437290997446],[138.28580317067986,-3.6807927812618004],[138.28578228572394,-3.6807210585299686],[138.28572013717462,-3.6805614603430854],[138.28568629388747,-3.6804947018689518],[138.28565431219681,-3.6804487851832164],[138.28561823859093,-3.6804159257543461],[138.28537372641642,-3.6802724146401715],[138.28533176315045,-3.6802528705734971],[138.28530635640334,-3.6802441732299371],[138.28526725208212,-3.680236776306117],[138.28524998869614,-3.6802308371833306],[138.28502468604052,-3.680113955894285],[138.28478653387151,-3.6799588327339166],[138.28424325342348,-3.6795449899092887],[138.28314291581296,-3.6787774913880753],[138.28300638613587,-3.6786667245896183],[138.28281994768247,-3.6785154694133553],[138.28260585957287,-3.678341779749303],[138.28260392782909,-3.678340553973328],[138.28260267237545,-3.6783396249736597],[138.28259789068022,-3.6783350672095594],[138.28215529832846,-3.6779570632677974],[138.28209192670113,-3.6778849277471863],[138.28206771605232,-3.6778370541367167],[138.2820630449736,-3.6778002655697719],[138.28206072921932,-3.6777627989139887],[138.2820533772616,-3.677718531584901],[138.28203602933934,-3.6776627565309354],[138.28189836921445,-3.6773716001192156],[138.28187181583166,-3.6772955093802011],[138.28184861602085,-3.6771948815385258],[138.28180910790411,-3.676879393968818],[138.28173749309087,-3.6755207467849687],[138.2817128318818,-3.675052881685076],[138.28160379268093,-3.6741654073076688],[138.2816033439193,-3.6740024132806752],[138.28160287087587,-3.6738303361011049],[138.28119959508535,-3.6735641340774805],[138.28091359358757,-3.6734122448791595],[138.28068496074241,-3.6733366163916799],[138.28032854142907,-3.6731349596106497],[138.2804094219573,-3.6722370836744176],[138.28063690367026,-3.6715986171823829],[138.28118013285689,-3.6712260199648199],[138.28151957117132,-3.6708324838320436],[138.28164870932051,-3.6702299803292817],[138.28177656143919,-3.6694694551511589],[138.28181354785704,-3.6688035305584208],[138.2819477186124,-3.6681751706475438],[138.2821369062932,-3.6674861325789152],[138.28239552703201,-3.666745390687197],[138.28258519674955,-3.6653420328084962],[138.28265259374223,-3.6644006296852467],[138.28267051003604,-3.6641503816347836],[138.2826412362042,-3.663004818017896],[138.28263228165451,-3.6626544232629499],[138.28255098474017,-3.6612656928573983],[138.28242627395343,-3.6600986992954745],[138.28224703187504,-3.6593308023745976],[138.28222231490793,-3.6592249090023188],[138.28208076611452,-3.6586028200640612],[138.28197623881249,-3.658143433772409],[138.28175837714741,-3.6571550869376779],[138.28142074557104,-3.6557226332928394],[138.28129582074564,-3.654922694426773],[138.28122505309375,-3.6544695395375584],[138.28115443203149,-3.6541820442658945],[138.28102800084162,-3.6536673433731721],[138.28086712831544,-3.6526791719061862],[138.28082714445725,-3.6517629372097531],[138.28061687666764,-3.6506171595542014],[138.28036195034383,-3.6501082287117583],[138.27975109303861,-3.6495123316287277],[138.27837380021083,-3.6479407375749133],[138.27754361804364,-3.6468431788695739],[138.27741908802057,-3.6466273946385286],[138.27687745513049,-3.6456888603525499],[138.2765983208559,-3.6449545288284071],[138.2763190966491,-3.6442199589838538],[138.27510335443628,-3.6418414509221861],[138.27448318015468,-3.6406281287850675],[138.2741024107977,-3.6398831843613948],[138.27295314017533,-3.6354064212692947],[138.27294764891496,-3.6353850317937599],[138.27292823075334,-3.6353593696391613],[138.26707970566395,-3.6276304403924655],[138.25841154425746,-3.6267931535811044],[138.25797700443525,-3.6266506802846266],[138.25789150588832,-3.6266226466178182],[138.2578938036562,-3.6265159726339675],[138.25777493666408,-3.6261619500139091],[138.25722388337556,-3.6278380695712258],[138.25731906222495,-3.6280998109574512],[138.25708111600079,-3.6286946756187604],[138.25684316887725,-3.6290753901171229],[138.25634348306539,-3.6298606115778966],[138.25565343865537,-3.6309075753242723],[138.25565343865537,-3.6314548505608855],[138.25567723381732,-3.6320021266967615],[138.25596276946635,-3.6328349375822313],[138.25603415315368,-3.6343339986150909],[138.25624830421589,-3.6349764527010962],[138.2562245099532,-3.6356189076864212],[138.25593897430429,-3.6371417629819121],[138.25593897430429,-3.6374748871562588],[138.25586758971758,-3.6379745738674387],[138.25577241176745,-3.6388073856522851],[138.25596276946635,-3.639806759074645],[138.25608174167905,-3.6407347488095638],[138.25596276946635,-3.6415199711697142],[138.25608174167905,-3.642995237040509],[138.2562245099532,-3.6436852805512103],[138.25620071479125,-3.6445180923360567],[138.2562715373017,-3.6450796218270511],[138.25595865506796,-3.6450842920064019],[138.25565898837169,-3.6449682920529654],[138.25411457272946,-3.6443704542330124],[138.25213846002202,-3.6438473653635697],[138.25209203072268,-3.6438350752284805],[138.25185857481347,-3.6436974303920238],[138.25003379732198,-3.6426215498445913],[138.24846335260168,-3.6406228029999284],[138.24832672489845,-3.6404588493963388],[138.24791298999253,-3.6399623669695984],[138.24632183838219,-3.6380529848573246],[138.24483417086037,-3.6371062883245031],[138.244751393662,-3.6370536123342845],[138.24432675357684,-3.6368219901426642],[138.2431809489417,-3.6361970062867499],[138.2430212221517,-3.6360905211605541],[138.24146773774601,-3.6350548636909821],[138.24018282867462,-3.6341982576434475],[138.23803266477569,-3.6330254418705863],[138.23704194013351,-3.6324850455483784],[138.23496205015852,-3.6315750944150409],[138.2343021896944,-3.6312053858198396],[138.23387058346077,-3.6309635626182626],[138.23290428440532,-3.6303451357193808],[138.23289521114509,-3.6303393287969357],[138.23004632527773,-3.6284875518589956],[138.22951060992682,-3.6281304085914599],[138.22951058564513,-3.6281303933029676],[138.22619159806391,-3.6259177337163919],[138.22472673195318,-3.6250806681382528],[138.22472435324642,-3.6250793083633539],[138.22472419136841,-3.6250792157331944],[138.22406870071006,-3.6247046498996269],[138.22294555629242,-3.6240628532180494],[138.22230982913538,-3.6236995801714329],[138.22219410257583,-3.6236334512227586],[138.21947876513298,-3.622366292970014],[138.21796797604134,-3.6216612577607634],[138.21791107413685,-3.6216347043780388],[138.21491295297051,-3.62020702793194],[138.21428961127663,-3.6194668103449885],[138.2126286695775,-3.617494442414511],[138.20995265319243,-3.6151966691908797],[138.20891671063771,-3.6143071542517191],[138.20370569066517,-3.6096315132836594],[138.20259172382907,-3.6082121034057764],[138.20232630511498,-3.6078739079544562],[138.20149279275824,-3.6068118517854941],[138.20087808185804,-3.606082980944791],[138.20081784256945,-3.6060115549892089],[138.1989943592024,-3.6038494229125035],[138.19769296915524,-3.6021225788938409],[138.19713837883319,-3.6013866807506929],[138.19592485434862,-3.5996377772615915],[138.19533013088085,-3.5989515585675349],[138.19499686371432,-3.5985670201517905],[138.19473212398839,-3.5985273087882206],[138.19356918726828,-3.5983528681902612],[138.19132059706794,-3.5977461045990253],[138.19048736170248,-3.5977075290791731],[138.18746586985412,-3.5975676458301677],[138.18661058221267,-3.597578863074034],[138.18598369898859,-3.5975870837768298],[138.18569573876744,-3.5975908609294152],[138.18174811968004,-3.5976426331009748],[138.1782491651669,-3.5976885210083651],[138.17823442078191,-3.5976887143626186],[138.17657983639037,-3.597710414104256],[138.17401001824783,-3.5980316411472586],[138.1732151758398,-3.5980568743252661],[138.17176142714823,-3.5981030248346997],[138.16965560432277,-3.5977461045990253],[138.1695231818494,-3.597728047111616],[138.16806227995028,-3.5975288328892816],[138.16651471578155,-3.5973178015752296],[138.16455801404118,-3.5972049159740322],[138.1632991781147,-3.5971322912222377],[138.16280275684187,-3.5971036514123398],[138.15890715813885,-3.5971664825470953],[138.15837695922937,-3.597175035099724],[138.15737758580701,-3.5974962621427267],[138.15585504887144,-3.5976152109731743],[138.15536284631833,-3.5976536641852022],[138.15509330331338,-3.597674721810904],[138.15409392899164,-3.5979245651665224],[138.15390326732199,-3.5979400236131482],[138.15277332942571,-3.5980316411472586],[138.15123857609944,-3.5984242518777023],[138.14997960617393,-3.5989678983497697],[138.14966813227852,-3.5991023982570027],[138.14763369314051,-3.6002445399535077],[138.14736265366355,-3.6004613709954469],[138.14714646383834,-3.6006343232153881],[138.14685174071531,-3.6008701011741664],[138.14656293513144,-3.6011011451017225],[138.14484972303637,-3.6013866807506929],[138.14436085696809,-3.6014363314214961],[138.14121312638474,-3.6017560233217978],[138.14037734503847,-3.6018409067324342],[138.14028115804911,-3.6018506760677838],[138.13692835416032,-3.6021108067682803],[138.13618263272235,-3.6021686646520834],[138.13614089608552,-3.6021719031107864],[138.13235327808138,-3.6024244111575854],[138.12978475406317,-3.6025956456724657],[138.12811021461482,-3.6027072821153183],[138.12241397082812,-3.6029500729874258],[138.11722418115107,-3.6031712765331463],[138.11379623440871,-3.6031086252627915],[138.11156489680263,-3.6030678428066381],[138.11018284386319,-3.6030425835483584],[138.10789603427463,-3.6030007875562546],[138.10648467782573,-3.6029749932013146],[138.10442591022763,-3.6029373646675822],[138.10355417758331,-3.6029214331775279],[138.10094508964426,-3.6022046510237828],[138.10030621306134,-3.6020291348366413],[138.09743990372863,-3.6008637123903782],[138.09705824943876,-3.6007085343713356],[138.09630914744923,-3.6002877622703409],[138.09337451032548,-3.5986393706104423],[138.0924580247181,-3.5981245788861429],[138.08982387267361,-3.5966449701891747],[138.08888952113455,-3.5961201429302037],[138.08867064863159,-3.5959972020092437],[138.08854548908312,-3.5959057859232075],[138.08478168063016,-3.5931567319975102],[138.08422652463446,-3.5927512501700107],[138.0813894981269,-3.5906791060558589],[138.08063640944283,-3.5901712085344002],[138.07850629323093,-3.5887346189074947],[138.07535167563935,-3.5866070855485077],[138.07530643704251,-3.5865765760481167],[138.07525048931871,-3.5865388440923311],[138.07471511031417,-3.5857536217322377],[138.07467467589561,-3.585194902622618],[138.0744400112975,-3.5819522620871567],[138.07432249868441,-3.5803284506973796],[138.07358845764122,-3.5775104430524607],[138.07274571014648,-3.5742751023140613],[138.0726718389343,-3.5740099569938479],[138.07240999232738,-3.5730701150936852],[138.07221270984871,-3.5723620149949511],[138.07188910409889,-3.571434026159352],[138.07180344277469,-3.5703775448877195],[138.07164639866244,-3.568964145179109],[138.07125805521514,-3.5672027321203359],[138.07124664911362,-3.5671509959216792],[138.07043287417787,-3.5659660240127664],[138.06999967164757,-3.5654470837158669],[138.06871151242638,-3.5639039756878788],[138.06632116479,-3.5610405396890883],[138.06482210465651,-3.55939871218078],[138.06413682035804,-3.5585706587089021],[138.06338015057361,-3.5574713481241815],[138.06307488829555,-3.5565208690427994],[138.06275197322509,-3.5555154323912461],[138.06269611813138,-3.5552049837230015],[138.06267661273557,-3.5550965713496225],[138.06213807261406,-3.5521032840392763],[138.06178883438724,-3.5505816005603492],[138.06153844784114,-3.5494906356842648],[138.0609956116582,-3.5467247590403304],[138.0606390115812,-3.5449077939594531],[138.05963963815884,-3.5412529419696739],[138.05836900582506,-3.5390400440627445],[138.05747858886582,-3.5368939100258672],[138.05725541940217,-3.5363560120202919],[138.05656139369341,-3.5346404446007682],[138.05598478616901,-3.5332151225798043],[138.05555648314521,-3.5317160633455842],[138.05537088465871,-3.5296744853891369],[138.05487119884685,-3.5285466213294399],[138.0546142166728,-3.5270475602966371],[138.05455815743312,-3.522226414417446],[138.05455710972285,-3.5221363527104472],[138.05448419179208,-3.5219175980186606],[138.05391465473758,-3.5202089886538488],[138.05338641545075,-3.5177533853104137],[138.0525155317664,-3.5142841309078676],[138.0512539978738,-3.5106371515832393],[138.05094508794548,-3.5097441202948403],[138.05033309209864,-3.5077412230789378],[138.05021030676028,-3.5073393799083874],[138.04987109597437,-3.506229234291709],[138.04968873324856,-3.5056324109069692],[138.04904627826318,-3.5030483160269341],[138.04896061693898,-3.5022059867168878],[138.04881785046348,-3.4999359809606858],[138.04833481919661,-3.498613000889236],[138.04811853584181,-3.4943341587943451],[138.04808928269426,-3.4932810490810766],[138.04799956272973,-3.4900511285566722],[138.0474046971691,-3.4862439916668109],[138.04724713864459,-3.482147462835087],[138.0472262384003,-3.48160404299216],[138.04719061535468,-3.4815011308724593],[138.0467091408143,-3.4801102079197221],[138.04638581925019,-3.4791761648480701],[138.04624735063476,-3.4787761464019695],[138.0458204919222,-3.4775429969117226],[138.04562010228597,-3.4769640943174522],[138.0454921746242,-3.4762818128553477],[138.04545989885526,-3.4761096763204478],[138.04526318294961,-3.4750605254228617],[138.0452633061567,-3.4750576269079261],[138.04531994276124,-3.473726659058002],[138.04533134886276,-3.4734586242161072],[138.04538215606169,-3.4722646581873846],[138.04645291317149,-3.4707180086291487],[138.04654671695744,-3.4704855383768631],[138.04661547102728,-3.4703151483253691],[138.04774722825209,-3.4675103580165683],[138.04782110306155,-3.4673272767323624],[138.04801493484149,-3.4668039306568517],[138.0484159677228,-3.4657211397187666],[138.04847651098225,-3.4648533577961871],[138.04858953238113,-3.4632333910081456],[138.04859442829024,-3.4631632196068267],[138.04896493818137,-3.4617923326499636],[138.04918929295161,-3.4609622179319786],[138.04916391408346,-3.4607465002507638],[138.04912949792811,-3.460453965178317],[138.04907031983942,-3.4599509482775943],[138.04916291223867,-3.4596984240429833],[138.04972467195614,-3.4581663515958212],[138.04980523412428,-3.4579145971808884],[138.05035801141321,-3.4561871677036038],[138.05067645595375,-3.4551920255914865],[138.05133214176499,-3.4540627891663576],[138.05174721396281,-3.4533479432529361],[138.05205357970897,-3.4527352117605687],[138.0526395123037,-3.4515633483698025],[138.05289989661298,-3.4509123857978921],[138.05335335007715,-3.4497787516879725],[138.05367891814763,-3.4486663946383374],[138.05397258816447,-3.4476630210315307],[138.05406718785048,-3.4473398037888501],[138.05412797572558,-3.4471042515598924],[138.05454308029903,-3.4454957223496763],[138.05454308029903,-3.4448440529106392],[138.05454308029903,-3.4444844508966526],[138.05299643074079,-3.4435326668989887],[138.05175912458401,-3.4422953607422642],[138.05091440217802,-3.4414506383362209],[138.04937723776936,-3.4393318436896152],[138.04898342284673,-3.4387890182985075],[138.04871340140244,-3.4384168248765263],[138.04811853584181,-3.4370486349864677],[138.04797394194395,-3.4366419651545357],[138.04777421600738,-3.4360802360140497],[138.04716675094483,-3.4343717417624475],[138.04609599383514,-3.4303861452044089],[138.04567958794269,-3.4283041157423213],[138.04557088328966,-3.4274344776189878],[138.04544164171841,-3.4264005468477308],[138.04555198043965,-3.4247087017451463],[138.04562010228597,-3.4236641670676136],[138.04371653339138,-3.4236641670676136],[138.04151553081715,-3.4241400586167856],[138.03925504258621,-3.4249728713008949],[138.03889375344409,-3.4250648359733304],[138.03598328470093,-3.4258056821864216],[138.03509485524341,-3.4257589228359961],[138.03485304103503,-3.4257461956303814],[138.03455560825478,-3.424913383845535],[138.03473406792295,-3.4237236536236537],[138.03528240435958,-3.4226818160129255],[138.03532893258421,-3.4225934099578694],[138.03598328470093,-3.4219985452965602],[138.03628071658181,-3.4203924082829644],[138.03625283579981,-3.4195002223573283],[138.03622123092509,-3.4184888402876936],[138.03657815026145,-3.416406810825606],[138.03643658078363,-3.415415829876622],[138.03639968969401,-3.4151575940476846],[138.03586431158874,-3.4129565932720993],[138.03532893258421,-3.4109935369221489],[138.03529262335599,-3.410891207563111],[138.03467458136686,-3.4091494545835985],[138.03461509481087,-3.4075433193686422],[138.03532893258421,-3.4063535882474412],[138.03782988873843,-3.4046692713697553],[138.03824377293188,-3.4043905327968105],[138.03860148007436,-3.4041287959071838],[138.04068271993162,-3.4026059370143571],[138.04270526193841,-3.4012377471242985],[138.04324064094294,-3.4005833950076294],[138.04335961405502,-3.3996316110099656],[138.04431139805263,-3.3989177732365761],[138.04463005123591,-3.3983715106366503],[138.04472780394508,-3.3982039336645471],[138.04456410215164,-3.3980606950449896],[138.04425191239591,-3.397787528671472],[138.04419438276466,-3.3969821219273513],[138.04419242494055,-3.3969547168866256],[138.04419452665616,-3.3969368473575514],[138.04431139805263,-3.3959434463329217],[138.04501343582149,-3.3954169175566449],[138.04502523582607,-3.3954080682277095],[138.04579856105477,-3.3948132026671374],[138.047345210613,-3.3947537161110404],[138.04772945315176,-3.3947697258421385],[138.04850519306024,-3.3948020492750857],[138.04877288795842,-3.3948132026671374],[138.04924972919173,-3.3950277809072986],[138.0498536644152,-3.3952995515330144],[138.05013192634738,-3.3953559417232668],[138.0504971976876,-3.3953718237506223],[138.05098241430699,-3.3953929200471862],[138.05112169590961,-3.3953989760818217],[138.05150696187684,-3.3952847603833334],[138.05192567273173,-3.3949916623353147],[138.05228259296734,-3.3946347429989601],[138.05273649069659,-3.3944077936847066],[138.05294964171264,-3.3943012177269907],[138.05311540385287,-3.3942183371065084],[138.05436462063085,-3.3938019321134334],[138.05487665143642,-3.3936212151469363],[138.05537589208382,-3.393445011877759],[138.05677866989981,-3.3927436234194488],[138.0568035676306,-3.3927311741043695],[138.05692254074268,-3.3920768219877004],[138.05698202819815,-3.3913629842143109],[138.05674377080845,-3.3911247268246143],[138.0565061357496,-3.3908870917658192],[138.05556488011518,-3.3905403131848857],[138.05537589208382,-3.3904706858734244],[138.05507871471093,-3.3903678169211844],[138.05439130261664,-3.3901298670996312],[138.05382924162632,-3.3899353068688924],[138.05300661286492,-3.3895239929378818],[138.05252053919162,-3.3892809556515431],[138.05162824085073,-3.3895189018757605],[138.05020056440458,-3.3896973606446181],[138.04918929295161,-3.3902922271045668],[138.04900352719108,-3.3904160709448661],[138.04865391394708,-3.3906491455416017],[138.04842171978657,-3.3902137819404174],[138.04817802239791,-3.3897568481000349],[138.04776161740483,-3.3891024959833658],[138.04700945142508,-3.388871060850704],[138.04698829217602,-3.3888645497590915],[138.04651239972748,-3.3886860900909141],[138.04603650727904,-3.388626603534874],[138.04598438257324,-3.388435481412273],[138.04585804761086,-3.3879722523175246],[138.04581720579949,-3.3871145868686199],[138.04579856105477,-3.3867230346402835],[138.04549846807993,-3.3861228468918512],[138.04538215606169,-3.3858902237547568],[138.04508472328143,-3.3848194657456929],[138.04490626271388,-3.3841056279723034],[138.04460883083289,-3.3836297364231314],[138.04401396617163,-3.3831538439746964],[138.04366640428123,-3.3827193922861056],[138.04359808008735,-3.3826339872686617],[138.04353807282382,-3.3825589784140675],[138.04341909971174,-3.3819046271967181],[138.0434918440734,-3.381750046327511],[138.04389499216018,-3.3808933557437513],[138.04393251277531,-3.3807773818706437],[138.04418224191704,-3.3800054928591408],[138.0445493442769,-3.3788708137370236],[138.04457391105723,-3.3788140026640576],[138.04488295318583,-3.3780993438095948],[138.04526903933481,-3.3772065211639983],[138.04550112917389,-3.3766698120621186],[138.04561793941639,-3.3761437131618095],[138.04570331385696,-3.3757591909338771],[138.04595867275464,-3.374609080344726],[138.04597629407078,-3.3745297178721216],[138.04607133712261,-3.374276269134441],[138.04649025662013,-3.3731591483759757],[138.04652274462899,-3.3730436349557635],[138.04661816269811,-3.3727043702104424],[138.04689244602957,-3.3717291435850711],[138.04700422096812,-3.3713317223810577],[138.04744955805074,-3.3702629114042111],[138.04757529136668,-3.3699611519855353],[138.04753401877997,-3.3697135173649144],[138.04728975571777,-3.3682479398904661],[138.04702323983076,-3.3674039711163459],[138.04694711401817,-3.3671629060432338],[138.04768950616585,-3.3661920860958503],[138.04788291616376,-3.3660738908973258],[138.04974535996041,-3.3649357313988162],[138.05134435815569,-3.3643646601009323],[138.05154214965057,-3.3642208108416867],[138.05197253460483,-3.363907803602217],[138.05195604283722,-3.3638088511974615],[138.05185832070504,-3.3632225193038039],[138.05154214965057,-3.3628747307841422],[138.05128725120574,-3.3625943410559671],[138.05052612168322,-3.3622328522642988],[138.04913201782847,-3.3615707398976724],[138.04564435520285,-3.3602829907673595],[138.04432018892567,-3.359510560364015],[138.04277829768034,-3.3590537029659799],[138.04130753831225,-3.3586451580475796],[138.04072244388578,-3.358482631668096],[138.03980793408891,-3.3567498764056154],[138.03963741003849,-3.3564267778734802],[138.03947564088821,-3.356165459168551],[138.03889501789081,-3.3552275301263421],[138.0377288004438,-3.3533324256508763],[138.03752444839461,-3.3530003536833419],[138.03741066257203,-3.3528941536422394],[138.03666784234713,-3.3522008545857034],[138.03649652059801,-3.3513442485381688],[138.03571112916529,-3.3491563733678618],[138.03569702239975,-3.3491170738938081],[138.03466909460315,-3.347460968748635],[138.03453850494816,-3.347275965613278],[138.03398381030468,-3.3464901488012515],[138.03307443473739,-3.3463688986057605],[138.03227059820961,-3.3462617210015537],[138.0294192338107,-3.3460423862470634],[138.0293010314175,-3.3460332932018559],[138.02766485614825,-3.3457151472362057],[138.02724517672357,-3.3456335427537738],[138.02536064377875,-3.3445485089065414],[138.0248461596226,-3.344221109816317],[138.02482791507623,-3.344209498669386],[138.02473798556969,-3.3441522712103051],[138.0240965234359,-3.3437440680342547],[138.02347610993456,-3.3433492602600836],[138.02113472139035,-3.341236298616252],[138.02050484522249,-3.3406595463009694],[138.01979230067423,-3.3400070962504174],[138.01680171402791,-3.3372687262706791],[138.01639483375459,-3.3368961623280029],[138.01611068306158,-3.3363910041414897],[138.01588087120535,-3.3359824493305155],[138.01548112075716,-3.3351829502329338],[138.01588087120535,-3.3344405580852481],[138.01679458420278,-3.3336981668368821],[138.0177938299214,-3.3330448138669908],[138.01827936759878,-3.3327273468894987],[138.01999257879459,-3.3316994190928426],[138.02005433973602,-3.3316471603881155],[138.02073497094227,-3.3310712417443824],[138.0212177243186,-3.3308933846219588],[138.02124399441493,-3.3308837061180725],[138.02240246060512,-3.3306714921955631],[138.02296214738521,-3.3306714921955631],[138.02406442663209,-3.3305019106346094],[138.02444692988195,-3.3304430643958653],[138.02547485767866,-3.330157528746895],[138.02554474219619,-3.3301428167375775],[138.02655989242521,-3.3299291000478775],[138.02741649757331,-3.3298148861480286],[138.02884417401947,-3.3297006722481797],[138.02889676997006,-3.3296964643203069],[138.03027185136489,-3.3295864583483308],[138.03095256081212,-3.3297411651226412],[138.03150650002499,-3.3298670603165306],[138.03278456165822,-3.330157528746895],[138.03392670335472,-3.330157528746895],[138.03410468908021,-3.330157528746895],[138.03446615988548,-3.330157528746895],[138.03455488070324,-3.330157528746895],[138.03458548373317,-3.3301014227424162],[138.03489752330211,-3.3295293513983779],[138.03520235660358,-3.3287672676951843],[138.03535437980088,-3.3283872097019298],[138.03533084274432,-3.328198915947155],[138.03520346187031,-3.3271798725530175],[138.03506884415185,-3.3261029272082965],[138.03508263435617,-3.3256064915462957],[138.03508796733593,-3.3254145150677914],[138.03512427386624,-3.3241074422046495],[138.0351259511018,-3.3240470734136807],[138.03530789834087,-3.3235922062153236],[138.03546859370067,-3.3231904673661461],[138.0354407749719,-3.322328078677856],[138.03541148675083,-3.3214201483211241],[138.03541148675083,-3.3206206492235424],[138.035875074675,-3.3202895143495539],[138.03621098584836,-3.3200495779256585],[138.03718180579574,-3.3191929718781239],[138.03722433563462,-3.3190919636231797],[138.03763866229451,-3.3181079380308915],[138.03729601969565,-3.3171942250334041],[138.03731718344136,-3.316940273574744],[138.03733956307042,-3.3166717171259847],[138.03741023359544,-3.3158236555372014],[138.03745850200835,-3.3157045951908799],[138.03791187543277,-3.3145862756360884],[138.03826683964303,-3.3137106938933698],[138.03881149065785,-3.3124207306321409],[138.03906669667083,-3.3118162962849738],[138.03920217234247,-3.3114954343667478],[138.03972048581181,-3.3117503813749636],[138.04004171285487,-3.311845559325036],[138.0404462207166,-3.3120478132559015],[138.04098159972114,-3.3121667863680386],[138.04160026044372,-3.3123809383295679],[138.04196907601215,-3.3125356028357373],[138.04289706574707,-3.3129163155354604],[138.04342054672088,-3.3131304683963663],[138.04377746695661,-3.3133208251958877],[138.04451509899263,-3.3138086138764038],[138.0448482240663,-3.3141298418186693],[138.04500288857253,-3.3142964043555025],[138.04515755397802,-3.3144986582864249],[138.04543119159632,-3.3147366036113226],[138.04569293298255,-3.3149507555728519],[138.04593087920682,-3.3152243940904782],[138.04660902468686,-3.3156883894076259],[138.04700163631651,-3.3157121827709943],[138.0473942470469,-3.3155813134268328],[138.04765598843323,-3.3153671605659838],[138.04804859916362,-3.3152957768785427],[138.04839362136863,-3.3152481883531664],[138.04875053980561,-3.3154266480213437],[138.04894089660513,-3.3156645942455611],[138.04910745914196,-3.3158787453078276],[138.04914315143537,-3.3160453078446608],[138.04921453512281,-3.316211870381494],[138.04917884282941,-3.3165212002930957],[138.04928591881014,-3.3167472493860259],[138.04948817274101,-3.3169970918422678],[138.04966663330856,-3.3169851947109237],[138.05004734600823,-3.3168186321740905],[138.05038047108189,-3.3168781187301306],[138.05055892985081,-3.3170089889736118],[138.05061841730617,-3.3171874486417892],[138.05067790296289,-3.3173897025726546],[138.0507254932869,-3.3174729842907595],[138.05110620598668,-3.3178418007584582],[138.0511537963107,-3.3179845681332836],[138.05103482319862,-3.3182344123881649],[138.05073739041825,-3.3184128711570224],[138.0506541087002,-3.3186627154119606],[138.0507135952563,-3.3188768655748504],[138.05092774721777,-3.3191029146677238],[138.0511537963107,-3.3192218877798609],[138.05152261187914,-3.3195312176915195],[138.05187953121549,-3.3195193205601754],[138.05229593710783,-3.319400348347358],[138.05260526701954,-3.3192813752352208],[138.053021672912,-3.3191267098297317],[138.05336669421763,-3.3190910175363797],[138.05377120297874,-3.3191742992544846],[138.05412812231509,-3.3192932723665649],[138.05454452820743,-3.3193170666292531],[138.05485385811915,-3.3193051685985893],[138.05512749573745,-3.3192932723665649],[138.05550820933649,-3.3193170666292531],[138.05587702580419,-3.3192932723665649],[138.05634102112128,-3.3193408608919412],[138.05668604242703,-3.3194479368727343],[138.05700727036924,-3.3194717320347422],[138.0573284974123,-3.3194836291660863],[138.05769731298062,-3.3194241417107264],[138.05797095059893,-3.3192932723665649],[138.05830407567259,-3.3191029146677238],[138.05849443337149,-3.3189720453235623],[138.05881566041444,-3.318686508775329],[138.05919637401348,-3.3185080500064714],[138.05957708761252,-3.3182344123881649],[138.05986262326155,-3.3180202604266356],[138.06032661767938,-3.3177347247776652],[138.06063594759098,-3.3175324708467997],[138.06098096979599,-3.3173064217539263],[138.06125460831356,-3.3171160649544049],[138.06161152675065,-3.3169138110235394],[138.06194465092494,-3.3166520696372572],[138.06236105681739,-3.3165330974244398],[138.06264659246631,-3.3163546377562625],[138.06324145802694,-3.3160572049760049],[138.06368165818208,-3.3159382318638677],[138.06403857661905,-3.3157954635897227],[138.06444308538016,-3.3155932096588572],[138.06476431332248,-3.3155218259714161],[138.06510933372886,-3.3154385451526878],[138.06549004822716,-3.3154980317087279],[138.06587076182632,-3.3155218259714161],[138.06632286001206,-3.315569415396169],[138.06671547074245,-3.3156289019522092],[138.06698910926002,-3.3155932096588572],[138.06741741228382,-3.3156289019522092],[138.06782192014555,-3.3156407990835532],[138.06821453087593,-3.3156407990835532],[138.06860714160632,-3.3156764913769052],[138.0688450878306,-3.3158192587517306],[138.06905923979218,-3.3159025395705157],[138.06926149372305,-3.3161761780880852],[138.06946374765391,-3.3164260205443838],[138.06953513224062,-3.3167234542239612],[138.06976118133355,-3.3170446812669638],[138.06999912665844,-3.3172112438037971],[138.07017758632662,-3.3173183188852704],[138.07040363541955,-3.3175324708467997],[138.07054640279432,-3.3177942122330819],[138.07052260763226,-3.3179369787085307],[138.07039173828821,-3.3180202604266356],[138.07009430460857,-3.3180202604266356],[138.06989205067771,-3.3181154392760277],[138.06980876985892,-3.31831769320695],[138.06990394780905,-3.3186032279565438],[138.07009430460857,-3.3187816876247211],[138.0703560459948,-3.3189006607368583],[138.07061778738102,-3.318853072211482],[138.07084383467532,-3.318722201068681],[138.07087952696861,-3.3185437422998234],[138.07105798663679,-3.3183533846009823],[138.07130782999241,-3.3182820009135412],[138.07156957137863,-3.318139232639453],[138.07181941383499,-3.3179845681332836],[138.07221202636401,-3.3179845681332836],[138.07236669087013,-3.3180559518206678],[138.07261653422574,-3.3182582057515333],[138.07272361020648,-3.3183652817323264],[138.07284258331867,-3.3185080500064714],[138.07302104208748,-3.3186984068059928],[138.0731757065937,-3.3189363530302103],[138.07316381036162,-3.3191386069610758],[138.072913967006,-3.3196858830969518],[138.0729020689754,-3.3198524447344653],[138.07305673438088,-3.3199952130086103],[138.07330657773639,-3.3200309053020192],[138.07366349707274,-3.3199595207152583],[138.07394903182239,-3.3199000341592182],[138.07427025886545,-3.3197453696530488],[138.07447251279632,-3.3195312176915195],[138.07465097336376,-3.3192456829418688],[138.07517445433768,-3.3189958386869307],[138.07548378424929,-3.3188887636055142],[138.07572173137282,-3.3188768655748504],[138.07601916325382,-3.3188768655748504],[138.07612623923467,-3.3188292770494741],[138.07635228832748,-3.3187697913926968],[138.07667351537054,-3.3187103039373369],[138.0769709481508,-3.3186984068059928],[138.07742304543729,-3.3186627154119606],[138.07779186190498,-3.3186508173812967],[138.07795842444182,-3.3186508173812967],[138.07812498607927,-3.318757893362033],[138.07838672746561,-3.3189125578682024],[138.07852949484038,-3.3188887636055142],[138.07868415934649,-3.3188887636055142],[138.07887451614602,-3.3188887636055142],[138.07905297581419,-3.3188411741808181],[138.07911246237029,-3.3187816876247211],[138.07917194892639,-3.3186032279565438],[138.07881502959003,-3.3184485625510547],[138.07858898139648,-3.3183414883689579],[138.07833913804086,-3.318222514357501],[138.07816067837268,-3.3181035412453639],[138.07791083501706,-3.3179845681332836],[138.07773237534889,-3.3179845681332836],[138.07755391478145,-3.3179607738705954],[138.07755391478145,-3.3177704170710172],[138.0775777099434,-3.3175800602714958],[138.0776728887929,-3.3173302169159342],[138.07769668305559,-3.3172231409351411],[138.07772047821754,-3.3170327841356197],[138.07768478592425,-3.3167829407800582],[138.07755391478145,-3.3165449936564642],[138.07747063396266,-3.3163189463622302],[138.07753012141802,-3.316211870381494],[138.07792273214841,-3.316069102107349],[138.0782796505855,-3.316009615551252],[138.07858898139648,-3.3159977184199079],[138.07900538728882,-3.3159739241572197],[138.0793979980192,-3.3160453078446608],[138.07976681358764,-3.316021512682596],[138.08018322037935,-3.3160572049760049],[138.08051634365438,-3.3161404857947332],[138.08087326389011,-3.3161761780880852],[138.08115879863976,-3.3163070483315664],[138.08149192281405,-3.3164974051310878],[138.08157520543148,-3.3166877619306092],[138.08158710166344,-3.3169019138921385],[138.08157520543148,-3.317068475529652],[138.08157520543148,-3.3172945246225822],[138.08152761510746,-3.3175205728161359],[138.08143243715733,-3.317675238221625],[138.08140864199527,-3.3179250815771866],[138.08146812945063,-3.3179726710019395],[138.08174176706893,-3.3179845681332836],[138.08192022583785,-3.3179726710019395],[138.08211058263737,-3.3179488758398747],[138.08227714607347,-3.3178655950211464],[138.08228904320481,-3.3176990333836329],[138.08233663173019,-3.3176157516655849],[138.08263406540982,-3.3173421140472783],[138.08281252417873,-3.31725883322855],[138.08301477900886,-3.3172112438037971],[138.08326462236448,-3.3173302169159342],[138.08341928687071,-3.3175443679781438],[138.08341928687071,-3.3176514439589369],[138.08339549170864,-3.3178893901831543],[138.0833241080212,-3.3181035412453639],[138.08325272523314,-3.3182938980448853],[138.08306236843362,-3.3184604605817185],[138.08296718868485,-3.3187935847560652],[138.08296718868485,-3.3190672232736915],[138.08320513490912,-3.3194360397413902],[138.08339549170864,-3.3195669099848715],[138.08397846013793,-3.3196026022782235],[138.08427589291819,-3.3195550128535274],[138.08438296889892,-3.3193765531853501],[138.08425209775612,-3.3191505040924199],[138.08400225529988,-3.3189244549995465],[138.0838832821878,-3.3186508173812967],[138.08403794669391,-3.3184723577130626],[138.08439486603027,-3.3185794336938557],[138.08470419594198,-3.3186508173812967],[138.08495403929749,-3.3186627154119606],[138.0851919846225,-3.3186270231185517],[138.08518008839042,-3.3184009740256784],[138.08487075757944,-3.3181630278014609],[138.08475178536662,-3.3178774930518102],[138.08464470938588,-3.317675238221625],[138.08453763430441,-3.3176514439589369],[138.08428779004953,-3.3176871362522888],[138.08407363898732,-3.3175324708467997],[138.08408553611866,-3.3172945246225822],[138.08412122841207,-3.3170803726609961],[138.08428779004953,-3.3166758647992651],[138.08447814684905,-3.3164498157063917],[138.08460901709248,-3.3163308425942546],[138.08484696331675,-3.3162237666135184],[138.08507301240968,-3.3161642809567411],[138.08523957494651,-3.3163189463622302],[138.0852038826531,-3.316616378243225],[138.08521577978445,-3.3167710427493944],[138.08547752117067,-3.3167591456180503],[138.08567977510165,-3.3167115570926171],[138.08584633673911,-3.316556891687128],[138.0860010021446,-3.3164022271810154],[138.08620325607546,-3.3162713560382144],[138.0863698186123,-3.3162475617755263],[138.08652448311841,-3.3162475617755263],[138.08676243024206,-3.3162713560382144],[138.08698847843561,-3.3164855079997437],[138.08705986212306,-3.316616378243225],[138.08719073326574,-3.3169257081548835],[138.08715504097245,-3.3171755524097648],[138.08711934867904,-3.3173897025726546],[138.08716693810379,-3.3175443679781438],[138.087381089166,-3.3177585199396731],[138.08764282965296,-3.3178180055964503],[138.08791646817053,-3.3176990333836329],[138.08810682497005,-3.3174967785534477],[138.08820200292018,-3.3173302169159342],[138.08843995004372,-3.3173064217539263],[138.0885589231558,-3.3175324708467997],[138.08878497134947,-3.3177109296156573],[138.08902291757363,-3.3179250815771866],[138.08918948011046,-3.3181154392760277],[138.08937983690998,-3.3183414883689579],[138.0895582956789,-3.3185794336938557],[138.08970106395304,-3.3187697913926968],[138.08995090730855,-3.3190196338489955],[138.09027213525087,-3.3193408608919412],[138.09056956713187,-3.3195550128535274],[138.09102166531761,-3.3197453696530488],[138.09118822695518,-3.3197215753903606],[138.09158083768557,-3.3196739859656077],[138.0918782713652,-3.3195431148228636],[138.09210432045813,-3.3194598340040784],[138.09221139464023,-3.3196026022782235],[138.09219949840815,-3.3198643427651859],[138.09223518980218,-3.3200428015340435],[138.09252072545121,-3.3202212621015406],[138.09278246593817,-3.3201855698081317],[138.09305610445574,-3.3200665966960514],[138.09342492002406,-3.3200309053020192],[138.09357958542955,-3.3201855698081317],[138.09359148346027,-3.3203640285769893],[138.0934963037115,-3.3205305920131423],[138.09329404978064,-3.3207566402067528],[138.09323456412392,-3.3209469970062742],[138.09323456412392,-3.3211968412611554],[138.09328215264929,-3.3214228903540857],[138.09328215264929,-3.3216251442849511],[138.093353537236,-3.3218868838725371],[138.09344871518613,-3.3221486252588193],[138.09366286714771,-3.322422262877069],[138.09390081337187,-3.3226126196765904],[138.09422204041493,-3.3227791822134236],[138.09443619057777,-3.3227077976267196],[138.09455516368996,-3.3225055436958542],[138.09469793196411,-3.3223151868963328],[138.09490018589497,-3.3220772406720585],[138.09509054269449,-3.3221010358340664],[138.09528090039328,-3.3223627772203486],[138.09537607834341,-3.3225293388578621],[138.09545936006145,-3.3226602091013433],[138.09562592169902,-3.3230528198317302],[138.09561402546694,-3.3231717929438673],[138.09548315432414,-3.3233502526120446],[138.09522141293792,-3.3236000959676062],[138.09515003014985,-3.3237785556357835],[138.09511433785644,-3.3239927066979931],[138.09512623498779,-3.3241949624275549],[138.09529279662536,-3.3243139346403154],[138.09562592169902,-3.3245875731579417],[138.09569730628573,-3.324718443401423],[138.09568540825501,-3.3248493127455276],[138.09529279662536,-3.3247541347954552],[138.09481690507619,-3.3245399828338691],[138.09455516368996,-3.3245161885711809],[138.09429342410226,-3.3245042923391566],[138.09419824525287,-3.3246946482393582],[138.09417445099018,-3.3248969030696003],[138.09429342410226,-3.3251824378191941],[138.09447188287118,-3.3253490003560273],[138.09463844630727,-3.3255155619935408],[138.09490018589497,-3.3256345360049977],[138.09518572244315,-3.3257297139550701],[138.09549505145549,-3.3257416110864142],[138.09575679194245,-3.3257059187930622],[138.09601853332867,-3.3254560763368204],[138.09619699209759,-3.3253014109313312],[138.0964825277465,-3.3253014109313312],[138.09675616626407,-3.3254798705995086],[138.09712498183251,-3.3257059187930622],[138.09736292805678,-3.3258486870672073],[138.09776743681778,-3.3260509409980727],[138.0979577936173,-3.3260152487047208],[138.09806486869877,-3.325777303379823],[138.0980529724668,-3.3255631523175566],[138.09796969074864,-3.3253133080626753],[138.09798158787999,-3.3251110541318099],[138.098326610085,-3.3251467464251618],[138.09861214483465,-3.3254560763368204],[138.09877870827086,-3.3256107408429898],[138.09907614015185,-3.3258129947738553],[138.09920701129465,-3.3259676601793444],[138.09937357293211,-3.3261699141102099],[138.09959962202504,-3.3264078603344274],[138.0998018759559,-3.3264554497591234],[138.10009930873616,-3.3260390438667287],[138.10024207611104,-3.3258367899358632],[138.10030156266703,-3.3254322811748125],[138.10032535692972,-3.3252181301125461],[138.10031345979837,-3.3250277733130247],[138.10020638381764,-3.3248374156141836],[138.10023017897959,-3.324658956845326],[138.10046812520386,-3.3244686000458046],[138.10068227626607,-3.3244686000458046],[138.10086073593425,-3.3246827511080141],[138.10102729757182,-3.3248612107761915],[138.1012176552706,-3.325039669545049],[138.1013366283828,-3.3252419243752342],[138.10143180723219,-3.3255036648621967],[138.10149129288891,-3.3256464331363418],[138.10162216403171,-3.3258248919051994],[138.1017768294372,-3.3260390438667287],[138.1018839036193,-3.3262294006662501],[138.10222892582431,-3.3265030391838764],[138.10239548836114,-3.3266220122959567],[138.10278809909153,-3.3266339094273576],[138.10313312129654,-3.3265982171339488],[138.10359711571436,-3.3264554497591234],[138.10381126767595,-3.3263840660717392],[138.10426336496243,-3.3260985304227688],[138.10445372176196,-3.3257416110864142],[138.10452510634866,-3.3254322811748125],[138.10453700258063,-3.3251229512631539],[138.10453700258063,-3.3248731079075355],[138.10457269487404,-3.3245518808645897],[138.10467977085477,-3.3243377289030036],[138.10479874396697,-3.3241354749721381],[138.10504858732247,-3.3238380421918237],[138.10534602010284,-3.32361199399827],[138.10559586345835,-3.3235049180174769],[138.10584570681397,-3.3234930208861329],[138.10619072901898,-3.3234573285927809],[138.10652385319338,-3.3233383563800203],[138.10695215621706,-3.3233502526120446],[138.10707112932926,-3.3236000959676062],[138.10703543703585,-3.323980809566649],[138.10694025908572,-3.3242425509529312],[138.10694025908572,-3.3245161885711809],[138.10704733506657,-3.3249206973322885],[138.10728528129073,-3.3254203840434684],[138.1073328698161,-3.3256345360049977],[138.10751133038366,-3.3259319678859356],[138.10796342677077,-3.3261937092722178],[138.1082608604504,-3.3264078603344274],[138.10860588175615,-3.3265863200026047],[138.1089984933858,-3.3267290882767497],[138.10968853599718,-3.3268123690955349],[138.11008114672757,-3.3265982171339488],[138.11079498629965,-3.3262294006662501],[138.11134226243553,-3.3258962755925836],[138.11171107800396,-3.32567022739903],[138.11231784069582,-3.3253371032246832],[138.11347187862441,-3.3245518808645897],[138.11413812787237,-3.3241830643968342],[138.11431658843992,-3.324016501860001],[138.11470919917031,-3.3236238911296141],[138.11507801563801,-3.3231242044184341],[138.11535965812175,-3.3228476242184115],[138.11798325482346,-3.3227303040602578],[138.12012476994221,-3.3232537859334457],[138.12202833793754,-3.324443516155327],[138.12302771225916,-3.32544288957763],[138.12771357042504,-3.325792615236935],[138.1275708021509,-3.3257152825341905],[138.12742803477602,-3.3255606180280779],[138.12730311264863,-3.3250311880388495],[138.1272674212546,-3.3246564225557904],[138.12719603666778,-3.3244363233775971],[138.1268986047869,-3.3239485328984415],[138.12658332585988,-3.323454795202565],[138.12642866135366,-3.3230264921788262],[138.12626209881682,-3.3226160353017349],[138.12602415259266,-3.3221996294093401],[138.12577430923704,-3.3215452781919907],[138.12563154186228,-3.3205994423103675],[138.12558990145283,-3.3195524785639918],[138.12561369571551,-3.3188862302152984],[138.12581594964638,-3.3183151589174145],[138.12632158537292,-3.3174823480318878],[138.12659610432684,-3.3171542645576437],[138.1268093749527,-3.3168993796026598],[138.12729716363322,-3.3164889227255685],[138.1275767511662,-3.3160368245397649],[138.12799315705865,-3.3150493491481257],[138.12845120336044,-3.3140321286797416],[138.12885571122217,-3.3133718293464085],[138.12923692124696,-3.3126659217948031],[138.12957599443666,-3.3123982331918569],[138.12989014201651,-3.311731329237432],[138.13001863265379,-3.3112459192637402],[138.13017567766542,-3.3107633646375234],[138.13018519609,-3.3102018117641592],[138.13023278461537,-3.3096592948405146],[138.13039458793992,-3.3092309918167757],[138.13077530243834,-3.30880268879298],[138.13148914021167,-3.30848859966909],[138.13213635440934,-3.3081078860700472],[138.13263128100891,-3.3075939226213791],[138.1331547628821,-3.306965745272862],[138.13357354838058,-3.3062709416506095],[138.13401368918051,-3.305462103992852],[138.13401368918051,-3.3052360548999786],[138.13413266229259,-3.3048077518761829],[138.1343468133548,-3.3039868381220572],[138.13433491622345,-3.3033582641725161],[138.13418025081796,-3.3026801177931588],[138.13412076516124,-3.3021804310819789],[138.13415645565601,-3.3016331549461029],[138.13427542966735,-3.3007408566052163],[138.13447768359833,-3.299991326538418],[138.13469183466054,-3.2993726667151577],[138.1349297808847,-3.2990990290968512],[138.13516772710898,-3.2987659040231847],[138.1353580839085,-3.2983376009994458],[138.1353580839085,-3.2981234499372363],[138.1353580839085,-3.2977070440447847],[138.13523911079642,-3.2974215092951908],[138.13512108556972,-3.297247941938906],[138.13503685686555,-3.2971240756155566],[138.13470373269115,-3.2967314648851698],[138.13322846682036,-3.2958748588376352],[138.1328120609279,-3.2954941452385924],[138.13240755306617,-3.2950063556587565],[138.13224133407039,-3.2950203023450513],[138.1311056836804,-3.2951155828178571],[138.13030618458276,-3.2954582263160432],[138.12927825768554,-3.2958579749655428],[138.1284787585879,-3.295686654115741],[138.12779347518881,-3.2951726897677531],[138.12733661779077,-3.2945445133186126],[138.12670844044226,-3.2944302976200674],[138.12584267929628,-3.2945735119579354],[138.12563455638974,-3.2949125356849436],[138.125548326694,-3.2950529998959723],[138.12557639003842,-3.2953225132233683],[138.12560445428221,-3.2955920256513878],[138.12556741030778,-3.2958540287403935],[138.1254798711991,-3.296110206021126],[138.12540561597643,-3.2963697683500754],[138.12536134415075,-3.296636974916396],[138.12531707322444,-3.2969041805833967],[138.12525547775817,-3.2971677952575078],[138.1251923714309,-3.2974310951688608],[138.12504175297454,-3.2976509533287981],[138.12486186878027,-3.2978495497168865],[138.12463521624227,-3.2979958118571631],[138.12439541561605,-3.2981153857164145],[138.12414152980784,-3.2982063656312448],[138.1238876448989,-3.2982973482439775],[138.12361883394215,-3.2983154659859224],[138.12334970462518,-3.2983320296993384],[138.12308057710698,-3.2983485943121309],[138.12281136864976,-3.2983610760028341],[138.12254184632923,-3.2983568923566509],[138.12227232131067,-3.2983527087104676],[138.1220048899138,-3.2983762115928243],[138.12173906470616,-3.2984209708510548],[138.12148057976503,-3.2984827443830795],[138.12126633787125,-3.2986470900910945],[138.12105209597746,-3.2988114357990526],[138.12090136600534,-3.2990322535356427],[138.12076550092718,-3.2992662913062532],[138.12062963584913,-3.2995003281775439],[138.12049307109839,-3.299733882112946],[138.12035619788026,-3.2999672211103075],[138.12021461311394,-3.3001976166266331],[138.12006547943838,-3.3004232942995486],[138.11991634576282,-3.3006489719724073],[138.11972975982064,-3.3008421355560813],[138.11953045746475,-3.3010242599615935],[138.11939531004555,-3.3010625144234496],[138.11914091432175,-3.3011345240390142],[138.1188803969128,-3.3011798507694721],[138.11861803679301,-3.3012171456546753],[138.11835836744478,-3.3012602537576754],[138.11810012801857,-3.3013064528304881],[138.11784455238421,-3.3013487407517346],[138.11761005236212,-3.3013600632162934],[138.11737477622501,-3.3013656066373755],[138.11713407627667,-3.3013307965789522],[138.1168929095802,-3.301290318992983],[138.11665059894608,-3.3012359199017283],[138.11613843594012,-3.3011933082245264],[138.11567294325175,-3.301365523899733],[138.1152577010821,-3.3016656006868743],[138.11490191309292,-3.3019654922136397],[138.11448723120077,-3.3024448299648839],[138.11395438558645,-3.3031635555536241],[138.11336171527103,-3.3037629626905414],[138.11259124089315,-3.3045421928678707],[138.11136835896264,-3.3051435857078673],[138.11065551044351,-3.3053370442691516],[138.10970514287806,-3.3056268570937277],[138.10918276807035,-3.3058914196532214],[138.10849384781284,-3.3061326061348382],[138.10785241535677,-3.3063497402482653],[138.1072112050332,-3.3066385791070729],[138.10649790505431,-3.3066886272782767],[138.10592729420932,-3.3067382248891022],[138.10540402277752,-3.3067159693664507],[138.10457638209448,-3.3065531722910464],[138.10343463789832,-3.3064850558405965],[138.10347388071511,-3.3055008467866287],[138.10352465913581,-3.3052726698977608],[138.10356146838717,-3.3050418067339251],[138.10354980058287,-3.3048016131039049],[138.10352807116362,-3.3045599778606629],[138.10350929331935,-3.3043215487004431],[138.10350078033684,-3.3040848714196613],[138.10351352912608,-3.3038381604027336],[138.10359740709475,-3.303597697875432],[138.10370313139447,-3.3033690299567411],[138.10388335733114,-3.3031905460068174],[138.10406059212266,-3.3030050221639726],[138.10423143633182,-3.3028044517640183],[138.10439642235713,-3.3026002391097222],[138.10454152437194,-3.3023836598779326],[138.10468183479895,-3.3021633331712223],[138.10481357738479,-3.3019363020187029],[138.10492440713574,-3.3016999772721078],[138.10501040660506,-3.3014526142467275],[138.10509640697364,-3.3012052503219707],[138.10521889643496,-3.3009679803879521],[138.10534322321121,-3.3007312167721921],[138.10546716597696,-3.3004954208269623],[138.10559035331221,-3.3002615368404236],[138.10572556008663,-3.3000347772830878],[138.10588307094702,-3.2998212395585256],[138.10603706276027,-3.2996045416162474],[138.10617940025918,-3.2993773800619692],[138.10632173685872,-3.2991502167091085],[138.10632639984351,-3.2991383681411435],[138.10641963525802,-3.2989014372514589],[138.10651183375421,-3.2986498860833535],[138.10661416760979,-3.2984019636796233],[138.10672200441707,-3.2981560125898568],[138.10683104002055,-3.297910914057411],[138.10694390763524,-3.2976685449673369],[138.10705474907752,-3.297424051678604],[138.10716154267107,-3.2971753243816693],[138.10726833626472,-3.2969265943867754],[138.10737512895912,-3.2966778652912012],[138.10745208484593,-3.2964188092805671],[138.10752648216146,-3.2961588665384056],[138.10759162635259,-3.2958971332460578],[138.10761500962508,-3.2956273087532395],[138.10763839199831,-3.2953574833611015],[138.10766177617006,-3.29508765886834],[138.10766412070268,-3.2950605928720051],[138.10765972031993,-3.2947895659856385],[138.10766879268067,-3.2945195175616391],[138.10771194035385,-3.2942519458705419],[138.10786606526676,-3.2940375483941011],[138.10804573092582,-3.2938353888920346],[138.10829859600346,-3.2937436715331501],[138.10855343419371,-3.2936549318295647],[138.1087864170596,-3.293520199897273],[138.10895236625879,-3.2933175718484335],[138.10907974713268,-3.2930786462624724],[138.10920712710731,-3.2928397197771915],[138.10919828227497,-3.2925727002698295],[138.10917481986212,-3.2923026626377236],[138.10915135744926,-3.2920326268042572],[138.10906796691324,-3.2917762246929669],[138.10897343557565,-3.2915223568712122],[138.10888502142666,-3.2912663432670684],[138.10880185212386,-3.2910084905493591],[138.10871868192169,-3.2907506369322732],[138.10863551171951,-3.2904927851138837],[138.10858808866942,-3.2902273169370915],[138.10856002172773,-3.2899577235700121],[138.10853195568529,-3.2896881329009489],[138.10860750593167,-3.2894310616940743],[138.1086983572435,-3.2891758412919785],[138.10884796306311,-3.2889556252018792],[138.10902713859161,-3.2887530277300243],[138.10920089300691,-3.2885457519848273],[138.10937303943433,-3.2883370876863864],[138.10954518586175,-3.2881284233880024],[138.10971733228916,-3.2879197590895615],[138.10987122967356,-3.2876995367042241],[138.10998425377034,-3.2874534237364514],[138.11006700938503,-3.2871980171747168],[138.11011012468259,-3.2869304391883816],[138.11012865521332,-3.2866632371186597],[138.11007746400378,-3.2863971007455461],[138.11000893566393,-3.2861357487657301],[138.10991772642205,-3.2858806569666967],[138.1098265162808,-3.2856255651676634],[138.10973530613956,-3.28537047336863],[138.10963210533748,-3.2851218234133626],[138.10947173373359,-3.2849038871046332],[138.10931136302906,-3.2846859516952804],[138.10914369072884,-3.2844741991249293],[138.10895723428905,-3.2842783519643035],[138.10877077694988,-3.284082503904358],[138.10858378181615,-3.2838872314105743],[138.10837781818179,-3.2837122350316008],[138.10817185544681,-3.2835372377532508],[138.1079666103708,-3.2833613987095305],[138.10776284827693,-3.2831838185783226],[138.10768295520427,-3.2831135392584088],[138.1074887798834,-3.2829254235693952],[138.10729460276377,-3.2827373069810619],[138.10710564530939,-3.2825439257615017],[138.10691767800847,-3.2823495426972045],[138.10674610714716,-3.2821474974090279],[138.10671931904142,-3.2818777745396233],[138.1066925300363,-3.2816080525695384],[138.10666574193056,-3.2813383297001337],[138.10674239204786,-3.2810815570681484],[138.10683418584904,-3.2808266784084594],[138.10700454712219,-3.2806250387145042],[138.10720521105168,-3.2804439341401803],[138.10738495135445,-3.2802421289710537],[138.10756192804058,-3.2800375907621628],[138.10772665685977,-3.2798273058854193],[138.10776906439082,-3.2795596145845138],[138.10781147012335,-3.2792919241829281],[138.10773974559288,-3.2790318726227952],[138.10766239760164,-3.2787721960799558],[138.10756396320642,-3.2785240137721985],[138.10738962962773,-3.2783171939832414],[138.1072152978478,-3.2781103750936609],[138.10704096516849,-3.2779035553047606],[138.10690794194807,-3.277668402374843],[138.10677987579072,-3.2774298500075361],[138.106651808734,-3.2771912976402291],[138.1065041427521,-3.276964955368328],[138.10634857172931,-3.2767435368846805],[138.10618031217177,-3.2765320136414857],[138.10600555141514,-3.2763255607759447],[138.1058307906585,-3.2761191079104606],[138.10570754576668,-3.2758820888872719],[138.10561212679829,-3.275628560109908],[138.10559206472203,-3.2753600603184623],[138.10558433325048,-3.2750891098745001],[138.10569244075361,-3.274849793982753],[138.1058355345823,-3.2746200333878051],[138.10598399916228,-3.2743937900413584],[138.10613543959892,-3.2741694982237277],[138.10623631205624,-3.2739284178621233],[138.1062475940513,-3.2736575942225272],[138.10623698564848,-3.2733871923649644],[138.10621536504709,-3.2731170027474263],[138.10615244487951,-3.2728563009774803],[138.10605512294558,-3.2726035033489325],[138.10595780191113,-3.2723507039218021],[138.10586048087657,-3.2720979062933111],[138.10570749630392,-3.271879435787298],[138.1055273378164,-3.2716777232482741],[138.10534718112763,-3.271476010709307],[138.10514056098816,-3.2713047186377935],[138.10491761635501,-3.2711521918201356],[138.10469467082248,-3.2709996650024777],[138.10447165334415,-3.2708472568953653],[138.1042357189034,-3.2707159450847598],[138.10399978536191,-3.2705846341734741],[138.1037543315972,-3.270474885407566],[138.10349914536937,-3.2703871862196365],[138.10324395824216,-3.2702994861323305],[138.10298052073449,-3.2702508633865932],[138.10271188964202,-3.2702268308035514],[138.1024432603482,-3.2702027991198293],[138.10217452583379,-3.2701800669564705],[138.10190552422068,-3.2701606946602624],[138.10163652080882,-3.2701413232634309],[138.10136751919572,-3.2701219500679031],[138.10110400344706,-3.2700679439803935],[138.10084231512076,-3.2700023959937425],[138.10058062679457,-3.2699368489064113],[138.10035370535923,-3.2697961895424896],[138.10013524834312,-3.269637243364059],[138.0999606431692,-3.2694371010413192],[138.09981760779647,-3.2692073053727881],[138.09967457242362,-3.2689775079056176],[138.09959315859749,-3.2687216678706363],[138.09952981664776,-3.2684581898935221],[138.09949963000395,-3.2681899976702198],[138.09948778233536,-3.267919199211633],[138.09947593376739,-3.2676483998537265],[138.09953984588719,-3.2673874561661478],[138.09961990173713,-3.2671286132948012],[138.09969995758706,-3.2668697704235115],[138.09977824536975,-3.2666103843616838],[138.09985144478844,-3.2663501556351093],[138.09985460860332,-3.2660791143595702],[138.09985777421696,-3.2658080721847114],[138.09985362924169,-3.2655371172440937],[138.09984412340759,-3.2652662243567079],[138.09983461577497,-3.2649953323686418],[138.09980923510818,-3.264725685042265],[138.09977679746135,-3.2644565916983197],[138.09974435711649,-3.2641874992536373],[138.09968660715128,-3.2639233953483426],[138.09961550585103,-3.2636619237587183],[138.09954440365141,-3.2634004539677335],[138.09936886498122,-3.2632013386707968],[138.09917441716573,-3.2630135116642123],[138.09897478295989,-3.262833169714952],[138.09872002211137,-3.2627675488832324],[138.09845033431554,-3.2627667673723408],[138.09818064562035,-3.2627659849621864],[138.09791395526486,-3.2627952749818974],[138.09764977761517,-3.2628497945822801],[138.09738559996549,-3.2629043150820394],[138.09711684476667,-3.2629190693594978],[138.09684726129217,-3.2629266209667094],[138.09657767691829,-3.2629341743726172],[138.09632163723381,-3.2628498170653302],[138.09606580619209,-3.2627640469231665],[138.09584662881889,-3.2626271970874541],[138.09568490913136,-3.2624102806099131],[138.09559954908002,-3.2621622691733592],[138.09556543689541,-3.2618933871700619],[138.09563634664016,-3.2616505081643936],[138.09579081779202,-3.2614283180623715],[138.09598731606184,-3.2612484536531383],[138.09620869587468,-3.2610936515507092],[138.09639154423439,-3.2609022911078114],[138.09653254534078,-3.2606712291938038],[138.09667354734643,-3.2604401681791728],[138.09679319315137,-3.2602020393925386],[138.09681636058667,-3.2599319828746616],[138.09674443011147,-3.2596837762852147],[138.09660682214724,-3.2594506594203381],[138.09637606600268,-3.2593449081409744],[138.0961136303398,-3.2592824781038416],[138.09585048241388,-3.2592577575394444],[138.09558587938488,-3.2593101493438894],[138.09532127815453,-3.2593625393496382],[138.09505371815465,-3.2593572153631385],[138.09478515990725,-3.2593324363427882],[138.09454203898395,-3.2592255537163055],[138.0943069588991,-3.2590927130582372],[138.09414397206672,-3.2588825720729915],[138.09399689334202,-3.2586553700492686],[138.09386454910975,-3.2584195911911138],[138.09374162797383,-3.2581783237705508],[138.09361870773728,-3.2579370572493644],[138.09349578660135,-3.2576957889294818],[138.09334999570581,-3.2574685230538307],[138.093193120666,-3.2572480416637291],[138.09302837925634,-3.2570337206296358],[138.09285405107369,-3.2568269035386948],[138.0926797237903,-3.2566200891457697],[138.09250149974446,-3.256417176011837],[138.09229629873528,-3.2562412911026399],[138.0920910977261,-3.2560654061934997],[138.09187760676616,-3.2559004237655245],[138.09165485458789,-3.2557476253525692],[138.09143210240961,-3.2555948260403511],[138.09122494267706,-3.2554236607732605],[138.09103979475083,-3.2552265743468638],[138.09085464592522,-3.2550294879204671],[138.09066949799899,-3.2548324005947507],[138.09048434917349,-3.2546353141683539],[138.09034364124614,-3.254408447591743],[138.09023382772898,-3.2541608777222564],[138.09012401601058,-3.2539133078528266],[138.08999870087939,-3.2536752663004336],[138.08982949433573,-3.2534641990135356],[138.08966028779207,-3.253253130827261],[138.08945426570187,-3.2530853524070267],[138.08922050222441,-3.2529501896994475],[138.08898655888265,-3.2528153462511682],[138.08875073595777,-3.2526838491802437],[138.08851491213352,-3.2525523521093191],[138.08827726898085,-3.2524242409858743],[138.0880385331518,-3.2522981641289448],[138.08779979822214,-3.2521720872719584],[138.08756069187245,-3.2520467289733119],[138.08732010883602,-3.2519242503038868],[138.08707952669886,-3.251801770735085],[138.08683894546107,-3.2516792929649228],[138.08659836062589,-3.2515568133961779],[138.08635690075039,-3.2514360929013151],[138.08611538421769,-3.2513154884189817],[138.08587386678562,-3.2511948830373854],[138.08563093202201,-3.2510772939818935],[138.08538481006099,-3.2509664921098533],[138.08513868899934,-3.2508556893385503],[138.08489256703842,-3.2507448865671904],[138.08465516130673,-3.2506165838881884],[138.08441941032754,-3.2504849582142015],[138.08418365844909,-3.2503533325402145],[138.08397958788771,-3.2501768199042544],[138.08378178380235,-3.2500000005995275],[138.08358566864376,-3.2497846867138946],[138.08333210659146,-3.2494611187356099],[138.08304302401643,-3.249204490894499],[138.08266544905132,-3.2489917877407493],[138.08231056218278,-3.2488296588616095],[138.08171321988925,-3.2482332212861138],[138.08140575966809,-3.2479905446278963],[138.08100919282003,-3.2477863706444623],[138.08040161084568,-3.2475629709542773],[138.08019142759235,-3.2474102966478426],[138.08013156332106,-3.2471900239004299],[138.08012824302409,-3.2469688302472832],[138.08016826915036,-3.2465541366640309],[138.08023248524103,-3.2459802217098286],[138.08024189574701,-3.2456770251745297],[138.08018015998641,-3.2447932865808866],[138.08008345408825,-3.2443483802734931],[138.08001026276349,-3.2441977303409431],[138.0799023279302,-3.2440631539913056],[138.07971800917881,-3.2438566147909],[138.07957775361047,-3.2435510863135164],[138.07948818473199,-3.2433751807199656],[138.07921882608798,-3.2431378568265927],[138.07902180890937,-3.2431171517351345],[138.07883509616283,-3.2430975294274162],[138.07866512069882,-3.2430974287033223],[138.07868078868751,-3.2430259973518218],[138.07873122716444,-3.2427676212286656],[138.07875720318248,-3.2426531375322156],[138.07890020797834,-3.2420228836490992],[138.07906308599274,-3.2415252419962712],[138.07924595593613,-3.2409804336001002],[138.07912480106882,-3.2409297469102398],[138.07900412733864,-3.2410638295320382],[138.07794574220236,-3.2422398118177966],[138.07553354014078,-3.2408829479896326],[138.07462896425534,-3.2380184579853903],[138.07176447425115,-3.2348524423862841],[138.06905074569545,-3.2330432897160222],[138.06874922099985,-3.23123413794508],[138.06739235717157,-3.2283696479408377],[138.06422634067314,-3.2289726991307361],[138.06211566420666,-3.2306310876545012],[138.06045727478352,-3.2289726991307361],[138.0571404968365,-3.2261082082271741],[138.05472829387577,-3.2265604961698955],[138.05216532946645,-3.2239975308613111],[138.04945160181001,-3.2191731258390632],[138.04231321868019,-3.2146839404114758],[138.03446099687756,-3.2161116168575745],[138.02589493820085,-3.2182531319764394],[138.01935331100651,-3.2172409935769224],[138.01935331100651,-3.2082780505915025],[138.01935331100651,-3.1993151094047221],[138.01375147175304,-3.1903521664193022],[138.00702926518852,-3.1847503271658297],[138.00663918784835,-3.1783581043429763],[138.00633463693396,-3.1733673903926842],[138.0072267122431,-3.1720683250931074],[138.0072267122431,-3.1691627936280042],[138.0072267122431,-3.1689452817992674],[138.00720461769902,-3.1687464362989317],[138.00707799585291,-3.1676068351872573],[138.00673851706892,-3.1671994602868381],[138.00653985592965,-3.1669610662002015],[138.00633441480147,-3.1667145368463707],[138.00633441480147,-3.1656735230146182],[138.00663184668247,-3.1646325091829226],[138.00737542863317,-3.163740210842036],[138.00763414380071,-3.1635923739888199],[138.00788319395429,-3.1634500598723321],[138.00841644336424,-3.1631453461807268],[138.00930874080586,-3.1624017642299691],[138.01020103914675,-3.161806898669397],[138.01020130624534,-3.1618059642738103],[138.01049847102763,-3.1607658848376445],[138.01061918162998,-3.1599209142187874],[138.01064718831719,-3.1597248710059489],[138.01064718831719,-3.1585351398847479],[138.01034975463756,-3.1564531122212998],[138.00991929863676,-3.1554487151860258],[138.00991450075367,-3.1554375213245294],[138.00990360636638,-3.1554120983896041],[138.00916002531494,-3.1545198000486607],[138.00841644336424,-3.1537762180979598],[138.00755602868787,-3.1536686663757791],[138.0072267122431,-3.1536275017077742],[138.00618569841129,-3.1536275017077742],[138.00514468368033,-3.1537762180979598],[138.00476238457645,-3.1538186957761241],[138.00380623706826,-3.1539249353874084],[138.00322782910109,-3.1541728236168751],[138.00276522323657,-3.1543710836585319],[138.00172420940476,-3.1546685155395267],[138.00171811290068,-3.1546685155395267],[137.99806378701419,-3.1546685155395267],[137.9968165712279,-3.1546685155395267],[137.99577555559745,-3.1542223672684031],[137.99518069093619,-3.1533300689275165],[137.99504142732007,-3.1527730117650208],[137.99496878458183,-3.1524824426105624],[137.9948832590552,-3.1521403387056353],[137.99478809099764,-3.1512838279862194],[137.99473454176575,-3.1508018920936252],[137.99473454176575,-3.150370143767077],[137.99473454176575,-3.1485071756655998],[137.99473454176575,-3.146235540337841],[137.99473454176575,-3.1452993883560225],[137.99399096071431,-3.1445558073046413],[137.99190893215155,-3.1445558073046413],[137.99057048464022,-3.1451506719658937],[137.98908332163808,-3.1466378349680895],[137.98868142900483,-3.146905763689972],[137.98729872675494,-3.1478275660892336],[137.98676287470698,-3.1478275660892336],[137.98625771202387,-3.1478275660892336],[137.98539260738301,-3.1476112890297259],[137.98506798180199,-3.147530133308976],[137.98447311714074,-3.1466378349680895],[137.98437810376652,-3.1459727440468441],[137.98432439985129,-3.145596821136337],[137.98432439985129,-3.1445558073046413],[137.98442776702791,-3.1438322406653469],[137.98447311714074,-3.1435147925735691],[137.98477054902173,-3.1423250623516878],[137.98536541368298,-3.1414327640108013],[137.98604884088138,-3.140236768212219],[137.98655514480413,-3.1393507363473532],[137.98759615863582,-3.1387558707867811],[137.98814887567016,-3.1387558707867811],[137.9886371733669,-3.1387558707867811],[137.99458582627494,-3.139053302667719],[137.99589343513401,-3.1384928991279253],[137.99666785393833,-3.1381610052261522],[137.99681430313763,-3.1380934130805258],[137.99860116611103,-3.1372687077845853],[137.99912438987872,-3.1367454831175223],[138.00008832911317,-3.1357815438830698],[138.00172420940476,-3.1345918136612454],[138.00190050800211,-3.1340188411965073],[138.00201959982473,-3.1336317927729738],[138.00217733011971,-3.1331191720121296],[138.00231907406612,-3.1326585023879261],[138.00237531676748,-3.1322648043772006],[138.00248194758387,-3.131518383266723],[138.00283813397277,-3.1290250803431263],[138.00286398228707,-3.1288441421434072],[138.002912348726,-3.1285055743726957],[138.00291393872737,-3.1284944452623904],[138.00297314469492,-3.12766556801148],[138.00306265601682,-3.1264124166996226],[138.0029409372745,-3.1247083597029928],[138.00291393872737,-3.1243303881368547],[138.00235954535685,-3.1231291996527943],[138.00202164218513,-3.1223970759642157],[138.00095096961161,-3.12092490196261],[137.99942709718289,-3.1181201431300565],[137.9992315306107,-3.1177601948770644],[137.99889859889129,-3.1168945731259896],[137.9988234713262,-3.1163686783717708],[137.99881923282135,-3.1163390115361267],[137.99860116611103,-3.114812543663902],[137.99884619719433,-3.113669065574868],[137.99900508401743,-3.1129275952322928],[137.99904068008334,-3.1127614787591824],[137.99904731528147,-3.1127305160004539],[137.99923903005731,-3.1121937133691517],[137.99956743189148,-3.1112741889526205],[137.9996126983674,-3.1111474438993696],[137.99979089723217,-3.1106484883370058],[138.00141569877553,-3.1089444268437774],[138.0020306417008,-3.1082994861323527],[138.00303299187908,-3.1072482407137159],[138.00559020422463,-3.1045662888031416],[138.00586718192494,-3.1042757987890468],[138.00627477715932,-3.1037335570579785],[138.00707799585291,-3.1017255094246821],[138.00782157780361,-3.099792197252043],[138.00930874080586,-3.0983050342499041],[138.01094462019807,-3.0969665867385174],[138.0116868225889,-3.0965336351191013],[138.01272921598058,-3.0959255729068218],[138.01436509627229,-3.0947358417856208],[138.01763685415756,-3.0917615157812861],[138.01770455602048,-3.0916454555732571],[138.01867786888863,-3.0899769199988327],[138.02016503189077,-3.088489756996637],[138.02331770964463,-3.0848700145394901],[138.0240412951697,-3.0840392316251837],[138.02418037172686,-3.0837308352098489],[138.02507267006774,-3.0817975230372099],[138.02611368389944,-3.0800129272547565],[138.02641111667981,-3.0779308986919887],[138.02637463658027,-3.077420181795901],[138.0262672377429,-3.0759165863813109],[138.02626240118889,-3.0758488701292208],[138.02507267006774,-3.0740642752460303],[138.02498281700343,-3.0739744221817773],[138.02378678882928,-3.0727783940076279],[138.0235855070656,-3.0725771113445717],[138.0219496267739,-3.0713873811226904],[138.02001631460132,-3.0706437991719326],[138.01949914506952,-3.0700691656594472],[138.01867786888863,-3.0691566361697937],[138.01853037018054,-3.0687436396072485],[138.01809595536406,-3.067527276862279],[138.01793428693782,-3.0670746076070259],[138.01719070498712,-3.0651412963337066],[138.01699843622896,-3.0645164230944033],[138.01664687145603,-3.0633738335355361],[138.01659584032586,-3.0632079841610675],[138.01555482559479,-3.0612746719884854],[138.01456000543999,-3.0595692651094737],[138.0134727979314,-3.0577054804235217],[138.0134727979314,-3.0571317714140491],[138.0134727979314,-3.0545824380290583],[138.01428042060502,-3.0531979416316517],[138.01555482559479,-3.0510132455647749],[138.01778557144701,-3.0484850687308835],[138.01971888272033,-3.0484850687308835],[138.02180091128309,-3.0481876359505691],[138.02388293984586,-3.0480389195604403],[138.02596496840863,-3.0480389195604403],[138.02736504016457,-3.0491844337145722],[138.02760084690158,-3.0493773670717701],[138.02893929441302,-3.0510132455647749],[138.03012902463479,-3.0526491258564192],[138.03131875485667,-3.0544337207395529],[138.03235976868848,-3.0562183174213828],[138.03369821619981,-3.0580029132038362],[138.03563152837239,-3.058895210645403],[138.03771355693516,-3.058895210645403],[138.03979558459866,-3.0580029132038362],[138.0392007199373,-3.054136288858615],[138.03905200264785,-3.054136288858615],[138.03800361797266,-3.0523154099281555],[138.03721564008981,-3.0509468153431953],[138.03622639303364,-3.0492286497823216],[138.03637511032309,-3.0471466221188734],[138.03801098881615,-3.0459568909976724],[138.03959832010651,-3.0454684817849511],[138.03994430098874,-3.0453620263364201],[138.04187761316143,-3.0459568909976724],[138.04336477706283,-3.0472953376096825],[138.04604167028697,-3.0502696654126567],[138.04797498245955,-3.0516081111254039],[138.05005701102232,-3.0514593947352182],[138.05228775507589,-3.0505670972936514],[138.05249589057291,-3.0502548931487468],[138.05256658897702,-3.0501488450930765],[138.05347748619704,-3.0487825006118783],[138.05349149493657,-3.0487369706346499],[138.05354137403526,-3.0485748651378799],[138.05369022982029,-3.0480910820377858],[138.05407235085841,-3.046849189338559],[138.05369853685806,-3.0454473872870267],[138.05358585360432,-3.0450248246359024],[138.05347748619704,-3.044618445284982],[138.05314804834381,-3.044165467562209],[138.05228775507589,-3.0429825649933377],[138.05189930191136,-3.042399885246482],[138.05188980776848,-3.0423856435825201],[138.05138975863053,-3.0416355703252407],[138.05122561167275,-3.0413893485395533],[138.05109802485401,-3.0411979692108844],[138.04916471268143,-3.0404543881594464],[138.04773172034265,-3.0404543881594464],[138.04708268411866,-3.0404543881594464],[138.04500065645516,-3.0410492528206987],[138.04468333157058,-3.0414370935469606],[138.04379216008022,-3.0425263038458183],[138.04366220894383,-3.042685133112343],[138.04172889677125,-3.0432799977736522],[138.04133898760426,-3.0432811264228121],[138.04041604126735,-3.0430174272124759],[138.03986522539992,-3.0429072638590924],[138.03949815181829,-3.0428338486032089],[138.03923379970013,-3.0426796436505583],[138.0386199440552,-3.0423215605915175],[138.03771355693516,-3.0417928347714565],[138.0376682769695,-3.0416569957736783],[138.03764159408433,-3.041576947118358],[138.03700526618013,-3.0396679607077886],[138.03663187036454,-3.0385477732610866],[138.03652382581402,-3.0382236432065497],[138.03682125859427,-3.038074926816364],[138.0370248480184,-3.0378713382916089],[138.03744952587499,-3.0374466595356466],[138.03763845365177,-3.0372577317588707],[138.03791584414091,-3.036980342168988],[138.03830842159641,-3.0365877638142251],[138.03871200315643,-3.0362575615371838],[138.03994430098874,-3.0352493172021582],[138.04002692889969,-3.035201117137774],[138.04102877815569,-3.0346167061960045],[138.04130846641272,-3.0344535538883406],[138.04172889677125,-3.0342083033704625],[138.04219857760233,-3.0337855896332258],[138.04270905797671,-3.0333261583754734],[138.04271702776873,-3.0333189853828344],[138.04321605977339,-3.0328698558591327],[138.04455450728472,-3.031382692856937],[138.04459861543387,-3.0307651841658867],[138.04461695620762,-3.0305084079366225],[138.04468123884817,-3.0296084446739542],[138.04470322277552,-3.0293006642941691],[138.04470322277552,-3.0270699202405922],[138.04520561194954,-3.0267045463776867],[138.04633910306723,-3.0258801891193912],[138.0502057274125,-3.0258801891193912],[138.05050316019276,-3.0255827572383964],[138.05228775507589,-3.0243930261171954],[138.05615437942117,-3.0229058631150565],[138.05808769069438,-3.0223109975544276],[138.05933615204185,-3.0222277670977178],[138.05928579180591,-3.0219625768114042],[138.05924007926626,-3.0216954475868079],[138.05919436672673,-3.0214283183621546],[138.05915364992109,-3.0211603950361337],[138.05911495479143,-3.0208921479542141],[138.05908008627705,-3.0206234008492174],[138.05904929618816,-3.0203541213455765],[138.05902265916848,-3.0200844281537798],[138.05900048458477,-3.0198142933948589],[138.05898428689534,-3.0195437638336102],[138.05897107495525,-3.0192730373207723],[138.05896660082806,-3.0190020203269228],[138.05896558009749,-3.0187309988364746],[138.05896889679718,-3.0184599665541896],[138.05897840622856,-3.0181890835593208],[138.05899133038565,-3.0179183606437618],[138.05900783924051,-3.0176478229885788],[138.05902974942342,-3.0173776657466078],[138.05905589271538,-3.0171079033070214],[138.05908572502631,-3.0168385293745814],[138.05911929402032,-3.0165695853180523],[138.05915819869199,-3.0163013697123802],[138.05920063410201,-3.0160337062904432],[138.05924643657386,-3.0157666022468561],[138.05929550987992,-3.0155000791652924],[138.05934870387966,-3.0152343546816951],[138.05940525235053,-3.0149693361659047],[138.05946491517375,-3.0147050137253473],[138.05952777418747,-3.0144414368227785],[138.05959430603241,-3.0141787655375651],[138.05966512944224,-3.0139172345926681],[138.05973956363005,-3.0136567261769187],[138.05981782803042,-3.0133973572022228],[138.0599001852454,-3.0131392706607585],[138.05998694284324,-3.0128826374237292],[138.06007878610717,-3.0126277947368862],[138.06017458099222,-3.0123744305354876],[138.06027307024601,-3.0121221122456632],[138.06037312432034,-3.0118704135886674],[138.06047338703729,-3.011618801266593],[138.06057223332198,-3.0113666223716677],[138.06066771164569,-3.0111131439563792],[138.06075748467026,-3.0108575764159582],[138.06083903159606,-3.010599248856181],[138.06091090361542,-3.0103380272780669],[138.06097220410402,-3.0100740933447128],[138.06102281615006,-3.0098078796298751],[138.06106396822759,-3.0095400273503401],[138.06109657314835,-3.0092709879656923],[138.06112176945419,-3.0090011382918647],[138.06114073705544,-3.0087307697091887],[138.06115417832268,-3.0084600647801381],[138.06116230999271,-3.0081891458123664],[138.06116514825305,-3.0079181180266801],[138.06116258338659,-3.0076470875430346],[138.06115437797223,-3.0073761739711813],[138.06114015519404,-3.0071055122095913],[138.06111938175411,-3.0068352812231751],[138.06109155403203,-3.006565695950087],[138.06105706233359,-3.0062968813959401],[138.06101698044938,-3.0060288465539884],[138.06097258991315,-3.0057614951967935],[138.06092523071493,-3.0054946555538891],[138.06087706572407,-3.0052279633997614],[138.06083018496508,-3.0049610410191576],[138.06078692217875,-3.0046935053009634],[138.06074979007087,-3.0044250477776586],[138.06071998384027,-3.0041556702479397],[138.06069812312001,-3.0038855273951413],[138.06068679885675,-3.0036147325338334],[138.06068468275203,-3.0033437092447457],[138.0606943090952,-3.0030728604241403],[138.06071536762022,-3.0028026726051849],[138.06075025322173,-3.002533951580574],[138.06079996504639,-3.0022676029674358],[138.06086335016357,-3.0020042059293246],[138.06094035731167,-3.0017444844203851],[138.0610338139594,-3.0014903099298067],[138.06114427588773,-3.0012431573458116],[138.06126947590565,-3.0010031327882984],[138.06140864239501,-3.0007709781980338],[138.06155583533359,-3.0005439740251063],[138.06170679912952,-3.0003193998203983],[138.06181577897507,-3.0001448737868373],[138.06192784799191,-3.0000000253808139],[138.06262568412808,-2.999355017220239],[138.06348541442037,-2.9982542893039863],[138.06378586892276,-2.9975048383775516],[138.06369763014163,-2.9966010035334421],[138.06345459015722,-2.9956128023888482],[138.06272480920268,-2.9928950790446152],[138.06165851722687,-2.9895550068580405],[138.060558471896,-2.9874946582518191],[138.05884512760065,-2.9851034823398095],[138.05775409617468,-2.9841112882053267],[138.05618830364733,-2.9833681325332577],[138.05564046003929,-2.9831922188457725],[138.05484045192543,-2.9830474909488771],[138.05357418669939,-2.983072232197685],[138.05155230839239,-2.9832840486199075],[138.05091896084139,-2.9834061109032746],[138.05044469616587,-2.9834975126000813],[138.04866407628617,-2.9836996451224991],[138.04856041682979,-2.9837114118521413],[138.04769893825551,-2.9838791542994727],[138.04680633684302,-2.9841859598141696],[138.0457677197046,-2.9847909616335073],[138.04512034003176,-2.985392178206439],[138.04414949670195,-2.9862089685689739],[138.0430823395784,-2.9869995104190252],[138.04203424538423,-2.987955232547904],[138.04098581664221,-2.9890346366391327],[138.04035152570236,-2.9904862143672517],[138.03978652662693,-2.9922527688501646],[138.03978243920824,-2.9937751942697446],[138.03961246824088,-2.9960789632734759],[138.03948321407916,-2.9984651353576623],[138.03935683415068,-3.0000000289780928],[138.03930963503171,-3.0004093500114664],[138.03915440934861,-3.0009652101762754],[138.03882443190207,-3.0017163248484735],[138.03819641463292,-3.0027756731587374],[138.03720251358516,-3.0042083363455845],[138.03707028626479,-3.0044445477776094],[138.03693889981048,-3.0046812313536861],[138.03680793423882,-3.0049181505521574],[138.03667696866728,-3.0051550715492681],[138.03654707238957,-3.0053925851996155],[138.03641746209621,-3.005630258029953],[138.0362879678155,-3.0058679947121618],[138.03615957790225,-3.0061063348394441],[138.03603118798901,-3.0063446758660461],[138.03590306967101,-3.0065831643814818],[138.03577521215641,-3.0068217931911363],[138.03564734474924,-3.0070604184035119],[138.03551912031116,-3.0072988493623711],[138.03539089407457,-3.0075372794218538],[138.03526182157589,-3.0077752463304819],[138.03513223196694,-3.008012929952713],[138.03500188602823,-3.0082501908935342],[138.0348698313777,-3.0084864985529975],[138.03473749164198,-3.0087226425358722],[138.03460177225406,-3.0089568421844888],[138.03446605106751,-3.0091910427323683],[138.03432572445274,-3.00942247786503],[138.03418504710226,-3.0096537016569869],[138.03403893874611,-3.0098814819447739],[138.03389194096042,-3.0101086965590298],[138.03373843568033,-3.0103314999986992],[138.03358389528057,-3.0105535983698246],[138.0334218770181,-3.0107702315609117],[138.03325881014598,-3.0109860661539756],[138.03308808914403,-3.0111958492090025],[138.0329153887343,-3.0114039379413384],[138.03273646861317,-3.0116066981905192],[138.03255385497653,-3.0118060266268003],[138.03236685894342,-3.0120012802348697],[138.03217439323373,-3.0121910218981043],[138.03197959018598,-3.0123784046396054],[138.03177767709815,-3.0125580055474757],[138.03157390511171,-3.0127354291966526],[138.0313648217292,-3.0129065557928811],[138.03115265457143,-3.0130737181775089],[138.03093730471289,-3.0132367985393671],[138.03071776041634,-3.0133940656835421],[138.03049678619777,-3.0135493552185153],[138.03027077037984,-3.0136971264212207],[138.03004360432897,-3.013843057610984],[138.02981292822415,-3.0139833635413424],[138.02958013691386,-3.014120027217416],[138.02934520161978,-3.0142530009751454],[138.02910722931529,-3.0143803476748303],[138.02886811037502,-3.0145055386996091],[138.02862549397139,-3.0146237527839048],[138.02838152318884,-3.0147390395749767],[138.0281353778455,-3.0148496337035908],[138.0278866766289,-3.0149542176629893],[138.02763657876517,-3.0150553958897603],[138.02738352572919,-3.0151489127920286],[138.02712842403764,-3.0152364671891405],[138.02687170896229,-3.0153192389916512],[138.0266119182055,-3.0153917162546691],[138.02635049428,-3.0154577166002809],[138.02608761974795,-3.0155178623593883],[138.02582234762326,-3.0155662845563143],[138.02555600980213,-3.0156078925901397],[138.02528873758524,-3.0156434535824701],[138.02502011818399,-3.0156666408028059],[138.02475112916136,-3.0156839212759223],[138.02448173364519,-3.0156947005499433],[138.02421215017068,-3.0156946187116205],[138.02394263504459,-3.0156899278478591],[138.02367334295047,-3.0156767941487033],[138.02340456706713,-3.0156562545324732],[138.02313608166492,-3.0156315447599127],[138.02286882383726,-3.015595906425915],[138.02260204984475,-3.0155570170426813],[138.02233657357408,-3.0155097423806865],[138.02207221066408,-3.0154568442579262],[138.02180891524927,-3.0153985376123842],[138.02154755697427,-3.0153321820345127],[138.02128688578125,-3.015262978303781],[138.02102902676825,-3.0151838820304988],[138.02077168666403,-3.0151031103202399],[138.02051706610973,-3.0150140036932953],[138.02026319828803,-3.0149228277262523],[138.02001152481205,-3.0148256254022385],[138.01976090893891,-3.0147257655815451],[138.01951200987139,-3.0146215908137037],[138.01926436715689,-3.0145144878532619],[138.01901802306338,-3.014404347882305],[138.01877303874483,-3.0142912167661962],[138.01852899421772,-3.0141760208066444],[138.01828634094193,-3.0140579119430413],[138.0180443153929,-3.0139384882705826],[138.01780364782019,-3.0138163315584166],[138.01756334087554,-3.0136934508919921],[138.01732440179978,-3.0135679073330266],[138.01708566687012,-3.0134419689716196],[138.01684865863876,-3.0133127768631311],[138.01661207218945,-3.013182816733547],[138.01637729697472,-3.0130495668839785],[138.01614359195332,-3.0129144545384179],[138.01591160463693,-3.0127763582423199],[138.01568180177378,-3.0126346547654634],[138.01545330022964,-3.0124908064055376],[138.01522886182261,-3.0123406448048513],[138.015006371347,-3.0121876305546493],[138.01478781630476,-3.0120289271931711],[138.0145744944175,-3.0118632666763574],[138.01436540384043,-3.0116922749784862],[138.01416314901019,-3.0115130535845083],[138.0139703622425,-3.0113236671534764],[138.01378594996163,-3.0111261445558739],[138.01361123417121,-3.0109198805479878],[138.01344744964013,-3.0107046089304959],[138.01329849043304,-3.010478694735923],[138.01316220267358,-3.010244944748365],[138.01303795233969,-3.0100045523681729],[138.01292505324864,-3.009758537426535],[138.01282249186454,-3.009507908962803],[138.0127312637369,-3.0092528558345748],[138.01264909178224,-3.0089947540046182],[138.01257372409816,-3.0087345702442008],[138.01250446011284,-3.0084726373023045],[138.0124434303201,-3.0082086323224644],[138.01238769483632,-3.0079434744117748],[138.01233623293092,-3.0076774333668368],[138.01229037020448,-3.0074103428130456],[138.01224939619271,-3.0071424635538051],[138.01221161387491,-3.006874111251193],[138.01217809074637,-3.0066051725905822],[138.01214856240631,-3.0063357707791738],[138.01212113218457,-3.0060661405399287],[138.01209617240045,-3.0057962629870758],[138.01207246357342,-3.0055262730190293],[138.01204901914696,-3.0052562578699735],[138.01202538496364,-3.0049862598079926],[138.01200009692695,-3.0047164137314439],[138.01197324137206,-3.0044467268349422],[138.01194352057712,-3.00417733761401],[138.01190928788344,-3.0039085005768129],[138.01187165485305,-3.0036401356836677],[138.01182846131451,-3.0033725945695551],[138.01177789243582,-3.0031063952438899],[138.01152425843782,-3.0021761509086105],[138.01110479215254,-3.0011629576043788],[138.01046123369906,-3.0000000298774125],[138.00984006746523,-2.9990546247710768],[138.0085307813705,-2.9977322166683962],[138.00726649914964,-2.9963850610217264],[138.00621730238663,-2.995353466689096],[138.00504070676322,-2.9942954619659758],[138.00405531600006,-2.9935727316961902],[138.00351463279412,-2.9932346288749727],[138.00260312223634,-2.9927990026718021],[138.00186866390777,-2.9925167288639045],[138.00098202410118,-2.992259514664795],[138.00000002827869,-2.9920019596227121],[137.99999998960789,-2.9920019524280974],[137.99915068785401,-2.9919778254162566],[137.99822376921168,-2.9922302723092002],[137.9977273614287,-2.9925488175738337],[137.99744131046816,-2.9928571726203472],[137.9971271188216,-2.9933674479493106],[137.99691827825598,-2.9939351027227872],[137.99673801994368,-2.9944642323384301],[137.99661440363184,-2.9950503978575398],[137.9965623490732,-2.9955697275608486],[137.99658211976907,-2.9962857965522289],[137.99681639586004,-2.9972340138386357],[137.99715868232738,-2.9985757996333859],[137.99771338146741,-3.0000000145889771],[137.99821463479759,-3.0005009459618464],[137.99952221038177,-3.0013728171017533],[137.99953555362299,-3.0013817149941246],[138.00000001119167,-3.0017235769814192],[138.00008075682149,-3.0017971460214312],[138.00027367758821,-3.0019864712985509],[138.00046625031723,-3.0021761599018078],[138.00065882124761,-3.0023658458071054],[138.00085139217811,-3.002555532611666],[138.00104396400775,-3.0027452194162834],[138.00123636586568,-3.0029350806893831],[138.00142795743432,-3.003125767540098],[138.00161954900307,-3.0033164561894523],[138.00181113967244,-3.0035071439394869],[138.00200273214045,-3.0036978316895215],[138.0021925934135,-3.0038902614263634],[138.00238233597611,-3.0040828062764149],[138.00257207943798,-3.0042753547238021],[138.00276100541612,-3.0044687026684187],[138.00294769657899,-3.0046642395629419],[138.00313439043987,-3.0048597782561046],[138.00332072726985,-3.0050556523963792],[138.00350280131329,-3.0052555438082322],[138.00368487445746,-3.0054554352200853],[138.00386518672906,-3.005656897747599],[138.00404078025781,-3.0058625664042893],[138.00421637198804,-3.006068234161603],[138.00438562079978,-3.0062791602550192],[138.00455285333157,-3.0064917545907406],[138.00471580419105,-3.006707599975698],[138.00487341037967,-3.0069275022024158],[138.0050285722109,-3.0071490942552259],[138.00517636679592,-3.0073757773701573],[138.00532267390236,-3.0076033966793716],[138.00546076929913,-3.0078361807950387],[138.00559739160644,-3.0080698075755095],[138.00572601624276,-3.0083080128044912],[138.00585232422543,-3.0085474249236768],[138.00597182793763,-3.0087903821703321],[138.00608745107502,-3.0090351848258479],[138.00619830960431,-3.0092822501756586],[138.00630321372239,-3.009531901975663],[138.00640507633329,-3.009782836208899],[138.00650060771693,-3.010036290342498],[138.00659209395008,-3.0102912265588202],[138.00667982461425,-3.0105475018656875],[138.00676284462963,-3.0108053716705285],[138.00684091657513,-3.0110647928058825],[138.00691530759548,-3.0113253003223122],[138.00698633874856,-3.0115867584221405],[138.00705482122305,-3.0118489063019638],[138.00712219483353,-3.0121113473607579],[138.00719067011335,-3.0123734979385404],[138.00726313838322,-3.0126345540413695],[138.00734244329919,-3.0128935866696338],[138.00743097705799,-3.0131495732941289],[138.00752805887294,-3.0134024032982438],[138.0076329539977,-3.0136520658900849],[138.00774430805347,-3.0138988938188618],[138.00786056701168,-3.0141434293757356],[138.00798023440041,-3.0143863029854288],[138.00810197292776,-3.01462813518026],[138.00822491025144,-3.014869356735403],[138.00834853105994,-3.0151102248569259],[138.00847238659139,-3.0153509706707382],[138.00859594444739,-3.0155918729665245],[138.00871907782323,-3.0158329919989342],[138.00884137662831,-3.0160745418066313],[138.00896223921598,-3.0163168209644482],[138.00908183106174,-3.0165597323457405],[138.00919983470465,-3.0168034315331056],[138.00931468982117,-3.0170486442794413],[138.00942712126471,-3.0172949829770346],[138.0095367863936,-3.0175425798261699],[138.00964250080085,-3.0177919132661373],[138.00974313493782,-3.0180433574149674],[138.00983886057497,-3.0182967117237922],[138.00992869025697,-3.0185522298015144],[138.01001131367127,-3.0188101949344741],[138.01008498343526,-3.0190708976037968],[138.01014734962052,-3.0193345797270013],[138.01019562073134,-3.0196012350089632],[138.01022804039178,-3.0198702815881688],[138.0102434646642,-3.0201408192433519],[138.01024120826526,-3.0204117606941736],[138.01022114528973,-3.0206819458151131],[138.01018377216337,-3.0209502819299132],[138.01012919590573,-3.0212156385907747],[138.01005738144306,-3.0214768116055097],[138.00996907881006,-3.0217328054245627],[138.00986204599667,-3.0219814535811906],[138.00973585492579,-3.0222208648009996],[138.00959384028351,-3.0224511389088775],[138.00943772607025,-3.0226720348864546],[138.00926939546628,-3.0228837164103197],[138.00909142323064,-3.0230872905459591],[138.00890655319495,-3.0232845559374368],[138.00871613793947,-3.0234764200007476],[138.00852117661111,-3.023663619280569],[138.00832243093555,-3.0238467536247526],[138.00812048367345,-3.0240263176604003],[138.007915776392,-3.024202695398003],[138.0077083990235,-3.0243758922335928],[138.00749754487583,-3.0245447948063884],[138.00728223728549,-3.0247079228323059],[138.00706153286353,-3.0248635918812283],[138.00683494058012,-3.0250104475740613],[138.00660209980708,-3.0251470455996241],[138.00636293320292,-3.025272067551839],[138.0061176476114,-3.0253844135597774],[138.0058667817267,-3.0254834487021753],[138.00561119619977,-3.0255693897155425],[138.00535180024542,-3.0256429002995446],[138.00508940145482,-3.0257048123272057],[138.00482467791664,-3.0257560116305626],[138.0045579291052,-3.0257953713592656],[138.00428991224976,-3.0258243753945635],[138.00402116424539,-3.0258451884046735],[138.00375192161391,-3.0258586638462361],[138.00348235162926,-3.0258630840140768],[138.00321280502703,-3.0258596450065625],[138.00294337623586,-3.0258509278779684],[138.00267425141567,-3.0258347508730026],[138.00240555197468,-3.0258129638971241],[138.00213709804871,-3.0257879366639031],[138.00186919810506,-3.0257576465980378],[138.00160146723397,-3.0257257395512056],[138.00133409789032,-3.0256909915459573],[138.00106699834339,-3.0256541328319031],[138.00079989699771,-3.0256172732185291],[138.00053326599755,-3.0255771328783112],[138.00026664758775,-3.0255368963106548],[138.00000003097671,-3.0254966588436787],[137.99932511586144,-3.0255621636628689],[137.99920539541279,-3.0257944126819325],[137.99919168344945,-3.0258291552912624],[137.99916555274808,-3.0258953570850053],[137.9990256614052,-3.026087329066911],[137.99878538683618,-3.026249330242365],[137.99869007938366,-3.0262591787180781],[137.99847854444931,-3.0263608866455343],[137.99830477744354,-3.0264206573874048],[137.99827435967404,-3.0264322505478845],[137.99805973736704,-3.0264839921424596],[137.9979035862815,-3.026554282254267],[137.99778339278942,-3.0266151159947867],[137.99765076886797,-3.0266587016377002],[137.99739261397804,-3.0267573689573624],[137.99719218117434,-3.0268184257297435],[137.99705181768729,-3.0268389833323681],[137.99692983724231,-3.0269032021210478],[137.99667101235741,-3.0269610411190797],[137.9964857376267,-3.0269969105789301],[137.99616984806005,-3.02708343435296],[137.99332484276738,-3.026691543080176],[137.99243145894479,-3.0266096490160521],[137.98904181342903,-3.0262989323497891],[137.98650768668051,-3.0266201593927917],[137.98490155146544,-3.0270841538106197],[137.98297418830816,-3.0280478349395707],[137.9812252839198,-3.0290829006552826],[137.97972622378632,-3.0305462693947902],[137.97925458333236,-3.0307884631170054],[137.9784056233209,-3.0312244157741475],[137.97830280383141,-3.031240867072313],[137.97751332498001,-3.0313671840482357],[137.9761021007314,-3.0316766002948157],[137.97590149795587,-3.03167715517651],[137.97563059967251,-3.0316476529167744],[137.97539407977308,-3.0316681259831739],[137.97538993120043,-3.0316684848126556],[137.97517809319447,-3.0316575769355723],[137.97476800414017,-3.0316500361201975],[137.97472711466469,-3.0316509660192423],[137.97445640703756,-3.0316554257572648],[137.97424646120533,-3.0316615609322639],[137.97393777880552,-3.031723713978181],[137.97357756345389,-3.0317528628043533],[137.97339033809374,-3.0317740688181516],[137.97319886883281,-3.0317964025818469],[137.97261192360145,-3.0318072448084763],[137.97235434877427,-3.0318524348419373],[137.97231920326863,-3.031858600593921],[137.97174164516082,-3.0318990682873164],[137.97130843633533,-3.0319721813710316],[137.9707433563209,-3.0321326527996462],[137.97064688244768,-3.0321353435712126],[137.97034711322874,-3.032234527101707],[137.97004606517385,-3.0322755802537813],[137.96966446933982,-3.0323397261973355],[137.96907955567701,-3.0325017030910999],[137.96904308906733,-3.0325229450778011],[137.968782925092,-3.0325443156675647],[137.96834113493549,-3.0326519896975128],[137.96814101689449,-3.032707541719617],[137.96741934332806,-3.0329509342381584],[137.96725506237135,-3.0329690879530062],[137.96711851740577,-3.0329820148081126],[137.96685266431905,-3.0329922113214707],[137.96659030689716,-3.033039783659035],[137.96633036325568,-3.0330668730377397],[137.96618332410117,-3.0330853514078058],[137.96563170513912,-3.0330985777371211],[137.9650768468191,-3.0330876635647996],[137.96469029841865,-3.0331106943030477],[137.96443067583505,-3.0330902581088708],[137.96421000918463,-3.0330908660505997],[137.96374831343394,-3.0329812180087288],[137.96345250482932,-3.0329276957564844],[137.96338584707928,-3.0329238592486831],[137.96317241817258,-3.0329115754088321],[137.96282800660731,-3.0327843672047265],[137.96277315605641,-3.0327670930268482],[137.96238111639548,-3.0326436269018018],[137.96230809774056,-3.0326258958683638],[137.962292929775,-3.0326222131445775],[137.96183087609415,-3.0323814772233391],[137.96162573983611,-3.0322909361777306],[137.96128292906394,-3.0321138308885338],[137.96121412193429,-3.0320483431564753],[137.96083598129553,-3.0316884407689031],[137.96043596824541,-3.0312658871109761],[137.96027869840327,-3.0311261216731396],[137.96015194435677,-3.0309642967648642],[137.9598602150769,-3.0306525054087388],[137.95938664917458,-3.0298497183897553],[137.95925862528543,-3.0296144746282607],[137.95885260746195,-3.0289712965879971],[137.95827246470253,-3.0279712837477177],[137.95812661804905,-3.0275716574060425],[137.95802535438668,-3.0272353532289458],[137.95787308207719,-3.0268688093480023],[137.95779606773442,-3.026675359779972],[137.95721021517932,-3.0253230006559306],[137.95715711111188,-3.0251840913726937],[137.95702259681548,-3.0247415961476918],[137.95699344798925,-3.0246496728440775],[137.9569649538696,-3.0245598152832258],[137.95688364616342,-3.0241667728782318],[137.95691030926344,-3.0236888596530775],[137.95691234173125,-3.0236524263183924],[137.95688812208925,-3.0233467638420279],[137.95690089066363,-3.0231281035790971],[137.95694222260556,-3.0228482687325595],[137.95696630645,-3.0226852153503501],[137.95696487203134,-3.0224965357864448],[137.95701452270214,-3.0221672202409877],[137.9570982181084,-3.0219175189782845],[137.95719525765503,-3.0217235370115532],[137.95749727068255,-3.0211198140281681],[137.95755992375155,-3.0209980521183866],[137.95770045990832,-3.0207249298115926],[137.95778625343291,-3.0204668037000033],[137.95792753782564,-3.020334974779189],[137.95796535341844,-3.0202996907780744],[137.9583610982861,-3.0198845951978797],[137.95853880162451,-3.019737527265022],[137.95875568122972,-3.0195713442420811],[137.9590199551069,-3.0193441566074739],[137.9591788239436,-3.0192206239325969],[137.96011581499295,-3.0184941147115865],[137.96029827844291,-3.0183592991422756],[137.9607991594537,-3.0181260033123749],[137.96140957968839,-3.0175999808544134],[137.96182802434396,-3.017305162403261],[137.96191491683999,-3.0172500672367732],[137.96233400271217,-3.0169571877239605],[137.96235902365004,-3.0169363549288164],[137.96266260059861,-3.0166835815819582],[137.9628115292287,-3.0165595767630293],[137.96297800543061,-3.0164219741947136],[137.96301115713925,-3.0163956402465715],[137.96304455616144,-3.0163739252164419],[137.96318444840358,-3.0162310238426358],[137.96332209413936,-3.0161415323058236],[137.96381702613496,-3.0158794887473732],[137.96422340098923,-3.0156643322430909],[137.96544168468608,-3.0151503687944228],[137.96693360690051,-3.0140510582097022],[137.9678259052414,-3.0128375319264933],[137.96832559105326,-3.0114098563797143],[137.96836128334667,-3.0097680279720862],[137.96814713228434,-3.0081618918577533],[137.96775452065469,-3.0070197501613052],[137.96721914165016,-3.0060203767389453],[137.96625545962183,-3.0049139273358492],[137.9650910543088,-3.0043423092501484],[137.96504451799012,-3.0042493733099036],[137.9648332339666,-3.0040079422126951],[137.96437032772849,-3.0034445205481575],[137.96407891321132,-3.0032436425800029],[137.96396778308679,-3.0031234706715964],[137.96356583109832,-3.0026702744135605],[137.96321309181076,-3.0025371909385399],[137.96319433914755,-3.0025301159720357],[137.96295843438429,-3.0022650686779571],[137.96260030366113,-3.0020056817168097],[137.9622549882771,-3.0017368743572206],[137.96196684819154,-3.0016267379835426],[137.96180758545177,-3.0015658628742017],[137.96168228740771,-3.0015364487480838],[137.96131657629905,-3.0013831718958386],[137.96112086403673,-3.0012480658455161],[137.95979894066863,-3.0012116567924636],[137.95829073083257,-3.0011701180064847],[137.95816249920006,-3.0011583728605729],[137.95669002662351,-3.0010235087278829],[137.95547650213894,-3.0010235087278829],[137.95383467373131,-3.0012019683960602],[137.95112208821388,-3.0018801147754175],[137.94976579635443,-3.0021299581310359],[137.94933163874418,-3.0022983040234408],[137.94801689196606,-3.0028081036110734],[137.94666059920735,-3.0037717856393442],[137.9461488948557,-3.0043592983428766],[137.94569691717902,-3.0048782350424403],[137.94509015538642,-3.0062702200945068],[137.94437631581434,-3.0078763562088398],[137.94362112811268,-3.0095299774264959],[137.94324801198627,-3.0099029001986537],[137.94282033039394,-3.010270612298882],[137.942573465593,-3.010461611214339],[137.94227442122758,-3.0107612887024402],[137.94177778231881,-3.0111058585484898],[137.94157533143641,-3.01131657689848],[137.94138108596837,-3.0114422994225265],[137.94126451944203,-3.0115648824133245],[137.9412298595704,-3.0116013292379193],[137.94105379299822,-3.0117954532975091],[137.94096289582103,-3.011929833594877],[137.94095368046806,-3.0119414861106293],[137.9403563957311,-3.0126913435306051],[137.94020978735182,-3.0129323042823444],[137.94003473791292,-3.0132036468307888],[137.93995624508466,-3.0133091013339026],[137.93990083785343,-3.0133835400183102],[137.93982349705686,-3.0135849845593157],[137.9397236273436,-3.0137465981269429],[137.93952738987718,-3.0139260623378732],[137.93947251144732,-3.0140051424233434],[137.93923419740031,-3.0143485485466499],[137.93907994838094,-3.0146388191261622],[137.93902412926025,-3.0147266316287187],[137.93900904493159,-3.0147918711479065],[137.93893229588878,-3.0149421136875389],[137.93886437369201,-3.0149993303547831],[137.93883498834407,-3.015261589750537],[137.93882860135898,-3.0152898842207492],[137.93830631108744,-3.0176035925317137],[137.93759247331411,-3.0197926970752746],[137.9367834557919,-3.0218866227693866],[137.93578408326891,-3.0230763529912679],[137.93449917419764,-3.0242184937883962],[137.9334997998759,-3.024789565086337],[137.9321197128545,-3.0252178681100759],[137.93090623243677,-3.0254979017067285],[137.93026373338466,-3.0256461711338716],[137.9281222182658,-3.025884117358089],[137.9273132007437,-3.0257889394079598],[137.92617105994657,-3.0255509931837423],[137.92458307305048,-3.0250029778051157],[137.92439795570112,-3.0249836999377635],[137.92422647477201,-3.0249717119748993],[137.92394559131606,-3.0249623887032158],[137.92379423901298,-3.0249175997673774],[137.92370129587812,-3.0248900949019344],[137.92352459258598,-3.0248502333515148],[137.92344685788623,-3.0248426268856861],[137.92332313905172,-3.0248305211115962],[137.92312791691984,-3.0247703528694387],[137.92264309240488,-3.0246410519429219],[137.92232678825076,-3.0245166343351571],[137.92203576673728,-3.0244241318681588],[137.9218442336246,-3.0243515925519091],[137.92134550469132,-3.0241627097412334],[137.92091953181102,-3.023998430583049],[137.92025064305278,-3.023784752564211],[137.91971887212833,-3.0235418996389285],[137.91965550859493,-3.0235245364281695],[137.91927689761076,-3.0234207843416812],[137.91870338645219,-3.0231401931653181],[137.9182146525842,-3.0229442551731722],[137.91759990301318,-3.0226098107941084],[137.91740909295538,-3.0225043481970602],[137.91665567691803,-3.0221081581649401],[137.91650758735534,-3.0220137005717902],[137.91604109192292,-3.0217601843849593],[137.91582411878812,-3.0215834972805169],[137.91560808544489,-3.0214406516647045],[137.91532904829705,-3.0211436676460721],[137.91528550132489,-3.0211049698184524],[137.91507462559355,-3.0209175789830169],[137.91431798368808,-3.0204052388106675],[137.9138168409745,-3.0200301153974465],[137.91300637104723,-3.0193887000284576],[137.91258643711444,-3.0190826598368403],[137.91218150117538,-3.0188039977062999],[137.91120545616695,-3.0181684342257995],[137.91087172674884,-3.0179538550863185],[137.91048623145446,-3.017709887900935],[137.90961102293045,-3.0171859329843755],[137.90934710518479,-3.016998659060846],[137.90865538443848,-3.0165544443320869],[137.90822972542151,-3.016375124912031],[137.90786946690241,-3.0161895938746284],[137.90683856774581,-3.0156908460556338],[137.90682424694148,-3.0156846317403279],[137.90593462408367,-3.0153040458449709],[137.90539704893467,-3.0151461968394528],[137.90538264809084,-3.0151401246170053],[137.90463570807151,-3.014752408896527],[137.90438187892062,-3.0146401663105848],[137.90427328308556,-3.0145959799205002],[137.90401828391668,-3.0144917116231227],[137.90395649959282,-3.0144683112634993],[137.90383594367393,-3.0143980445340617],[137.90325589264535,-3.0142619249478457],[137.90268812905401,-3.0141557258060629],[137.90254123828754,-3.0141191593716599],[137.90204474506902,-3.0140793346935197],[137.90188908321466,-3.0140604021657964],[137.90176581404114,-3.0140573831416759],[137.90157196607345,-3.0140527930019516],[137.90043762329776,-3.0140259338497231],[137.90021232963534,-3.0140205999706495],[137.90017612922509,-3.0140309430735215],[137.89954608128664,-3.0142109567701709],[137.89842297643929,-3.0147439570679353],[137.89783286919157,-3.0151817767175544],[137.89757364141053,-3.0153860172508757],[137.89720469184317,-3.0156767051158226],[137.8967478353444,-3.0161335616145379],[137.89648133474589,-3.0167236679628786],[137.89623387189579,-3.0175612380606367],[137.89621248331946,-3.0176484633058749],[137.89606228844389,-3.0182609663704625],[137.89609422426906,-3.0189566935964649],[137.89634314761827,-3.0195506427479017],[137.89634983587632,-3.0195805209242508],[137.89637886958917,-3.0197600615775286],[137.89639822210029,-3.0201155698775892],[137.89641860523454,-3.0202365259948465],[137.89647916378249,-3.0203775432889302],[137.89653141978931,-3.0206378025924892],[137.89656042742183,-3.0207605267768258],[137.89662154804603,-3.0211133119297529],[137.89674223436668,-3.0213650825324976],[137.89681314860798,-3.0214959986413987],[137.89684348274056,-3.0215866763839472],[137.89686370489608,-3.0216471279125585],[137.8970091666398,-3.0217828868707102],[137.897055093218,-3.0219491418394],[137.89709948285497,-3.0220781522848483],[137.89725046104002,-3.0223221491478398],[137.89730736204524,-3.022513183136823],[137.89756888579552,-3.0227847559116867],[137.89762050778029,-3.0228300889373827],[137.89764056535989,-3.0228477021596518],[137.89765712817405,-3.0228711591765887],[137.89780802811811,-3.0230848668730346],[137.89788104587365,-3.0232377093527703],[137.8979934440423,-3.02331457980398],[137.89807197913854,-3.0233682918131422],[137.89817330485425,-3.0237512213417403],[137.89844472564369,-3.0239723448477775],[137.89869619317483,-3.0242338596048626],[137.89886728020088,-3.02444516880945],[137.89911522598698,-3.024799245388806],[137.89914921496438,-3.024847780900302],[137.89922967460984,-3.0249282387471794],[137.89937751775835,-3.0250140088893431],[137.89993110173907,-3.0253877680310097],[137.89999583493989,-3.0254452041328364],[137.90019448438795,-3.0256214568647124],[137.90048612823227,-3.0259030310000412],[137.90090889233159,-3.0263227886657091],[137.90109991283077,-3.026617358903934],[137.90115086661922,-3.0267595857861807],[137.90120097234706,-3.0268994447535533],[137.9014125045835,-3.0272316552166671],[137.90146311573028,-3.0274029508854028],[137.90156880225845,-3.027676661348778],[137.90167358227006,-3.0279309572478041],[137.90168551267629,-3.0280477414100915],[137.90183856110082,-3.0281976619924649],[137.90205834641563,-3.0283861832756998],[137.90208108667287,-3.0284803279047878],[137.90209811893305,-3.0285508410484567],[137.9022811048892,-3.0288558335298603],[137.90247850427966,-3.0291600750773569],[137.90249176388386,-3.0291753356731306],[137.9025764161687,-3.0292727610290626],[137.90263069834816,-3.0294196859696854],[137.90277634175482,-3.0297562437555712],[137.90286961673951,-3.0299223242558355],[137.90297476097646,-3.0301849415817514],[137.90308276505766,-3.0304101219295489],[137.90309532229139,-3.0304645372085588],[137.90312419502561,-3.0305896535895727],[137.90333868513233,-3.0310887152719488],[137.90335885242916,-3.0311289923091067],[137.90340927831562,-3.0312297037877443],[137.90347137740218,-3.0314341691515096],[137.90351090530407,-3.0317235547981909],[137.9035300149983,-3.0317687295431597],[137.9036524927684,-3.0321567933013398],[137.90371029759217,-3.0324413783668547],[137.90373384364204,-3.0325700245869029],[137.90381757502109,-3.0332767100520641],[137.90380224697617,-3.0334323871948641],[137.90383602011627,-3.0336624940288175],[137.90382772926637,-3.0339210527143905],[137.90382845591853,-3.0341933242624464],[137.90384963135546,-3.0343258330706817],[137.90387960665862,-3.0345663009939585],[137.90385382309557,-3.0348054397192072],[137.90384118132556,-3.0352017079923712],[137.90381040832369,-3.0354037811595163],[137.90372288540289,-3.0359785100001773],[137.90374356711197,-3.0362103902972422],[137.90374372898998,-3.0362708948858312],[137.90374453658114,-3.0365734187282669],[137.90383557045527,-3.0368555297588387],[137.90384618335474,-3.0371858858199516],[137.90386933640082,-3.0372842482693727],[137.90388707193085,-3.0373595997656935],[137.9039040610237,-3.0375628042799576],[137.90393485740776,-3.0378645439135425],[137.90396872137944,-3.0381675129203245],[137.9039918627343,-3.0383602718090401],[137.90405147699414,-3.0388213623159572],[137.90409187004389,-3.0389220935796857],[137.90416235620785,-3.0390227457031074],[137.90429019663532,-3.0392885061596076],[137.9043439922815,-3.0394256221946421],[137.90443022917179,-3.0395692367308698],[137.90443777987969,-3.039590511093138],[137.90449258726312,-3.0397739035427662],[137.9046892573034,-3.0400977655993415],[137.90487822105308,-3.0403922575965794],[137.90496480058516,-3.0405330536574411],[137.90508419997593,-3.0407272199851718],[137.90524277203633,-3.0409103516313962],[137.90525103410801,-3.0409204995813184],[137.90546891106146,-3.0411881018494],[137.90586581785328,-3.0416548508906089],[137.90590488440296,-3.0417004213373389],[137.90632928706702,-3.0421323935950682],[137.90651035027247,-3.042336343647321],[137.90687125180693,-3.0427600475381382],[137.90703460196539,-3.0429271595606906],[137.90756822639264,-3.0435294220451397],[137.90785671091851,-3.0438771503102089],[137.90788692094475,-3.04391356385986],[137.90802463502894,-3.0440775390471231],[137.90813907375934,-3.0444271720762686],[137.90817179379326,-3.0445303638851442],[137.90819977440015,-3.0446186062636116],[137.90820148131343,-3.0446221702769094],[137.90824533225634,-3.0447686050870288],[137.90825957931622,-3.0449885181055834],[137.90829881224045,-3.0451614631309667],[137.90832179621395,-3.0452334079953403],[137.90830268382183,-3.0452810666678261],[137.90824171338443,-3.0454331096502187],[137.90825298188963,-3.0457412785371503],[137.90828327015686,-3.0458284768027397],[137.90828372701242,-3.0458297538399961],[137.90826391224982,-3.0460907173127225],[137.90823468608198,-3.046413489391],[137.90821508445867,-3.0465849730180707],[137.90817531284051,-3.0467161751113281],[137.90816855623393,-3.0467353567512419],[137.90823671675116,-3.0471697949500367],[137.90826724333863,-3.0473310577820598],[137.90828784680673,-3.0475326848854252],[137.90825881129513,-3.0479260447511365],[137.90812964616634,-3.0495337456857783],[137.90810381314054,-3.0498552829948835],[137.90789561019437,-3.0510747573940762],[137.90727100135564,-3.0523239741719976],[137.9066166501384,-3.0529485830106751],[137.90566486524142,-3.0533649880037501],[137.90432641773009,-3.0533947312817986],[137.90395261002504,-3.0533302813673231],[137.90346386446583,-3.053246014891613],[137.90129410344014,-3.05222648856153],[137.90079388702827,-3.0520553547707436],[137.89955175421017,-3.0516303954263435],[137.89944614412434,-3.0515247970317319],[137.89930005825113,-3.0512882141796922],[137.89928975741645,-3.0511874001783212],[137.89925920384928,-3.0510160505502313],[137.89925978031465,-3.0506553441687743],[137.89917127083754,-3.050452348297199],[137.89915708223361,-3.0503406848746408],[137.89915694733531,-3.0502902643841594],[137.89912650798203,-3.0501767411636251],[137.89911641668937,-3.0501391099319335],[137.89904260573178,-3.0498935986106517],[137.89900502216415,-3.0497461268822121],[137.89901217986824,-3.0496670737763907],[137.89900993426113,-3.0495516862612817],[137.89900956913641,-3.049532963275567],[137.89895866391123,-3.0493205092340645],[137.89887517534908,-3.0491891569539575],[137.8988349423787,-3.0491258581717489],[137.89868148925939,-3.0487990859090246],[137.89865361387319,-3.0486269232938525],[137.89864068881684,-3.0485470895764593],[137.89848984463072,-3.0484063195959266],[137.89852799836854,-3.0476700671198387],[137.89852756579455,-3.0475087206509102],[137.8984470548877,-3.0474078985556048],[137.89839410460434,-3.0470356457784078],[137.89839451739317,-3.04652082617514],[137.89837351012943,-3.0461679349022006],[137.89842197279586,-3.0454038672945671],[137.8984407821165,-3.0452918738208723],[137.89850178403015,-3.0449286466396757],[137.89850187486172,-3.04442806780105],[137.89850358986882,-3.043887298260131],[137.89848689485439,-3.0435558117512755],[137.89842140262567,-3.0433318445889199],[137.89837486990439,-3.0431727095528345],[137.89836624000998,-3.0428175411965412],[137.89836433884318,-3.0427393208628928],[137.89837377722813,-3.0425174419263499],[137.89838278393836,-3.0421342174201413],[137.89825111509697,-3.0416606137462736],[137.89824442593954,-3.0416281122475084],[137.89822222887278,-3.0415199912545177],[137.89813172380013,-3.0410791345943267],[137.89803640645505,-3.0409018179644818],[137.89789731011285,-3.0406430614281135],[137.89780600734139,-3.0402601058191863],[137.89774230296496,-3.0400261570814564],[137.89769531428738,-3.0398535915699654],[137.89757101988675,-3.0396441412640343],[137.89741245681944,-3.0393838396923911],[137.89720071863837,-3.0390151068616547],[137.89713040604352,-3.0389408939070677],[137.89701032676521,-3.0388363216388825],[137.89697040496026,-3.0388015556472396],[137.896923475638,-3.0387606868561647],[137.89669799941316,-3.0385386901083962],[137.89660902768458,-3.0384699576223966],[137.89647685971931,-3.0383678539932362],[137.8962036330912,-3.0382410531819914],[137.89616674110232,-3.0382105832517823],[137.89608308526624,-3.0381414865403258],[137.89585857311477,-3.0380242985824566],[137.89556277889915,-3.0378963583302152],[137.89499388126262,-3.0376693199830811],[137.89457896374824,-3.03760656529073],[137.89436473804233,-3.0375891993820119],[137.89400170871193,-3.0374989587099321],[137.89399687215803,-3.0374972059312881],[137.89367185896913,-3.0374218013749896],[137.89317398259334,-3.0373683258874848],[137.8929591966097,-3.0373632977779152],[137.89260210910015,-3.0373295282350909],[137.89204537659293,-3.0373332082609181],[137.89187524914348,-3.0373407310898415],[137.89176956441395,-3.0373418525443867],[137.89155883257411,-3.0373121668229714],[137.89103259607748,-3.0373662061854247],[137.89068645781379,-3.0374355259287427],[137.8903153112027,-3.0374365241762007],[137.88973584833082,-3.0375559505466185],[137.88950322789174,-3.0376000568970767],[137.88884285661265,-3.0377438432037707],[137.88852083187101,-3.0378447219563327],[137.88818214179253,-3.0378961290031157],[137.88759409309296,-3.0380334959490369],[137.88753037432741,-3.0380454803146222],[137.88734781824724,-3.038079813732395],[137.88687958622404,-3.038205618994084],[137.8864081283325,-3.0384212035756377],[137.88614516476764,-3.038486418813136],[137.88598491007565,-3.0385776082699749],[137.8858449036195,-3.0387393342528526],[137.8855939891713,-3.0389781537187446],[137.8853339322153,-3.0392612135341324],[137.88490722638744,-3.0397271720713093],[137.88476187076378,-3.0400106446754762],[137.88473411139023,-3.0400718156616904],[137.88471503946755,-3.0401138409809505],[137.8843243766687,-3.0406137597171892],[137.88418534777566,-3.0408514217556899],[137.8840229778782,-3.0409882419137944],[137.88401295133667,-3.0409966919437466],[137.88390211529043,-3.0411700713416963],[137.8837853113431,-3.0413062925513259],[137.88368693900111,-3.0414554963739988],[137.88362545684947,-3.0415487479762646],[137.8835919013452,-3.041613259943972],[137.88342134581853,-3.0418002676681795],[137.8833455779361,-3.041922621331878],[137.88330259034228,-3.0420178271609757],[137.88304235711917,-3.0423367798184699],[137.88282562230472,-3.0425492491484647],[137.882631562097,-3.0428468527999826],[137.88242415864806,-3.0432578150960694],[137.8822526462427,-3.0434804611543314],[137.88217666432172,-3.0435790969976892],[137.88208248102171,-3.0437765152739189],[137.8820067697967,-3.0439430930992444],[137.88189728543148,-3.0442660882093833],[137.88173921429336,-3.0447351386156924],[137.88143853496047,-3.0452757588691384],[137.88136887977009,-3.0454877182835389],[137.88132646684301,-3.0456094729987058],[137.88122949024887,-3.0458813839186973],[137.88115585465903,-3.0461054554024258],[137.88107978640312,-3.046451685396903],[137.88101121939235,-3.0467895660855788],[137.88101164836894,-3.0469509152524665],[137.8810119703262,-3.0470719271276607],[137.88099909023595,-3.0472653056492618],[137.88094531797208,-3.0477281759145285],[137.88091367082927,-3.0478285195704871],[137.88088575317499,-3.0480457795890175],[137.88080080591249,-3.0484639508505893],[137.88076521614187,-3.0485852478108768],[137.88076660379579,-3.0486215741262868],[137.88069572732604,-3.0489816311972504],[137.88066607937617,-3.049132243358315],[137.88055649428679,-3.0493118856349497],[137.88046752885339,-3.0498062600507865],[137.88036597560938,-3.0502051147742009],[137.8803295359794,-3.0507243113778486],[137.88038004190548,-3.0508552733521128],[137.88046074796523,-3.0510264898805417],[137.88054196483984,-3.0513893087695578],[137.88063259491844,-3.0515201619259074],[137.88071324791815,-3.0516712111574407],[137.88083405294924,-3.0518322356691101],[137.88089615473382,-3.0519203449479164],[137.88114620403417,-3.0522751077099883],[137.8811867589618,-3.0524363489582811],[137.88121441940996,-3.0526629349464542],[137.88128814583138,-3.0528394511796932],[137.88142968563159,-3.0532525286811847],[137.88153455197801,-3.0534995355750425],[137.88162725679251,-3.0537549277476614],[137.88165487587185,-3.0538656612712316],[137.88166797899407,-3.0539181960678548],[137.8817430481032,-3.0541491941299341],[137.88180630371801,-3.0542912447451158],[137.88186646386623,-3.0544562667432729],[137.88195630793734,-3.0546982698092506],[137.88205614257697,-3.0549450158997047],[137.88216575374656,-3.0553054659744134],[137.88231881206355,-3.0556401288887969],[137.88242298233479,-3.0558434197379825],[137.88248316586544,-3.0559608711972146],[137.88253054484881,-3.0560429325352629],[137.88258339800552,-3.0561616196629871],[137.88265164845484,-3.0563148839246992],[137.88275984858819,-3.0566478075502346],[137.88291691788152,-3.056948011141742],[137.88301519669403,-3.0572214958752966],[137.88311583262964,-3.0574554886798069],[137.88318710300246,-3.0577353343181812],[137.88342944331418,-3.0583296566882723],[137.88342998200812,-3.0585313431469103],[137.88345322138912,-3.0587297389862442],[137.883478566083,-3.0591706936725132],[137.88347277714706,-3.0595295789268562],[137.88349216023505,-3.0596370272269837],[137.88350301415289,-3.0599773603668154],[137.8835040843461,-3.0599832913957243],[137.883485954913,-3.0601802600109522],[137.88348458794349,-3.0601951150125046],[137.88342545212299,-3.0605885648103595],[137.88349913897412,-3.0608887684018669],[137.88352687136808,-3.0610017502305595],[137.88351586996146,-3.0612158779103993],[137.88354079467194,-3.0615105542686365],[137.88353838718683,-3.0615563585390646],[137.88350896766474,-3.0618085473265637],[137.88350231268168,-3.0619960047117729],[137.88349947621987,-3.0620759238647679],[137.88352809264745,-3.0625115131957159],[137.88357193639581,-3.0628470655395859],[137.88358234514919,-3.0629882186313466],[137.88358553414514,-3.0630826591373648],[137.8836038119664,-3.06351254766588],[137.88360451433698,-3.0637747396124837],[137.88363234565634,-3.0640208507816169],[137.88369190595677,-3.0645531559033543],[137.88371750515876,-3.0647627006380844],[137.88375798184541,-3.0648936877934148],[137.8837875812319,-3.0649663710011623],[137.88393522832814,-3.0653466493283759],[137.88395998576482,-3.0654074425993372],[137.88403055736444,-3.0655383488157213],[137.88414201034561,-3.0659515063568961],[137.88419391381808,-3.066108064835305],[137.88424179372385,-3.0662753171521331],[137.88431120339942,-3.0665166682096014],[137.88442243694601,-3.0669379960916103],[137.8844863553611,-3.0671847925440829],[137.8845066710461,-3.0672575539928744],[137.8845592517082,-3.0674664530143332],[137.88457768331352,-3.0675638217129517],[137.88473479757295,-3.0681816271803086],[137.88478063691696,-3.0684305262477665],[137.88489247480788,-3.0687214488357313],[137.88500434687319,-3.0689470896364242],[137.88519260735302,-3.0694389315614217],[137.88533314081189,-3.0697422656929803],[137.88535607802066,-3.0697903515434177],[137.88545444676538,-3.0699862355762662],[137.88563533010642,-3.0702595179623131],[137.88565795704915,-3.0703006358655784],[137.88569459632868,-3.0703672180725903],[137.88593592939969,-3.0708399673905546],[137.88608743728548,-3.071197954222157],[137.8861331777041,-3.0715328329737872],[137.88625725177087,-3.0718491551143643],[137.88635563040805,-3.0721877111938625],[137.88637220491341,-3.0724137575887767],[137.88641709187539,-3.0726615082219837],[137.88641722767295,-3.0727119287124651],[137.88643300358035,-3.0728405839257675],[137.88651408825467,-3.0735868260711072],[137.88652954400334,-3.0736975506014232],[137.88657835200945,-3.0740617832246926],[137.88658713209054,-3.0741497018472046],[137.8865917752903,-3.0742039363625508],[137.88665275022436,-3.0744962160275122],[137.88665931887249,-3.074601521243153],[137.88668420131489,-3.0750003471882223],[137.88666484340786,-3.0752625921948038],[137.88666506014442,-3.0753432658789848],[137.88665423680368,-3.0754096520337839],[137.88664532272355,-3.0754643317134764],[137.88666387393869,-3.0754994277563128],[137.88672213741677,-3.0756096549615677],[137.88673774964752,-3.0762607425392048],[137.88674971512728,-3.0763562055743705],[137.88679636296183,-3.0767284016943108],[137.88682011945298,-3.0770470971457939],[137.88681572446615,-3.0770638470189056],[137.88674068323598,-3.0773498431207145],[137.88674079115469,-3.0773901804124648],[137.8867350067153,-3.0775002232566635],[137.88673124934769,-3.0775717238558968],[137.88673705357223,-3.0778533834268842],[137.88675294099551,-3.0781767247759717],[137.88661358834645,-3.078580477207197],[137.8864328102261,-3.0788976887772606],[137.8863838700197,-3.0789542228590676],[137.88633746680068,-3.0790219948690947],[137.88629393961367,-3.079085564347281],[137.88604855329811,-3.0794782749024421],[137.88571782491772,-3.079881017394996],[137.8856335467508,-3.0799836462282428],[137.88554791330557,-3.0801297770674978],[137.88551445043163,-3.0801868786214754],[137.88549614922795,-3.0802106656896058],[137.88545884894677,-3.080260169770952],[137.8854095777898,-3.0803255603762523],[137.88539979496466,-3.080340589846287],[137.88514475262832,-3.0807324397502498],[137.88505786193082,-3.0808290494210269],[137.8848448116388,-3.0810608721614585],[137.88465077301487,-3.0812683817304105],[137.88459462564151,-3.0813289150972878],[137.8842982711484,-3.0815818728051454],[137.88414424246287,-3.0817133473930198],[137.88407794624027,-3.0817612228021289],[137.88383093035327,-3.0819540437440764],[137.88372023370187,-3.0820312676288495],[137.88357277995988,-3.0821244832582693],[137.88330339883282,-3.0823553716030574],[137.883053256003,-3.0826239091660455],[137.88295542505284,-3.0827139861614796],[137.8828848390641,-3.0827972256114435],[137.88260292588438,-3.083028509657936],[137.8815371312337,-3.0832510181199382],[137.88076044883576,-3.0832121835953217],[137.88034740011244,-3.083191531563898],[137.87829511482778,-3.0829833286176722],[137.87725410099608,-3.0826858958373577],[137.87564796488175,-3.0819720580639682],[137.87462476302244,-3.0813750745999755],[137.87396473438503,-3.080989984000496],[137.87374923433981,-3.0808642515838756],[137.87365832816943,-3.0806325556478669],[137.87363785870025,-3.0804813445383843],[137.87363742612638,-3.0803199953714397],[137.87357903674319,-3.0801304650488532],[137.87354960912717,-3.0799810561807703],[137.87354614134142,-3.0799471175653821],[137.8735104166725,-3.0798063709672192],[137.87342804326966,-3.0795487799521766],[137.87339431509565,-3.0794433065632916],[137.8733006758855,-3.0791976558471106],[137.87327454518413,-3.0789594146452259],[137.87326222806939,-3.0788184288273897],[137.87324165068173,-3.0786268804261567],[137.87320111913641,-3.0784757232759716],[137.87309031276777,-3.0783045876865458],[137.87302653015036,-3.0781420208375607],[137.87299940659739,-3.0780728917504803],[137.87294879005469,-3.0779015933837854],[137.87292736280756,-3.0777884011137644],[137.87291793791258,-3.07761931238133],[137.87289692795093,-3.0774858979557962],[137.87285875532734,-3.0773341418571363],[137.87281597457763,-3.0770044360058932],[137.87273627126194,-3.0767045013116672],[137.8726961273245,-3.0764624811585577],[137.87269373242987,-3.0763089399056298],[137.87267331781948,-3.0761778969923057],[137.87261266933933,-3.0760066256052596],[137.87260200607773,-3.075967235299629],[137.87250616532731,-3.0755837436947786],[137.87239501721638,-3.0750896480687402],[137.8722780316059,-3.0746363375968713],[137.87222784224116,-3.0744407890111347],[137.87217957292899,-3.074294097894267],[137.87217601700968,-3.0742808032164248],[137.87216961833326,-3.0742568758540756],[137.87211018933385,-3.0740346686649787],[137.8720450460421,-3.0738198341180123],[137.87199456439771,-3.0736989571411186],[137.87188442982267,-3.0735246982061994],[137.87187367393096,-3.0735076785364868],[137.87186490464171,-3.0734740690729723],[137.87176331182741,-3.0730846653249841],[137.87170143757135,-3.0728728228224895],[137.87162086281262,-3.0727520267845421],[137.87155459716701,-3.0725794846554209],[137.87153405035622,-3.0724301648202186],[137.87139784983094,-3.0718853663165646],[137.87120636168436,-3.0715530955988584],[137.87116591287668,-3.0714321916422591],[137.87088346909684,-3.0711572122355051],[137.87078371899349,-3.0710600980450522],[137.8706728874439,-3.0708788765588793],[137.87058236168673,-3.0707883606942232],[137.87051171004748,-3.0706272012842533],[137.87031722446045,-3.0703310149643244],[137.87017956613408,-3.070214633698356],[137.86999848764015,-3.0700235169716734],[137.8699884287231,-3.0700134598532145],[137.86988281593926,-3.0699078578613239],[137.86981680300312,-3.0697917895594173],[137.86967613374668,-3.0695201628251993],[137.86959485571811,-3.069347672856793],[137.86958213390847,-3.0693206752089282],[137.86941418371771,-3.0690973222835396],[137.86924243838791,-3.0686439830333256],[137.86890276984707,-3.0684145992543108],[137.86887060019808,-3.0683928743316642],[137.86858649806845,-3.0680470868035741],[137.86849822421379,-3.0679400746746524],[137.86849072836446,-3.0679357066674697],[137.86837765840232,-3.0678698088445344],[137.86767429773067,-3.0674380713098799],[137.86735910064203,-3.0671142065553454],[137.86714101594521,-3.0668344382586952],[137.86674820286737,-3.066240509791669],[137.86660877917188,-3.066007592576284],[137.86644596860663,-3.0657572671840967],[137.86642550273484,-3.0656060542759178],[137.86632422108596,-3.0652432839503376],[137.86628154465757,-3.0651722141263349],[137.86626376326217,-3.065142602149308],[137.86620322539864,-3.0650116662553728],[137.86609242262728,-3.0648405279679309],[137.86589109499812,-3.0645788720173073],[137.8657166993662,-3.0642582906875191],[137.86565911037974,-3.0641055237508681],[137.8656182586758,-3.0638333511282099],[137.86556726981371,-3.06352086819345],[137.86555927574,-3.0633325798346505],[137.86555349040134,-3.0631963001690679],[137.86544856559885,-3.062853009158971],[137.86542487026156,-3.062785080666913],[137.86526519743097,-3.0625002329992981],[137.86512270524872,-3.0621182306717856],[137.86500116187415,-3.0618886976052408],[137.86497058492466,-3.0617072575838051],[137.86497015594796,-3.0615459066182211],[137.86491444024932,-3.0614069595634987],[137.8649095650245,-3.0613948016287509],[137.8648914023164,-3.0613503247576546],[137.86476786514493,-3.0609212096460396],[137.86461616030761,-3.0604577287411416],[137.86449511335888,-3.0602059410512652],[137.86448476036344,-3.0600849543571371],[137.86442408940025,-3.0599035961739673],[137.86429756288226,-3.0596234456654656],[137.86416548484931,-3.0593031071526298],[137.86409337990563,-3.0591566759397892],[137.86400041069044,-3.0590172936131808],[137.86390951171461,-3.0587855940798363],[137.86386336839985,-3.0586899026168908],[137.86377837976852,-3.0585136633748107],[137.86344990598843,-3.0580946989111908],[137.86311373581032,-3.0575473301450984],[137.86285203579291,-3.057215241989752],[137.86246269589674,-3.0568487745512698],[137.86216802583374,-3.056511157363957],[137.86180473120339,-3.056255300241844],[137.86149079406493,-3.0559821248751291],[137.86111250683678,-3.0556769669184405],[137.86070512384242,-3.0554993849885932],[137.8604728136695,-3.0553382570548706],[137.86022210696478,-3.055217032040332],[137.8598870150737,-3.0550550047846059],[137.85957297181528,-3.0548581773629735],[137.85891257715377,-3.0545332136368302],[137.85861564439654,-3.0543531891482871],[137.85796170686729,-3.053968434895296],[137.85747610623741,-3.0537907963081352],[137.85706643626713,-3.0535382387986374],[137.85680303832964,-3.0534295503334192],[137.85669601181155,-3.0533606047080752],[137.85639038261013,-3.0531811791680639],[137.85598408419821,-3.0529426528810859],[137.85558723316433,-3.0526764517567813],[137.85542144404451,-3.0526269341856391],[137.85510094635163,-3.0525181360031297],[137.85477214881564,-3.0524436496546627],[137.85455127442185,-3.0524043357914366],[137.85342070610079,-3.0518718759862509],[137.85156472573158,-3.050872502563891],[137.85004187133541,-3.0499445128289722],[137.8481620967035,-3.049278263580959],[137.84671062599466,-3.048873755719228],[137.84571125167304,-3.0488499605571633],[137.84483085136276,-3.0489213451439241],[137.8438314779404,-3.0492068798935179],[137.84338070625461,-3.049432266186102],[137.84307004984294,-3.0495875943919373],[137.84249898034375,-3.0500158974156761],[137.84199929273325,-3.0506345572389932],[137.84149960602201,-3.0514673681245199],[137.84109509816028,-3.0523953578594387],[137.84072558561729,-3.0546422222607248],[137.84047422330684,-3.0549135782989651],[137.84029603163663,-3.0551985869452096],[137.84012509299873,-3.0555342130334679],[137.84006608758,-3.0557204419447999],[137.84003648189821,-3.05581388420336],[137.83987294468068,-3.0559984044027715],[137.83983815260876,-3.0561095965805976],[137.83969436000677,-3.0564028816875748],[137.83965173483978,-3.0565391091924994],[137.83952776059778,-3.0569144736240332],[137.83936288518908,-3.0572029689417946],[137.8392681613966,-3.0574968745810338],[137.83898926364361,-3.0581361612547653],[137.83887107384101,-3.0584243570983745],[137.83886161117448,-3.0584474310040832],[137.83846377898033,-3.0592465658762649],[137.83827944494044,-3.0595828511675904],[137.8380214222509,-3.0601254328424261],[137.83801543546406,-3.0601375503076724],[137.83785683732322,-3.0604660735504012],[137.83758840408166,-3.0610221117809715],[137.83715714318771,-3.0618239895853776],[137.83712321626354,-3.061892657320243],[137.83704592672825,-3.0622031977193274],[137.83702721993029,-3.0622550301454794],[137.83690096860494,-3.0626048358444677],[137.83674482561332,-3.0629626500062272],[137.83673112803922,-3.0629955993673548],[137.83647150185834,-3.0636213557409064],[137.83643596784566,-3.0637702537941323],[137.83640624525208,-3.0639115202004632],[137.83638673895689,-3.0641233519111211],[137.83638266143078,-3.0641568759390339],[137.83635332464632,-3.0643794689373181],[137.83625803338157,-3.0648673556439121],[137.83615882556944,-3.0651929461974419],[137.83612116915674,-3.0654083095457736],[137.8360364206444,-3.0659062236932186],[137.83597108130039,-3.0664971007605573],[137.83592700282895,-3.0668957081703638],[137.83583372514636,-3.067222484030367],[137.83568471917454,-3.0680078619732285],[137.83563624841418,-3.0682649448712596],[137.83558620473957,-3.0684012497178514],[137.83545919798371,-3.0687240532723763],[137.83527077922315,-3.0691392675631164],[137.83526638963224,-3.0691485575598563],[137.8351766363927,-3.0693504931306848],[137.835021590574,-3.0695338262250402],[137.83485686894937,-3.069825330674405],[137.83463200066637,-3.0700799854029697],[137.83457680297715,-3.0701387057366105],[137.8344666926838,-3.0702297620937884],[137.83433183304771,-3.0703019956405342],[137.83429639166525,-3.0703209785302761],[137.83427025916524,-3.0703606125521787],[137.83390605621958,-3.0706649026630544],[137.83358983030644,-3.070858279386016],[137.83356052589761,-3.0708761992771088],[137.83343144260709,-3.0709488977733486],[137.83328509413184,-3.0710497810225093],[137.83315413395621,-3.0710696173688916],[137.83252363275949,-3.0714148626057636],[137.83246991625367,-3.0714573555724769],[137.83193195889282,-3.071672438332314],[137.83173220777519,-3.0718304501151579],[137.83138919195767,-3.0718876362054175],[137.83061997483208,-3.0723275692618586],[137.83022915824915,-3.0724899679375994],[137.82995249171415,-3.0725486801774196],[137.82942743332944,-3.0728047333516884],[137.82887589620566,-3.0730014060899862],[137.82863892394721,-3.0730553699093548],[137.82855537692922,-3.0730793458350831],[137.8278611308865,-3.0733566616805206],[137.827222146385,-3.0734661190660972],[137.8270473847291,-3.0735160323390005],[137.82627057103014,-3.073718026365782],[137.8256879821148,-3.0737424942207099],[137.82515684970895,-3.0737279719683102],[137.82500449106442,-3.0737299621679881],[137.82459447575457,-3.0737353167314154],[137.82405380064245,-3.0737539003221741],[137.82361576425615,-3.073867746399344],[137.82357159135597,-3.0738792262452534],[137.8234297412896,-3.0738537448543752],[137.82333709133377,-3.0738371020005957],[137.82309762705393,-3.0738287490974585],[137.82297184697325,-3.0738243622045047],[137.82295080913264,-3.0738176991274599],[137.82271110203578,-3.0737417837562475],[137.82257928120896,-3.0737000363275797],[137.82224402474196,-3.0736198842502063],[137.82222579368545,-3.0736155261355975],[137.82196806057755,-3.073545320560072],[137.82169862369255,-3.0734311039622071],[137.82142756083329,-3.0733106199890585],[137.82115419121305,-3.073155126307995],[137.82069985821192,-3.0728985362384265],[137.82059875642756,-3.0728078162276802],[137.8204101218297,-3.0726385521274437],[137.81981642358915,-3.0723018072825425],[137.8195217310431,-3.0721079341337827],[137.81918006330932,-3.0718831575816239],[137.81885077474351,-3.0716831672443163],[137.81862448733034,-3.0714669423454666],[137.81845750570938,-3.0712616630952425],[137.81831751993764,-3.0710895706271231],[137.81795333857576,-3.0706044646242958],[137.81757280214322,-3.0701939852641544],[137.81712996787383,-3.0696505717164655],[137.81679199545431,-3.0692213306998042],[137.81661696490107,-3.0691275134239504],[137.81628255829355,-3.0687998688188713],[137.81596916614421,-3.0684669748709439],[137.81551091389758,-3.0681622863604048],[137.81517711613105,-3.0677410969739753],[137.81478658103595,-3.0673876598125958],[137.81449205216654,-3.0671913935678958],[137.81407286197305,-3.0668348735305244],[137.8137916511638,-3.0667145982001216],[137.81374378564726,-3.0666885160621291],[137.8136811406722,-3.0666543795958887],[137.81357546043921,-3.066599970612117],[137.8133776338708,-3.0665074411654132],[137.81313080684129,-3.066379262592875],[137.81290944681359,-3.0663170861645312],[137.81266688526864,-3.066263745575327],[137.81251419387502,-3.0662236978653254],[137.81230841100444,-3.0661562379199836],[137.81214834876732,-3.0661712925710276],[137.81211489038992,-3.0661744392988908],[137.81194865070972,-3.0661384403367151],[137.81164006004076,-3.0660536648447305],[137.81132183763282,-3.0659748338714508],[137.81130680276681,-3.0659799159403178],[137.81067947617692,-3.0658555100237095],[137.81031790374834,-3.0656951042456058],[137.81011676407752,-3.0655040198945471],[137.80976543402767,-3.0654242671162137],[137.80923788901748,-3.0653916316184677],[137.80897277697215,-3.0653759330528487],[137.80861170366722,-3.065407140427169],[137.80837093716912,-3.0654077753484898],[137.80780925119609,-3.0654495956222831],[137.80728779819344,-3.0655316506650934],[137.80694705226472,-3.0656636549536529],[137.80660609499535,-3.0657149792628502],[137.8061250062641,-3.0658876931624377],[137.80604057341384,-3.0659833630417097],[137.8057949226976,-3.0662617086109094],[137.80536633458871,-3.0664791763728658],[137.80520306267124,-3.066429154281991],[137.80512314621626,-3.066404670239308],[137.80496252819819,-3.0663647529309515],[137.80484214404976,-3.0663650703916119],[137.80465174588142,-3.0664462521927476],[137.8044352080185,-3.0666225489914041],[137.8043623539395,-3.0666818637769211],[137.80370112110995,-3.0673765819636287],[137.80343449370696,-3.0676565993725262],[137.80326370615524,-3.0678765789409113],[137.80315113441736,-3.0679685660963969],[137.80312086593528,-3.0679932992513272],[137.80302416183565,-3.0681179237031415],[137.8027160657939,-3.0684921639821141],[137.80243080983405,-3.0688220928652186],[137.80243117765679,-3.0689632828292019],[137.80237190603873,-3.0693164160197171],[137.80231242307991,-3.0695888701301897],[137.80219366940241,-3.0702144565319145],[137.80219401114471,-3.0703455623977334],[137.80214721042546,-3.0709488564045273],[137.80213089492497,-3.0711555619795377],[137.80212020468377,-3.0712909908864958],[137.80207688973678,-3.0715550300405425],[137.80207678181807,-3.0715560795493957],[137.80206063988669,-3.0718694006522469],[137.80198312282289,-3.0724748611258974],[137.80195700830939,-3.0727362661656912],[137.8018762491896,-3.0730642453186192],[137.80186033928328,-3.0731904327922166],[137.80185465466866,-3.0735046532171282],[137.80184432145836,-3.0735720007471627],[137.80178213603676,-3.073977274831293],[137.80179253669633,-3.0741184387149474],[137.80164305498306,-3.0745020661174181],[137.8015973730204,-3.0747066690774432],[137.80146418882134,-3.075158067590678],[137.8014744842601,-3.0752588923839426],[137.80144737869364,-3.0753206362383025],[137.80135480967681,-3.0755315047750855],[137.80132960617641,-3.0756050108624891],[137.80122544489848,-3.0759352491124332],[137.80117119509464,-3.0761747079963015],[137.80104996738214,-3.0764892980426453],[137.80091732367566,-3.0768515602512707],[137.80087626692625,-3.0770387253568288],[137.80081747284817,-3.0772171319650283],[137.80073745297113,-3.0773081091818426],[137.80056759082174,-3.0775707687758995],[137.80039703169768,-3.077938119348687],[137.80038803937657,-3.0779645621148006],[137.80021836158824,-3.078297817590169],[137.79997878489303,-3.0785623792503429],[137.79975392290532,-3.0787957892941904],[137.79964038799358,-3.0789028976505506],[137.79951790123027,-3.078985452716438],[137.79951232273561,-3.0789892127818916],[137.79939772572448,-3.0790664510558372],[137.79931767886785,-3.0791473432752241],[137.79890240971849,-3.0795568855417628],[137.79868704726948,-3.079683519079083],[137.79844687971979,-3.0799161098405534],[137.79836996610106,-3.0799782997586931],[137.79805101344357,-3.0802006490406484],[137.79792620732871,-3.080300719302727],[137.79788276827514,-3.0803307647529437],[137.79760559722058,-3.0804629273221735],[137.79729515214967,-3.0806755342484848],[137.79715878075319,-3.0807878361896428],[137.79680454679249,-3.081049977774228],[137.79663426286106,-3.081151279208143],[137.79640391590806,-3.0813031639098654],[137.79625152488802,-3.0813569002007171],[137.79608532657664,-3.0815010822091153],[137.795957044582,-3.0816709830293689],[137.79570556895692,-3.0818082861234757],[137.79559782567912,-3.0818483086524679],[137.79539237375911,-3.0820075830834526],[137.79523301569122,-3.0820985414144957],[137.79487559633174,-3.0823933059062938],[137.79485506570882,-3.0824060780780087],[137.79469153568584,-3.0825078129851136],[137.79463144478541,-3.08252678058642],[137.79424045283474,-3.0826501945508085],[137.79413030926639,-3.0827311668098787],[137.79401198096821,-3.0828611449258574],[137.79390022491555,-3.0829839032844575],[137.79379008044793,-3.0830648737448882],[137.79347947529766,-3.0832169706865784],[137.79295876963158,-3.0835914951513246],[137.79279833327655,-3.0836221737242795],[137.79266835695921,-3.0836166024242289],[137.79243032080274,-3.0836597869695197],[137.7923127857066,-3.0836733145717403],[137.79215163798779,-3.0836918630889727],[137.79190574805193,-3.0837354649196982],[137.79177532836877,-3.0837358093600642],[137.79160586911564,-3.0837695366347475],[137.79135812118045,-3.0837893522967192],[137.79123483222179,-3.0838310259809987],[137.79084643031854,-3.0838597593203758],[137.79080253710742,-3.0838694809917229],[137.79055172877929,-3.0838701419934296],[137.79010040670846,-3.0839217576829014],[137.79009249986905,-3.0839217585822212],[137.78986199013877,-3.0839217927564846],[137.78962886068348,-3.083912914649261],[137.78954837495758,-3.0839019707992747],[137.78933781938497,-3.0838733417812705],[137.78925082166813,-3.0838673253167599],[137.78916647875008,-3.0838619347804297],[137.78884474808672,-3.083833356124444],[137.78866310571777,-3.0838214661876577],[137.78852541141862,-3.0838020624152023],[137.78833437563094,-3.0837953040100388],[137.78798848917745,-3.0837460742218923],[137.78754148025519,-3.0836662836720166],[137.78740084427363,-3.0835960583114002],[137.78727031757114,-3.0835560609634172],[137.78713973960737,-3.0834958927212028],[137.78688869475752,-3.0834057878468002],[137.78660544068862,-3.0831796982844253],[137.78650144758376,-3.0830711042480061],[137.7862797449144,-3.0828942885405581],[137.78603402944691,-3.0826718169507217],[137.78570687856961,-3.0825588252295688],[137.78547748399876,-3.0823084099051243],[137.78545105112516,-3.0822497714097494],[137.78534053793555,-3.0821895501076142],[137.78510940137778,-3.0820388803899732],[137.78492716635571,-3.0818328789841303],[137.78487797523849,-3.0817772730026718],[137.78457574457502,-3.0812939773351218],[137.78432428064116,-3.0810425071059626],[137.78410392605542,-3.0807992566802795],[137.78393692195141,-3.0806149019560962],[137.7838364478938,-3.0805099951401189],[137.78363445836362,-3.0802961201697485],[137.78356973235736,-3.0802275855346011],[137.78346925200447,-3.08016733815208],[137.78322737484359,-3.0797443941883671],[137.7830660976224,-3.0794523447498818],[137.78279545564578,-3.0791227459179709],[137.78268833469895,-3.0789539098950058],[137.78265333128627,-3.0788987400847532],[137.7825223872984,-3.0786973791806531],[137.78230228991879,-3.0782057557909752],[137.78210360000116,-3.0778639801385452],[137.78207868698189,-3.0778211265437108],[137.78188728786813,-3.0775190721474246],[137.7817063919365,-3.077398523423085],[137.78156885771671,-3.0772195529399937],[137.78117310925165,-3.0767948058355614],[137.7811651466543,-3.0767878711632761],[137.78054969201469,-3.0762518356536361],[137.78043891802167,-3.0760907625785876],[137.78036809101468,-3.0758589866028956],[137.78029728918864,-3.0756372974232704],[137.78026900011434,-3.0755833479930743],[137.7800754803992,-3.0752142968023009],[137.77975327039712,-3.0747613037910924],[137.77963256878809,-3.0746405967860824],[137.77944185046113,-3.0746007550207537],[137.77938904316989,-3.0745915288758852],[137.77927122298865,-3.0745709460922512],[137.77883894496142,-3.0742291776343791],[137.77879824074626,-3.0740074084151274],[137.77878491189426,-3.0739543969777969],[137.77874755675441,-3.0738058352710595],[137.77873441316274,-3.0737665366962688],[137.77868689298577,-3.0736244591014383],[137.77853619988582,-3.0735441712265015],[137.7784558886284,-3.0735242107736553],[137.77830547611688,-3.0734610082188851],[137.77829458083033,-3.0734564297703741],[137.77826506598012,-3.0734440281193542],[137.77822872887282,-3.0734131283131774],[137.77798513310745,-3.0731975086580405],[137.77769199728789,-3.0729715180211201],[137.77759133527195,-3.0728406729586482],[137.77752960670603,-3.0727714539394242],[137.77735914830612,-3.0725962255353352],[137.7773067421125,-3.0725423543461261],[137.77710840113184,-3.0723074145554961],[137.77695133363716,-3.0721940028508925],[137.77664840599925,-3.0719956357899036],[137.77645737560749,-3.0718973380916168],[137.7764150499147,-3.0718755592096159],[137.77624442244223,-3.0718457493817937],[137.77601792278892,-3.0715869379867513],[137.77585190973787,-3.071362680343384],[137.77582891227451,-3.0713229842682495],[137.77577762663623,-3.0712344639992466],[137.77574106020188,-3.0711713486787744],[137.77572900478981,-3.0711653286169849],[137.7754393160717,-3.0709343701250305],[137.77529851731276,-3.0707388359284664],[137.77526512638451,-3.0707234494275895],[137.77516794114763,-3.0706786649883497],[137.77513161123488,-3.0705401379169643],[137.77510714787661,-3.070446862033009],[137.77508627641055,-3.0701342720789739],[137.7750551373847,-3.0697309405304054],[137.77505474617965,-3.0695796628710923],[137.77488354583909,-3.0693279768046295],[137.77465223031629,-3.0691067031117996],[137.77433018129295,-3.0687142155885567],[137.77422944193529,-3.0685531137351632],[137.77396630480121,-3.068297062359477],[137.77359738760947,-3.0680650507614473],[137.77329456429277,-3.0678294077009696],[137.7732452481697,-3.067782828214888],[137.77304109846796,-3.0676241005717202],[137.77293246486147,-3.0674672803906446],[137.77271107785407,-3.0672056388291367],[137.7725497547674,-3.0668934139998214],[137.77227612344439,-3.0666297651515038],[137.77203636598551,-3.0662190339812128],[137.77194728723759,-3.0658782376904696],[137.77178389571031,-3.0655742299666713],[137.77163291842453,-3.0653830008247951],[137.77143208991913,-3.0653129256509715],[137.77123620408759,-3.0650319396722239],[137.77120049110988,-3.0649807133891613],[137.77092811344176,-3.0643964724192188],[137.77072707809225,-3.0642457136686971],[137.77070670215267,-3.0641247431623242],[137.77069633207009,-3.0639936606788751],[137.77068513191341,-3.0635398492845525],[137.77070480728105,-3.063388517665885],[137.77075457936041,-3.0632371087055503],[137.77075729980959,-3.063214758754043],[137.77076248889784,-3.0630021806060768],[137.77076548993546,-3.0629616850337129],[137.77078024061564,-3.0627626039109828],[137.77076772295209,-3.0626275095518736],[137.77075629526689,-3.0625041792244474],[137.77077207567083,-3.0622386139208402],[137.77077304873728,-3.062161614866568],[137.77078132969473,-3.0619360298238689],[137.7708010311427,-3.0617947841019486],[137.77082510599394,-3.0617030739376787],[137.7708805123259,-3.0614920165432977],[137.77088004467839,-3.0613104820930062],[137.77087929284517,-3.0610180090737913],[137.77099614895315,-3.0607102071103327],[137.77105169378069,-3.0605693957609788],[137.77115646210109,-3.0603037962831081],[137.77117829044585,-3.0602507461749724],[137.77119367065143,-3.060196092575552],[137.77128802302389,-3.0600084130577443],[137.77130777573336,-3.0598873382300553],[137.77138041667297,-3.0594493270247654],[137.77141779609451,-3.0592973559881216],[137.77143619982087,-3.0591104328001961],[137.77143607031849,-3.0590600069137395],[137.77144514267923,-3.0586868260361371],[137.77146616163407,-3.0584568334160736],[137.7715036552695,-3.0581175237047091],[137.77150913573814,-3.0577529151648832],[137.77155225912952,-3.0574258803001158],[137.771608261712,-3.0570743209231068],[137.77161503810362,-3.0569544323011542],[137.77157043262946,-3.0566896035423383],[137.77159954638205,-3.0563062846072739],[137.77161374128116,-3.055920808198664],[137.77161834131346,-3.0558120549823116],[137.77161751303788,-3.0554893260714948],[137.77158112287054,-3.0550616094056977],[137.77157368188,-3.0549894981667762],[137.77154524171965,-3.0546927722535884],[137.77151624757687,-3.0543614916894626],[137.77130390864852,-3.0537362812043511],[137.7712511517193,-3.0534631229247111],[137.77122307488503,-3.0533736116028649],[137.77121019569404,-3.053140499234587],[137.77117978871638,-3.0530195530099036],[137.77114453439276,-3.052748181683171],[137.77097312271155,-3.0522686523763696],[137.77076771036161,-3.0518459143573864],[137.77065382291562,-3.051346749253014],[137.77054864090712,-3.0510162223207544],[137.77022011406711,-3.0504401912617709],[137.77021406432766,-3.0504281043734522],[137.77007896727059,-3.0501682506641714],[137.7698835328988,-3.0499068860938792],[137.76955584692485,-3.049604825402298],[137.76943499692766,-3.0494236021174856],[137.76929405607586,-3.0492323441972644],[137.76912314801496,-3.0490915913038634],[137.76886205324126,-3.0489914131231899],[137.76864124179997,-3.048951643303667],[137.76854082080229,-3.048936377311918],[137.76851077175479,-3.0489318087559241],[137.76836023783483,-3.0489120281675355],[137.76826999986065,-3.0489324319860884],[137.76791884787656,-3.048923254404599],[137.76701036083955,-3.0490930203265521],[137.7666729711807,-3.0492229004164528],[137.76648266923985,-3.0493444168113228],[137.76618214099312,-3.0495166450770625],[137.76617464514379,-3.0495207288984716],[137.76562711719771,-3.0498190376184198],[137.76517382291365,-3.0500240407768047],[137.76494305687663,-3.0501200443045491],[137.764581749748,-3.0502494864246046],[137.76432233310925,-3.0502631561196836],[137.76418712813347,-3.0503631481407183],[137.7639706793035,-3.0504150327275283],[137.76392653698019,-3.0504151469414182],[137.76390723123382,-3.0504151973034936],[137.76388038916866,-3.0504152656519636],[137.76379373139571,-3.0504397056278663],[137.76369993840149,-3.0504661591858735],[137.76361363675994,-3.0504709489750894],[137.76350935137555,-3.0504767370117634],[137.7633821368762,-3.050550252092421],[137.76329898286178,-3.0505983046679717],[137.76321994414513,-3.0505852716929098],[137.76317854475406,-3.0505784449392195],[137.76315064328764,-3.050600234613114],[137.76308509080434,-3.0506514276212329],[137.76288212820771,-3.0506582121067822],[137.7628276229965,-3.050660034133216],[137.76231566863328,-3.0505403307715824],[137.76202947288198,-3.0505475936964217],[137.76163437822402,-3.0508950791445386],[137.7613640483122,-3.0511075709575834],[137.76084147205631,-3.0514845793497898],[137.76073307407216,-3.0516509809079935],[137.76057804893787,-3.0518889613064744],[137.76022541307248,-3.0523778300727713],[137.76010376897386,-3.052593382278701],[137.76002392266594,-3.0527549553768267],[137.75982380822222,-3.0535003179852538],[137.75960470459347,-3.0539734045489126],[137.75946608219397,-3.0543095522439785],[137.75914877259788,-3.0548481706065331],[137.75907547605243,-3.0549725900129943],[137.75854707668634,-3.055865082607454],[137.75832716546643,-3.0561783002882521],[137.75810627218675,-3.0563137840538275],[137.75778611533701,-3.0564520053557089],[137.75762572574672,-3.056502845829641],[137.75746520935195,-3.0565032604170597],[137.75727464570843,-3.0565239232404338],[137.75710425116029,-3.0565848756913852],[137.75672370573454,-3.0566236958268291],[137.75643234068002,-3.056687464954507],[137.75622161063893,-3.0566678381501902],[137.7558348481997,-3.0567271475397888],[137.75560039044569,-3.0567584421483502],[137.75556976493272,-3.0567703752525404],[137.75529896917215,-3.0568013299173913],[137.75510830210658,-3.0567816509523595],[137.7548930520727,-3.0567424791820486],[137.75477217779382,-3.0567204826641046],[137.75447603194334,-3.056692511949791],[137.75427024907276,-3.0566526908689298],[137.75412460206883,-3.0566029961313461],[137.75391095642556,-3.0565300997842542],[137.75337166986674,-3.056381095611016],[137.75316843117821,-3.0563682919630537],[137.75303487196186,-3.0563446056190173],[137.7530051844418,-3.0563416990101473],[137.7529752586014,-3.0563371493399245],[137.75285905540113,-3.0563194839569974],[137.75222969364552,-3.0562698710576797],[137.75089655842953,-3.0561000565722907],[137.75002075635291,-3.0560633840179321],[137.74996226444705,-3.0560609351639982],[137.7499264714296,-3.0560594359941433],[137.74985543667913,-3.0560564610368033],[137.74957929984487,-3.0560306810710358],[137.74922369531737,-3.0559768323648768],[137.74904717908407,-3.0559720416763412],[137.74890276325198,-3.0559579169242852],[137.74885859035169,-3.0559535956818422],[137.74854138417766,-3.0559098049934619],[137.7485034561696,-3.0558980571495908],[137.74838731502268,-3.055862081569785],[137.74824825735129,-3.0558534993394915],[137.74822311410549,-3.0558560300316913],[137.74818836430165,-3.055859529293798],[137.74815670546764,-3.055846074536646],[137.74801084802232,-3.0557840923619324],[137.74777375975123,-3.0557564615913861],[137.74770112510691,-3.055777779121172],[137.74762814692156,-3.0557991955763555],[137.74752822594689,-3.0558594618446477],[137.74744240094606,-3.0559391058050664],[137.74735650669754,-3.055992276422387],[137.74691561316513,-3.0559069262636172],[137.74657132120956,-3.0558372126172344],[137.74615506100736,-3.0557729785400625],[137.74582274622287,-3.055734293302919],[137.74551934014551,-3.0557093092371588],[137.74512729598803,-3.0556885304013122],[137.74489844730556,-3.0556844070097213],[137.74473394331687,-3.0556835553517772],[137.74422541087404,-3.0557143976013208],[137.74396213614375,-3.0557450788722349],[137.74371116773625,-3.0557827883449704],[137.74339010706785,-3.0558736270662052],[137.74301289183154,-3.0559751991960411],[137.74294345607575,-3.0560052140693301],[137.74272282629749,-3.056063920913175],[137.74254807813134,-3.0561245604001215],[137.7424344622807,-3.0561749566089134],[137.74225152308941,-3.0562118962619707],[137.74202509358327,-3.0562336571575202],[137.74176524886718,-3.0562325590852879],[137.74140191196875,-3.0562687909718989],[137.74101409012826,-3.0563421495705256],[137.74059105533297,-3.0563767698719744],[137.74021897612488,-3.056427143597773],[137.73996102538104,-3.0564807557822178],[137.73973120003495,-3.0565484135783549],[137.73964655584393,-3.056501327774015],[137.73956065709876,-3.0564535431964259],[137.73941466565441,-3.0563480176468261],[137.73927788416711,-3.0564119090822714],[137.73925203135627,-3.0564247307166852],[137.73909902789785,-3.0565006164102897],[137.7388983297941,-3.0565627577649934],[137.73866570036182,-3.0566305711438986],[137.73857608381923,-3.0566007963896027],[137.73850714269054,-3.0565907518616768],[137.73846046877566,-3.0565881096534895],[137.73829879315485,-3.0566438667210036],[137.73814090637779,-3.0566936909610263],[137.73801821906557,-3.0567769600885981],[137.73780563462242,-3.0569032707692827],[137.7376440912019,-3.056933021241889],[137.73764289510359,-3.0569332406764715],[137.73758595272955,-3.0569714483735879],[137.73744653083281,-3.0570414075348822],[137.73731600413032,-3.057104439218449],[137.73721188332183,-3.0571534801489406],[137.7365867142056,-3.0576701478589712],[137.73544457160972,-3.0585981375939468],[137.73487350211053,-3.058983610405221],[137.73411683322536,-3.059626065390546],[137.7336456999891,-3.0602827962140395],[137.73354385716334,-3.0604937573809252],[137.73304607611556,-3.0615248750729052],[137.73295985990967,-3.0617452053768943],[137.73285481369874,-3.0620136548062646],[137.73253211176757,-3.0628383367198353],[137.73194676463152,-3.0637520497172659],[137.73083317730936,-3.0645801031891438],[137.72991946431193,-3.0650512364253473],[137.72873939280885,-3.065405036912864],[137.72863272332154,-3.0654330615864751],[137.72850162914688,-3.0654671162143927],[137.72812710378287,-3.0655423202218799],[137.72793994856988,-3.0655924430367918],[137.72765113489197,-3.0656695617008722],[137.7274647647871,-3.0657044607921762],[137.72736261799048,-3.065712176975353],[137.72714184521999,-3.0657499008372042],[137.72696888490623,-3.0657642000577425],[137.7267684080357,-3.0657957887445946],[137.72647276760415,-3.0658327113105202],[137.72626323546001,-3.0658342266681871],[137.72613816494447,-3.0658392152075749],[137.72600577304809,-3.0658444960266138],[137.72583366709011,-3.0658272865999265],[137.72577906475215,-3.0658274259948826],[137.72572206931807,-3.0658275716850198],[137.72558947507423,-3.0658253638493989],[137.72555211633721,-3.0658239743968352],[137.72547415141105,-3.0658210740832601],[137.72515759814473,-3.0657831271895475],[137.7250256307284,-3.0657761628395974],[137.72494394170963,-3.0657651308560503],[137.72460784707459,-3.0657015793643723],[137.72442402564832,-3.0656596619637639],[137.72433015441311,-3.0656217186673302],[137.72422476466124,-3.0655701839168046],[137.72420864701155,-3.0655683277161074],[137.72392953072335,-3.0654632743106163],[137.72388326060411,-3.0654483842354807],[137.72372490797818,-3.0653974259503798],[137.72349902615917,-3.0653249387948449],[137.72347059319338,-3.0653188593777827],[137.7233028687325,-3.0652734948758393],[137.72312120118261,-3.0651900000184469],[137.72298954313294,-3.0651562025965973],[137.72295781235323,-3.0651480565375095],[137.72288629106959,-3.0651260932945092],[137.72272411722429,-3.0650762897389541],[137.72250846879092,-3.0649523136982566],[137.7223724193517,-3.0648583282492154],[137.72237163604223,-3.0648576105901952],[137.72224747204325,-3.0647439218944328],[137.72217773681314,-3.0646733017314318],[137.72198896102179,-3.0645786723678157],[137.72168479681602,-3.0644117725851743],[137.72139268172691,-3.0642598779909349],[137.7213824150665,-3.0642554596217337],[137.72137148470631,-3.0642534802138925],[137.72113097181693,-3.0641078413037803],[137.72089710401815,-3.0639672376977956],[137.72058590801328,-3.0637968269619478],[137.72043639032722,-3.0636860133987511],[137.72033004999184,-3.0636204663114199],[137.72015700334305,-3.0635241741013033],[137.72014627622968,-3.0635208430124408],[137.7199285503624,-3.0634447405822698],[137.71973618627601,-3.0633396458079574],[137.71957844608846,-3.0632328297312483],[137.71952631778538,-3.063214638244915],[137.71940271676203,-3.0631715031622662],[137.71927599239325,-3.0631301478380237],[137.71915999873499,-3.0630026806291539],[137.71910177122982,-3.0628881043025444],[137.71900501946618,-3.0628142213991509],[137.71885468789355,-3.0626595272153736],[137.7185564664079,-3.0624522190946095],[137.71843142287196,-3.0623285398302187],[137.71821155571877,-3.0621702501568961],[137.71783542506489,-3.0620105917153637],[137.71757531145158,-3.0619053548481929],[137.71737096389893,-3.0618326356675425],[137.71709012900635,-3.0616683142412739],[137.71702397037996,-3.0616313530044863],[137.7168668363355,-3.0615435665822588],[137.7167366846503,-3.0614538825905697],[137.71659243519275,-3.0613430546382006],[137.71647227317692,-3.0612237271931804],[137.71643377769669,-3.0611870501422231],[137.71629867344507,-3.061058325681131],[137.71619144907618,-3.0609587860191141],[137.71614011937106,-3.0609100130865841],[137.71600995509539,-3.0608150329873069],[137.71577938061398,-3.0605879325869978],[137.71525316480177,-3.0600915382938183],[137.71517212599292,-3.0599823129333572],[137.71502948991906,-3.0598150003619367],[137.71476533475243,-3.0594997340254508],[137.71463336733609,-3.0593853429591604],[137.71456996962843,-3.059309609251045],[137.71445736281714,-3.0592145841856677],[137.71445665415138,-3.059214049988384],[137.71439164935521,-3.0591650612185504],[137.71433598671649,-3.0591231123416947],[137.71422694571709,-3.0590492591159659],[137.71410912463648,-3.0589754283732873],[137.71389265062544,-3.0587694710342248],[137.71377664527597,-3.0587185801982741],[137.71356189076869,-3.0584984990064754],[137.71341218782231,-3.0583135516290554],[137.71317458334045,-3.0580829393761064],[137.71298270308932,-3.0578822142927038],[137.71292104017391,-3.0577976501413673],[137.71289268185183,-3.0576918197216401],[137.71284842531463,-3.0575472006427731],[137.71278651328703,-3.0573637956026118],[137.71275447943572,-3.0571926708050796],[137.71273670523487,-3.0571062297686353],[137.71268538542222,-3.0569457430515286],[137.71266197337138,-3.0568143458053783],[137.71259481829634,-3.0565382530378997],[137.7125893198413,-3.0564464862163163],[137.71252019075428,-3.0561854391066845],[137.71242300911467,-3.0559403477687965],[137.71236993382547,-3.0557798646489687],[137.71233793234978,-3.0556210947376599],[137.71229309035391,-3.0552434936922168],[137.71224322474507,-3.0549629816562174],[137.71222346034449,-3.0547830003351351],[137.71222081723704,-3.0546734862923017],[137.71221089231892,-3.0545863518785836],[137.71219630891255,-3.0544583046070102],[137.71218355742531,-3.052589928882071],[137.71245124602819,-3.0512217389920124],[137.71319482707963,-3.0494966297655992],[137.71328629982293,-3.0492381205427819],[137.71387892157509,-3.0475633175929602],[137.71387892157509,-3.0463141008150387],[137.71373020608416,-3.0455407755862893],[137.71298662503273,-3.0437264374251072],[137.71197535357976,-3.0418823550865568],[137.71087485319197,-3.0405736508532755],[137.70923897379964,-3.0393541782526654],[137.70775180989813,-3.0386700819586849],[137.7058779851809,-3.0384023933557387],[137.70412313177712,-3.0383429067996417],[137.7025467389409,-3.0384916231898274],[137.70100009028204,-3.0388187992481335],[137.70005948665607,-3.0391119737385566],[137.69870985877299,-3.039532637021523],[137.69776313975717,-3.0399143776463688],[137.69686577643449,-3.0402762189722807],[137.69555707310053,-3.0411982596918961],[137.69457554492556,-3.042001328198694],[137.6930883819233,-3.0434587479228412],[137.69252325964078,-3.0439048970932845],[137.69173381766166,-3.0444473582589353],[137.69135008503849,-3.0444890346411739],[137.69121322980675,-3.0445264446396436],[137.69114312315662,-3.0445760422505259],[137.69105902845149,-3.0446486211369006],[137.69087525738723,-3.0447004787440619],[137.69083269966939,-3.0447144955774661],[137.69077400091942,-3.0447396028503704],[137.69070817414297,-3.0447677597242659],[137.69062045696853,-3.0447962205690828],[137.69048773142379,-3.04486339992593],[137.69027911928595,-3.0449306907987079],[137.69020121191647,-3.0449490666460406],[137.69000993780844,-3.0449901440798612],[137.68984152626547,-3.0450536101359376],[137.68968284988364,-3.0451384260974237],[137.68961141403554,-3.0451808048501903],[137.68959782977606,-3.0451888636750937],[137.68946973933703,-3.0452209559823018],[137.68923124812363,-3.0453380477126757],[137.68897706823714,-3.0455010714172772],[137.68870017777101,-3.045710042384485],[137.68845195769177,-3.0459224253795583],[137.68834286093431,-3.0460551239447682],[137.68827089358695,-3.0461515267714958],[137.68819236568515,-3.0462567177732467],[137.68817354737143,-3.0462827180729164],[137.68808091180472,-3.0464106978953396],[137.68794373371645,-3.0465326909309169],[137.68789754633474,-3.0465949231171408],[137.68783349032333,-3.0466812319532437],[137.68773370244844,-3.0467979756460295],[137.68772090689436,-3.0468121012974052],[137.6875744478026,-3.0469737877101011],[137.6875376097729,-3.0470208654205635],[137.68752430160532,-3.0470366835960476],[137.6873917217506,-3.0471919317621996],[137.68719094900314,-3.0474153431435411],[137.68708845326955,-3.0475509995789025],[137.68691384629699,-3.0477343578542673],[137.68677778786468,-3.047844686682879],[137.68675837869625,-3.0478594571482063],[137.68663220201461,-3.0479550865579768],[137.68643000114366,-3.0481129733349803],[137.68620808983155,-3.0482703313106754],[137.68606784865233,-3.0483589361159602],[137.68593815112479,-3.0484510446798936],[137.6857063706525,-3.0485666956964224],[137.68564523384055,-3.0485749181978576],[137.68434584568433,-3.0487496582700828],[137.6843297019542,-3.0487496582700828],[137.68338216365601,-3.0487496582700828],[137.68334187222968,-3.0491655857231308],[137.68331216762249,-3.049472221265944],[137.68320509164175,-3.050388312970199],[137.68308611942894,-3.0508761025500348],[137.6829195568921,-3.0513281998365187],[137.68272920009258,-3.0516375297481773],[137.68249601308059,-3.0518326457599301],[137.68226044646246,-3.0519254450032349],[137.68195349615701,-3.0520182442465398],[137.68160371473971,-3.052089627933924],[137.68130390325257,-3.0522181185712611],[137.68103978315958,-3.0523751626835747],[137.68056151110488,-3.0528962649506184],[137.68014034689952,-3.0534030895808542],[137.6797834266639,-3.0537600089172088],[137.6792409097402,-3.0541169291528831],[137.67857704099765,-3.0545523700957347],[137.67802727284038,-3.05482725417437],[137.67800596969983,-3.0548379048453853],[137.67753483736294,-3.0550092265945068],[137.67632190733025,-3.0553899401935496],[137.67460869523518,-3.055894386116961],[137.6734380000637,-3.0562750997160038],[137.67288596471553,-3.0563797960906527],[137.67280050483953,-3.0563829608049673],[137.67264218189121,-3.0564538111943875],[137.67252408921536,-3.0567701872942621],[137.67246027871897,-3.0570126732961853],[137.67244444795301,-3.0570496812977126],[137.6723187497106,-3.0573230527166402],[137.67231163877113,-3.0573398916226324],[137.67218683085764,-3.0576247419882066],[137.6721857435773,-3.0576274858197507],[137.67207138938318,-3.0579046370892797],[137.67206959613497,-3.0579089799154531],[137.67197966393041,-3.0581318822805201],[137.67195411868772,-3.0582026148587147],[137.67189673384723,-3.0583541506235292],[137.67184437711637,-3.0585326876333738],[137.67182436989879,-3.0586009048078608],[137.67176741313563,-3.0588527176787466],[137.67175360044837,-3.058912658392444],[137.67170066185611,-3.059178419748207],[137.67168027062803,-3.059278479218392],[137.67162836805483,-3.0595474241742409],[137.67160835723996,-3.0596533310363725],[137.67155711476914,-3.0599652177205598],[137.67155032758558,-3.060007691801502],[137.67148805133252,-3.0603746907393656],[137.67148394233016,-3.0603983303186624],[137.67140692978603,-3.0607696567941503],[137.67139272499435,-3.060837409918463],[137.67130836858644,-3.0611789301634644],[137.67129428160592,-3.0612330495655442],[137.67118950429222,-3.061585393151347],[137.67118115408709,-3.0616123368398007],[137.67106011163492,-3.0619823566004243],[137.67105656380943,-3.06199258369071],[137.67092607577786,-3.0623578262526507],[137.67091332339123,-3.0623911065642915],[137.67078345679113,-3.062700339349135],[137.67075376567379,-3.0627673037679983],[137.67063634209353,-3.0629980787982731],[137.67056699087402,-3.0631271279145835],[137.67047629244701,-3.0632709537914593],[137.67036382592994,-3.0634362725658661],[137.67028990345636,-3.0635315719244431],[137.67013787216513,-3.0637068093217295],[137.67007060107744,-3.0637821527241158],[137.66989804725711,-3.0639647465757207],[137.6698344229203,-3.06403067677428],[137.66963856226994,-3.0642394876621779],[137.66958630176646,-3.064294743807352],[137.66937943701146,-3.0645168565676499],[137.66928860728342,-3.0646141443272654],[137.66912073263575,-3.0647993138372271],[137.66896481627327,-3.0649785514189603],[137.66887360343412,-3.065090141996393],[137.66866988091033,-3.0653531460308159],[137.66865620671865,-3.065371071317827],[137.66844602616322,-3.0656490229839619],[137.66840605579489,-3.0656984488243211],[137.66822560682635,-3.0659093767163199],[137.66816338543197,-3.0659729875632706],[137.66798108206137,-3.0661413172679204],[137.6679280418457,-3.0661839379383196],[137.66771503202312,-3.0663363082739465],[137.66767141040737,-3.0663614245400481],[137.66742485857048,-3.0664917902638535],[137.66739275996792,-3.0665007115385379],[137.66714966242705,-3.0665838529624239],[137.6670944926168,-3.0665978626012134],[137.6668567271563,-3.0666337806244428],[137.66670024332166,-3.066642487860463],[137.66653356117502,-3.0666431281777591],[137.66647777173182,-3.0666401055563597],[137.66629902607929,-3.0666304252538907],[137.66619203913137,-3.0666228619554659],[137.66590584967526,-3.0666004391588899],[137.66585374385522,-3.0665938192493059],[137.66553064442371,-3.066600312354467],[137.66550213861285,-3.0665988356676621],[137.6652482573013,-3.0666520917205844],[137.66512973834676,-3.0667035572233203],[137.66506420115206,-3.06673974774111],[137.66486267027608,-3.0668847679176565],[137.66485220486538,-3.0668948277340746],[137.66479647657616,-3.0669490415649534],[137.66465722914791,-3.0670845037467984],[137.66464111509549,-3.0670999298178572],[137.66443804817743,-3.0673011522263209],[137.66441548328794,-3.067326669590102],[137.66417831677597,-3.0675211686669286],[137.66412622804307,-3.0675525945765116],[137.66395790373429,-3.0676399277404016],[137.66375409037903,-3.0676920668353773],[137.66370294683361,-3.0676916225702939],[137.66345541113833,-3.0676988045561302],[137.66342124499454,-3.0676905262967011],[137.66314833222987,-3.0676332044088213],[137.66313059580045,-3.0676275467737923],[137.66284274439715,-3.0675209834066095],[137.66282679761866,-3.0675156837017994],[137.66268363094491,-3.0674525018314398],[137.66253478505234,-3.0673868126512502],[137.66243750988326,-3.0673463305686255],[137.66222825203226,-3.0672503998860066],[137.66199703903214,-3.0671511075375406],[137.66193579070421,-3.0671249777354888],[137.66163626700018,-3.0670076503827204],[137.66154406580608,-3.0669779988355117],[137.66137461015023,-3.066927975845374],[137.66112479557296,-3.066873567760922],[137.66110359945162,-3.0668733726080291],[137.66080760378793,-3.066857713612535],[137.66073169381264,-3.0668583125610098],[137.66056780585961,-3.0668755579606],[137.66046574090126,-3.0668862967651194],[137.66038473716594,-3.0668973188561495],[137.66010229518486,-3.0669503716623012],[137.66003333876768,-3.0669665909353512],[137.65972268325527,-3.067035670559676],[137.65968940564164,-3.0670440783214872],[137.65942530263567,-3.0671005215717742],[137.65932180146001,-3.0671202086306835],[137.65921179638735,-3.0671409955604645],[137.658961666148,-3.0671865399268086],[137.6588573960521,-3.0672068349274468],[137.65863931225454,-3.0672596359233921],[137.65847047713089,-3.0673106661542988],[137.6583639722196,-3.0673535107558791],[137.6581627030464,-3.0674661319563938],[137.65813280868224,-3.0674830805796773],[137.65797462782689,-3.0676369258034129],[137.65794916172445,-3.0676606166441047],[137.65785645691005,-3.0677839235891611],[137.65781341985348,-3.067896352334742],[137.65777735883808,-3.0679673304279049],[137.65775733813075,-3.0681553948555234],[137.65776743841661,-3.0682750091842763],[137.65777583718523,-3.068327294868709],[137.65784523786749,-3.0685457635760827],[137.65788641062943,-3.0686031178395865],[137.65796432519346,-3.0687077773420128],[137.65808847300468,-3.068834837157965],[137.65812480741397,-3.0688657927221357],[137.65836657575699,-3.0690217567486116],[137.65844003687823,-3.0690619924169482],[137.65859881488348,-3.0691451949946895],[137.65880470837067,-3.0692641267380054],[137.65886378033929,-3.0693044271575332],[137.65903830007755,-3.0694585556677794],[137.65907748803568,-3.069487137921044],[137.65920184988556,-3.0697164740359995],[137.65921562480128,-3.0697902831949477],[137.65922834391301,-3.0699229502838534],[137.65921630558807,-3.0700183503665244],[137.65920363324119,-3.0701116613240629],[137.65909927860889,-3.0702695705841734],[137.65897958963637,-3.0703380368708508],[137.6588522501313,-3.0703460507295972],[137.65875718369716,-3.0703796269182249],[137.65867433095571,-3.0703564729727759],[137.65854500215016,-3.0703401349891806],[137.65850731336184,-3.0703296012300711],[137.65837424967197,-3.0702569548944894],[137.65823192206562,-3.0701696055427874],[137.65819417661999,-3.0701407543922414],[137.65817581066517,-3.070129411243272],[137.65800297985368,-3.070022666213049],[137.65792288713158,-3.0699808423419768],[137.6578104475941,-3.0699277355764707],[137.65772838895407,-3.0699015329293502],[137.65760085519537,-3.0698608098284694],[137.65757231341161,-3.0698509829364866],[137.65735972267316,-3.0698297121714404],[137.65722855205604,-3.0698356378043741],[137.6571965191041,-3.0698387845322372],[137.65699868534114,-3.0699030240053276],[137.65693761777686,-3.0699297878293805],[137.6568717883024,-3.0699611094175907],[137.65674289566812,-3.0700911154125947],[137.65667828207711,-3.0702107468284794],[137.65667061895397,-3.0702770385544227],[137.6566640449098,-3.0703519943490392],[137.65667873983205,-3.0705431740282165],[137.65670894086497,-3.0706064692131463],[137.65675777135414,-3.0707165687146016],[137.65684343357771,-3.0708666098061599],[137.65686531498238,-3.0709003658591314],[137.65703132083888,-3.0711429795647973],[137.65703514475615,-3.0711481515659216],[137.65724156704471,-3.0714305728625959],[137.65725112773737,-3.0714434286712731],[137.65742847134698,-3.0717277196584973],[137.65746159967318,-3.0717742325946915],[137.65757448527438,-3.0720507048760624],[137.65760260797401,-3.072107275830092],[137.65765990468094,-3.0724159600284793],[137.65765871487781,-3.0724562451595148],[137.65765749269917,-3.0727078745687209],[137.65765008858079,-3.0727651128196385],[137.6576182372919,-3.0729881986463852],[137.65760309630593,-3.0730556046323727],[137.65754697321427,-3.0732481054157006],[137.65750566825204,-3.0733539232448948],[137.65743442306029,-3.0734957877003808],[137.65732531461163,-3.0736607395514284],[137.65726971942206,-3.0737332357002174],[137.65703843627489,-3.0739539931822151],[137.65700246519168,-3.0739730785946335],[137.65673366322801,-3.0741403776762581],[137.65667984689753,-3.0741560069940874],[137.65640165691104,-3.0742636432524932],[137.65635359444286,-3.0742776187170762],[137.65609857279094,-3.074328967307963],[137.65584770870487,-3.0743679610125696],[137.65579109278474,-3.0743717075881705],[137.65549409167909,-3.0743905106135117],[137.65530351274697,-3.0743904305738852],[137.65519923095985,-3.0743857262202141],[137.65491634831085,-3.0743520205292612],[137.6548152429292,-3.0743397798569276],[137.6546449221255,-3.0743137004168943],[137.65440089738354,-3.0742886147277204],[137.6543507826625,-3.0742879852023179],[137.65421005584949,-3.0742970872407227],[137.65400842604811,-3.0743370342266871],[137.65396377560785,-3.0743595685391938],[137.65387043407338,-3.0744098406415787],[137.65373366787458,-3.0745050518665948],[137.65371902960965,-3.0745223997888615],[137.6536377506817,-3.0746314147079943],[137.65359516868216,-3.074710148554459],[137.6535702277838,-3.0747602866578632],[137.65354771415571,-3.0749491505827677],[137.65355041481985,-3.0750044921635435],[137.65355605896502,-3.0750759154211096],[137.65364104669698,-3.0752501986377183],[137.65373352488234,-3.0753539300397961],[137.65375883989861,-3.0753692877623848],[137.65394154166893,-3.0754998729207728],[137.65403095676334,-3.0755436105491185],[137.65416715189258,-3.0756024531906405],[137.65439035103395,-3.0756907387365686],[137.65446589498515,-3.0757166032386181],[137.65476203813762,-3.0758199416369507],[137.65482657798429,-3.0758423914131754],[137.65502381639612,-3.0759178247477621],[137.65520737611962,-3.0759910376561947],[137.65528082105311,-3.0760203321725612],[137.65530419443314,-3.0760301617625032],[137.65556271804508,-3.0761521556974003],[137.65574678318751,-3.076248087279339],[137.65583320264022,-3.0762960849962724],[137.65604763429099,-3.0764365294222671],[137.65608818562134,-3.0764589315344324],[137.65622381507706,-3.0765918135613219],[137.6563097686809,-3.0766543614096236],[137.65637323923363,-3.0767895376070555],[137.65643384724433,-3.0768716547030408],[137.65646532261655,-3.0770508293322791],[137.65644503840781,-3.0772248598393617],[137.65637819899473,-3.077319566544702],[137.65631812698007,-3.0773796853241606],[137.65623703870847,-3.0774608347496724],[137.65618744559424,-3.0774767149783884],[137.65613824638308,-3.0774910789500609],[137.6560293061076,-3.0775547779306294],[137.6560255487401,-3.0775561826716284],[137.65585407770357,-3.0776036353993845],[137.65577387436485,-3.077629063730285],[137.65569329421021,-3.0776336385815171],[137.65557008079463,-3.0776823665479469],[137.65542725136663,-3.0777812380136993],[137.65539330645595,-3.0778248929044594],[137.65535651968764,-3.0778756038759525],[137.65528797875731,-3.0780335643974581],[137.65528387605013,-3.0780983065915279],[137.6552814901487,-3.0781359692995238],[137.65530146499066,-3.0782708936867493],[137.65530514231853,-3.0783026127753033],[137.65533163634598,-3.0783918534012855],[137.65542504083305,-3.0785027308163535],[137.6555302992839,-3.0785759113491622],[137.65556639897022,-3.0785904902588754],[137.65570457890328,-3.0786632553049458],[137.65581158833425,-3.0787191436734815],[137.65587752213003,-3.0787542559041299],[137.65603540890709,-3.0788575934031428],[137.65606537701558,-3.0788748424000119],[137.65617997942263,-3.0789954100101227],[137.65624460740275,-3.0790458260040054],[137.65632836486225,-3.0791991819966142],[137.65635901915346,-3.0793602235954154],[137.65632138972046,-3.0794810520088731],[137.65626955819357,-3.0796017347322504],[137.6562053124253,-3.0796860965360793],[137.65615576427717,-3.0797427637175474],[137.65605332879818,-3.0798434985785548],[137.65597153006217,-3.0799051012393761],[137.65585060092451,-3.0799887022167809],[137.65573191739418,-3.0800563977844604],[137.65565239304362,-3.0800927987436353],[137.65553340824022,-3.0801754185606569],[137.65545882566437,-3.0802088787366984],[137.65538452277758,-3.0802666053195367],[137.65529092493625,-3.0804215432195861],[137.65525134397444,-3.0805436432744955],[137.65524892479812,-3.0805955305592647],[137.65523401493795,-3.0807415273995389],[137.65524070139736,-3.0808558546139579],[137.65524807943541,-3.0809117321906569],[137.65530017716151,-3.0811435774141387],[137.65531103197861,-3.0811697692693656],[137.65539599273097,-3.0813972752640097],[137.65542523778458,-3.0814594867658798],[137.6555097677616,-3.0816230572582413],[137.65556027818434,-3.0817128626584349],[137.65564153013258,-3.0818409575940677],[137.65573314676737,-3.0819775358345396],[137.65580520584558,-3.0820850084163567],[137.65593920662911,-3.0822950405836309],[137.65597148959262,-3.0823474323880191],[137.65612933859813,-3.0826286809688099],[137.65614546973768,-3.082654962756294],[137.65629371578245,-3.0829130465997991],[137.65639709195227,-3.0830689179961155],[137.65647233373124,-3.0831808089471338],[137.65667054790754,-3.0834450207710233],[137.65668953709257,-3.083468972415119],[137.65687626782551,-3.0837210631764833],[137.65691395391593,-3.0837777456463868],[137.6570371853179,-3.0839709164246187],[137.65706967422614,-3.0840308238633725],[137.65712827584935,-3.0841664227421575],[137.65715894363041,-3.0842305192230128],[137.65717343080928,-3.0843936193700188],[137.65714175668677,-3.0844990037259663],[137.65705215902994,-3.0845630525428192],[137.65694231943257,-3.0845709881605217],[137.65689107066646,-3.0845910097672231],[137.65686001617689,-3.0846031434202814],[137.65679744764418,-3.0845908568824711],[137.65663937470742,-3.0845797835301596],[137.656533413886,-3.0845581674254277],[137.65643513597286,-3.0845351447810572],[137.65622589970553,-3.0844734009266404],[137.65610426280159,-3.0844381969651522],[137.65600362236933,-3.0844116975417819],[137.65572599266045,-3.0843555537657608],[137.65562128729266,-3.0843403579211213],[137.65549610166386,-3.0843322325464442],[137.65523627763218,-3.0843461279714006],[137.6551298086938,-3.0843619569387215],[137.65504156991256,-3.0843837250288288],[137.65479683830347,-3.0844786089006107],[137.65472466770927,-3.0845152616699352],[137.65460201457142,-3.0845914396431908],[137.65443887485424,-3.0847119299115775],[137.65441911944686,-3.0847272615538373],[137.65425356864739,-3.0849151380231774],[137.65420622024089,-3.084990848348923],[137.65415145422628,-3.0850940338625037],[137.65408345468779,-3.0852615613719081],[137.65407634644635,-3.0852828528213649],[137.65404748360459,-3.0855120477427818],[137.65404498258999,-3.085558768422402],[137.65405114294595,-3.0856833631966083],[137.65408708884809,-3.0858601033610285],[137.65409171945737,-3.0858969368940734],[137.65416935613098,-3.0860979083917073],[137.65422253214422,-3.0862152195566637],[137.6542725434432,-3.0863198053147016],[137.65436687603062,-3.0865225286917166],[137.65438399732363,-3.0865616905695106],[137.65448773142373,-3.0868059950006455],[137.65451237374714,-3.0868649383661477],[137.65458488788238,-3.087065092380044],[137.65462479439884,-3.0871934148441937],[137.65465692357827,-3.0873308960040049],[137.6546781916453,-3.0874717792991078],[137.65468619741011,-3.0876439257265247],[137.65468409389587,-3.0877734487855832],[137.65466288518405,-3.0879775049578484],[137.65464027802648,-3.0881065675640116],[137.65458685739759,-3.08829693425605],[137.65453558974571,-3.0884359685450704],[137.65443706991493,-3.0886255132567726],[137.6543589871776,-3.0887531306524352],[137.65421391034374,-3.0889420413420794],[137.65412774270123,-3.0890478645672488],[137.65397206735713,-3.0892199003780547],[137.65388465145554,-3.0893212845496123],[137.65374151625804,-3.0894740982510029],[137.65366994101498,-3.0895540938462887],[137.65355449864126,-3.0896851376589325],[137.65346736872414,-3.0897834317599404],[137.65340324976023,-3.0898647529559184],[137.65326864822964,-3.0900482865990853],[137.65325789863323,-3.0900628529182654],[137.65320691336842,-3.0901495889323201],[137.65312545907273,-3.0902881546745675],[137.65309087024752,-3.0903506035974146],[137.65300461806873,-3.0905196869339306],[137.65293634603563,-3.0906620028491147],[137.65287023867063,-3.0907917822149216],[137.65277786480669,-3.0909796056242271],[137.65271325121569,-3.0910926773851202],[137.65259789157949,-3.091282021548011],[137.6525313102718,-3.091378143786244],[137.65237145577817,-3.0915870679887689],[137.65231414558139,-3.0916530179723622],[137.65208214837253,-3.0918929040342391],[137.65205080340195,-3.0919181623932559],[137.65177713610603,-3.0921273384058736],[137.65175329957515,-3.0921458401583664],[137.651441491132,-3.0923196737139165],[137.65134315116552,-3.0923696832142582],[137.65108516175087,-3.0924770685618341],[137.65092784424473,-3.0925376208144826],[137.65070436631356,-3.0926064468300183],[137.65064459017572,-3.0926227920081715],[137.65052974405251,-3.0926541963340242],[137.65029833859751,-3.092712083895492],[137.65013000169824,-3.0927473472122529],[137.64988776121129,-3.0927992551814327],[137.64972115730563,-3.092829776373037],[137.64951546436725,-3.0928670595670837],[137.64927675731656,-3.0929100489595385],[137.64919777165994,-3.0929240523031467],[137.64887843499184,-3.0929947605996517],[137.64878952621575,-3.0930187733976027],[137.64861496600793,-3.0930744198485627],[137.6484729288826,-3.0931262936434791],[137.64837435689117,-3.0931622944042942],[137.64835734801329,-3.0931698639979572],[137.64817213533581,-3.0932586468690033],[137.64799361541304,-3.0933555560140462],[137.64796814571343,-3.0933706331481403],[137.64776343303606,-3.0935064973269277],[137.64764096425915,-3.0935949303616894],[137.64757240624158,-3.0936471953617115],[137.64736783745582,-3.0938082522490049],[137.64730412678409,-3.093855938800516],[137.64714527323588,-3.0939744127888957],[137.64696431435164,-3.0941006677115865],[137.64688510206588,-3.0941505162332987],[137.64662516561896,-3.0943093167215352],[137.64660166003864,-3.0943189052932212],[137.64634538293319,-3.0944346318527209],[137.64627855790923,-3.0944599918350946],[137.64603061212313,-3.0945293115784125],[137.64586473127235,-3.0945648851612759],[137.64570799023159,-3.0945869419337555],[137.64542540975492,-3.0946102658510313],[137.64539994724987,-3.0946117425378361],[137.64511787039351,-3.0946172652745076],[137.64497355708409,-3.094621855414232],[137.64484920782479,-3.094627736980442],[137.64456391499277,-3.0946531257411038],[137.64452751583224,-3.0946575468082642],[137.64430998331909,-3.0946940224111472],[137.6441323609198,-3.094730758817434],[137.64408336945201,-3.0947424976681077],[137.64385902187644,-3.0948170469690695],[137.64371441898527,-3.0948706573549316],[137.64365089357398,-3.0948979832552936],[137.64338501890359,-3.095017765757234],[137.6433273040119,-3.0950458596786348],[137.64316197534492,-3.0951416563623297],[137.64298358582391,-3.0952613669185212],[137.64294701309427,-3.0952840676055757],[137.64276729617382,-3.0954479429681214],[137.64267159661699,-3.0955536276977114],[137.64264085778939,-3.0955890097249608],[137.64251446257242,-3.0957984834132048],[137.64246707009931,-3.0958938825965561],[137.6424368501805,-3.0959687097880533],[137.64236155444223,-3.0962000136196934],[137.64235917573546,-3.0962072126926614],[137.64229918106241,-3.0964470546877578],[137.64228321270014,-3.0965146315449488],[137.64221928079519,-3.0967399216100375],[137.64219571316164,-3.0968127666957912],[137.64209989579365,-3.0970398257273359],[137.64207383344069,-3.0970919846073457],[137.64190658741916,-3.0973390085883352],[137.6418797003879,-3.0973620923866179],[137.64166864838944,-3.0975696397270553],[137.6416495279035,-3.097582370529949],[137.64139413123428,-3.0977682532022754],[137.64135524185099,-3.0977935853056806],[137.64111291772701,-3.0979348175377481],[137.64101623521117,-3.0979847344079303],[137.64085223844006,-3.09805741042112],[137.64065424909438,-3.0981306467119225],[137.6406102830382,-3.0981444908754838],[137.64037635498482,-3.0982142126157441],[137.64026827895793,-3.0982471592789125],[137.6401163259078,-3.0982849775696195],[137.63987256376788,-3.0983420377547759],[137.63984996110685,-3.0983448445388717],[137.63958204137816,-3.0983840315977318],[137.63947947999407,-3.0983935985856306],[137.63930444224627,-3.0984022185874665],[137.63905539928726,-3.0984042285722353],[137.63903821234373,-3.0984037852064716],[137.6387527729222,-3.0984023939552685],[137.63856975638919,-3.0984048293193496],[137.63845407209783,-3.0984086343509603],[137.63814163143115,-3.0984268213406949],[137.63805311296085,-3.0984333432241442],[137.63784161489866,-3.098449477960969],[137.63759663507676,-3.0984711992863936],[137.63753220944398,-3.0984746059182839],[137.63733288010837,-3.0984898080581615],[137.63726839871765,-3.0984947255511202],[137.63718400543758,-3.0985017618467623],[137.6370147961959,-3.0985029435559568],[137.63683724034638,-3.0984953164056606],[137.63677032359158,-3.0984817123610924],[137.63655080177818,-3.0984266846437549],[137.63652818023138,-3.0984146957815142],[137.63633879919632,-3.0983189359700987],[137.63628449543319,-3.0982872987198107],[137.6361438063916,-3.0981762657220315],[137.63605954711045,-3.0980973942792502],[137.63598753030033,-3.0980170506463196],[137.63587337575575,-3.0978716293721504],[137.63584444726348,-3.0978249635512043],[137.63573974459359,-3.0976480372270885],[137.63570088129075,-3.0975833148180527],[137.63560699296841,-3.0973789888491865],[137.63556605223164,-3.0973100558143756],[137.63547855269314,-3.097108940425187],[137.63539221867597,-3.0969400351544323],[137.63536384326687,-3.0968832069943346],[137.63524722008322,-3.0966796715295573],[137.63515583457422,-3.0965504245623947],[137.63511781663397,-3.096495163920622],[137.63496377625734,-3.0962906796710854],[137.63494667744726,-3.0962722039989785],[137.63478786616713,-3.0961118899517146],[137.63469767675645,-3.0960338054157432],[137.63460665457353,-3.0959659066012364],[137.63438069990946,-3.0958436473663937],[137.63429358797873,-3.0958210923694764],[137.63417990827622,-3.0957789582323016],[137.63396628871328,-3.0957221840315015],[137.63390981218811,-3.0957163015660285],[137.63374555641235,-3.0956819627523373],[137.63352461097213,-3.0956350199401754],[137.6335044940372,-3.0956317598977421],[137.63321781984655,-3.095579342012968],[137.63308111030506,-3.0955545387109282],[137.63292503476259,-3.095525317939007],[137.6326335042329,-3.0954710537461096],[137.63260002607046,-3.0954646163988855],[137.63231451919978,-3.0953951770457593],[137.63211816032492,-3.0953428481938658],[137.63200275842064,-3.095307594769622],[137.6317360365889,-3.0952209423925297],[137.63168443079189,-3.0952028840058574],[137.63146478936858,-3.0951144608636127],[137.63129044589743,-3.0950375976070177],[137.63120097504498,-3.0949927816914737],[137.63092431570465,-3.0948404419327744],[137.63088832393703,-3.0948202026901299],[137.63058819498929,-3.094641598231135],[137.63043091975123,-3.0945501030047922],[137.6302447942619,-3.0944453895430684],[137.62995227357862,-3.0942872266741119],[137.62989638700867,-3.0942587226618912],[137.62951728409541,-3.0940741655902002],[137.62941159127195,-3.0940220435824131],[137.62913860566221,-3.0938871497721152],[137.62887342526847,-3.0937500310390647],[137.62875937774311,-3.0936881378971748],[137.62840055094478,-3.0934872959019231],[137.62839274932594,-3.093482916203584],[137.62802779094989,-3.0932833278632188],[137.62793386935266,-3.0932342833354483],[137.62768956042498,-3.0931087478703603],[137.62746510403144,-3.0929988462197571],[137.62737644976346,-3.092955191328997],[137.62706127605713,-3.0928010628187508],[137.62701088974086,-3.0927762577180715],[137.62671764510333,-3.0926305918283106],[137.62657184341595,-3.0925587755669994],[137.62636524126299,-3.0924602710246631],[137.62615950785505,-3.0923633411952096],[137.62604842539463,-3.0923152238684111],[137.62576494109919,-3.0921990575404266],[137.6257533812136,-3.0921942065972985],[137.62545144462854,-3.0920837743466336],[137.6253977676929,-3.092064679940961],[137.62515395159369,-3.0919796949069678],[137.62504099044941,-3.091943384779313],[137.62487439643633,-3.0918885845904356],[137.62468578612015,-3.0918302797435899],[137.62462508907663,-3.0918104433972076],[137.6243970371936,-3.0917308399062904],[137.62436866268365,-3.091720358307839],[137.62418440688498,-3.0916442990451287],[137.62405252490419,-3.0915917786376212],[137.62400803903984,-3.0915737966932966],[137.62381395904708,-3.0915127219345209],[137.62368484697822,-3.0914860876127932],[137.62359663787458,-3.0914715024078419],[137.62337153306987,-3.0914498683167153],[137.62335191346006,-3.0914493593004408],[137.62307288710417,-3.0914883179314643],[137.62303557243376,-3.0915029705855659],[137.62290129196117,-3.0915679645898422],[137.62277361790825,-3.0916626380202956],[137.62273954529383,-3.0916900952216793],[137.62258224757272,-3.0918833055700361],[137.62256447427114,-3.0919033379686311],[137.62242262960069,-3.0921070568950881],[137.62239566432856,-3.0921562363212161],[137.62226013110023,-3.0923575018971405],[137.62220061306789,-3.092452080898795],[137.62207521879634,-3.0926226490159934],[137.62198457342936,-3.0927427345894785],[137.62187487232757,-3.0928731335881707],[137.62175043493471,-3.0930169918406705],[137.62164853275362,-3.0931249518549748],[137.62149230792375,-3.0932816083595185],[137.62140201419163,-3.093363106721938],[137.6212169921705,-3.0935144302467279],[137.62112948993411,-3.0935712503128912],[137.62094589693561,-3.093679572754013],[137.62082674935505,-3.0937271405950355],[137.62064816378177,-3.0937897585904466],[137.62050572465955,-3.0938146779050157],[137.62031139735313,-3.093841596412517],[137.62020847534097,-3.0938377976762013],[137.61999157415187,-3.0938244229587326],[137.61997014960275,-3.0938193489837431],[137.61976710157057,-3.0937653959562113],[137.6196907293438,-3.0937424326671135],[137.61957813692152,-3.0936934052264178],[137.61951858291638,-3.0936674732752181],[137.61932885204499,-3.0935862159310545],[137.61926591299152,-3.0935551146767466],[137.61901833233026,-3.0934434512542452],[137.61892938488324,-3.093408166353754],[137.61875345770602,-3.0933418512453841],[137.61858303797692,-3.0932869485337733],[137.61848750299589,-3.0932630589429664],[137.61827169628179,-3.0932194130454036],[137.61824726529915,-3.0932186081521991],[137.61808974814346,-3.093217788869822],[137.6179612682979,-3.0932270186119695],[137.61791673297091,-3.0932326249856033],[137.61788709581288,-3.0932397035494432],[137.61770657759655,-3.0932828197462641],[137.61767389443469,-3.0932884063348638],[137.61745940342882,-3.0933529839530252],[137.61737488064625,-3.0933692445948964],[137.61717531209104,-3.0934081636557949],[137.61703418507966,-3.0934108760110917],[137.61687633337613,-3.0934127753792495],[137.61675234204699,-3.0933780876285937],[137.61660722294505,-3.0933398106836876],[137.61654705560215,-3.0933028503462197],[137.61641712335165,-3.0932161646941836],[137.61639649829976,-3.0932033295699739],[137.61627970244638,-3.0930742417828014],[137.61621682544614,-3.0930210333939385],[137.6161407374052,-3.0929121326887525],[137.61596183527058,-3.0927415753633909],[137.61588430561631,-3.0926858605639609],[137.61587888630163,-3.0926819656002067],[137.61575126980529,-3.0925942295399977],[137.61550855177836,-3.0924580209209012],[137.61545674543254,-3.0924405785697786],[137.61525040768026,-3.0923464447325841],[137.61510525080678,-3.0922949576461178],[137.61501097038001,-3.092267117333563],[137.61481551442455,-3.0922218823339449],[137.6147977249351,-3.0922189559400408],[137.61455823637357,-3.0922117253907686],[137.61452163666422,-3.0922158236013502],[137.61439354982258,-3.092242584727444],[137.61425634925115,-3.0922919656017029],[137.6142185624368,-3.0923058817110132],[137.61410682706844,-3.0923892623545157],[137.61405047195183,-3.0924313155527443],[137.61399759181552,-3.0924841363337805],[137.61393415993359,-3.0925610301673601],[137.6138261198796,-3.0927545049163996],[137.61381931470964,-3.0927777595858856],[137.61375864284719,-3.092985053317534],[137.61374439488793,-3.0930754513709644],[137.61372938340435,-3.0932252388536199],[137.61372329319545,-3.0933516331712667],[137.61372855243087,-3.0934726954085363],[137.61373548800248,-3.0935573872635587],[137.61374435531786,-3.0936877583832825],[137.61375794137598,-3.0937704942128903],[137.61376913613674,-3.0939071264127165],[137.61375169018845,-3.0940878757548376],[137.61375021440097,-3.0941411282104241],[137.61369035912287,-3.0944209342786735],[137.61366454408346,-3.0944874823114219],[137.6135960786961,-3.0946821081926714],[137.61351253707403,-3.0948217135511982],[137.61346004634413,-3.0949234493576796],[137.61333160516949,-3.0950997866257808],[137.61328019902203,-3.0951676287829741],[137.61310892493702,-3.0953634237829419],[137.61307288460603,-3.0953998220441008],[137.61285533770376,-3.0956131574212122],[137.61285161181252,-3.0956165002012881],[137.61262644675321,-3.0958084164252568],[137.61258743236419,-3.095840739858204],[137.61238698157399,-3.0959957308182879],[137.6123292882661,-3.0960394171852954],[137.61215377117969,-3.0961807924095979],[137.61209139600123,-3.0962241046586314],[137.61190802063868,-3.0964004653091592],[137.61187120059549,-3.096429674389924],[137.61168659675911,-3.0966413667056827],[137.61162031942229,-3.0967329347770942],[137.61150369713801,-3.0968971959487703],[137.61140644894851,-3.0970510762461458],[137.6113251601281,-3.0971870159679611],[137.61122695416066,-3.0973568025743248],[137.61115614963671,-3.0974930552602586],[137.6110649979513,-3.097672688543696],[137.61098885685033,-3.0978350818235185],[137.61090371983084,-3.0980240293853853],[137.61083061034446,-3.098187530630014],[137.61072280411418,-3.0984323575672192],[137.61069398443988,-3.0984961833521538],[137.61057596281046,-3.0987815670156351],[137.61052853346507,-3.0989155444167977],[137.61047354531797,-3.0990724302483841],[137.61042524632808,-3.099223226770448],[137.61037883771326,-3.0993681192432518],[137.6103718823565,-3.099388379170307],[137.6102627064588,-3.0997324184163517],[137.61025532122619,-3.099756573307161],[137.61016055066898,-3.1000668717886697],[137.61014183667646,-3.1001277477972735],[137.61005710075472,-3.1004009897138758],[137.61002527104949,-3.1005023055369065],[137.60994590767757,-3.1007468995497334],[137.60990189125937,-3.1008799749308764],[137.60983229362546,-3.1010883532448474],[137.60977739001464,-3.101249936235547],[137.60971893857823,-3.1014149078716287],[137.6096517043627,-3.1015959207151127],[137.60959984315832,-3.1017257720267253],[137.6095089828533,-3.1019381145522971],[137.60947427441829,-3.1020085629447749],[137.60934234027684,-3.1022449596371189],[137.60932557691388,-3.1022661008997829],[137.6091645568988,-3.102464782723473],[137.60914851928885,-3.102485010274961],[137.60894995797423,-3.1026571135349172],[137.60889400665314,-3.1027008691497713],[137.6088614161215,-3.1027211857340831],[137.60873019873975,-3.1028029871681042],[137.60859016980055,-3.1028780733643657],[137.60850440595368,-3.1029151146407798],[137.60828383463138,-3.1030011527809052],[137.60825145274237,-3.1030136515587401],[137.60802386670809,-3.1030902657031447],[137.60791054673439,-3.1031260857002394],[137.60777799296011,-3.1031637259251852],[137.60756216915888,-3.1032183768265895],[137.60754570706877,-3.103221051410344],[137.60730999745851,-3.1032654869126191],[137.60718316696966,-3.1032857063702295],[137.60701220225144,-3.1033045885358774],[137.6067613579504,-3.1033245426934286],[137.60669388631391,-3.1033294197168857],[137.60639195872193,-3.1033459825310388],[137.60634471463698,-3.1033484736531136],[137.60610994481817,-3.1033677686075976],[137.60596119964976,-3.1033864987878133],[137.60584323827493,-3.1034070878667421],[137.60562537391195,-3.1034698092842063],[137.60560490534215,-3.1034806245311302],[137.60542821733839,-3.1035670925472232],[137.60536011977376,-3.1036038874094061],[137.60523556816702,-3.1036861555915607],[137.60512764142754,-3.1037675235523352],[137.60501473604131,-3.1038591788579879],[137.60490772391245,-3.1039540186629893],[137.60478030616628,-3.1040618545708867],[137.6046780289679,-3.1041439878546839],[137.60452266658785,-3.1042590183389507],[137.60440476996428,-3.1043353267139082],[137.60420985899782,-3.1044493382663063],[137.6040756001089,-3.1045197821621855],[137.60385980778392,-3.1046198524242072],[137.60372149295256,-3.1046801906382484],[137.60353784959216,-3.1047564207721621],[137.60336100060977,-3.1048282855968523],[137.60325713790667,-3.1048698783421855],[137.6030021864018,-3.1049715332096639],[137.60297311581667,-3.104982949203702],[137.60273428645826,-3.1050780579059847],[137.6026506746889,-3.1051113544054374],[137.60261961120614,-3.105123483561897],[137.6023036460964,-3.1052438587170741],[137.60219782916658,-3.1052801697439918],[137.6019538233104,-3.1053556840175816],[137.60173717573014,-3.1054133566410655],[137.60157841930868,-3.1054489419150855],[137.60138206762838,-3.1054884554278033],[137.60129477943065,-3.105506020986013],[137.60118618629349,-3.1055214191781033],[137.60086614275838,-3.1055661532553245],[137.60080652490126,-3.105568781973659],[137.60050461979245,-3.1055969694245391],[137.60045065777172,-3.1056021486202212],[137.60023029239414,-3.1056008419053001],[137.60006831280248,-3.1055897208888723],[137.59996958432896,-3.1055765647066664],[137.59973421196435,-3.1055258978018969],[137.59971558970278,-3.1055221584208539],[137.59949795376758,-3.1054451773530332],[137.59934761859779,-3.1053860981898538],[137.59925039109271,-3.1053387731657836],[137.59903516893792,-3.1052240952157604],[137.59898600839767,-3.1051918859967031],[137.59878100344065,-3.1050471167309865],[137.59872020477371,-3.1049980865923885],[137.59852356980696,-3.1048328046901474],[137.59847203235847,-3.104785525531554],[137.59825633895889,-3.1045805637419903],[137.59824591581639,-3.1045693581892806],[137.59804915944119,-3.1043579626498286],[137.59800851098407,-3.1043125513830887],[137.59790193862364,-3.1041825283010098],[137.59785825495453,-3.1041292308792663],[137.59777647690294,-3.1040295689094251],[137.59769366912758,-3.1039283861859985],[137.59755207536807,-3.1037567559694708],[137.59753783460349,-3.1037400645523121],[137.59738003326197,-3.1035518211595559],[137.5973349844221,-3.103498160411732],[137.59721359393222,-3.1033540899192644],[137.59711972719367,-3.1032470696964651],[137.59703731422076,-3.1031526471768984],[137.59692524430466,-3.1030393092166833],[137.59687157816086,-3.1029919185421591],[137.59671722931671,-3.1028783242751956],[137.59670173669588,-3.102871553279499],[137.59653350681594,-3.1027910693523495],[137.59647320097747,-3.1027667966503145],[137.59634493427131,-3.1027221686931057],[137.59623818474449,-3.102686924262116],[137.59615004129148,-3.1026621488390447],[137.59595133158871,-3.1026130917207411],[137.5959399461716,-3.102610354184435],[137.59583048339016,-3.1025903379736519],[137.59570037757044,-3.1025665482075624],[137.59560874204988,-3.1025488045835914],[137.5954664063496,-3.1025209795595288],[137.5953276823268,-3.1024825973939301],[137.59523550721292,-3.1024470112205336],[137.59510080585756,-3.1023902729926363],[137.59501232875607,-3.1023276513999463],[137.59488002139597,-3.1022450558646142],[137.59481261271196,-3.1021804818437317],[137.59465446782951,-3.1020562000335303],[137.594617750309,-3.1020230663114035],[137.59444523965612,-3.1018914784089588],[137.59438912196049,-3.101848892812086],[137.59426375826592,-3.1017523344026472],[137.59421255446591,-3.1017269438433459],[137.59410106101518,-3.1016552220108338],[137.59401070073329,-3.1016425145903099],[137.59396333703842,-3.101654606874547],[137.59386874094969,-3.1016672261615099],[137.59383240474176,-3.101691670634068],[137.5937618250482,-3.1017468512361575],[137.59372322794468,-3.1017852109187061],[137.59364080867647,-3.1018807485976367],[137.59361570769886,-3.1019119415827845],[137.59350375289591,-3.102043370305239],[137.59343228107502,-3.10211331777532],[137.59335567772246,-3.102190616303858],[137.5932684497792,-3.1022774656324827],[137.59321449405377,-3.1023418139235446],[137.59317929908548,-3.1023946086242518],[137.59311607045038,-3.1025414337401003],[137.59311290393748,-3.1025594912275096],[137.59309018346528,-3.1026851400071678],[137.59308276405841,-3.1027194347540785],[137.59304307337925,-3.1028484775751508],[137.59299044685167,-3.1028983872507183],[137.59291632113138,-3.1029082887864661],[137.59283521397401,-3.1029142899624844],[137.59281058514046,-3.102906152896594],[137.59278762095198,-3.1028985356388716],[137.5927193723013,-3.1028641707448514],[137.59266760192838,-3.1028222416530866],[137.59263724081609,-3.1027914461682826],[137.59256890133383,-3.1027078937542569],[137.59248431739741,-3.1026351736742868],[137.59245493384822,-3.1026016730287438],[137.59232331536873,-3.1025119935336534],[137.59219581218701,-3.1024456145734121],[137.59215065812646,-3.102425244029746],[137.59190990871537,-3.1023349098281869],[137.59189666799693,-3.1023319285756088],[137.59160698197672,-3.1022529779925208],[137.59158847123103,-3.1022499625656792],[137.5914795120699,-3.1022290335430398],[137.5912710159447,-3.1021889867323011],[137.59126885037722,-3.1021886216075814],[137.59094039818092,-3.1021309004206614],[137.59092118596402,-3.1021278858931964],[137.59062433774307,-3.1020798692904918],[137.59058619839436,-3.1020738753090313],[137.59030918472115,-3.1020370372793877],[137.59027731364722,-3.1020329705451104],[137.58998583977473,-3.1020061095942424],[137.58998186926794,-3.1020059207365875],[137.58976171163374,-3.1019923553628814],[137.58970908780418,-3.1019891124075798],[137.58968888363518,-3.1019876761902765],[137.58944758563769,-3.1019675061954217],[137.58942330304308,-3.101964816323175],[137.58917730518851,-3.1019297769375953],[137.58916918610907,-3.1019284081694423],[137.58891989223935,-3.1018777196809992],[137.58887935080145,-3.1018694639045634],[137.5886705686919,-3.1018271058362075],[137.58861898357929,-3.1018202673913606],[137.58842833180211,-3.1018092749779953],[137.58839800936073,-3.1018063099132291],[137.58823445685482,-3.1018415381564068],[137.58815627968863,-3.1018761485653386],[137.58812622614448,-3.1018910458350319],[137.5879977894665,-3.1019976029069767],[137.58794700295186,-3.1020418243706445],[137.58786781674644,-3.102117049961862],[137.58777982527874,-3.1021954690456255],[137.58768705391446,-3.1022619694143145],[137.58759341830171,-3.1023188452384716],[137.58748305619815,-3.1023557848915289],[137.58742200032509,-3.1023672827238897],[137.58729657637593,-3.1023672431537079],[137.58726940875624,-3.102365126149607],[137.58711234126156,-3.1023099698292071],[137.58709127464272,-3.1023033580135007],[137.58693705889823,-3.1022098716881601],[137.58691317470334,-3.102194700125267],[137.58680479470559,-3.1021184052401622],[137.58675919637983,-3.1020722808110577],[137.58673133088632,-3.1019988053005818],[137.58665014278995,-3.1017847288820803],[137.58646454520272,-3.1015991312948472],[137.58627418840308,-3.1015325059203747],[137.58617425124078,-3.1015420243448943],[137.58608858991659,-3.1015800962443905],[137.58601720712852,-3.1016657557699432],[137.586011662808,-3.1016823869325663],[137.58597913522897,-3.1017799696697921],[137.58597437601668,-3.1019132204187372],[137.58595534096628,-3.1021035772182586],[137.58592202827901,-3.1023034515429799],[137.58589823401633,-3.1024129071299171],[137.58584949166072,-3.1025521680480779],[137.58580254075468,-3.1025762446979002],[137.58575673288692,-3.10258580808852],[137.58563948917117,-3.1026236650500323],[137.58561196901724,-3.1026265455785733],[137.58546819080448,-3.102642631752019],[137.58541202634399,-3.1026465114273378],[137.58529233287493,-3.1026556548345638],[137.58517866216562,-3.1026637487329936],[137.58512003895873,-3.1026716187001853],[137.58492956794532,-3.1027040437565461],[137.58492034359904,-3.1027065681535646],[137.58478189476864,-3.1027531332504736],[137.58467448513943,-3.1027988403941436],[137.58463444282529,-3.1028177810157445],[137.58447364134554,-3.1028964689967893],[137.58446154726266,-3.1029028532839789],[137.58430855189818,-3.1029576237952483],[137.58427755226728,-3.1029710173984881],[137.58413901800134,-3.1029796589840544],[137.58410950135249,-3.1029833731840881],[137.5840158936187,-3.1029644658373741],[137.58392915310799,-3.1029032561802978],[137.58389452381334,-3.1028814530166073],[137.58383542486501,-3.1027958096788097],[137.58378257170841,-3.1026519640168999],[137.58378159504468,-3.1026428988506609],[137.58377968578395,-3.1026251786090597],[137.5837521089727,-3.1024565125579784],[137.58375132386459,-3.102429955577918],[137.58373576739177,-3.1022378109261695],[137.58373261886538,-3.1022180438276337],[137.58371289583351,-3.1020498562158423],[137.58369568370892,-3.1019728076988713],[137.58367566210222,-3.1019125504238332],[137.58360709239344,-3.1017804508070981],[137.58358271087343,-3.1017591116935819],[137.58353164107245,-3.1017183616130524],[137.58339286488888,-3.1016616629553369],[137.58336003064096,-3.1016603904146223],[137.5832777777473,-3.1016620613550003],[137.58312701719819,-3.1016920402553865],[137.58310465915281,-3.101702049709786],[137.58299824687163,-3.1017517345548526],[137.58289061780783,-3.1018108047248347],[137.58287503615406,-3.1018201648686841],[137.58273676089289,-3.1019321142755985],[137.58272131413742,-3.101945742601913],[137.58269860985308,-3.1019657750004512],[137.58263191972742,-3.1020358124027894],[137.58256385094103,-3.102114110977368],[137.58252565943167,-3.1021513716884215],[137.58245140690701,-3.1022461674266424],[137.58240269063174,-3.1022976419225756],[137.58234049621694,-3.1023574315501605],[137.58226693257291,-3.1024202617855963],[137.58217126629097,-3.1024788885898147],[137.5820756368812,-3.1024941626754412],[137.58194498427372,-3.1024608769678252],[137.58188990439567,-3.102422223206986],[137.58186667670589,-3.1024059238942527],[137.58177849817923,-3.1023023103033438],[137.58175783625518,-3.1022749349402261],[137.58165127468669,-3.1021362082194059],[137.58157828481001,-3.1020646113926773],[137.58147491943203,-3.1020247588355119],[137.58136951888821,-3.1019654368553802],[137.58128778490345,-3.1019528490447215],[137.58122777224401,-3.101919233285912],[137.58122761216464,-3.1019191433537117],[137.5810881273153,-3.1018788834036854],[137.58104493197811,-3.1018619887397563],[137.58090967574105,-3.101809935979702],[137.58086099633795,-3.1017909431974431],[137.58072484257752,-3.1017248502216148],[137.58068093587656,-3.1017009399463973],[137.58054433695168,-3.1016192985916859],[137.58050047791482,-3.101583332904454],[137.58036289243364,-3.1014843643119434],[137.58030706881618,-3.1014346515878515],[137.58014173924994,-3.1013117007743176],[137.58011768598249,-3.1012946945944577],[137.57993933243426,-3.101173857187689],[137.57992361408355,-3.1011626678227913],[137.57979361168589,-3.1010771063233733],[137.5797404518604,-3.1010417359872804],[137.57967243883206,-3.1009821316200146],[137.57961575096624,-3.1009465319568221],[137.57956786836246,-3.1008794740084795],[137.57953242428198,-3.1007661909069384],[137.57953600358371,-3.1006777093087976],[137.57953908016452,-3.1006221150185524],[137.57954858689789,-3.1005410905988242],[137.57955368965111,-3.1005140308977843],[137.57958738724824,-3.1003795148027393],[137.57959896601949,-3.1003279278914988],[137.57962344826365,-3.1002062828935664],[137.57963184703215,-3.100114915371023],[137.57963117883594,-3.100044913042268],[137.57960580716235,-3.0998909715910372],[137.57959343428968,-3.0998694373246281],[137.57952764798267,-3.0997659307530512],[137.57944224386449,-3.0996983925667223],[137.57941496742683,-3.0996917681605396],[137.57927770300364,-3.0996549382247736],[137.57923668222713,-3.0996565686956501],[137.57914361318728,-3.0996644242737261],[137.57904394312357,-3.0996879442431577],[137.5789940901052,-3.0997054882176371],[137.5788563103705,-3.0997773161701616],[137.57884576761819,-3.0997832409037755],[137.57869622834835,-3.0998962802890446],[137.57868423858679,-3.0999053049857821],[137.5785351957428,-3.1000170952127064],[137.57852709824704,-3.1000231035833394],[137.5783645062171,-3.1001139629889281],[137.57834261132257,-3.1001210802236301],[137.57825014482842,-3.100144530945272],[137.57814568407616,-3.1001531185715407],[137.57812340427176,-3.1001539441491559],[137.57794924965822,-3.1001323379369978],[137.57792948975418,-3.100130477239702],[137.57773214702104,-3.1000823680068379],[137.57769482065953,-3.100075094290105],[137.57747884936941,-3.100006753009211],[137.57742758081827,-3.0999918197666148],[137.57740909795154,-3.0999864364248424],[137.57723725729363,-3.0999349583316302],[137.57709135038556,-3.0999025035976047],[137.57701318670922,-3.0998880568882896],[137.5767769572908,-3.0998634496384625],[137.57675235903423,-3.0998644838588234],[137.57654059837,-3.0998650909011758],[137.57644283666764,-3.0998660747595181],[137.57631556461172,-3.0998686998805738],[137.57612078674492,-3.0998635521611391],[137.57607535299519,-3.0998588981695434],[137.57588316697468,-3.0998235026524981],[137.57583949589605,-3.0998177775683189],[137.57570366589152,-3.0997389465950391],[137.5756399821995,-3.0997135515391392],[137.57556258384625,-3.0996310099631046],[137.57549918703796,-3.0994645148754216],[137.57549184587208,-3.0994142499675945],[137.5754751697433,-3.0992971195663586],[137.57546129410355,-3.0992110904194305],[137.57544423306501,-3.0990725984216283],[137.57544393898661,-3.0990148016916805],[137.57541144738047,-3.0988363069499769],[137.57536425185879,-3.0987126465713573],[137.57528485071532,-3.0986406099761439],[137.57521284020049,-3.0985638843157517],[137.57519468108967,-3.09854453630129],[137.57511093712014,-3.0984947390409161],[137.57506123968449,-3.098479609746164],[137.57488623970823,-3.0984109096357315],[137.57487422116844,-3.0984100525818121],[137.57462998688447,-3.098380854292941],[137.57460115372032,-3.0983796635905492],[137.57430417959426,-3.0983888285815055],[137.57426927690562,-3.0983910993696782],[137.57400234643126,-3.0984173802578425],[137.57393132427126,-3.0984243715874413],[137.57392772338574,-3.0984246935447004],[137.57357158735897,-3.0984691946975431],[137.57356090880899,-3.0984706399080437],[137.573226425759,-3.0985187248592183],[137.57318857689143,-3.0985245866403375],[137.57290126058479,-3.0985713190111142],[137.572818060705,-3.0985853853072172],[137.57256776858776,-3.0986271804000012],[137.57246861563419,-3.0986432665734469],[137.57223356972349,-3.0986811613065015],[137.57210266440654,-3.0987018529081638],[137.57191842569489,-3.0987305853481644],[137.57173337669406,-3.0987568212702286],[137.57155123879875,-3.0987819986902423],[137.57138217075067,-3.0988038657058041],[137.57111617467183,-3.0988399725866316],[137.57105405130346,-3.0988476042335265],[137.57071758704706,-3.0988937763266904],[137.57069466602604,-3.0988973115616432],[137.57034104000707,-3.098948822929799],[137.57032890275673,-3.0989514246684848],[137.57001570396164,-3.0990175464226013],[137.57000932866765,-3.0990193819388878],[137.56976087296596,-3.0991070730329398],[137.56974235322707,-3.099114023893037],[137.56954934522616,-3.0992175439544667],[137.56949592279864,-3.0992456028022843],[137.56932880538011,-3.0993707902297274],[137.56927021364947,-3.0994368993933676],[137.56920537972451,-3.0995097615661962],[137.56915612115813,-3.0995862983689335],[137.56904424099901,-3.0996795319847479],[137.56884496112616,-3.0998193253015529],[137.56864270719529,-3.0999204522669856],[137.56826794081292,-3.1000810657885154],[137.56797645704796,-3.1002268081206239],[137.56771769061902,-3.1003784985688299],[137.56755410303947,-3.1004974716809102],[137.5674737962787,-3.1005985986463429],[137.56741430972272,-3.1007235207738404],[137.56739943763398,-3.1008841342953133],[137.56744107894269,-3.101080440110195],[137.56752132544887,-3.1013132772858967],[137.56753457785851,-3.101375904274505],[137.56753575417179,-3.1014438363638988],[137.56753401488299,-3.1015015062894236],[137.56751503109388,-3.1016713351639282],[137.56750103494483,-3.1017017664233322],[137.56744382817021,-3.1018576369203856],[137.56738381820867,-3.101917919376433],[137.56734374621703,-3.101962624675366],[137.56721687525862,-3.1020586695718748],[137.56720396279275,-3.1020662391655378],[137.56702971375034,-3.1021283409501166],[137.56701048444631,-3.1021348529410488],[137.56682233728111,-3.1021421077720106],[137.56680842297044,-3.1021432454144247],[137.56663141840534,-3.1021252922483882],[137.56659397513192,-3.1021223298815812],[137.56645842211856,-3.1021115524061429],[137.56634986765232,-3.1021122907495737],[137.56627619069366,-3.102116757682154],[137.56613109767204,-3.1021406535682559],[137.56607635593912,-3.1021548547627162],[137.56591510120097,-3.1022098977685459],[137.56585861388396,-3.1022335148647926],[137.56571008545211,-3.1023003686670449],[137.56567111512993,-3.1023179099435652],[137.56562603931036,-3.1023397337916094],[137.5654193022591,-3.1024477252822749],[137.56539930763199,-3.1024572922701736],[137.56520061771437,-3.102590978290948],[137.5651837230505,-3.1026013681585596],[137.56503520720912,-3.1027516421744963],[137.56501828196815,-3.1027670673462353],[137.56493313325757,-3.1029147063485993],[137.56491736994076,-3.1029669416709567],[137.56490600790596,-3.1030105084281558],[137.5649311772321,-3.1031382256485358],[137.56499034362957,-3.1032245713568614],[137.56500721041448,-3.1032464536608586],[137.5650425933411,-3.1032845894122261],[137.56513267393382,-3.1033816784216697],[137.56519000481489,-3.1034367088370232],[137.56533205632945,-3.1035738446571486],[137.56540223132799,-3.1036426077201327],[137.56552085370447,-3.1037697241933415],[137.56557636885441,-3.1038381895807561],[137.56563240920843,-3.1039270659812814],[137.56566232965281,-3.1040105167718934],[137.56567787083713,-3.1040560458498021],[137.56566435672471,-3.1041317705647202],[137.56558994232205,-3.1042312895423265],[137.56554053716616,-3.1042620193766197],[137.56552099489807,-3.1042741764120478],[137.56539063097296,-3.1043203727869013],[137.56534225284281,-3.1043391722149636],[137.56522791663508,-3.1043796623914659],[137.56510234070049,-3.1044498427859821],[137.56508623294337,-3.1044598954077856],[137.56492809615474,-3.1045984485595],[137.56490855838331,-3.1046187876269187],[137.56481069595691,-3.104733016815203],[137.56475629866429,-3.1047966744269502],[137.56469614301261,-3.1048658646678859],[137.56462423502046,-3.1049839258674297],[137.56457624000154,-3.1050330072674228],[137.56451849813027,-3.105153771829066],[137.56448449116635,-3.1053470073584322],[137.5644874436407,-3.1053932172231384],[137.56448811543419,-3.1055486101801648],[137.56450248120461,-3.1057044303151429],[137.56450458471886,-3.1057487965696851],[137.56452141013506,-3.1059638127796916],[137.56452375826484,-3.105991546972291],[137.56454393995091,-3.1061847375355569],[137.56456541486205,-3.10630836373997],[137.56458742397047,-3.1064010074005068],[137.56466055324199,-3.1066067893717673],[137.56466934411503,-3.1066260762323736],[137.5648087291396,-3.106867898534631],[137.5648198627465,-3.1068850638945378],[137.56502692445304,-3.1071366978003425],[137.56503568834637,-3.1071471937879096],[137.56524378607196,-3.1073513668720238],[137.56526647057126,-3.1073735846231898],[137.56537775088259,-3.1074849233904729],[137.56544008199421,-3.1075351918955221],[137.56553692728744,-3.1076727935645181],[137.56555080562521,-3.1077481729398073],[137.56550450942564,-3.107832379160925],[137.56544520902924,-3.1078970215302775],[137.56538798966403,-3.1079822143076967],[137.56536640593492,-3.1079978957862409],[137.56523388813355,-3.1081082632856578],[137.56516748579088,-3.1081576585490325],[137.56506106271797,-3.10823281579178],[137.56491093619081,-3.1083457256746669],[137.56490212103608,-3.1083532116313677],[137.564757674627,-3.1084735364245262],[137.56470051371775,-3.1085178703034444],[137.56463140621452,-3.1085772417462749],[137.56453422637355,-3.1086628787887776],[137.56451390259463,-3.1086784928181146],[137.56443467861754,-3.1087819148534663],[137.56437668943272,-3.1088801055324211],[137.5643696045737,-3.1088940432254617],[137.56429059283664,-3.1090350623182417],[137.56428362399015,-3.1090487715835025],[137.56422159774866,-3.1091518042123312],[137.56419367829574,-3.1092128582867531],[137.56415743471791,-3.1092658967037323],[137.56412754305177,-3.1093690516403854],[137.56410674173276,-3.109417406388161],[137.56409195867707,-3.1094908809993171],[137.56411321145561,-3.1095999363878946],[137.56415550387351,-3.109685186721947],[137.56417896898427,-3.1097172709352776],[137.56424189544714,-3.1098290908398099],[137.56425570903377,-3.1098607352846557],[137.56431084107248,-3.1099906882196251],[137.56431364066202,-3.1100192677749305],[137.56433161900907,-3.1101564269774826],[137.56432669342223,-3.1101896443365717],[137.56430513757209,-3.1103132498565742],[137.56428375169389,-3.1103715133345986],[137.56423900502614,-3.1104704261691722],[137.56418033415514,-3.1105647587565386],[137.56411679975054,-3.1106581515523999],[137.564028587949,-3.1107708986580178],[137.56395849388946,-3.1108585321954365],[137.56384045877019,-3.1109995324024453],[137.56378461986435,-3.1110639463440179],[137.56364139023799,-3.111232395658476],[137.5636020934619,-3.1112775128468684],[137.56347397334525,-3.1114376919958318],[137.56345486544978,-3.1114643272168792],[137.56338704037967,-3.1115880946148309],[137.56336829041436,-3.1116430719701498],[137.56334496110117,-3.1117051908418603],[137.56335735735627,-3.1118697344006705],[137.56337294710386,-3.1119201234149045],[137.56341082834706,-3.112013164575842],[137.56346357538371,-3.1121132654147914],[137.56351443024687,-3.1122005167404154],[137.56356276431018,-3.1122839729269458],[137.56363452301491,-3.1124435495301555],[137.56363856906478,-3.1124699743098176],[137.56367773364059,-3.1126482136440927],[137.56367620029653,-3.1126808698262494],[137.56367504196965,-3.1128418952372385],[137.56366799578143,-3.1128691060243909],[137.56362721332528,-3.1130231922664393],[137.56361865177939,-3.113041778555214],[137.56354240635699,-3.1131895173822954],[137.5635364627376,-3.1132016978000934],[137.56345572340297,-3.113340000040921],[137.56344077936853,-3.1133694870121644],[137.56338716628477,-3.1134684610006502],[137.56335361707579,-3.113601943774654],[137.56336919063574,-3.1136773276464851],[137.56342267241848,-3.1137470296017113],[137.56346491357499,-3.1138106242608501],[137.56349813632994,-3.1138333941957512],[137.56352082982255,-3.1138489497691921],[137.56361813017259,-3.1138878769239113],[137.56366334898439,-3.1139083382990975],[137.56378493642569,-3.1139252455536166],[137.56383918173287,-3.1139426510324597],[137.56401015994095,-3.1139536956065399],[137.56411367460646,-3.1139366876279837],[137.56420593875316,-3.1139280694248441],[137.56429738541601,-3.1139214027504636],[137.56435893861419,-3.1139189458026522],[137.56439711843234,-3.1139293743411258],[137.5644329258389,-3.1139429298223149],[137.56447813026159,-3.1139621995957896],[137.56455764561895,-3.1140218147548921],[137.56458357037559,-3.1141013247163301],[137.56455524622766,-3.1142209273538697],[137.56453796845256,-3.1142463421949174],[137.56447186828211,-3.1143439510124722],[137.56445014066151,-3.1143740917908644],[137.56434446402591,-3.1144969805511664],[137.56429488440142,-3.1145636176167955],[137.56421150375797,-3.1146631150107282],[137.56418478669866,-3.1147067087475762],[137.56411782587702,-3.1148161049792407],[137.56411461080074,-3.1148234533396248],[137.56409343446444,-3.1148990008881583],[137.5640800201769,-3.1149519835471438],[137.56407174731339,-3.115014636616138],[137.56409349561841,-3.1150666192290259],[137.56418142773077,-3.1151583392858697],[137.56424080007298,-3.1151987943887889],[137.56429798166664,-3.1152316816966845],[137.56442239927435,-3.1152955353606444],[137.56448051706229,-3.1153211930185876],[137.56462627738085,-3.1153835502106517],[137.56466599593898,-3.1154010779973191],[137.5647611981708,-3.1154522764014132],[137.56481546326313,-3.1154784178946215],[137.56491821170619,-3.1155304868424309],[137.56497338511372,-3.1156013138494814],[137.56497326370527,-3.115729327846168],[137.56493398041891,-3.1158079411835047],[137.56485320960803,-3.1158693576846872],[137.56477741564527,-3.1159070033054945],[137.56467924295282,-3.1159655905395311],[137.56463978609736,-3.1159835976648651],[137.56451110930027,-3.116029018824122],[137.56440116718022,-3.1160580345506332],[137.56429667585098,-3.1160760389779512],[137.56415771440709,-3.1160887796734187],[137.56406764100893,-3.1160917744157928],[137.56393649737151,-3.1160819097522676],[137.56386111799623,-3.1160685952893914],[137.56376863081778,-3.1160503093742591],[137.56368121581556,-3.115989580854432],[137.56359453376081,-3.1159485465881289],[137.56349206590619,-3.1158281255674751],[137.56341598416043,-3.115751899930217],[137.56341034271315,-3.1157447647090635],[137.56332196903372,-3.115632981676697],[137.56322682345922,-3.1155752865701629],[137.56314403097235,-3.1155198595538423],[137.56308259288744,-3.1155041178207057],[137.56306101095697,-3.1155031978142915],[137.56299055716852,-3.115507790651975],[137.56294535004793,-3.1155058634048487],[137.56285521099926,-3.1155262015728908],[137.56279055064351,-3.115571907817241],[137.56274221208344,-3.1156893331961442],[137.5627390707516,-3.1157826765292498],[137.56273880725018,-3.1158173256090436],[137.56274131006353,-3.1159552168597315],[137.5627414368679,-3.1159575982645151],[137.56274317076077,-3.1159899873479731],[137.56274892012664,-3.1161108283520207],[137.56275324766432,-3.1162003207881526],[137.56275310467208,-3.1162687735849772],[137.56273745826718,-3.1164218292040005],[137.56269822444358,-3.1164937362968317],[137.56264269490453,-3.1165514583830713],[137.56259032468381,-3.1166055615973391],[137.56254559959984,-3.1166224571606449],[137.56242781179412,-3.1166719045846776],[137.56240943324883,-3.1166742464192794],[137.56229082076482,-3.1166771782091587],[137.56224683222558,-3.1166827818848333],[137.56213897383464,-3.1166470536185784],[137.56207783702257,-3.1166286184159731],[137.56198029745281,-3.1165621935903118],[137.56187683944461,-3.116444477730397],[137.56185182210402,-3.1164186581944477],[137.5617576630857,-3.1163084975390802],[137.56170998193022,-3.116283155543158],[137.56161192165291,-3.1162222129846668],[137.56155070659986,-3.1162128627333914],[137.56147842359042,-3.1162063399505655],[137.56138652546781,-3.1162177793270303],[137.56132512875172,-3.1162282096640865],[137.5611950678981,-3.1163256862813569],[137.5611687672249,-3.116386050575727],[137.56114517441029,-3.1164348495885861],[137.56110140260773,-3.1165711607304161],[137.56109613617775,-3.1165870535496083],[137.56104260763027,-3.1167371836740472],[137.5610251338029,-3.1167787620302079],[137.56096057596983,-3.1168937016829545],[137.5608938103012,-3.1169762783325154],[137.56082852491659,-3.117042490918152],[137.5606916292154,-3.1171287952576563],[137.56064854629346,-3.1171519878739105],[137.56047298963688,-3.1172047735813635],[137.56044603605574,-3.1172111857475784],[137.56026997398021,-3.1172365313407795],[137.5602089585766,-3.117245815941601],[137.56007046927675,-3.117266550710724],[137.55997952983148,-3.1172899339832156],[137.5598788120576,-3.1173202285456796],[137.55979830834531,-3.1173527777085042],[137.55968308180888,-3.1174126239933457],[137.55963688993063,-3.1174396414262446],[137.55945407214779,-3.1175522644253988],[137.55944100769636,-3.1175601613722961],[137.55923172646305,-3.117686610548617],[137.55921656029614,-3.1176938024269703],[137.5590083888261,-3.117805132201056],[137.55898909387167,-3.1178130282486336],[137.55879901496269,-3.1178898357472917],[137.55875851489361,-3.1179035962738908],[137.55857954441046,-3.1179552497349619],[137.55853365110715,-3.1179675596550851],[137.55850749882211,-3.1179740095928423],[137.55834924871897,-3.1180130392702949],[137.55831279110248,-3.1180230496240142],[137.5581306523078,-3.1180894636577818],[137.55809853392032,-3.1181003157769283],[137.55794885795353,-3.1182045597925594],[137.55791872526902,-3.1182238979145041],[137.55780749442044,-3.1183601577949958],[137.55778614631367,-3.1183830878092067],[137.55769877717694,-3.1185564923881657],[137.55769464209413,-3.1185646996011656],[137.55767843721014,-3.1186044019715382],[137.55760177989828,-3.1188015585450444],[137.55758218996618,-3.1188528765589467],[137.55748582131366,-3.1190840068214243],[137.55747544043925,-3.1191059475813745],[137.55734112399375,-3.1193601535482003],[137.55733075930721,-3.119374116422307],[137.5571914651141,-3.1195461342466615],[137.55713248667496,-3.1195992841795714],[137.55703291733528,-3.1196701048913837],[137.55688643036456,-3.1197321644078215],[137.55685033697353,-3.119731463835933],[137.55671125771846,-3.1197378067543582],[137.55666965687919,-3.1197275014230286],[137.55659223604289,-3.1197028617975775],[137.55652056906911,-3.119666348423209],[137.55647817682643,-3.1196439013449435],[137.55638858636428,-3.1195354943675397],[137.55636328843502,-3.1194916083509838],[137.55633888623072,-3.1194440926706761],[137.55630206978481,-3.1192894002855382],[137.55629526371547,-3.1192509659592815],[137.55627522412237,-3.1191195363375073],[137.55626044826113,-3.1190455464147817],[137.55620248335799,-3.1188637790401117],[137.55617614401388,-3.1188326948729355],[137.55608560836424,-3.1187013057206627],[137.55600727111869,-3.1186546497922336],[137.55594710737319,-3.1186139365838699],[137.55583171895876,-3.1185783045450535],[137.55578213663637,-3.1185722979731167],[137.55567375843725,-3.1185815448023959],[137.55561329521743,-3.1185960032029243],[137.55552880481059,-3.1186498573050017],[137.55546603033315,-3.1186847761814533],[137.55538451578286,-3.1187865551553386],[137.55535016168074,-3.1188213867974923],[137.5552658088701,-3.1189756178304719],[137.55524479890846,-3.1190127940051866],[137.555169139844,-3.1191634754139841],[137.55513343406085,-3.1192222506063558],[137.55506683116937,-3.1193230484199148],[137.55499856003553,-3.1194145760218248],[137.5549301567014,-3.1194907369079488],[137.5548061437886,-3.1196204092544235],[137.5547377692327,-3.1196892091896302],[137.55458155879194,-3.1198446722937661],[137.55451706840802,-3.1199105107614287],[137.55433729393098,-3.1200881439526142],[137.55429631362404,-3.1201290253342222],[137.55408099434248,-3.1203271765579075],[137.55405254698746,-3.1203533720104701],[137.55386044190595,-3.1205284736101362],[137.55377838776246,-3.1206068971904983],[137.55363356633609,-3.120743309955742],[137.5535374009304,-3.120832766418971],[137.55341898989457,-3.1209429279737151],[137.55331387443584,-3.1210311352785993],[137.55320463738417,-3.1211221817432602],[137.55309854795973,-3.1211999982812699],[137.55298437183137,-3.1212822322891611],[137.552898188001,-3.121342389739425],[137.55276971535011,-3.1214305862525293],[137.5526991527438,-3.1214823593233518],[137.5525661196308,-3.1215828549647426],[137.55249956890009,-3.1216361775674955],[137.55236152836187,-3.1217516109480243],[137.55231435622261,-3.1217918169387531],[137.55216436998978,-3.1219216259822247],[137.5521310006452,-3.121948765722891],[137.55197412020959,-3.1220719098906784],[137.55192143522606,-3.1221114386918885],[137.55177738272005,-3.1222098991674443],[137.55168500435957,-3.1222704082526889],[137.55157207828881,-3.1223394393136346],[137.55145536787097,-3.1224034539561671],[137.55136439065416,-3.122449853577848],[137.55123917984429,-3.1225017948219147],[137.55117408961257,-3.1225237535683164],[137.55100785263039,-3.1225564816962219],[137.55098086217708,-3.1225606005912141],[137.55079013485692,-3.1225737738605517],[137.55078067308966,-3.1225749933412317],[137.55060790523066,-3.1225904553851365],[137.55060115671802,-3.1225913259289086],[137.55047136925839,-3.1226110795376485],[137.5504128269904,-3.1226177677957025],[137.5503512207323,-3.1226280596371794],[137.55022782025776,-3.122615961957024],[137.55020475714389,-3.1226154439475522],[137.55010885883678,-3.1225777488639892],[137.55002277662993,-3.122522073634741],[137.54999712256927,-3.1225060198369192],[137.54989915222416,-3.1223929462773867],[137.54985553870222,-3.1223267642687347],[137.54983385065179,-3.1222886321146461],[137.54981551257595,-3.1222563887213255],[137.54976059007925,-3.1221471759513406],[137.54973714295488,-3.1220986818086658],[137.54968222675348,-3.1219854652569552],[137.54965171635365,-3.1219367238007294],[137.54959521015087,-3.1218561760216517],[137.54954460979593,-3.1218167767228238],[137.54950259706732,-3.1217899625366954],[137.54943482775514,-3.1217709382781322],[137.54939167378677,-3.1217618497295234],[137.54932582812455,-3.1217826159748938],[137.54927444715804,-3.1217932081899562],[137.54920679205986,-3.1218554457721552],[137.54917112674616,-3.1218870173719324],[137.54916238713452,-3.1219003723043102],[137.54908855729116,-3.1220131877583412],[137.54906282678814,-3.1220599273237326],[137.5490003760666,-3.1221808726490963],[137.5489588094016,-3.122267166196707],[137.54890721169852,-3.1223719444096787],[137.54885009485611,-3.1224913536929648],[137.54880852909037,-3.1225735526273297],[137.54873900520101,-3.1227056702304594],[137.54869712557195,-3.1227835002582651],[137.54862734537573,-3.1229085995522041],[137.54857381413024,-3.1230048216151545],[137.54850359506497,-3.1231320379131944],[137.54844619133871,-3.1232375805498691],[137.54837062490446,-3.1233756696514092],[137.54831254308942,-3.1234788281853412],[137.5482263070985,-3.1236303315744749],[137.5481690067943,-3.1237254465720525],[137.54807972030289,-3.1238824322284131],[137.54802717021778,-3.1239705298160629],[137.54794266182444,-3.124123950559806],[137.54790755498971,-3.1241871450206986],[137.54782374357103,-3.1243446981492298],[137.54780469862806,-3.1243819327799542],[137.54771343542677,-3.1245656247037914],[137.54770923379419,-3.1245761521676627],[137.54763839509587,-3.1247511512445953],[137.5476130351135,-3.1248162909390089],[137.54756422440948,-3.124949873537787],[137.54752141398217,-3.1250564324083712],[137.54746371437898,-3.125183662196207],[137.54740998618195,-3.1252862073924916],[137.54731707632209,-3.1254248109062246],[137.54727054629871,-3.1254865763443718],[137.54712654325544,-3.1256337414039876],[137.54711327465793,-3.1256458633658326],[137.54692612394149,-3.1257819955426385],[137.54690536758869,-3.1257955132522852],[137.54672167476554,-3.1259034867564424],[137.54665331369949,-3.125942275415639],[137.54651839111091,-3.126015125897311],[137.54640216902499,-3.1260725961733442],[137.54631116482847,-3.126118681032267],[137.54612977696775,-3.1262087535311025],[137.54611058363662,-3.1262181118763124],[137.54592329802188,-3.1263188107644737],[137.54584547968523,-3.1263615933128222],[137.54575625524706,-3.1264128771525179],[137.54557925427923,-3.1265300588150922],[137.54555782163618,-3.1265489769536998],[137.54542018669235,-3.1266636279240174],[137.54533412067315,-3.1267537795632165],[137.54527767832224,-3.1267964074282304],[137.54515730586502,-3.1269017027513542],[137.54514596181673,-3.1269072128974926],[137.54500008008972,-3.1269866437185669],[137.54494913169708,-3.1270080421873558],[137.54478532558232,-3.1270598503317615],[137.54471002175012,-3.1270815887442609],[137.54454648003605,-3.1271173242050736],[137.54445859378916,-3.1271360885596096],[137.54429860079983,-3.1271647598457548],[137.54420764336817,-3.1271804107473145],[137.54402438311888,-3.1272117862948789],[137.54394877801371,-3.1272257086994273],[137.54372248700327,-3.1272725912570536],[137.54369161057946,-3.1272809117846236],[137.54347564918191,-3.1273482530194201],[137.54346331677868,-3.127352028373366],[137.54340283287445,-3.1273848023666915],[137.54329107412389,-3.1274453600153151],[137.54327320639345,-3.1274542426191374],[137.54315290228465,-3.1275798554259495],[137.54312153123374,-3.1276277146472466],[137.54306396203231,-3.1277405336986135],[137.54302761773044,-3.1278334894239492],[137.54299686181582,-3.1279312178513692],[137.5429888407624,-3.1279567055374855],[137.54296140244685,-3.1280566148208777],[137.5429276068237,-3.1281830918761671],[137.54289843371578,-3.1282888341623334],[137.54286174677225,-3.1284105798843029],[137.54282494381619,-3.1285232415543192],[137.54277104924461,-3.1286630105894346],[137.54273477958645,-3.1287461106444425],[137.54264322770291,-3.1289056863482756],[137.54262194075,-3.1289437897240759],[137.54245279805821,-3.1291208068797118],[137.54242385967348,-3.1291388535751707],[137.54226897483341,-3.1292300493272478],[137.54216281795971,-3.1292712589614098],[137.54207021746663,-3.1293074791568074],[137.54191339818487,-3.1293576820113458],[137.54188350292134,-3.129373633286491],[137.54174331570152,-3.1294466231630622],[137.54170569166445,-3.1294758628207546],[137.5416292286061,-3.1295465495335861],[137.54156710523773,-3.129621862358988],[137.54153718389398,-3.1296648265704334],[137.54148420663091,-3.1297993165851494],[137.5414729021528,-3.1298267665919752],[137.54146030804679,-3.1299943219803481],[137.54146449888754,-3.1300457883824038],[137.54147750308437,-3.1301454980162475],[137.54149898608944,-3.13023715422122],[137.54151616224112,-3.1302911863891154],[137.54155544912476,-3.1304020062475502],[137.54158077043633,-3.1304623417636321],[137.54162843180677,-3.1305674842020039],[137.54167083663981,-3.1306729432017164],[137.54170997873257,-3.130758612619843],[137.54175293035348,-3.1308988115308694],[137.54176964785108,-3.1309528832688898],[137.5417919987018,-3.1311254307939294],[137.54178471599187,-3.1311618236591698],[137.54177102471306,-3.1312809649445512],[137.54172244513484,-3.1313518333204229],[137.54165835315052,-3.1314085562598279],[137.54160712237092,-3.1314516697586896],[137.5415764590864,-3.131462511985319],[137.54144243132316,-3.1315248206139472],[137.54140531720168,-3.131534953275434],[137.54123230472715,-3.1315709432444123],[137.54117546757379,-3.1315787655475447],[137.54099902868234,-3.1315998762332811],[137.54096309087402,-3.1316054520299303],[137.54083171161426,-3.1316390444063131],[137.54079593028803,-3.1316481833169405],[137.5407071546116,-3.1316918193219294],[137.54061852372593,-3.1318051653760222],[137.54060968968554,-3.131842620340592],[137.54059882767388,-3.1318999143495034],[137.54060447901361,-3.1320413165534546],[137.54060809069085,-3.1320535608231239],[137.54064977336839,-3.1322037116319166],[137.54065463600273,-3.1322201944063863],[137.54072524807179,-3.1323722571738699],[137.54074023167641,-3.1324063963380695],[137.54082749918985,-3.1325616346117044],[137.54083758328795,-3.1325807146282045],[137.54090030380598,-3.1327039118560265],[137.54091585668152,-3.1327299966919213],[137.54094490568286,-3.1328059048685759],[137.54093242489159,-3.1329102765879497],[137.54089353370966,-3.13297140440676],[137.54082810263492,-3.1330155539246221],[137.54079871998499,-3.1330369703798056],[137.54068809797741,-3.1331172366710689],[137.54067673774136,-3.1331243332213603],[137.5405188059982,-3.1332319946607754],[137.54049093510866,-3.1332516799210453],[137.54035662136107,-3.1333614817469311],[137.54029625436874,-3.1334259028830616],[137.54023355813229,-3.1335031096807029],[137.54015240960609,-3.1336442663697426],[137.54014379769819,-3.1336608957337262],[137.54008040538645,-3.1338418815975047],[137.54007479181826,-3.1338572240316012],[137.5400432480975,-3.1340334084150072],[137.54003649598758,-3.1340594132112756],[137.54003023940413,-3.1342613236011516],[137.54003430703767,-3.134302538631232],[137.54005645194377,-3.1344519322108795],[137.54008109876372,-3.1345531149342492],[137.54010267799629,-3.1346443322700566],[137.54013727941197,-3.1347799680210642],[137.5401444119351,-3.1348479171975896],[137.54015771830416,-3.135003885720721],[137.5401544303827,-3.135059978235347],[137.54013508416688,-3.1352642025808564],[137.54012890222714,-3.1352885544231981],[137.54008090630884,-3.1354841443776991],[137.54007608504332,-3.13550260656001],[137.54000050871662,-3.1356849324136533],[137.53997542302739,-3.1357380886418582],[137.5398943914131,-3.1358705497859773],[137.53983953366765,-3.1359497953467326],[137.53976598171471,-3.1360377211638593],[137.53968432866884,-3.1361189353405621],[137.5395993526281,-3.1361905717374725],[137.53952472958269,-3.1362415785859525],[137.53938889328288,-3.1363110898848277],[137.53937471187351,-3.1363176639289918],[137.53921667311101,-3.1363496761965735],[137.53913684029305,-3.1363543553691784],[137.53908269481053,-3.1363521844057232],[137.53893550097268,-3.1363486060033097],[137.53892577930139,-3.1363486932375508],[137.5388569460913,-3.1363558698274687],[137.53880935037125,-3.1363634673001002],[137.53876894113375,-3.1363569202356416],[137.5386840163543,-3.1363595993159947],[137.53858905783886,-3.1364484460389122],[137.5385381643049,-3.1365182586106926],[137.53850409169058,-3.1366191769334364],[137.53849046246489,-3.1367534349230368],[137.53849775326876,-3.1367930752401776],[137.53850747224215,-3.1368879042533422],[137.53853157767026,-3.1369632728367378],[137.53853415872447,-3.1370063872349192],[137.53854490922026,-3.1370998708623006],[137.5385358944161,-3.1371774212009882],[137.5384979772,-3.1372426157540758],[137.53840519234586,-3.1373211760313779],[137.53836961426634,-3.1373485019317968],[137.53833306941567,-3.1373597551485091],[137.53823448663229,-3.1374061862464373],[137.53826566342968,-3.1375328197837575],[137.53841904820058,-3.1381558521108559],[137.53851857617144,-3.1384137578885429],[137.53853844219543,-3.1387283542301248],[137.53845604630953,-3.1390488411310571],[137.53829204234398,-3.1393158669336572],[137.5381005146271,-3.1395903076465288],[137.53798724141814,-3.1399249957419215],[137.53796724229449,-3.1402515476707435],[137.53799376599954,-3.1405305371545182],[137.53798032563157,-3.1407841990314864],[137.53786962088634,-3.1410172007831534],[137.53768233077506,-3.1411848649894978],[137.53746571377178,-3.1413085379585937],[137.53721381006937,-3.1414786186433048],[137.53694946064911,-3.1417158651949535],[137.53681566670969,-3.1418633782922143],[137.53675636181674,-3.1419387118020836],[137.53662316322846,-3.1421318753857008],[137.53645753598653,-3.1424605461172632],[137.5363029020574,-3.14288853707626],[137.53616474190937,-3.1433876734023443],[137.53605293279668,-3.1438596214243262],[137.53595152614207,-3.1442197063743151],[137.53579601897115,-3.1445172155969772],[137.53552189032303,-3.1447963687573406],[137.53511622143651,-3.1450549481273242],[137.53473894504634,-3.1452343403924488],[137.53468512871575,-3.1452599288026022],[137.53450295125026,-3.1453212391837724],[137.5342269403211,-3.1454141265606381],[137.53375629631614,-3.1455305132225817],[137.53333014267196,-3.1456885915551993],[137.53286841994168,-3.1460066251055991],[137.53239901160521,-3.1464043206028691],[137.53206306266031,-3.1466791066554265],[137.53181273906671,-3.1468085119032594],[137.53153415068061,-3.1468690695518831],[137.53110500229411,-3.1469486406671763],[137.53052370660384,-3.1470912812375786],[137.53003419662093,-3.147308261566991],[137.52964162635999,-3.1476419343277371],[137.5292946184519,-3.1479918812203209],[137.52899678097674,-3.1482287311709456],[137.52866388612949,-3.1483724644176618],[137.52828359790976,-3.1484423075663699],[137.52790942328136,-3.1484816322214897],[137.52756287132956,-3.14855534335436],[137.52727152695945,-3.1486888072425927],[137.52703823382751,-3.148889907343289],[137.52688031827211,-3.1491218955590057],[137.52674157986007,-3.1493832133645583],[137.52653318985494,-3.1496576972448906],[137.52623757370509,-3.1498804152489015],[137.52589396343569,-3.1500106172961182],[137.52555530303482,-3.1500984351945931],[137.52525325763179,-3.1502206179870882],[137.52497379780255,-3.1503868162984645],[137.52474949609245,-3.1505884640862973],[137.52453713827833,-3.1508471306904653],[137.52427880802065,-3.1511550612570431],[137.52400801495799,-3.1514183998392582],[137.52372131828429,-3.1516151112483612],[137.52341932773982,-3.1517604587780852],[137.52309532538902,-3.1518640579798216],[137.52275667398135,-3.1519563949715916],[137.52240582506886,-3.1521137286655971],[137.52201814262321,-3.1523813021553337],[137.52166090222897,-3.1526843835773661],[137.52134357194836,-3.1529941568547883],[137.52101739413752,-3.1533638222825289],[137.52078789974189,-3.1537434279168224],[137.52070732228515,-3.1541221018534884],[137.52067724445931,-3.1544650601143758],[137.52060443804442,-3.1548041728742078],[137.52047265858641,-3.1551552969793306],[137.52031220424487,-3.1554985727009353],[137.52011622938051,-3.1557956232693414],[137.51987744318956,-3.1560509668785812],[137.51960595315234,-3.1562606384176775],[137.51933700729717,-3.1563624137943407],[137.51907647819701,-3.1564568201260954],[137.51880845324763,-3.15670545659151],[137.51855426077054,-3.1570975511110646],[137.51832809386656,-3.1574590641844225],[137.51809000465005,-3.1577686450069109],[137.51785478427098,-3.1581047648230083],[137.51766571530061,-3.1584695766096047],[137.5175513188384,-3.1588071020660777],[137.5174881468605,-3.1591778259958119],[137.51743123686219,-3.1595795999185725],[137.51731220799206,-3.1598606461518557],[137.51704729739492,-3.1600025151039404],[137.51665126834143,-3.1600695676563646],[137.5162720269326,-3.1601106028219874],[137.51590184079737,-3.1601742037764211],[137.51551546776466,-3.1602858636017004],[137.51523882281344,-3.1604582645372261],[137.51506365916066,-3.1607614745623778],[137.51494277139182,-3.161204086699172],[137.51488990114808,-3.1616521721099957],[137.51485092003395,-3.1620318766697437],[137.51475969910086,-3.1624235763869137],[137.51460894394768,-3.1628300978306925],[137.51440887536933,-3.1630633217149011],[137.51418467258463,-3.1630734759601182],[137.51395680236465,-3.162963871085708],[137.51373622204903,-3.162846350378743],[137.51353527213519,-3.162830508820889],[137.51352769174969,-3.1628299107717339],[137.51334600531391,-3.1629936026726],[137.51319842206954,-3.1633176517881338],[137.51309654776753,-3.1637212360461717],[137.51305271481101,-3.1641885066941882],[137.5130559928399,-3.1642631486253663],[137.5130560288128,-3.164263958914546],[137.51305610165787,-3.1642656325528264],[137.50736341199195,-3.1676090556133545],[137.50257790264811,-3.1724210418975076],[137.50068323524317,-3.176326791248357],[137.49999997711734,-3.1774675210092482],[137.49997653718754,-3.1775066550080737],[137.49885479391367,-3.1781264182995415],[137.49743743988597,-3.1793573392697567],[137.49671283363045,-3.1802216480106154],[137.49598902597279,-3.181417717553586],[137.49503233797213,-3.1836544196157206],[137.49490298218689,-3.1848158535687503],[137.49427795066697,-3.1858789718370417],[137.4931907152793,-3.1870427629131086],[137.4917052214189,-3.1874113059869273],[137.49012104495034,-3.1879791370275257],[137.48893308369497,-3.1884464787219713],[137.48698587429874,-3.1891478797708146],[137.48566010093293,-3.1899539232348957],[137.4847293826549,-3.1915204675954669],[137.48406485470935,-3.192773528975124],[137.48210582372485,-3.1965111275864047],[137.48086236260804,-3.1975868255714772],[137.47957274828377,-3.1979475013760634],[137.4778377213338,-3.1981751908323304],[137.47539200243898,-3.1989409176891286],[137.47374729530145,-3.1997047235940954],[137.47201531705332,-3.2011838349659456],[137.47086269825502,-3.2030190868613317],[137.46975407968705,-3.2046754851854189],[137.4686908211246,-3.2066446155565131],[137.46681846859747,-3.2081514692148971],[137.46424083534635,-3.209587927540781],[137.46330947944898,-3.2109310380369038],[137.46300161902957,-3.2124514112036309],[137.46318586583516,-3.2150432618370246],[137.46332556832044,-3.2176351934094214],[137.46319939523596,-3.2206747553356649],[137.46305180659567,-3.2222328109953651],[137.462867967183,-3.2223085671865874],[137.46261649875248,-3.2223929955402468],[137.46237781778211,-3.222473132329128],[137.4618881252369,-3.2226401813991856],[137.46137907838181,-3.222892918773141],[137.46084314089831,-3.2232756531488462],[137.46037315969363,-3.2236943810907519],[137.4600171873434,-3.2240305809465326],[137.45971903960208,-3.2242934267002283],[137.45943433492664,-3.2245368066282936],[137.45917346588283,-3.224783067084843],[137.45895532722659,-3.2250353242208121],[137.4587576832206,-3.2253028977104918],[137.45852076222343,-3.2255976828867006],[137.45821016876437,-3.2259211177653242],[137.45783828201115,-3.2262776935606894],[137.4574439697634,-3.2266582767580303],[137.4570373233139,-3.2270510916345074],[137.45657022173839,-3.2274535445453694],[137.45607897606396,-3.2278185451896775],[137.45565652402945,-3.2280902798424904],[137.45525321496393,-3.2282824280915179],[137.45477128896391,-3.2284096875569617],[137.45421299433428,-3.2284725061012409],[137.45366898633472,-3.2284925807679201],[137.4531777703379,-3.2284964838256087],[137.45270654627018,-3.2284937849601647],[137.45219775482258,-3.2284812340216718],[137.451652523745,-3.2284610892078263],[137.45110079866299,-3.2284515797765607],[137.45056535220931,-3.2284797672274408],[137.45007457418228,-3.2285733767598686],[137.44964826135822,-3.2287364292427583],[137.44928887158426,-3.2289632688397205],[137.44896631894051,-3.2292700123011855],[137.44862670795624,-3.2296825502094748],[137.44826008313635,-3.2301740162178021],[137.44793951079987,-3.2306509096117679],[137.44772013377724,-3.2310450788672256],[137.44769656974097,-3.2310972395459316],[137.44759618561557,-3.231319448533668],[137.44756336845478,-3.2313920957685696],[137.44739480042972,-3.2317863675467606],[137.44717037191515,-3.2323244930808528],[137.4469210933338,-3.2329998407699918],[137.44672539276269,-3.2337053391300401],[137.44659733290064,-3.234397793723133],[137.44651459527245,-3.2350521764167866],[137.44647500981387,-3.2356072523727448],[137.44646588169519,-3.236113219949118],[137.44646993763763,-3.2366790374076118],[137.44648310281298,-3.2373869675344622],[137.44649823660438,-3.2381658469761874],[137.44649889490813,-3.2388141520514182],[137.44646930631347,-3.2393183605538525],[137.4463793084584,-3.2398511899804134],[137.44621997916875,-3.2404411299541493],[137.44603444273537,-3.2409782581400464],[137.44586814639786,-3.2414755688423611],[137.44574589795491,-3.2419662191656471],[137.44562760383087,-3.2424179926961756],[137.44544785003836,-3.24283511804623],[137.44520524532584,-3.2431997436731876],[137.44494672980784,-3.2434932275303936],[137.44471216593377,-3.2437423640188285],[137.44434825796577,-3.244336418390958],[137.44426756269797,-3.2445847823617555],[137.44408238959068,-3.2449569137305616],[137.44411024159444,-3.2450224122544569],[137.44406158377512,-3.2451338391553008],[137.44391153458969,-3.2453762172385723],[137.44380534983713,-3.2454712557937455],[137.44365825582395,-3.2456029102460775],[137.44328249029479,-3.2458023421043549],[137.44284099061929,-3.2459626048902805],[137.4423868212948,-3.2460931882499722],[137.44194752765634,-3.2462363899973639],[137.44155343394391,-3.2464322497484659],[137.44123556496936,-3.2466809113948898],[137.44100297960392,-3.2469576112047207],[137.44085063444925,-3.2472282405908004],[137.44073430534399,-3.2474692903754203],[137.44059116205256,-3.2476855566430913],[137.44040254364256,-3.2478763900832632],[137.44018190487111,-3.2480275391395708],[137.43993038787721,-3.2481463323873072],[137.43964263629869,-3.2482492777818948],[137.43927884704124,-3.2483776083399221],[137.43875107989845,-3.2486148009322733],[137.43805276172566,-3.2489834717097779],[137.4378686219394,-3.2493717953719852],[137.43781784621672,-3.2494788740507374],[137.43782387796966,-3.2494819245511053],[137.43793131637722,-3.2495319421453814],[137.43810859073892,-3.2496274690324185],[137.43819442203505,-3.2496559559575644],[137.43830936528502,-3.2496734657577804],[137.43853078646669,-3.2496947005499237],[137.43866518025391,-3.2496959434130304],[137.43872643487714,-3.2496944028743542],[137.43908519332706,-3.2496613887620356],[137.43918083622668,-3.2496516958690336],[137.43946554539866,-3.2496135277420422],[137.43974453398312,-3.2495846451152488],[137.43988553239149,-3.249580612555178],[137.44019798474926,-3.2495862081369751],[137.4404569463311,-3.2496024462957962],[137.44056057700914,-3.2496247512812033],[137.44084576731836,-3.2497102597206435],[137.44087451414759,-3.2497188788231597],[137.44083998737563,-3.2498416191953083],[137.44035451714728,-3.250168207996353],[137.44023417346841,-3.2503627709251077],[137.44015069300019,-3.2508122385938805],[137.44018754721765,-3.2510671352400777],[137.44034555360452,-3.2514674423685506],[137.44068463219014,-3.2518065946985644],[137.44101150607617,-3.252097212416345],[137.44144748481369,-3.25254540754446],[137.44147536199841,-3.2526011097533569],[137.44159315160277,-3.2528364641314624],[137.44162983225101,-3.2530185066986519],[137.44163050494387,-3.253297777670241],[137.44155922018194,-3.2537957718573125],[137.44136686239085,-3.2541847906954899],[137.44111401889688,-3.2545375308823168],[137.44078840046438,-3.2547690208735389],[137.44026899881533,-3.2547945706128871],[137.4397855763433,-3.2547107457043012],[137.43955069770664,-3.2546307761893445],[137.43928986103833,-3.2545419672379694],[137.43883068069147,-3.2544945082149184],[137.43851665092279,-3.2545195588305091],[137.43826345579396,-3.2547265935573932],[137.43804705822527,-3.2551642369399474],[137.43808408781047,-3.2554919858663993],[137.43835055873137,-3.2557827501737506],[137.43882682979438,-3.2559728866393698],[137.43907609398661,-3.2560723984224182],[137.43968056340736,-3.2562530596309216],[137.44036994411772,-3.2565792203546948],[137.44082970093007,-3.2568695134172572],[137.4410600856545,-3.2572210682976106],[137.44110902046498,-3.2574759343668234],[137.44110995575988,-3.2578644819602118],[137.44083359319586,-3.2584844035323499],[137.44060473821821,-3.258764233882232],[137.44045980077919,-3.258776726364772],[137.44003697732467,-3.2587777551892145],[137.43962574343334,-3.2585723365440344],[137.43917762384831,-3.2580998840023767],[137.43871753518613,-3.2576760344214222],[137.43842023190825,-3.2575672848022919],[137.43835479633685,-3.2575433502453848],[137.43796815620556,-3.2575200020464194],[137.4376664948129,-3.2576664422524573],[137.43748575446409,-3.2578611616632429],[137.43746229115186,-3.2581526310390245],[137.43747531333509,-3.258541142659567],[137.43754905324624,-3.2590630821954392],[137.43785629673073,-3.2595813381082053],[137.4379372060373,-3.2597178147253203],[137.43827658139912,-3.2601783854241262],[137.43857993891311,-3.2607361917218327],[137.43859286486884,-3.261088277202191],[137.43859350878347,-3.2613554091248034],[137.43840107095275,-3.2617079937288622],[137.43801548302815,-3.262121771802299],[137.43771434773907,-3.2624867697485911],[137.43737758490772,-3.2631068406081454],[137.43717306018868,-3.2634594557891887],[137.43701698014956,-3.2638605273414214],[137.43635540557761,-3.265052074193818],[137.4361141201706,-3.2651862287614222],[137.4357401101181,-3.2653935512713019],[137.43535400238534,-3.2655887716044845],[137.43511288245361,-3.2657957703584657],[137.43506503132619,-3.2659901678119354],[137.43515032392838,-3.2662935118360679],[137.43545315893618,-3.2666327522996426],[137.43574400418254,-3.2670084566748869],[137.43576901792585,-3.267360513376957],[137.43574540982286,-3.2675912776153382],[137.43567339391211,-3.2677857263301462],[137.43554109824311,-3.2680288949175065],[137.43551737322821,-3.2682110849735295],[137.43551801714284,-3.2684782088022644],[137.4355187887611,-3.268488348658309],[137.43554297332958,-3.2688059874063242],[137.43555551887221,-3.2690002283777631],[137.43555636873145,-3.2693523516296636],[137.43555774739218,-3.269923034420458],[137.43563260606004,-3.270906367534792],[137.435791266254,-3.2715737975926231],[137.43614307834048,-3.2721800512683217],[137.43659106122857,-3.2725917887800051],[137.4371718479025,-3.2729667745969095],[137.43772798146119,-3.2731354091717435],[137.43813901840099,-3.2732558238971023],[137.43869581835736,-3.2737037285442057],[137.43904713311872,-3.2741035608306106],[137.43928983945455,-3.2745522236061788],[137.4394488270018,-3.2753532155783773],[137.43942678012183,-3.2762275049952905],[137.43940233205205,-3.2764794176909504],[137.43935606013417,-3.2769562058641668],[137.43904408261835,-3.277831203946846],[137.43871937160179,-3.2784391096770946],[137.43837002545638,-3.2788527951203719],[137.43818931298642,-3.2790596571774131],[137.438057303302,-3.2794242450328284],[137.43807036145813,-3.279824903796225],[137.43813181932808,-3.2802618708885802],[137.43833816787219,-3.2806620566086053],[137.43837541239543,-3.2810747959650257],[137.43835236636869,-3.2815362569926378],[137.43814823375408,-3.2820467283737571],[137.43788330157315,-3.2823994928422735],[137.43747361541512,-3.2828376146641176],[137.43651844726855,-3.2837049981870905],[137.43652014069198,-3.2844036329212827],[137.43641986808257,-3.2852052616134984],[137.43634022682011,-3.2860890388780035],[137.43626129422341,-3.2872604849833351],[137.43628839439396,-3.2877425090095471],[137.43630403270504,-3.2880206639224525],[137.43650957365799,-3.2884722189177182],[137.43693986238486,-3.2888615866928035],[137.43757399504386,-3.2890038648364452],[137.43818718608986,-3.2889407153417096],[137.43851950357225,-3.2887726968024822],[137.43871810175904,-3.2886722865966931],[137.43922796699712,-3.2881573231019274],[137.4396969976184,-3.287663012537962],[137.44030978846604,-3.2874354840602678],[137.4404937897566,-3.2874350317013068],[137.44092317736283,-3.2874545218086837],[137.44149607428449,-3.2876380482572927],[137.44194591067526,-3.2876574880025942],[137.44233430628333,-3.2876359879104484],[137.4425870652409,-3.2874422910288672],[137.4429261024577,-3.2871824759904484],[137.44351808928843,-3.2868111531121826],[137.44423305211376,-3.2865628161210338],[137.44482031660436,-3.286507702068775],[137.44490757242659,-3.2864995128421697],[137.44570480882987,-3.2864564524032858],[137.4463995701841,-3.2863109079220294],[137.44682835434514,-3.2860838201121396],[137.44727778783965,-3.2859388790759567],[137.44770697219906,-3.2858761783429031],[137.44819763960948,-3.2858749696540599],[137.4485910228575,-3.2858740010842098],[137.44875517341256,-3.2858735963893082],[137.44877796942785,-3.2858735397320515],[137.44879052396357,-3.285873509155067],[137.44897519614847,-3.2858962467143442],[137.44911192727363,-3.2859130820230575],[137.44918837864077,-3.2859224952269415],[137.44932615028165,-3.2859394582393406],[137.449444950724,-3.285954085712433],[137.44957308792777,-3.285962077987449],[137.4497927617266,-3.2859757800581519],[137.44990801704137,-3.2859829692386029],[137.45002773389285,-3.2859904363095325],[137.45007882707625,-3.2859936226075774],[137.45018838068927,-3.2859974303370905],[137.45063087681353,-3.2860128069454504],[137.4507221373168,-3.2860125821149495],[137.45126466143506,-3.2860112439237241],[137.45210267579796,-3.2859269882398507],[137.45275710705494,-3.2857059411762179],[137.45277678961725,-3.2856992933876086],[137.45371563237063,-3.2850394356213997],[137.45412568994868,-3.2846476585625624],[137.45414736810665,-3.2846269471758092],[137.45447031285471,-3.2843183987750422],[137.45508188691963,-3.2835977063689938],[137.45563152377588,-3.2826305907291271],[137.45614031882076,-3.2816841307180198],[137.45648626822674,-3.2810257379474024],[137.45695508301071,-3.2804492410396051],[137.4574243411605,-3.2800576753214159],[137.45793504186872,-3.2798920273950785],[137.45832343657742,-3.2798705237056538],[137.45883448892062,-3.2798487079514871],[137.45930480916968,-3.2798886450448776],[137.45991868819692,-3.2801131589950501],[137.46038985290943,-3.2805024017644087],[137.46077925395946,-3.2808918468811612],[137.46131175243545,-3.2812809466583417],[137.46170125510889,-3.2817114898932687],[137.46194819545292,-3.2823684059770812],[137.46217413302986,-3.282799352108384],[137.46258337222491,-3.2829421806370647],[137.46312721115191,-3.2829772631901051],[137.46319497326942,-3.2829816338952469],[137.46319506769828,-3.282981640190485],[137.46319679889325,-3.2829817517064157],[137.46323467204252,-3.2829827463565948],[137.46327235273691,-3.2829837347115358],[137.46331918133524,-3.2829849640847897],[137.46333057574554,-3.2829852626596789],[137.46336772224265,-3.2829862384241437],[137.46340224631672,-3.2829871440414422],[137.46351363994256,-3.2829900668380674],[137.46354189843987,-3.2829908087787771],[137.4636879960043,-3.2829946443872586],[137.4639123993378,-3.2830005340473463],[137.46423975526056,-3.2831024560134665],[137.46473162506447,-3.2835943860720249],[137.4648354122246,-3.2842311177718102],[137.46483677289882,-3.2847859068440926],[137.46483742940393,-3.2850530243775324],[137.46498114016754,-3.2852992416666211],[137.46535717639267,-3.2856611117708212],[137.46573575590048,-3.2860254298296923],[137.46566979692363,-3.2860611553979311],[137.46566518430086,-3.2860653669230828],[137.4652262351027,-3.2864661740746328],[137.46483649320965,-3.2870640712498584],[137.46433277663641,-3.287590763702724],[137.4636861757765,-3.2878675939142568],[137.46275086735875,-3.2878806430771874],[137.46208604623416,-3.2879787959845999],[137.46148893866371,-3.2881339793995608],[137.46100970073712,-3.2884926092464752],[137.46084348443935,-3.2888754929095967],[137.46076297982768,-3.2894047070615215],[137.46076433960263,-3.289958747897856],[137.46078523445112,-3.2912240553458219],[137.46073701909825,-3.2918675751284354],[137.46057465279807,-3.2923684030793083],[137.46034875658995,-3.2930695604118227],[137.46029343659291,-3.293713097281568],[137.46036644265723,-3.2944778501725978],[137.46059964765573,-3.2967506240420335],[137.46058705624773,-3.2974155036225739],[137.46055865116091,-3.2977989871334898],[137.46055263109906,-3.2978802669607035],[137.46034750473359,-3.2983454547788824],[137.45997912713506,-3.2989540314033547],[137.4598029130741,-3.2996121678672239],[137.45980358216968,-3.299883824278993],[137.45985478417106,-3.3004556096386182],[137.46017645457982,-3.3010982193073346],[137.46077589229367,-3.3018902513339867],[137.4620595791863,-3.3032453506923503],[137.46301050972727,-3.3042619335413406],[137.4630936934193,-3.3043508603038845],[137.46486895064163,-3.3060192699732625],[137.46494101781377,-3.3060801261968322],[137.46615197833125,-3.3071027012286436],[137.46667236923452,-3.3075660778121687],[137.46697258361792,-3.3081586860744778],[137.46715199926541,-3.3088016338882653],[137.46717484384408,-3.3094092347483297],[137.46714149608329,-3.3103029216424602],[137.46701593723583,-3.3113040829170473],[137.46698295280112,-3.3123479008349364],[137.46698463633197,-3.3130270409650961],[137.46729244638937,-3.3138126491343769],[137.46807711386782,-3.3147114369832025],[137.46857671334476,-3.3153893279550744],[137.46875592124888,-3.3159464885395664],[137.4688794179508,-3.3169827638434413],[137.46888211501766,-3.3180693876920486],[137.46852952681627,-3.3193070256986061],[137.46837182440026,-3.3202299135796238],[137.46826310445874,-3.3208661506523072],[137.46827165611205,-3.3214451881448781],[137.46830086609214,-3.3217489386625516],[137.46843347922174,-3.3221596635376045],[137.46887638813485,-3.3229234802343512],[137.46915486500507,-3.3233517167083164],[137.46934091585069,-3.3237980547364145],[137.46940621112776,-3.3243090333351688],[137.4694048036888,-3.3244988784204565],[137.46940088624194,-3.3250275071137025],[137.46940275413385,-3.3257781316553974],[137.46915548104073,-3.3264578968144178],[137.46886584538254,-3.3272628718839883],[137.46794931301042,-3.329120307356277],[137.46738285343599,-3.3301583165530246],[137.46717198489921,-3.3311739928853967],[137.46720923661701,-3.331853043083413],[137.46760180417994,-3.3327766612138703],[137.46610039771519,-3.3339636853757497],[137.46545008715191,-3.3354772326881061],[137.46506157912859,-3.3370558675342181],[137.46500233359086,-3.3395276685670297],[137.46466286380019,-3.3424077456209034],[137.46460045804474,-3.3436108649494258],[137.4648143977663,-3.3454640673128324],[137.4655706970301,-3.3471055431862169],[137.46673293497702,-3.3489037502078531],[137.46720653505361,-3.3499674737199143],[137.46732806044167,-3.3514790739999967],[137.467147384844,-3.3524655628353912],[137.46607103035387,-3.3536186609723586],[137.46486209600903,-3.3540687266903433],[137.46318274159034,-3.3547303300406384],[137.46178127138865,-3.3553517831581985],[137.46069040363932,-3.3559395953359967],[137.46036403067558,-3.3562066454202863],[137.45970533843069,-3.3569839924172697],[137.45947260287835,-3.3574250145527458],[137.4594411850627,-3.3579378313658026],[137.45955914014223,-3.3586313777358328],[137.46005523406188,-3.3600404544034177],[137.46089507224985,-3.3614019623306604],[137.46200444534895,-3.3627721235346257],[137.46325410189536,-3.3644875002978551],[137.46395367911907,-3.3655037827733167],[137.46453218601164,-3.3664176207765308],[137.46501725873952,-3.3671355648543795],[137.46534455890435,-3.3679379687621918],[137.46600961924855,-3.3700097387583696],[137.46642098893756,-3.3709800353003629],[137.4667951087074,-3.3719224168859796],[137.46695484628924,-3.3726131645658484],[137.46696663370324,-3.3736031625558667],[137.4669497498312,-3.3742756782799006],[137.4667562795787,-3.374948644564256],[137.46647178444539,-3.3754653662336409],[137.46593703586552,-3.376225793385629],[137.46548113714482,-3.3767263398486307],[137.46468829482899,-3.3776072761548335],[137.46441143493985,-3.3781672929861202],[137.46437379921156,-3.3790063541598556],[137.46437652325801,-3.3800850172097512],[137.46443359693296,-3.3801235612532992],[137.46522105860504,-3.3806553528622203],[137.46530724333468,-3.3807087015453021],[137.46658845709169,-3.3815017902753652],[137.46714492429885,-3.3817796358214878],[137.46785800124587,-3.3818749513678767],[137.46876376873297,-3.3817269346502599],[137.4695704138436,-3.381600107758743],[137.46970578069727,-3.3815788244031637],[137.4701773402121,-3.3817233202749435],[137.47054050174279,-3.3820016487570115],[137.47126719442554,-3.3827040219729838],[137.47240303367312,-3.3827618178036118],[137.47364810187844,-3.3830136063927512],[137.47467718620328,-3.3838487537169613],[137.4760575933833,-3.3850593985723663],[137.47619929146424,-3.3851104099174449],[137.47692828371339,-3.385372844681001],[137.47852344989735,-3.385514449232403],[137.47865434891912,-3.3855459839599575],[137.47972028566267,-3.3858027763769769],[137.48068981957954,-3.3869780392050757],[137.48111624302021,-3.3883732393334753],[137.481389686385,-3.3913715421629149],[137.48161062822794,-3.3927308539456931],[137.48218605404327,-3.393879095743614],[137.48291021063778,-3.3953986793055719],[137.48354097803383,-3.3963805303371828],[137.48409876814367,-3.3971683049732633],[137.48529745201586,-3.398172962811941],[137.48608398019155,-3.3986444548776262],[137.4868587497316,-3.3992373985870472],[137.48735550105562,-3.3997824875717129],[137.48780431042064,-3.400473403424769],[137.48827715416735,-3.4011156803443328],[137.4883944734263,-3.4012514860671672],[137.48868234011798,-3.4015847136635671],[137.48919811570056,-3.4021817663753495],[137.48958626669287,-3.4027756975403349],[137.48969621960487,-3.4032489378881223],[137.48968609683595,-3.4040138886300042],[137.48977260981815,-3.4047664413181451],[137.49004015722755,-3.4054456821724557],[137.4901588344627,-3.4056332609661695],[137.49070737504542,-3.4065002739684473],[137.49084184077844,-3.4071070096807148],[137.49127663420938,-3.4070451686995398],[137.49195291179751,-3.4069219975521037],[137.49250187326288,-3.4066872133441848],[137.49326818018244,-3.4062750693389034],[137.49384698564995,-3.4058364663797533],[137.49518516606258,-3.4047038152288565],[137.49663270403607,-3.4038137166296565],[137.49721791897184,-3.4036481739240685],[137.49794886994448,-3.4035188936819623],[137.49846540635349,-3.4035175491954988],[137.49877043570712,-3.4035167541948113],[137.49999999510374,-3.4036896236771668],[137.50024534904367,-3.4037300616929542],[137.50039667346778,-3.403755001691934],[137.50056415780966,-3.4037779344041041],[137.50060084295455,-3.4037829571177554],[137.50121078834729,-3.403866470860919],[137.50195725892047,-3.4040462678209451],[137.50227456581865,-3.4043634919815418],[137.50227568097796,-3.4047951296914221],[137.50224091138898,-3.4048733203474058],[137.50207339916813,-3.40525001667487],[137.50151065109571,-3.4061829203054685],[137.50065396231059,-3.4070938732835998],[137.50013501302055,-3.4076862917888775],[137.50000000229829,-3.4078950577106752],[137.49999997441932,-3.4078951035760952],[137.49988737300396,-3.4080698796212232],[137.49975320944316,-3.4083702064198178],[137.49969573107319,-3.408559520005781],[137.49966026990558,-3.408857906966773],[137.49969006264632,-3.4091706731879867],[137.49980663816586,-3.4094177349404617],[137.49995252888618,-3.4096368016969905],[137.4999999753187,-3.4097080468887953],[137.49999999960039,-3.4097080612779678],[137.50039618513586,-3.4099401250367123],[137.50082024785627,-3.4102058009568736],[137.50156719596941,-3.4105673374126582],[137.50221817293038,-3.4107835128488091],[137.50238172723493,-3.4108378256051424],[137.50380709781939,-3.4112884578959779],[137.50396294313543,-3.4112976381754265],[137.50491498164115,-3.4113537154016171],[137.5052034400868,-3.4114319627148575],[137.50591036297294,-3.4116237242554348],[137.50634094128145,-3.4120315182399281],[137.50634223720454,-3.4125313083731612],[137.50611811805675,-3.4132815857765308],[137.5057131488428,-3.4140323353239523],[137.50512738801865,-3.4148062765883651],[137.50481278538177,-3.4155340745378453],[137.50456629469886,-3.4163752805946501],[137.50441058428112,-3.4173525585736684],[137.50405182942848,-3.4184893942700683],[137.50391913805788,-3.419625638212608],[137.50398913858794,-3.4204660177924211],[137.50396084411773,-3.4207580582377659],[137.50392308967889,-3.4211477272857564],[137.50430922888791,-3.4218509692468047],[137.50492131736496,-3.4225081830061868],[137.50553322777625,-3.4230972416443137],[137.50623668917194,-3.4241176987727613],[137.50664543913581,-3.4248208777812579],[137.50716769613234,-3.4257055013077888],[137.50757703874945,-3.4266358562597361],[137.50773717922755,-3.4273624068495678],[137.50800946426546,-3.4277478922513751],[137.50848526858033,-3.4281555612301418],[137.50927720977552,-3.4284260907913904],[137.51027302458044,-3.4288551051789113],[137.51138163595385,-3.4291929498946843],[137.51239981959611,-3.4295310320314343],[137.51309544699734,-3.4298941072271987],[137.51339587272139,-3.4300509112205191],[137.51368330144328,-3.4302423759847898],[137.51414319585183,-3.4305487282411491],[137.51500355117298,-3.4310462466868898],[137.51565991417374,-3.4313398429593462],[137.51651907969188,-3.431383007719603],[137.51769485693217,-3.4314707689607644],[137.51905195998006,-3.4317397903590177],[137.52002517122469,-3.432168849712582],[137.52086315860799,-3.4327572878185038],[137.52095497219432,-3.4328359497192764],[137.52181477713032,-3.4335725996956512],[137.52226810019272,-3.4340257491889474],[137.52267579165448,-3.4343199965705367],[137.52333251438415,-3.4347498886963308],[137.5236504939752,-3.4349387454267344],[137.52417026704427,-3.435247451208852],[137.52503002881281,-3.4355177793220264],[137.52607034477069,-3.4356740383261695],[137.52754089999257,-3.4361017639851639],[137.52833260286741,-3.4362813972686013],[137.52887569625648,-3.4364844102273082],[137.52980297822489,-3.4366409660077011],[137.5305716557574,-3.4366616369249527],[137.53135734576495,-3.436598796797],[137.5320407711647,-3.4365441369023415],[137.53389449243696,-3.4365391978256525],[137.53500256241841,-3.4366725466006756],[137.5361109309747,-3.4369194806494647],[137.53701614358022,-3.4372805422631814],[137.53794348310532,-3.4374598050259237],[137.53857675871052,-3.4375716995742209],[137.53893882037028,-3.4377070358509627],[137.5397535467888,-3.4380456180107899],[137.54056815539616,-3.4383387646222445],[137.54147264584594,-3.4384272147441379],[137.54269344314798,-3.4384466643820133],[137.54323599244719,-3.4384452128762177],[137.54386938676282,-3.4386025375770259],[137.54445817290639,-3.4389871515357413],[137.54509247283943,-3.4394852311584714],[137.54552349811104,-3.4400520045962821],[137.54586664612884,-3.4404204019799067],[137.54613561536644,-3.4407091616984076],[137.54661119125353,-3.4410259263054286],[137.54699555699938,-3.4410476125572131],[137.54767338142153,-3.4409094901807862],[137.54811034941315,-3.4408683875660131],[137.54866781127055,-3.4408159525941073],[137.54902663986763,-3.4407963356823075],[137.5499787880907,-3.4407442820229335],[137.55110843011005,-3.4404913575900196],[137.55198982596971,-3.440398121276246],[137.55271261739347,-3.440169008193152],[137.55345244197667,-3.4400120459191612],[137.55379710445288,-3.4399389220435523],[137.5547462552355,-3.4398227835945363],[137.5555359472263,-3.4398517768379975],[137.55589928412473,-3.4398651155825632],[137.55666813072969,-3.4399539137421016],[137.55793394629461,-3.4399050706624621],[137.55926733511944,-3.4397651766215631],[137.56037496623173,-3.4397394739974629],[137.56103734569706,-3.4396128188764692],[137.5604636690631,-3.4404050397607193],[137.56010674972674,-3.4412973381016059],[137.55966060145568,-3.4416245141599688],[137.55930368211932,-3.4420409200523636],[137.55885753294888,-3.4429927040500274],[137.55823292411026,-3.443706541823417],[137.55799497788598,-3.4443608939400292],[137.55704319388838,-3.4452829346596445],[137.55671601783001,-3.4456101107180075],[137.55609140899139,-3.4463834359467569],[137.55537757121795,-3.4469188149512888],[137.55496116532561,-3.4476921392807753],[137.55475296237933,-3.4484952077875732],[137.55433655738625,-3.449179303182234],[137.55377143510373,-3.4498039111215348],[137.55362271781428,-3.4506367220070615],[137.55305759643102,-3.4510828711775048],[137.55273042037265,-3.4518859396843027],[137.55239075363045,-3.4522369279918053],[137.55294453995862,-3.4525258603800921],[137.55432462787928,-3.4532396981534816],[137.55618060734923,-3.45504808819868],[137.55860765721764,-3.4575227283911545],[137.56170095723348,-3.4622340607532465],[137.56455631012568,-3.4671357499148598],[137.56669782524455,-3.4714187801525327],[137.56893451831343,-3.4741789550946578],[137.57221817422942,-3.4804131427522975],[137.57631084676825,-3.4876467038322971],[137.57830959541161,-3.4912158962965236],[137.58138674090549,-3.4974047698142385],[137.58254503532521,-3.4997343655484769],[137.58483651239521,-3.5044883302721814],[137.58573351329107,-3.5063492677044792],[137.58992136377992,-3.5140111318082177],[137.59142577038301,-3.5172444823469391],[137.5931098417459,-3.5208639801884942],[137.59606037438687,-3.5268126321971636],[137.59796394238208,-3.530810126785866],[137.59920126202871,-3.5317143222580967],[137.60186625812139,-3.533475122878599],[137.60929017690023,-3.5379960993404893],[137.61424232072659,-3.5411027264096333],[137.61695204100397,-3.5428026096526537],[137.62013352314364,-3.5445565061777984],[137.62437595978281,-3.5468952830908052],[137.62936331026867,-3.549802984619987],[137.6308052634522,-3.5506167595557372],[137.63137633385077,-3.5509736788920918],[137.63164759186293,-3.5511450006412133],[137.63191885077435,-3.5513020447535268],[137.63203306467426,-3.5514019819158875],[137.63218210392097,-3.5514694949212071],[137.63212269290807,-3.5516064104074871],[137.63190708044749,-3.5520543267457469],[137.63163152817253,-3.5526262631914278],[137.63137663062707,-3.5531996313578702],[137.63118475127533,-3.5536907241475433],[137.63103937226924,-3.5540901238600782],[137.63089834957918,-3.5546016312602546],[137.63073737363095,-3.5552069316545385],[137.63058333505296,-3.5558377611037599],[137.63044902040599,-3.556221848959126],[137.63028140026643,-3.5565522212079941],[137.63002183613889,-3.5569419100410755],[137.62981851021618,-3.5571936158926292],[137.62963862422316,-3.5574109829304916],[137.62937131513411,-3.5575883598149289],[137.629032416413,-3.5576966273973767],[137.62887765837729,-3.5577460667275318],[137.628594193867,-3.5579166375427462],[137.62855083395391,-3.5579527255378025],[137.62833212692613,-3.5581347573131552],[137.62811499101406,-3.558382327182585],[137.62797393235121,-3.5586052421381851],[137.62788127430144,-3.5588252711692689],[137.62776451082357,-3.5592264983042128],[137.62747231209755,-3.5599706657135926],[137.62717254197935,-3.5604278981289212],[137.62688898393947,-3.5607721963797303],[137.62661327158526,-3.561101506529269],[137.62635963758726,-3.561397604715637],[137.62611039677745,-3.5616985160735908],[137.62585222569976,-3.5620315269333673],[137.62559429204305,-3.5624804613041761],[137.62538593171541,-3.5629207756732058],[137.62525462799874,-3.5632694743067646],[137.625052871393,-3.5637009591318929],[137.6248105085981,-3.5641123611964645],[137.62466830419896,-3.5643376296778229],[137.6245143096877,-3.564560401641188],[137.62423322838083,-3.5649758461583474],[137.62394281390982,-3.5652977261091223],[137.62369369990438,-3.5655455603792348],[137.62335182712513,-3.5657943740110909],[137.62310615662386,-3.5659497885518476],[137.62279858039028,-3.5660338248011385],[137.62254790965835,-3.5660501762745866],[137.62224901727836,-3.5660084926977333],[137.62192069818173,-3.5659400866655915],[137.62183996873966,-3.5659322643624591],[137.62141676936847,-3.5658912552771653],[137.62090835833408,-3.565822342926765],[137.62049069159218,-3.5658065463350113],[137.62013811778002,-3.565828459215993],[137.61972668333988,-3.5658915160805691],[137.61919681178347,-3.5660173420266688],[137.61880741523009,-3.5660807325397172],[137.6187102542749,-3.5661061365888713],[137.61849125316883,-3.5661633991215353],[137.61804586662356,-3.5662027381657708],[137.61756338484236,-3.5662416770117602],[137.61712744117858,-3.5662643857927492],[137.61672636602907,-3.5662921568575143],[137.6162794740186,-3.5663306208614358],[137.61590936072844,-3.5663849650940165],[137.61557548741882,-3.5664832708861809],[137.61524514484768,-3.5666128452065777],[137.61496628576549,-3.5667097561502601],[137.61464249475534,-3.5667669476364949],[137.61439401297343,-3.5667817091085681],[137.61404464884151,-3.5667783969054199],[137.61363965444662,-3.5667470258545109],[137.61323899118656,-3.5666921537198846],[137.61278037111731,-3.566657998367873],[137.61231262023125,-3.5666267622152645],[137.61193742397302,-3.5666301643505562],[137.61159655123993,-3.5667195587605534],[137.61137204178635,-3.5668691304060189],[137.61116566536327,-3.567094165962942],[137.61103404418589,-3.5673587635960189],[137.61093300715265,-3.567629681664414],[137.6108590388136,-3.5678797912193545],[137.6107435478765,-3.5681574838807251],[137.61058055474882,-3.5684794429718636],[137.6102504900681,-3.5690836605824074],[137.60995561046309,-3.5695276046151889],[137.60959773964407,-3.5700580031742675],[137.60936939368264,-3.5703526291704293],[137.60919577776303,-3.5705186017520418],[137.60900371135222,-3.5706232990259537],[137.60876294575337,-3.5707023143602896],[137.60840834936585,-3.5707106906457966],[137.60810291531732,-3.5707401281543412],[137.60776346890907,-3.5707685440330579],[137.60737727843866,-3.5708195769618669],[137.60689006892164,-3.5708395113343272],[137.60649576746573,-3.5707806875786332],[137.6060834094219,-3.5707805967471131],[137.60578492533409,-3.5707360596214244],[137.60544819218035,-3.5707633009855044],[137.60512245593668,-3.570815047076735],[137.60483483745782,-3.5708912942977236],[137.60455037110285,-3.5710139852072302],[137.60424788772991,-3.5711878898092095],[137.60391443440369,-3.5713767582307696],[137.60359854483704,-3.5716066528246984],[137.60324901702859,-3.5717990097164716],[137.60299127762539,-3.5719966105550611],[137.60272791386217,-3.5722024240026258],[137.60254446475528,-3.5723943995818104],[137.60228872634366,-3.5727557651663915],[137.60205657984739,-3.5730119370512057],[137.6018806148985,-3.5731846239711444],[137.60167955167003,-3.5733054955521197],[137.60135912322505,-3.5734253616910223],[137.60109883784116,-3.5734887063387077],[137.60082119464244,-3.5735182445712894],[137.60046685006512,-3.5735400648221116],[137.60019732594594,-3.5735364225678268],[137.59980119886632,-3.5734975673587996],[137.59938869693087,-3.5734318700846757],[137.59900936738848,-3.5734197616126835],[137.59870523286031,-3.5734872611281503],[137.59842425317686,-3.5735967562852125],[137.59819218761947,-3.5737035273958213],[137.5979525713542,-3.5737695852980664],[137.59772780919116,-3.5737929191078592],[137.59743680116753,-3.57376222164919],[137.59723400314681,-3.5740313077985775],[137.59706905669168,-3.574137670616949],[137.59690429999353,-3.5742214928275757],[137.59667992363961,-3.5743375512369653],[137.59649311466558,-3.5744003410028995],[137.59622161563516,-3.5744847837457314],[137.59583544225188,-3.5745410291451094],[137.595372067467,-3.5746073613406111],[137.59506604076523,-3.5746838945460695],[137.59461258460317,-3.5748328582497493],[137.59435697119727,-3.5749174448841359],[137.5940887421018,-3.5750518557584883],[137.59387286524066,-3.5752442378312708],[137.59372663817385,-3.5755208279238104],[137.59361984008365,-3.5757858824125037],[137.59349854941854,-3.576076074751029],[137.59344972882195,-3.576320131868556],[137.59345623631634,-3.576644765543449],[137.59352355237013,-3.5769704829014017],[137.59361703419881,-3.5772955572440992],[137.59374026470152,-3.5775019003923489],[137.59374824978192,-3.5775152697138992],[137.59400215897256,-3.5778059791625765],[137.59411392671643,-3.5779136900646904],[137.59421815634289,-3.5780141362433255],[137.59443456110614,-3.5782522704258781],[137.59462421193791,-3.5785049952093004],[137.59474301417879,-3.5787495874234878],[137.59479713268161,-3.5789261693072376],[137.59484045212525,-3.5790675103572767],[137.5949475128175,-3.5793718301458171],[137.5949964350375,-3.579616443943678],[137.59501455188013,-3.579707028156804],[137.59507240976393,-3.5799890933219558],[137.59517564294163,-3.5802083426408444],[137.59537111418558,-3.5804675209593029],[137.59556746406724,-3.5806299115411093],[137.59580039477248,-3.5809254323627897],[137.59599728694525,-3.5812323790709684],[137.59622064526661,-3.5816355280571202],[137.59629519276905,-3.5818613496215335],[137.59630526967248,-3.5820917730168844],[137.59625197584808,-3.5822708981833671],[137.59613312414444,-3.582433462334393],[137.59598267566003,-3.5827051574170241],[137.59591162562106,-3.5829513828000472],[137.5959099780631,-3.5832089072652025],[137.59596522611434,-3.5834804683489097],[137.59603429674542,-3.5837890976886797],[137.59606015675092,-3.5841204906680559],[137.5960236343833,-3.5843902881812255],[137.59592164496803,-3.5846027278335555],[137.5958253428654,-3.5847905449476229],[137.59576843106834,-3.5850419998883467],[137.59571683066724,-3.5854323578170124],[137.59569026019744,-3.5857514462721838],[137.59570766028037,-3.5860077233776906],[137.59577800615011,-3.5864236814077231],[137.59578661715875,-3.586915369548592],[137.59575687657866,-3.5873096602126111],[137.59564333717037,-3.5877764011599425],[137.59553174569362,-3.588187689909887],[137.59541384817067,-3.5886116402149923],[137.5952043852742,-3.5890878905936461],[137.59496742290833,-3.5895543869253856],[137.59481392662144,-3.5899319394074496],[137.59462379105514,-3.5904263821717564],[137.59454503292704,-3.5907679797584251],[137.5944996981026,-3.5912204367737104],[137.59440547972918,-3.5917734595774391],[137.59436265041609,-3.5921124320430522],[137.59431787676863,-3.5928014125551044],[137.59432661638027,-3.5932202583082358],[137.59435304026067,-3.5936324104073947],[137.59443568435938,-3.594204032989694],[137.59451615030014,-3.5945716479631074],[137.59459223744182,-3.595136954606744],[137.59465390215587,-3.5953765402950353],[137.5947361802306,-3.5956213078770247],[137.59484925289075,-3.5959820862042875],[137.59497163623212,-3.5963204777078204],[137.59510148934237,-3.5967080315503495],[137.59517744518303,-3.5970962553878394],[137.59519305201775,-3.5974809718692882],[137.59519904869717,-3.5981314955720336],[137.59522936034682,-3.5985750969630885],[137.59535406303962,-3.5990592415906804],[137.59551702918759,-3.599357769745211],[137.5956496692969,-3.5997283956488673],[137.59568323919018,-3.6000935132050245],[137.5956727288135,-3.6004445401833323],[137.59571876870632,-3.6010930341161611],[137.59584845634129,-3.6018557491434535],[137.59597068859648,-3.602495549330115],[137.59597210233073,-3.6025029435559759],[137.59603587235767,-3.6028367323293082],[137.59616515799576,-3.6028695270070443],[137.59629703278188,-3.6029029781898316],[137.59653868960891,-3.6030492727057322],[137.59682889184,-3.6032200512643158],[137.59710970335016,-3.6033939900405585],[137.59746427815401,-3.6035569094237871],[137.597752330106,-3.6037147395435341],[137.59803596099084,-3.6038937567914218],[137.59821102931562,-3.6039959701378734],[137.59840036718322,-3.604144566918194],[137.59842050390318,-3.6041688387209092],[137.59851331124037,-3.6042807026922219],[137.59862211122152,-3.6044812802867909],[137.59868673560447,-3.6046695299747853],[137.59871109284268,-3.6047436610910495],[137.59875386280055,-3.604873831661962],[137.59877644567644,-3.6051005678368711],[137.598814727118,-3.6054035737159325],[137.59882020219061,-3.6054469102466555],[137.59888391106369,-3.6056007203968647],[137.5990225757314,-3.6057668053937277],[137.59919359980483,-3.6058862902200985],[137.59942099428349,-3.6059735181632959],[137.59962854432194,-3.6060030635904923],[137.59988309472908,-3.6059985741748051],[137.59991191530276,-3.6060060763193178],[137.60012943072866,-3.60606269493735],[137.60029711202219,-3.606117089532006],[137.60033264243759,-3.6061481404242954],[137.60048931423057,-3.6062850532126163],[137.60065602605482,-3.6064224804130731],[137.60084715357334,-3.6065009669460437],[137.60110522032971,-3.6065367473729566],[137.60142392657303,-3.6065679250696121],[137.60159825475569,-3.6065754892673567],[137.60169897972423,-3.6065798599724985],[137.60195170810493,-3.6065923290726687],[137.60221690198853,-3.606682964547133],[137.60242550333442,-3.6068548195942185],[137.60259659665564,-3.6069957748350703],[137.60270621412053,-3.6071099518627534],[137.60292060260383,-3.6072860400186642],[137.60300222777062,-3.6073140368133068],[137.60316450863525,-3.6074413637279008],[137.60337518111976,-3.6075945155743625],[137.60365990378159,-3.6074496231015587],[137.60392888560966,-3.6073127399909026],[137.60443374791919,-3.6071888278021333],[137.60508262496319,-3.6067063325311892],[137.60523865014363,-3.6065245435727888],[137.60572943536522,-3.6059779832972367],[137.60583104436728,-3.6059132887672263],[137.60617043231969,-3.6056972005653165],[137.60637018163868,-3.6056671811954288],[137.60657714981562,-3.6057014435667156],[137.60711289304561,-3.6059059161250957],[137.60755538017668,-3.6060747962148412],[137.60804693162061,-3.6059907698580673],[137.6083533387357,-3.605863882711958],[137.60848191840591,-3.6058106365516096],[137.60872681818819,-3.6056303629508193],[137.60881065298929,-3.6055197256547444],[137.60864215960805,-3.6046211005833015],[137.60795806511271,-3.6037882887984551],[137.60786883617789,-3.6026877893099822],[137.60789857945599,-3.6015872880228699],[137.60661961940002,-3.6004273010790371],[137.60653038866656,-3.5992673141352043],[137.60682782144681,-3.5952222301217489],[137.61816000408101,-3.5947760809513056],[137.61920101881208,-3.5959360678951953],[137.62318661626944,-3.5959658111731869],[137.62407891371095,-3.5952817157785262],[137.62464403599358,-3.5946273645611768],[137.62583376621535,-3.5940622431779161],[137.62589325277145,-3.5925155927203605],[137.62633940194189,-3.5913258615991595],[137.62726144266151,-3.590314591944832],[137.62782656494403,-3.5895710099940743],[137.62877834894175,-3.5894817801599856],[137.62970038966137,-3.5890058877114939],[137.63029525612126,-3.5884705087069619],[137.63136601323095,-3.5887084549311794],[137.63326958212554,-3.5886192259964105],[137.6364818543542,-3.5886192259964105],[137.63737415179571,-3.5891546041016227],[137.63817722030251,-3.5891843482789909],[137.64070539713646,-3.589392550325897],[137.64135974925307,-3.5888869145993567],[137.64174641186753,-3.5882623057607361],[137.64240076308477,-3.5878459007676611],[137.64284691225521,-3.587370009218489],[137.64302537192339,-3.5860315617071592],[137.64427458870136,-3.5850202911534552],[137.64475077163092,-3.584628139976644],[137.64813826866623,-3.5917418825817435],[137.66003557358295,-3.5965008052679082],[137.66897764330361,-3.6029812686705895],[137.67579909095537,-3.6032913351269826],[137.68430607586481,-3.6098257857314024],[137.68954089099941,-3.6131570319714115],[137.68993647129116,-3.6144426667955827],[137.69144445899462,-3.6193436302042983],[137.69144445899462,-3.6264820133342255],[137.68954089099941,-3.6326686115671123],[137.68668553720784,-3.6359998569078016],[137.68287840031803,-3.6388552106993757],[137.6776435860827,-3.641234672042458],[137.66713588571258,-3.6452321657318407],[137.66333835628018,-3.6461628498356049],[137.66130795869537,-3.6467222317455708],[137.66097518345805,-3.6458427541397214],[137.66029108806333,-3.6450991730883402],[137.66002339946033,-3.6442961036821657],[137.65942853300044,-3.6434335504179671],[137.65901205696093,-3.6430448391479331],[137.65723797964915,-3.6427719039002113],[137.65575254424459,-3.6425433753764196],[137.65484004173459,-3.6423912910252056],[137.65136450197031,-3.6418120349973719],[137.65099127612655,-3.6417498306900598],[137.64976260166281,-3.6415450523622326],[137.64938803313134,-3.6414826241237392],[137.64938340881736,-3.6414818534047413],[137.64932799978737,-3.6414726182666755],[137.64915677786303,-3.6414452087293512],[137.64857182642868,-3.6413515713178981],[137.64779138216659,-3.6412266392979404],[137.64771201429812,-3.6412139336760561],[137.64708507891328,-3.6411135747316621],[137.64695322661021,-3.6411179697184934],[137.64678801395576,-3.6411234771666727],[137.64530048403014,-3.641173062187022],[137.64336717185756,-3.6410838323529333],[137.64257227279222,-3.6410325476139178],[137.64152308861969,-3.6409648592407962],[137.64115600874288,-3.6411090691281629],[137.64069027773417,-3.6412920352991591],[137.64013147588696,-3.641248572863276],[137.63886494446172,-3.641308345403786],[137.63885314085985,-3.6413158097767564],[137.6387915687759,-3.6413542935657688],[137.63875043468488,-3.6413865045834655],[137.63870085236249,-3.6414302763860746],[137.63864694879771,-3.6414908016591312],[137.63863188785137,-3.6415074400163121],[137.63855304158972,-3.6416103089685521],[137.63847686721374,-3.6417192078750986],[137.63843566027754,-3.6417701292879769],[137.63840521462896,-3.6418344452034148],[137.63837279946517,-3.6418803016345578],[137.63832953577946,-3.6419696861520379],[137.63829575094826,-3.6420779366474108],[137.63827675906521,-3.6421548133938586],[137.63824515329122,-3.6422786878111424],[137.63823119221581,-3.6423257619243259],[137.63820687184977,-3.642419685320192],[137.63816895643231,-3.6425387267807423],[137.63815172632121,-3.6425995155551618],[137.63814645989123,-3.642618097347281],[137.63809736230348,-3.6427409726177302],[137.63809090786913,-3.6427626615675308],[137.63807697287405,-3.6428060259772792],[137.63887420118351,-3.6436982325873259],[137.63920284223741,-3.644128391811762],[137.63948942109994,-3.6445334806355731],[137.64008067858049,-3.6448743155971215],[137.6403309868856,-3.6451222901615097],[137.64057607102893,-3.6452755013632441],[137.64106932399022,-3.6452596508121928],[137.64184345321291,-3.6452347755644041],[137.64273343040361,-3.6452142503373466],[137.64287679312952,-3.6452275980751665],[137.64351065329413,-3.6452866142857943],[137.64447045474776,-3.6452892708830973],[137.64515939658895,-3.6454069282870591],[137.64535676720106,-3.64550691041552],[137.64573946110727,-3.6457007727723862],[137.64632713029289,-3.6461309571778884],[137.64737380985355,-3.6466135945416909],[137.64803958336017,-3.6470753307618793],[137.64837854323525,-3.6473104108467282],[137.64890939145528,-3.6476151775983112],[137.64935362776782,-3.6477369332128546],[137.64988919562995,-3.6478134942972815],[137.65113567667015,-3.6480894467704843],[137.6516854457268,-3.6483617668819761],[137.65232678375412,-3.6489909847460922],[137.65245730236268,-3.6491190356149446],[137.65333990331396,-3.6499573917201928],[137.65365899086976,-3.6502943038390185],[137.65412196635577,-3.6505937816776282],[137.65433497977551,-3.6507336622286743],[137.65495975498879,-3.6511439338454466],[137.65567963081037,-3.6514146765460396],[137.6561858933643,-3.6515710003013737],[137.65657825228459,-3.651758967602234],[137.65687750709139,-3.6520834915598357],[137.65697410417158,-3.6522536918543551],[137.65714204716778,-3.6527891733816205],[137.65740715021991,-3.6535148255487115],[137.65751998276107,-3.6537947350389572],[137.65763446645758,-3.6543294710282339],[137.65778906980984,-3.6547515912129143],[137.65795599207547,-3.6549529494190551],[137.65821525672879,-3.6552342492611274],[137.65837060471972,-3.6554325965370253],[137.65853494143448,-3.655720007272464],[137.65863631301545,-3.6560083542021289],[137.65875192266321,-3.656329735928523],[137.65891352274093,-3.6565341743126396],[137.65900889764259,-3.6568325163075315],[137.65909134478977,-3.6572735483355245],[137.65915630372047,-3.6578670828994859],[137.65919849811223,-3.658121573951405],[137.65927388018554,-3.6585328303258393],[137.65929351238572,-3.6586605205665137],[137.65927214988983,-3.6592314030067996],[137.65926138410566,-3.6594330813715601],[137.65923273440319,-3.6596555008006817],[137.65914712973631,-3.6599919308828817],[137.65903345363108,-3.660287072190556],[137.65875111776995,-3.6605706167405287],[137.6586751583319,-3.6607016245802697],[137.65861297830634,-3.6609703581954136],[137.65864262625621,-3.6612738497083228],[137.65866508232773,-3.6614132041560197],[137.6588009384127,-3.661797053691032],[137.65888673193717,-3.6623046724226356],[137.65886552412474,-3.6627780054005825],[137.65879435987188,-3.6629996379228942],[137.65851905401121,-3.6635162579688654],[137.65849171911759,-3.6641107080426991],[137.65841301135151,-3.6645679638403976],[137.65841388009653,-3.6647958655367461],[137.65844694007433,-3.6653136951708234],[137.65839984707532,-3.6655136306495137],[137.65834439937464,-3.6657023308978296],[137.65824620779631,-3.665870580562796],[137.65778114318528,-3.6662650591850934],[137.65757994236048,-3.6665052177415305],[137.65758061235545,-3.6668931394067954],[137.65773743343584,-3.6673177821898548],[137.65773292423512,-3.6675789075405305],[137.65774760027159,-3.667795966110873],[137.65775388473401,-3.667888927232184],[137.65776761558311,-3.6680920193311977],[137.65777914938826,-3.6684177591722005],[137.65775795326704,-3.6690315671530698],[137.65774169262511,-3.6695893212901183],[137.65782399408215,-3.6703838633245596],[137.65786686386468,-3.6706020388529623],[137.65790455804893,-3.6710341846798542],[137.65790660670461,-3.6713565457679351],[137.65781716373124,-3.6717785445441677],[137.65773823203381,-3.6721869905371136],[137.65775507903379,-3.6724267174190004],[137.65789564486818,-3.6728470065840497],[137.65794179537761,-3.6731922410290281],[137.65808432173412,-3.6737516562139376],[137.65814110223016,-3.6739160280022247],[137.65829670203129,-3.6741841069109569],[137.65859130734304,-3.6744589739024605],[137.65895821275137,-3.6748267507538799],[137.65904597758981,-3.6749593342058802],[137.65906960727659,-3.6751193047120978],[137.65907522983809,-3.675465810798471],[137.65920757227173,-3.6757240951907875],[137.65939671768444,-3.6760541373884621],[137.65979252190743,-3.6766438426391801],[137.65982735894556,-3.6770576926583658],[137.6598322872303,-3.6776586574210341],[137.65986430219584,-3.6779499568249889],[137.65987699792515,-3.6783028400039939],[137.65979965532995,-3.6784635803299466],[137.659679043653,-3.6786485447944415],[137.65923714917517,-3.6788713392408567],[137.65877968563404,-3.6790285506270379],[137.65839207063766,-3.6793234293327259],[137.65825234027329,-3.679895361281865],[137.65828139736868,-3.6801294197368861],[137.65850729717408,-3.6808827458419842],[137.65854494459359,-3.6817198761713144],[137.65895037695839,-3.6822120211677998],[137.65997284676951,-3.6831696399668772],[137.66022709680317,-3.6838660156041101],[137.6602307840235,-3.6844226968499356],[137.6601829203056,-3.6846046863571473],[137.66017990577814,-3.6846311219287031],[137.66014310012406,-3.6849539587581148],[137.66020152997669,-3.6850974653756907],[137.66026413538157,-3.685226111595739],[137.6603796317147,-3.6853423004067736],[137.66064506661655,-3.6855157688376039],[137.66098294011067,-3.6856337652860134],[137.6611683308538,-3.6857032891754216],[137.66123252985744,-3.6857273649259241],[137.66140351076342,-3.6858568861862864],[137.66151895583516,-3.685944337161402],[137.66194094831621,-3.6861687557833989],[137.66214622846576,-3.6863203895742913],[137.66243719422118,-3.6865990328190605],[137.66248560832423,-3.6866453955685188],[137.66260694305606,-3.6867703221925581],[137.66270029268446,-3.6868741687078455],[137.66290129296033,-3.6873979743369887],[137.66295200483125,-3.6876351840164716],[137.66305948190961,-3.6878547975608171],[137.6633028582404,-3.6881849539723817],[137.66349261429275,-3.6884483240309009],[137.66366850369855,-3.6887564776292834],[137.66386395335883,-3.6890679614172655],[137.66405371480721,-3.6892132244107074],[137.66436196283439,-3.6893116246317277],[137.66480612630176,-3.6894497047400137],[137.66524373191271,-3.6897150209314304],[137.66546242724928,-3.6898853048628553],[137.66585704436716,-3.690192569031808],[137.66596232799907,-3.6902772249139275],[137.66624505416598,-3.6905045555407696],[137.66653001065151,-3.690885933738798],[137.6668908573273,-3.6914577478767114],[137.66703404918212,-3.6917542966234578],[137.66721006539228,-3.6921447489809225],[137.6673563787939,-3.6924495085379476],[137.66754690826326,-3.6927455167921153],[137.66778710998722,-3.6929420681219085],[137.66783464185528,-3.6929809620017409],[137.66805399909288,-3.6930893339055615],[137.66809065276152,-3.6930938404083804],[137.66833300116718,-3.6931236286524722],[137.66862899413286,-3.6930974403945243],[137.66904982918629,-3.6930327665488676],[137.66925115771483,-3.6930656592527384],[137.66945364277149,-3.6931578046888944],[137.66950654629011,-3.6931818795400773],[137.66951697033198,-3.693186624363193],[137.66953171201897,-3.6931971590216222],[137.66994062296146,-3.6934893964184425],[137.67042336284794,-3.6939204873405629],[137.67079756175815,-3.6941793913657648],[137.67113201333177,-3.6943888722486236],[137.67121793995602,-3.6944193089039459],[137.67146785975399,-3.6945078372668263],[137.6717812168298,-3.6947200134178502],[137.67202966263892,-3.6950109539922664],[137.67227408667986,-3.6952068236359423],[137.67261764478849,-3.6954366363916051],[137.67302651885882,-3.6957138065469053],[137.67338821539386,-3.6959073478457753],[137.67389192657117,-3.6961016877426687],[137.67431300624025,-3.6963434758706626],[137.67469553017463,-3.6965374299583686],[137.67579993541869,-3.6971590557457716],[137.67607035346407,-3.6973758229358396],[137.6765152139061,-3.6977547109111129],[137.67691013409546,-3.6981850356108339],[137.67722478529572,-3.6985251043500398],[137.67736974072102,-3.6989878316230715],[137.67739889943971,-3.6990809087569119],[137.67750449063976,-3.699330210720575],[137.67767919204118,-3.6994969845981132],[137.67787268207871,-3.6995698395763839],[137.67820963106965,-3.6996967132326972],[137.67850101141266,-3.6999767288428984],[137.67871290517655,-3.7003819408737968],[137.67881339542191,-3.7008068750371876],[137.67894825595727,-3.7013514370191842],[137.67907478517327,-3.7015903769942611],[137.6791247353184,-3.7016847032863893],[137.67954878095156,-3.7021550963805225],[137.67975423287157,-3.7023046698246276],[137.68004483979757,-3.7025162389332422],[137.68064791706774,-3.7028640778148656],[137.68184928991286,-3.7033346732565064],[137.68233362429737,-3.7035595874049818],[137.68266327169272,-3.7037435185484924],[137.68311220696285,-3.7041024235879263],[137.68362989810134,-3.7044053161523607],[137.68409319194734,-3.7045557196706795],[137.68427584965082,-3.7046757899556724],[137.68437197908361,-3.7048629856382149],[137.68455282645186,-3.7052951665386331],[137.68475112336569,-3.7056126667910689],[137.68490308091248,-3.7059420461884542],[137.68505038446779,-3.7062613369910764],[137.68522256417009,-3.7065486946664805],[137.68547557403861,-3.7068437874108326],[137.68562446939382,-3.7069337079242359],[137.68587856564341,-3.707044893806767],[137.68613081918204,-3.7071107916297024],[137.68636393334896,-3.707171691020676],[137.68692024137613,-3.7074139216151707],[137.68721788639641,-3.7075265554061616],[137.68749387574178,-3.7077597523106647],[137.68762999442879,-3.7078747639091603],[137.68766549696522,-3.7079047616953744],[137.68794010764987,-3.7080516425692167],[137.68813327033422,-3.7083429752480583],[137.68828299936104,-3.7086221329050773],[137.68839902899208,-3.7089137623602255],[137.68852428836533,-3.7093122735425368],[137.68859437523031,-3.7096937191897155],[137.68869966965406,-3.7101731100009943],[137.68885036275412,-3.7103862412320154],[137.68919078132956,-3.7108677103764762],[137.68963058668226,-3.7112100975679141],[137.6901308939257,-3.7115364228675958],[137.6902741253507,-3.7115854628987677],[137.69045436927377,-3.7116471761762],[137.69076211907657,-3.7117546973213962],[137.69113146794291,-3.7118284309373166],[137.69135533887788,-3.7118127719418226],[137.69164805741195,-3.7117331198875263],[137.6919360751898,-3.7116045294254718],[137.69230416140795,-3.711547789398935],[137.69262050872953,-3.7115112562394188],[137.69265490779787,-3.7115085249984077],[137.69286650388608,-3.7114917256625404],[137.69310077278249,-3.7114778653111671],[137.69345254439952,-3.7115131538089372],[137.69398585136605,-3.7117085423153071],[137.69443006429606,-3.7118471710101062],[137.69456756614034,-3.7118761192874103],[137.69469373113088,-3.7119026798647496],[137.69492479124619,-3.7119554952498675],[137.69526278435012,-3.7120073042935928],[137.69532039941691,-3.7120161356360768],[137.69560585772422,-3.7119815180325872],[137.69582024081149,-3.7119699716368473],[137.69649591135726,-3.7119298375918675],[137.69706939014031,-3.7120143522805051],[137.69736076778531,-3.7120791862054148],[137.69739993146175,-3.7120878997367299],[137.69773184604787,-3.7122347985970237],[137.69798398986927,-3.7123854485295738],[137.69802484067395,-3.7124281447430576],[137.6981807723248,-3.7125911216828626],[137.69844624589757,-3.7127828940152767],[137.69874828230741,-3.7128779667447134],[137.69938607520726,-3.7130136735421502],[137.69940690260648,-3.7130181063005239],[137.70039430964971,-3.7132611795597654],[137.70066452534763,-3.7133789862511435],[137.7012637795998,-3.7135366976604018],[137.70139640442062,-3.713571602147681],[137.70164554630503,-3.7135898511906476],[137.70168306512141,-3.7135870120309278],[137.70227520393757,-3.7135422078065972],[137.70300692113256,-3.7135752147243579],[137.7036034954051,-3.7135544673647018],[137.7044144590601,-3.7135899033513056],[137.70503050275556,-3.7136066891973201],[137.70542341835619,-3.7136235811632901],[137.70583717934244,-3.7137872325946546],[137.70608848319705,-3.7137914782940129],[137.70694689778122,-3.713881018394261],[137.70707260771474,-3.7139168788608004],[137.70726287907871,-3.7139711565436073],[137.70795994629452,-3.7143092665593826],[137.70829892145809,-3.7144470013279829],[137.70835144726152,-3.7144519269148759],[137.70875640118697,-3.71448989179504],[137.70892311840726,-3.7144864312037953],[137.7092385583129,-3.7144322047823835],[137.70927027830078,-3.7144267521928214],[137.70966407343826,-3.7144059355854324],[137.71000159170012,-3.7145190604062464],[137.7101514088605,-3.7146687075947398],[137.71025427061818,-3.7148231886391727],[137.71033416279147,-3.714943172589301],[137.71051893480103,-3.7152451199662551],[137.71071550141937,-3.7153973176320392],[137.7109459041302,-3.7154921439472446],[137.71122212460148,-3.7156058245491295],[137.71148991662642,-3.715642692256381],[137.71158617825961,-3.7156725497483194],[137.71177651527398,-3.715731589341317],[137.71206179101887,-3.7159766653907695],[137.71221381241753,-3.7161818574067524],[137.71234692377163,-3.7163942835692865],[137.71236171761927,-3.7164178925716556],[137.71275971438934,-3.7171827264016315],[137.71310112401773,-3.7178223449252528],[137.71319180176033,-3.7179946892035218],[137.71351054037916,-3.718576304153089],[137.71392803894787,-3.7190025738096892],[137.71433653170561,-3.7192719225611199],[137.71485630117741,-3.7195075917019267],[137.71497741827329,-3.7195332151856633],[137.71579745608778,-3.719706701602945],[137.71636960117621,-3.7197764692086253],[137.71670610680144,-3.7198010099086218],[137.71687402101929,-3.7198417653851266],[137.71714424391178,-3.7199073547405987],[137.7173639033216,-3.7200527022703227],[137.71736665164974,-3.7200545206995344],[137.71760558263156,-3.7201587305409589],[137.71785878585433,-3.7202210832363676],[137.71787167313926,-3.7202242560445598],[137.71800976134148,-3.7202424538261312],[137.71822716525151,-3.7202711044278658],[137.71850297113531,-3.7203737341604324],[137.71883343331638,-3.7204967011617782],[137.71930993730382,-3.7207355512046547],[137.71947893430547,-3.7208202619455051],[137.71974882714676,-3.7209235194048347],[137.7202957894192,-3.721082456590068],[137.72070300513963,-3.7212520687279493],[137.72119714842972,-3.7214172112352912],[137.72149534473442,-3.7214795567360852],[137.72192450211412,-3.7215470931237746],[137.72198756797195,-3.7215570180418922],[137.72237684041886,-3.7216805165425626],[137.72247414976232,-3.7217382746016483],[137.72266742935847,-3.7218529957191322],[137.72338374836136,-3.7220935985407095],[137.72424584746796,-3.7222519412740098],[137.72483965812376,-3.7223494295824366],[137.72529608834384,-3.7223842594260077],[137.72617379878182,-3.7224512337373881],[137.72721166678502,-3.7224573176510489],[137.72774611499131,-3.7225296771028411],[137.72818066020932,-3.7225885098517892],[137.72869359123627,-3.7226816580320587],[137.72944825283469,-3.7229939404179504],[137.72998142580218,-3.7230803445821721],[137.73071752269561,-3.7230634697033338],[137.73134057660639,-3.7230704682274904],[137.73165004861096,-3.7230918891792726],[137.73189032317998,-3.7231495546081987],[137.73255707245096,-3.7228911595992713],[137.73273659691642,-3.7228359133466711],[137.73296702031178,-3.7227996616750261],[137.7332984375729,-3.7227475216807306],[137.73365311310079,-3.7227227588481924],[137.73390431982853,-3.7227427696630571],[137.73420105833225,-3.7227664065443946],[137.73444917229153,-3.7227091368171727],[137.73463317628011,-3.7226407298857112],[137.73474680202332,-3.7225984869305648],[137.73516831336701,-3.7224020992774172],[137.73542168746098,-3.7223498648543227],[137.73565781615537,-3.7223221954129144],[137.73591851882463,-3.7222916463423417],[137.73615920258521,-3.7221938252847622],[137.73632964389799,-3.7221490597312936],[137.73679208788462,-3.7221437231542609],[137.73709048923479,-3.72228262524294],[137.73731553198627,-3.7222819246710515],[137.73746850846499,-3.7222429597447331],[137.73752019610026,-3.7222297945693299],[137.7383587608482,-3.7221016852445246],[137.73867097668426,-3.722053987001857],[137.73920024299684,-3.7222480301224437],[137.73979407973309,-3.7224657469965905],[137.74080646274808,-3.7228369133927686],[137.74099973245177,-3.7229077709768035],[137.74131862035813,-3.7231616334026398],[137.7413303547122,-3.7231723272410591],[137.74160925246508,-3.7234264828458663],[137.74186932291104,-3.723640958563351],[137.74213170641315,-3.7237650146436749],[137.7424493982212,-3.7238737615647892],[137.74300615860739,-3.7238885086476898],[137.74305942185492,-3.7238899196839839],[137.74313678603392,-3.7239278755709506],[137.7433496753473,-3.7240323237327289],[137.74358754063257,-3.7242132970060311],[137.7438610847214,-3.7244064839720181],[137.74421587086579,-3.7245371635592051],[137.7447740189059,-3.7245363658605584],[137.74514795071741,-3.7245351958425772],[137.74517044905701,-3.7245397473114394],[137.745524236954,-3.7246113081652652],[137.74643719362166,-3.7247102084093626],[137.74726679033017,-3.724787632842947],[137.74774884493331,-3.7248472542972877],[137.74833867878704,-3.7249120243703828],[137.74896628776401,-3.7248937744280965],[137.74978021018865,-3.7246956861569629],[137.74999997212103,-3.7246057539523463],[137.75080450922076,-3.7243210735586558],[137.75132222823834,-3.7241893246775248],[137.75189392636366,-3.7240601163812244],[137.75260885681337,-3.7239982340312281],[137.75322688531253,-3.7240152707880725],[137.75373158934144,-3.7240380856890738],[137.75416840894502,-3.7241054907757416],[137.75464414581074,-3.7241789015350264],[137.75520294046339,-3.7242394987538319],[137.75572932534817,-3.7242920650267592],[137.75639321657377,-3.7243060728669093],[137.75711275245158,-3.724206895631653],[137.75758732379597,-3.7240861229761322],[137.75799096021467,-3.7238239265329298],[137.75840992737631,-3.7237219685939067],[137.75928194330709,-3.7237341382198679],[137.75977549214531,-3.7237512199428124],[137.76033547839972,-3.7236525427306333],[137.76079880731913,-3.7234982595369956],[137.76106470357331,-3.7234042354170924],[137.76128805559938,-3.7233252542570199],[137.76179189088316,-3.7230701966322499],[137.7626910303668,-3.7222622214243302],[137.76308329305959,-3.7219255089550529],[137.7634054598941,-3.721719475173586],[137.76395769579108,-3.7215164514230423],[137.76483227209178,-3.7211633110379125],[137.76585136404924,-3.7207500725577347],[137.76631834601494,-3.7205771374249252],[137.76694397378537,-3.7201129541494424],[137.76768371293304,-3.7193576666229546],[137.76810498325847,-3.7189812293002547],[137.7684683021705,-3.7187730335485867],[137.76893276063845,-3.7186570335951501],[137.76948080569468,-3.7186288758219348],[137.77049407634058,-3.7187270053469774],[137.77110805159532,-3.7187470917048699],[137.77217327068001,-3.7186336035579188],[137.77253668312153,-3.7184562491565316],[137.77306629207578,-3.7181418030017426],[137.77338549474484,-3.7178500503395071],[137.77389676292535,-3.7172801688446953],[137.77494605681511,-3.7162812765596414],[137.77540923105119,-3.7157555895487917],[137.77586676923613,-3.7148290513196116],[137.77609081014282,-3.7147079540088157],[137.77659567515036,-3.7144110077617256],[137.77717509935144,-3.7144955925974728],[137.77792360059379,-3.7145508352527941],[137.77851133542981,-3.7145403311712926],[137.77939360543064,-3.7142812023155898],[137.77975710420708,-3.714081310004417],[137.78014905303644,-3.7138093163468398],[137.7805408939472,-3.7135027689375875],[137.78136148844203,-3.7127772165952138],[137.78169929628552,-3.7126148511943597],[137.78275043828216,-3.7122630085309538],[137.78330809529245,-3.7118061502335991],[137.78379953881768,-3.711263098213351],[137.78438527446087,-3.7106160566856374],[137.78517222262008,-3.7101354409977603],[137.78585931275711,-3.7098106724245667],[137.78588915316197,-3.7097994057179449],[137.78676711541016,-3.7094679210077288],[137.78717340572814,-3.7092016470383555],[137.78741255434602,-3.7090469951226623],[137.78780002994745,-3.7087964224169241],[137.788121802879,-3.7086618928320263],[137.78878683174696,-3.7085632174184866],[137.78947187502706,-3.7083958571830067],[137.79020660495087,-3.7079360715923713],[137.79065520117661,-3.7073907793609351],[137.79106287285333,-3.7067058448987495],[137.79125399497593,-3.7063418119250287],[137.79157561232466,-3.7056418965562443],[137.79185945544953,-3.7049980170448293],[137.79226247043675,-3.7044401648816461],[137.79274402771478,-3.7039201876664833],[137.79283926232222,-3.7036327058846155],[137.7928923528998,-3.702816740200376],[137.79293402568476,-3.7023921855508775],[137.79301904489307,-3.7020742410333582],[137.79347809933483,-3.7016407399281661],[137.79397273275549,-3.7012579641836396],[137.79488386739661,-3.7008525165303467],[137.79523275578708,-3.7007843200402704],[137.79627041334891,-3.7006071958653592],[137.79743142641928,-3.7000759222659667],[137.79776480420242,-3.6999010284096698],[137.79845909700975,-3.6996213095757184],[137.79948433043751,-3.6993557865402522],[137.80023909365934,-3.6989965748319946],[137.80067527114693,-3.6986902216763156],[137.80140515462426,-3.6981450616452207],[137.8027262191398,-3.6973510043453075],[137.80315368489471,-3.6971697127120251],[137.80431241008966,-3.6968824197878121],[137.80515553260182,-3.6966296698233805],[137.80585533285739,-3.6961730408531253],[137.80610927082625,-3.6958367699509154],[137.80650664706423,-3.694777270554539],[137.80652659672512,-3.69436245196556],[137.8064206628834,-3.6934966755310938],[137.8061419243104,-3.692704642605122],[137.80566902120847,-3.6919467659304814],[137.80542239292913,-3.6917127263611746],[137.80509549835858,-3.6910489295643742],[137.8049700330406,-3.6897623585459769],[137.80514702411597,-3.68909086714973],[137.80535197331494,-3.6886205657864366],[137.80550888702555,-3.688321198564438],[137.8068208234223,-3.6883209026874511],[137.80743350814998,-3.6884811043194645],[137.80805138376445,-3.6885182813934989],[137.80923613174218,-3.6883076529757659],[137.80981969732125,-3.6880542015401261],[137.81024711721079,-3.6877006105946748],[137.81077325028537,-3.6868826493147822],[137.81121518433338,-3.6858357116487355],[137.81145838619568,-3.6853037905374322],[137.8117576311098,-3.6848946925359769],[137.81211406301361,-3.6843998675598186],[137.81271611595605,-3.6843979582990869],[137.81329230889298,-3.684375970774397],[137.81423264631962,-3.6843672221694987],[137.81543723693903,-3.684516053672894],[137.81616078199454,-3.6848565019259922],[137.81660397059682,-3.6853879392019735],[137.81674861036015,-3.6857993502597424],[137.81728673499492,-3.686864558552486],[137.81807963216932,-3.6876969665417505],[137.81864248096576,-3.6881479900376348],[137.8193822659789,-3.6874451941403663],[137.81997713064015,-3.6863744370306222],[137.81991764408406,-3.6847683009162893],[137.8212263483174,-3.6835190832390481],[137.82128583397412,-3.6816750009004977],[137.82021507686432,-3.6809016756717483],[137.81996571104878,-3.6803530730358602],[137.81991764408406,-3.6802473253537187],[137.81896586008645,-3.6790575942325177],[137.818252022313,-3.6779273496674136],[137.8184869063457,-3.6769878126373783],[137.818549454194,-3.6767376203448521],[137.81848996763802,-3.6756073757797481],[137.81599153408206,-3.6736443203290605],[137.81426642395638,-3.6729304816563513],[137.81367155929513,-3.6719786976587443],[137.81343361307086,-3.6709079396496236],[137.81408796518747,-3.6702535875330113],[137.814920776073,-3.6691233438671702],[137.81385001896331,-3.6678146405332086],[137.81295772062242,-3.6671602893158592],[137.81194645006872,-3.6656731263136635],[137.8102213408423,-3.6640669901993874],[137.8093885290574,-3.6627582859660492],[137.80837725760443,-3.6609736901835959],[137.80790136605526,-3.6599029330738517],[137.80694958205765,-3.6585942288405136],[137.80700906771438,-3.6570475801816542],[137.80706855516974,-3.6548465776074295],[137.80587882404859,-3.6533594146052337],[137.80552190471224,-3.6522291709394494],[137.80480806693879,-3.6515153331660599],[137.80343987704873,-3.6524671171636669],[137.80171476782232,-3.6522291709394494],[137.80111990226169,-3.6514558457106432],[137.79975171237174,-3.6510394407175681],[137.79963273925955,-3.6504445751569961],[137.79951376614747,-3.6496117642714694],[137.79856198214986,-3.6481840878253706],[137.79695584603553,-3.6478866550450562],[137.79570662925755,-3.6468753835920324],[137.79392203257578,-3.6474107625965644],[137.79201846368119,-3.6479461407017766],[137.79188669771304,-3.6479499061632055],[137.78907755198748,-3.6428934418788117],[137.78229608819402,-3.6328997049573672],[137.77622846217389,-3.6246905647177527],[137.77422387513184,-3.6233238011524804],[137.7743248932793,-3.6036323346644394],[137.77813203106848,-3.5936385986423716],[137.78406022619856,-3.5830494026077986],[137.78860723533569,-3.5727082629759366],[137.78951114932011,-3.5655279903244264],[137.79811950401199,-3.557470790544528],[137.79978017771305,-3.5503602567204098],[137.80079470740986,-3.5460163351856977],[137.80299739891086,-3.5458114327513499],[137.80471289438458,-3.5474125632391633],[137.80612981224112,-3.548735019905223],[137.80835118625828,-3.5508083007624123],[137.81011192302685,-3.552042595089631],[137.81183383426412,-3.5532496696365001],[137.81308439103191,-3.5541263215724257],[137.81505638124702,-3.5555087045630103],[137.81672749337918,-3.5566801686547933],[137.81633893589321,-3.5600217642929124],[137.81576597422043,-3.5649492352189895],[137.81308908009703,-3.5804157317006116],[137.81279164821603,-3.5946924979603523],[137.81142417508568,-3.6026238412172233],[137.8113044852139,-3.6033180440924184],[137.81041218687301,-3.6152153490090768],[137.80878442835876,-3.6304406509152614],[137.81278438259324,-3.6404405418974193],[137.81487367587954,-3.6532867251022481],[137.81963259766633,-3.6657788946802157],[137.82134152629044,-3.6684605561097214],[137.82134152629044,-3.667060464568749],[137.82096081179213,-3.6658231458214914],[137.81991384894502,-3.6642527011012476],[137.82010420574454,-3.6633009171035837],[137.82143670424057,-3.6629202026052212],[137.82310232691088,-3.6620635965576867],[137.82500589580548,-3.6618732397581653],[137.82562455562879,-3.6612545808341679],[137.82614803660272,-3.6599696717628944],[137.82662392905115,-3.6590654762906638],[137.8279564266478,-3.6588751203904621],[137.82900339039418,-3.6591130657153599],[137.83000276381654,-3.6597793149633731],[137.83404784782999,-3.659731725538677],[137.83404784782999,-3.6589702983405346],[137.83657007564852,-3.6588751203904621],[137.83818810979346,-3.6588275300663895],[137.83842605601774,-3.6579709240188549],[137.83913989379118,-3.6575902113191319],[137.83980614303914,-3.6568287832217266],[137.84142417718408,-3.656067356023641],[137.84270908625535,-3.6554011067756278],[137.84366087025307,-3.6547824469523107],[137.84437470802641,-3.6534023590315883],[137.84442229835042,-3.6504042378652457],[137.84770595426642,-3.6501662916409714],[137.84984746938528,-3.650213881965044],[137.85070407543276,-3.6508801312130572],[137.85627201294312,-3.6513084342367961],[137.85846111658736,-3.6511180765379549],[137.85941290238361,-3.6523553961845323],[137.8629345036245,-3.6523078067598362],[137.86402905589625,-3.6524029856092284],[137.86460012719419,-3.6513084342367961],[137.86664646346355,-3.6511180765379549],[137.86807124319341,-3.6507177451277926],[137.86864853420252,-3.6501772606719669],[137.86959248870244,-3.651321450124783],[137.86996821016487,-3.6517768686075556],[137.87021399937669,-3.6520747951156523],[137.87021897802344,-3.6520808295665574],[137.87070307588635,-3.6527019373444887],[137.87171706059394,-3.654002899314321],[137.87197278101905,-3.6543309926811389],[137.87243164570395,-3.6549197248653513],[137.87274120674135,-3.6553168969571743],[137.87491825407426,-3.6571727406294485],[137.87516289215387,-3.6573812853180243],[137.87564414995757,-3.6577915371496488],[137.87731917144265,-3.6592381461234709],[137.87770885398049,-3.6595746913188805],[137.87878503759941,-3.6605041217677581],[137.88135485574207,-3.6622649232875233],[137.88211628383954,-3.662693226311319],[137.88323463037398,-3.6629073782728483],[137.88442436059586,-3.6629073782728483],[137.88580444761726,-3.6629787619602325],[137.88666105366474,-3.6630977350723697],[137.88732730291281,-3.6631215293350579],[137.88844565034651,-3.6633356812965872],[137.88956399598169,-3.6638115728457592],[137.89132479840077,-3.6646681788932938],[137.89241934977326,-3.6657389360030379],[137.89494157759179,-3.6683682407016818],[137.8935729272489,-3.6698337237473311],[137.89173538208229,-3.6718012749088871],[137.89173538208229,-3.6775833652800429],[137.89085086377645,-3.6776363281539943],[137.88485613500268,-3.6779952808574876],[137.88081648469313,-3.678237167910936],[137.87850593480107,-3.6783755187151428],[137.86365262666743,-3.6785684979377606],[137.84612166808063,-3.6779497580748171],[137.84999175301709,-3.6845340086375131],[137.84999175301709,-3.6906016346576394],[137.84785023879749,-3.6970261791148005],[137.84851004979907,-3.7046140128263687],[137.84856407657094,-3.7052353202537915],[137.85034867325271,-3.7130875411570514],[137.85212043840761,-3.721651069141501],[137.85286075402064,-3.721774205215354],[137.85347027942987,-3.7217341116398757],[137.85371672964345,-3.721681890706634],[137.85454213730986,-3.7215069932531151],[137.85510086361398,-3.7214009766736922],[137.85564870092685,-3.7210586659246587],[137.85648872437514,-3.7203265800076224],[137.85698351337851,-3.7200073116880503],[137.85751369610023,-3.7196803020042921],[137.85805922395411,-3.7194066059300894],[137.85865532788114,-3.7191276686069727],[137.85916330993882,-3.7189786158703555],[137.8596814426445,-3.7188397047884791],[137.86015433315606,-3.7187898787498739],[137.86020317533632,-3.7187907196159813],[137.86106840138564,-3.718805615986355],[137.86164716908161,-3.718799330624563],[137.86222605728676,-3.7188304786436106],[137.86277212563311,-3.7188815583372161],[137.86300779387466,-3.7192177662868176],[137.86318676435781,-3.7196466565678747],[137.86334000163981,-3.7202540316981754],[137.86343779661706,-3.7206655668623512],[137.86352903643592,-3.7210859315704283],[137.86368683507942,-3.721746150864135],[137.86370977228819,-3.7220610223982362],[137.86371737965339,-3.7223803536703599],[137.86369897232976,-3.7227878679656783],[137.86366825868322,-3.7234619098392159],[137.86367174985139,-3.7238627466683738],[137.86372119008092,-3.7242348006954558],[137.86383379689232,-3.7244811052187856],[137.86405399499597,-3.7247777142200675],[137.86435288377868,-3.7250013828075339],[137.86462735237046,-3.7251304364204429],[137.86523526529527,-3.725324461554635],[137.86564177414857,-3.7256072497747255],[137.86585732185802,-3.725820184953534],[137.86645103178978,-3.7263666525988697],[137.86684667143675,-3.7266781004139489],[137.86720669703152,-3.72682448396273],[137.86758411911183,-3.7269267701542503],[137.86804266094009,-3.7270287829519475],[137.86894874498864,-3.7272218359189537],[137.86987368062591,-3.7271461255931513],[137.87000843594058,-3.7284770808525423],[137.8699944020201,-3.7290887286618499],[137.86992560838019,-3.7296136422557424],[137.86984357671975,-3.7300066163122665],[137.86978077796061,-3.7304027532844088],[137.86971473624612,-3.7307892405309531],[137.86970683390336,-3.7313139562739934],[137.869743694416,-3.7318127625488842],[137.86990850327481,-3.7322403479136597],[137.87007598132152,-3.7325037467504671],[137.87029888098868,-3.7330598893024103],[137.87039382871228,-3.7336808387996143],[137.87036336237929,-3.7341669907140158],[137.87027845738498,-3.7346629884061144],[137.87011628174105,-3.7350433503702902],[137.86993168689787,-3.7354302279226204],[137.86987856664257,-3.7358456517553691],[137.86993823845899,-3.7364602664280824],[137.87000961764977,-3.7377154196308879],[137.87001166001016,-3.7383431068488449],[137.87006451496541,-3.7398172000037562],[137.87011223029526,-3.7406925928888199],[137.87016245293489,-3.7414080998038912],[137.87016599266644,-3.7414585265896676],[137.87016895773127,-3.741491986765709],[137.87022838763005,-3.7414757791838156],[137.87354841662614,-3.740570315667469],[137.87888508627782,-3.7396808708754179],[137.87980725020452,-3.7395271767377949],[137.88425599222035,-3.7387857198850156],[137.88574579833005,-3.7385622491484582],[137.88951016616136,-3.7379975936140113],[137.89466859288132,-3.7372238304154166],[137.89853275758071,-3.7366442047662076],[137.90069737178635,-3.7357327886372218],[137.90531422227366,-3.7337888518739533],[137.90729873824625,-3.7320828298586548],[137.90869025565087,-3.7308865876458412],[137.90925833220638,-3.7303982305938348],[137.91005627187951,-3.7297122682065833],[137.91290847804385,-3.7272603224059253],[137.91198723412367,-3.731520677137496],[137.91192469976511,-3.7318098703291867],[137.91184283088205,-3.7321884777160221],[137.9115257389218,-3.7336548942579384],[137.91125710243341,-3.7348972249269536],[137.91100390100928,-3.7360681728079044],[137.91100390100928,-3.7379323334104129],[137.91100390100928,-3.7451101248323653],[137.91135863319448,-3.7462137368744379],[137.91423404996146,-3.7551594776277284],[137.91490462494858,-3.7572457114204099],[137.91186279223416,-3.7597087827340943],[137.90816957516586,-3.7626993028305264],[137.90281578781844,-3.7673392524045539],[137.89639124336122,-3.7709084439694607],[137.88924446236206,-3.7740157401342458]]]]},"properties":{"OBJECTID":749,"nama_kawasan":"Sentra Produksi Berbasis Komoditas Unggulan Kopi Kab. Puncak Jaya ","delineasi_asal":"Puncak Jaya","Shape_Length":5.4989413621297576,"Shape_Area":0.41261882547771034}}]}