{"type":"FeatureCollection","features":[{"type":"Feature","id":701,"geometry":{"type":"MultiPolygon","coordinates":[[[[140.65948772577804,-4.0032911121950292],[140.65918932712577,-4.0023407913943743],[140.65823660873252,-4.0007127352045018],[140.65766493309025,-3.9998507961772702],[140.65722584719515,-3.9994094727688889],[140.65722584719515,-4.0010613528990575],[140.6561430283781,-4.003407459286791],[140.65576082909899,-4.003407459286791],[140.6552968337819,-4.0032646910126459],[140.65465437879664,-4.0032289987192939],[140.65383346504245,-4.0032289987192939],[140.65272701563936,-4.003407459286791],[140.65251286457715,-4.0035145352675272],[140.65197748557262,-4.0038357623105298],[140.65158487484211,-4.0041926807475647],[140.65108518813099,-4.0045139077905674],[140.65044273404499,-4.0047994443388575],[140.64890798071883,-4.0050135954010671],[140.6473732291912,-4.0050492867950993],[140.64630247118214,-4.0051563627758924],[140.64471856900684,-4.0053574871582782],[140.64449189218715,-4.0054959171028486],[140.64426521626683,-4.0056343461480992],[140.64401293125184,-4.0057490151049251],[140.64376064533758,-4.0058636858603904],[140.64353598569721,-4.0058846958220329],[140.6433113278556,-4.0059057066829951],[140.6430866691145,-4.005926718443277],[140.64280422803279,-4.005906802956531],[140.6425217860517,-4.0058868892684814],[140.6422393440705,-4.0058669737817922],[140.64194380706112,-4.0057461300797854],[140.64164827005163,-4.005625284579196],[140.64135863259492,-4.0055321453921238],[140.64106899423871,-4.0054390044064689],[140.64082465743206,-4.0053993182239083],[140.64058031972604,-4.0053596302427081],[140.64034685212562,-4.0053138115831075],[140.64011338632383,-4.0052679920241872],[140.63987991782403,-4.0052221733645865],[140.63964645022361,-4.0051763529062896],[140.63941298262307,-4.005130534246689],[140.63925692956366,-4.0050877139267982],[140.63907250918896,-4.0050282642429806],[140.63892593318531,-4.0049498325686841],[140.63878881085498,-4.0048785289209263],[140.63865877967896,-4.0048119790895385],[140.6384720255636,-4.0046789100036335],[140.63834910892433,-4.0045696162947024],[140.63820964835668,-4.0044436914231483],[140.63804416680489,-4.0043296313073711],[140.63789758900259,-4.0042535729439805],[140.63771317042654,-4.0041893739403918],[140.63752637134507,-4.0041584192755977],[140.63731355127948,-4.004148826207313],[140.63708417469502,-4.0041487236845796],[140.63693283408304,-4.0041486571347491],[140.63669399573143,-4.004153300334508],[140.63653554957602,-4.004179351895516],[140.63641492081206,-4.004243416900124],[140.63629192323378,-4.0043169778462016],[140.63613107229116,-4.0044332700792893],[140.63598440185876,-4.0045638165668151],[140.63584718959623,-4.0046991168707109],[140.63572889367356,-4.0048344252684842],[140.63565316715994,-4.0049626281227688],[140.63555376329555,-4.0051573115606516],[140.63543069736886,-4.0053852348406735],[140.63536438675715,-4.0056060570738055],[140.63535248422988,-4.0057865330220466],[140.6352932701684,-4.0060049846422885],[140.63520806210249,-4.0061806779958715],[140.6350850168601,-4.0063611053806767],[140.63494542499143,-4.0065272758130845],[140.6347798067427,-4.0067266806917132],[140.63467571111528,-4.0068358736766072],[140.6344864712737,-4.006975899018471],[140.63435873786557,-4.0070637070244288],[140.63415767373772,-4.0072061038785591],[140.63394713884941,-4.0073746170448885],[140.63376497487377,-4.007557390760951],[140.63364194132259,-4.0077116937396227],[140.63351887989245,-4.0079277423713506],[140.6334194508471,-4.0081770470330298],[140.63338155341603,-4.0083147647145552],[140.63331526618663,-4.0084833417328127],[140.63327500533728,-4.0086186852041124],[140.6332607043181,-4.0088727787556877],[140.63326296791172,-4.0090983808855185],[140.63328419011339,-4.0092361264460123],[140.63331959912023,-4.0093738792011209],[140.63340697994818,-4.0096280168194767],[140.63346131338892,-4.0097539030201688],[140.63352746572002,-4.0098869190460391],[140.63358889121446,-4.010015183054179],[140.63366684984533,-4.0101885750426618],[140.63391023966585,-4.010585268695138],[140.63400237161227,-4.0107942882257817],[140.63406375843579,-4.0110104177965127],[140.63408969038699,-4.0111909117311484],[140.63411796687069,-4.0114141513419668],[140.63413445683977,-4.0115566444235355],[140.634134357015,-4.0117822456540466],[140.63412479002716,-4.0120244663559674],[140.63406795377307,-4.0122096709395123],[140.63401350162189,-4.0123521334441534],[140.63391409416022,-4.0125515662017506],[140.63377922283291,-4.0127367384097283],[140.63363491491941,-4.0128696582081034],[140.63350480820043,-4.0129740892827499],[140.6333794490024,-4.0130381515893987],[140.63313112999776,-4.0130855350693651],[140.63291830723415,-4.0130806886228356],[140.63270550875234,-4.0130188512389395],[140.63256129796559,-4.0129309191265747],[140.63241945239588,-4.0128477381325638],[140.6322161192785,-4.012771654588164],[140.63200804583471,-4.0127193167430164],[140.63177395500406,-4.0126812151659124],[140.63159660240137,-4.0126763840078752],[140.63141924799993,-4.0126763039681919],[140.63125844202352,-4.0126857306618717],[140.63108817697787,-4.012692778648784],[140.63080440759745,-4.0126974002647557],[140.63051118274495,-4.0126925160467408],[140.63029363943997,-4.0126686714219773],[140.63008556509681,-4.0126187068877925],[140.62987038521021,-4.012597235573935],[140.62965046589636,-4.0125971366484805],[140.6294376386362,-4.0125994146312109],[140.62929102126373,-4.0126112218303547],[140.62909234123867,-4.0127037467804598],[140.62891258205013,-4.0127915323033108],[140.62879193799756,-4.0128864674364877],[140.6287020237794,-4.0130075386669546],[140.62856480702033,-4.0131452122816995],[140.62838267631957,-4.0132496172759602],[140.62818401428092,-4.0133017716593713],[140.62801847337391,-4.0133230694040662],[140.62786475405517,-4.0133491218644508],[140.62771573729151,-4.0134345439689696],[140.62758562877377,-4.0135389741442964],[140.62747207137909,-4.0136529101536098],[140.62736795866442,-4.013792972367753],[140.62729695359155,-4.0139306756601059],[140.62722122797732,-4.0140541282953563],[140.62713366009041,-4.0142131967815544],[140.62704845022586,-4.0143888901351374],[140.62696797978845,-4.0145408368900348],[140.62689934892592,-4.0146595429035301],[140.62681414535655,-4.0148209882979131],[140.62679278825669,-4.0149824606720017],[140.62675725694191,-4.0151178059419408],[140.62667206056722,-4.0152602513594502],[140.62657742310967,-4.0153670719327579],[140.6264775983625,-4.0154093841356939],[140.62644295827602,-4.0154320821248461],[140.62623792993656,-4.0156156346537841],[140.62603290069785,-4.0157991871827221],[140.62594458007834,-4.0158814697539924],[140.625849954312,-4.0159637523252627],[140.6257616453837,-4.0160207045918241],[140.62571118442372,-4.0160523481372934],[140.62550933878504,-4.0161662400798832],[140.62533273981421,-4.0162358197272283],[140.62518137581992,-4.0162800780631187],[140.62506786608924,-4.0162863589282551],[140.6249543581572,-4.0162863049689577],[140.62477779156188,-4.0162862249292743],[140.62454448224207,-4.0162607867059137],[140.62440576001791,-4.0162417246758082],[140.62426703779363,-4.0162226626457027],[140.62412200772451,-4.016203597917638],[140.62392654367511,-4.0161591777038552],[140.62370586713212,-4.0160894172927328],[140.62352301967167,-4.016032339121125],[140.62338429385011,-4.0160196092175511],[140.6231572788854,-4.0160195039968585],[140.62302485371413,-4.016019443742266],[140.62290503703787,-4.0160257201108607],[140.62270954421012,-4.0160446283568376],[140.62263386805864,-4.0160572629322928],[140.62227439015101,-4.0161394169005007],[140.62209147973806,-4.0162153241778356],[140.62194010764995,-4.0162785806919032],[140.62176349069262,-4.0163861539977574],[140.62171302883326,-4.0164241305691348],[140.62146068806032,-4.0166393194489842],[140.62135974905323,-4.016734261776719],[140.62120833379765,-4.0168925136784992],[140.62103798421572,-4.0170824091258055],[140.62094965100562,-4.0171900246998575],[140.62088654737636,-4.0172849841146672],[140.62080449323287,-4.0174495960220042],[140.62071612674788,-4.0176268703837081],[140.62067376957884,-4.017717435711063],[140.62056341466996,-4.0179500129826806],[140.62047627036361,-4.0181270391315138],[140.62038161222165,-4.0182726456660021],[140.62026802784726,-4.0184372422848469],[140.62019626374661,-4.0185251779945474],[140.62011410078514,-4.018594554395122],[140.62003322385431,-4.0186511577247188],[140.61994978295616,-4.0187116119512893],[140.61989356633512,-4.0187593029993991],[140.61978228332578,-4.0188359738011172],[140.61970658379187,-4.018899268986047],[140.61944166600017,-4.0190384588577217],[140.61923352690576,-4.0191270213948656],[140.61896863069785,-4.0192218863808762],[140.61873526831801,-4.0193104336295846],[140.61871003963665,-4.0193230906880331],[140.61835684799019,-4.019443241912029],[140.61816763872559,-4.0195064813390218],[140.61790274881287,-4.0195886820719693],[140.61766308308484,-4.0196708926974907],[140.6175243356796,-4.0197024912769166],[140.61751172538584,-4.0197024840823019],[140.61739188532727,-4.0197594228590106],[140.6171521881231,-4.0199049619444054],[140.61705125990784,-4.0199745739673745],[140.61674217461177,-4.0201707403873002],[140.61658447579293,-4.0202719887612375],[140.61636369133134,-4.0204365350180069],[140.6161870536896,-4.0205821010830505],[140.61599148621815,-4.0207593250827358],[140.61585899989302,-4.0208859145532756],[140.6156571101875,-4.0210947973869224],[140.6154867624042,-4.0212783652043527],[140.61531010497742,-4.021468260651659],[140.61523438565848,-4.0215695476964015],[140.61514605964305,-4.0216581632935799],[140.61501986587416,-4.0218164205912785],[140.61483056577811,-4.0220696364045239],[140.61466651414833,-4.0222785408219579],[140.61459709637893,-4.022386159993232],[140.61457814496544,-4.0224558088884237],[140.6145339405889,-4.0225887745522755],[140.6144707991881,-4.0227597266800217],[140.61443289815975,-4.0228990271683074],[140.61438236705271,-4.023076318617143],[140.61436340304863,-4.0231712996157398],[140.61433178468417,-4.0233612634115161],[140.61428751195922,-4.0236398796766366],[140.61423693228869,-4.0239184941431176],[140.6142116235676,-4.0240957972831666],[140.61420517003262,-4.0244124260925673],[140.61420525816618,-4.024228783631429],[140.61420199272789,-4.0244630876013616],[140.61419872998749,-4.0246973933699337],[140.61416707115347,-4.0249696829044979],[140.61411019173204,-4.0252356268226777],[140.61405335367942,-4.0254129137749146],[140.61399651922409,-4.0255838703992595],[140.61392076033485,-4.0257674822834133],[140.61385761084011,-4.0259574307907542],[140.61378815709782,-4.0261410462722438],[140.61369345938567,-4.0263689758475039],[140.61356719007381,-4.0266855488989108],[140.61349774802272,-4.026843833176315],[140.61339929923838,-4.0271711342404046],[140.6135043427513,-4.0272918052725686],[140.61360936198253,-4.0274652503209722],[140.61365435506445,-4.0275708163400736],[140.61368432407232,-4.0276989904160132],[140.61369175606978,-4.0278573106663202],[140.61369171020431,-4.0279553160848991],[140.61369164005725,-4.0281060946205116],[140.61365400702687,-4.0283096273873298],[140.61360136431153,-4.028505613043535],[140.61356377085144,-4.0286262166265487],[140.61346606310838,-4.028867414799322],[140.61333082305907,-4.0291010559689084],[140.61312048332366,-4.029394970601345],[140.61288763355753,-4.0296587219723961],[140.61273740810498,-4.0298320438137125],[140.612572160377,-4.0300204373932047],[140.61245948431781,-4.0301636220534647],[140.61236932908139,-4.0303068184048811],[140.61227164562001,-4.0304952425613578],[140.61217392438721,-4.0307665968009587],[140.61212879370896,-4.0309475080210291],[140.61206109634259,-4.0312264147671613],[140.61202349568782,-4.0313620972829085],[140.61190326172618,-4.031610821881884],[140.61177553641198,-4.0318293886153356],[140.61156517599215,-4.0321609992306549],[140.61143744528192,-4.0323871031822023],[140.61131720412573,-4.0326509067139114],[140.61121948109428,-4.0329222600541925],[140.61113679023072,-4.0331559246062056],[140.61104656574651,-4.0334423595771796],[140.61100146204785,-4.0335705003782323],[140.61091123936228,-4.0338569335506236],[140.6108210049855,-4.0341659846724269],[140.61075325186118,-4.0345579739712889],[140.61074564269734,-4.0347765982613737],[140.61073801464772,-4.0350253768196467],[140.61073790403111,-4.0352590818411045],[140.61073780420634,-4.0354701707117897],[140.61073770438156,-4.0356812586830983],[140.61073764232844,-4.0358094201685617],[140.61073757397992,-4.0359526587881192],[140.61073748494698,-4.0361411297093355],[140.61073740580673,-4.0363069862783618],[140.61073732666637,-4.0364728419480684],[140.61072974358285,-4.0366311541044411],[140.61069209256607,-4.0368723801561828],[140.61063195580016,-4.0370382070475443],[140.61054179157054,-4.037196479633792],[140.61045915376701,-4.0373170616330185],[140.61035398704689,-4.0374527108738789],[140.61025633865916,-4.0375657466618122],[140.61017371884213,-4.0376486362754918],[140.61007608934017,-4.0377239778792386],[140.60997845444217,-4.0378068576003443],[140.60984328364066,-4.0378897211336948],[140.60967057603636,-4.0379725648818976],[140.60949035369697,-4.0380704839656119],[140.60931765058922,-4.0381457877978164],[140.60907736612762,-4.038251217119921],[140.6089121615671,-4.0383416025828183],[140.60871690076442,-4.0384922866896318],[140.60852912771713,-4.0386806685779675],[140.60839389935904,-4.0388841527814066],[140.60829621409903,-4.0390725778371461],[140.6081759531578,-4.0393740746537787],[140.60810828456977,-4.0395851302495203],[140.60807817616694,-4.0397509706307346],[140.60807817256966,-4.03975850964747],[140.60805556091543,-4.0399469697767927],[140.60804042712402,-4.0401957474357459],[140.60804031380951,-4.0404294506585643],[140.60804021308547,-4.0406405404285692],[140.60804761090856,-4.0408667100305706],[140.60805501772495,-4.0410778006998953],[140.60808494626338,-4.0412889057583357],[140.60815821043309,-4.0416636847311906],[140.60820579895847,-4.0416874798932554],[140.60844374518274,-4.0418064530053357],[140.6087054856697,-4.0418778366927768],[140.60910999443081,-4.0418540424300886],[140.6095145031918,-4.0417350693179515],[140.60989521589158,-4.0417350693179515],[140.61013316301512,-4.0419254261174729],[140.61015695727781,-4.0423537291412117],[140.60984762736621,-4.0429010052771446],[140.60960265563813,-4.0432684628692073],[140.60956209171718,-4.0433293083008834],[140.6091337886935,-4.0437338161626144],[140.60884825394385,-4.0440669412362809],[140.60851512887018,-4.0445666279474608],[140.60822959412053,-4.0448283684344233],[140.60763472766064,-4.0449235472838154],[140.60730160438561,-4.0448997521218075],[140.60711124668671,-4.0446618058975901],[140.60692088988719,-4.044519037623445],[140.60663535513754,-4.0444476548353805],[140.60627843580119,-4.0443286817232433],[140.60606428383971,-4.0442097077117865],[140.60592151736421,-4.044043146074273],[140.60596910588959,-4.0437338161626144],[140.60606428383971,-4.0433768968262598],[140.60606428383971,-4.0431151563393541],[140.60580254335275,-4.0429485938025209],[140.60549321434041,-4.0429010052771446],[140.60346017274878,-4.0425882291634139],[140.6033279040596,-4.0425678802034781],[140.6022571469498,-4.04254408594079],[140.60192402187613,-4.04254408594079],[140.60170987081392,-4.0426392638908624],[140.60156710343915,-4.0429485938025209],[140.60154330827709,-4.0434006919883245],[140.6014334183177,-4.0436937315803902],[140.60132915721488,-4.0439717623868887],[140.60099603214121,-4.0444714490980687],[140.60097747373152,-4.044496755121088],[140.60073429165425,-4.0448283684344233],[140.60025839920581,-4.0450901089213289],[140.6000442481436,-4.045232877195474],[140.59985389134408,-4.0454946167831167],[140.59975871339395,-4.0457325639066539],[140.59978250675738,-4.0460894832430085],[140.59999665871885,-4.0465177862667474],[140.60042496174265,-4.0471840346154409],[140.60067747158814,-4.0473989384102538],[140.60154330827709,-4.0481358186131047],[140.60156710343915,-4.0483737648373221],[140.60142433516501,-4.0485403282734751],[140.60123397836549,-4.0487306841736768],[140.6009592094,-4.0488076202753973],[140.60063911280486,-4.04889724671051],[140.5999728635569,-4.0491351929347843],[140.59961594511981,-4.0493493439969939],[140.59947317684566,-4.0495397007965153],[140.59944938258297,-4.0498252364454856],[140.59966353364518,-4.0498966201328699],[140.60006804240629,-4.0498252364454856],[140.60085326476644,-4.0495634959585232],[140.60110161794535,-4.0495196692972399],[140.60166228138928,-4.0494207276843781],[140.60206679015027,-4.0494207276843781],[140.60237612006199,-4.0495397007965153],[140.60244750285005,-4.0498728258701817],[140.60244750285005,-4.0503725116820419],[140.6021619681004,-4.0511101446174393],[140.60192402187613,-4.0516812159153233],[140.60191776978934,-4.0516964989942039],[140.60170987081392,-4.0522046968891914],[140.60170987081392,-4.0527757681871321],[140.60159089770184,-4.0531564817861749],[140.60178125360198,-4.0539417041462684],[140.60199540556357,-4.0544413908574484],[140.60223335178785,-4.0545127754442092],[140.60261406628615,-4.0546079533942816],[140.60304236930995,-4.0546079533942816],[140.60324367085877,-4.0545655737421953],[140.60349446569705,-4.0545127754442092],[140.60382759077072,-4.0542986225833033],[140.60418451010707,-4.0541796503705427],[140.6043748669066,-4.0542034446332309],[140.60458901796892,-4.0546317476569698],[140.60482696419308,-4.0551314343681497],[140.60487455361783,-4.0554645594418162],[140.60475558140502,-4.0558928615662353],[140.60435107174465,-4.0562021923772136],[140.60387518019547,-4.056321164590031],[140.6033851144316,-4.0565457792642405],[140.60330410889753,-4.0565829059762564],[140.60228094121248,-4.0569398253126678],[140.60156710343915,-4.0571777706375656],[140.60113880041536,-4.0575822793986163],[140.60092464755451,-4.0580343766851001],[140.60090085419108,-4.0584864748708469],[140.60118638894073,-4.059009955844715],[140.60163848712659,-4.0596762050927282],[140.60211437867565,-4.0603900428661177],[140.60231190487059,-4.0608509382201987],[140.60232852973797,-4.0608897295772977],[140.60235232489993,-4.0612228546509641],[140.6022571469498,-4.0615083902999345],[140.60192402187613,-4.0617225413621441],[140.60140054090232,-4.0617939250495283],[140.60106741582865,-4.0617463356248322],[140.60106284097742,-4.0617387120718718],[140.60092464755451,-4.0615083902999345],[140.60073429165425,-4.0610324978514427],[140.60032978289325,-4.0606041948277039],[140.59975871339395,-4.0602710697540374],[140.59925902578345,-4.060056918691771],[140.59852139284806,-4.0598665618922496],[140.59814067924901,-4.0598665618922496],[140.59775996475059,-4.0600093301663946],[140.59728407320154,-4.0604376331901904],[140.59697474328982,-4.0609373190020506],[140.59635608256724,-4.0617225413621441],[140.59592778044282,-4.0621508443859398],[140.59554706684378,-4.0625077637222944],[140.59461431789657,-4.0630169679586743],[140.59430974719714,-4.0632644317080917],[140.5941574613978,-4.0637974311065364],[140.59442396109694,-4.0644065734045967],[140.59465238889675,-4.0647301800537434],[140.59489985264611,-4.0648063229534159],[140.59514731729496,-4.0648253589031356],[140.5954138169941,-4.0648063229534159],[140.59617524419218,-4.0644636812538124],[140.59662691340145,-4.0643372131917772],[140.59665113574135,-4.0643304314042439],[140.59703185023977,-4.0643304314042439],[140.59741256383882,-4.0645778951537181],[140.59798363513676,-4.0650728226526098],[140.59844049073615,-4.0654916081511487],[140.59906866898393,-4.0658532858004719],[140.59958263243266,-4.0660436425999933],[140.59990623908175,-4.0662720712990108],[140.60003948893132,-4.0667479628481829],[140.59990623908175,-4.0671096413967689],[140.59939227563302,-4.0672809622465707],[140.59874506233484,-4.0672999981962903],[140.59834531278602,-4.0673380691964667],[140.59767906443733,-4.0672809622465707],[140.59735545688886,-4.0669763906478806],[140.59693667228964,-4.0664053211485793],[140.59649885084139,-4.0661197846003461],[140.5962191374033,-4.0661042461140369],[140.59615620914178,-4.066100750449209],[140.59569935174375,-4.0664624280985322],[140.5953186381447,-4.0670525344468729],[140.5949759964451,-4.0673761410959628],[140.59484274569627,-4.0676807117953899],[140.59501406744528,-4.0680614262937524],[140.5954328520445,-4.0682708181436738],[140.59545798000181,-4.0682737742152426],[140.5957564586937,-4.0683088900431699],[140.59619428014196,-4.0680804613441524],[140.59655595779134,-4.0678520326451348],[140.59684149344025,-4.0677568546950624],[140.59729834993891,-4.0677758897454623],[140.59760292063834,-4.0680043193437996],[140.59773617138728,-4.0685944247928205],[140.59779327833724,-4.0692226030406573],[140.59773617138728,-4.0700221012389193],[140.59773617138728,-4.0703837797875622],[140.59745063483899,-4.0707073864367089],[140.59714606413957,-4.0708977432362303],[140.59668920764091,-4.0710500290355753],[140.59628945809209,-4.0712023139356006],[140.59602295929221,-4.0712023139356006],[140.59573742274392,-4.0709738861359028],[140.59548995899445,-4.0698507803891744],[140.5952996030943,-4.0694700667900747],[140.59489985264611,-4.0692797099905533],[140.59477861683979,-4.0692569778271945],[140.59429071124737,-4.0691654951913847],[140.59366253299959,-4.0690893531910319],[140.59307242665125,-4.0688799604417909],[140.59240617830255,-4.068518281893148],[140.59212064265364,-4.0680804613441524],[140.59181607195421,-4.0676997477451096],[140.59154957225508,-4.0675855329459409],[140.5913401786064,-4.0677187827955663],[140.5912069296561,-4.0681566042438249],[140.59147342935535,-4.0688038166427987],[140.59172089310482,-4.0691464601409848],[140.59160667920492,-4.0695462087904843],[140.59124500065627,-4.0699840302387429],[140.59021707375905,-4.0701363160380879],[140.58987443205945,-4.0700411371886958],[140.5895317885612,-4.0696984945898294],[140.58850386166398,-4.0693748879406826],[140.58778050636533,-4.0693177809907297],[140.58711425711738,-4.0694319948905786],[140.58669547161878,-4.0696794586400529],[140.58667643566901,-4.0701553510885446],[140.5868667933679,-4.0708787072864538],[140.58688505859868,-4.0709026814135427],[140.58717136406722,-4.0712784568352731],[140.58766629156617,-4.0718875991333334],[140.58779954231511,-4.072287347782833],[140.58747593476664,-4.0728203480805405],[140.58705715016742,-4.0733723834287048],[140.58680968641795,-4.0737530961284278],[140.58675257856873,-4.0741338097274706],[140.5868858284183,-4.0748000589754838],[140.58701907826787,-4.0754472731730971],[140.5868858284183,-4.0759231647222123],[140.58671450666918,-4.0760183426723415],[140.58639090091935,-4.0760373786220612],[140.58580079367175,-4.0760183426723415],[140.58515358127283,-4.0757518438724674],[140.58500129457411,-4.0757518438724674],[140.58463961692485,-4.0758850928227162],[140.58460154592467,-4.0763609861705277],[140.58502033142327,-4.0765323070203294],[140.58549622297232,-4.0766274849704018],[140.58658125681961,-4.0769130206193722],[140.5870952211676,-4.0772556632182386],[140.58739979186691,-4.0775983049177853],[140.58741882781669,-4.0782455191153417],[140.58713329216778,-4.0787594816646902],[140.58673354261896,-4.0790450182129803],[140.58625765106979,-4.0790069463134841],[140.58576272267157,-4.0785310538649924],[140.58538200907253,-4.078340697065471],[140.58481093777459,-4.0782455191153417],[140.58361169002751,-4.0783978040154238],[140.58294544077955,-4.0785120179152727],[140.58258376313017,-4.0786262318151216],[140.58239340633065,-4.0788356245643627],[140.58262183413035,-4.0791973031130055],[140.58290736977938,-4.0793495889123506],[140.58313579757908,-4.0795209097621523],[140.58321194137807,-4.0797493375618501],[140.5831167616293,-4.0799777662608676],[140.58300254772951,-4.0800539091605401],[140.58283122687965,-4.0800539091605401],[140.58258376313017,-4.0798445164112422],[140.58235533533048,-4.0796351236620012],[140.58220304863187,-4.0795399448125522],[140.58210787068174,-4.0795589807623287],[140.58205076373179,-4.0796731946621776],[140.58203172778212,-4.0800539091605401],[140.5820697987823,-4.0803965508600868],[140.58197462083217,-4.0806440146095611],[140.58189847793244,-4.0806820874083769],[140.58176522808287,-4.0807011215594571],[140.58146065738345,-4.0806059436093847],[140.58104187188496,-4.0804155868098633],[140.58052790933561,-4.080320408859734],[140.58016623078697,-4.080320408859734],[140.57993780208801,-4.080320408859734],[140.57963323138858,-4.0802442659600615],[140.57946190963946,-4.0801490880099323],[140.57938576673985,-4.0797493375618501],[140.57921444588999,-4.0792353741131819],[140.57898601809029,-4.078816588614643],[140.57885276824072,-4.0786643037146177],[140.57868144739098,-4.0786643037146177],[140.57856723259181,-4.0787594816646902],[140.57854819664203,-4.0790830892131567],[140.57856723259181,-4.0795780167120483],[140.57871951839115,-4.0801300520602126],[140.57936673168933,-4.0808534082581218],[140.57974744528849,-4.0813864067572467],[140.57989973108783,-4.081995549055307],[140.5799187670375,-4.0824904765541987],[140.57982358818811,-4.0828331200523849],[140.57972841023798,-4.0831567258022119],[140.57974744528849,-4.083442262350502],[140.5799187670375,-4.0836326182507037],[140.58020430178715,-4.0837277971000958],[140.58075633713531,-4.0837277971000958],[140.58144162233305,-4.0835945472505273],[140.58229822838064,-4.0834803333506784],[140.58273604803026,-4.0835184043508548],[140.5833071193282,-4.0837658681002722],[140.58397336767689,-4.0842036886492679],[140.58416372537567,-4.0846795810977596],[140.58420179637585,-4.0850412587470259],[140.58439215317537,-4.0853458303457728],[140.58477286677441,-4.0854790801953413],[140.58513454532306,-4.0858026868444881],[140.5853058661728,-4.0861643653930741],[140.58545815197215,-4.0867354357916952],[140.58542008097197,-4.0868496496915441],[140.58522972417245,-4.086868684741944],[140.58488708067432,-4.0866973638921991],[140.5842398682754,-4.0864118291425484],[140.58378301087737,-4.0863166502931563],[140.58315483442811,-4.0863927931928288],[140.58248858518016,-4.0868306137417676],[140.58197462083217,-4.0870209714406087],[140.58161294318279,-4.0871351853404576],[140.5813083715841,-4.0874207200901083],[140.58144162233305,-4.0878204696389275],[140.58191751388222,-4.0882011841372901],[140.58231726343104,-4.0883725049870918],[140.58307869062912,-4.0887722536365345],[140.58366879697746,-4.089095861185001],[140.58422083232563,-4.0892291110346264],[140.58515358127283,-4.0892291110346264],[140.58566754382218,-4.0891148971347206],[140.58616247222039,-4.0891148971347206],[140.58660029276939,-4.0893242889846988],[140.58665739971934,-4.0897050025837416],[140.58640993596987,-4.0901999309820098],[140.58601018732031,-4.0905806445810526],[140.5857246516714,-4.0908661802299662],[140.58559140182183,-4.0911517149796168],[140.58559140182183,-4.0913801427793146],[140.58580079367175,-4.0914372506285872],[140.58629572206996,-4.0915514654277558],[140.58684775741813,-4.0917608572776771],[140.58703811421765,-4.0920844639268239],[140.58694293626752,-4.0930552838742074],[140.58694293626752,-4.0931123908241034],[140.58669547161878,-4.0934550334230266],[140.58612440122022,-4.0941022467212633],[140.58557236587205,-4.0944448893201297],[140.58502033142327,-4.0946733171198275],[140.58482997372437,-4.0952634243674879],[140.58488708067432,-4.0961200304150225],[140.5852868311224,-4.0966149579139142],[140.58553429487188,-4.0970908503624059],[140.58547718792192,-4.0979284195608443],[140.58545815197215,-4.0983281700089833],[140.5858388655713,-4.0989563473575004],[140.58707618521782,-4.1016213443494962],[140.58793279126542,-4.10289673499625],[140.58905589701214,-4.1044766972417506],[140.58962696830997,-4.1049906597910422],[140.58963844365928,-4.1049944846077437],[140.59132085397425,-4.1028457128593345],[140.59250093626929,-4.1010836972547509],[140.59350030969165,-4.0990135658233839],[140.59449968401327,-4.0976572739639892],[140.59499937072439,-4.0960154446569845],[140.59485660334963,-4.0943022343605548],[140.59514213809928,-4.0933028600389321],[140.5956418248104,-4.0926604050536071],[140.5984971777026,-4.0903761225599737],[140.59921101637542,-4.0894481328249981],[140.59971070308654,-4.0885201430900793],[140.59992485504813,-4.0868069309950101],[140.59978208677398,-4.0852364871740861],[140.59928240006275,-4.0838801944153715],[140.59879419499612,-4.0823530547496034],[140.59935378375019,-4.0798826998266691],[140.59978208677398,-4.0785264070680114],[140.60035315807181,-4.0774556499582104],[140.60035315807181,-4.0758852052379666],[140.60056730913402,-4.0748858318156636],[140.60128114780684,-4.0734581553695079],[140.60249467319068,-4.0718163269618799],[140.60377958226195,-4.0694606607808055],[140.60470757109761,-4.0676046813109679],[140.60663493515415,-4.065391781605399],[140.60849091372472,-4.0636785704096496],[140.61030895169688,-4.0618713944492697],[140.61462684505295,-4.0594614083173042],[140.61620036815248,-4.0593955410712965],[140.61841326695878,-4.0596810758209472],[140.62112585157683,-4.0596810758209472],[140.6237670543062,-4.0596810758209472],[140.62583718483825,-4.0597524604076511],[140.6277645488949,-4.060609065555866],[140.62783593168297,-4.0611087531663657],[140.62805008364455,-4.0626791969872897],[140.62840700298091,-4.063821337784475],[140.62912084075424,-4.0647493284187135],[140.63076266916187,-4.0649634785816033],[140.63261864863182,-4.0648207121061546],[140.6350456993996,-4.0643924090823589],[140.63661614322052,-4.0644637927698],[140.63840073900292,-4.0646779438320095],[140.64011395109799,-4.0646779438320095],[140.64089917255887,-4.0641068734333885],[140.6414702438567,-4.0626078132999055],[140.64246961817844,-4.0610373685796617],[140.64282653661542,-4.0597524604076511],[140.64328828182886,-4.0585877376339567],[140.64330420522492,-4.0569790078748724],[140.6429693039903,-4.05582634860707],[140.64207858485884,-4.0532135734476356],[140.6418985468805,-4.0526854609652219],[140.64104194083302,-4.0508294805960077],[140.64032810305957,-4.0489735011261132],[140.64011395109799,-4.0482596633527237],[140.64036379535298,-4.0468676783006572],[140.64082778887143,-4.0461895319212999],[140.64204131515464,-4.0454043095612064],[140.64385935312669,-4.0446678907105138],[140.64511081910905,-4.0442621687640212],[140.64789478921318,-4.043048643380132],[140.64903693001042,-4.0419778862703879],[140.6503218390817,-4.0413354321843826],[140.65132121340332,-4.0409785119487083],[140.65360549499769,-4.0409785119487083],[140.65596116117877,-4.0405502089249694],[140.65753160589895,-4.039979139425725],[140.6587451312829,-4.0393366844403999],[140.6601014240415,-4.0387656140418358],[140.66117020264278,-4.0378231182422724],[140.66384682517094,-4.0374581238932592],[140.66579850599635,-4.0374581238932592],[140.66670217806313,-4.0374581238932592],[140.66898646055677,-4.0388858012386777],[140.66999773200973,-4.040182607441352],[140.67026400238183,-4.0409700448316812],[140.67062092171818,-4.041422143017428],[140.67141222079738,-4.0417213438648787],[140.67245148634709,-4.042344903194703],[140.67261627811877,-4.0423614327339124],[140.6741765596006,-4.0420331666972515],[140.67521013963631,-4.0415315806179137],[140.67592158341438,-4.0400350889481729],[140.67688210162771,-4.0383930411059055],[140.67706970919983,-4.0381918222947206],[140.67712665786905,-4.038400693437211],[140.67720514440191,-4.0388387559038392],[140.6772336016495,-4.0392049913172627],[140.67732640628867,-4.0395999735598593],[140.67750497207692,-4.0401170657499392],[140.67768360801222,-4.0404546370717753],[140.67783006170805,-4.0408023680348037],[140.67809214393731,-4.0410897068244367],[140.67835417040874,-4.0415206619489368],[140.67871145576919,-4.042167080246486],[140.67906879778684,-4.0426698813099051],[140.67931758983502,-4.0428483041059167],[140.67961687611796,-4.0430530770378255],[140.6804272543144,-4.0431730780750286],[140.6807848139681,-4.0431253465574741],[140.68121382475829,-4.0432212610522811],[140.68170450655782,-4.0434479999252062],[140.68192106240713,-4.0436403307366504],[140.68230544613948,-4.0439817178819339],[140.68367969656083,-4.0451394142525032],[140.68369475211114,-4.0451520973913375],[140.68438593866017,-4.0457343652487339],[140.68499107357923,-4.0465255348255482],[140.6855870920707,-4.0473047829892721],[140.68597970999565,-4.0481816768428871],[140.68742418307966,-4.0514078238119851],[140.6878536030614,-4.0520067695966873],[140.68822986681494,-4.0525315743726082],[140.68838724817306,-4.0527729973758824],[140.68859968872471,-4.0530988793098004],[140.68912463199626,-4.0539041376657678],[140.68935431614887,-4.0542564695603573],[140.68958774327984,-4.0546145454248972],[140.68959467075751,-4.0546199602429169],[140.69058699619302,-4.0553956102191933],[140.69130920305736,-4.0559601218620855],[140.69197716731253,-4.0564822331684809],[140.69230014713412,-4.0573545000100921],[140.69254251712357,-4.0580090616688267],[140.69283289472241,-4.0587932776875846],[140.69304798917346,-4.0593741749781316],[140.69350539875518,-4.0603748793971022],[140.69393055774913,-4.0613050203103853],[140.69378526238006,-4.0619671560593815],[140.69366587468039,-4.0625056745971619],[140.69366554822659,-4.0633733611916227],[140.69366518669904,-4.064330808220177],[140.69385045333581,-4.0651891193822962],[140.69399241132078,-4.0657371842236216],[140.69429022361498,-4.0661262597190557],[140.69476686879602,-4.0663658031392629],[140.69521372933025,-4.0665754144237667],[140.69559134026815,-4.0666895635724813],[140.69594119273188,-4.0668564732475829],[140.6968595723115,-4.0674837872469425],[140.69790722403923,-4.0685675089832785],[140.69826910673396,-4.0695271143847549],[140.69828143194263,-4.0700173968853051],[140.69816211439013,-4.0703763945548985],[140.69798329319451,-4.0704960088836515],[140.69765191820147,-4.070811839095029],[140.6973870687583,-4.0713036306580079],[140.69705907701484,-4.0719318331874774],[140.69688005437104,-4.0725900101208481],[140.69652210710967,-4.0736370826851953],[140.69628352416532,-4.0742054767013656],[140.69616402494989,-4.0750431978852362],[140.69601475187937,-4.0758210682876097],[140.69607400730968,-4.0767186969102909],[140.69604386203468,-4.0776462127025184],[140.69619259731053,-4.078304513742296],[140.69625206588023,-4.0786336593158694],[140.6963710605761,-4.0791423482407367],[140.6966390486532,-4.0796211733784276],[140.69714544340752,-4.0800103271148487],[140.6979201068275,-4.0801602027311219],[140.69878411429545,-4.0803699866854686],[140.69937993223812,-4.0806694132627399],[140.6996479778719,-4.0809986361780943],[140.70000535766121,-4.0814774936913523],[140.70019063059317,-4.0818768862092725],[140.70034000618637,-4.082177157249987],[140.7006670212661,-4.0828345122029077],[140.70235994555514,-4.0834932620043674],[140.7038616002327,-4.0853672836731789],[140.70396534422537,-4.0855071714187829],[140.70409406688771,-4.0856035292794104],[140.70420570872659,-4.08570515716724],[140.70430158634917,-4.0858028208434689],[140.70440534293232,-4.0859070864428304],[140.70450910221336,-4.0860073923272466],[140.70462073505894,-4.0861314493068903],[140.70471528798021,-4.0862581377028278],[140.70478224430519,-4.0863953706497682],[140.70486103211101,-4.0865180966328012],[140.70497397436952,-4.0866566668716473],[140.70508823593343,-4.0867780852403826],[140.70520381680274,-4.0868849930479314],[140.70532203628306,-4.0869668340520775],[140.70545469977469,-4.0870671507283873],[140.70557554437596,-4.0871555927563463],[140.70574527342569,-4.0873641563306933],[140.70581354186152,-4.0875119437211538],[140.70583451315235,-4.0876491595810194],[140.70583444480383,-4.0878338641414871],[140.7058343827506,-4.0880080151577545],[140.70581329904462,-4.0881768781603682],[140.7057764466258,-4.0883510147874631],[140.70572380391047,-4.0885937499015768],[140.70570272829832,-4.0887415058157899],[140.70570266984237,-4.0888998233680809],[140.70570259340002,-4.0891109131380858],[140.70572879694646,-4.0893114592564075],[140.70580755957133,-4.0895014689176037],[140.70587580462472,-4.0897125847679376],[140.70587572188708,-4.0899395071025424],[140.70582243705587,-4.0902786621305154],[140.70582405223831,-4.0903138615954049],[140.70582878177288,-4.0903662569971289],[140.70582862259289,-4.090401392610147],[140.70582598128408,-4.090436905938418],[140.7058121362212,-4.0905691656344629],[140.70580696511945,-4.0906524608423638],[140.70580539760113,-4.0907088384420831],[140.70580588143639,-4.090718307403904],[140.70580182009803,-4.090831336896656],[140.70580173736039,-4.0910582592312039],[140.70580693364309,-4.0912165785821912],[140.70583840272013,-4.0913960167127357],[140.70585937041369,-4.091543787915441],[140.70589085028257,-4.0916915627154253],[140.70594332392534,-4.0919132267139844],[140.70599583084299,-4.0920451770432464],[140.70613767911061,-4.0921824387684751],[140.70628480729806,-4.0922563738325266],[140.70650025158545,-4.0923408903198037],[140.70665265339733,-4.0923673321865977],[140.70683133609737,-4.0923779522806285],[140.70699425637986,-4.0923780134345407],[140.70720447110955,-4.0923939206428486],[140.70735686123021,-4.0924467504171389],[140.70756178884551,-4.0925523703955378],[140.70780873998137,-4.0927107778800291],[140.70801365860348,-4.0928375067454681],[140.70815553295154,-4.0929061627891201],[140.70831316611975,-4.0929959340151072],[140.7084655301602,-4.093122643994775],[140.70861263496522,-4.0932599057200036],[140.70871769466589,-4.0934024311771964],[140.708799490704,-4.0935805589955407],[140.70889815892292,-4.0938724573479703],[140.70893985868759,-4.0939173533031408],[140.70901728761783,-4.0940370620606927],[140.70908875494217,-4.0941627531085487],[140.70914829815547,-4.0943033998819374],[140.70918699328513,-4.0944171110608067],[140.70919293240797,-4.0944739608045779],[140.70918098311597,-4.0945577335525059],[140.70912731787143,-4.0946414910119415],[140.70901109038959,-4.0946953046445742],[140.70883526573505,-4.0947550807823063],[140.70858495023538,-4.0948148308397094],[140.70845978439161,-4.0948656488305915],[140.70836613079234,-4.094917573886903],[140.70831243676957,-4.0950118480183164],[140.70823880028047,-4.0951754158127187],[140.70817567326878,-4.0953442662248563],[140.70810725734407,-4.0956028258096921],[140.70807040492537,-4.0957769624368439],[140.70804406198397,-4.0959563798829777],[140.70797037423347,-4.0962624335643909],[140.70792299704874,-4.0964735071465839],[140.70785455684234,-4.0968006706144138],[140.70782820131046,-4.0970170304115641],[140.70781763427647,-4.0971700671448161],[140.7078122716191,-4.0974655915637754],[140.70781747689512,-4.0976028020276658],[140.70782792881596,-4.0977664012983155],[140.70784887132845,-4.0979880536057181],[140.70785404422884,-4.0982149768396425],[140.70793803910931,-4.0984735939811117],[140.70803257224543,-4.0986583327158428],[140.70814814771893,-4.0987850301050344],[140.70959468564627,-4.0981623691979507],[140.71089636887234,-4.0977655001776156],[140.71119880188326,-4.0993270577974386],[140.71130653526848,-4.0993455667444891],[140.71148520537804,-4.099398404612657],[140.71161131461054,-4.0994617771392541],[140.71176369933528,-4.0995409921230248],[140.7119160822615,-4.0996202053081561],[140.71206320325427,-4.0997152501586243],[140.7121735419754,-4.0997944471559435],[140.71233116884844,-4.0999053272689707],[140.7124730369012,-4.0999950913004],[140.71264118134548,-4.1000901433453691],[140.71280933118578,-4.1001693628257954],[140.71303529394368,-4.1002433248694956],[140.71318243562098,-4.1002855957036104],[140.71332432166014,-4.1003225884167023],[140.7135345220006,-4.1003859906209073],[140.71375523991242,-4.1004282866360882],[140.71403903986982,-4.1004336672799013],[140.7142597739695,-4.1004337446215686],[140.71443846566274,-4.1004232558285594],[140.71461190981188,-4.1003969308736146],[140.71476433860346,-4.1003442117159352],[140.71490100497749,-4.1002862108398972],[140.71502716097473,-4.10022293004414],[140.71519012892134,-4.1000963333790423],[140.71531630740174,-4.0999697250227314],[140.71545301064793,-4.0998009006909797],[140.71557392719501,-4.0996953976244299],[140.71574740821643,-4.0995582519117306],[140.71594716472998,-4.0994316678371661],[140.71611011469008,-4.0993525670672852],[140.71637817920964,-4.0992682268471299],[140.7166567478107,-4.0991997209902706],[140.71690377269101,-4.099157589551055],[140.71715604781343,-4.0991365696968955],[140.71735575936088,-4.0991366416426445],[140.71755547000896,-4.0991367117897539],[140.71772364772823,-4.0991367720443463],[140.7178970819848,-4.0991368331982585],[140.71806000406605,-4.0991368907548349],[140.71820715563581,-4.0991474973590698],[140.71835430810495,-4.0991581039633047],[140.7183862115545,-4.099165396565752],[140.71858553369543,-4.0992109580192277],[140.71868375764939,-4.0985461332973614],[140.71891336176225,-4.0963632313780067],[140.71891378264502,-4.0951568457118128],[140.71908585532799,-4.0938930743058677],[140.71908671597919,-4.0914228560798733],[140.7188914048146,-4.0906765419887847],[140.71880104633124,-4.0903312643762888],[140.71858255424149,-4.0896590409319629],[140.71870380083976,-4.0894862847641775],[140.71872452301841,-4.0894567600213918],[140.71877283819595,-4.0892572957875473],[140.71876438996469,-4.0890692106754614],[140.71870202198079,-4.0888754076738678],[140.7186141087542,-4.0886929945859833],[140.71850632590633,-4.0885219741097671],[140.71838152518728,-4.0883224487220104],[140.71827092566275,-4.0880887320093393],[140.71821705627224,-4.0879433781843204],[140.71818305200634,-4.0877923298521068],[140.71817746631712,-4.0875358530971084],[140.71820022995666,-4.0873620276354359],[140.71825137260282,-4.0871910629171566],[140.71832808027671,-4.0869574118550531],[140.71833664721851,-4.0868035297590382],[140.71835944323379,-4.0865413629934437],[140.71838220327618,-4.0863789373380541],[140.71841347000566,-4.0862364613435602],[140.7184674410197,-4.0860939943423205],[140.71855831211644,-4.0859315929686204],[140.71867472216081,-4.085777747744828],[140.71886211299613,-4.0855298873943298],[140.71894161576301,-4.0854159280026465],[140.71906652529992,-4.0853048320523158],[140.71928510102668,-4.0851481737491895],[140.71949232191321,-4.0850057589086077],[140.71969954819565,-4.0848462470565892],[140.71985285472556,-4.0846810173150629],[140.71996642471083,-4.0845300220428271],[140.7200970566339,-4.0842821419072948],[140.72022481162583,-4.0841453990908576],[140.72038096810729,-4.0839459717291788],[140.72049453629393,-4.0838006763600561],[140.72058256283503,-4.0836553710984731],[140.72069332513695,-4.0834188817759127],[140.72072800659225,-4.0833021138014374],[140.72073310215103,-4.0832849592334242],[140.72080130223833,-4.0830256577078785],[140.72084109633954,-4.0828461404369705],[140.72086670093756,-4.0826637651206283],[140.72085542343916,-4.0824471831908795],[140.7208043860137,-4.082310379220587],[140.72071082774255,-4.0820424711830583],[140.72062574018582,-4.0818971056668261],[140.72051227092459,-4.081757429261927],[140.72034204724775,-4.0816034860119998],[140.72022855820148,-4.0815265031455397],[140.72006966328445,-4.0814352570314441],[140.71983699158397,-4.081321187023093],[140.71969228437149,-4.0812413443125592],[140.71953906777378,-4.0811472482468503],[140.71937167336409,-4.0810218018146429],[140.71924683757152,-4.0809248683879105],[140.71889799594578,-4.080615973748138],[140.71860956358057,-4.0802682850532506],[140.718330560607,-4.0798359476708015],[140.71812245388821,-4.0791802070008885],[140.71794388270405,-4.0785817387562133],[140.71764624307968,-4.0776541051527602],[140.71725908763688,-4.0770854827088101],[140.71693144303174,-4.07675624540434],[140.71624630442352,-4.0762473577293008],[140.71591861844956,-4.0760378004040945],[140.71555514395482,-4.0759179900231857],[140.71507843672055,-4.0758220764276416],[140.71468516678704,-4.0757022561541589],[140.71429188066577,-4.0756303067931867],[140.71402974087994,-4.0754387242176904],[140.71368027872199,-4.075073278409036],[140.71341024828439,-4.0746725441025546],[140.71293359231151,-4.0744330123735608],[140.71231391535503,-4.0741934275845892],[140.7119020096701,-4.0740267148609632],[140.71102688658164,-4.0737142409194576],[140.71012116585916,-4.073474552708376],[140.70976788967641,-4.0735535428616458],[140.70891819671749,-4.0730411874008041],[140.70853697410212,-4.0728235640561934],[140.70808467896484,-4.0725656906540735],[140.70765025155788,-4.0723180047720575],[140.70765162931934,-4.0721425362489754],[140.70762672529315,-4.0719789333810468],[140.70757816010405,-4.071849622561956],[140.70747835514203,-4.0717189726524339],[140.7073575123394,-4.0716318553257906],[140.7072787236342,-4.0715144065645745],[140.70725906625296,-4.0713771898054461],[140.70731957084161,-4.0711885507109855],[140.70743786766354,-4.0710474272968895],[140.70755220656918,-4.0709524777745969],[140.7076205829236,-4.0707994617257555],[140.70763114905833,-4.0706411477706865],[140.7075234669345,-4.070494664397188],[140.70739079714758,-4.0704180961182033],[140.70726601171714,-4.0703349331106438],[140.70714387389069,-4.0701989987847469],[140.70708348891196,-4.0700538527030972],[140.70704545208605,-4.0698757311799909],[140.70703764327266,-4.0696699150345239],[140.70703771341982,-4.0694772946413877],[140.70703908038934,-4.0693295324319365],[140.70708774989976,-4.0691725521714943],[140.70714167414906,-4.0690129341995203],[140.70713122672475,-4.068838779585974],[140.70708004091125,-4.0686896782859776],[140.7070117877638,-4.0685036301383661],[140.70700396725931,-4.0683321159343677],[140.70702767428781,-4.068173807375274],[140.707073712382,-4.0680234218434066],[140.70714471655549,-4.0678638110659904],[140.70722491180027,-4.0677226732627219],[140.70729590428266,-4.067598681933589],[140.70736165371738,-4.0674377500520791],[140.70740640038514,-4.0672279957753403],[140.70739462556162,-4.0670894633080366],[140.70732241000132,-4.066962782106657],[140.70721209106523,-4.0668426848419585],[140.70708468680891,-4.0667397322528132],[140.7069769831013,-4.0666526167248094],[140.70687585433723,-4.0665536319444868],[140.70675896765226,-4.0664269345553521],[140.70664471058501,-4.0662976003539484],[140.70658040276339,-4.0661036363736685],[140.70656470509709,-4.0659162887056937],[140.70657264970805,-4.0657434605921594],[140.70660817742555,-4.0655970302786955],[140.70667786139427,-4.0654558879788283],[140.70676332396829,-4.0652791316265962],[140.70678177356001,-4.0651234589803948],[140.70674637084835,-4.0649268680804767],[140.70669123970902,-4.0647896387308151],[140.70660194602306,-4.0646616319287432],[140.70647061442742,-4.0645204176830703],[140.70630774720485,-4.0643871066795896],[140.7061435597775,-4.0642722668515603],[140.70598462618966,-4.0641600674331357],[140.70579809870333,-4.064059730971735],[140.70566411320829,-4.0639897592199645],[140.70552618868271,-4.0639131882430206],[140.70540665978956,-4.0638313472388177],[140.7052398463419,-4.0637125458972037],[140.7051229488651,-4.063620152248177],[140.70502970625603,-4.063511934128428],[140.70496012211197,-4.0633760186882455],[140.70491681705755,-4.0632348359188768],[140.70489453185724,-4.0630936612434425],[140.70487621266716,-4.0628904801115482],[140.70487235097823,-4.0626714718109156],[140.70483694826657,-4.0624788388273032],[140.70475687173234,-4.0622941045892276],[140.70465182642067,-4.062122555311646],[140.7045428411792,-4.0619562823565047],[140.70444960396617,-4.0618322316720992],[140.70434191734569,-4.0617028992693349],[140.70420664941742,-4.0615498085767854],[140.70408187657745,-4.0614363024433828],[140.70391637164334,-4.0613320161595539],[140.7037285131604,-4.0612818133050155],[140.70354457841961,-4.061279106345637],[140.70339742864849,-4.0612803698930975],[140.70326079015342,-4.0612829590413071],[140.70305977728697,-4.0612776080751019],[140.70289951090376,-4.061219499280412],[140.70278787625955,-4.0611099546606511],[140.70275640088721,-4.0609516254171467],[140.70278536894966,-4.0607788062968098],[140.70285768793201,-4.060620513925528],[140.70293919258972,-4.0604872928542477],[140.70296289602095,-4.0603408580441283],[140.70293535428323,-4.0602075983019859],[140.70283425070022,-4.0600386867359362],[140.70275546829032,-4.0599133230413713],[140.7026333448531,-4.0597417665692319],[140.70259268380539,-4.0595557292134572],[140.7026137666121,-4.0593881828183385],[140.70268871611142,-4.0592232966178017],[140.70278073474321,-4.0590782062941457],[140.70279660417998,-4.0590622819986493],[140.70289376603455,-4.0589647855963449],[140.703012047568,-4.0588619238386627],[140.70313164031302,-4.0587643384034209],[140.70321445258503,-4.0586522262192375],[140.7032342259788,-4.0584688490581016],[140.70313443720454,-4.0583025779015998],[140.70298995032601,-4.0582141313770421],[140.70283888940332,-4.058136234799349],[140.70267995131871,-4.0580398661468848],[140.70249999517875,-4.0579368946719114],[140.70237258462714,-4.0578524105602582],[140.70227540028952,-4.0577507871690273],[140.7021821801635,-4.0575792405894617],[140.70214939717698,-4.0574116771071544],[140.70216392032876,-4.0572164243984048],[140.70220733330189,-4.0570620791515921],[140.70229804791666,-4.0568985176524279],[140.70241371871816,-4.0567468388954353],[140.70253988820537,-4.0566294665765668],[140.7026581850273,-4.0564843861454847],[140.7027272817387,-4.0558980632449675],[140.70228034566151,-4.0549954586734316],[140.70136538620363,-4.0540185233361399],[140.70062196523156,-4.0532714376266767],[140.69993573124907,-4.0525818212939839],[140.69959270014306,-4.0520072237543445],[140.69895226413576,-4.0511638638212162],[140.69893247635275,-4.0510362877943749],[140.69889517876959,-4.0507958297636719],[140.69885866269715,-4.0506874353768012],[140.69880337507573,-4.0505563259136466],[140.69872821873241,-4.0504280610061869],[140.69866725099291,-4.0503040759722921],[140.69858073711134,-4.05019717895658],[140.69848713117619,-4.0500845802391154],[140.69838500956064,-4.0499748278759853],[140.69828714713424,-4.0498636518859712],[140.6981949648258,-4.0497339561571266],[140.69813640996745,-4.0496580515777509],[140.69809710779532,-4.0496071058831831],[140.69801627672985,-4.0494774137516174],[140.69792551714897,-4.0493405926941364],[140.69783049208365,-4.0492308439282851],[140.69773829988264,-4.0491282186923172],[140.69761064021895,-4.0490156073843195],[140.69750567314838,-4.0489300746631898],[140.69738793930208,-4.0488317158109908],[140.69725034932424,-4.0487134010026011],[140.6971141775773,-4.0485950870935312],[140.69697800133372,-4.0484910211436613],[140.69681486791194,-4.0483783963458677],[140.69664747440152,-4.0482771677570213],[140.69648717294479,-4.048181641769304],[140.69636517271465,-4.0481103534100384],[140.69621053428875,-4.0480518758932931],[140.69608143121309,-4.048003382649938],[140.69593813503695,-4.0479662820182511],[140.69574943658733,-4.047922038970853],[140.69556357729732,-4.0478749495692341],[140.69541602193192,-4.0478463969935774],[140.69523156558432,-4.0478392033165278],[140.69512906085754,-4.0478383849334705],[140.69504427097638,-4.0478377077439518],[140.69490238223921,-4.047831954780861],[140.6947675981462,-4.0477991322240996],[140.6945817478495,-4.0477263941577348],[140.69443421766505,-4.0476308726666161],[140.69431222462958,-4.0475410600718078],[140.69419306535769,-4.0474612227571924],[140.69406966488316,-4.047345762396958],[140.69398600724855,-4.0471932697535635],[140.69396903434358,-4.0470479276197011],[140.69397050833231,-4.0469025926804534],[140.69398334435596,-4.046724490942438],[140.69400893636339,-4.0465905630040311],[140.69404303865542,-4.0464566395622228],[140.69406296043735,-4.0463084609666566],[140.69408713061659,-4.0461731094014226],[140.69409570385369,-4.0460178027793177],[140.69409576141038,-4.0458653434108101],[140.69409412734217,-4.0457551431852607],[140.69409299419635,-4.0456786846235673],[140.69409303466591,-4.04556920655358],[140.69409305085367,-4.0455247998295931],[140.69409310301432,-4.045385162994819],[140.69409315967164,-4.0452341281524582],[140.69408613057055,-4.0450602927982118],[140.6940478788066,-4.044904969089032],[140.69398692815423,-4.044739661106405],[140.6939202883907,-4.0446099743707578],[140.69383662536006,-4.0444703060597362],[140.69374018656038,-4.0443406067335559],[140.69364375225746,-4.044206632929729],[140.69354872719202,-4.0440997332160578],[140.69343099964101,-4.0439871246060761],[140.69333004084876,-4.0438980368648458],[140.69331468942141,-4.043884490376854],[140.6931756713202,-4.0437932469607176],[140.69301821531849,-4.0436806239615635],[140.69288914102106,-4.0435580355748471],[140.69277424543509,-4.0434625266742046],[140.69263381539838,-4.0433541853473116],[140.69248486968104,-4.0432515367289739],[140.69236005277423,-4.0431303773650029],[140.69226361127676,-4.0430163514234323],[140.69215723586785,-4.0429008973584928],[140.69205086765351,-4.0427711944350335],[140.69196863004834,-4.0426172790641317],[140.69191334782283,-4.0424690716902774],[140.69186374661467,-4.0423108944322053],[140.69182406762673,-4.0421769422120519],[140.69177871661452,-4.0420344392379093],[140.69173622904384,-4.0418249682476244],[140.69173486207433,-4.0416881795657673],[140.69173493222138,-4.0415043734280403],[140.69173924806796,-4.0413462159550591],[140.69174497764868,-4.041202306441221],[140.69175072341727,-4.041017075777404],[140.69177207781922,-4.0408290041551709],[140.69180760463735,-4.0406836809070796],[140.69182845362025,-4.0406091172169454],[140.69185022890497,-4.040531237726384],[140.69185739020645,-4.0403559823426463],[140.69185746035362,-4.0401707507794526],[140.69185751791019,-4.0400154405600688],[140.69185758176206,-4.0398458832808615],[140.69185764291592,-4.0396820241060709],[140.69185769777459,-4.0395381127936503],[140.6918478232185,-4.039388497980724],[140.69183652773359,-4.039237460440404],[140.69183375692239,-4.0390607760339208],[140.69183382167364,-4.0388897924299272],[140.69181827869068,-4.0387202279561052],[140.69176300096183,-4.0385606225746074],[140.69165947730312,-4.0384138226397681],[140.69154743256797,-4.0382883932946925],[140.69142545841828,-4.0381572577512088],[140.69131908390864,-4.0380432300109987],[140.6912113001614,-4.0379049772328699],[140.69113898207843,-4.0377866858068501],[140.69105816270417,-4.0376341949620951],[140.69098727364383,-4.0374859821922655],[140.69093342044107,-4.0373178287547375],[140.69091362366487,-4.0371340136237563],[140.69090376529664,-4.0369430785601708],[140.69089532156192,-4.0367549943474614],[140.69084147105707,-4.0365782910552639],[140.69077908958343,-4.0364486052189363],[140.69070252130439,-4.0363132131842008],[140.69060041767523,-4.0361621387716582],[140.69051249095878,-4.0360466910019568],[140.69039761695649,-4.035898462943635],[140.69027989929793,-4.0357673300981673],[140.69016785276426,-4.035647599756885],[140.69005579903592,-4.0355463918524492],[140.68991112509843,-4.0354067010583776],[140.68979481937549,-4.0352926670229294],[140.68966574777608,-4.0351700804347956],[140.68954660559143,-4.0350517710223812],[140.68941470562424,-4.0349035339708621],[140.68933529099093,-4.0347923651754627],[140.68925020613221,-4.0346640948720278],[140.6891665422022,-4.0345315500908896],[140.68907294615963,-4.0344018516640858],[140.68895523209835,-4.0342564717587379],[140.68886305968249,-4.0341139507981438],[140.68886151284858,-4.0341114246025427],[140.68854658016062,-4.034125463918997],[140.68841310458117,-4.0341110513838885],[140.68828442058964,-4.0340344057631796],[140.68815101695589,-4.0338332912733108],[140.68813676989612,-4.0336896677439427],[140.68817017701213,-4.0335939358114388],[140.68822266144673,-4.0334742756172659],[140.68833234366275,-4.03337378627117],[140.68843249756173,-4.0332589311547054],[140.68848495681539,-4.0332062911373896],[140.68855573795702,-4.0331599113007996],[140.68855566331331,-4.0331586423574208],[140.68867649082745,-4.0330643430449413],[140.68874801480911,-4.0330224823016465],[140.68888507868348,-4.0329985990060777],[140.68904001568421,-4.0329866901835771],[140.68917708585388,-4.0329508378108585],[140.68920691186952,-4.032867073156865],[140.68915927028411,-4.0327892620147736],[140.68902228285219,-4.0326096880866089],[140.68888528642685,-4.032454049614671],[140.68874829899482,-4.0322744756864495],[140.68864106833075,-4.0321966429606846],[140.68843255961497,-4.0320529456868712],[140.68825980794384,-4.0319032778139672],[140.68817640121995,-4.0318553736265699],[140.68799767355381,-4.0317475916779699],[140.68781895218297,-4.0316278415515967],[140.68769980999832,-4.0315320520625164],[140.68746743237614,-4.0314781062295992],[140.68727079920814,-4.0314481102420245],[140.68706821612534,-4.031394175201001],[140.68697291406875,-4.0312864256279681],[140.6868895334253,-4.0311726973620239],[140.68682999201064,-4.0310470090121839],[140.68678240708243,-4.0308195974463956],[140.68674670939322,-4.0306759658230931],[140.68671102879102,-4.0304844623879603],[140.68665745977398,-4.0303228722027598],[140.68666943514643,-4.0301732762756046],[140.68667547679183,-4.0299578526727373],[140.68668147886717,-4.0298441576816799],[140.68670534867294,-4.0297544062407837],[140.68672920768688,-4.0296945752443776],[140.68679477186129,-4.0296527118031804],[140.68687223316704,-4.0296647096585616],[140.68697949081093,-4.0296707360155892],[140.68705694132484,-4.0297126543155173],[140.68712842483706,-4.0297725221840892],[140.68721777518022,-4.0298623167924461],[140.68729521490229,-4.0299281714479207],[140.68736669301859,-4.0300059906838896],[140.68742624072854,-4.0301137267670128],[140.687515597367,-4.0301855700080296],[140.68764665916603,-4.0302753808041416],[140.68775985323475,-4.0303412489494121],[140.68793264807334,-4.0303772200326193],[140.68803990211984,-4.0303952127687808],[140.68815312856407,-4.0303773045689013],[140.68821272663604,-4.0303533915957246],[140.68827232740603,-4.0303234936342847],[140.68826639367921,-4.0302576668577785],[140.68824258772531,-4.030179865608261],[140.6881949461399,-4.0301020553654894],[140.68811155740252,-4.0300062775676224],[140.68804606877109,-4.0298506678739727],[140.68801633268765,-4.0296950707708561],[140.68799851801725,-4.0295334949747712],[140.68798667124793,-4.0293479846217224],[140.68801056803341,-4.0291864250134495],[140.68802848432711,-4.0290847026968208],[140.68807618706649,-4.0290009443380654],[140.68814771734333,-4.0289411313281107],[140.68822522631319,-4.0288274642160786],[140.68829081207139,-4.0287257598858446],[140.68836236303264,-4.028612090975173],[140.68844582641384,-4.0285103938395537],[140.68852930508342,-4.0283668089809908],[140.68852935274754,-4.0282411440135206],[140.68851150120486,-4.0281753127404158],[140.68846385782081,-4.0281034856872679],[140.6884102429384,-4.0280615772799138],[140.6883268191275,-4.0280615449043466],[140.68822552219012,-4.0280495380557113],[140.68813017516754,-4.028061469361262],[140.68802886024378,-4.0280973352237766],[140.68792158101621,-4.0281451656668423],[140.68785602043909,-4.0281810450191529],[140.68771894937004,-4.0282228805814384],[140.68762361134065,-4.0282108764307623],[140.68753426189676,-4.0281210809230856],[140.68744490975484,-4.0280372704036722],[140.68728403812793,-4.0279893356392904],[140.68718273669401,-4.0279892969684283],[140.68709333508946,-4.0280371337067322],[140.68688474273677,-4.0281148468226888],[140.6867476572786,-4.0281985710071808],[140.68653907212058,-4.0282583309571578],[140.68640199655499,-4.0283121337978969],[140.68626492638532,-4.0283539693601256],[140.68625296180483,-4.0283567914327136],[140.68624318887214,-4.0283066371415543],[140.68624320685853,-4.028258964079896],[140.68624325542191,-4.0281342290114139],[140.68624331657588,-4.0279732197882367],[140.68624762972445,-4.0278264603228422],[140.68626331839744,-4.0276155872894606],[140.6863229740261,-4.0274489024448599],[140.6864152498639,-4.0273235486428121],[140.68653731844256,-4.0272053327598769],[140.68667215019968,-4.0270999448065368],[140.68681264858492,-4.0270230572682522],[140.68693469737843,-4.0269561360167927],[140.68704540032502,-4.0268735368841817],[140.68714475562604,-4.0267809588740988],[140.68732027630972,-4.0267249023323188],[140.68745066631527,-4.0266161122437438],[140.68759784756264,-4.0265106226670468],[140.68768722668426,-4.0263998360834989],[140.68775034380337,-4.0262520945584583],[140.68775843680248,-4.0260947752536254],[140.68776093242116,-4.0260462874061886],[140.68775573793698,-4.0258879680552582],[140.68775580358749,-4.0257138170389908],[140.68769279978289,-4.0255660296485303],[140.68752995504349,-4.0254023728211905],[140.68741437057679,-4.0253284467503931],[140.68728827393477,-4.0252650706264603],[140.68714116013655,-4.0251911328644496],[140.68691523964662,-4.0250696677309179],[140.68675762986084,-4.0249587849199315],[140.68661054663949,-4.024805687932087],[140.68646350208905,-4.0245523228313687],[140.68645304387292,-4.0244151105688388],[140.68645836606083,-4.0242409631499072],[140.68649521578163,-4.0240721046438921],[140.68656886755923,-4.0238610427528556],[140.68657944808308,-4.0236763426890434],[140.68657955510241,-4.0233966481367816],[140.68655859010687,-4.0232541541558362],[140.68645881572183,-4.0230641337027464],[140.6863117262053,-4.0229268683802388],[140.68620140277255,-4.022842389664504],[140.68600176496955,-4.0226998273350887],[140.68593518995715,-4.0226390007891837],[140.68582840985334,-4.0225414432329671],[140.68574964273193,-4.0223883696274925],[140.68574446443552,-4.0221878334017447],[140.68573926635418,-4.0220400675950145],[140.68572880993668,-4.0218975781106678],[140.68570466493838,-4.0216639297465235],[140.68569001678088,-4.0216019727528192],[140.68563965204839,-4.021433143924412],[140.68557664644516,-4.0212906337557115],[140.68546111144121,-4.0210953306849433],[140.68536132086831,-4.0209475289053103],[140.68525628544933,-4.0207786146413014],[140.68516175591037,-4.0206202611161075],[140.68505146755126,-4.0204407924085785],[140.68492016833113,-4.0202454830425722],[140.68481513021413,-4.0200818460003234],[140.68472059617864,-4.0199340469187064],[140.68460504138966,-4.0197915160655384],[140.68450525261539,-4.0196384370641454],[140.68442648639325,-4.0194853670560065],[140.68436874182407,-4.0193270261212888],[140.68434777592915,-4.0191845321404003],[140.68433732220967,-4.019042040857471],[140.68433737796772,-4.0188942786480197],[140.68433743732294,-4.0187412374181122],[140.68435852372693,-4.0185670971937384],[140.68435862804836,-4.0182979570849966],[140.68432717066241,-4.0181079627122358],[140.68425365288385,-4.0179707261680164],[140.68415385781429,-4.0178387551544006],[140.68401204641884,-4.0176487194128185],[140.68388602531991,-4.017390084284898],[140.68384933657774,-4.0171367623516403],[140.6838494274092,-4.0169045618959558],[140.6838442248312,-4.0167673523313852],[140.68383906991721,-4.0165087630689413],[140.68382863688214,-4.0163082250444972],[140.68379720557664,-4.0160496258894796],[140.6836816975524,-4.0157857180363976],[140.68360818157237,-4.0156432042704182],[140.68338232583369,-4.0153581443628354],[140.68328253166362,-4.0152261742484825],[140.68314070497956,-4.0150783562810943],[140.68304616015223,-4.0149622187313412],[140.6829516180228,-4.0148355267381248],[140.68285708128928,-4.014698282099971],[140.68275728711922,-4.0145663119856749],[140.68269427612006,-4.0144396316836151],[140.68261551259593,-4.014281285352979],[140.68254725675058,-4.0141282180427993],[140.68251053203551,-4.0139698861013358],[140.68250539241001,-4.0136743580850975],[140.6825054553625,-4.0135107606130873],[140.68251078204707,-4.0133207833274582],[140.68252135267835,-4.0131677456948864],[140.68254243098852,-4.0130147125589133],[140.68256877572844,-4.0128300205889218],[140.68258464966186,-4.0125503314325783],[140.68258470811782,-4.0124025692231271],[140.68258476297649,-4.0122600833361162],[140.68257958468018,-4.0120595453117289],[140.68256919840985,-4.011742903911852],[140.68256400662369,-4.0115740301173446],[140.68254304522543,-4.0114262589146961],[140.68251157794703,-4.0112626524494317],[140.68246434555317,-4.0110990378902329],[140.68238560091481,-4.0108931947650603],[140.68232784555369,-4.0107665180603362],[140.68225433676832,-4.0106081708303805],[140.68215455788663,-4.0104392601636505],[140.68207577817464,-4.0103231307078886],[140.68199174282472,-4.0102069976547909],[140.68186567316241,-4.010080294869681],[140.6816975745835,-4.0099219107675026],[140.68157149862577,-4.0098110396477296],[140.6814244046127,-4.0096948814136226],[140.681156482186,-4.0094889654433814],[140.6810303909399,-4.0094150330772891],[140.68077296090348,-4.0092513366798244],[140.68052077841128,-4.0091087527666787],[140.68032112711842,-4.0090136854332172],[140.68016876757463,-4.0089239124085907],[140.68004793106718,-4.0088552590628979],[140.67987457774962,-4.0086968740614566],[140.67976955312247,-4.0085068500110879],[140.679764352343,-4.0083696404465172],[140.67979594912379,-4.0081955038194224],[140.67989058568207,-4.0080741627923544],[140.68004831417841,-4.0078684131966611],[140.68019553499596,-4.0076573800839697],[140.68031123007927,-4.0074357799372251],[140.68036914102311,-4.0071613859891499],[140.68038496909116,-4.0069977957116407],[140.68038502844638,-4.0068447562804295],[140.68038511028465,-4.0066336647117851],[140.68036939912849,-4.0064964506506158],[140.68034845211946,-4.0063064598751907],[140.6802854411203,-4.0061850603921698],[140.68021192873755,-4.0060372676057909],[140.68007539276527,-4.0057997377676315],[140.6799493275995,-4.0056572024179218],[140.6798442652007,-4.0055674482790664],[140.6796866527169,-4.0054776725564807],[140.67949750730418,-4.0053931623644985],[140.67930310625343,-4.0053139266963171],[140.67912971696296,-4.0052505316866132],[140.67893006926738,-4.0051501844334325],[140.6787672083401,-4.005039298924487],[140.67863587404645,-4.0049389804495377],[140.67845727678196,-4.0047594829637205],[140.67835747181994,-4.0046591752806648],[140.67817887635408,-4.0044796777948477],[140.67803178683755,-4.0043529660165404],[140.67789519780524,-4.0042473667225522],[140.67766931238896,-4.0040572968067636],[140.67752221118121,-4.003962246560377],[140.67729629698658,-4.0038407814269021],[140.67701783990151,-4.0036981849232234],[140.6768549735782,-4.0036084083013748],[140.67663956886111,-4.0034869449664825],[140.67639789674558,-4.0033496409731129],[140.67618249472639,-4.0032229022151],[140.67605641427213,-4.0031278618612873],[140.67582000858658,-4.002958893637981],[140.675678180104,-4.0028216301141128],[140.67558888821668,-4.0027160488065761],[140.67548909584514,-4.0025840777929034],[140.67539456540692,-4.0024415550336698],[140.67531053815082,-4.0023095912146118],[140.67521079883932,-4.0020456878581854],[140.67519510117302,-4.0018768086677596],[140.6751899021923,-4.001734321881429],[140.67518996604417,-4.0015707271073211],[140.67519527474224,-4.0014335202407096],[140.67521114327974,-4.0011749399714631],[140.67521645107843,-4.0010377331048517],[140.67522180204458,-4.0007949862995247],[140.67522382192192,-4.0006800844183203],[140.67245078487588,-4.0000600864038347],[140.66887496980405,-4.0015546571216873],[140.66470278460588,-4.0042457731238983],[140.66082949718361,-4.0045433767753593],[140.65948772577804,-4.0032911121950292]]],[[[140.91580833688533,-3.7594601075978176],[140.91590833700025,-3.7564601077477278],[140.91470833741994,-3.7521601082023608],[140.91230833735995,-3.7473601080824892],[140.90953137117594,-3.7426741168169997],[140.90810369383053,-3.7413892077456694],[140.90748155722815,-3.7413747403519437],[140.9065689423029,-3.7413535163516372],[140.90571233625542,-3.7413892077456694],[140.90360833725504,-3.7442601081174303],[140.9022083374449,-3.7474601081974015],[140.90080833673539,-3.7535601080125502],[140.8978083368853,-3.7578601075578604],[140.89320833699526,-3.7581601079025972],[140.89030833725997,-3.7587601076927513],[140.88720833729496,-3.7601601084022604],[140.88370833687031,-3.7603601077327653],[140.88245994477074,-3.7593288281628361],[140.88164716088784,-3.7581606897639972],[140.8808476617902,-3.7581226178645011],[140.88014334244133,-3.7582368326636697],[140.87840833707514,-3.7587601076927513],[140.8756083365555,-3.7600601082873482],[140.87240833737496,-3.760260107617853],[140.86970833697023,-3.7576601082273555],[140.86790833670045,-3.7555601076128369],[140.86500833696527,-3.7541601078027043],[140.86260833690528,-3.7527601079925148],[140.86050833719003,-3.749160108352271],[140.85820833724506,-3.7465601080625106],[140.85620833674545,-3.745760108042532],[140.8541083370302,-3.7449601080224966],[140.85110833718011,-3.746360107832686],[140.84760833675546,-3.74696010762284],[140.84140833682534,-3.7475601083123138],[140.83899251499258,-3.7487615333180884],[140.8375909395703,-3.7503231556890455],[140.83420833664547,-3.7528601081074839],[140.82970833687034,-3.7555601076128369],[140.82670833702025,-3.7552601081674197],[140.81910833728,-3.7490601082373587],[140.81760833735495,-3.7472601079675769],[140.8116083367554,-3.7442601081174303],[140.80880833713513,-3.7460601083872689],[140.80170833707018,-3.7492601075678635],[140.7998325347437,-3.7530326664243603],[140.79923767008245,-3.7540796292714163],[140.79742928003736,-3.754841055570239],[140.79350833664046,-3.7545601082623534],[140.79010833723009,-3.7522601083172731],[140.78720833659554,-3.7498601082573373],[140.78370833707015,-3.7480601079875555],[140.78191519413099,-3.7467984778674008],[140.78140833712507,-3.7471601078526646],[140.77870833672046,-3.7487601078926218],[140.77500833696524,-3.749160108352271],[140.76980833728499,-3.7513601081823822],[140.76540833672539,-3.7512601080674699],[140.76310833678042,-3.7530601083373085],[140.75740833742486,-3.7557601078426615],[140.75440833667551,-3.7541601078027043],[140.75150833694022,-3.7531601075529011],[140.7483083368603,-3.7528601081074839],[140.74570833657049,-3.7542601079176166],[140.74410833742991,-3.7575601081124432],[140.74150833714009,-3.7607601081924145],[140.73870833662045,-3.7622601081174594],[140.73490833675044,-3.7639601082723289],[140.73310833737992,-3.767060108237331],[140.73150833733996,-3.7685601081624327],[140.72900833716506,-3.7709601082223685],[140.72640833687535,-3.773260108167392],[140.72350833714006,-3.7749601083223183],[140.72160833675537,-3.777560107712759],[140.72030833706015,-3.7792601078676284],[140.71810833723009,-3.7816601079275642],[140.71510833737989,-3.7864601080474927],[140.71370833667049,-3.789960107572881],[140.70970833657054,-3.7922601084172243],[140.70580833658551,-3.7965601079625912],[140.70280833673542,-3.797760108442219],[140.69820833684537,-3.7986601076777902],[140.69304212019779,-3.8004035801610598],[140.69213943558657,-3.8007610184062059],[140.6924827418851,-3.8020244183921363],[140.6925623336848,-3.8030820498966591],[140.69339918342564,-3.8039543742949036],[140.6943268422101,-3.8055857193054408],[140.69512055866687,-3.8067794829867125],[140.69528342678882,-3.8076222718503345],[140.69531449476813,-3.8077830355586002],[140.69490751377077,-3.80877314236659],[140.6939598010041,-3.809443908909202],[140.69286124944722,-3.8099281065967716],[140.69225764067767,-3.8109315800283525],[140.69223269708141,-3.812212138179575],[140.69234829233983,-3.8138659095840239],[140.69234537493912,-3.8147728668742502],[140.69228198802341,-3.8162440633128085],[140.692879562342,-3.8173594160041944],[140.69391424224852,-3.8184214622806394],[140.69451204679353,-3.819473996427746],[140.69515242794228,-3.8213715011937666],[140.69530020633954,-3.8228403872740273],[140.6952836012573,-3.8247131975559796],[140.69557252824961,-3.8265872516003583],[140.69621817582822,-3.8280596342446529],[140.69686976522758,-3.8292344698948],[140.69681729698073,-3.8300188621806797],[140.69801360934071,-3.8324560752876096],[140.69852253388785,-3.8342305896699145],[140.69986076106534,-3.8370728844060409],[140.70114727902376,-3.8387406285771135],[140.70156198070094,-3.8519318070072472],[140.70227581937365,-3.865494733694959],[140.7017999269251,-3.8726331168248294],[140.7017999269251,-3.8792956084055845],[140.70227581937365,-3.8850063150892993],[140.70218866697348,-3.8861973969922019],[140.70294869572581,-3.886241149009777],[140.70487410735427,-3.8863519877539829],[140.71487727186866,-3.8869278326533276],[140.72644145171171,-3.8860712266057931],[140.7364351886331,-3.8830731063387134],[140.74528678295871,-3.8796466830479517],[140.75199686396411,-3.8755064201851042],[140.7552805198801,-3.8742215111137739],[140.76341827643239,-3.8742215111137739],[140.7669874679973,-3.8736504407152097],[140.77069942693709,-3.8706523204481869],[140.77462553783835,-3.86523904564541],[140.77974137896149,-3.8588145011882489],[140.78342954273933,-3.8536391744083289],[140.78617111160759,-3.8524428530551518],[140.78625005499612,-3.8525112357049238],[140.78634630583736,-3.8525698930860699],[140.78643942164206,-3.8526333699340398],[140.78652788795171,-3.8527031708146069],[140.78661294043491,-3.8527772497702131],[140.78670102812998,-3.8528474751308295],[140.78679605409468,-3.8529069374051801],[140.78690037904937,-3.8529490580525589],[140.78701056398643,-3.8529722371789603],[140.78712213927543,-3.8529839346608128],[140.78723466065117,-3.8529875373449158],[140.78734723868422,-3.8529875652238843],[140.7874598068247,-3.8529854671055546],[140.78757235787805,-3.852982717878092],[140.78768376769176,-3.8529693386640247],[140.78779449492004,-3.8529495257000121],[140.78790594070665,-3.8529345546859304],[140.78801729656107,-3.8529190854474109],[140.7881275660344,-3.852896259754516],[140.78823795961421,-3.8528740779762529],[140.78834464618853,-3.8528398803561572],[140.78845382478426,-3.8528156616134197],[140.78856577239253,-3.8528143872741225],[140.78867805904531,-3.8528227024057173],[140.78878720706405,-3.8528490192667846],[140.78889564281974,-3.8528794442308936],[140.78900174393539,-3.8529164900039632],[140.78910515877612,-3.8529611530347552],[140.78920820489475,-3.8530066749180492],[140.78931104416938,-3.8530527130122323],[140.78941606340072,-3.8530934397104488],[140.78952133534142,-3.853133508104861],[140.78962851834149,-3.8531681113192349],[140.78973533082092,-3.8532038638671793],[140.78984179256474,-3.8532406479375254],[140.78994575779052,-3.8532838630598008],[140.79004718243164,-3.8533327412129665],[140.79014592889155,-3.8533869919161248],[140.79024343338779,-3.8534434873270129],[140.79033616158461,-3.8535076242773698],[140.79042409729436,-3.8535778946040864],[140.79050828462971,-3.8536529861963231],[140.79057276062451,-3.8537439679097361],[140.79059055820778,-3.8538556376275324],[140.79058993587694,-3.8539680447893829],[140.79055584617538,-3.8540752601650752],[140.79051364099178,-3.8541800572637612],[140.79046512256741,-3.8542819297671826],[140.79041033586839,-3.8543807166966531],[140.79033335210261,-3.8544630073618578],[140.79025012704176,-3.8545388166130579],[140.79016355290571,-3.8546110519584431],[140.79007922977269,-3.8546859573909842],[140.7899902337623,-3.8547551979939385],[140.78990322705238,-3.8548261041413525],[140.78982242476513,-3.8549045466074858],[140.78975520224083,-3.8549945561537697],[140.78970666583007,-3.8550955698046323],[140.78969765822046,-3.8552075848621143],[140.78970402631978,-3.8553204920470421],[140.7897099240738,-3.8554334163190447],[140.7897098970941,-3.8555465006704139],[140.78970705883376,-3.8556595319618054],[140.78972376643878,-3.8557713455710996],[140.7897404650505,-3.8558831600797134],[140.78977779860656,-3.8559897863994479],[140.78980213605985,-3.8560997114324778],[140.78983141798562,-3.856208380112605],[140.78987451709531,-3.8563127374428063],[140.78992915630556,-3.8564111799319676],[140.79000232604653,-3.8564948546537607],[140.7900060573337,-3.8564962746833089],[140.79001348033796,-3.8565241122979046],[140.79031329182499,-3.8567097098851377],[140.79062738004961,-3.8566097718234573],[140.79084559874548,-3.856246075196168],[140.79092109143528,-3.8561911077333662],[140.79099965980652,-3.8561101030987288],[140.79105893142457,-3.8560143567771092],[140.79110219870756,-3.8559106460594421],[140.7911356678768,-3.8558027516955917],[140.79115251127939,-3.8556909470794949],[140.79115555638384,-3.8556649099076026],[140.79118417371069,-3.8556103993004172],[140.7915696474214,-3.8546824086661786],[140.79161298125416,-3.8546272559430577],[140.79168353486727,-3.8546128110323821],[140.79179549416676,-3.8546008788274548],[140.79190771337039,-3.8545939306653167],[140.79202028960469,-3.8545939594436049],[140.7921305662727,-3.8546165845876885],[140.79223388308731,-3.8546579812807522],[140.79233169425231,-3.8547139865611939],[140.79242619771094,-3.8547754471291569],[140.79253050557838,-3.8548176936815821],[140.79263592231007,-3.8548573178109109],[140.79274255492498,-3.8548936126500735],[140.79285063095188,-3.8549249423321612],[140.79295985091642,-3.8549523977349054],[140.7930706770702,-3.8549718311850256],[140.79318197087127,-3.8549888931228793],[140.79329269809955,-3.855009284350956],[140.79340324366478,-3.8550307250878291],[140.79351359137922,-3.8550531523810037],[140.79355917171847,-3.8550627706302976],[140.79383965317754,-3.8551392651648939],[140.79393959033985,-3.8552534790647428],[140.79395386707733,-3.8555390147137132],[140.79379682296508,-3.8558388271001149],[140.79355411842789,-3.8561957464365264],[140.79335261543088,-3.8564859090973869],[140.79333053527603,-3.8565047013308345],[140.79324651791251,-3.8565796328437614],[140.79317584558885,-3.8566676602842449],[140.79312253737521,-3.8567672619994937],[140.79307491107829,-3.8568695697748012],[140.79304065859958,-3.8569760791826866],[140.79305054035024,-3.8570855032933196],[140.79313173833907,-3.8571556809898198],[140.79315230133773,-3.8571616048241708],[140.79315436797981,-3.8571665663839099],[140.79345418036621,-3.8572807802837588],[140.79395386707733,-3.8571808431213412],[140.79464084929577,-3.8567919861611699],[140.794723720923,-3.8567675695676371],[140.7948279316638,-3.8567251647345415],[140.79493065942245,-3.8566789332861049],[140.7950313691025,-3.8566283859912005],[140.7951311326957,-3.8565759932874357],[140.7952300868991,-3.8565220519511172],[140.79533002316214,-3.8564711701083638],[140.79544052466053,-3.8564500360402576],[140.79555309280101,-3.8564520712060926],[140.79566355023269,-3.8564691691167923],[140.79575214244744,-3.8565184231866283],[140.7958029253648,-3.8565974178364968],[140.79581481440221,-3.8566168593804946],[140.79583603120795,-3.8567023534308191],[140.79582412328477,-3.8569524153216435],[140.79576701633482,-3.8572950570211901],[140.79576701633482,-3.8575805917708408],[140.79585935242721,-3.857721525428019],[140.7958610503473,-3.8577373310129701],[140.79589188989883,-3.8578460914239372],[140.79593785514794,-3.8579493174070194],[140.79599542255073,-3.8580455169869765],[140.79606858419788,-3.8581311720159306],[140.79615147471088,-3.8582071863125407],[140.79624822287724,-3.8582650271092689],[140.79634841274913,-3.8583165546652367],[140.79645133386202,-3.8583617420007386],[140.79655786935029,-3.8583983354147904],[140.79666212415782,-3.8584408616563906],[140.79676553989782,-3.8584855597607088],[140.79686891966503,-3.8585303477972843],[140.79690460566303,-3.8585495932890694],[140.79733284213705,-3.8589327521447672],[140.79736255034152,-3.8589779691578769],[140.79741352301573,-3.8590788083402572],[140.79746378522555,-3.8591799910636837],[140.79751474980594,-3.8592807403138636],[140.79757885707863,-3.8593736933412401],[140.79764207312326,-3.8594672624041664],[140.7977108838503,-3.8595556567681228],[140.79779627987443,-3.8596293553104601],[140.79779745978499,-3.8596300531843326],[140.79819406620322,-3.8602646238132934],[140.79839394142732,-3.8604359446630951],[140.79856526227707,-3.8605358827247755],[140.7986281419752,-3.8604988954076589],[140.79863848777609,-3.860504042227717],[140.79874624004697,-3.8605353152525481],[140.7988562550122,-3.8605566013060866],[140.79896883394463,-3.8605554159996132],[140.79907229015419,-3.8605116810691698],[140.79913214273427,-3.8604261303615885],[140.79915330827862,-3.8603185498611197],[140.79912646621347,-3.8602087237535443],[140.79909911063555,-3.8600990334435892],[140.79907146727442,-3.8599894060861857],[140.79904013939097,-3.8598808183450615],[140.7990073788875,-3.8597726191110269],[140.79899722464222,-3.8597317862928548],[140.79903639641259,-3.8595079558274392],[140.79912205593814,-3.8590939286418688],[140.79922199399994,-3.8587798413165615],[140.79940759158717,-3.8586085186681771],[140.79950827968344,-3.8586336906922156],[140.79954190983131,-3.8586489647778421],[140.7996092078987,-3.8586944497889704],[140.79969688820086,-3.8587472678720474],[140.7997972111724,-3.858809135832928],[140.79991313198548,-3.8588805788755849],[140.80001252595741,-3.8589479749689986],[140.80006161814924,-3.8590113412004143],[140.80012473796637,-3.8590923161574437],[140.80013793461808,-3.8591159773204708],[140.80020708978543,-3.8592938038659099],[140.80029275110962,-3.859679276677241],[140.80039984058021,-3.8598800701091136],[140.80042309075316,-3.8599511498256334],[140.80048614761768,-3.8601122345918952],[140.80053428383019,-3.8602144659247983],[140.80058640314007,-3.860314282578031],[140.80065313193654,-3.8604053650155379],[140.80072447425516,-3.8604927737224557],[140.80079038376925,-3.8605836646044054],[140.80084237627466,-3.8606839713881413],[140.80085798400887,-3.860714075294311],[140.80086382240756,-3.8607357579488166],[140.80100658888307,-3.8612068911850201],[140.80123501758203,-3.861520980308967],[140.80154910670592,-3.8616637467844157],[140.80165649205355,-3.8616315312701204],[140.80170251216123,-3.8616389677641223],[140.8018127870306,-3.8616293216358599],[140.80189910665854,-3.8615642871620821],[140.80194602069241,-3.8614636422332751],[140.80196214193938,-3.8613525327930915],[140.80195653016983,-3.8612408208072111],[140.80192902980093,-3.8611311673694217],[140.80188720682918,-3.8610265393432428],[140.80188571125666,-3.8610229312632214],[140.80190602604239,-3.8609213546367869],[140.80187747166804,-3.8604787757748227],[140.80202023994218,-3.8600076416392994],[140.80205896115217,-3.859951050000916],[140.80207853399725,-3.8599384738814138],[140.8021750213602,-3.8598818453708077],[140.80228614429018,-3.8598636871593612],[140.8023976260497,-3.8598533998144831],[140.80250994237997,-3.859861359713932],[140.80261864073771,-3.8598870596400161],[140.80272506830727,-3.8599239507296943],[140.80283004437115,-3.8599646864211081],[140.80293403837527,-3.8600080175559128],[140.80303466082103,-3.8600586314006478],[140.80313374362743,-3.8601120673180276],[140.80322417675438,-3.8601794229419397],[140.80330728490333,-3.8602553643934812],[140.80338732906205,-3.8603348860461324],[140.80347738357443,-3.8604027578809337],[140.80356479767738,-3.8604739679991553],[140.80364760005671,-3.8605502161195204],[140.80372225817575,-3.8606348576125242],[140.80381024874407,-3.8607044300653683],[140.80390606970946,-3.8607632214454384],[140.80400717958776,-3.8608129746390318],[140.80411767299233,-3.8608342418067423],[140.80412920140157,-3.8608363992803447],[140.80420458527351,-3.860878525323642],[140.80480420914705,-3.8610212926984673],[140.80537528044488,-3.8609213546367869],[140.80573578987492,-3.860822644149664],[140.80578575710706,-3.8608106247104956],[140.80589519830482,-3.8607840893142225],[140.80600443175922,-3.860756693266751],[140.80611446740886,-3.8607329430708432],[140.80622491584722,-3.8607110472769364],[140.80633414120769,-3.8606836512294649],[140.80644334768238,-3.8606561202836929],[140.80655254606324,-3.8606285884385443],[140.8066619153152,-3.8606017526686855],[140.80677187811978,-3.8605782380951723],[140.80688104862156,-3.8605516289544539],[140.80698818575627,-3.8605169771767009],[140.80709510705356,-3.860481655404044],[140.80720249599847,-3.8604478903578183],[140.80731100100195,-3.8604177522773853],[140.80738867095044,-3.8603940029807973],[140.80784515962648,-3.8604216688249267],[140.80824491007456,-3.8604359446630951],[140.80844478529866,-3.8605358827247755],[140.80855899919857,-3.8607500337869851],[140.80862812019166,-3.8609113173034189],[140.80862940172563,-3.8610135243546324],[140.80863104298828,-3.8611265367601959],[140.80864080872641,-3.861238873774937],[140.80866959692446,-3.8613482025574513],[140.80867030289221,-3.861350619035818],[140.80865893636087,-3.8615495328845668],[140.80864465872412,-3.8619492833327058],[140.80883025721062,-3.8622919250322525],[140.8090729617478,-3.8625346295694385],[140.80907570108275,-3.8625367600633922],[140.80912070765464,-3.8626222460197823],[140.80919498805827,-3.8627058290107357],[140.80928183558831,-3.8627767477486827],[140.80937828787773,-3.8628350948636694],[140.80947184794752,-3.8628979376896382],[140.80956463280165,-3.8629619919023526],[140.80964369669925,-3.8630423643136282],[140.80972124703794,-3.8631242367940217],[140.80978667181751,-3.863216277009542],[140.80986211414529,-3.8632997781621725],[140.80994978185697,-3.8633694036749944],[140.81004333293356,-3.8634318121283968],[140.81012955093809,-3.8635044692558154],[140.81021666017079,-3.8635759761503436],[140.81028763826396,-3.863626074683566],[140.81031504060672,-3.8636767712659434],[140.81055774604317,-3.8639337534399374],[140.81072906689303,-3.8639480301774256],[140.81091466537953,-3.8637338782158395],[140.81112881734111,-3.8634483425669259],[140.81145880288148,-3.8632503523218702],[140.81146441285239,-3.8632505771523711],[140.81157542066921,-3.8632665877827321],[140.81168534570224,-3.8632910574362995],[140.81179127774533,-3.8633287696069942],[140.81189658925621,-3.8633686986065072],[140.81200389096682,-3.8634029196090296],[140.81211066207743,-3.8634388052566351],[140.81213743309615,-3.8634480961526947],[140.81251366267543,-3.863648217790967],[140.81284202763754,-3.8638338162775767],[140.81338454635977,-3.8640907975521941],[140.81372718805937,-3.8641907347146116],[140.81382814055632,-3.8642916881108818],[140.81384687163586,-3.864318551759709],[140.81386726556195,-3.8643953772448185],[140.81385567869665,-3.8646618679508151],[140.81383268393131,-3.8648055850097194],[140.81374462861174,-3.8649986811441863],[140.81364263919647,-3.8651384870514676],[140.81354263368564,-3.8653423165945924],[140.81347219878296,-3.8655492209197746],[140.81343814685306,-3.8656985677346825],[140.81341469613142,-3.8658873444253459],[140.81343331389644,-3.8660493950634987],[140.81349524660845,-3.8661739844417866],[140.81356737403519,-3.8662597006246529],[140.81365253803426,-3.8663336599703939],[140.81375327109663,-3.866383964448346],[140.81378083082075,-3.8663994768543262],[140.81399844607154,-3.8666606147954781],[140.81449813278266,-3.8669461513437682],[140.81498354275641,-3.8671888558809542],[140.81555461405424,-3.8672887930433149],[140.81566526394079,-3.8672852236340987],[140.81566822091168,-3.8672855680744647],[140.81578080074337,-3.8672863073171584],[140.81589331762257,-3.8672823961655922],[140.81598906034696,-3.8672747780085501],[140.81599719381552,-3.8672745163058266],[140.81599856618095,-3.8672740216787247],[140.81600546667903,-3.8672734730922684],[140.81611732795238,-3.8672606055924348],[140.81622613063143,-3.8672318146964244],[140.8163278205725,-3.8671869825931253],[140.81641769881776,-3.8671202816756249],[140.8164627998184,-3.8670456990996627],[140.81653971073911,-3.8669747039194249],[140.81658254095157,-3.8666177845830703],[140.81653971073911,-3.8663036963584432],[140.81652543400162,-3.8660038839720414],[140.81659804616299,-3.8658223549177251],[140.81667530242328,-3.8658187486362863],[140.81678766371977,-3.8658252777143502],[140.81689732075483,-3.8658439017746105],[140.81700080214534,-3.8658884712758663],[140.81708275016888,-3.865964935233535],[140.81715831930103,-3.8660484813522658],[140.81722763724576,-3.8661375798853328],[140.81728427025291,-3.8662353164066872],[140.81732329273586,-3.8663409561701201],[140.81735452529119,-3.866449398221107],[140.8173738661111,-3.8665607963436059],[140.81738529919232,-3.8666730614125981],[140.81739010157196,-3.8667860387446353],[140.8173936628873,-3.8668990619420924],[140.81739733212123,-3.8670120950321234],[140.81740064882092,-3.8671251272227778],[140.81740699263867,-3.8672379966361632],[140.81741737171444,-3.8673505692732988],[140.81743108367766,-3.8674628073626423],[140.81744915465481,-3.8675743952421158],[140.81747143266057,-3.8676852061073532],[140.8174967548714,-3.8677953928430497],[140.8175196102419,-3.8679061218699644],[140.81755838990784,-3.8680115718764796],[140.81761819482392,-3.8681061778577828],[140.81770818908171,-3.8681699964481027],[140.81781055441365,-3.8682149085910851],[140.81792293639444,-3.8682081573805362],[140.81797134600083,-3.8681947323009922],[140.8181529847725,-3.8682310604150416],[140.81843852132079,-3.8681739525658259],[140.81862411890802,-3.8679026936543437],[140.81869550259546,-3.8676457123796695],[140.81858128779629,-3.8673601767306991],[140.81839569020894,-3.866917596969472],[140.81831002978413,-3.866674892432286],[140.81832430742088,-3.866289419620955],[140.81839569020894,-3.8660181607095296],[140.81858128779629,-3.8658468398597279],[140.81874000914422,-3.8658184968261367],[140.81877853160404,-3.8658185049200142],[140.81889997425446,-3.8658185310003432],[140.8190300917654,-3.8658098561398901],[140.81908427411997,-3.8658098678311035],[140.81932367994398,-3.8658896700721925],[140.81975198296766,-3.8659753313963847],[140.82016677008039,-3.8661293951554399],[140.82020540315693,-3.8661626349975791],[140.82032040756087,-3.8662320581628933],[140.8204087362742,-3.866268017554944],[140.82056575880279,-3.8663750800458843],[140.82069997182634,-3.8664108631707563],[140.820779909865,-3.8664321869957803],[140.82078899391695,-3.8664300241262595],[140.8208537621914,-3.8664439672152753],[140.82095812132036,-3.8664274520652384],[140.82105699098736,-3.8663888972297968],[140.82115038108532,-3.8663227745763606],[140.8212344892803,-3.8662383588131775],[140.82128942796476,-3.8661722289651266],[140.82132241239947,-3.8660399620745238],[140.82132243128524,-3.8659517727560342],[140.8213191280754,-3.8659301908256225],[140.82147947180022,-3.8656184120600301],[140.82172217723678,-3.8654613670483968],[140.8219220515615,-3.8654470903109086],[140.82226469416037,-3.8657754561723436],[140.82242235340891,-3.8658296511174512],[140.82249680108657,-3.8658981012163736],[140.8225620828739,-3.8659463876156224],[140.82264908328864,-3.8659864838890599],[140.82278197520804,-3.866022292194998],[140.82291597779022,-3.866039554681663],[140.82304311135056,-3.8660499310594219],[140.82320117619338,-3.8660499643343655],[140.82333174786197,-3.8660672259217108],[140.82344513438545,-3.8660844929049745],[140.82355507740499,-3.8661155455959033],[140.82364440976176,-3.8661534978855912],[140.823709696945,-3.8661810962805134],[140.82380589112904,-3.8662293808811796],[140.82395384399479,-3.8663447773895427],[140.82410745719346,-3.8664918300339082],[140.82417019929528,-3.8665856491083446],[140.82423969710442,-3.8666746217363652],[140.82431717729594,-3.8667565301896616],[140.8243882426234,-3.8668437743206709],[140.82445485810524,-3.8669348900331215],[140.82452447372555,-3.8670237538431138],[140.82459408035254,-3.8671126167537864],[140.8246652715851,-3.8672002152177356],[140.82473613996092,-3.8672880645924579],[140.82480355673886,-3.867378629020493],[140.82487161383392,-3.8674686961233533],[140.82494275200645,-3.8675563476472803],[140.8250091246714,-3.867647427386828],[140.82506900243254,-3.8677431907955793],[140.82511842107829,-3.867844444565435],[140.82516294021764,-3.867948311765133],[140.82519327974614,-3.8680167690586131],[140.82526697918786,-3.86826734626095],[140.82530132609543,-3.8684948981210141],[140.82530060483907,-3.868603080267917],[140.82529355685222,-3.8687159469833432],[140.82528310313273,-3.8688285241170206],[140.82527137957061,-3.8689409924327833],[140.82525771976805,-3.8690532431126599],[140.82524397902648,-3.8691654838999057],[140.82521835914008,-3.8692752992156443],[140.82518740627381,-3.8693840263516677],[140.82514882535804,-3.8694899386097177],[140.82512189875672,-3.8695494143739211],[140.82493385411419,-3.8698020986878419],[140.82443416830233,-3.8701590180241965],[140.82412483839062,-3.8704326556425031],[140.82411294036001,-3.8706824989980646],[140.82413838308003,-3.8707092151581151],[140.82413205095349,-3.8707917342510996],[140.82417753596462,-3.8708829264058977],[140.82427761521978,-3.8709225820115307],[140.82435068873338,-3.8709321364088964],[140.82435088568491,-3.8709323432530027],[140.8248743675581,-3.8710870077591721],[140.82537217738411,-3.87120108855936],[140.82546884011492,-3.8712438468260189],[140.82556939421227,-3.8712947196755181],[140.82566725394065,-3.8713499722234133],[140.82575748202225,-3.8714176057378609],[140.82584669297057,-3.8714865351753929],[140.82593301079987,-3.8715591437394323],[140.82600211380657,-3.8716475740762348],[140.82606647828538,-3.8717403616283264],[140.82613450840086,-3.8718304017515948],[140.82620483628421,-3.8719186774050058],[140.82628289294121,-3.8720001685728676],[140.82635419389101,-3.8720873866235479],[140.82642090919762,-3.872178484349547],[140.82646946359489,-3.8722801625993952],[140.82651516264468,-3.8723835135882609],[140.82656087068767,-3.8724868663757093],[140.82659750007463,-3.8725930574236145],[140.82661838233253,-3.8727041830515532],[140.82662224222281,-3.8728165461466233],[140.82661756215089,-3.8729295306732752],[140.82660517758688,-3.8730103518462329],[140.82646860744035,-3.8733712902528055],[140.82612358523534,-3.873621133608367],[140.82550492541202,-3.8736092355777032],[140.82489816182078,-3.8733712902528055],[140.82449365395905,-3.8732285228779801],[140.82420552556459,-3.8734612413431933],[140.82411252936981,-3.8734709827995744],[140.8240148710895,-3.8735266193579605],[140.82394633555498,-3.8736144678333631],[140.8239177793821,-3.873722952152491],[140.82391903393636,-3.8738357757004565],[140.82392289292727,-3.8739487170595908],[140.82392265280828,-3.8740617942164022],[140.82392448562655,-3.8741748623799594],[140.82394127866712,-3.8742864133872104],[140.82396746692507,-3.8743958860612224],[140.82401250767111,-3.8744995266317801],[140.82405068569062,-3.8746059083359796],[140.82409224965761,-3.8747109689360286],[140.8241354180152,-3.8748154054065935],[140.82417859536599,-3.8749198418771584],[140.82419206361294,-3.8750306419505023],[140.82419990390247,-3.8751431588296441],[140.82422118276145,-3.875254205317276],[140.82424550672476,-3.8753646087895959],[140.82426648880744,-3.8754755914253565],[140.82427964319106,-3.8755878555950289],[140.82428586200297,-3.8757007708738342],[140.82428891879863,-3.8758137670916426],[140.82428889631558,-3.8759268532416513],[140.82428605265932,-3.8760399016201177],[140.82428289513962,-3.8761529410053868],[140.82427917014763,-3.8762659633035241],[140.82427545414896,-3.8763789847023418],[140.82427268333777,-3.876492042973382],[140.82426765163086,-3.876604972641303],[140.82425906310539,-3.876717732337454],[140.82424921283098,-3.8768303814169371],[140.82423293240402,-3.8769417903313297],[140.82419890655433,-3.8770495938636031],[140.82415375968833,-3.8771530626636377],[140.82409966996386,-3.877250883721274],[140.82402003859397,-3.8773308316525004],[140.82400856144602,-3.8773402439570646],[140.82392258266111,-3.8773925791041961],[140.8234347939806,-3.8773925791041961],[140.82301838808826,-3.8771784280419865],[140.82257818793312,-3.8769880712424651],[140.82241162629555,-3.8769999683738092],[140.82221017815721,-3.8771658672109766],[140.82213230136472,-3.8771715293425473],[140.82202088795373,-3.8771857089532773],[140.82191102317529,-3.8772104007393295],[140.82181686775436,-3.8772647260861959],[140.82174481227332,-3.877347470909001],[140.82173233957587,-3.8774597215888207],[140.82173463104846,-3.8775727807591807],[140.8217939152571,-3.8776652796289],[140.82186358483659,-3.8777540256277234],[140.82193326430877,-3.877842780619801],[140.82201261868749,-3.8779227627252908],[140.82209512698853,-3.8779996970283719],[140.82217345434151,-3.8780808554470809],[140.8222530794161,-3.8781607458217309],[140.82233470368374,-3.8782386208156368],[140.82241690621527,-3.8783158887671902],[140.82250040377073,-3.8783917456824497],[140.82258098392538,-3.8784707061581116],[140.82266033021017,-3.8785509229866761],[140.82273835089427,-3.8786324519260802],[140.82281649928211,-3.8787138630543154],[140.82289071943126,-3.8787986466401776],[140.82295853281016,-3.8788889133925863],[140.82302154560796,-3.878982542710105],[140.82308180198368,-3.8790780273290579],[140.82313294193182,-3.8791787747805984],[140.82317503829745,-3.8792833830216864],[140.82320668544025,-3.8793916991675133],[140.82322991043213,-3.8795023472554817],[140.82323872198947,-3.8796149909390465],[140.82324308460079,-3.8797278972246545],[140.82324042260746,-3.8798409545963182],[140.82323226575647,-3.879953650440541],[140.82322041628925,-3.8800660809848182],[140.82320562963616,-3.8801781868737635],[140.8231853310383,-3.8802892693342415],[140.82315890805728,-3.8803991916693121],[140.82312376704829,-3.8805063261060013],[140.82308150970402,-3.880611133996581],[140.82303419187451,-3.8807137430447369],[140.82298997220948,-3.880817691183438],[140.82295141737404,-3.8809237662188139],[140.82292494043372,-3.8810336795606304],[140.82289420340487,-3.8811424615553278],[140.82285582843383,-3.8812485923485838],[140.82285271228295,-3.8812554352900861],[140.82268526391385,-3.8813543822988663],[140.82244731768958,-3.8814614582796025],[140.82191193868505,-3.8816161227857719],[140.82168588959223,-3.8817826853226052],[140.82162640393551,-3.8819730421221266],[140.82162640393551,-3.882270474902441],[140.82162640393551,-3.8825560096520917],[140.82172158188553,-3.8828296481696611],[140.82186435015967,-3.8830319021005266],[140.82219747433408,-3.883186566606696],[140.82251870137702,-3.8832579511934568],[140.82282803128862,-3.8832222589001049],[140.82307787464424,-3.8831508752126638],[140.82349427963732,-3.8830556972625914],[140.82359169240272,-3.8830130792901514],[140.82365667111856,-3.8830182881634414],[140.82376587939189,-3.8830437776481972],[140.82387394102966,-3.8830755372062526],[140.82397597361239,-3.8831231536105975],[140.8240759890158,-3.8831745606573804],[140.82416765960988,-3.8832402237572978],[140.82418462442092,-3.8832594467660329],[140.82423191257283,-3.8834958974176743],[140.82431519519014,-3.8841026592103276],[140.82464831936454,-3.8845071679713783],[140.82517180123773,-3.8847213190335879],[140.82543354082532,-3.884971163288526],[140.82555178908387,-3.8851091183910285],[140.82556295956294,-3.8851924270887821],[140.82557326759229,-3.8853048549350433],[140.825575045552,-3.8854179230986006],[140.82557229362646,-3.8855309435980985],[140.82556628075929,-3.8856437752399984],[140.82554620789119,-3.8857550483567707],[140.82551969677661,-3.8858438357244154],[140.82543354082532,-3.8859705358115093],[140.82514800607566,-3.8861252012169984],[140.82470780592053,-3.8861965849044395],[140.8241367346227,-3.8861965849044395],[140.82357756225474,-3.8863750445726168],[140.82337530742461,-3.886529709978106],[140.82325321186624,-3.8867657613307642],[140.82323344926431,-3.8867795371458556],[140.82314707207979,-3.8868520656702685],[140.82306389198504,-3.8869281689997592],[140.82298304383244,-3.8870068677726977],[140.82291199379358,-3.887094290868788],[140.82285191368499,-3.8871873527141361],[140.82284536032523,-3.8873002473085307],[140.82289364492578,-3.8874023419444939],[140.82298088635889,-3.8874622502825673],[140.82308604678371,-3.8875026577214271],[140.82319669756964,-3.8875181152687333],[140.82330901839657,-3.8875260445912545],[140.82342092193801,-3.8875381368754915],[140.82353266270229,-3.8875520385956293],[140.82354161455396,-3.8875528183078814],[140.82374412389231,-3.8876004670878501],[140.82443416830233,-3.887624262249858],[140.82493385411419,-3.8875409814310729],[140.8252788763192,-3.8872673429135034],[140.82540074434894,-3.8871691711203198],[140.82549649156988,-3.8871344653832125],[140.82560398303747,-3.8871008055576795],[140.82571106891078,-3.8870658902785635],[140.82581823572309,-3.8870312528899831],[140.82592662741195,-3.8870006786383442],[140.82603502719485,-3.8869700872996304],[140.82614331006573,-3.8869391326348364],[140.82625160103066,-3.8869081788693052],[140.82636216997821,-3.8868876563402068],[140.82647343230315,-3.8868703821623853],[140.82658474678874,-3.8868534146533307],[140.82669617099157,-3.8868371989775028],[140.82680763926123,-3.886821227017947],[140.82691842404608,-3.8868010750095436],[140.82702865934527,-3.8867785353011186],[140.82713701416196,-3.8867478072654649],[140.82724612530853,-3.8867202718230374],[140.82735672123579,-3.886699089191552],[140.82746890806368,-3.8866912138283851],[140.82758143663409,-3.8866887676724673],[140.82769402815688,-3.8866888180344858],[140.82780661878053,-3.8866896912761604],[140.82791900166069,-3.8866940026260863],[140.82803089710831,-3.8867065193903159],[140.82813950103719,-3.8867339262296809],[140.82824614894071,-3.8867701895925393],[140.82834064070812,-3.8868300268841836],[140.82841280680566,-3.886883603995102],[140.82843936018844,-3.8869052389855483],[140.82851187612221,-3.8869760237244577],[140.82858622307583,-3.8870608082096965],[140.82863975162331,-3.8871591580686413],[140.82868001966722,-3.8872645352300879],[140.82871114610259,-3.8873732120040927],[140.82873271634185,-3.8874830372123483],[140.82871719674131,-3.8877313382306511],[140.82863391592252,-3.8879216941308528],[140.82799146183652,-3.8879216941308528],[140.82745608283199,-3.888171538385734],[140.82724907508486,-3.8883617611862746],[140.82722124376551,-3.8883743849698362],[140.82712687970184,-3.8884358212561096],[140.8270378549131,-3.8885047309085508],[140.82696304211072,-3.8885878471513706],[140.82690109680823,-3.8886821482624896],[140.82686623458915,-3.8887896712063252],[140.82683250821378,-3.8888975475837242],[140.82680165427303,-3.8890063115919702],[140.82676863836207,-3.8891143696324093],[140.82673091989614,-3.8892209159125173],[140.82668628564363,-3.8893245753687893],[140.82663751810708,-3.8894265054288439],[140.82658072502056,-3.8895240180189603],[140.82652155412643,-3.8896202283907542],[140.82644992762209,-3.8897074797163782],[140.82637214166107,-3.8897888215967669],[140.82628887163423,-3.8898649159330603],[140.82620560160728,-3.8899410012761564],[140.82612933819848,-3.8900237371057074],[140.82605869285442,-3.8901117933245359],[140.82598403203747,-3.8901963745630042],[140.82590789363439,-3.8902796895559959],[140.82584132042064,-3.8903706595782523],[140.82577832201207,-3.8904643536469621],[140.82571952883325,-3.8905607996411504],[140.82566251091623,-3.8906582771577405],[140.82560820355582,-3.8907573383804106],[140.82556178594768,-3.8908599366367298],[140.82552459898113,-3.8909666816669528],[140.82548771868335,-3.8910735274213266],[140.82545118192661,-3.8911804900874927],[140.82541061800566,-3.8912858951279077],[140.82536634438134,-3.8913898792395116],[140.82532429388107,-3.8914947689683572],[140.82528300960325,-3.8915999752586004],[140.82524137369046,-3.8917050457512232],[140.82519927013027,-3.8918099165943545],[140.82515603971956,-3.8919143359777877],[140.82511270318878,-3.8920187103951207],[140.82506903121089,-3.8921229382229967],[140.82502336993264,-3.8922262802186083],[140.82497536681979,-3.8923285718061038],[140.82492469811643,-3.8924295332962515],[140.82487311030582,-3.8925300154477895],[140.82482441291643,-3.8926319805813705],[140.82477216770144,-3.8927319564145932],[140.82471177193077,-3.8928273789803143],[140.82465433942627,-3.8929245840022872],[140.82459760839299,-3.893022215302949],[140.82454087825897,-3.8931198367110369],[140.82448415621889,-3.8932174680116987],[140.82445645440191,-3.8932684541757681],[140.82443416830233,-3.8932992757409579],[140.8241969496296,-3.893689538341448],[140.82419102039933,-3.8936980926927731],[140.82412959760291,-3.8937923929045724],[140.82407198433464,-3.8938893002509758],[140.82401411026308,-3.8939862516641597],[140.82397628387844,-3.8940924004438671],[140.82395050930859,-3.8942023227789377],[140.82393309303791,-3.8943138755848281],[140.82394756312965,-3.8944232367429095],[140.82400735185786,-3.894517256366214],[140.82409250326646,-3.8945857307468259],[140.82419746584048,-3.8946266094304178],[140.82430172694319,-3.8946692948520081],[140.82441222664306,-3.8946808709254128],[140.82452479118626,-3.8946829033932318],[140.82463732874976,-3.8946864278363478],[140.82474989329296,-3.8946888847841592],[140.82486206213457,-3.8946869809194027],[140.82497183068551,-3.8946619078207618],[140.82508160013583,-3.8946368437153183],[140.82519135969358,-3.8946117706166774],[140.8253011291439,-3.8945866984173563],[140.82541089769484,-3.8945616343119127],[140.8255142576769,-3.8945175252635522],[140.82561327843007,-3.8944639607431668],[140.82571101944802,-3.8944078457454339],[140.82581066972671,-3.8943552048287984],[140.82590538542524,-3.8942948180513781],[140.82599473486914,-3.8942260082236544],[140.82608105809447,-3.8941534608135271],[140.82617097411128,-3.8940865422600837],[140.82627147065193,-3.8940355839749827],[140.82637556897737,-3.8939926422465874],[140.82648021588932,-3.8939509217975683],[140.82658293555414,-3.8939046498796301],[140.82668536833512,-3.8938577088661077],[140.82678077831031,-3.8937979201378425],[140.82687518734008,-3.8937363030878487],[140.82696959726911,-3.893674695031109],[140.82706295319281,-3.8936115131607494],[140.82715574164422,-3.8935474994175365],[140.82724853099501,-3.8934834838756274],[140.82734132933899,-3.8934194701324145],[140.82741953798131,-3.8933387523814531],[140.82749499200031,-3.8932548762115289],[140.82757044512005,-3.893171009034802],[140.82764835788544,-3.8930896482685853],[140.82773388790872,-3.8930161062082789],[140.82781941883115,-3.89294257224185],[140.82790150984681,-3.89286529259914],[140.82798113312288,-3.8927853527617913],[140.82805957558901,-3.8927042456044205],[140.82813602965416,-3.8926213290110923],[140.82820447705501,-3.8925315353020551],[140.82827126610607,-3.8924405194143787],[140.82833638061959,-3.8923482732541856],[140.82840553129029,-3.8922590488160154],[140.82843528266221,-3.8922212422165217],[140.82871719674131,-3.8919072915882111],[140.82913498938831,-3.891545958379254],[140.8291836211273,-3.8915246714263958],[140.82976844935456,-3.8914821379902378],[140.82978237805435,-3.8914835876973939],[140.82989186601685,-3.8915099369339714],[140.82999792036776,-3.8915464080402558],[140.83010068409931,-3.8915925666435669],[140.8302015754424,-3.8916426256066643],[140.83029947294244,-3.8916977594440141],[140.83038267731877,-3.8917739509070657],[140.83045906123675,-3.8918567901586698],[140.83052803923772,-3.8919454633124246],[140.83057790124917,-3.8920468519805809],[140.83060681085567,-3.8921559361475033],[140.83061811983043,-3.8922682821554417],[140.83062005157421,-3.8923810058786898],[140.83061110331982,-3.8924937188100444],[140.83060283944951,-3.8926064955932702],[140.83058907982229,-3.8927186563408895],[140.83056896288736,-3.892829629983396],[140.83053002134352,-3.8929357319983637],[140.83048118995498,-3.8930371377536517],[140.83045208609497,-3.8930868999404424],[140.83000210581258,-3.8933587631963178],[140.82925257574584,-3.8934539411464471],[140.82882427272204,-3.8938679674326977],[140.8284245240726,-3.8942106100315641],[140.82792959567439,-3.8944771088314383],[140.82735852527583,-3.8950291441796026],[140.8269867077704,-3.8956134292163256],[140.82698443158631,-3.8956163610062049],[140.82692111841493,-3.8957098842037681],[140.82686318139076,-3.8958066278735259],[140.82681087322328,-3.895906765584698],[140.82675832133953,-3.8960067863840209],[140.826705381848,-3.896106588648081],[140.8266526240194,-3.8962064907369154],[140.82660225209236,-3.896307624896906],[140.82655465367441,-3.89640980766643],[140.82652593382488,-3.8965191607306338],[140.82649255728575,-3.8966269651622838],[140.82645133596043,-3.8967321993314954],[140.8264226161109,-3.8968412340356622],[140.82639879576789,-3.8969517463260104],[140.82637496733093,-3.8970622658108596],[140.82636843285695,-3.8970883506468113],[140.82615927662937,-3.8975275777355023],[140.82583091076799,-3.8977845599094394],[140.82543116211855,-3.8979558807592412],[140.82488864519485,-3.8979844351335373],[140.82441751105932,-3.8983556312073802],[140.82441751105932,-3.8985883110017312],[140.82439364215293,-3.8986459854238547],[140.82438371903345,-3.8987582271104202],[140.82440513368999,-3.8988692457190837],[140.82442654924591,-3.8989802733208876],[140.82448466343658,-3.8990759198177898],[140.82454638930449,-3.8991704178804412],[140.8246018181195,-3.8992688495777088],[140.82465623789517,-3.8993678343580314],[140.82470785718192,-3.8994683282007259],[140.82476066537242,-3.899568188920739],[140.8248150581685,-3.8996672087746447],[140.82487578488963,-3.8997621870752255],[140.82494166382673,-3.8998538990381348],[140.82500597614489,-3.8999467153685714],[140.82507015266549,-3.9000396216312083],[140.82508227103006,-3.9000563472225735],[140.8252883938444,-3.900468591951892],[140.82568814429249,-3.9012538143120423],[140.82620210684183,-3.9019962055604083],[140.82668751681547,-3.9023674016342511],[140.82681730967113,-3.9024322976123926],[140.82686735874165,-3.9024630580236703],[140.82696832203055,-3.9025131169867109],[140.82706929431254,-3.9025631669565541],[140.82717688200751,-3.9025956774485167],[140.82728549582907,-3.902625454001452],[140.82739528326579,-3.9026505100129611],[140.82744202373044,-3.9026609871148139],[140.82784393524946,-3.9027671520823333],[140.82842928328489,-3.9027671520823333],[140.82888613888429,-3.9030812403069604],[140.82915739779571,-3.9034809898557228],[140.82987123556916,-3.9040092300418792],[140.82997786458679,-3.9040239366552782],[140.82998272182522,-3.9040269826590475],[140.83008090081296,-3.9040819986852284],[140.83018245135906,-3.9041308453622037],[140.8302908682291,-3.9041577818560995],[140.83040283022649,-3.904166462112471],[140.83050911480382,-3.9041345667567953],[140.83058134385396,-3.9040547159523271],[140.83061017072282,-3.9039489269014211],[140.83061046390185,-3.903836329982596],[140.83058317487371,-3.9037266135923119],[140.83058205611701,-3.9037226188037835],[140.83071356487915,-3.9032097309442975],[140.8304280301295,-3.902238910996914],[140.83014249537996,-3.901425136061107],[140.82998545036833,-3.900611360226037],[140.83005683405577,-3.8999260750283042],[140.8303423688053,-3.8993121744172754],[140.83080555743061,-3.8990683906936283],[140.83089823436603,-3.8990620288894888],[140.83101077372828,-3.8990585512111124],[140.83112334007012,-3.8990561761016238],[140.83123591540527,-3.8990539008167957],[140.83134850782744,-3.8990543846520609],[140.83146109125641,-3.8990549773052976],[140.83157368367858,-3.8990553802015597],[140.83168627700013,-3.8990554017852901],[140.8317988694223,-3.8990554251677167],[140.83191096541873,-3.8990655083664478],[140.83202300565722,-3.8990767121205181],[140.83213287403294,-3.8991004461286138],[140.83224210119204,-3.8991278889408818],[140.83235148213521,-3.8991547067242891],[140.83246039363235,-3.899183109113153],[140.83256701725406,-3.8992194264353088],[140.83267345021966,-3.8992563130283884],[140.83277969432754,-3.899293742811949],[140.83288551485464,-3.8993322230036256],[140.83298683787234,-3.8993815301334394],[140.83308816178931,-3.89943083726331],[140.83319282938567,-3.8994722573387435],[140.83329852400777,-3.8995112330568986],[140.83331437635741,-3.8995205608251808],[140.83376879299544,-3.8998546913408632],[140.8340128689988,-3.9002208053458389],[140.83403311273798,-3.9003057112395254],[140.83403885221128,-3.900337161430798],[140.83391156126959,-3.9007826810758388],[140.8338258999454,-3.9012109840995777],[140.83332621323427,-3.9019819288229201],[140.83332621323427,-3.9026386614449962],[140.83346898060904,-3.9030669635694721],[140.83349171457098,-3.9031026010042069],[140.83349252935682,-3.9031066281683024],[140.83353086205966,-3.9032129631077055],[140.83356889798631,-3.9033193978718828],[140.83360349220743,-3.9034270080499596],[140.83364810397688,-3.9035292456781008],[140.83371795791754,-3.9036179377176268],[140.83379410891109,-3.9037003695763701],[140.83388170107969,-3.9037714232125609],[140.83396361402959,-3.9038423347558933],[140.83399722079514,-3.9038950161420303],[140.83459089655275,-3.9044009486448203],[140.83463042535391,-3.9044101720917297],[140.83463692925091,-3.9043908078893992],[140.83506141015607,-3.9045971276552791],[140.83567266406226,-3.9045792095628258],[140.83624800534119,-3.9043628533629544],[140.83700317505657,-3.9038398697141474],[140.83763247565832,-3.9034431301962513],[140.83826180503831,-3.902938160867393],[140.83903487036309,-3.9028300749479286],[140.83939441122311,-3.9029383794026558],[140.83971797380548,-3.9031549091716897],[140.83989765205501,-3.9036780735841603],[140.83993349093794,-3.9043094498211985],[140.83948392344439,-3.9049407289314217],[140.83880063923823,-3.9055539235746437],[140.83729039963225,-3.9060226484264149],[140.83615771700511,-3.9064012459207333],[140.8358340626919,-3.9066537305851625],[140.83583283062069,-3.9074076466455381],[140.83588989170516,-3.9079239051640684],[140.83660432393049,-3.9086984147999715],[140.8374189514235,-3.9087272542593041],[140.83804768275445,-3.9092292819057661],[140.83846200671633,-3.9099463734263509],[140.83849037223297,-3.911093593594444],[140.8384187376347,-3.9120113508431018],[140.83803257504337,-3.9126650185756944],[140.83761797319096,-3.9134249699863517],[140.83684603561608,-3.9143569284294699],[140.83614563821072,-3.9148730385598469],[140.83603304668782,-3.9157693451791147],[140.83607577617624,-3.9165150459325559],[140.83649013521165,-3.9170600512803162],[140.8370474873517,-3.9172179047824329],[140.83810501903145,-3.9175479325909919],[140.83869094263298,-3.917777490838489],[140.83939113859026,-3.9182938698661474],[140.84023784040403,-3.9192623497775685],[140.84100936608945,-3.9205100898686851],[140.84145226421072,-3.9213275673133126],[140.84183804908673,-3.9218438833884761],[140.84289098972749,-3.9238931271660249],[140.84340212031168,-3.9246114102883212],[140.84361618773698,-3.9248627015523994],[140.84138131129851,-3.9263027050058099],[140.83852117311369,-3.9272596160383841],[140.83756753111675,-3.9289349855611135],[140.83637564521996,-3.9301315776101546],[140.83446852939915,-3.9325248507412311],[140.82974291670234,-3.935036267809437],[140.82909420513352,-3.9353810247144452],[140.82731791189224,-3.9358266333923666],[140.82388568977285,-3.9369748652977705],[140.82197882666162,-3.93793191842326],[140.82026275022577,-3.9383145322897803],[140.81835608856272,-3.9383141168029852],[140.81644942689957,-3.938313697718911],[140.8143520154332,-3.938696215357993],[140.81111038843369,-3.9400359264168401],[140.80958479470257,-3.9411845279435624],[140.80672439661373,-3.942907291738095],[140.80500803599216,-3.9444388236927352],[140.80157525089714,-3.9476933667554022],[140.79890539127086,-3.9497991311249621],[140.79651010185978,-3.9514636970919241],[140.79642627964915,-3.9515219479794723],[140.7918496540384,-3.9538187076671534],[140.78860808009892,-3.9545838517632887],[140.78460357619417,-3.9563062414398473],[140.78269617798628,-3.9589866204361215],[140.78185925809839,-3.960066708012107],[140.78172646870166,-3.9596613529889737],[140.78154800903349,-3.9589832066096733],[140.78117919256579,-3.9584954170298374],[140.7803939711049,-3.9582336774421947],[140.77970392669488,-3.9583764439177003],[140.77933511112656,-3.9591140768530977],[140.77893060236545,-3.9600777588814253],[140.77845470991701,-3.960541754198573],[140.77776466640626,-3.9607678023921267],[140.77731256911989,-3.9606845206740218],[140.77688426609609,-3.960363293631076],[140.77675339495329,-3.9598279146264872],[140.77693185462147,-3.9592687422585868],[140.77745533559528,-3.958804746941496],[140.77778846066894,-3.9578767572065203],[140.77787174238711,-3.9571391242711229],[140.77759810386942,-3.9564014922350452],[140.7770984171583,-3.9557471401183761],[140.77631319479815,-3.9553426313573254],[140.77578971382434,-3.9552474534071962],[140.77511156744492,-3.9553426313573254],[140.77465947015844,-3.9554735016007498],[140.77389804206109,-3.9557590372497202],[140.77357681501803,-3.956104058555411],[140.77329128026838,-3.9565204653471255],[140.77324368994437,-3.9569725617342897],[140.7735054313307,-3.9575793253255824],[140.77392183722304,-3.9580433197433535],[140.7740527065672,-3.9583645467863562],[140.77389804206109,-3.9586024930105737],[140.77357681501803,-3.9586500824353266],[140.77301764175081,-3.9585311093231894],[140.77238708389689,-3.9583526496550121],[140.77189929521637,-3.9583526496550121],[140.77158996530477,-3.9584716227671493],[140.77134012194915,-3.958792849810095],[140.77103079203744,-3.9590426931657134],[140.77059059098303,-3.9589951037410174],[140.77031695336473,-3.9586619795666707],[140.77023367164668,-3.9580076283493213],[140.77045972073961,-3.9572580982825798],[140.77081664007596,-3.9560445719993709],[140.77087231260725,-3.9558543545947487],[140.77108631078465,-3.9558569185618921],[140.77132961516963,-3.9553147083070712],[140.77189737156652,-3.9546025693530282],[140.77242907234393,-3.9543498382743678],[140.7729174078122,-3.9542590948812517],[140.77344916075026,-3.9542828549697333],[140.77416864266877,-3.9544565050636038],[140.77465740801301,-3.9545744709350288],[140.77478858042866,-3.9546061297690471],[140.77507616203536,-3.9545611771565632],[140.77523168179675,-3.9545368666829859],[140.77581350808703,-3.9542123867921646],[140.77624181111071,-3.9536056249995681],[140.77632509192949,-3.9532487056632135],[140.7758967889057,-3.9528679920641139],[140.77555176760006,-3.9526181487085523],[140.77479034040198,-3.9525943544458642],[140.77343404674389,-3.9526657381332484],[140.77283918208263,-3.9525824573145201],[140.77241087905884,-3.9522731274028615],[140.77208965201589,-3.9517734397923618],[140.77170893841685,-3.9509882183315881],[140.77105458630024,-3.9499412545851555],[140.77087612663195,-3.9494296707426884],[140.77091181892536,-3.9490013677188927],[140.77116166228097,-3.9486325512511939],[140.7716256566988,-3.9484659887143607],[140.77223241939066,-3.9486325512511939],[140.77281538692068,-3.9490013677188927],[140.77314851199435,-3.9490489571435887],[140.77337456108717,-3.9487872157573634],[140.77337456108717,-3.9482994270768472],[140.77302953888216,-3.947692664384931],[140.77252985217103,-3.947038312268262],[140.77150668358661,-3.9463601658889047],[140.77065007843839,-3.9459199657337649],[140.77028126107143,-3.9457415060655876],[140.77013849369655,-3.9452894087791606],[140.77025746680874,-3.9446588509251796],[140.77060248901375,-3.94388552659575],[140.77100699687549,-3.9432311753784006],[140.77144719703062,-3.942707692605893],[140.77182791062967,-3.9423507741688582],[140.77331438025453,-3.9418620933608963],[140.77424236998945,-3.9415765568126062],[140.77482533841874,-3.9412553297696036],[140.7761935283088,-3.9405533891275581],[140.77656234387712,-3.9401726746291956],[140.77693116124419,-3.9396848859486795],[140.77731187484324,-3.9394588368558061],[140.77769258844228,-3.9394945291491581],[140.7783231462962,-3.9398157561921607],[140.77875144932,-3.9401131889724184],[140.77908457259502,-3.9402083669225476],[140.7793225188193,-3.9401250861038193],[140.77929872455661,-3.9395778099678864],[140.77897749661429,-3.9385784356462636],[140.77871575702659,-3.9379121872975702],[140.77875144932,-3.9369960946939955],[140.77870385899598,-3.9364607156894067],[140.77840642711499,-3.9361394886464609],[140.7779424317979,-3.9361275906157402],[140.77722859402445,-3.9362703588898853],[140.77676459870736,-3.9361989752025011],[140.77632439765284,-3.9358182616034583],[140.77595558208452,-3.9351163209614128],[140.77561055987951,-3.9343073043385743],[140.77527743480584,-3.9339860772955717],[140.77500379718754,-3.9339622821335638],[140.77471826243789,-3.9340693581143569],[140.77440893162691,-3.9346523256442651],[140.77399252663383,-3.9353066768616145],[140.77363560729748,-3.9355089316917997],[140.77333817541648,-3.9355327259544879],[140.77300505034282,-3.9354137528423507],[140.77275520698731,-3.9349497584245796],[140.77260054158182,-3.9339622821335638],[140.77250536273232,-3.9332841357542065],[140.77227931543814,-3.9328915250238197],[140.77182721725239,-3.9326535779002256],[140.77053041104966,-3.932463222000024],[140.76931688566583,-3.9325465028188091],[140.76860304699312,-3.9323323508572798],[140.76843648535555,-3.9319873286522693],[140.76849597191165,-3.9315590256284736],[140.7690313500168,-3.9308213926930762],[140.76991175122646,-3.9300361712322456],[140.77049471875637,-3.9294769979650255],[140.77055420531235,-3.928834543879077],[140.77045902736234,-3.928120705206311],[140.77005451860123,-3.927644812757876],[140.76934067992852,-3.927275997189497],[140.7690908365729,-3.9269547692471747],[140.76934067992852,-3.9264431854046506],[140.76962621557743,-3.925979190087503],[140.7699236483578,-3.9256936553378523],[140.76982847040767,-3.9253486331328418],[140.76941206361596,-3.9250393032212401],[140.7683532036375,-3.924932227240447],[140.76724675513367,-3.9250987897772802],[140.76603322885046,-3.925479503376323],[140.76434381191746,-3.9258721150060296],[140.76361807701267,-3.9258840121374305],[140.76332064423241,-3.9260148823808549],[140.76320167112033,-3.9262885199991615],[140.76351100103193,-3.926633542204172],[140.76418914741134,-3.9268357961350375],[140.76471262928453,-3.9270261529345589],[140.76529559681444,-3.9274425588269537],[140.76560492582678,-3.9278113752947093],[140.76572389983812,-3.928049320619607],[140.76562872098873,-3.9282991648744883],[140.76511713714626,-3.9284538302799774],[140.76399878971245,-3.9284657274113215],[140.76310649227082,-3.9283586514305853],[140.76240455072946,-3.9282396783184481],[140.76192865918028,-3.9279184512754455],[140.76136948591306,-3.9272522020274323],[140.76108395116353,-3.927038050065903],[140.7608579020706,-3.9270261529345589],[140.76064375010901,-3.9271927145720724],[140.76046053212792,-3.9276709866267083],[140.76027493364131,-3.9286703609483311],[140.76007505931659,-3.9295555195715224],[140.75978952366768,-3.9311830721410388],[140.75951826475614,-3.9320396772892536],[140.75931839133079,-3.9326250253246258],[140.75910423936921,-3.9329105600742196],[140.75881870372029,-3.9332674794105742],[140.75813341942182,-3.9337243359093463],[140.75720542878753,-3.9344524513195438],[140.75656297470164,-3.9350520751930844],[140.75580630581646,-3.9360228951404679],[140.75546366411686,-3.936465474901695],[140.75512102061862,-3.9364940283766714],[140.75489259281892,-3.9362370471019972],[140.75445001305775,-3.9354946549543115],[140.75389321939667,-3.9346808791192416],[140.75280818465012,-3.9331818189857017],[140.75146616862889,-3.9315114371030973],[140.75119491061673,-3.9310974108167898],[140.75120918735422,-3.9308261519053644],[140.75145189189141,-3.930554893893202],[140.75233705231312,-3.9300980373944867],[140.75286529159996,-3.9297553947955635],[140.75305089008657,-3.9292128778719757],[140.75289384597431,-3.9287560213732604],[140.75246554295052,-3.9285561470484822],[140.75175170517707,-3.9284990391992665],[140.75109497255505,-3.9286132539984351],[140.75042396499407,-3.9288845120105975],[140.74948169942093,-3.9290272802846857],[140.74875358401073,-3.9289844500722779],[140.74782083506352,-3.9287227086859957],[140.74633605076815,-3.9280183884378062],[140.74572690936941,-3.9275044249891948],[140.74515583897085,-3.9271427473398717],[140.74443248187356,-3.9267049258915563],[140.74397562627416,-3.9260196406938235],[140.74370912567565,-3.9254295352448025],[140.74348069787595,-3.9251439986965124],[140.74250987792857,-3.9251439986965124],[140.74152002203141,-3.9252011074451048],[140.7407966658335,-3.9249726778467675],[140.74016848758572,-3.9249346068465911],[140.73946416823685,-3.9248203929467422],[140.73925477458829,-3.9246681071473972],[140.73921670358811,-3.9243445013975702],[140.73938802533712,-3.9238876439995352],[140.73976873893616,-3.9235450022999885],[140.7403588452845,-3.9234117515510434],[140.74134870118166,-3.9232975376511945],[140.7420339863794,-3.923221394751522],[140.74235759212922,-3.9229168240521517],[140.74233855707882,-3.9221934678541857],[140.7421482002793,-3.9213178258569314],[140.74199591358058,-3.9202327920096991],[140.74193880663074,-3.9194713639122938],[140.74174844983111,-3.9188051146642806],[140.74152002203141,-3.9184434370149575],[140.74077762988372,-3.9180056155666421],[140.74014945343458,-3.9180627243152344],[140.73954031113647,-3.9182911521149322],[140.73889309693891,-3.9185005439649103],[140.73818877669078,-3.9183863300650614],[140.73748445644253,-3.9181579022653068],[140.73630424374596,-3.9172061182676998],[140.73598063709676,-3.9168254037693373],[140.73573317334728,-3.9166921539197119],[140.73544763769837,-3.9167682968193844],[140.73521920899941,-3.9171299753680273],[140.73485753135003,-3.9178152596664404],[140.73462910265107,-3.9182150092152597],[140.73398189025215,-3.9183292231151086],[140.73335371200426,-3.9181198312651304],[140.73285878360605,-3.9177581527165444],[140.73240192800665,-3.9173964741679015],[140.73211639235774,-3.9169776886693626],[140.73145014310967,-3.9149599058749232],[140.73101232166141,-3.9133228366795265],[140.73065064401203,-3.9126375523811134],[140.73042221621233,-3.912447195581592],[140.7301747515636,-3.9123710526818627],[140.72990825186434,-3.9123710526818627],[140.72975596696438,-3.9125423744309842],[140.72937525336533,-3.913246693779854],[140.72905164671624,-3.9137796940775615],[140.72870900411726,-3.9140081218772593],[140.72771914822022,-3.9142365496769571],[140.72594882917519,-3.9146172641753765],[140.72326479713274,-3.9151692986241642],[140.72035233729059,-3.9160449406214752],[140.71863912519552,-3.9163685472705652],[140.71755409134835,-3.9164827611704709],[140.7164880916522,-3.9169396176691862],[140.71572666535337,-3.9172441892678762],[140.71469873755677,-3.9170728684180744],[140.71332816806057,-3.9165969759696395],[140.71216699131367,-3.9156832629721521],[140.71186507721166,-3.9155294573185415],[140.71170258320774,-3.9154466774221532],[140.71169680056698,-3.915444512753993],[140.71156487362009,-3.9153951255845527],[140.7114329466732,-3.9153457402136951],[140.71130101882704,-3.915296353044198],[140.71114569331917,-3.915253065076854],[140.71099036691191,-3.9152097762101334],[140.71083504140415,-3.9151664882427895],[140.71075817095289,-3.9151202981631741],[140.7107209399195,-3.9149329963606192],[140.7104537792186,-3.9147885850251214],[140.71035860126847,-3.9145220862252472],[140.71066055584004,-3.9142536808626573],[140.71066055943731,-3.914245592360146],[140.71067924375211,-3.9142370685858054],[140.71070124296807,-3.9142175146265572],[140.71136749221603,-3.9138748720276908],[140.71194643797776,-3.913668106198088],[140.71285346721379,-3.9132888953661791],[140.7138068915749,-3.9129062410301572],[140.71352116437026,-3.912140182323526],[140.71266349262612,-3.911278180343686],[140.71207076925066,-3.9110586225573343],[140.71129729833171,-3.9108957868110679],[140.70960193238329,-3.9102116923157269],[140.70757939037662,-3.9092004208627031],[140.70696625508867,-3.9087405687222372],[140.706907643573,-3.9087037477796684],[140.70509193664361,-3.9114198235659501],[140.70429951880783,-3.9132331266074516],[140.70419878394682,-3.9163546878185684],[140.70420811711097,-3.9197505836224877],[140.70420838241103,-3.9198468317658239],[140.70243093803742,-3.9223317799875872],[140.7011029946076,-3.9252630959151134],[140.70161672782979,-3.9268457336436313],[140.70278810378807,-3.9284868012248353],[140.70293645505342,-3.9300862265980072],[140.70235851833104,-3.9321654717590491],[140.70292339419939,-3.9339182018634915],[140.70388990279685,-3.9356676161675068],[140.70380878934418,-3.9368649285735273],[140.70227471860346,-3.9385565443490123],[140.70070217486557,-3.9408845249008664],[140.70047394491667,-3.9421358937564719],[140.70046701564036,-3.9427749484050878],[140.69840423077073,-3.941565450185351],[140.69497246820492,-3.9409897257951343],[140.69154063908934,-3.9406054778604584],[140.68849000291141,-3.9406043393187815],[140.68467685135568,-3.940219918714206],[140.68048237556127,-3.939835336231738],[140.67895705972057,-3.9398347480750999],[140.67796541327323,-3.9397576788737183],[140.67721258898985,-3.939399756793307],[140.67712265138937,-3.9395621977371889],[140.67625860075384,-3.9411227939817195],[140.67530490659624,-3.942079869590259],[140.673969505988,-3.9439942429399366],[140.67320647080203,-3.9449513913935448],[140.6716808473933,-3.9457167459310085],[140.66996470530694,-3.9460990450348277],[140.66729515684608,-3.9466724455768372],[140.66595980659986,-3.9483953145920623],[140.66424288929795,-3.9506924942631372],[140.66290721799373,-3.9531813140663417],[140.66176181715423,-3.9566276546424888],[140.66061695231053,-3.9587335691987846],[140.65851912895471,-3.959881640125559],[140.65565878392579,-3.9606464101037204],[140.65318032880919,-3.9600709051480862],[140.64993936730798,-3.9591120929486578],[140.64803284593916,-3.9587283045675576],[140.64612624632923,-3.958536000735819],[140.64441015100772,-3.9587267541363644],[140.64345591006224,-3.9608327208533183],[140.64250166282159,-3.9629386866710092],[140.64192899702562,-3.9644703499266711],[140.64040248418735,-3.9671505310720931],[140.64002056369816,-3.9684907871200608],[140.63944838713337,-3.9688735143012082],[140.63773185384207,-3.970021694945217],[140.63620623762779,-3.9705954893902913],[140.63544305225514,-3.9717440846217755],[140.6342979311047,-3.9742329314046287],[140.63429742478638,-3.9753818620832249],[140.63412959780271,-3.977059804566295],[140.634117411989,-3.9771816483143994],[140.63410590786145,-3.9772966644094936],[140.63363454080149,-3.9804116848513331],[140.63342885415841,-3.9817709435741335],[140.63435438514682,-3.9817049666108915],[140.63533609588421,-3.9834814550051192],[140.63795764932615,-3.9839613359468444],[140.64010262413683,-3.9842016401934757],[140.64272418297469,-3.9846815067460852],[140.64558367904363,-3.9861189138567283],[140.64619551840849,-3.98666556676244],[140.64790713240825,-3.9852916329024879],[140.64931140040085,-3.9838825652281571],[140.64957624085093,-3.9836168182615097],[140.65291323465817,-3.9831395120787647],[140.65648846966724,-3.9829016548874279],[140.66134743383702,-3.9831360451922819],[140.66135638209141,-3.9830899882123276],[140.66137465002009,-3.9829376268699548],[140.66139291794889,-3.9827852673261646],[140.66141118497831,-3.9826329068831114],[140.66145523916805,-3.9825003639006127],[140.66149929155915,-3.982367820018851],[140.66154334484952,-3.9822352761370325],[140.66164355180854,-3.9820707568599119],[140.66174375876756,-3.9819062402806935],[140.661816893435,-3.9817731361212623],[140.66189002720307,-3.9816400328612076],[140.66196316097114,-3.9815069287017764],[140.66203629473932,-3.9813738272403043],[140.66210943120529,-3.9812407221815533],[140.66202334270315,-3.9811091927350049],[140.66193725510027,-3.9809776650871527],[140.66185116839677,-3.9808461347412845],[140.66176508079388,-3.980714605294736],[140.66173757682782,-3.9805669510039365],[140.66171007196226,-3.9804192976124568],[140.66168256709682,-3.9802716451202969],[140.66173546701827,-3.980105569116688],[140.66178836783899,-3.9799394922137594],[140.66184126865971,-3.9797734162101506],[140.66188784185044,-3.9796332910435126],[140.66193441504129,-3.9794931640782352],[140.66198098823213,-3.9793530389115972],[140.66202756232224,-3.9792129119462629],[140.66203681814466,-3.9790422044341653],[140.66204607576583,-3.9788714969220109],[140.6620553360849,-3.9787007894098565],[140.66202322938864,-3.9785692806477186],[140.66199112359152,-3.9784377745835968],[140.66195901779452,-3.9783062667207787],[140.66182811967201,-3.9782197042758867],[140.66169722244888,-3.9781331409316749],[140.66155253502154,-3.9780615665879964],[140.66140784759421,-3.9779899940429573],[140.66126316106613,-3.977918418799959],[140.66113687017048,-3.9778030231909156],[140.66101057837557,-3.9776876239845933],[140.66088428568128,-3.9775722256776476],[140.66076717236717,-3.977478749244824],[140.66065005995233,-3.9773852692147784],[140.66030221567473,-3.9772039919706117],[140.66018655566506,-3.9771048543055372],[140.66010234224939,-3.9770326711208099],[140.66006664995598,-3.9768756261092335],[140.66002381884425,-3.9765401223287427],[140.65994529723775,-3.9761760650732754],[140.65987391265105,-3.9759190828992814],[140.65977397638801,-3.9755907170379032],[140.65963834693218,-3.9754622272998859],[140.65941705705166,-3.9752694899949006],[140.65923145856505,-3.9751409993575635],[140.65900303076535,-3.9751409993575635],[140.65880315644063,-3.9751409993575635],[140.65845337502333,-3.9751267226201321],[140.65824636188017,-3.9749482629519548],[140.65798224178707,-3.974912570658546],[140.65760390779417,-3.9748911560020019],[140.65741831020694,-3.9748840180829461],[140.65725888558916,-3.9746865215656726],[140.65705901126444,-3.9744247819780867],[140.65713039495188,-3.9743581566036141],[140.65722557290189,-3.974229665966277],[140.65736834117604,-3.9740488266919556],[140.65750159102572,-3.9739250952669067],[140.65759600635067,-3.9738343114042891],[140.65761343611121,-3.9738054026971099],[140.65747001942589,-3.9736944479403746],[140.65737710776739,-3.973593876755956],[140.65718684090007,-3.9735536141079706],[140.65688909875291,-3.9733330931476871],[140.65657571110023,-3.9730417235966229],[140.65641906089104,-3.9727897758274366],[140.65628883995805,-3.9725377003545645],[140.65632031173311,-3.9725153000410387],[140.65635406239016,-3.9724912800484731],[140.65648450815354,-3.9723984376377643],[140.65664678901817,-3.9723238856387866],[140.65680907078206,-3.9722493327404891],[140.65697135164658,-3.9721747807415113],[140.657166980272,-3.9721337455758317],[140.65736260709866,-3.9720927104102088],[140.65752334472666,-3.9720836389487317],[140.65768408325391,-3.9720745692858941],[140.65784482088179,-3.972065497824417],[140.65799039414139,-3.9720594669707907],[140.65813596740099,-3.9720534370164842],[140.65828153976133,-3.9720474043641616],[140.65846353106713,-3.9719812349459858],[140.6586455205744,-3.9719150673264494],[140.65871525040859,-3.9718517145848864],[140.65881777581978,-3.9718698296288721],[140.65890398123383,-3.9718934800000625],[140.65905289097816,-3.9719092837863741],[140.65923315828366,-3.9719093593294019],[140.65939655340833,-3.9718975997943744],[140.65942618786835,-3.971972211148568],[140.65942253032563,-3.9720080410382366],[140.65940706738229,-3.9720576791185636],[140.65933664686884,-3.9721840113829785],[140.65930488731078,-3.9722409888305492],[140.6592331331027,-3.9723600114053284],[140.65916590877976,-3.9725528746154168],[140.65916770742388,-3.9725776842126947],[140.65917144680486,-3.9726179288742856],[140.65917477159849,-3.9726350816436593],[140.65920959334812,-3.9728147383094665],[140.65921541196178,-3.9729282075707033],[140.65921487866376,-3.9729342150419598],[140.65919910725302,-3.973112118929123],[140.65886661620141,-3.9731099353751915],[140.65875794572264,-3.9737918454172814],[140.65878650009699,-3.9738727466299224],[140.65881981188488,-3.9739631662670831],[140.6588864372593,-3.9741011753289399],[140.65893402578467,-3.9742011115919809],[140.65901968710898,-3.9742772553909731],[140.659114865059,-3.974334362340926],[140.65921956233296,-3.9743724333411024],[140.65933853544516,-3.974377191654014],[140.65942419497071,-3.9743438798661259],[140.65952413303239,-3.9742582194412535],[140.65959551671983,-3.9741630405918045],[140.6596240701947,-3.9740345499544674],[140.65971448983191,-3.9739108176300988],[140.65983346294399,-3.973844193154946],[140.65998098863179,-3.9737966037302499],[140.66009996174387,-3.9737680502552735],[140.66024273001801,-3.9737061840930892],[140.66029983696797,-3.9735253448187677],[140.6603293392277,-3.9734199829458134],[140.6603899139634,-3.9734224740678883],[140.6605462584032,-3.9734010666059021],[140.66070260284289,-3.9733796600432356],[140.66085894728269,-3.9733582543798889],[140.66099625487334,-3.9733250981747119],[140.66113356336336,-3.9732919419694781],[140.66127087095401,-3.9732587857643011],[140.6614081803433,-3.9732256286598044],[140.66155452701992,-3.9731431608281582],[140.66170087459579,-3.9730606920971923],[140.66180814123277,-3.9729721691302302],[140.66191296980776,-3.9728856570474136],[140.66191540697048,-3.9728836461632682],[140.66202267270819,-3.9727951231963061],[140.66206311072403,-3.9727617502545058],[140.66212993934528,-3.9727066002293441],[140.66223621043287,-3.9725999586211742],[140.66233888782949,-3.9724969250929689],[140.66234248241972,-3.972493318811587],[140.66234972825737,-3.9724885721898318],[140.66247346507839,-3.9724074902134703],[140.66260444773718,-3.9723216589173944],[140.66273542859722,-3.972235829419958],[140.66288578265278,-3.9721593996365527],[140.66303613670846,-3.9720829716517869],[140.66318713917519,-3.9720521707710077],[140.66333814164204,-3.9720213671922693],[140.66348914500816,-3.9719905654122272],[140.6636628526586,-3.9719866101938806],[140.66383656030905,-3.9719826549754771],[140.66401026795961,-3.9719786988578107],[140.66414921861167,-3.972010962935542],[140.66428817106225,-3.9720432252146338],[140.66442712261369,-3.9720754892923651],[140.66458343377849,-3.9721359399216567],[140.66473974404403,-3.9721963887523088],[140.66485396333985,-3.972266888406125],[140.66496817813902,-3.9723373862613016],[140.66508239473683,-3.9724078841165351],[140.66514653528441,-3.9724474731722808],[140.66552861315506,-3.9726297360734293],[140.6655953968102,-3.9726536661337377],[140.66576974567727,-3.9727161357410523],[140.66592340024476,-3.9727390108965892],[140.666077053913,-3.9727618860521261],[140.66623070758112,-3.9727847612077198],[140.66639905077568,-3.9728304539622172],[140.66656739397013,-3.9728761503140504],[140.66673573716457,-3.9729218430685478],[140.66690607595467,-3.972986323559951],[140.66707641564415,-3.9730508058499368],[140.66723406320148,-3.9731112573786049],[140.66739171165818,-3.9731717062092002],[140.66754936011489,-3.9732321577378684],[140.66771102584323,-3.9732684561742531],[140.66786901963962,-3.9733039281337028],[140.6678726906722,-3.9733047519127354],[140.6680343572998,-3.9733410485504805],[140.66822677084883,-3.9733391150081161],[140.6684191861965,-3.9733371787677356],[140.66855548744581,-3.9733130796348632],[140.6686917895945,-3.9732889796026711],[140.66882809084382,-3.9732648786711593],[140.66895638542894,-3.9732193046271504],[140.66908467821543,-3.9731737323817811],[140.66921297190117,-3.9731281583377722],[140.6693512849339,-3.9730909740691231],[140.66948959616798,-3.9730537915991704],[140.66960244399763,-3.973023452969926],[140.66974227958258,-3.9729945982221011],[140.66979143742492,-3.9729782701310228],[140.66991854940159,-3.9729724407255276],[140.67007087656975,-3.9729654565904866],[140.67022320823457,-3.9729584715561828],[140.67037553810064,-3.9729514883204615],[140.6705098500496,-3.9728921609444114],[140.67064416199855,-3.9728328335683614],[140.67077847394751,-3.9727735079909507],[140.67091278499709,-3.9727141806149007],[140.67102239886469,-3.9725988200794404],[140.67113201363156,-3.972483456846021],[140.67124162839855,-3.972368095411241],[140.67130581211359,-3.9722513706042264],[140.6713699940301,-3.9721346502938104],[140.67137962397055,-3.972117138694955],[140.67143418044316,-3.9720179281848118],[140.67152508931144,-3.9718958479149933],[140.67161599907911,-3.9717737676452316],[140.67170690884689,-3.9716516891740525],[140.67181518632185,-3.9715376677291374],[140.67191786731576,-3.9714295413402283],[140.67192346379693,-3.971423647183542],[140.67203174127189,-3.97130962573857],[140.67218411430554,-3.971192937803778],[140.67222936729149,-3.9711720177743359],[140.67265444264842,-3.971152696739523],[140.6732255130471,-3.9714620266511815],[140.67341586984662,-3.9719855076250496],[140.67346345927126,-3.9729134982592882],[140.67341586984662,-3.9736987197201188],[140.67374899492029,-3.9741746121685537],[140.67408211909458,-3.9746267103543573],[140.67455801064375,-3.9756498780394054],[140.6747007789179,-3.9760781810631443],[140.67527185021584,-3.9770299659601278],[140.67534323390316,-3.9772917064470334],[140.67555738496537,-3.9779341614323585],[140.6758149615913,-3.9788038544143092],[140.67605290781546,-3.9795176921876987],[140.67709987066257,-3.9801839414357119],[140.67809924408493,-3.9805646550347547],[140.67924138578144,-3.9809929580584935],[140.68052629395333,-3.9811357263326386],[140.68190638187411,-3.9816116178818106],[140.68208477589178,-3.9818123105895893],[140.68228709637242,-3.9820399209056063],[140.6837147719192,-3.9828489366290682],[140.68438102116727,-3.9833724194015758],[140.68514244926473,-3.9838959003754439],[140.68590387556344,-3.984514560198761],[140.68861646198025,-3.9846573275735864],[140.69004413842629,-3.9840386677502693],[140.6910911012734,-3.9839910792248929],[140.69209047469576,-3.9840386677502693],[140.69304225869337,-3.9849904517478763],[140.69385127621547,-3.9871795562914372],[140.69437475808866,-3.988797590436377],[140.69442234661403,-3.9901300880330837],[140.69537413061175,-3.9909391046559222],[140.696325916408,-3.9912246403048357],[140.69727770040561,-3.9919860684022979],[140.69813430555382,-3.9938420469728158],[140.69870537685176,-3.9947938318697993],[140.69908608955143,-3.9956028475933181],[140.70012820775059,-3.9975097044093104],[140.70093722437343,-3.9986042557817427],[140.70103240322294,-3.999413273303901],[140.70107999174832,-4.000412646726204],[140.70146070624662,-4.0015071989980129],[140.70217454402007,-4.0028872860193587],[140.70326909629182,-4.0037914805923265],[140.70369739931562,-4.0048384443387022],[140.70469677273798,-4.0059805851358306],[140.70550270288754,-4.0069885686674525],[140.70588341738585,-4.0092728520604055],[140.70674002343344,-4.0121282049526599],[140.70797734307996,-4.0132703457497882],[140.70867289044156,-4.0133981034396697],[140.70878103211896,-4.0134538686011183],[140.70890054392498,-4.0135647352242927],[140.70898851111099,-4.013716486826354],[140.70905020280463,-4.0138721891501632],[140.70912371878467,-4.0140226169501716],[140.70925374006811,-4.0141387643924418],[140.70941267725334,-4.0142127021544525],[140.70964782658598,-4.0142457684274291],[140.70983043842409,-4.014249791094926],[140.71000648071458,-4.0142472163359457],[140.71019829261718,-4.0142380477476536],[140.71037696542464,-4.0142288773607788],[140.71055038169482,-4.0142276192092368],[140.71070277631213,-4.014227674067854],[140.71084597626088,-4.0142277244298725],[140.71102464906835,-4.0142198724491323],[140.71120727079892,-4.0141895922758408],[140.71139909259409,-4.0141500796623859],[140.7115633168936,-4.0141343073523785],[140.71177483474094,-4.0141251459586442],[140.71192986796905,-4.0140948576914752],[140.71209409316793,-4.0140790826834518],[140.7122832790501,-4.0140633175680023],[140.71251449924478,-4.0140620801008708],[140.71267871095381,-4.0140832483431836],[140.71288362867654,-4.0141624804140861],[140.71300972531867,-4.0142311283638605],[140.71315026237482,-4.0143327652448875],[140.71324874623269,-4.0144647308625849],[140.7133196361923,-4.0146164779680475],[140.71336556456924,-4.0147695353857102],[140.71338783807835,-4.0149410540863073],[140.7133877733271,-4.0151270770529095],[140.71336537571153,-4.0153078174017764],[140.71332590896361,-4.0154648012594976],[140.71328381709452,-4.0156151903887007],[140.71323252875823,-4.015761616205566],[140.71318255882807,-4.0158974893776076],[140.71313784633458,-4.0160267651230583],[140.71312071424961,-4.0161784807522167],[140.71313641371455,-4.016365830218831],[140.7132086067918,-4.0165466020440022],[140.71330051390771,-4.0167102300929969],[140.71340819603154,-4.0168408800025759],[140.71355266762157,-4.0169583503475224],[140.71371554024006,-4.0170573567115753],[140.7138692235859,-4.0171299733695491],[140.71402291322693,-4.0171880767682637],[140.71419630971195,-4.0172435496500611],[140.71434342980547,-4.017302968756951],[140.7145036862961,-4.0173663529747614],[140.71464949427877,-4.0174231361687589],[140.71480186821168,-4.0174851956851967],[140.71497788622048,-4.0175591406417652],[140.71517097156311,-4.0176647534256062],[140.71532989525849,-4.0177835466732859],[140.7154730484425,-4.0179194872944777],[140.71560568225652,-4.0180804911217365],[140.71569629524788,-4.0181847486272204],[140.71577901668832,-4.0183167088489995],[140.71588009329173,-4.0185555409054246],[140.71594702893231,-4.018746866274796],[140.71607571022594,-4.0189408500401669],[140.71622805178322,-4.0190965829409038],[140.71642508335094,-4.0191929623852616],[140.71666021829446,-4.0192748420602697],[140.71678369341282,-4.0193302951569763],[140.71700960940598,-4.0194768189999763],[140.71716459137281,-4.0196008885700962],[140.71723417911414,-4.0197196512408482],[140.71737600489882,-4.0198938508204947],[140.71752180029091,-4.0199888920736839],[140.71772671261772,-4.0200852733166812],[140.71793294964596,-4.0201565886555954],[140.71812472827366,-4.0202476890795538],[140.71830335521577,-4.0203783632708223],[140.71840842570839,-4.0204681129130222],[140.71838478073312,-4.0203009199514668],[140.71841320560497,-4.0201622426932886],[140.71845109314347,-4.0200121710248027],[140.7185116759731,-4.0198849043648011],[140.71861009777786,-4.0197443511208348],[140.71874257241188,-4.0196095103705716],[140.71886556999016,-4.019520260751392],[140.71903208396361,-4.0194234271493769],[140.71920426636382,-4.0193436941561345],[140.71940482687137,-4.0192582720515588],[140.71952933710929,-4.0192153384170979],[140.71958646294502,-4.0191956396669752],[140.7197794475635,-4.0191387116821602],[140.71998377712964,-4.0190988870039632],[140.72017297380376,-4.0190552545962532],[140.72033380226321,-4.0189831181763225],[140.7205003153374,-4.0188862836749877],[140.72069711218205,-4.0187457646052849],[140.72080876031612,-4.0186527108538712],[140.72097718085229,-4.0185083840546554],[140.72108883977819,-4.0183868325862022],[140.72118157966622,-4.0182633772529925],[140.72126675535651,-4.018136116888229],[140.72136142159241,-4.01791387102827],[140.72139741336002,-4.0177751973674276],[140.72143154443029,-4.0175472300206252],[140.72146753979519,-4.0173933569178644],[140.72151677587851,-4.017248986951131],[140.72157168578474,-4.0171084202173688],[140.72163038363533,-4.0169545534098461],[140.72169097006224,-4.0168177872110391],[140.72183292265129,-4.0166164559846038],[140.72193702007746,-4.0164740042718563],[140.72203921273956,-4.0163695489155202],[140.72218491909882,-4.016267009115154],[140.72236845723853,-4.0161663812734218],[140.7225538803574,-4.0160923508812516],[140.72272983631296,-4.0160392153374573],[140.72293794572965,-4.0160050896631105],[140.72318956704498,-4.0159766773817296],[140.7233787484306,-4.0159748418653862],[140.72362089988474,-4.015974923703709],[140.72384413140162,-4.0159806991499067],[140.72405600807838,-4.0159997701732095],[140.72424896661653,-4.0160131331994648],[140.72443624773473,-4.0160378960320031],[140.7245989350929,-4.0160645474408625],[140.72483539563711,-4.0161121215771232],[140.72497537871084,-4.0161444665938006],[140.72515886918654,-4.0161901251740915],[140.72529317394094,-4.0162300658648178],[140.72543504738962,-4.016270010152823],[140.72558070518551,-4.0163042572356176],[140.72574149407478,-4.0163461071870756],[140.72587958407564,-4.0163860496763846],[140.72603469914213,-4.0164240981935109],[140.72634493377177,-4.016490695689015],[140.72660409680168,-4.0165363776516756],[140.72676300340993,-4.0165535313203691],[140.72703163809967,-4.016559319357043],[140.72725487860987,-4.0165384973537357],[140.72748191066171,-4.0164929772690243],[140.72770894810958,-4.0164379567462447],[140.72798140671659,-4.0163221600395786],[140.7281763068911,-4.0161873381750866],[140.72828606465021,-4.0160904829893411],[140.72841285287097,-4.015978435556292],[140.72858506584816,-4.0158018114044012],[140.72868914888522,-4.0157011538851179],[140.72888027820238,-4.0155321344004165],[140.72898246726709,-4.0154352774160884],[140.72916980504249,-4.0152852543109816],[140.72928902007231,-4.0151922023582074],[140.72948392924002,-4.0150326806136718],[140.72959935542599,-4.0149548281027592],[140.72982263100971,-4.0148238139677801],[140.72995508136194,-4.0147535643254741],[140.73016888708457,-4.0146548439458343],[140.73029376424586,-4.0146035897838033],[140.73044323606655,-4.0145409457080063],[140.73060027478289,-4.0144859018028569],[140.73076866474219,-4.0144270645573101],[140.73102030494317,-4.0143359560394742],[140.73120761304097,-4.0142771223912632],[140.73140437661073,-4.0142277927783425],[140.73162195139196,-4.0141784685614539],[140.73185465636732,-4.0141405486473332],[140.73204194557934,-4.014134910797452],[140.73226139724579,-4.0141311831075654],[140.73239949893775,-4.0141312289729854],[140.73259246017392,-4.0141388920961276],[140.73279108983695,-4.0141693539325161],[140.73299718117505,-4.0142036181024423],[140.73320998865017,-4.0142670149107857],[140.73335186119948,-4.0143092812483019],[140.7335016199039,-4.0143357159204811],[140.73366977424075,-4.0143568787668755],[140.73385632421002,-4.0143648557534561],[140.73401134664641,-4.0143675447263831],[140.73422417390657,-4.0143702525850244],[140.73443962988506,-4.0143703236315105],[140.73464457458749,-4.0143730296915123],[140.73484689326961,-4.0143730953420231],[140.73510438805715,-4.0143784562007454],[140.73529093982506,-4.0143785200526168],[140.73860791112622,-4.0123686926609707],[140.74267850261083,-4.0093534403089848],[140.74644756939983,-4.0075442876387228],[140.74885977236067,-4.0072427629431218],[140.75097044882716,-4.0063381870576222],[140.75127197442214,-4.0043782729388795],[140.75308112619314,-4.0036244594012373],[140.76197612180067,-4.0072427629431218],[140.76604671418454,-4.0075442876387228],[140.76845046531673,-4.0073844673192411],[140.76983055233814,-4.0072179047824079],[140.77099648829733,-4.0070037537201983],[140.77145083119092,-4.0068213127533454],[140.77268590523045,-4.0064326833216342],[140.77382804602757,-4.0061471476726638],[140.77477983092456,-4.0058378177610052],[140.77539849074776,-4.0055284878494035],[140.77560749858731,-4.0053847941728691],[140.7758488352556,-4.0042585641813275],[140.77630112319832,-4.0016955988727432],[140.77642965970108,-4.00143852316927],[140.77661475906393,-4.0012100755844813],[140.77662753033633,-4.0011902689157068],[140.7767003673282,-4.0010772825904724],[140.77676288909618,-4.00100152639925],[140.77678211929947,-4.0009782258644009],[140.77687133474433,-4.0008908414391158],[140.77696152505439,-4.0008043410474556],[140.77708078594958,-4.0007445028564916],[140.77720004774403,-4.0006846628668313],[140.77731840931722,-4.0006255297443545],[140.77743435441198,-4.000568294191396],[140.77756032155162,-4.0005245151941722],[140.77765896908625,-4.0004925263090172],[140.77768804686593,-4.0004830969173213],[140.77780755057802,-4.0004234017185922],[140.77792444535692,-4.0003578897047873],[140.77804152719477,-4.0002942788578366],[140.77816538002833,-4.0002447361056284],[140.77829428435382,-4.0002056146973359],[140.77842353941492,-4.0001685851120783],[140.77855688639124,-4.00015523197834],[140.77869023336768,-4.0001418797439214],[140.77882378628874,-4.0001323882990505],[140.77895744712851,-4.0001249697915],[140.77909096317751,-4.0001204749798944],[140.77922326424232,-4.0001400882944154],[140.77935578384245,-4.0001590936672073],[140.77948934665608,-4.00017509890165],[140.7796229130671,-4.0001911014381335],[140.77975289567962,-4.0002238313646785],[140.77988071542279,-4.0002666579798074],[140.78000487492511,-4.0003183932792012],[140.78012663593552,-4.0003760632047261],[140.78024613515106,-4.0004393502957214],[140.78036426379981,-4.000503669808495],[140.78048194188818,-4.0005682501246156],[140.78060242406264,-4.0006287870888286],[140.78071596526968,-4.0007013012240122],[140.78082644338576,-4.0007791150640628],[140.78093712834584,-4.0008565925576249],[140.781050281945,-4.0009302389393042],[140.78116342655096,-4.0010038727305073],[140.78124429538798,-4.0011107103909467],[140.7813313713458,-4.0012109713092059],[140.78143737893197,-4.0012912259093127],[140.78154249618933,-4.001374061563638],[140.78164670243348,-4.001460006174284],[140.78176402888687,-4.0015245136453359],[140.78188452005463,-4.0015838212362951],[140.78200575855897,-4.0016419066486151],[140.7821297022241,-4.0016951887818664],[140.78225395075924,-4.0017479106375049],[140.78227969924876,-4.00175883560172],[140.78237821008634,-4.0018006333924632],[140.78250223379109,-4.0018535441057566],[140.78262624940191,-4.0019064467251155],[140.78274932701993,-4.0019599743732783],[140.7828719199033,-4.0020138149855029],[140.78299450109546,-4.0020676591950632],[140.78311143184715,-4.0021341568657931],[140.78322792103177,-4.0022022193568887],[140.78334751107889,-4.0022641313844929],[140.78346963271747,-4.0023209694371644],[140.78359198098519,-4.0023773641240155],[140.78371275993595,-4.0024367958214384],[140.7838320613007,-4.0024990792690573],[140.78394828878254,-4.0025678198489345],[140.78406220860415,-4.0026406226665472],[140.7841724178229,-4.0027191145954362],[140.7842860588546,-4.002791917412992],[140.78440633238642,-4.0028537835751763],[140.78452755380363,-4.0029136613363789],[140.78464992815168,-4.0029711585920609],[140.784764291339,-4.0030428300624976],[140.78487605818361,-4.0031190619950507],[140.78498770811632,-4.0031954000476162],[140.78509936704222,-4.0032717291069844],[140.78521316995193,-4.0033448673717089],[140.7853269917473,-4.0034179777574082],[140.78541985394315,-4.0035141791360047],[140.78550333531075,-4.0036207263154324],[140.78558686074507,-4.0037271314019449],[140.78567051388313,-4.0038331983433864],[140.78573392058399,-4.0039528504436248],[140.78578957872617,-4.0040755296619182],[140.78581238103664,-4.0042092840311625],[140.78583331815321,-4.0043430204140122],[140.78580725759889,-4.0044761731368226],[140.78578119794395,-4.0046093267589526],[140.78574394982354,-4.0047396906841186],[140.78570488237449,-4.0048695923577498],[140.78566361608307,-4.0049984885893082],[140.78561954030965,-4.0051260897971588],[140.78557504095545,-4.0052536397436143],[140.78552949658911,-4.0053810431006127],[140.7854889794329,-4.005510031063011],[140.78545835122202,-4.0056421513641567],[140.7854277149172,-4.0057742716652456],[140.78543126544059,-4.005907875847754],[140.7854501026402,-4.006042144629248],[140.78551691597295,-4.006159808328448],[140.78560055202388,-4.0062610081389494],[140.78571889111402,-4.0063264760859738],[140.7858377140393,-4.0063909736644518],[140.7859577726332,-4.0064529756242564],[140.78606825074928,-4.0065299836717827],[140.78617382756011,-4.006614662936272],[140.78627940437104,-4.0066993422008181],[140.78637801503339,-4.0067918887346536],[140.7864742730693,-4.0068870936643748],[140.78654500744619,-4.0070024793808443],[140.78661449536276,-4.0071188489556562],[140.7866911023126,-4.0072302533734501],[140.78677201611572,-4.007338653156296],[140.78687196856652,-4.0074290943771302],[140.78697334644289,-4.0075182037020909],[140.78706099976534,-4.0076203199217844],[140.7871497988242,-4.007721079963801],[140.78726681231365,-4.0077886280427037],[140.78738383389691,-4.0078561833161643],[140.78750446985543,-4.0079169900769784],[140.78762563821272,-4.0079768030869332],[140.78774661591365,-4.008037067556586],[140.78786721589938,-4.0080982457374148],[140.78798784286471,-4.0081593528718145],[140.78810962366026,-4.008217745852221],[140.78823140535519,-4.0082761388326844],[140.78835319514394,-4.0083345300145083],[140.7884718480974,-4.0083991112299486],[140.78858872578917,-4.008467226781022],[140.788705595387,-4.0085353351375375],[140.78881990281627,-4.0086070596680088],[140.78892188683562,-4.0086960889532861],[140.78902386815707,-4.0087851182385634],[140.78912584767977,-4.008874146624521],[140.78917656134934,-4.0089985102729884],[140.78922423890754,-4.0091249594492524],[140.78928482713309,-4.0092461026254682],[140.78934673016749,-4.0093667017118833],[140.78941291307558,-4.0094849796480503],[140.78949531525666,-4.009589934128087],[140.78959910601395,-4.0096768392147055],[140.78971607633594,-4.0097427838023805],[140.78983880321823,-4.0097995571038041],[140.78996153909384,-4.0098563304052846],[140.7900911008237,-4.0098944697539309],[140.79022121203934,-4.009931088348992],[140.79035133134892,-4.0099677150379875],[140.79048144166529,-4.0100043354316881],[140.79061211225928,-4.0100387102182822],[140.79074435037148,-4.0100666071881506],[140.79087659028244,-4.0100945059566584],[140.79100937967917,-4.0101193002654441],[140.79114320689359,-4.0101380439355125],[140.79127704400048,-4.0101567956995154],[140.79141058073378,-4.0101771851289527],[140.79154248609689,-4.0102066568117039],[140.79167460819667,-4.0102350987707496],[140.79180695602622,-4.0102624984155],[140.79193916805821,-4.0102905051026596],[140.79207120921899,-4.0103193616491808],[140.79220324768175,-4.0103482271888993],[140.79233376629031,-4.0103830102676739],[140.79246324618191,-4.0104218447922335],[140.79259268110741,-4.0104607971280188],[140.79271752679244,-4.0105127122918134],[140.79284348314025,-4.0105606821297215],[140.79297695692105,-4.0105818863449372],[140.79311174101406,-4.0105913831857265],[140.79324665640809,-4.0105876905694231],[140.79338160597638,-4.0105806686628966],[140.79351404913416,-4.0105547376110167],[140.79364613885832,-4.0105260933045201],[140.79377726810651,-4.0104935207593257],[140.79386831007446,-4.0104525161706306],[140.79390891716287,-4.0104285978014786],[140.79395595080655,-4.0103895627281076],[140.7940674973172,-4.0103220767024368],[140.79418274184013,-4.0102512326082547],[140.79429716977859,-4.0101790404303301],[140.79441158692521,-4.0101068572456029],[140.79452423330679,-4.0100318960551249],[140.79463916306702,-4.0099608990761908],[140.79475937274697,-4.0098989043109441],[140.7948795707357,-4.0098369104450171],[140.79499843592919,-4.0097728517356472],[140.7951030837404,-4.009687015043653],[140.79520773964555,-4.0096011702577812],[140.7953260031926,-4.0095379793941675],[140.79545045227667,-4.0094851046538338],[140.79557490136062,-4.0094322299134433],[140.79570519064214,-4.0093985539000982],[140.79583780287237,-4.0093725239228206],[140.79597041690124,-4.0093464840529691],[140.79610303003085,-4.0093204441831176],[140.7962376207696,-4.0093101280598944],[140.79637158198295,-4.0092969080258172],[140.79650084693662,-4.0092573981103783],[140.79663012088349,-4.0092178935908578],[140.79675938673643,-4.0091783827760992],[140.79683483805741,-4.0090891367541985],[140.79684377821786,-4.0089594707029619],[140.79677730572814,-4.0088413213698573],[140.79668409099804,-4.0087471569556783],[140.79657466418951,-4.0086675453708835],[140.79647756618681,-4.0085750797760511],[140.79639399308837,-4.0084685316973605],[140.79634232074159,-4.0083532179266399],[140.79636035394719,-4.0082187333078423],[140.79637839434747,-4.0080842486891015],[140.79648981225512,-4.0080158093820728],[140.79660988523813,-4.0079536518395003],[140.79674471789451,-4.0079446568204276],[140.79686873980052,-4.0079773103045682],[140.79698204988176,-4.0080512507645381],[140.79707202075724,-4.008149639294345],[140.79715042275382,-4.0082601758663827],[140.79723544825742,-4.0083651843057737],[140.79732623841528,-4.0084653822715381],[140.79744763609961,-4.0085097593179171],[140.79758084008381,-4.0085325796148368],[140.7977140440679,-4.0085554026097157],[140.79784912763523,-4.008553600368316],[140.79798423998079,-4.008551444693353],[140.79811788643133,-4.0085361517219553],[140.7982501110539,-4.0085081756117802],[140.79838233657563,-4.0084802004008679],[140.79851193517777,-4.008441955831529],[140.79864123610423,-4.0084025151638798],[140.79875700223397,-4.008343505248547],[140.7988390069147,-4.0082356495555587],[140.79890063475659,-4.0081184103362943],[140.79892850384749,-4.0079856290334988],[140.79891574516557,-4.0078518395906713],[140.79889427385172,-4.0077178693841233],[140.79887241582935,-4.0075839531368729],[140.79885433316099,-4.0074494757126899],[140.79883314963024,-4.0073159137983225],[140.79878379573563,-4.0071897173315278],[140.79875225291426,-4.0070577697002818],[140.79872071099203,-4.0069258139751014],[140.79868941098755,-4.0067938051898864],[140.79865849859095,-4.0066617028752489],[140.79862703670847,-4.0065297300629368],[140.79859429599003,-4.0063980738120222],[140.79858830200862,-4.0062631206464516],[140.79858833618289,-4.0061274381307044],[140.79859223294523,-4.0059919525664895],[140.79860719316753,-4.0058570857358973],[140.79862214529578,-4.0057222198045679],[140.79864492422394,-4.0055888746268238],[140.79868132338447,-4.0054582031335144],[140.7987177135517,-4.0053275208483683],[140.7987674361683,-4.0052020357452989],[140.79882832656608,-4.0050808880724844],[140.79888984019408,-4.0049602179396402],[140.79898951475434,-4.0048685986068904],[140.79908919830791,-4.0047769792741406],[140.79920507415488,-4.0047091838816868],[140.79932584770972,-4.004648581266963],[140.7994478020745,-4.0045905039485774],[140.79957242202977,-4.0045380536881794],[140.79969704018629,-4.0044856133203552],[140.79982587976065,-4.0044461097001545],[140.79995727790606,-4.0044144328797415],[140.80008867515232,-4.004382755159952],[140.80021721884964,-4.0043409726577011],[140.80034569060115,-4.0042989005737581],[140.80045153361141,-4.0042148634251475],[140.80047444563922,-4.0040894259861943],[140.80045819129259,-4.0039563622962078],[140.8004186211225,-4.003826637789075],[140.80036650091336,-4.0037015717700797],[140.80031093000548,-4.003578005820259],[140.80024754758631,-4.0034583366328889],[140.80019315928689,-4.0033342841498438],[140.80014148783948,-4.0032088898782945],[140.80012163440597,-4.0030955015561176],[140.80017423125582,-4.0030007939514576],[140.80029601834667,-4.0029537719989321],[140.80042688499282,-4.0029591139718832],[140.80055594939756,-4.0029992947816027],[140.8006837430604,-4.0030424622398186],[140.80080171882435,-4.003108613671543],[140.80091969818557,-4.0031747579087096],[140.80103767664752,-4.0032409084411142],[140.80112695324635,-4.0033422917133521],[140.80121025564881,-4.0034486743168145],[140.80128093606641,-4.00356433612518],[140.80136624935301,-4.0036694371947306],[140.80145256988021,-4.0037738143100228],[140.80153888321297,-4.0038781878280361],[140.8016430390951,-4.0039545600548649],[140.80177356489821,-4.0039895391858522],[140.80190408980195,-4.0040245282093565],[140.80203597807804,-4.0040489681852591],[140.80217103466555,-4.0040490005608831],[140.80230543294942,-4.0040430092773818],[140.80243728165533,-4.0040134215821013],[140.80257068528897,-4.0039932686743782],[140.80270494327863,-4.0039782490968605],[140.80283918957696,-4.0039632268214405],[140.80297344756661,-4.0039482144384806],[140.8031052036423,-4.0039607132163155],[140.80323450277012,-4.0040001251056196],[140.80336380189806,-4.0040395468875545],[140.80341645630449,-4.0041623061454743],[140.80345400929514,-4.0042896762275291],[140.80342769872937,-4.0044227659977878],[140.80340138096904,-4.0045558557681034],[140.8033522258246,-4.00468166912367],[140.80330661310973,-4.0048087370335566],[140.80327696066331,-4.0049411298292057],[140.80324731810936,-4.0050735226249117],[140.80324542233848,-4.0052068192392767],[140.80326652403096,-4.0053408622908933],[140.80329917661572,-4.0054668833898859],[140.80341654263941,-4.0055341292965636],[140.80353390686435,-4.0056013841964955],[140.80365704563621,-4.0056412916122781],[140.80379023163391,-4.0056222979306426],[140.80391651623427,-4.0055740277191489],[140.80404080164169,-4.005521179958464],[140.80416148616371,-4.0054601330786568],[140.80428216978635,-4.0053990870981693],[140.80440472669682,-4.00534205928858],[140.80452874230764,-4.0052881692135998],[140.80465771588092,-4.0052561371609272],[140.80479273829428,-4.0052507960872958],[140.80491716579468,-4.0052814575731759],[140.80502761063576,-4.0053596491284793],[140.80514097377693,-4.0054329186941686],[140.80526180938512,-4.0054936337241429],[140.80538264499319,-4.0055543397609199],[140.80548102363036,-4.0056456910957081],[140.8055745998879,-4.0057435912936512],[140.80566692338982,-4.0058422676065106],[140.80571336797766,-4.0059697042383959],[140.80575982155858,-4.0060971390716418],[140.80574646662615,-4.0062302783046562],[140.80572480465605,-4.006364209840342],[140.80569513692114,-4.0064962501018044],[140.8056642524034,-4.0066273316859338],[140.80568921758334,-4.006760695749449],[140.80573051984766,-4.0068874264135275],[140.80580487669374,-4.0070007355953976],[140.80588845428883,-4.0070988147584217],[140.80602284897532,-4.0071128693633682],[140.8061534871938,-4.0070923549282043],[140.80628186901311,-4.0070500391279325],[140.80641122389898,-4.0070107783247408],[140.80654056889216,-4.006971509427558],[140.80667355524042,-4.006965243850857],[140.8068083222463,-4.0069751462859244],[140.80694309644684,-4.0069850568148695],[140.80702141840379,-4.0070911138637939],[140.80709016168169,-4.007207083240246],[140.80712667055946,-4.0073377367471039],[140.80716781903971,-4.0074667633803642],[140.80722026570277,-4.0075918132115476],[140.80727271956039,-4.0077168603447717],[140.8073219862207,-4.0078431917098669],[140.80733121506364,-4.007973685137415],[140.80730222092086,-4.0081059978934377],[140.8072614987193,-4.008235385154876],[140.80722380363568,-4.0083656141816846],[140.80719288224577,-4.0084977173956986],[140.80716196175524,-4.0086298206097126],[140.80717925212082,-4.0087639347077584],[140.80719914872179,-4.0088981576238325],[140.80723890055492,-4.0090269486346983],[140.80728950810442,-4.0091527763794943],[140.80738393422121,-4.0092377740040206],[140.80750509628319,-4.0092978550119369],[140.80763681188944,-4.0093262043408231],[140.8077696210712,-4.0093512405672413],[140.80790263260053,-4.0093459237752995],[140.80803578712198,-4.0093227500448165],[140.80816835258747,-4.0092970618098889],[140.80829823897261,-4.0092596473148205],[140.80842797157368,-4.0092216986224685],[140.80855575084729,-4.0091775625944024],[140.80868905105888,-4.0091756929038525],[140.80882383605126,-4.0091851429799021],[140.80894925370512,-4.0092242374086027],[140.80905671729374,-4.0093027518204849],[140.80912408281029,-4.0094200063281846],[140.8091660415796,-4.0095490059817962],[140.8092079922551,-4.0096779957428339],[140.80925745586694,-4.0098042281825315],[140.80929912775264,-4.0099328483222507],[140.80932859134145,-4.0100652815874014],[140.8093137408365,-4.0101988911658282],[140.8092913234359,-4.0103326976957874],[140.80925716808395,-4.0104631992172131],[140.80920842932562,-4.0105895881389415],[140.80917978681782,-4.0107222075637878],[140.80917665717709,-4.0108571778164332],[140.80922896264656,-4.0109672350498045],[140.80931336671858,-4.0110734656678346],[140.80945024173536,-4.0111185585745943],[140.80958209044115,-4.0110888890409342],[140.80971392925449,-4.0110592276012085],[140.80983350581175,-4.0109975386054657],[140.80994121311653,-4.0109165861314864],[140.81004069881931,-4.010825518083152],[140.81011135315646,-4.0107098787578366],[140.81019167070906,-4.0106022487947257],[140.8102916069721,-4.010510919043611],[140.81040070103154,-4.0104322553442557],[140.81051823432915,-4.0103652981199502],[140.8106491369482,-4.0103379713202685],[140.81078296326325,-4.0103193400654504],[140.81091037381475,-4.0103475401068636],[140.81103419427268,-4.010401885238764],[140.81113435806424,-4.0104896266948913],[140.81122898113267,-4.0105856446117514],[140.81134518613146,-4.0106549076978126],[140.81147202561351,-4.0106986417288795],[140.81160271419401,-4.0107331397225607],[140.81173633636286,-4.0107487321682243],[140.81187128323324,-4.0107558188259418],[140.81199236615487,-4.0108098024304013],[140.81208196111368,-4.0109028507858966],[140.81213866876465,-4.0110260192353735],[140.81214699738609,-4.0111612709758333],[140.81214031902061,-4.0112915791430055],[140.81204694061387,-4.0113896708965626],[140.8119213970549,-4.0114352287527595],[140.81179209522907,-4.0114746604272113],[140.81166029238864,-4.0115040151981134],[140.81152768825223,-4.0115300478733502],[140.81139288077691,-4.0115395159358513],[140.81125808319405,-4.0115489839983525],[140.81112413996721,-4.0115662860551993],[140.81099051779825,-4.0115864569493738],[140.81085939934189,-4.0116188694152584],[140.81072871166077,-4.0116533791000961],[140.81061887026476,-4.0117306587428629],[140.81054206456474,-4.0118392833562098],[140.81055160097571,-4.011971451321358],[140.8106252680418,-4.0120781396943244],[140.81074276266838,-4.0121358950554509],[140.81087357805325,-4.0121698777376196],[140.81100027184516,-4.0121859198442849],[140.81113789779579,-4.0122048622645252],[140.8112692932433,-4.012242363094515],[140.81139411284812,-4.012294273761654],[140.81151097615066,-4.0123601068333983],[140.81160116556146,-4.012457796590013],[140.81166871274093,-4.0125753226929533],[140.8117378463246,-4.0126919251921436],[140.81227189073525,-4.0130101943649379],[140.81228967842594,-4.0129679613023086],[140.81232724130916,-4.0128873226917676],[140.81233607624904,-4.0128577718686529],[140.81236789336367,-4.0127706959108309],[140.81237929496854,-4.0127403347985933],[140.81241072627404,-4.0126518289187061],[140.81242274391457,-4.0126195297674485],[140.81244811199088,-4.0125459922037408],[140.81245777340757,-4.0125031440048247],[140.81248158655603,-4.0124555806604576],[140.81250826764256,-4.0123797606174207],[140.81253274269204,-4.0123303608574474],[140.81255643443194,-4.0122549401133369],[140.81258747003574,-4.0121737798959884],[140.81260964192154,-4.0120894207900619],[140.81262252470981,-4.012041632615194],[140.81264533691285,-4.0119509953420902],[140.81265561976113,-4.0119101463361631],[140.81267873323702,-4.0118095121991928],[140.81269793196407,-4.011752967325549],[140.81271599844467,-4.0116678294067469],[140.81272599890576,-4.0116310678194509],[140.8127444422023,-4.0115356245693761],[140.81275362517977,-4.0115015627469006],[140.81277257389524,-4.0114033091153942],[140.81277370614168,-4.0113744489715941],[140.8127855592063,-4.0112686221491458],[140.81278542790528,-4.0112352959720852],[140.81279443821279,-4.0111370540317921],[140.81279418820134,-4.0110977932285437],[140.81279763080613,-4.0110144521552229],[140.81279792038777,-4.0109613777653408],[140.8127959940399,-4.0109010791214814],[140.81277564777804,-4.0107976328044401],[140.81276706374911,-4.0107688194254365],[140.81274333333818,-4.0106666456491098],[140.81273450919036,-4.0106424601813728],[140.81270572728749,-4.0105470106360031],[140.81269990327803,-4.0105251238353503],[140.81267055120509,-4.010423299895308],[140.81266336382328,-4.0103981350658273],[140.81263452076655,-4.0102995585777421],[140.81260658872316,-4.0102372976131733],[140.81258256423405,-4.0101773011414821],[140.81253874116999,-4.0101008623648795],[140.81252361367387,-4.010065376915577],[140.81247662229839,-4.009983018801222],[140.81246177359208,-4.0099515443282598],[140.81241203838488,-4.0098655061881345],[140.81239919606605,-4.0098426948844121],[140.8123348297886,-4.0097467633024166],[140.81233462204523,-4.009746498901734],[140.81225254272078,-4.0096488478160381],[140.81224755597998,-4.0096432486369622],[140.8121699786617,-4.0095613311904117],[140.81215041031328,-4.0095436271366225],[140.81207179337866,-4.0094631998667296],[140.81205558040074,-4.0094476622797401],[140.81197292640945,-4.0093573469639523],[140.81195900130695,-4.0093430792196614],[140.81187705688069,-4.0092538790632375],[140.81186699166835,-4.0092436447783371],[140.8117853925819,-4.0091516081601526],[140.81178366138693,-4.0091493832373999],[140.81170684759297,-4.0090482310909579],[140.81170072770647,-4.0090399959989895],[140.81163197273747,-4.0089426641725936],[140.81161415806696,-4.00891029397485],[140.81158923785313,-4.0088528533764247],[140.81156230765441,-4.0087717030515932],[140.81155283869259,-4.0087453915865012],[140.81153422002831,-4.0086343585887221],[140.81152931962242,-4.0086128737850686],[140.81152201802672,-4.0085177893644186],[140.81152262686783,-4.0084790699530686],[140.81151289260595,-4.0084119724345442],[140.81154318177244,-4.0083162593878114],[140.8115965133685,-4.0082340991243086],[140.81162426015158,-4.0081901906247595],[140.81167566629904,-4.0081160469179622],[140.81169439917721,-4.0080958670305904],[140.81175551440549,-4.0080178904132708],[140.81176534489487,-4.008006942066686],[140.8118418951874,-4.0079137938864164],[140.81184749256784,-4.0079051585961452],[140.81191894280505,-4.0078036017547447],[140.81192772288614,-4.0077881792810217],[140.81197288324199,-4.0077044371100214],[140.81199360811854,-4.007664051254892],[140.81203829003516,-4.0075806463296999],[140.81205986836835,-4.0075342134331322],[140.81209208298333,-4.0074636876989871],[140.81211598786263,-4.0074024573575002],[140.8121300730445,-4.0073571261304437],[140.8121550157415,-4.0072626010881436],[140.8121647580972,-4.0072260391503391],[140.81218833202593,-4.0071252503299775],[140.81219957535018,-4.0070882468251057],[140.81222569975625,-4.0070053293324577],[140.81223771559814,-4.0069641637650761],[140.81226401267406,-4.0068869443769586],[140.81227977419223,-4.0068411850725738],[140.8123043760462,-4.0067643416010128],[140.81232674668206,-4.0067079028473813],[140.81235121903364,-4.0066421147417373],[140.81237841723021,-4.0065789382673529],[140.81240261079188,-4.0065183554377199],[140.81243441711467,-4.0064483459144071],[140.8124525249641,-4.0064080302063871],[140.81250247600849,-4.006319569292657],[140.81251489744466,-4.0062960142495854],[140.81251728694326,-4.0062914816664943],[140.81258484581406,-4.0061834083375629],[140.81259358722434,-4.0061730751272648],[140.81266711489548,-4.006078360328047],[140.81269231659724,-4.0060549383846364],[140.81275511085971,-4.0059832552229864],[140.81278410410323,-4.0059556640226219],[140.81284092956537,-4.005900907900525],[140.81288040170921,-4.0058636633773403],[140.81291877128433,-4.0058326682429879],[140.81299287811885,-4.0057811406870201],[140.81301708876765,-4.0057613142332116],[140.81313335671905,-4.0057018717439519],[140.81315171458004,-4.0056948147638423],[140.81324330693315,-4.0056630138369655],[140.8132992321739,-4.0056485563357569],[140.81336990179955,-4.0056299628524812],[140.81343385528828,-4.0056152121722448],[140.81349091007746,-4.0056037898829686],[140.81356636769374,-4.0055887532183192],[140.81359969926677,-4.0055834364263774],[140.81370727257263,-4.0055757481222258],[140.81372746594991,-4.005573188651681],[140.81383310211606,-4.005572544737106],[140.81386200542727,-4.0055713891082974],[140.81386896528056,-4.005572089680129],[140.81449982710535,-4.0056547661544641],[140.81453954836149,-4.0056619661268087],[140.81455603023664,-4.0056641388888465],[140.8146133593192,-4.0055779766422575],[140.81467068840163,-4.0054918152949881],[140.81480731340685,-4.0052864739915321],[140.8148416998846,-4.0051553762195908],[140.81487224176067,-4.0050232730055768],[140.81489813683959,-4.0048901994231301],[140.81491348107238,-4.0047565439792834],[140.81490707969806,-4.0046235090676419],[140.81487485698915,-4.0044926676025057],[140.81483595231737,-4.0043641571800777],[140.81477637043326,-4.0042428440319782],[140.81471644590727,-4.0041216468964649],[140.81465618683364,-4.0040005612768255],[140.81459447895213,-4.0038804496230114],[140.81451034467671,-4.003775325171091],[140.81442621040139,-4.0036702088130482],[140.81432925359229,-4.003578760351445],[140.81422219559795,-4.0034980920632393],[140.81411513760361,-4.0034174147818362],[140.81400227808274,-4.0033468153032459],[140.81388435178144,-4.0032849986037604],[140.81377550233765,-4.0032079042213695],[140.81377195541143,-4.0032023805853214],[140.81370494512714,-4.0030980412415715],[140.81364052399101,-4.0029829693884835],[140.81358005897266,-4.0028645052926208],[140.8135057102204,-4.0027532213840118],[140.81348240069235,-4.0027237317148092],[140.8133281570689,-4.0025480932199002],[140.8130997292692,-4.0023006285711062],[140.81272853319535,-4.0020912358218084],[140.81240492744553,-4.0019389509217831],[140.81208982928229,-4.0018478711822354],[140.81196400963142,-4.0017988437415966],[140.81183818908119,-4.001749809106343],[140.81170696000822,-4.0017186026313425],[140.81157511759761,-4.0016894331208164],[140.81144327608638,-4.0016602537176595],[140.81131440143849,-4.0016206080046004],[140.81118717614731,-4.001575146375842],[140.81105994905749,-4.0015296838477639],[140.81093774378189,-4.0014723700537616],[140.81081696213312,-4.0014116927953296],[140.81071820398199,-4.0013222687076677],[140.81063714358936,-4.0012153887791442],[140.81057588716749,-4.001094744726629],[140.81051452102838,-4.0009741096673679],[140.8104523715798,-4.0008536823515328],[140.81039022303048,-4.0007332451431239],[140.8103143876989,-4.0006215160700549],[140.81023069588991,-4.000515378981504],[140.81012768574419,-4.0004287769664302],[140.81002468459155,-4.0003421839446105],[140.80992932407912,-4.0002516213152148],[140.80984447034609,-4.0001512272972377],[140.80980040536451,-4.0000465093389153],[140.80978242521883,-4.0000070237051091],[140.8097792443167,-4.0000000386708052],[140.80977922543093,-3.999999997301984],[140.80977480706179,-3.9999902936170884],[140.80972932744658,-3.999896965572475],[140.80967635288141,-3.9997972298582454],[140.80962272990507,-3.9996978745572278],[140.80956840455826,-3.9995989446355225],[140.8095400336457,-3.9994913533432168],[140.80952747641197,-3.9993792699373216],[140.80952250226176,-3.9992664625771113],[140.80953484275881,-3.9991543575874857],[140.80955021037403,-3.9990423713083487],[140.80956557708976,-3.9989303832305723],[140.80959242994675,-3.9988206704375671],[140.80962051667359,-3.9987112022601536],[140.80964861239363,-3.9986017412772981],[140.80965729534796,-3.9984891551503665],[140.80966423091957,-3.9983763073206546],[140.80967117458511,-3.9982634486991628],[140.80967812004928,-3.9981505909769339],[140.80968506371482,-3.9980377341540816],[140.8096775318927,-3.9979252082816856],[140.80965896359032,-3.9978163696297315],[140.80961284635589,-3.9977138765941049],[140.80953330222019,-3.9976340653597617],[140.80946592141515,-3.9975447761704572],[140.80941122734635,-3.9974466601352105],[140.80938154881949,-3.9972657354252874],[140.80935895874904,-3.9970954047291229],[140.80932103883492,-3.9969143694025888],[140.80925955758255,-3.9966208423779221],[140.80928628543381,-3.9965949194199197],[140.80938370809167,-3.9964673847619565],[140.8094911204189,-3.9962948929948539],[140.80984795701772,-3.9956358662022353],[140.809960884887,-3.9954560062896007],[140.81006275019581,-3.9953358595622035],[140.8101411971586,-3.9952642492456789],[140.81036225321543,-3.9951211563162587],[140.81063137084118,-3.9950045331326578],[140.8109232512071,-3.9949109361907063],[140.81121653631419,-3.9948428530152],[140.81146803891897,-3.9948071751110206],[140.81172267386239,-3.9948021919675512],[140.81194893429597,-3.9948244825637858],[140.81220938065849,-3.9948790992909267],[140.81243454301978,-3.9949517582170415],[140.8125944973383,-3.9950199897806442],[140.81267752814551,-3.9950554095794359],[140.81288034325325,-3.9951589692109906],[140.8131974567973,-3.9953381312496958],[140.81354148794935,-3.9955560459746948],[140.8141009184227,-3.9959456727545444],[140.81437387435483,-3.9961689366470523],[140.8146614325791,-3.9964223970758894],[140.8148498891112,-3.9966065629424747],[140.81506326315912,-3.9968370600822141],[140.81536870889886,-3.9972119271886299],[140.81575249278342,-3.9977792600047906],[140.81596941465682,-3.9981797299105324],[140.81600622660619,-3.9982533547084813],[140.8162530806153,-3.998747062726693],[140.81636110268278,-3.9990378890872762],[140.81637904775494,-3.9990705749470408],[140.81647579502203,-3.9992105058601055],[140.81660384409224,-3.9993509412928461],[140.81687689265459,-3.999603771296961],[140.81709187828767,-3.999779679588471],[140.8171370062679,-3.9998166048524126],[140.8173840464367,-3.9999999730202944],[140.81738408690615,-4.0000000053958615],[140.81738866175738,-4.0000042519945964],[140.81739281662522,-4.0000076019692301],[140.81740556271666,-4.0000178839181331],[140.81743618733026,-4.0000391861594835],[140.81748291610381,-4.0000706723236021],[140.81752781385762,-4.0000999902223384],[140.81753011881995,-4.0001014947881117],[140.81756752432182,-4.0001208625876643],[140.81760565377795,-4.0001436406164999],[140.81773217490002,-4.0001897002944133],[140.81778788790075,-4.0002081238058054],[140.81783005980947,-4.0002191270110643],[140.81796162702756,-4.0002429167771538],[140.81807430128799,-4.0002631434292653],[140.81820537477824,-4.0003155721059329],[140.8189896285686,-4.0004657489950546],[140.81970713917315,-4.0008829049220935],[140.82006717555976,-4.001213751113653],[140.82007420556022,-4.001221359378178],[140.8201349970326,-4.0012786560850486],[140.82017261837166,-4.0013142053862225],[140.82023548727796,-4.0013727008893625],[140.82028592485563,-4.0014319293400149],[140.82032597166631,-4.0014708169246092],[140.82037857121418,-4.0015355941922621],[140.82040666063892,-4.0015653788391319],[140.8204653800733,-4.0016378668939865],[140.82049129223935,-4.0016663403292796],[140.82055038399312,-4.0017369982638229],[140.8205787692948,-4.0017685168035655],[140.82062865468868,-4.0018190739910438],[140.82068168501178,-4.0018695988028981],[140.82069028342994,-4.0018782197040537],[140.82076048990473,-4.0019438738106601],[140.82079173415127,-4.001970464964927],[140.82083050302538,-4.0020096511244674],[140.82088997429298,-4.0020608423339468],[140.82092890684362,-4.0020998432331112],[140.82098801388577,-4.0021511720389071],[140.82102535373713,-4.0021343754010559],[140.82134239263735,-4.0019508255700771],[140.8218429813686,-4.0015837277068158],[140.82221007923181,-4.0011331988380334],[140.82246037314781,-4.0008662189008533],[140.82272735308493,-4.0007160429109945],[140.82270193374734,-4.0004169967469352],[140.82271977989399,-4.0002325889627741],[140.8226364990752,-4.0001017178199731],[140.82245803940702,-3.9999946427384998],[140.82224388834481,-3.9999292071671562],[140.82207868018702,-3.9998206419090252],[140.82207959389825,-3.9998114994011189],[140.82201689406452,-3.999718209127991],[140.82201356927089,-3.9997044935674921],[140.82199610443672,-3.9996324686634352],[140.82202401669508,-3.9995429339591624],[140.8220385443434,-3.9994657514432106],[140.82204780016593,-3.9994165711178198],[140.82205492009859,-3.999320383229076],[140.82205375277852,-3.9992253806467488],[140.82204786491707,-3.9991113762889654],[140.8220573878383,-3.9990274290725552],[140.82207162140821,-3.9988338661898979],[140.82208701330512,-3.9987744911497884],[140.82209769275437,-3.9987519406494698],[140.82199999310524,-3.9986918884198417],[140.8218929171245,-3.9986324009644818],[140.82175014974973,-3.9985848124391055],[140.82173825171901,-3.9984360960489198],[140.82177989302772,-3.9982397902340949],[140.8226364990752,-3.9982457392493984],[140.82320757037314,-3.9982576363807425],[140.82382623019646,-3.9982695326127669],[140.82496837099359,-3.9983766085935599],[140.82592015499119,-3.9987751692386269],[140.82590492677105,-3.9987979023013054],[140.82751582209755,-3.9996092976309114],[140.83013917778089,-3.9981637759374848],[140.83185238897659,-3.9967360985920095],[140.83261381707405,-3.9949277094461877],[140.83375595787118,-3.9917868200057001],[140.83449141264862,-3.9895211597736306],[140.83558596492037,-3.9872368772799973],[140.83606185826818,-3.9858091999345788],[140.83691846431577,-3.9846670591374505],[140.83791783683876,-3.9841435781635823],[140.83844036722928,-3.984058551760711],[140.83880366275889,-3.9837864690702531],[140.8395721568296,-3.983485656637697],[140.8395899777953,-3.9825229557697526],[140.84044065101534,-3.9803355113746761],[140.84078568311281,-3.9801663093276716],[140.841606596867,-3.9798450813853492],[140.84317704068792,-3.9794167783616103],[140.84440655871583,-3.979028523047873],[140.84447263010782,-3.9789106102364258],[140.84453869970127,-3.9787927064182327],[140.84457608991465,-3.9787245593908551],[140.8446036730212,-3.9786742863891504],[140.8446625651253,-3.9785530056166749],[140.84472144823633,-3.9784317347367164],[140.84478584329213,-3.9783135332428969],[140.84485426371339,-3.9781975737589619],[140.84492268503391,-3.9780816151743466],[140.84499604363259,-3.9779688518809735],[140.84507222790103,-3.9778579061174355],[140.84515037808751,-3.9777483363166084],[140.84523633618801,-3.9776441867297763],[140.8453223032817,-3.9775400380422639],[140.84541695422911,-3.9774442035870834],[140.84551851107051,-3.9773549944374054],[140.84562007780437,-3.9772657753951535],[140.84568682998326,-3.9772114797259519],[140.84574557729661,-3.9771433497857061],[140.84577880544759,-3.9770612200991877],[140.84580142879292,-3.9769931728965844],[140.84585512821161,-3.9769393098012529],[140.84592295777838,-3.9768967925529068],[140.84606427274809,-3.9768429456453873],[140.84617732202582,-3.9767720853633932],[140.84628189069679,-3.9767153992962108],[140.84635255312787,-3.9766615379995187],[140.84645106756284,-3.9765596888784671],[140.84655434840454,-3.9765622951138084],[140.84663954927589,-3.9765467692179755],[140.84670925662692,-3.9765415981162278],[140.84678156032078,-3.9765260686231159],[140.84696270176732,-3.9764567677655691],[140.84705583286052,-3.9764305039645365],[140.84716642698913,-3.9763925642653817],[140.84725082476587,-3.9763925786545542],[140.84733812015816,-3.976415954732488],[140.84913045460689,-3.9757322622340894],[140.84919626339695,-3.9756139780026274],[140.84926208028082,-3.9754956847779681],[140.84932789896345,-3.9753773996472432],[140.84939210426228,-3.9752581198662824],[140.84945494888689,-3.9751379992192142],[140.84951779531002,-3.9750178767735633],[140.8495852588527,-3.9749004073278797],[140.84965280783092,-3.9747829819490335],[140.84972621859015,-3.9746696646732289],[140.84981269919672,-3.9745654890060678],[140.84989917800476,-3.9744613124395869],[140.84998565771195,-3.9743571358730492],[140.85003963592055,-3.9743029921892798],[140.8500809642652,-3.9742615370402632],[140.85018177376992,-3.9741712855763467],[140.85028257428144,-3.9740810260184958],[140.85038359063026,-3.9739910092775972],[140.85048495861406,-3.9739014008289359],[140.85058632659775,-3.9738117923802747],[140.85069147623074,-3.9737269431438449],[140.85080085987181,-3.97364742328989],[140.85091024261362,-3.9735679016372956],[140.85101962625481,-3.9734883826826604],[140.85115288779559,-3.973470539233972],[140.85128691465945,-3.9734546868842244],[140.85142094332195,-3.9734388327358943],[140.85155566086507,-3.9734405036762723],[140.85169059334623,-3.9734475759448173],[140.8518255168342,-3.9734546383208453],[140.85196045021462,-3.9734617006968733],[140.85208215906448,-3.9735204012454801],[140.852203805861,-3.9735793536042365],[140.85220655418914,-3.9735806863994867],[140.85232544995961,-3.9736383068623127],[140.85244590605373,-3.9736996846926331],[140.85256626322257,-3.9737612702663796],[140.85268661229736,-3.9738228549407495],[140.8529915813964,-3.9738953663780308],[140.85584505830286,-3.9723384672464022],[140.85589595003808,-3.9722501673113015],[140.85595817233184,-3.9721298551086761],[140.85601777310183,-3.9720081309704369],[140.85607608694193,-3.9718858906213086],[140.85612585182662,-3.9717602121639857],[140.85617562570462,-3.9716345418005972],[140.85622539058932,-3.9715088714372087],[140.85636947816897,-3.9715055493416003],[140.85650212907001,-3.9715311116714247],[140.85663363243623,-3.9715189483407585],[140.85676459081333,-3.9714862669775925],[140.85689686220053,-3.9714649656356187],[140.85703041871886,-3.9714533832669758],[140.85716537098517,-3.971452329261524],[140.85730032415074,-3.971451321121549],[140.8574352746183,-3.9714513454032385],[140.85757022778387,-3.9714513678862886],[140.85770509911106,-3.9714475376736686],[140.8578398733116,-3.97143893925562],[140.8579746547066,-3.9714303399381947],[140.85810914112403,-3.9714191002112784],[140.85824317608183,-3.971403943037501],[140.85837721193889,-3.9713887849644038],[140.85851190340168,-3.9713859404087657],[140.8586467468499,-3.9713859628918158],[140.85873197290232,-3.9713841912274006],[140.85878136456836,-3.9713831642015975],[140.85891597509226,-3.9713801658619445],[140.85905039675845,-3.9713758284316896],[140.859184447904,-3.9713688128204012],[140.85931850084819,-3.9713617972091129],[140.85945204117877,-3.9713485573899447],[140.85958461923485,-3.9713237370008301],[140.85971718829762,-3.9712989166116586],[140.85984654228412,-3.9712655562603913],[140.85997456437474,-3.9712286849558041],[140.8601213049543,-3.9711757913296424],[140.86230949039077,-3.9708475630645239],[140.86341183618731,-3.9707557009148218],[140.8645937728844,-3.9706572071643222],[140.86553534597954,-3.9703289932883763],[140.86558770001238,-3.9703097540918293],[140.86571382003683,-3.9702743648700221],[140.86583993196734,-3.970238975648158],[140.86596724988874,-3.9702031169802012],[140.866096460883,-3.9701665163715916],[140.86622566288406,-3.9701299067697278],[140.86635486398586,-3.9700933070604378],[140.86647934634482,-3.9700470432364341],[140.86660335206307,-3.9699997919568091],[140.86672734788885,-3.9699525433751433],[140.86684420399683,-3.9698869720061225],[140.86695863823059,-3.9698151683352876],[140.86707307156507,-3.96974336286587],[140.86718645089411,-3.9696701202797726],[140.86729854329326,-3.9695950943381035],[140.86741064288697,-3.9695200692956973],[140.86752273618538,-3.969445044253348],[140.86762991918545,-3.9693642176844719],[140.86773459037909,-3.9692804242521333],[140.86783925977409,-3.9691966227259172],[140.86794574130295,-3.9691133077329255],[140.86805237481735,-3.9690300413033128],[140.86815900923091,-3.968946772175741],[140.86826719227713,-3.9688657477560128],[140.8683766181864,-3.9687865147857906],[140.86848605308899,-3.9687072908087657],[140.86859684776641,-3.9686304563304589],[140.8687194127707,-3.9685740589455918],[140.86884196878191,-3.9685176705539789],[140.868964524793,-3.9684612740684884],[140.86909268178192,-3.9684220861103654],[140.86922538574299,-3.9683968664222107],[140.869358097798,-3.968371646734056],[140.86949080085981,-3.9683464261465815],[140.86962366759826,-3.9683679801980816],[140.86975655322237,-3.9683923824024987],[140.86988478935166,-3.9684248892971823],[140.86997249393551,-3.9685279372145033],[140.87006019941873,-3.9686309860311439],[140.87013107588848,-3.9687455218882519],[140.87019338541643,-3.9688659078353226],[140.87025570303831,-3.9689862955810327],[140.87035216701895,-3.9690743374106887],[140.87046820834121,-3.9691438352197679],[140.87058424966347,-3.969213333028847],[140.87070663570273,-3.9692660683742815],[140.8708391597994,-3.9692919445675443],[140.87097169378865,-3.96931782166007],[140.87110422687863,-3.9693436978533327],[140.87123804240184,-3.9693559771965283],[140.87137279501849,-3.9693583783864028],[140.87150754943389,-3.9693607696837034],[140.87164149266084,-3.9693503231588352],[140.87177465527623,-3.9693275100564733],[140.87190782688481,-3.9693047050480459],[140.87203886530142,-3.9692755670137672],[140.87215861992445,-3.9692127646572999],[140.872278376346,-3.9691499623008895],[140.87239813096903,-3.9690871590451025],[140.87251793055816,-3.9690244457215726],[140.87263815462723,-3.9689625759620526],[140.87275837869629,-3.9689007053032697],[140.87287861085929,-3.9688388427383643],[140.8730019789582,-3.9687843995803291],[140.87312839665822,-3.9687372031593782],[140.87325482515007,-3.9686899977451731],[140.87338153243184,-3.9686440882539955],[140.87351626886084,-3.9686352865891763],[140.87365100618899,-3.9686264777297424],[140.87378574171862,-3.9686176778635058],[140.8739193512971,-3.9686219514418326],[140.87405052281349,-3.9686543684043158],[140.87418170422234,-3.9686867835681596],[140.87431287663799,-3.9687192014299626],[140.87441655587941,-3.9688048996263774],[140.87451857856956,-3.9688938281875608],[140.87461107024478,-3.9689919280349955],[140.87469492932757,-3.9690983313228685],[140.87477969762506,-3.9692038937446341],[140.87487901695317,-3.9692958979872515],[140.87497833718055,-3.9693879103237464],[140.87508518113623,-3.9694665083725909],[140.87521500097159,-3.969504180073784],[140.87534481181365,-3.9695418427817799],[140.87547462535372,-3.9695795162816125],[140.87560443529651,-3.9696171798888713],[140.87573433697014,-3.9696543731507745],[140.87586866510685,-3.9696684880102566],[140.87600299324356,-3.9696826028697956],[140.87613731958174,-3.9696967186285974],[140.87627159375916,-3.9697115223688115],[140.87640577890363,-3.9697273279537626],[140.87653996224947,-3.9697431443306073],[140.87667414559542,-3.9697589598080754],[140.87680897285588,-3.9697522490669712],[140.87694384418307,-3.9697440922160467],[140.87707871730902,-3.9697359326671062],[140.87718995085561,-3.9696656380587001],[140.87729595394524,-3.9695816170979015],[140.87740054240112,-3.9694958946197971],[140.87750000562085,-3.9694040486578501],[140.87759947873303,-3.9693122008973205],[140.87769894285202,-3.9692203540360538],[140.87779840787027,-3.9691285170673609],[140.87790358178495,-3.9690457722445558],[140.87802903721035,-3.9689953886262401],[140.8781544827433,-3.9689450166991378],[140.87828378277038,-3.9689059627399388],[140.87841348029792,-3.9688680940872132],[140.87854317602682,-3.9688302146426508],[140.87866282273114,-3.9687684258221338],[140.87878038930364,-3.9687016772405741],[140.87889794688283,-3.9686349187664405],[140.87901417076739,-3.9685663697421205],[140.8791103298779,-3.9684710568936907],[140.87920648808904,-3.9683757359513834],[140.87930168132755,-3.9682795552571974],[140.87938607730564,-3.9681736465964832],[140.87947047238447,-3.9680677379357121],[140.87955485757072,-3.9679618301742607],[140.87963146182256,-3.9678503196365114],[140.879703697168,-3.9677356893505475],[140.87977593161406,-3.967621058165264],[140.87984136628609,-3.9675026714111254],[140.87990068466888,-3.9673809175952215],[140.87996000395106,-3.9672591646786373],[140.88001933132716,-3.9671374117621099],[140.8800786488107,-3.9670156588455256],[140.88013783229519,-3.9668938510703242],[140.88019048490298,-3.9667690116804692],[140.88024313661151,-3.9666441830825079],[140.88029579911188,-3.9665193517865873],[140.88035076657468,-3.9663954368998589],[140.88040639234123,-3.9662717828164773],[140.8804620172084,-3.9661481296324155],[140.88051870507422,-3.9660250007531204],[140.88058272511273,-3.96590549164506],[140.88064675504381,-3.9657859933288933],[140.88071077418294,-3.9656664932140302],[140.88077668639505,-3.9655482152778632],[140.88085926124597,-3.9654408128432124],[140.88094184509009,-3.9653334122071442],[140.88102441994113,-3.965226001678559],[140.88111329993887,-3.9651251229260538],[140.88122276002241,-3.9650455805890488],[140.88133221201201,-3.9649660481445608],[140.88144167209555,-3.9648865058075557],[140.88155820174973,-3.964818255358125],[140.88167704715806,-3.9647537038203495],[140.88179589076776,-3.9646891630743539],[140.88191490704742,-3.9646249658694046],[140.88203957826397,-3.9645726657958562],[140.88216425757446,-3.9645203738161285],[140.88228892879113,-3.9644680827357774],[140.88241360000768,-3.9644157826621722],[140.88254152227353,-3.9643723939707343],[140.88267035285457,-3.9643315107905437],[140.882799184335,-3.9642906384021899],[140.88292801581531,-3.9642497642151966],[140.88305685538967,-3.9642088819343257],[140.88318389362189,-3.9641627700956974],[140.88331068184254,-3.9641159253096703],[140.88343747815713,-3.9640690886175207],[140.88356410270126,-3.9640217743853441],[140.88369033244294,-3.9639733728728288],[140.88381656937929,-3.9639249722596333],[140.8839427982216,-3.9638765716464377],[140.88406879234094,-3.9638275729840871],[140.88419358136878,-3.9637755166267539],[140.8843183587054,-3.9637234512762234],[140.88444313784055,-3.9636713949188902],[140.88456791787519,-3.9636193295683597],[140.88469489405418,-3.9635731268982681],[140.88482287837326,-3.963529612301727],[140.88495086269222,-3.9634860959065463],[140.88507915278069,-3.9634435570744699],[140.88520893844179,-3.9634058053335934],[140.88533872410289,-3.963368052693454],[140.88546850886462,-3.9633302991539381],[140.88559829272708,-3.9632925474130616],[140.88572934823094,-3.9632623301923218],[140.88586425643041,-3.9632548757119253],[140.88655112263632,-3.9633008607460738],[140.88666727637371,-3.9633235713257022],[140.88679746493108,-3.9633599129296044],[140.88692764629388,-3.963396243741613],[140.88705783575062,-3.9634325853455152],[140.88718729495781,-3.9634712777772165],[140.88731516866017,-3.9635151269215498],[140.88744303336932,-3.963558976965146],[140.88757089627995,-3.9636028180156018],[140.88770244820944,-3.9636325549983553],[140.8878352969615,-3.9636573160322541],[140.88796814571344,-3.9636820680729556],[140.88810098457282,-3.9637068291068545],[140.88823227120247,-3.9636942808663207],[140.88836258836284,-3.9636583916214363],[140.88849289383199,-3.9636225113697492],[140.88859453431041,-3.9635488020355183],[140.88866367868593,-3.9634322148248202],[140.88873283205464,-3.9633156366073194],[140.8887806013438,-3.9631896838567968],[140.88881864086761,-3.9630594791116209],[140.88885668219018,-3.9629292626752886],[140.88889471362018,-3.9627990471382759],[140.88892693632909,-3.9626672748747751],[140.88895895039536,-3.9625354396587795],[140.88899096266289,-3.9624036134359812],[140.88902297942707,-3.9622717773206091],[140.88906192906484,-3.9621420240351313],[140.88912553001921,-3.9620148293208786],[140.88919469417988,-3.9618527382132243],[140.88922324405758,-3.961746702748087],[140.88927599199349,-3.9616269571183125],[140.88932297707379,-3.9615229909932168],[140.88940890999322,-3.9614182757327967],[140.88949485190597,-3.9613135613716963],[140.8895807938186,-3.9612088371180789],[140.8896667366306,-3.9611041218577157],[140.88978648675698,-3.9610572393000893],[140.88991941375002,-3.961032892853666],[140.89005234973627,-3.9610085482058821],[140.8901852767292,-3.9609842107526561],[140.89031687272552,-3.9610140106880181],[140.89044844084299,-3.9610449230846712],[140.89058001795354,-3.9610758273875035],[140.89071158607089,-3.9611067388848369],[140.89084517406559,-3.9611257919216882],[140.89097949230984,-3.9611405372060062],[140.89111381864791,-3.9611552932821041],[140.89124813689205,-3.9611700385663653],[140.89138248211589,-3.961184414229308],[140.89151755758928,-3.9611880232086492],[140.89165263396194,-3.9611916321880472],[140.89178770224078,-3.9611952330735107],[140.89192277681479,-3.9611988420528519],[140.89205785498609,-3.9612024510322499],[140.89218851209023,-3.9612363941442368],[140.89231898123603,-3.961271721312869],[140.89244943959,-3.9613070475821246],[140.89257990873591,-3.9613423648581829],[140.89269964717107,-3.9613964446901377],[140.89279578020114,-3.9614918123971847],[140.89289190963393,-3.961587169312395],[140.892975274989,-3.9616912289669699],[140.89302786734231,-3.9618162257381755],[140.89308046778945,-3.9619412252073403],[140.8931330673372,-3.9620662318710629],[140.89320132498119,-3.962182773216341],[140.89327606044185,-3.9622958332860208],[140.89335079500324,-3.962408891557061],[140.89342552956464,-3.962521950727421],[140.89349567938211,-3.962637841862886],[140.89356253138578,-3.9627557762580068],[140.89362937529552,-3.9628737007606105],[140.89369622729907,-3.9629916369544276],[140.89375723281012,-3.9631116685686152],[140.89377983637041,-3.9632454562128032],[140.89380243723281,-3.963379244756311],[140.89382503989373,-3.963513032400499],[140.89384765244722,-3.9636468290378843],[140.89385659710433,-3.9637820537986954],[140.89386216390778,-3.9639176490802015],[140.89386774060381,-3.9640532353684534],[140.89387331010528,-3.9641888216567622],[140.89389276783709,-3.9643230337809428],[140.89391368606778,-3.9644571029129452],[140.89393460429858,-3.964591161253054],[140.89395553062332,-3.9647252303849996],[140.89397834912154,-3.9648589811570218],[140.89400181603105,-3.9649926249096552],[140.89402528383982,-3.9651262587697715],[140.89404842609406,-3.9652599465892422],[140.89406332696103,-3.9653948287083267],[140.89407822692874,-3.9655297009348942],[140.89409313588953,-3.9656645740607814],[140.89410803585724,-3.9657994471866687],[140.89413511624264,-3.9659323400054518],[140.89416349255123,-3.9660650160875548],[140.89419186076577,-3.9661976921697146],[140.89421964262249,-3.9663304941569208],[140.89424700179779,-3.966463386975704],[140.8942743609731,-3.9665962797944303],[140.89427825413816,-3.966728826374208],[140.89424697931474,-3.966860842353924],[140.89421569369938,-3.9669928592330166],[140.89418441977523,-3.9671248770114289],[140.8941531359585,-3.9672568929911449],[140.89412186023571,-3.9673889098702375],[140.8940372789973,-3.9674900431309652],[140.89416569409161,-3.9675316844396207],[140.89429224309265,-3.9675792405894299],[140.89441879299295,-3.9676268093297153],[140.89454664870891,-3.9676706296957605],[140.89467460604828,-3.9677141883590821],[140.89480255979038,-3.9677577470223468],[140.89480522268298,-3.9677585429223541],[140.89493197672937,-3.9677964115750797],[140.89506279840953,-3.9678303636803207],[140.89519362008957,-3.9678643148861852],[140.8952986663005,-3.9678794297918216],[140.895327092971,-3.9678835208077885],[140.89546148226168,-3.9678976680428946],[140.89559586435769,-3.9679118161773204],[140.89573024825245,-3.96792597420432],[140.89586463934165,-3.9679401223387458],[140.89599911226924,-3.967953319889773],[140.89613370120946,-3.9679654418516179],[140.89626832792101,-3.967976350628021],[140.89640341418624,-3.9679743235561205],[140.89653851124331,-3.9679722955849002],[140.89666934011802,-3.9679429920753932],[140.89679856730015,-3.9679035091396031],[140.89698399311681,-3.9678887036007495],[140.89711738595861,-3.967889798075646],[140.89725077880041,-3.9678908817587626],[140.89738449719687,-3.9678907450617658],[140.89751950162372,-3.9678858041864942],[140.89765456180862,-3.967885821273569],[140.89778961300033,-3.9678858365620613],[140.89792418485331,-3.9678976059896627],[140.89805873692126,-3.9679098268769621],[140.89819329168711,-3.9679220477642616],[140.89832804520324,-3.9679317901199624],[140.89846285987312,-3.9679408256085935],[140.89859767634175,-3.9679498718890045],[140.89873252698465,-3.9679577679365821],[140.89886737942606,-3.9679653753017874],[140.89900232090042,-3.9679691002937147],[140.89913737119275,-3.967967877215699],[140.89927241339126,-3.967966573198737],[140.89940728381919,-3.9679635496780179],[140.89954218212608,-3.9679608966779938],[140.89967723241841,-3.9679628769851547],[140.89981008476764,-3.9679637709112399],[140.8998980051889,-3.9679637817031335],[140.90097414923764,-3.9680905438434593],[140.90208059774147,-3.9683046958050454],[140.90290151239492,-3.9683403871990777],[140.90362788671769,-3.9683708202571211],[140.90401667532933,-3.9684893059366573],[140.90414639803794,-3.9685257347748006],[140.90427724579831,-3.9685594863311735],[140.90440863674928,-3.9685905048478958],[140.90454145132696,-3.9686142766275339],[140.90467446285629,-3.9686365393447431],[140.90480892768994,-3.9686478087493242],[140.90494338173175,-3.968659079053225],[140.90507813524778,-3.9686637618231089],[140.90521302366221,-3.9686652528990294],[140.90534791117727,-3.9686667421763673],[140.9070417743585,-3.9679477755693142],[140.90722023402668,-3.9676265494256882],[140.90782995279017,-3.9673969893794947],[140.90806008390587,-3.96775717775148],[140.90812563459042,-3.9678413408051938],[140.90821972436083,-3.9679363883535643],[140.90833141656174,-3.9680124674014223],[140.90845657161356,-3.9680599677932378],[140.90856513597237,-3.9680767977059759],[140.9086737920619,-3.968090027632627],[140.90878573517364,-3.9680999462554496],[140.90889439126317,-3.9681065706616323],[140.90898987768082,-3.9680933641174079],[140.90905572963823,-3.9680867666908739],[140.90913475216712,-3.9680669546261811],[140.90922365644667,-3.9680471425615451],[140.90927303911951,-3.9680372320326001],[140.90934877282768,-3.9680207312716789],[140.90942449844192,-3.9680042188196012],[140.90950023215009,-3.9679811026457514],[140.90960559672101,-3.967934857707462],[140.9097369058336,-3.9678835585793308],[140.90990347736363,-3.9677930184329853],[140.90990777792172,-3.9677901549916328],[140.91006224907358,-3.96768734089801],[140.91035349811546,-3.9675492535951093],[140.91063665325896,-3.9674599203390244],[140.91088744270144,-3.9674355648993469],[140.91116248865796,-3.967451851621604],[140.91139709300148,-3.9674924982801372],[140.91159123594684,-3.967581883696937],[140.91176920368582,-3.9677362703125709],[140.91196334393328,-3.9678744088768099],[140.91210894597111,-3.9680044193684125],[140.91217386263372,-3.9680627646848166],[140.91226263831015,-3.9681425543353726],[140.91235970933315,-3.96824006332821],[140.91250531316973,-3.9683700729204929],[140.91268327371415,-3.9685000861100548],[140.91288550785998,-3.9685894724261743],[140.91303111979039,-3.9686463653374631],[140.91311330703354,-3.9686854381823764],[140.91317181063062,-3.9687171446804541],[140.91320931955454,-3.9688993428303547],[140.91340323227337,-3.9690564256135303],[140.91366596021601,-3.9691946720964211],[140.91384736876114,-3.9692700874445563],[140.91404753896279,-3.9693580618250621],[140.91431651629421,-3.9695214308692925],[140.91447915868628,-3.9696156888129508],[140.91468558367285,-3.9696848196986139],[140.91489827603471,-3.969691120348898],[140.9151297444422,-3.9696722993371054],[140.91538623198903,-3.9696157832417498],[140.91564898691126,-3.9694775916175331],[140.91583041704018,-3.9693456799591331],[140.91589924485436,-3.9692074694490884],[140.91598057774149,-3.9690504136456184],[140.91611196059853,-3.9689750396663044],[140.91634341731492,-3.9689813421151712],[140.91659989406992,-3.9690253450435762],[140.91681258013648,-3.9690881968627423],[140.9169564707646,-3.9690630787980012],[140.91705030512753,-3.9690191127418188],[140.91722546878043,-3.9690316960558789],[140.91746943056978,-3.9690945415798069],[140.91778846056911,-3.9692265036002254],[140.91806995556408,-3.969345904789634],[140.9183451966735,-3.9693899104159982],[140.91863296264114,-3.9694087826891291],[140.91892697709841,-3.9694527883154933],[140.91916469309615,-3.9693774242286963],[140.91937740704179,-3.9692455152682555],[140.91955257159395,-3.9691450124323069],[140.91970897359033,-3.9690382197380245],[140.91987163306942,-3.96896284755735],[140.91989048285961,-3.9689581171233499],[140.9200718176603,-3.9689126042332532],[140.92030327167868,-3.9689440364380744],[140.92049719518945,-3.9690005992981696],[140.92069737438442,-3.9690131844108691],[140.92089130239174,-3.9690132032966403],[140.92106646694401,-3.9690132185851326],[140.92121660156499,-3.968962977958995],[140.92136048679708,-3.9689064492731632],[140.92149186875486,-3.9688310654012753],[140.92162950459806,-3.9687431242957132],[140.92177964821224,-3.9686112081407146],[140.92193605380589,-3.9684478732706907],[140.92208621360794,-3.9682342806874544],[140.92216129171027,-3.9680897920102325],[140.92221760635755,-3.9679578668620366],[140.92271052477099,-3.9680905438434593],[140.92328159606882,-3.9682333121176043],[140.92388835786153,-3.9685902305546392],[140.92449512055339,-3.9689828421843458],[140.92506619095207,-3.9692500676364375],[140.92603071834299,-3.9692468561574401],[140.92706493869605,-3.9695539125829669],[140.92938491258371,-3.9694468366021738],[140.93032308893942,-3.9691741037019028],[140.93461546133449,-3.9691013521456284],[140.93729235365925,-3.9691013521456284],[140.94249742461648,-3.9686552029751851],[140.94562046791032,-3.9686552029751851],[140.94829736203371,-3.9686552029751851],[140.94882926335993,-3.9686887189092204],[140.94890432437512,-3.9687578327077517],[140.94902925459644,-3.9688178453671981],[140.94904820780857,-3.9688269501036189],[140.94919833433573,-3.968902346565983],[140.94928591930977,-3.9689211972553835],[140.94950486285916,-3.9689337760728449],[140.94955095581201,-3.9689337787708041],[140.9496358077464,-3.9689526348561799],[140.94980536772357,-3.9689337949586161],[140.94983641861586,-3.9689337967572555],[140.94996778528514,-3.96893380485119],[140.95011166512131,-3.96892753567721],[140.95026180513821,-3.968914978443479],[140.95038691972059,-3.968908706571483],[140.9505182881885,-3.9688961484384322],[140.95064340367026,-3.9688835903053814],[140.95078728530507,-3.9688521877781682],[140.95092862005981,-3.9688089888437048],[140.95129435005424,-3.9687683529770652],[140.95140035314387,-3.9687642619610983],[140.95166934576378,-3.968764276350214],[140.95196336741549,-3.9687391699766863],[140.95222610165331,-3.9687077674494731],[140.95246382124844,-3.9686826583779293],[140.95266401213451,-3.9686449713882439],[140.95282040513769,-3.9686010026341023],[140.95282606187334,-3.9685981625751197],[140.95295802659177,-3.9685319023253669],[140.95310817200459,-3.9684565229501345],[140.9532770799733,-3.9683748573137905],[140.95347100977938,-3.9683434565852167],[140.95365242731771,-3.968343465578414],[140.95383384215813,-3.9683434781689471],[140.95399648544947,-3.9683623306569871],[140.95414662096982,-3.9684314489521739],[140.95429049541008,-3.9685131316756497],[140.95436531990367,-3.968535052650509],[140.95444063272907,-3.9685571166176032],[140.95458451166598,-3.9685571247114808],[140.95485350518516,-3.9685571399999731],[140.95491758008234,-3.968557143597252],[140.955484503707,-3.968579820002617],[140.9555353810531,-3.9685508888124446],[140.95573556384522,-3.9685069227562053],[140.95589195594903,-3.968488087355297],[140.95609213334535,-3.9685509193893722],[140.95624171578265,-3.9686101091691626],[140.95629857002302,-3.9686326057101269],[140.95660509674792,-3.9686954431401205],[140.95670518679503,-3.9687080129643846],[140.95679276277588,-3.9687331508142165],[140.9569741776163,-3.9687582931606471],[140.95715559335599,-3.968789712774992],[140.95732449413015,-3.9688399866760165],[140.95750590807131,-3.9688839734166095],[140.95768731391843,-3.9689028268039692],[140.95774361507586,-3.9689028304012481],[140.95784371501554,-3.9689028339985271],[140.95795005714945,-3.968877706041269],[140.95803763942558,-3.9688086030345744],[140.95811896871555,-3.9687332200620062],[140.95819403872395,-3.96864526996319],[140.95826911682639,-3.9685635989308707],[140.95833473585947,-3.9684986813689989],[140.95837912999286,-3.9684638713105755],[140.95844427957991,-3.9684253893202026],[140.95859442139545,-3.9683939858936697],[140.95875706468689,-3.9683814268612991],[140.95894474060731,-3.968381436753873],[140.95907610817596,-3.968368875922863],[140.9591949715707,-3.9683437596567614],[140.95932634003861,-3.9683186352967255],[140.95949524620869,-3.9682935109367463],[140.95966414878148,-3.9682935190306239],[140.95992689111324,-3.9682935316211569],[140.96012707120747,-3.9682998196809081],[140.96030222586705,-3.9682998277747856],[140.9604461066026,-3.968280990575181],[140.96045958204411,-3.9682771252890348],[140.96057748406372,-3.9682432981896341],[140.96074638933442,-3.9682181837221719],[140.96086524193743,-3.9682244681845873],[140.96099661670053,-3.9682433188740447],[140.96107793519866,-3.9682433215720039],[140.96114674682497,-3.9682558922955309],[140.96125309795218,-3.9682747501795461],[140.96134692601993,-3.9682935999696269],[140.96140948735797,-3.9682936026675861],[140.96144076398014,-3.9682998817340831],[140.96149706603683,-3.9682998862307386],[140.96163469288683,-3.9682936125601032],[140.96174729700022,-3.9682622073349307],[140.96190369090266,-3.9682119514203578],[140.96197250612636,-3.9681679772702978],[140.96209136322591,-3.9681051614240346],[140.96224775622898,-3.9680674699377505],[140.9624541974033,-3.968036068309857],[140.96262936285484,-3.9680360764037346],[140.96276698071165,-3.9680360817997098],[140.96294839735071,-3.9680360907929071],[140.96310478855526,-3.9680235308612168],[140.9631986283141,-3.9680235362571352],[140.96320959914374,-3.9680202312486017],[140.96332374379585,-3.9679858429722117],[140.9634551113644,-3.9679607159142734],[140.96356146339087,-3.9679418769160293],[140.96361150256882,-3.9679418787146687],[140.96366780372625,-3.9679544467402934],[140.96378040514162,-3.9679921490184142],[140.96383670629905,-3.967998431682247],[140.96390551792535,-3.9680235668341197],[140.96398059063176,-3.9680675463800981],[140.96403689088982,-3.9680738281446111],[140.96404939506363,-3.9680801162043622],[140.9640931902486,-3.9681240948510776],[140.96416199198245,-3.9681994850181468],[140.96420304963112,-3.9682628584441204],[140.96422211615777,-3.9682846670037293],[140.96422454972321,-3.968287451304775],[140.96428084998126,-3.9683251427910591],[140.96430063956291,-3.9682489747103773],[140.96431839307945,-3.968180647818599],[140.964437250179,-3.9681178220797619],[140.96448936319359,-3.9680924306211409],[140.96458113181382,-3.9680487289656412],[140.96469999610804,-3.9680236001090066],[140.96478131460606,-3.9679796277575861],[140.96485639270838,-3.9679042339931812],[140.96492520973072,-3.9678162820956686],[140.96501279290612,-3.9676843569474727],[140.96513165180431,-3.9675649881336312],[140.96533809657592,-3.967464477203805],[140.96547572522456,-3.9674519145741556],[140.96567590262089,-3.9674833449803373],[140.9658823410972,-3.967546175215773],[140.96596336911421,-3.9675761604114541],[140.96600119280083,-3.9675901565604477],[140.96612005619568,-3.9676027272839747],[140.96628895966785,-3.9676027326799499],[140.96642032723639,-3.9675838945810256],[140.96655898381016,-3.9674910719553509],[140.96657047085057,-3.9674833818525599],[140.96670809140539,-3.9674205570130425],[140.96681888158616,-3.9674539443440153],[140.96683320508839,-3.9674582601904831],[140.96702087741164,-3.9675587873081213],[140.96722105480785,-3.9676216166442373],[140.96735241967849,-3.967665607881429],[140.96748378724703,-3.9676718923439012],[140.96760890003077,-3.9676718950418604],[140.96771525205725,-3.9676530560436731],[140.9678028307361,-3.9676153600607904],[140.96787789894597,-3.9675462552554563],[140.96800301712562,-3.9674457398289746],[140.96812188321837,-3.9674017683768739],[140.968296482097,-3.967316756363175],[140.96832831809752,-3.9673012547490885],[140.9683908812342,-3.9672635596655255],[140.96849722426759,-3.9672384317082106],[140.96862233974923,-3.9672007474165412],[140.96880375818694,-3.9671442106367749],[140.96900393828116,-3.9671253653432927],[140.96913531124574,-3.9671882000753271],[140.96924854128724,-3.967316756363175],[140.96927918388724,-3.9673515466365075],[140.96946059513039,-3.9674897724349876],[140.96957944773339,-3.9675086213257487],[140.96972333926078,-3.9674520818480232],[140.9698734729825,-3.9673704234062939],[140.9699937078434,-3.967316756363175],[140.97004237915257,-3.9672950314405284],[140.97017375481505,-3.9672510599883708],[140.97029261011596,-3.9672384973587214],[140.97053657909987,-3.9672385072512384],[140.9706542077256,-3.9672385108485742],[140.97073050710731,-3.9672385144458531],[140.97096197101826,-3.9672950638160955],[140.97114337506673,-3.9673830328006829],[140.97131853602173,-3.96747727185857],[140.97153122568557,-3.9675149786332895],[140.97160004000989,-3.9675149813312487],[140.97173766865853,-3.9674521546931487],[140.97191908889488,-3.9673327966712009],[140.97212552287465,-3.9672574163965919],[140.97238200592494,-3.9671945942550906],[140.9726384988677,-3.9671254930470354],[140.97286370439656,-3.9671129349139846],[140.973113924568,-3.9670878204465225],[140.97328909091891,-3.967056406228096],[140.97341420640055,-3.9670187201377871],[140.97362063858168,-3.9669747495850061],[140.97388338271196,-3.9668993621158393],[140.97402101136061,-3.9668742431517785],[140.97406084593138,-3.9668706071927318],[140.97432294614714,-3.9668706071927318],[140.97439009402763,-3.966874254842935],[140.97455899570116,-3.9669370805817721],[140.97472789737458,-3.9670124752454967],[140.97487803379431,-3.9670941525730541],[140.97505318755464,-3.9671318566498144],[140.9751908153039,-3.9671381393136471],[140.97536597086298,-3.9671381456088852],[140.97541027776219,-3.9671381474075247],[140.97558492340556,-3.9671381510048036],[140.97569490419653,-3.9671400179973944],[140.9757672672456,-3.9671396771543073],[140.97582544079148,-3.967151103940239],[140.97587765183221,-3.9671692369706761],[140.97593488019061,-3.967200468626686],[140.97600985487099,-3.9672444751523699],[140.97610906897842,-3.967290470978412],[140.97616015406788,-3.9673132795841184],[140.97621702179822,-3.9673255589273708],[140.97626933266361,-3.9673287991847133],[140.97633802018356,-3.967336464106495],[140.97642197459447,-3.9673671255923182],[140.97650592091156,-3.9674284476647017],[140.97655934693637,-3.9674820958219925],[140.97657460483424,-3.967558752234595],[140.97657460213622,-3.9676583863254109],[140.97656660986127,-3.967712068657022],[140.97655158308919,-3.9677615457586626],[140.97651854919172,-3.9677901702800682],[140.97646982392325,-3.9678155086787115],[140.97641729542192,-3.9678494679785103],[140.97637593470165,-3.967889212617024],[140.97636090343303,-3.9679036584270193],[140.9762922123158,-3.968010960137633],[140.97626168213094,-3.9680492829480158],[140.97622352119856,-3.96814125211705],[140.97617772861929,-3.9682408934024807],[140.97613956588827,-3.968409517185421],[140.9761182510565,-3.9685432841451984],[140.97610903210625,-3.9686011384317226],[140.97610139866072,-3.9686931093994531],[140.97609375622199,-3.9688080850250458],[140.97609375172533,-3.9689433646445309],[140.97609374812805,-3.9690916772390779],[140.97610138607013,-3.9691606606359073],[140.97613190186587,-3.9692603028206577],[140.97620822373062,-3.9694519168724014],[140.97629925220883,-3.9695204883797715],[140.9764219107426,-3.9696128874247734],[140.97639973076298,-3.969856103676193],[140.97630693241911,-3.9704107560514785],[140.97625710188379,-3.9705865510284752],[140.97620787299502,-3.9706833981202863],[140.97624543767688,-3.9707265098205085],[140.9762768743783,-3.970762587023728],[140.9763837147367,-3.9709312153033238],[140.976414237727,-3.9711458241204127],[140.97638111839399,-3.9712714702021685],[140.97634554301248,-3.9714064278642809],[140.97631501282763,-3.9714677472387052],[140.97615473115593,-3.971720675268898],[140.97610018277726,-3.9717858878084371],[140.97599445128299,-3.971912292018601],[140.97583417770522,-3.9721422207867931],[140.9758112746706,-3.9723185103908918],[140.97582653526649,-3.9726021115981212],[140.97591810513654,-3.9728780442862899],[140.97605547298178,-3.9731156541640757],[140.97616231783672,-3.9732152909528509],[140.97635311890133,-3.9733302737730583],[140.97639127443779,-3.9734452422040931],[140.97631495077439,-3.9736138650877706],[140.97618520018693,-3.9737748221502898],[140.97609360873309,-3.9739511081570527],[140.9760783427414,-3.9741580547503759],[140.97614702306669,-3.9744033250533448],[140.97622333773688,-3.9745489567688992],[140.97630728855063,-3.9747559051608619],[140.9762402072198,-3.9749780143238809],[140.97616226297816,-3.9751161492907841],[140.9760019920983,-3.9752770973601059],[140.9758111847384,-3.9753920675897803],[140.9756929949358,-3.9754843811991805],[140.97567380610133,-3.9754993693003939],[140.97552879311934,-3.9757063122964382],[140.97545247125458,-3.9758289402533364],[140.97528455973475,-3.9760358805514215],[140.97514718019829,-3.9761661788260199],[140.97499452837485,-3.9763501252580227],[140.97486478588121,-3.9765264085668264],[140.97477319083021,-3.9767793491875523],[140.97465870623432,-3.9770016157319219],[140.97452132489934,-3.9771625745930805],[140.97425419657395,-3.9773388552039819],[140.97398707094658,-3.9774308252723358],[140.97388022339362,-3.977446146122702],[140.97384206336062,-3.9774768058098857],[140.97371231277305,-3.9775917697443219],[140.97353676780767,-3.977821708405088],[140.9734222832119,-3.9780593119876357],[140.97339938017728,-3.9782355988937184],[140.97342990586549,-3.978342904201611],[140.97349095993991,-3.978465545648362],[140.97365121822918,-3.9787108213473061],[140.97363595583477,-3.978818125755879],[140.97347567416307,-3.9789484231311576],[140.97333829462661,-3.9790633861662741],[140.97331538979347,-3.979255005613993],[140.97330775185128,-3.979500275916962],[140.97336117427881,-3.9796918899687057],[140.9734527459475,-3.9799141762981662],[140.97358248574324,-3.9800904677009044],[140.97379617815113,-3.9802284389912188],[140.97395644993026,-3.9803357478963903],[140.97410145391905,-3.9804507208240807],[140.97429225408428,-3.9806116895777564],[140.97444488612268,-3.9808109793431754],[140.97457462771695,-3.9809719364056946],[140.97467384092511,-3.9811328988641321],[140.97469673586568,-3.9812555412102029],[140.97465093159531,-3.9814241542013065],[140.97454408134433,-3.9815314658044372],[140.97436091282589,-3.9815774436440847],[140.97418537595445,-3.981577440046749],[140.97405562896415,-3.9815850986732926],[140.97393351092285,-3.9816157529645579],[140.97383430131197,-3.9816770714396625],[140.97368273407096,-3.9817136135923192],[140.97367647658814,-3.9818706783890434],[140.97361390805543,-3.9820088942950065],[140.97357011556846,-3.9821345439739844],[140.97357011287045,-3.9822350647963844],[140.97361389726359,-3.982392128693732],[140.97371398641144,-3.9825177846680049],[140.97391416470703,-3.9826371633743634],[140.9740643056233,-3.9826811456183009],[140.97422070042501,-3.9826874282821336],[140.97438960839372,-3.982649744889784],[140.97467112227457,-3.9825303805725412],[140.97485254341018,-3.9825052526152831],[140.97500268432645,-3.9825115451716329],[140.97519661503179,-3.9825555274156272],[140.97527793173128,-3.9826246394155191],[140.97532797990243,-3.9827000295826451],[140.97534674065957,-3.9827942704391717],[140.9753529981424,-3.9829262018826626],[140.97531545594359,-3.9830958293090362],[140.97525289730345,-3.9832340452149424],[140.9752148523836,-3.9833333726369915],[140.97515904855129,-3.9834790601104828],[140.97512776833196,-3.9836549737979681],[140.975165291645,-3.9837994732670268],[140.97525287571966,-3.9839502598965169],[140.97540926602483,-3.9840696287103583],[140.97559068536191,-3.9841073327871186],[140.9758471711101,-3.984107340881053],[140.97608489610116,-3.9840131054204448],[140.97614745294266,-3.983887455741467],[140.97614745923795,-3.9837178256171342],[140.97614746373449,-3.9835481981907606],[140.97619125891958,-3.9833534383104734],[140.97619706134537,-3.9833333717376718],[140.97624756727146,-3.9831586874234404],[140.97632264627316,-3.983020472416797],[140.97643525578246,-3.9828445587293686],[140.97646027312317,-3.9828194361679721],[140.97664169425889,-3.982731478874598],[140.97671566979238,-3.9827524321789269],[140.97685438662074,-3.98287599003487],[140.97691068597942,-3.9829765117565898],[140.97694822098367,-3.9830644663520047],[140.97700452034235,-3.9831963986948153],[140.97699946795115,-3.9833333690397126],[140.97699826285964,-3.9833660270205087],[140.97690442040278,-3.9835168091534001],[140.9768230884149,-3.9836487369995552],[140.97681683273072,-3.9837932337706548],[140.97687938057902,-3.9839879972482208],[140.97699198289376,-3.9841073732566201],[140.97707955887461,-3.9841953287513547],[140.97729224943782,-3.9844152201862357],[140.97746115291,-3.9845157526997923],[140.97759878335728,-3.9845534459847158],[140.97771138567202,-3.9846225579846077],[140.97773640930791,-3.9846791019589318],[140.97773640930791,-3.9847042353121651],[140.97769886620972,-3.9848864280661473],[140.9775862575998,-3.9850183559123593],[140.97749242413613,-3.9851377256254636],[140.97738606581436,-3.9852884987651578],[140.97729848173958,-3.9854267146711209],[140.97726720331889,-3.985533520855256],[140.97726719972161,-3.9856214745513512],[140.9772734491105,-3.9857219953737513],[140.97729221166628,-3.9857911037763643],[140.97735477300444,-3.9858602148769933],[140.97744235258256,-3.9859104725902057],[140.97752993126142,-3.9859356077420784],[140.9776425353748,-3.9859607419945746],[140.97779267719034,-3.9859795908853357],[140.97801788721574,-3.985985884341062],[140.97824309724126,-3.9859858906363002],[140.9783682127229,-3.9860047386277415],[140.9784370279466,-3.986048717274457],[140.97846204978384,-3.9861429590303032],[140.97837445941389,-3.9862686078099614],[140.97821180892788,-3.9863565588080974],[140.97808668984896,-3.9864319426799852],[140.97806166441433,-3.9864382307397364],[140.97793654533541,-3.9864947702174049],[140.97778640801641,-3.9865952856438867],[140.97768630358007,-3.9867020810361851],[140.97767379760774,-3.9867837556657264],[140.97772383768506,-3.9868905654471973],[140.97787397860134,-3.9869659574129628],[140.97808667635911,-3.9869722391774758],[140.97841823031717,-3.9869219940547396],[140.97871851934428,-3.9868528928466844],[140.97896875480421,-3.9868340538484404],[140.97925026778569,-3.9868277738826237],[140.97951926670089,-3.9868277810771815],[140.97965063696734,-3.9868403509014456],[140.9796881746696,-3.9868591952955512],[140.97967565970396,-3.9868906149098962],[140.97958181814647,-3.9869848458739057],[140.97942541974737,-3.9871042137883705],[140.97923148364612,-3.9872235727096381],[140.97911887773409,-3.9872801130866833],[140.97901253110354,-3.9873554978578909],[140.97884362043681,-3.9875000009242285],[140.97874977708057,-3.9876382078369943],[140.97873100822949,-3.9877638593146116],[140.97874351869848,-3.9878392557769757],[140.97884360694695,-3.9879963223723394],[140.97904378883982,-3.9881533898670227],[140.97931903714391,-3.9883167382268425],[140.97957553098604,-3.9884612502864343],[140.97978822424727,-3.9885806191002189],[140.97998215585187,-3.9886622991257354],[140.98015731320947,-3.9887188466973953],[140.98037627294673,-3.9887188520933137],[140.98057019735677,-3.9886937241359988],[140.9807828996112,-3.9885178221397268],[140.98092053455514,-3.9883104978311508],[140.98105816680106,-3.9882602374199791],[140.98119579544971,-3.9883670472013932],[140.9813146480526,-3.9885618106789593],[140.98134592197675,-3.9886811758955218],[140.98135218035895,-3.9888508042212152],[140.9813521758623,-3.9890078681185628],[140.98140847612035,-3.9891335213948764],[140.98141791810247,-3.9891809345524507],[140.98139636584972,-3.9894726350540282],[140.98137092942488,-3.9895167548942823],[140.98113320173593,-3.9896424018753009],[140.9808829752692,-3.9896675280339196],[140.98075785708954,-3.9896863697301228],[140.98065776074714,-3.9898057412419234],[140.98063273171522,-3.9899690824071854],[140.98063898020484,-3.9901010219445538],[140.98065775175394,-3.9902141080945626],[140.98068902567809,-3.9903397595721799],[140.9807828546451,-3.9904591256880622],[140.98092048329374,-3.990578493602527],[140.98114569241989,-3.9906915860478307],[140.98126455581462,-3.990766985208154],[140.98147725177387,-3.9908800758547613],[140.98165867201021,-3.990968034047512],[140.98182757728091,-3.9910685575678144],[140.98204652442757,-3.9911690819874934],[140.98218415667361,-3.9911690837861329],[140.9822529718972,-3.9911439531308588],[140.9822779982311,-3.9911188323681586],[140.98237183259403,-3.991037158637937],[140.98254700434086,-3.9909052316910447],[140.98270340184058,-3.9908235597594057],[140.98286634640488,-3.9908409787281585],[140.98301619234348,-3.9908989544231872],[140.98313505663759,-3.9909492211295969],[140.98327707397789,-3.9909967467024785],[140.98338481365829,-3.9910300602890061],[140.9834399367038,-3.991041379156286],[140.98348143861756,-3.9910587396690289],[140.98350414829792,-3.9911000041618081],[140.98351039768681,-3.9911691125644211],[140.98347911836663,-3.9913387408901144],[140.98341030044503,-3.9914329799480015],[140.98334148432207,-3.9915083674171683],[140.98327266640047,-3.991590040248127],[140.9832120637858,-3.9916868405751984],[140.98321724298148,-3.991737702632804],[140.98324764636186,-3.991772233901429],[140.98331645079361,-3.9918601911948031],[140.98337901303114,-3.991941866723721],[140.98344782735546,-3.9920109760256537],[140.98361047244543,-3.9921743216875711],[140.98374184810791,-3.992281132368305],[140.98382942678666,-3.9923502425696142],[140.98389824380899,-3.9923690878630396],[140.98398582428638,-3.9922937030918888],[140.98405464220798,-3.9922120275629709],[140.98410468498332,-3.9921366418924435],[140.9841834736884,-3.9920494229424435],[140.9843022696341,-3.992016359367426],[140.98441122609722,-3.9920801051127341],[140.98447378833475,-3.9921680606074688],[140.98449880387682,-3.9922371699094015],[140.98456761820114,-3.992312558277888],[140.98466771004689,-3.992387948445014],[140.98478031416028,-3.9924193698579984],[140.98492420658692,-3.9924130853955262],[140.98505557775275,-3.9924130862948459],[140.98523073511035,-3.9925324632025649],[140.98528703626778,-3.9926141306375484],[140.98526201802781,-3.9927209368217405],[140.98517442675848,-3.9928591554256627],[140.98512438308387,-3.9929785179442092],[140.98509935405207,-3.9931355800429174],[140.98513689085485,-3.9932235436315864],[140.98526200723586,-3.9933680431006451],[140.98549972862963,-3.9934874110151668],[140.98562483871535,-3.9935376777215765],[140.98574370390884,-3.9936005016617742],[140.98594388760034,-3.9937387238629753],[140.98606900398147,-3.9938769442655371],[140.98615033237206,-3.9939900313148655],[140.98628796102059,-3.9940905521372088],[140.9865194231329,-3.9941533787753656],[140.98677591427713,-3.9941785130279186],[140.98695733541274,-3.9941847956916945],[140.98711999219393,-3.9941847992890303],[140.98724511037358,-3.9941910891474208],[140.98729515314881,-3.994209931742887],[140.98735771538634,-3.9942476322224252],[140.98748282457279,-3.9943167433229974],[140.98764547865596,-3.9944298321709653],[140.98772680704656,-3.9945429201196134],[140.98775182978318,-3.9946874168907129],[140.98778310640535,-3.9948130692677069],[140.98780812824259,-3.9950203971735618],[140.98781437673222,-3.9952151489599146],[140.9878081219473,-3.9954727399749004],[140.98780811655138,-3.9957617317185168],[140.9878331302948,-3.9960507270593553],[140.98785190004526,-3.9962894646869813],[140.98787066260104,-3.9964214051237263],[140.98790193832383,-3.9966287231370075],[140.98795823768262,-3.996792075094163],[140.98803331308704,-3.9969365727645823],[140.98808961514374,-3.9970559469743421],[140.98813340313416,-3.997187878417833],[140.98816467795757,-3.9973198089619473],[140.98818970159357,-3.997432895111956],[140.9882147180349,-3.9975145697415542],[140.98821471713552,-3.9975334159343561],[140.98823974167078,-3.9976465020843648],[140.98828353235922,-3.9977281776132827],[140.988346092798,-3.9978161322086976],[140.98838410084568,-3.997876801373252],[140.9883882440223,-3.9979308371383695],[140.98838351268898,-3.9979858153930081],[140.98837111733326,-3.9980423036093953],[140.98837111463524,-3.998180521313941],[140.98837111193734,-3.99829360656463],[140.98835859877033,-3.9984192598409436],[140.98830854610253,-3.9984695238493941],[140.98819593929124,-3.9985072108390796],[140.98805830614594,-3.9985323396956574],[140.98789565835796,-3.9985323378970179],[140.98777053927904,-3.9985197707707698],[140.98767044473527,-3.9984946383168563],[140.98754532475698,-3.9984695112589179],[140.98735765063509,-3.998456944132613],[140.98716996841938,-3.9984569414346538],[140.98701983110038,-3.9984820612980343],[140.98686968388881,-3.9986077109770122],[140.98671953487872,-3.9987836246644974],[140.98659441490042,-3.9988715765619531],[140.98640673897989,-3.9989343951061755],[140.98618152535721,-3.9990097879713176],[140.98599384763804,-3.9990851718431486],[140.98581867589121,-3.999210819723487],[140.98576725805253,-3.9992624578960658],[140.98566853677357,-3.9993616018563785],[140.98551838776348,-3.9995249421223207],[140.98539326688581,-3.9996882877841813],[140.98523060291006,-3.9999521479732039],[140.98520364842966,-3.9999999622284008],[140.98520363224191,-3.9999999901074261],[140.98520361875205,-4.0000000143891157],[140.98520359896702,-4.0000000485633223],[140.98520241455981,-4.000002149379668],[140.98512545237782,-4.0001386736607856],[140.98498777066914,-4.0003184607283515],[140.98472360111339,-4.0004971856965312],[140.98449403297332,-4.0006728439765311],[140.98440397126637,-4.0008489654073855],[140.98440698489446,-4.001035631389243],[140.98448556225901,-4.0012996921270201],[140.98456715864756,-4.0014484247049609],[140.98466085361554,-4.001609287338681],[140.98482103096592,-4.0018369390234625],[140.98506584531253,-4.002000844063673],[140.98530762984331,-4.0022466980266245],[140.98541340540442,-4.0024652368811076],[140.98550105423033,-4.002689845260079],[140.98559172118109,-4.0029660540400869],[140.98564309135566,-4.0032726086439538],[140.98565215832048,-4.003533638666454],[140.9856400642376,-4.0037612858546368],[140.98560680910703,-4.0039980332825849],[140.98554334125231,-4.0041740728751165],[140.98550102635136,-4.0042833396043989],[140.98538012958943,-4.0044077796952138],[140.98534838711839,-4.0046399756542996],[140.98531664644611,-4.0048721734120249],[140.98531362292545,-4.0051726530954284],[140.98529849992588,-4.0055004577798741],[140.98525769678531,-4.0057007835642366],[140.98521689364475,-4.0059011084493363],[140.98513830728712,-4.0061439236031333],[140.98505669381143,-4.0063321067412971],[140.98497509292622,-4.0064504818042224],[140.98488139076369,-4.0066052740141345],[140.98477862703203,-4.0067388224386491],[140.98477194057261,-4.00674736779672],[140.98464563798586,-4.0069087907080529],[140.98454590227163,-4.0070059165897192],[140.98434943907546,-4.0071485724486138],[140.98419831789806,-4.0072396261078325],[140.98405737524774,-4.0074145982051164],[140.98388523511562,-4.0075366209183017],[140.98373726516274,-4.0077299041117271],[140.98373721659937,-4.0077299670642788],[140.98349186985399,-4.0080504449720138],[140.98354798395235,-4.0081256786571089],[140.98359482244314,-4.0081895799850713],[140.98378705702714,-4.0083688571369862],[140.98385860529049,-4.0084369825806334],[140.98397509537438,-4.0085378712257125],[140.98401976919706,-4.0085751885940226],[140.98415875132537,-4.0086863969596038],[140.98419967767302,-4.0087262845902956],[140.98425402100634,-4.0087823312395585],[140.98437123414521,-4.008925634610307],[140.98441483777458,-4.0089802774178338],[140.98446021037046,-4.0090371361548591],[140.98455329020226,-4.0091171704210069],[140.98466284201663,-4.0092527081459366],[140.98472508229679,-4.0092892520972327],[140.984847766911,-4.0093810369052676],[140.98497228524286,-4.0094658555647129],[140.98502872579513,-4.0094979784489055],[140.98519389258411,-4.0095850840843354],[140.9852488330672,-4.0096139469260379],[140.98530261882081,-4.0096415210393275],[140.98535571209652,-4.0096687390210377],[140.98546570817598,-4.0097262767462212],[140.98559336334313,-4.0097840662816111],[140.98566238810884,-4.0098088866707258],[140.98570989929249,-4.0098434359258022],[140.98572471382454,-4.0098483093519235],[140.98581925865199,-4.0098794043109933],[140.98582714390761,-4.0098839207063293],[140.98588827532376,-4.0099131918402691],[140.98592787157406,-4.0099321522469609],[140.98610019067132,-4.0099391112009926],[140.98619979508453,-4.0099460107996947],[140.98629548924555,-4.0099158430416537],[140.98642303559473,-4.0098373673006336],[140.98648305005281,-4.0097719838898911],[140.98658682821963,-4.0096407134481069],[140.98659648783769,-4.0096235229071908],[140.98662766643372,-4.0095457603285354],[140.98668750642332,-4.0094148559108476],[140.98670885273145,-4.0093253670719946],[140.98673043286328,-4.0092499885960251],[140.98675829026297,-4.0091406067535331],[140.98679130077801,-4.0090321718971609],[140.98682600291772,-4.0089083379493786],[140.98685582803409,-4.0088352302616386],[140.98689531007062,-4.0087043393337467],[140.98690571702525,-4.0086760817357572],[140.98697615912249,-4.0084646673104771],[140.98699977981607,-4.0083823757460095],[140.98703459527042,-4.0082468721953433],[140.98705333084661,-4.0081742510408276],[140.98708752936602,-4.0080411639684712],[140.98710377471946,-4.0079934567326063],[140.98712126203668,-4.0079421081417195],[140.98716060287961,-4.0078414856959625],[140.98726453842778,-4.0075902780688466],[140.98729275105973,-4.0075487680611559],[140.98740398370694,-4.0073688523905844],[140.98745430617134,-4.0073169390254861],[140.98755562469239,-4.0072151960244469],[140.98763964475381,-4.0071689942536182],[140.98781115625991,-4.0070855227785955],[140.98786353187654,-4.0070701749485806],[140.98798001656462,-4.0070543333907267],[140.98806651066104,-4.007057401877546],[140.98814722481461,-4.0070556796758297],[140.98822431829774,-4.0070922353183391],[140.98831616695759,-4.0071357849884635],[140.98835329456892,-4.0071522587696791],[140.98853397556263,-4.0072345836090904],[140.98860779101676,-4.0072675059905691],[140.98872780284591,-4.0073232396757135],[140.98887543285502,-4.0073883146189928],[140.98891254967452,-4.0074075052521039],[140.9891050756388,-4.0074863757955654],[140.98923692794199,-4.0075303490463057],[140.98935284695642,-4.0075775328767804],[140.98947082182099,-4.0076248740886058],[140.98956708705146,-4.0076641070128858],[140.98970470221025,-4.0077193901377086],[140.98981747359755,-4.0077847987294035],[140.98984079032027,-4.0077990098163809],[140.99000475381638,-4.0079006368048908],[140.99003538292664,-4.0079193472000725],[140.99017530574588,-4.0080076633229851],[140.99019304037654,-4.0080153777074656],[140.9902371512236,-4.0080345611460189],[140.99028435483922,-4.0080550935676911],[140.99045693923642,-4.0080766476191343],[140.99059662733259,-4.0080885897165786],[140.99073172259102,-4.0079878998216714],[140.99081584877251,-4.0078593561243565],[140.99084160985251,-4.0077463985774102],[140.9908950781454,-4.007643937018031],[140.99091113014458,-4.0075735515781048],[140.9909413437681,-4.0075072769392364],[140.99100045890407,-4.0073583743894119],[140.99100595376183,-4.0073437963790752],[140.99106823271279,-4.007178616100191],[140.99108902773651,-4.0071274698568118],[140.99114044107853,-4.0070010152845725],[140.99118510410938,-4.0068911568013732],[140.9912245708573,-4.0068056573551303],[140.9913137161551,-4.0066275610130901],[140.99140096298413,-4.0064697650675498],[140.99144300988701,-4.0063910806837839],[140.99153939562666,-4.0062023912273048],[140.99154227165855,-4.0061968945709623],[140.99163067591508,-4.0060547801039661],[140.9916762238787,-4.005939933081379],[140.99173633006762,-4.0058554309833312],[140.99192028998948,-4.0057499845740949],[140.99210382363265,-4.0056881525861172],[140.99219958704134,-4.0056960747140238],[140.99222336331763,-4.005697696191703],[140.99230884927408,-4.0057035246978785],[140.99246000822291,-4.0057471912797951],[140.99252052360339,-4.0057705142977511],[140.99266413274358,-4.0058373672006837],[140.99281429074699,-4.0059117861000004],[140.99286371029211,-4.0059405194393776],[140.99294715388805,-4.0059863291057809],[140.99310972793171,-4.0060917152604247],[140.9931584523008,-4.0061493995750652],[140.99317024061418,-4.0061635620986635],[140.99327090712677,-4.0062958766533256],[140.99335333358954,-4.0064055408829518],[140.99336218022052,-4.0064173094112334],[140.99338318028958,-4.0064452477499231],[140.99343872871441,-4.0065165846726245],[140.99350768333295,-4.0066142573420507],[140.99358617706048,-4.0066967233750574],[140.99364076590871,-4.0067780886378159],[140.99365713536861,-4.0068095658087941],[140.9937660837378,-4.006999920809676],[140.99384454419044,-4.0071006529727242],[140.99392225191048,-4.007205906027707],[140.99392754711869,-4.0072138245583346],[140.9940146473582,-4.007357219659923],[140.99403965930287,-4.0074014690025592],[140.99410976685238,-4.0075155767823958],[140.99413877088762,-4.0075696674061874],[140.99427189393282,-4.0077208830122686],[140.99436268588931,-4.0078025666351209],[140.99438262385911,-4.007819728397692],[140.99445334114887,-4.0078705958512728],[140.99446214641102,-4.0078769315750833],[140.99466657310393,-4.0080018833801887],[140.99475072356711,-4.0080518128408471],[140.99498252562307,-4.0081689927047819],[140.99500721471122,-4.0081818251310892],[140.99516873744733,-4.008269672707172],[140.99527731619526,-4.0083302042754667],[140.99531540338319,-4.0083732332381032],[140.99541821927551,-4.0084676368718988],[140.99555207886544,-4.008599235566237],[140.9956276839705,-4.0086674293583542],[140.99572465966537,-4.0087854887592584],[140.99576781363373,-4.0088186332732789],[140.995886169811,-4.0089608799406165],[140.99588865643636,-4.0089631165545256],[140.99603205063875,-4.0091157387003591],[140.99613023412303,-4.0092332728971769],[140.99613801865473,-4.009242591672205],[140.99625100138269,-4.0094563452340708],[140.99630925766621,-4.0096153067009936],[140.99629393411783,-4.009796081224124],[140.99626302441914,-4.0098754077238254],[140.99624913439015,-4.0099053389601522],[140.99621914469787,-4.0100450837135782],[140.99621856643375,-4.0101560195845991],[140.99617715804948,-4.0102530933055505],[140.99616454056115,-4.0102857279039767],[140.99608681755262,-4.0104576090313913],[140.99606896601006,-4.0104945271007182],[140.9960263066688,-4.0105990364163517],[140.99598653684927,-4.0106980247939532],[140.99596483620826,-4.0107873787345056],[140.99591174383193,-4.0108700920810634],[140.99590355640407,-4.010882848964286],[140.99586072888962,-4.0110126957792431],[140.99579420423925,-4.0111489979278758],[140.99575852993223,-4.0113056958011839],[140.99571438760893,-4.0114463857420333],[140.99568789987677,-4.0115620061815775],[140.99567341359727,-4.0116244533058421],[140.99563922407094,-4.0117735384180264],[140.99562699598914,-4.0118216692346209],[140.9955872657398,-4.0120052424479127],[140.99557325160436,-4.0121158311806084],[140.99555892900139,-4.0122794439411109],[140.99554129869205,-4.0124293663221238],[140.99554948432126,-4.0125122613317217],[140.99553128923765,-4.0126483332539351],[140.99554003424521,-4.012745076923693],[140.99552292824058,-4.0128352609385161],[140.99552058280869,-4.0129426957487908],[140.99550055670534,-4.0130941856481286],[140.99550138498103,-4.013159703057795],[140.995500770744,-4.0133030675824557],[140.99549841811756,-4.0133598732595033],[140.99548756330046,-4.0135153777324604],[140.99548371510139,-4.0135967861626796],[140.99547435405827,-4.0137276662987347],[140.99546901208532,-4.0138333654174403],[140.99545931379635,-4.0139246735847678],[140.99547847565123,-4.0140302018323268],[140.99546985564939,-4.0141354270082843],[140.99548507397708,-4.0142540610760307],[140.99546229774694,-4.0144412396714415],[140.99545173520949,-4.0145091375865718],[140.99542993024716,-4.0146826060174021],[140.9953765356986,-4.0148480264152226],[140.9953505497881,-4.0149846990845504],[140.9953447806372,-4.0150429787504436],[140.9953220538697,-4.015159164863519],[140.99530562595396,-4.0152773933369872],[140.99529172603241,-4.0153414088788963],[140.99527012791418,-4.0155260936542732],[140.99526950288532,-4.0155368936127047],[140.99528009869766,-4.0156874428211609],[140.99529150659782,-4.0158239527132196],[140.99530849389191,-4.0159387457764524],[140.99533259302484,-4.0160631400018474],[140.99535626767772,-4.0161407308100365],[140.99536345326078,-4.0161674712517765],[140.99539067843716,-4.0162688050612587],[140.99541447180047,-4.0163390951730662],[140.99543354012587,-4.0164201141968761],[140.99544925577857,-4.0164692927236274],[140.99548048113934,-4.0165263439155865],[140.9955176860924,-4.0166287847905551],[140.99555736418108,-4.0167257928609956],[140.99558660204013,-4.0167809257990257],[140.99560183385756,-4.0168374553842341],[140.99571517181778,-4.0170797570251011],[140.99580071173352,-4.0171842078848385],[140.99591952926289,-4.0173298180166626],[140.9959256491494,-4.0173341059841619],[140.99603498962313,-4.0174546726949529],[140.99610895166688,-4.0175535135837208],[140.99615938115062,-4.0175893650571197],[140.99623951883882,-4.0176342070529927],[140.99628194705429,-4.0176735236141781],[140.99642757157528,-4.0177790770427464],[140.99648716425133,-4.0178114031736527],[140.99661402531706,-4.0178798973393555],[140.99672281090909,-4.0179383793526995],[140.99683462811561,-4.017993731725312],[140.9969547379709,-4.0180480094080622],[140.99704447772058,-4.0180864509289336],[140.9972322705529,-4.0181668467225791],[140.99726122962215,-4.0181791251664549],[140.99748287023829,-4.0182702453755041],[140.99749661817441,-4.0182758958159184],[140.99771085197426,-4.0183698902581568],[140.99772599655751,-4.0183758707497645],[140.99793578231061,-4.0184544687986659],[140.997982488601,-4.0184719003578948],[140.99816355270582,-4.0185327322997182],[140.99818549436509,-4.0185387415696141],[140.9983383872069,-4.0185970823894195],[140.99837696632403,-4.018608584718379],[140.99852112944666,-4.0186650486530198],[140.99870066560334,-4.0187166841276394],[140.99873397289457,-4.0187260640565796],[140.99888074405112,-4.0187686442574773],[140.99892327389,-4.0187808462590056],[140.99911426830886,-4.0188368335529958],[140.99923515337969,-4.0188768686725211],[140.99934965236469,-4.0189203787724068],[140.99951557908082,-4.0189873341980729],[140.99959403683545,-4.0190194678741022],[140.99972377303379,-4.0190907283543993],[140.99978734161255,-4.0191163896096214],[140.99985091199005,-4.0191420526635397],[140.99990717267792,-4.0191734452982359],[140.99998869891942,-4.0192448640592033],[141.00123879073772,-4.0195523089918197],[141.00105035399076,-4.0000105751278738],[141.00041822502112,-3.931974424280213],[141.00041802177429,-3.9319525590632907],[141.00031777794311,-3.9211633331212852],[141.00054350328014,-3.8838127195812717],[141.00125158719106,-3.7742327150676829],[141.00012207107682,-3.774111523328088],[140.99945500794229,-3.7740399498837292],[140.99896008044345,-3.7742683776834269],[140.99808443844609,-3.7747823420314148],[140.99771937844662,-3.7753138512532018],[140.99710833678034,-3.7756601082273846],[140.99180833698517,-3.7762601080175386],[140.99087386313829,-3.7765404500816544],[140.98915670032147,-3.7765907320765564],[140.9882810592236,-3.7767430169765817],[140.98780833688534,-3.7774601075978467],[140.9839083369003,-3.7801601080025193],[140.98369345828655,-3.7814257967630738],[140.98329370783836,-3.7820159031114144],[140.98289395918891,-3.7822062599109358],[140.98203735314144,-3.7824156517608571],[140.98104749724428,-3.7824917946605296],[140.98028607004619,-3.7824346877106336],[140.97910833678043,-3.7817601080424765],[140.974808337235,-3.7789601084222113],[140.96820833684535,-3.7786601080774744],[140.96510833688035,-3.7778601080574958],[140.96160833735496,-3.7767601076927804],[140.95580833698523,-3.7763601081324509],[140.9543634897833,-3.7765713732702011],[140.95172037869258,-3.7781221588105609],[140.9500083366155,-3.778860108307299],[140.94570833707019,-3.7772601082673418],[140.9383083366605,-3.7734601083972166],[140.93460833690528,-3.7730601079375674],[140.93080833703516,-3.7725601082623257],[140.92860185758968,-3.7721190051879034],[140.92829728689037,-3.7714908269400667],[140.92797368114054,-3.7691875093959766],[140.92700833716515,-3.7676601080275418],[140.9236083368553,-3.7674601077977172],[140.91900833696525,-3.7657601076427909],[140.91622509171464,-3.7638277730332561],[140.91610833723007,-3.7628601079076134],[140.91580833688533,-3.7594601075978176]]],[[[140.7739414613294,-3.0635552798522099],[140.77394972879699,-3.0634668216364389],[140.77395251219878,-3.0633092541187352],[140.7739497944475,-3.0631544493183469],[140.77392232465559,-3.0630189898344611],[140.77389208675049,-3.0629692249497111],[140.7737958700834,-3.0628365155926645],[140.77369415136411,-3.062723155149456],[140.77361718108807,-3.0625987429376096],[140.77355396324492,-3.0624660407751207],[140.7734934937298,-3.0623361040279065],[140.77343302601344,-3.0622034009661547],[140.77337530662521,-3.0620734642189404],[140.77330934135307,-3.0619297039925755],[140.7732516291594,-3.0617638303364743],[140.77321865731528,-3.0616477197664267],[140.77318570075954,-3.0614431509806082],[140.77317197170919,-3.061346395619637],[140.77315549612933,-3.0612413467107444],[140.77312253237903,-3.061075477551185],[140.77306481838673,-3.060923425575595],[140.77300984822602,-3.060799018759667],[140.7729493787109,-3.0606663156978584],[140.77287791408457,-3.0605280827048205],[140.7728174373749,-3.0604313183505951],[140.77277619896245,-3.0603870797998525],[140.77271021390527,-3.0603400713371798],[140.77264972010857,-3.060331766098102],[140.77252597609299,-3.060340031766998],[140.77243797473284,-3.0603704216575807],[140.77228396942974,-3.0604422622005814],[140.77221521176273,-3.0604975336342477],[140.77218220484497,-3.0605417568964981],[140.77209418100176,-3.0606771911993746],[140.77203916227757,-3.0607877538516846],[140.7720226480269,-3.06085962407235],[140.77201987181968,-3.0609812546811099],[140.77201984304133,-3.0611194732850322],[140.77201981516237,-3.0612493974417134],[140.77202529203362,-3.0613572090679213],[140.77203627095719,-3.0614567280455276],[140.77204174063388,-3.061594946649393],[140.77203623498428,-3.0616281172437425],[140.77201421418465,-3.061727629026791],[140.77199769543734,-3.0618271426084789],[140.77200041408787,-3.061968125728356],[140.77201138311887,-3.0621146387795193],[140.77202787038993,-3.0621699290989],[140.77204984172693,-3.0622970950348645],[140.77207456229132,-3.0624297891034189],[140.7720910342739,-3.0625597177566988],[140.77210750715585,-3.0626813519627945],[140.77213222861951,-3.062808517898759],[140.77217069801941,-3.0629439800805471],[140.77219267025555,-3.0630683806012371],[140.77219538980546,-3.0632093628217945],[140.77218711514331,-3.0633282289145995],[140.77216235321009,-3.0633945683046591],[140.77211283833685,-3.0634774875959465],[140.77206608078507,-3.0635300008088393],[140.77197807043171,-3.0636018548416928],[140.77185431292628,-3.0636737016799316],[140.77181581294951,-3.0636847516499301],[140.77170306674316,-3.0636957854321167],[140.77159307695899,-3.0636791749539043],[140.77156283185923,-3.063665346978155],[140.77147210285534,-3.0635962178910745],[140.77143911302471,-3.0635575101709378],[140.77137038143803,-3.0634911509957874],[140.77129890062383,-3.0634192618893508],[140.77123016813778,-3.0633584317461668],[140.77114218836141,-3.063289303558463],[140.77104320537967,-3.0632367597685857],[140.771012957582,-3.0632312253407576],[140.77100470810092,-3.0632312226427416],[140.77100058470933,-3.0632256927115122],[140.77098408664631,-3.0632229263968611],[140.77087134763462,-3.0632021682454251],[140.77084797695261,-3.0631911056849503],[140.77071874437456,-3.0631468491476994],[140.77061975509764,-3.0631233309769073],[140.77052076492146,-3.0631094868133459],[140.77037639765274,-3.0631080739784124],[140.77032827492997,-3.0631163567344402],[140.77021277410029,-3.0631522675630549],[140.77012064575126,-3.0631895669449136],[140.77001751779426,-3.0632379207933695],[140.76992263572117,-3.0632973354036608],[140.76983600402843,-3.0633526032399914],[140.76974662580619,-3.0633968139117655],[140.76963937175969,-3.063445165961582],[140.76951836528042,-3.0635059556353212],[140.76942349040178,-3.0635377259852135],[140.7693107423969,-3.0635611982906426],[140.76919937305274,-3.0635639394242276],[140.76910863055889,-3.0635556260912153],[140.76908663404095,-3.0635431812727347],[140.76906601618373,-3.0635210624470233],[140.76900416710873,-3.0634173859035627],[140.7689945515574,-3.0633703891321034],[140.76898907738405,-3.0632570493733056],[140.76898910256511,-3.0631326533492143],[140.76899050640679,-3.0630054937085447],[140.76899465587871,-3.0628838630997279],[140.76899605612311,-3.0627663783656089],[140.76899333027802,-3.0626530386068112],[140.76898922936948,-3.062545227879923],[140.76897825224466,-3.0624429452856248],[140.76896452589222,-3.0623323682441423],[140.76895629799481,-3.062232849266536],[140.7689246958181,-3.0621319426350055],[140.76890545482297,-3.0620987666447377],[140.7688298533152,-3.0620144372164759],[140.76878723804066,-3.0619826380882387],[140.76876661478752,-3.0619743409430384],[140.76866900327195,-3.0619466759982288],[140.76864700405611,-3.0619452892436811],[140.76853976170071,-3.0619425022446194],[140.76841464442032,-3.0619424752649707],[140.76831564794884,-3.061953509946477],[140.76823864709593,-3.0619797548617385],[140.76815201630257,-3.0620308759241652],[140.76810526144868,-3.0620709497144958],[140.76804199863943,-3.0621469559172283],[140.76799660715778,-3.0622340228817961],[140.76798972644474,-3.0622671925768259],[140.76798971925018,-3.0623017481271404],[140.76796356966304,-3.0624219919812958],[140.76792092471101,-3.0625242637837005],[140.76786866061025,-3.0626044176597134],[140.76779301773365,-3.062709446783515],[140.76772012678248,-3.0628048019000289],[140.76765410395376,-3.0629291844342674],[140.76760045579647,-3.0630508033518709],[140.76756056276986,-3.0631489301789543],[140.7675247940341,-3.063247056106718],[140.7674903940665,-3.0633686804202398],[140.76745737365889,-3.0634764830531935],[140.76742710517681,-3.0635677003890009],[140.76738858271699,-3.0636824134126073],[140.76735831513417,-3.0637750121071008],[140.76732942171554,-3.0638676108015375],[140.76731152610614,-3.0639671243832254],[140.76730462830596,-3.0640776969281092],[140.76729773140528,-3.0641799768244482],[140.767282581426,-3.0643002233765628],[140.76724817965987,-3.0644301403386862],[140.76721378418881,-3.0645365598143144],[140.76718076468057,-3.0646319230247627],[140.76714361818347,-3.0647438706330945],[140.76708722529531,-3.064843376120848],[140.7670170853703,-3.0649359658221442],[140.76698683127734,-3.0649636028879286],[140.76690432477483,-3.0650119612329831],[140.76686582479806,-3.0650243916622912],[140.766828700784,-3.0650271489836882],[140.76676408269634,-3.0650174587886454],[140.76673108836906,-3.0649994840389354],[140.76664585332355,-3.0649538533376131],[140.76656199514002,-3.0648985477297401],[140.76647538862835,-3.0648335672153166],[140.76639015897877,-3.0647685849021968],[140.76630217740365,-3.0647063680044084],[140.76619494943748,-3.0646386175781117],[140.76607946659419,-3.0645860710902753],[140.7659997246077,-3.0645694660079812],[140.7659062310878,-3.0645666817069355],[140.76581136160507,-3.0645694246392168],[140.76571649032383,-3.0645832256353174],[140.76562848896367,-3.0646080855946138],[140.76551435960005,-3.064660584418391],[140.76540985208305,-3.0647227590480384],[140.76531497090923,-3.0647807887023646],[140.7652049649372,-3.0648415801747433],[140.76507845820436,-3.064905132565741],[140.76496982999367,-3.0649493387409166],[140.76486945216357,-3.064990781299457],[140.76476357228114,-3.0650432810225539],[140.76465081438369,-3.0651109828855283],[140.76453668142278,-3.0651786838491262],[140.76442804691692,-3.0652491520266949],[140.76434691277984,-3.0653085666369861],[140.76426990473237,-3.0653707475619285],[140.76416401855465,-3.0654495092873617],[140.76407463403723,-3.065515833388929],[140.76399487676224,-3.0655711030239559],[140.76391649634934,-3.0656222258849652],[140.76381198703359,-3.0656899304458989],[140.76371572899779,-3.065752105974866],[140.76363184743184,-3.0658059915532476],[140.76353971728417,-3.0658584948735665],[140.76342283419649,-3.0659261958372213],[140.76332245097035,-3.0659856059509139],[140.76320694204685,-3.0660588368457979],[140.76308730793301,-3.0661320650427228],[140.76300617469531,-3.0661887169356987],[140.7629264147223,-3.06625780825118],[140.76287553827558,-3.0662799108891363],[140.76277653460943,-3.0663172075730358],[140.76265553262681,-3.0663627933082012],[140.76254965634166,-3.0664014713507868],[140.76242315230672,-3.066448435746679],[140.7623172724243,-3.06649955321177],[140.76220314036266,-3.0665644887600934],[140.76208900560323,-3.0666321906230678],[140.76197624860504,-3.0666957457120247],[140.76187861640506,-3.0667565389830429],[140.76179610540601,-3.0668256302985242],[140.76172459581346,-3.0668891943807921],[140.76164758506809,-3.0669555211803186],[140.76156782419582,-3.0670273770118115],[140.76149906293142,-3.0670937056099774],[140.76142617198036,-3.0671876775692226],[140.76135053360031,-3.06726782694858],[140.76132578155966,-3.0672816432332297],[140.76122952442313,-3.0673452019194656],[140.76113601921202,-3.067392175308612],[140.76104251759818,-3.0674197979852238],[140.76097927187595,-3.0674225472127432],[140.76083353044316,-3.0674197512204842],[140.76078403715371,-3.06740038881685],[140.7607290490065,-3.0673644402166929],[140.76067956381087,-3.0673091418033778],[140.76058334444588,-3.0671985458761242],[140.76048987790557,-3.0670741291676791],[140.76040190802166,-3.0669580069064182],[140.76031669096255,-3.0668335919966125],[140.76021772776596,-3.066695350909697],[140.7601599975859,-3.0666207008845845],[140.76005552963909,-3.0665018096107701],[140.75994830616946,-3.0664160907299447],[140.75986582035137,-3.0663718431859479],[140.75983832357986,-3.0663635442421082],[140.75975308044042,-3.0663579954251077],[140.7596430861596,-3.0663579711434181],[140.75953584290494,-3.0663607113776834],[140.75940384491162,-3.0663827960291883],[140.75930484304411,-3.0664187113544017],[140.75926633857068,-3.066443581206272],[140.75917833091535,-3.0665071407918845],[140.75911425421953,-3.0665667577496265],[140.75910407029664,-3.0665762330066855],[140.75905730734894,-3.0666453306174617],[140.75904079759482,-3.0666923219930027],[140.75901877679519,-3.0667863047441415],[140.75901601587645,-3.0668388269502316],[140.75901049493848,-3.0669355778146041],[140.75905170097531,-3.067120798585961],[140.7590622680093,-3.0671994191178555],[140.75919076584125,-3.0672093728142613],[140.7594164632992,-3.0672725555839406],[140.75957085081416,-3.0673406954167035],[140.75970499908647,-3.0674049861511321],[140.75976829607009,-3.0674526870918157],[140.75982768370068,-3.067529045828735],[140.75986333192725,-3.0676096520637657],[140.75988227524692,-3.0677350544291926],[140.75987320198669,-3.0679257592663021],[140.75985508874146,-3.0680528982226178],[140.7597664245809,-3.0683259926503865],[140.75950877421064,-3.0689079106714985],[140.75938636029241,-3.0692829342599453],[140.7593479691335,-3.0697905107234646],[140.7593672712826,-3.0699198503207867],[140.75945738784822,-3.0700039324354975],[140.75963765155643,-3.0700427633627783],[140.75994667030261,-3.0700622399803592],[140.76021066718863,-3.0700234971865825],[140.76035875944922,-3.069965331734636],[140.76060622859461,-3.069821672232365],[140.7608194839321,-3.0697176341614636],[140.7609725836179,-3.069656162801607],[140.76130475810817,-3.0695943793770653],[140.76168746640349,-3.0695688368323317],[140.76203444913062,-3.0695842943796379],[140.7622594082452,-3.0696310986962203],[140.76240737370142,-3.0697131339539396],[140.76249411061474,-3.0698156521705755],[140.76265252979044,-3.0700677546231532],[140.76273312883086,-3.0703031090012587],[140.7627880980923,-3.0706454449313014],[140.7628025726807,-3.0709375519264199],[140.76282073628806,-3.0711243662964307],[140.76288977724153,-3.071310600603681],[140.76298072118345,-3.0714462813207888],[140.76307522374259,-3.0715229764041965],[140.76330458773657,-3.0716922656854422],[140.76339180758589,-3.0717762551699934],[140.76346086922376,-3.0718712109875241],[140.76351174387196,-3.0719880643976012],[140.76355533491085,-3.0721158580603287],[140.76356937512662,-3.0723169617583039],[140.76353240219862,-3.07248593088093],[140.76344621207306,-3.0726219119716234],[140.76331039555839,-3.072729656148681],[140.76316265673131,-3.072816163734899],[140.76299439717377,-3.0728655850786595],[140.76282616729384,-3.0728902696701539],[140.76242336364737,-3.0729066490225705],[140.76209920391523,-3.0729024563831899],[140.76190585686982,-3.072881915867697],[140.7617088999458,-3.0728282928913586],[140.76150783941534,-3.0728117660501084],[140.76134371134322,-3.0728076093836307],[140.76092859238065,-3.0728404921949277],[140.76031246864557,-3.0729226569550292],[140.76004129606906,-3.0730176406515284],[140.75992222313221,-3.0731254279960467],[140.75984831864503,-3.0732696513732662],[140.75982365743596,-3.0734386097040556],[140.75984413859624,-3.073644674961713],[140.75993442513368,-3.0739419557565952],[140.76004530344801,-3.074165350050805],[140.76041040031976,-3.0745981550807642],[140.76056643359414,-3.074805327403908],[140.76064436884258,-3.0749578398323933],[140.7606853590421,-3.07514741512108],[140.76070999866761,-3.0752887867480467],[140.76069763209011,-3.0755360634385056],[140.76065542690651,-3.0757440298630172],[140.7605723808108,-3.076172482174286],[140.76061956913782,-3.0766028140685648],[140.76074980176202,-3.0771503348200326],[140.76114152576088,-3.0777371235693636],[140.76193535643165,-3.0784395192683291],[140.76218416466747,-3.0786419089968717],[140.76251690393201,-3.0788486874169507],[140.76265907055972,-3.0790510519644272],[140.76274194938151,-3.0793843263255667],[140.76268262200551,-3.0796818499374012],[140.7624811280017,-3.0798841380424733],[140.76203078619187,-3.0799554488847889],[140.76148564144921,-3.0801100522370461],[140.76109302442364,-3.0803019567698584],[140.76080853288749,-3.0805994300196176],[140.76059514355109,-3.0809683427148116],[140.76052396760713,-3.0813372877855727],[140.76048824923339,-3.0819964818521157],[140.76047623519014,-3.0826986832975649],[140.7602792791655,-3.0838118470390441],[140.7600630767497,-3.0845475824049799],[140.75988681412525,-3.0850272043419409],[140.75976534359575,-3.0853523749121337],[140.75968456469093,-3.0854924506160728],[140.75956708175545,-3.0855550973897721],[140.75937746240004,-3.0855662597750211],[140.75913177391226,-3.0855451958540812],[140.75889656612367,-3.0854716439012009],[140.75869230490605,-3.0854029797636713],[140.75851459617172,-3.0852821882223793],[140.75834176266233,-3.0851031862629839],[140.75821633781379,-3.084908906620683],[140.75801228973546,-3.0846354560613918],[140.75791299378966,-3.0845671840282876],[140.75771958199323,-3.0845093881976595],[140.75757322812206,-3.0844988562371896],[140.75732158432368,-3.0845467999947687],[140.75720132428171,-3.0846045247789675],[140.75695037206208,-3.0847724722717089],[140.7567020152859,-3.0850047212908294],[140.75630963568119,-3.0856115127610337],[140.75589762837296,-3.086366951373634],[140.75574627696915,-3.086839477659737],[140.75568736867717,-3.0872867141105189],[140.75568727964435,-3.087674885787294],[140.75576573110368,-3.088294108586183],[140.75581789537966,-3.0891655894203609],[140.75578036577133,-3.0897665982498665],[140.7557081753921,-3.0902652048752657],[140.7556369643745,-3.0905629083515009],[140.75554207061009,-3.090717704158692],[140.75540568842189,-3.0907831658104215],[140.75525748374594,-3.0907890887453959],[140.75510332735678,-3.0907533209089593],[140.75491957697693,-3.0906520527499879],[140.75478916988436,-3.0905567542907306],[140.75458171427476,-3.0903125775633384],[140.75425534580768,-3.0898887810423616],[140.75394079623084,-3.0894294523073427],[140.75384597081495,-3.0892924846604046],[140.75334157165628,-3.0887969851926869],[140.75284762801573,-3.0882534871087159],[140.75253347503985,-3.0879437920722808],[140.75236750065972,-3.0878365704013504],[140.75205924363922,-3.0877174111295744],[140.75172725171137,-3.087587854795629],[140.75153029208934,-3.087541263618391],[140.75132132382009,-3.0875249166415415],[140.75113594027152,-3.0875551212718051],[140.75101568112882,-3.0876019660578322],[140.75084103278755,-3.0877141726708714],[140.75071025427485,-3.0877799643737944],[140.75054024643532,-3.0879178915973853],[140.75042148016723,-3.0880347845775873],[140.75027479894288,-3.0880932099336178],[140.75010915371456,-3.0881121190789713],[140.7500005192087,-3.0881055962962023],[140.74987404035471,-3.0886184310956537],[140.74975490266672,-3.0889535166913902],[140.74949293555062,-3.0891210127244904],[140.74901664200445,-3.0893842047172484],[140.74811174865829,-3.0895994205767465],[140.74761164915833,-3.0898386699186062],[140.7473258410148,-3.090125843233011],[140.74725436109998,-3.090317319688495],[140.74734945990974,-3.090939700007084],[140.74737313006597,-3.0915381259836749],[140.74739681101403,-3.0920886783497963],[140.74737284677951,-3.0927349662456436],[140.74720127232092,-3.0932854709477056],[140.74699160258047,-3.0938216053827432],[140.746743851048,-3.0942811319686143],[140.74645806988406,-3.0944534078984134],[140.74615328334744,-3.0944341848896784],[140.74586756963265,-3.0943192200559224],[140.74565811393086,-3.0939553309736993],[140.74546774274222,-3.0934382495755131],[140.74504886281488,-3.0925764247621714],[140.74445856221291,-3.0916188095603729],[140.74384917170198,-3.0908335359388843],[140.74362075919078,-3.0900866516776091],[140.74354471791446,-3.0894355533080784],[140.74331629730932,-3.0887269675754396],[140.74320210679184,-3.0882865039189937],[140.74306883625786,-3.0879800797168855],[140.74280219176785,-3.0877885214230787],[140.74234500971454,-3.087788409907148],[140.74171637011443,-3.0878457048153791],[140.74110670620962,-3.0882093951474303],[140.74089708503254,-3.0885348840776032],[140.74070651779164,-3.0888412282400282],[140.74064929482915,-3.0891476056773968],[140.74083971907783,-3.0894348932056914],[140.74131583006158,-3.0899328963860171],[140.74162050778023,-3.0903925560715493],[140.74182995269018,-3.090794746380368],[140.74190601105363,-3.0913692467932492],[140.74162014715216,-3.0918862121789061],[140.74099143920364,-3.0922115976870259],[140.74057943009666,-3.0924867713473532],[140.74013283666113,-3.0929953172800424],[140.74007316214681,-3.0935937216728462],[140.74028131832824,-3.0944016393241327],[140.74060852586285,-3.0952395079968369],[140.74111440170839,-3.095748288652544],[140.74221566022459,-3.0958981642688173],[140.74275138816608,-3.0960478986915518],[140.74355497018576,-3.0963173832406028],[140.74379300184557,-3.0966764933254467],[140.74379288673242,-3.0971552294302569],[140.74367375623888,-3.097454409593297],[140.74334629419616,-3.0976637771615287],[140.74273778232282,-3.0981615141425323],[140.74247102901484,-3.0984103907268832],[140.74241380155581,-3.0987359183279182],[140.74241371432151,-3.0990997570481227],[140.74258504776185,-3.0995593852573506],[140.74279449986636,-3.0999424254025598],[140.74308017760814,-3.1002105870488776],[140.74388013176269,-3.1007278159358975],[140.74429911960874,-3.1011492049717617],[140.74456569844824,-3.1016280049284433],[140.74456558783163,-3.1020875917689068],[140.7443940448494,-3.1024896876489265],[140.74414634637685,-3.1027194221635455],[140.74347944062379,-3.103427787562282],[140.74321267022856,-3.103753263002659],[140.743212582095,-3.1041171026221264],[140.7434029757668,-3.1045384359000536],[140.74359339821683,-3.1048448726926949],[140.74382186738535,-3.1053619639833983],[140.7438789383624,-3.1056875176647623],[140.74397406055448,-3.1062045756805787],[140.7442406780649,-3.106530180623281],[140.74469779896435,-3.1068175338020865],[140.74538350234684,-3.1071623887332294],[140.74618350776279,-3.1074881231783138],[140.74671677875642,-3.1079861371504762],[140.74698336928714,-3.1084266376791447],[140.74728806679093,-3.1088288495716938],[140.74766896924757,-3.1092119301864045],[140.74804988609344,-3.1095375621087555],[140.74829743617784,-3.1099397587128692],[140.7483925466787,-3.1105142654209885],[140.74833521220035,-3.1112993780637908],[140.74825890022817,-3.1117780961821495],[140.7482396961052,-3.1124291720685733],[140.74804909019338,-3.1128887121442972],[140.74753465639935,-3.1132715769217043],[140.7467154450618,-3.1135777708973364],[140.74473417114518,-3.1139985780718575],[140.74412456569621,-3.1140558792753836],[140.74357209507616,-3.1141706399629925],[140.74324825460337,-3.1141514106590193],[140.74315309374037,-3.113787548556445],[140.74286755719208,-3.1129257552194076],[140.74260097295655,-3.112466103627753],[140.74223914871777,-3.1119681292257155],[140.74193447459641,-3.1114701701122272],[140.74159166022696,-3.111144545384434],[140.74113447187847,-3.1111252828055171],[140.74084867632541,-3.1113358563646329],[140.74044856704779,-3.1116038489384437],[140.74021988563925,-3.1119484826363077],[140.74001025906625,-3.1122739706671609],[140.73997201000032,-3.1128867417297101],[140.740043263286,-3.1136335882194999],[140.74007881528519,-3.1143157950378395],[140.74015010094649,-3.1149261999840974],[140.740042813625,-3.115464749998182],[140.73964976312618,-3.1160750407304931],[140.73922108238708,-3.1163262699413394],[140.73736803110978,-3.1166467523456731],[140.73629642234209,-3.1168858506014772],[140.73494499671426,-3.1172076586065032],[140.73437937530798,-3.1175366467987828],[140.73387326743739,-3.1179254911684211],[140.73339690914008,-3.1183741827223344],[140.73283129223046,-3.1186732486714277],[140.73232526709751,-3.118732961856665],[140.73181931660827,-3.1184934652011975],[140.73143245164636,-3.1181642359906618],[140.73134325418789,-3.1177752396355345],[140.73167084663237,-3.1170871422577875],[140.73184960487538,-3.1164289275529313],[140.73187953701108,-3.1157706741772131],[140.73179034764644,-3.1153517582769723],[140.73161184031426,-3.1150225821264144],[140.73110583136906,-3.1150224517247125],[140.7306295198365,-3.1152916179137833],[140.73027216882565,-3.1159497876525393],[140.73012316824963,-3.1166379299964433],[140.73000396221312,-3.1172063977570019],[140.72994427780623,-3.1178048021498626],[140.73003342939933,-3.118373322071136],[140.73036071067827,-3.1189119836010946],[140.73044985417744,-3.1195104257654975],[140.73030090576231,-3.1199891223001259],[140.72982452228393,-3.1205275760867153],[140.72881237039462,-3.121035970933292],[140.72663924230721,-3.1220227961151181],[140.72518058961259,-3.1225909122407529],[140.72425799491054,-3.1220820128745572],[140.72396048209066,-3.1215433594384194],[140.72348447093168,-3.1206456049106919],[140.72282982923332,-3.11989740943784],[140.72214519514466,-3.1200169113513425],[140.72146045133877,-3.120555305782716],[140.71997196183668,-3.1213926951167537],[140.71919799898853,-3.1216318554257327],[140.71791810363766,-3.1215716691971238],[140.71683064971478,-3.1214252298904057],[140.71592532109673,-3.1217283104131752],[140.71366211871191,-3.1220310204151929],[140.71245516287559,-3.1218790259961793],[140.71139904133281,-3.1218787364144873],[140.71079550001241,-3.1220302317098003],[140.70958808732041,-3.1235465273502996],[140.70913491984072,-3.125518021139726],[140.7086820023726,-3.1265795350174699],[140.70822883129563,-3.1285510270082568],[140.70702153191826,-3.1296123304446724],[140.70340098456779,-3.1279430160573156],[140.69917699302391,-3.1261218538404592],[140.69766876430208,-3.1243014650405598],[140.69525511792938,-3.1230874612173238],[140.69314278581101,-3.1233901703200786],[140.69057796160371,-3.1232377523203922],[140.689522153025,-3.1221757986741068],[140.68831569361441,-3.1203554881152513],[140.68741089739501,-3.1188385917275809],[140.68650574414482,-3.1185349958932989],[140.68544976289627,-3.1180796907250965],[140.68454524276876,-3.1156528171237596],[140.6836402747789,-3.1147425683148526],[140.68273499022769,-3.1148939565907767],[140.68152768455502,-3.1159552303495275],[140.67926472318845,-3.1154995519627278],[140.67700162422568,-3.1154988567867576],[140.67594565107106,-3.1150435444239974],[140.67428655927733,-3.1133747426501941],[140.67307980938574,-3.1126160547870541],[140.6712692888467,-3.1127671516826467],[140.67081657732319,-3.1130703347280928],[140.670061930114,-3.1139800727221427],[140.66930713991269,-3.1153447966250383],[140.66749652044814,-3.1157992123636973],[140.66553488322836,-3.1167085618506007],[140.66462940262488,-3.1174665851147552],[140.66387474822113,-3.1183763177128299],[140.66281844141804,-3.1189826271464653],[140.66281829572779,-3.1194376139546875],[140.66296844383862,-3.121712596559064],[140.66296747706747,-3.1247458443451706],[140.66266563131387,-3.1250490705581342],[140.66311733469729,-3.1279308005659345],[140.66311656038101,-3.1303573971761125],[140.66236160290566,-3.1321771006926156],[140.66175771084977,-3.1333902033950949],[140.66160630009074,-3.1350584403946868],[140.66190741919206,-3.1370301464240811],[140.66220844026736,-3.1393051775918366],[140.66175502997078,-3.1417316276125007],[140.6614527876161,-3.14324815078146],[140.66069781485237,-3.1450678516000039],[140.65918855101086,-3.1465839790673158],[140.65783010977179,-3.1482518167678677],[140.65632083603782,-3.1497679388392612],[140.65496233724218,-3.1515874337130754],[140.65481060902243,-3.1541656389330228],[140.65556420312555,-3.1565924837560715],[140.65646882757437,-3.1585643930322931],[140.65827863315246,-3.1608399242230689],[140.65812750478062,-3.1615981840089376],[140.65827749101345,-3.1643281516228399],[140.65827724280052,-3.1650864626700468],[140.65872923756433,-3.1670582199608361],[140.65918103537649,-3.1696366257296518],[140.65963303283831,-3.1716083830204411],[140.65963268569999,-3.1726700183066328],[140.65948130821585,-3.1741865891397083],[140.65872670237547,-3.1747929876062244],[140.65585990381157,-3.1749436950954077],[140.65374761486055,-3.1747913247597808],[140.65193698820156,-3.1749423757899535],[140.64937169814539,-3.1758514770639863],[140.64740982710191,-3.1770641022264954],[140.64590059743466,-3.1782768775757972],[140.64393851055388,-3.180096143122455],[140.64273098544663,-3.1814606799663352],[140.64137231128325,-3.1835834720994853],[140.63922212040461,-3.1850127817144767],[140.63636390586964,-3.1866873283574932],[140.63469695579988,-3.1866867357042565],[140.63183975300228,-3.1854888891008954],[140.62803018884222,-3.1838119610530953],[140.62612510998588,-3.1838112685751412],[140.62279026375973,-3.1864430598992612],[140.62112252858185,-3.188596726657579],[140.61993114720474,-3.1905112034292529],[140.6185016235512,-3.1924255875707672],[140.61494393161718,-3.1968040322802267],[140.61494393161718,-3.1971609453213432],[140.6154779886183,-3.1977555608704051],[140.61607308170744,-3.1979930259573166],[140.61703438502889,-3.1982896187708434],[140.61767525540881,-3.198289142130136],[140.61820931240993,-3.1985266072171044],[140.61917061483211,-3.199299082586549],[140.61952156806603,-3.199239479118603],[140.62005562416778,-3.2003099781229594],[140.62058968206827,-3.200606809256783],[140.62083382282276,-3.2010230874454919],[140.62058968206827,-3.2017373901683754],[140.62048286958884,-3.2021536692564041],[140.62054390567675,-3.2028679710799679],[140.62130684463523,-3.2031645638934378],[140.62196297291291,-3.203461633347672],[140.62249702991403,-3.2033421853934669],[140.62297005262587,-3.2029847948123802],[140.62333626285829,-3.2034604408466407],[140.62350410962699,-3.2044122068577963],[140.62342781564121,-3.2054235799342337],[140.62300057022026,-3.2054836600428303],[140.62246651231976,-3.2056624740438906],[140.62240547713111,-3.2060193879843268],[140.62300057111952,-3.2067329748468865],[140.62353462722137,-3.2071490147151849],[140.6243738610649,-3.2074456066293919],[140.6243738610649,-3.2079214909839493],[140.62412972031041,-3.2082786423454195],[140.62377876797586,-3.2087550024413645],[140.62371773278721,-3.2095882746791062],[140.62402290873035,-3.2100639198139902],[140.62443489625355,-3.2103016241206319],[140.62478584768883,-3.2105986926754895],[140.62464851941365,-3.2115506988056381],[140.62518257641489,-3.2119667386739934],[140.62565559912662,-3.2123234133947562],[140.62565559822735,-3.2127992959506741],[140.62528938709556,-3.2133946282594366],[140.62506050603758,-3.21393011608194],[140.6251215421255,-3.2150010926262667],[140.62547249176214,-3.2155363421284164],[140.62547249266152,-3.2160122255837109],[140.62535042228421,-3.2164883473593022],[140.62518257641489,-3.2169644691348935],[140.62528938799494,-3.2175593230043091],[140.62618965612785,-3.2179155201850449],[140.62672371312897,-3.2193429331298375],[140.62725777102935,-3.2202350956731038],[140.62817329795939,-3.2220191806406433],[140.62847847300316,-3.2231495241312018],[140.62817329795939,-3.2235660406402076],[140.62747139418957,-3.2239832730095941],[140.62675423072324,-3.2243409010117148],[140.62640327928796,-3.2248172620069795],[140.62635750199718,-3.2254714819233072],[140.62765449885615,-3.2270173877421939],[140.62937874203533,-3.2286224221869588],[140.63018745738532,-3.22921656199469],[140.63072151528581,-3.2297515722771664],[140.63113350190963,-3.2305843687735774],[140.63162178161997,-3.2319521755524079],[140.63203377004254,-3.233082279823293],[140.63238472237708,-3.2347478719166816],[140.63316292013269,-3.2361156795948887],[140.63404792856909,-3.2366502141360343],[140.63482612722407,-3.2367687079095049],[140.63572639625625,-3.2365894172677372],[140.63619941806871,-3.2362320275859702],[140.63726753297033,-3.2362904403514676],[140.63819831779824,-3.2362897262897832],[140.63928169239625,-3.2352771607123714],[140.6402277360213,-3.234800323975719],[140.64117378144488,-3.2347993706943612],[140.64242500191233,-3.2347390513660912],[140.64314216358002,-3.2347383346063907],[140.6442102793809,-3.2352132647802705],[140.64527839428251,-3.2360453463156205],[140.64617866241542,-3.2364015443957328],[140.64689582498238,-3.2359845494473802],[140.6475977287522,-3.2359242292197337],[140.64796393898462,-3.2365188456681722],[140.64813178575332,-3.2369947291234098],[140.64813178575332,-3.2377683969938857],[140.64790290559472,-3.2383038848163892],[140.64802497507264,-3.2406835422116842],[140.64837592740719,-3.2419328543177244],[140.64909308907488,-3.2430627211675755],[140.64981025344048,-3.2443113183126684],[140.65028327525306,-3.2455010269507625],[140.65063422668823,-3.2464525546416212],[140.65093940263137,-3.2478208389604788],[140.65093940263137,-3.248891816404182],[140.65071052067401,-3.2492489668662756],[140.65124457767513,-3.2502784576846011],[140.65197699993871,-3.2511653753817313],[140.65235846896826,-3.2520525313991584],[140.65295356295667,-3.2520224913448601],[140.65353339634919,-3.2514307356398717],[140.65379279590093,-3.2508528088100093],[140.65385383108946,-3.2499008026798606],[140.65479987471451,-3.2489478441676169],[140.65580695442748,-3.2484707691106678],[140.65640204661725,-3.2482323498430219],[140.65742438512734,-3.2482910009289299],[140.65801947911575,-3.248826012110726],[140.65878241717485,-3.2497176980132849],[140.65962165011911,-3.2501334995612865],[140.66044562516549,-3.2500138141861044],[140.66097968306599,-3.2496564236050176],[140.66169684473368,-3.2495961042767476],[140.66235297301137,-3.249952539777837],[140.66282392728249,-3.2505052649059962],[140.66345652659754,-3.2502330194382694],[140.66490804586965,-3.2496083413518022],[140.66684317107558,-3.2491601741027125],[140.66952237195994,-3.2491610581362806],[140.67368992115303,-3.2494616259532449],[140.6754760080114,-3.2496118073389653],[140.6787503532463,-3.2503608760535485],[140.68142913684528,-3.251708162101977],[140.68395908264563,-3.2530553950903709],[140.68693548068791,-3.2547019683211147],[140.68887015083681,-3.2557497954167047],[140.69065607132075,-3.2564983668061132],[140.69259056790042,-3.2581446027911625],[140.69378084131279,-3.2597906094489986],[140.69512000738246,-3.2612870561526961],[140.69556560167121,-3.2644288718948928],[140.69554787603374,-3.2647301924444037],[140.69541598865703,-3.2669720916886149],[140.69526637384411,-3.2695153105830741],[140.69734957062622,-3.2717600022222655],[140.70077236874988,-3.2741546953828333],[140.70226032495407,-3.2759503870007052],[140.70389695887764,-3.2783445369707351],[140.70523616361811,-3.2798409728825391],[140.70717055407783,-3.2820856033678751],[140.70925345678165,-3.2855271037927309],[140.71103888713503,-3.2882204959790329],[140.71178271100337,-3.2897167520264361],[140.71267504621642,-3.2924098834093343],[140.7126743600337,-3.2948035459468201],[140.71297124872422,-3.2976461077815884],[140.71401235878341,-3.3006384876759967],[140.71579799598078,-3.3027334592816828],[140.71713733472029,-3.3039306736616254],[140.71847650708514,-3.3057263050249048],[140.71892264726239,-3.3072224720394274],[140.71907103719866,-3.3088681576393242],[140.71981492941552,-3.3102148060684158],[140.72160080403398,-3.3115617476764783],[140.72338672541707,-3.3127590816662291],[140.72561933826194,-3.313507725900763],[140.72770289477285,-3.3150043452742466],[140.73410294169742,-3.3176989668338024],[140.73588877134978,-3.3193450931015036],[140.73871648088095,-3.3214403066248224],[140.74035323441433,-3.3239840129517688],[140.74329359842091,-3.3280061480652421],[140.74500813701593,-3.3291555553845456],[140.74672255690052,-3.330783693412684],[140.74805610310671,-3.331645757445699],[140.74910389243075,-3.33231625419171],[140.75015175370049,-3.3326995083755833],[140.75053282972635,-3.3326996046030217],[140.75177101631937,-3.3339446269429232],[140.75205667967214,-3.3345191813151018],[140.75215168495231,-3.335572418732113],[140.75196100259825,-3.3361468516957871],[140.75215137378689,-3.3368171272086329],[140.75310387814147,-3.3375833423972949],[140.75338954329288,-3.3381578940715144],[140.75310356697605,-3.3388280499744951],[140.75291295476916,-3.3391152421746142],[140.75367506635132,-3.3393069281721637],[140.75405600118359,-3.3398815041280727],[140.75434154942309,-3.3409347910077258],[140.75491312074394,-3.3411264266431999],[140.75662783830421,-3.3417013371469579],[140.75710402213303,-3.3423716819075366],[140.75717894914919,-3.3431265863228532],[140.75738502969546,-3.3430451697986996],[140.75763754493687,-3.3430534039913482],[140.75790619761301,-3.3431270081048865],[140.75832139121928,-3.3431271106276199],[140.75862266230604,-3.3430945012102029],[140.75920083015421,-3.3430374473202846],[140.7599600926842,-3.3429884036918338],[140.7604486673722,-3.3430786092903304],[140.76080683406815,-3.3433322001208694],[140.76099381571214,-3.3436102624036153],[140.76118609975879,-3.3442319115733881],[140.7614294212309,-3.3447559339391546],[140.76167279936021,-3.3450470822569969],[140.76197405156131,-3.3450937300915484],[140.76213645383439,-3.345058839094122],[140.76224078238624,-3.3449191420047555],[140.76224081925852,-3.3447677753125618],[140.76218305580346,-3.3445465330959792],[140.76207881268715,-3.3443369227107951],[140.76180060111687,-3.3439403612586034],[140.76162694113054,-3.3436492282292534],[140.76150035885451,-3.3432283940750835],[140.76147470209594,-3.3426817519612086],[140.76148215387832,-3.3423322421392072],[140.76158369273332,-3.3420048169686538],[140.76185891585635,-3.3418665911701737],[140.76211994228163,-3.3418374432433779],[140.7623662153286,-3.3418738630882672],[140.76256908799303,-3.342070627557348],[140.76269316655646,-3.3422969932116189],[140.76291759327239,-3.3424353413179233],[140.76322933156848,-3.3424791311069839],[140.76343933585667,-3.3424791823683222],[140.76365219099591,-3.3424181552736059],[140.7639461775741,-3.3420346007162038],[140.76426931927369,-3.341798538571652],[140.76454850391042,-3.3416805358280044],[140.76494526411273,-3.3417249587398032],[140.76513596355392,-3.3418724898235155],[140.76529772730828,-3.3421382880515011],[140.7653563433206,-3.3423448227553081],[140.76520946694336,-3.3426399631637196],[140.76497420339683,-3.3427873917246984],[140.764504266259,-3.3429790921113636],[140.76401930504699,-3.3431854964134686],[140.7636225079724,-3.3432887619667326],[140.76317779861654,-3.3434588138730987],[140.76307685511279,-3.3436710295943044],[140.7630768038515,-3.3438830645517328],[140.76318670999876,-3.3441229092448452],[140.76331534093026,-3.3442706291861555],[140.76358145302174,-3.3443074627192004],[140.76382944916986,-3.3442521652052051],[140.76417155307479,-3.3441313179059762],[140.76452245504731,-3.3439557279744463],[140.76499072484216,-3.3436236910804382],[140.7654774271416,-3.3432456979305698],[140.76570052825684,-3.3430018485564119],[140.76593609127769,-3.3427886435810024],[140.76621725622147,-3.342690659746097],[140.76645815491997,-3.3426792788255852],[140.76672229210021,-3.3426793417781369],[140.76693457616977,-3.3426332263422864],[140.76702075100695,-3.3425525589534004],[140.76707802972737,-3.3424257185720307],[140.76710697980332,-3.3422412658217127],[140.76719290103165,-3.3420394651491279],[140.76727795081683,-3.341921618887568],[140.76754357367702,-3.3416291620561651],[140.7677181950387,-3.3414531206649372],[140.76784603366764,-3.3413557123961368],[140.76806569037933,-3.3412940737624695],[140.76823942321084,-3.3412787942808677],[140.76844516741062,-3.3413243962039019],[140.76881781858754,-3.341447661780137],[140.76914994991034,-3.3415504893635557],[140.76938489689553,-3.341545233725526],[140.76966067310161,-3.3414580741307418],[140.76977321156448,-3.3413453414143532],[140.76987529091195,-3.3411247503069603],[140.77002357292963,-3.3408682177939681],[140.7702123748013,-3.3406425392217329],[140.7704116591708,-3.3404374955939033],[140.77071381339181,-3.3402567849226443],[140.77098960668502,-3.340092612783792],[140.77141900238507,-3.3399529912375101],[140.77162337601806,-3.3397941143068692],[140.77168462704401,-3.3396452117570448],[140.77166934216643,-3.3395630910637806],[140.77153672274164,-3.3394913593386946],[140.77136809176409,-3.3395066406189358],[140.77117394072479,-3.3395785000477076],[140.77097468783165,-3.3396552598823064],[140.77086244434645,-3.3397169245963596],[140.77074481841873,-3.3397681697651933],[140.77065808600196,-3.3398092076287753],[140.77037892025101,-3.3398465240977657],[140.77015106082285,-3.339846471037788],[140.76985095255952,-3.3397528426195322],[140.76970586313519,-3.3396905061119355],[140.76962314169475,-3.3395448402221746],[140.76961269696847,-3.3393679363811088],[140.76963341824774,-3.3392327116202978],[140.76973718562272,-3.3390560398043476],[140.77001806098474,-3.3389811379690855],[140.77044264261394,-3.3388147543973332],[140.77095173173711,-3.3384287959520975],[140.7710657181085,-3.338189617656667],[140.77117972426493,-3.3378568828887865],[140.77115910101179,-3.3375760030300512],[140.77115916756156,-3.3372847090220716],[140.77120178643338,-3.3368226517439439],[140.77127438420553,-3.3366251363408992],[140.77139854011057,-3.3365211900008944],[140.77160571782963,-3.3364899853245333],[140.77181259157794,-3.336542121721493],[140.77216483443965,-3.3366878505638056],[140.7726307111385,-3.3368750741253166],[140.77298266531784,-3.337041639360109],[140.77318983494297,-3.3370416870241684],[140.77335534887027,-3.3370208893025506],[140.77347979165916,-3.3369065252159089],[140.77347982673268,-3.3367504595660193],[140.77344868500882,-3.3366048062667346],[140.77329342874884,-3.3363864014112323],[140.77305541957207,-3.3361575599233788],[140.77281712890749,-3.3359182997896824],[140.77266190592229,-3.3355542479301334],[140.77267217168344,-3.3352799106393149],[140.77287937278493,-3.3351447299452843],[140.77344876504856,-3.335020050634796],[140.77395611488282,-3.3347913809174656],[140.7742772573896,-3.334604136671544],[140.77442242235702,-3.3343339173763411],[140.77440148074379,-3.3341986818236364],[140.7743085448036,-3.3341051028681363],[140.77406000456563,-3.3340737929711395],[140.77382164375388,-3.3341464590917553],[140.77345943910188,-3.33419846508707],[140.77329364368677,-3.3342088450621077],[140.77311764636238,-3.3342192214398665],[140.77293117283546,-3.3341879250326656],[140.77277589499158,-3.3340630766496133],[140.77258975871041,-3.3337925758666529],[140.77247591263335,-3.3334285338996779],[140.77236217627353,-3.3325932327913961],[140.77234159528848,-3.3321252381891213],[140.77230003761667,-3.3316778686386783],[140.7722902736773,-3.3309990648548933],[140.77231132500776,-3.3306558907567023],[140.77239416965529,-3.3302606396167675],[140.77250961382765,-3.3298345516232075],[140.77261083881922,-3.3296192710125183],[140.77274832897228,-3.3294485302254202],[140.77289092097931,-3.3292745231007075],[140.77291714790806,-3.3292009828390405],[140.77299525582646,-3.3291669021307939],[140.77306873763223,-3.3291764799105863],[140.77312668275022,-3.3291958908775996],[140.77315685860219,-3.3292132675782113],[140.77319510586949,-3.3292388865652924],[140.77321878232101,-3.3292608444123744],[140.77323517066668,-3.3292882863253226],[140.77324973518716,-3.3293212168006789],[140.77326823693966,-3.329365245809413],[140.7732807339188,-3.3293903791626462],[140.77331198356126,-3.3294217987769343],[140.77336198766568,-3.3294469411233649],[140.77345575278082,-3.3294595280347608],[140.77354326580917,-3.329478395811293],[140.77365578808417,-3.329478421891622],[140.77379331510951,-3.3294784542671891],[140.77386762519086,-3.3294784713543208],[140.77393709422154,-3.3294784866428131],[140.77405586588554,-3.3294785136224618],[140.77412462984785,-3.3294785298102738],[140.77421840485556,-3.3294534216380498],[140.77433093432523,-3.3294220343993288],[140.77446846764576,-3.3293906525565262],[140.77456223995546,-3.3293718270481349],[140.77466851643896,-3.3293530033383831],[140.7747935482837,-3.3293216187976213],[140.77481855393319,-3.3293153424290836],[140.77484356138132,-3.329302783396713],[140.77484981256885,-3.3293027842960328],[140.77485606375637,-3.3293027860946722],[140.7749686094138,-3.3292022895539617],[140.77508115686999,-3.3290892285849623],[140.77515619000621,-3.3290075719418724],[140.77523122314255,-3.3289259161980453],[140.77530000778916,-3.3288316933279134],[140.77539380438066,-3.3287123451985394],[140.77547508780515,-3.3286306885553927],[140.77561263281677,-3.3285490481000579],[140.77578142926961,-3.3284925427965391],[140.77591895899286,-3.3284800089452347],[140.7760939832508,-3.3285240271620751],[140.77617523160177,-3.3285994362149722],[140.77623147610177,-3.3286748407712139],[140.77628145502524,-3.32881306926771],[140.77629393401787,-3.3289135927880125],[140.77628765944803,-3.3290203962742453],[140.7762813812808,-3.3291397641887102],[140.77624384357853,-3.3292716902362827],[140.77616506926256,-3.3294510339380281],[140.77615002720211,-3.3294852774235437],[140.776087488347,-3.3296046318482126],[140.77606245841582,-3.329717712602303],[140.77603742488736,-3.3298370769194889],[140.77603114941803,-3.3299501621701779],[140.7760123643792,-3.3300883735795423],[140.77604982923629,-3.3302768606885138],[140.77608107258345,-3.3303271291936198],[140.77612482819836,-3.3303459870775782],[140.77624984655324,-3.3303711447125011],[140.7763436143664,-3.3303774498593839],[140.77643738217955,-3.3303837532075704],[140.77658741068058,-3.3303837873818338],[140.77664992435461,-3.3303838017710063],[140.77678746127242,-3.3303398546005383],[140.77691250930491,-3.3302330798926505],[140.77698128765633,-3.3301639867785298],[140.77704381571959,-3.3300948918657127],[140.77713136022419,-3.3299755419376424],[140.77719389098536,-3.3298938825965365],[140.77727518520169,-3.3297682500046903],[140.77735022013667,-3.3296803106977109],[140.77741899758871,-3.3296112175835901],[140.77750653310011,-3.3295358463022353],[140.77763782872285,-3.3294479186864692],[140.77775661567534,-3.3293851208266005],[140.77794416569077,-3.3293286200197372],[140.77803793530256,-3.3293223580403719],[140.77814420639004,-3.3293223823220615],[140.77821297305036,-3.3293098322828882],[140.77828174600586,-3.3292658698239848],[140.77831926212434,-3.3292281828342993],[140.7783442983507,-3.3290899714249917],[140.77834430284736,-3.3290648407697176],[140.77833181576079,-3.3289957287698257],[140.77829432931992,-3.3289077651811567],[140.77824434140325,-3.3288072317682804],[140.77818810769509,-3.3286815668008103],[140.77814437186532,-3.3285810360858932],[140.77807564207728,-3.3284302377651898],[140.77801316167813,-3.3282920056714715],[140.77793818789712,-3.3281035122672051],[140.77790696883164,-3.3279401576121472],[140.77789449163754,-3.3278270678648596],[140.777875760558,-3.3277265407472214],[140.77782578613119,-3.3275694651586605],[140.77778830328759,-3.3274626526792304],[140.77775082763867,-3.3273181451162372],[140.77774460433011,-3.3271987736044935],[140.77775089328918,-3.3270291452788001],[140.77776966933482,-3.3269286280536789],[140.77782595340511,-3.3268218362587163],[140.77790723593023,-3.3267464640779849],[140.7779870714462,-3.32670847941273],[140.77802602288273,-3.3266899470833664],[140.77815104033834,-3.326715105617609],[140.77820104534203,-3.3267402479640396],[140.77827603081425,-3.3268659174281083],[140.77834475790428,-3.3270292792777809],[140.77841349758489,-3.3271360998510886],[140.77847598068206,-3.3272680483816544],[140.7785259479142,-3.3274565372893221],[140.77853215863229,-3.3276387336405833],[140.7785508933091,-3.3277266936319734],[140.77859463273614,-3.3278083781540886],[140.77868836727441,-3.3279654636351665],[140.77875711325021,-3.3280408708894242],[140.77886961124364,-3.3281476995566663],[140.77894461470225,-3.3281979779542894],[140.77906337197714,-3.3282671133365511],[140.77912587575861,-3.3283048219099669],[140.77921338788758,-3.3283299732495948],[140.77930089821791,-3.3283614045551531],[140.77941340610391,-3.328424257273582],[140.77950716492376,-3.3284682557053884],[140.77963217968136,-3.3285122622310723],[140.77973844357439,-3.328537417168036],[140.77980095724843,-3.3285374306578319],[140.77982596289792,-3.3285311533899744],[140.77989473675279,-3.3284809082672382],[140.77996351780212,-3.328405531589965],[140.78001979827513,-3.3283175877863869],[140.78005731978953,-3.3282547710408039],[140.78001358395977,-3.3281542403258868],[140.77993233381017,-3.3280788303736699],[140.7798573411435,-3.3279845751279709],[140.77981360711237,-3.3278714781861254],[140.77980113081765,-3.327752105775005],[140.77981989966872,-3.327683000969671],[140.77988867082558,-3.3276516038383761],[140.78002620504537,-3.3276202219955735],[140.78011372077162,-3.3276202408813447],[140.78020748588688,-3.3276391095571967],[140.78025748819255,-3.3276705336681403],[140.7803262359671,-3.3277396582585652],[140.78039498464091,-3.3278087819496704],[140.78046998090497,-3.3278904727670806],[140.78053247839125,-3.3279595946595464],[140.78060747465531,-3.3280412863762194],[140.78077624232981,-3.328110431651055],[140.78094502529279,-3.3281104703219171],[140.78100128598066,-3.3281104829123933],[140.78116380786355,-3.3281607792964678],[140.78125756038821,-3.328229909282868],[140.78135131471151,-3.3282927548067391],[140.78149507223986,-3.3283870271395699],[140.78158882836181,-3.3284435908989281],[140.78177010830393,-3.3284687620237037],[140.78188263057905,-3.328468787204713],[140.78196388972185,-3.3284939349471188],[140.78207014462157,-3.328569350295254],[140.78220140517078,-3.3286384883754749],[140.78237642133479,-3.3287264834403913],[140.78250143429386,-3.3287767708312685],[140.78263895682244,-3.3287956493996376],[140.78278898622284,-3.3287956826745813],[140.78292026206054,-3.3287957123521892],[140.78307029325947,-3.3287894629633001],[140.7832078202847,-3.3287894926409081],[140.78330159079587,-3.3287769479977101],[140.78343911961974,-3.3287706959108618],[140.78360970392475,-3.3287707327830276],[140.78362040495779,-3.3287707363803065],[140.78383294443495,-3.3287833475733919],[140.78397671455377,-3.3288147923687461],[140.78413298524913,-3.328871369617957],[140.78430176371546,-3.3288902553809407],[140.78437677706665,-3.3288965542325286],[140.7844517949145,-3.328877723328219],[140.78457059805476,-3.3287458143677782],[140.78460187197891,-3.3286641478321144],[140.78460190615306,-3.3285070830353902],[140.78460193313276,-3.3283814306584532],[140.78460821759518,-3.3282243667610487],[140.78462073076219,-3.3281741090478363],[140.7846707618462,-3.3280798798825231],[140.78473329440612,-3.3279856561130714],[140.78474580037846,-3.3279730925841022],[140.78481456703867,-3.3279542598811531],[140.78496459823771,-3.3279480113915838],[140.78506461813765,-3.3279480320759944],[140.78515213206526,-3.327960617188694],[140.78523963879832,-3.328004613821804],[140.78532089524322,-3.3280548931187468],[140.78545215669169,-3.3281177467365524],[140.78552716015042,-3.3281743068986884],[140.78561466238682,-3.3282434350863923],[140.78569591163705,-3.3283188441392895],[140.78579591175196,-3.3284068221170742],[140.78586466582169,-3.3284508160522819],[140.78597718090225,-3.3284822527537017],[140.78607094871541,-3.3284822734381123],[140.7862272302026,-3.328482306713056],[140.78633927673627,-3.3284812868818108],[140.78646477712778,-3.328482358873714],[140.78655854943759,-3.3284635306673636],[140.78668983606713,-3.3284132990344801],[140.78683987985664,-3.3283442230074343],[140.78702117328862,-3.3283128501578858],[140.78714619703942,-3.3283128771375345],[140.78728997525218,-3.3283129077144622],[140.78736499399929,-3.3282940759108328],[140.78738201366912,-3.3282861861584934],[140.78744626843059,-3.3282563979144015],[140.78750253901103,-3.3282124327575389],[140.78757757214726,-3.3281244916519199],[140.7876677507661,-3.3280292507492959],[140.78776254470574,-3.3279791423234997],[140.78783482861456,-3.3279065814235196],[140.78795158130049,-3.3278731077576822],[140.78808221682095,-3.3279022026245002],[140.78818397960708,-3.3279424284003198],[140.78829648299632,-3.328030408176744],[140.78839648670851,-3.3281058208269201],[140.78847773775749,-3.3281749472159845],[140.78861525668879,-3.328212672876532],[140.78876528518981,-3.3282189870166121],[140.78887155357938,-3.3282252930627578],[140.78887780566629,-3.3282252939620776],[140.7889340708507,-3.3282064576618495],[140.78906536467491,-3.3281185300460834],[140.78915914687718,-3.3280557249916569],[140.78924667069737,-3.3280243296590584],[140.7893841977226,-3.3280243593366663],[140.78949671640044,-3.3280432316097972],[140.78960922428632,-3.3281123651934763],[140.78967797296013,-3.3281814870858852],[140.78974046684914,-3.3282631752053362],[140.78977795868593,-3.3283385743656595],[140.78979042598746,-3.3285082071879515],[140.78979665469194,-3.328608729808991],[140.78982163965702,-3.3287029742627965],[140.789865387178,-3.3287595272303747],[140.78998415164733,-3.3287972483942667],[140.79008417244665,-3.3287972690786773],[140.79018419324598,-3.3287910088978947],[140.79029671911837,-3.3287721842888232],[140.79036549027524,-3.3287407862582086],[140.79043426682802,-3.3286716922447681],[140.79047805212042,-3.3285523324241808],[140.79049057967654,-3.3284266827451461],[140.79049684165602,-3.3283764232332942],[140.79054062694843,-3.3282507798495544],[140.7905531347194,-3.3282256527916161],[140.79056563979248,-3.3282130910612295],[140.79057815475812,-3.3281565497849215],[140.79057815925466,-3.3281377008941604],[140.79058441403959,-3.3281188547013585],[140.79058443382462,-3.3280246156434714],[140.79058444101918,-3.3279869205599084],[140.79062821641912,-3.3279115375873403],[140.79064697357899,-3.3278926949918173],[140.79070947376329,-3.3278589722137326],[140.79076301310261,-3.3278294150953798],[140.79083452899033,-3.3278047790672645],[140.79093455788359,-3.3277608220042794],[140.79100332364453,-3.3277482710657864],[140.79109709235695,-3.3277482908508773],[140.79119711135763,-3.3277545950984404],[140.79129712406314,-3.327786029101901],[140.79138463259483,-3.3278237430712352],[140.79152213084171,-3.3279619895541259],[140.79159087771689,-3.3280436776735201],[140.79166587577959,-3.3281190849277777],[140.79174712502981,-3.3282007766445076],[140.79180338122114,-3.3282259189909382],[140.79195966720499,-3.3282008216106078],[140.79208470084836,-3.3281568699435411],[140.79222223237014,-3.328131768066612],[140.7923472606177,-3.3281129470548194],[140.79249104512564,-3.3280878469765298],[140.79260357279668,-3.3280627397036255],[140.79275360399572,-3.328050206751584],[140.79293489472968,-3.3280251138678523],[140.7930974247065,-3.328037714269044],[140.79312868064414,-3.3280377205642822],[140.7931661796755,-3.3280754237417796],[140.79321616399488,-3.3282010869106102],[140.79324740374477,-3.3282764851716138],[140.79328490457476,-3.3283079047859019],[140.79339270900641,-3.3283306819154177],[140.79352761900452,-3.3283252895803912],[140.79367873028923,-3.3283205528512099],[140.79386001742591,-3.3283143088582392],[140.79403505427445,-3.3283017813021161],[140.79410382003528,-3.3282892303636231],[140.79415383403227,-3.3282703931640754],[140.79423511206085,-3.328213866276883],[140.79433514635002,-3.3281447785586238],[140.79446643927486,-3.3280568500435379],[140.79458522532798,-3.3279940476871275],[140.79470950983603,-3.3279245112071862],[140.79482903782991,-3.327924989646533],[140.79497906183428,-3.3279501517780545],[140.79508532842522,-3.3279753049163219],[140.79513533522766,-3.3279878810358241],[140.79515890915638,-3.3279878864317425],[140.7952478566034,-3.3279879044181939],[140.79534162621519,-3.3279879242032848],[140.79554166511582,-3.3279879655721061],[140.79569169091883,-3.3280068441404751],[140.79580420240211,-3.3280571288333931],[140.7959229623749,-3.3281199788539197],[140.7960167166982,-3.3281891070416236],[140.79608546806992,-3.3282519471695764],[140.79615421764311,-3.3283147881968489],[140.79627296682406,-3.3284341821916996],[140.79636671934873,-3.3285158748077492],[140.79644797219623,-3.3285787176336612],[140.79653872638119,-3.3286835929733911],[140.79664796882878,-3.3287860860090177],[140.7967854688743,-3.3289180480294362],[140.79686672441983,-3.328974609090892],[140.796985485292,-3.3290311773469057],[140.7971792703072,-3.3290500649085288],[140.79727929020714,-3.3290500855929395],[140.79737306161758,-3.329031257386589],[140.79746058903504,-3.328987296726325],[140.79757312569927,-3.3289119290422491],[140.79766065671402,-3.328842837726711],[140.79772943416617,-3.3287800272763661],[140.79783572413942,-3.3286858089028897],[140.79792950634169,-3.3286167202853676],[140.7980732953464,-3.3285664886524842],[140.79816706495819,-3.3285602248744226],[140.79825458158371,-3.328560242860874],[140.79844835400843,-3.3286419570605972],[140.79853585804346,-3.3287048007858857],[140.79862336117924,-3.3287739271749501],[140.79877336809648,-3.3288870448012062],[140.79886087393027,-3.328943605862662],[140.79892963429529,-3.3289624691425956],[140.79909216517137,-3.3289687841819955],[140.79911716902222,-3.3289687895779139],[140.79921718982155,-3.3289688102623245],[140.79936096803431,-3.3289688390406695],[140.79949849505954,-3.3289688678189577],[140.79959370538529,-3.3289635708121068],[140.79961101913329,-3.3289626076381751],[140.79971728932151,-3.3289626301212252],[140.79989233156596,-3.3289249701112453],[140.80000686922165,-3.3289149570595669],[140.80007048456525,-3.3289492940746186],[140.80013119329999,-3.3290276879773728],[140.80017454601852,-3.329123497251544],[140.80021108637266,-3.3292077538347371],[140.80021730608382,-3.329358537766268],[140.80022352939238,-3.3295030390339662],[140.80022975989561,-3.3296035616550057],[140.80024848467986,-3.3297480647213433],[140.80029846630123,-3.3298862932177826],[140.80036095119704,-3.3300245226135985],[140.80041094630815,-3.3300999235725612],[140.80043593936716,-3.3301564729428037],[140.80044843095038,-3.3302130187157672],[140.80044840307141,-3.3303512364203698],[140.80044212220628,-3.3304957349901088],[140.80043586472345,-3.3305271456112564],[140.80037333216364,-3.3306276547424432],[140.80032330737481,-3.3307030368156347],[140.80029829722866,-3.3307281620749905],[140.80022951078331,-3.3308349520713136],[140.80019824495309,-3.3308852070865669],[140.80017322221647,-3.3309731580847028],[140.8001544380769,-3.3311239366203154],[140.80014815361449,-3.3312872831815525],[140.8001543841176,-3.3313940893656877],[140.80016687390219,-3.3314569169031643],[140.80026061923229,-3.3315700228382639],[140.80040436956608,-3.3317145519849305],[140.8005418759069,-3.3318151015856188],[140.80059187911195,-3.3318528083603951],[140.80069187383094,-3.3319784814217428],[140.80072311717822,-3.3320413125564983],[140.8007293458827,-3.3321544014044662],[140.80072932429891,-3.3322674875544749],[140.80072304972907,-3.3323742910406509],[140.80067300155781,-3.3325690419276839],[140.80064171864046,-3.3327009697738958],[140.80064167996966,-3.3328957305535027],[140.80066040025736,-3.3330590816112817],[140.8006728882433,-3.3331344762750064],[140.80076037968786,-3.3332601457390751],[140.80082287267749,-3.333354398286815],[140.80086036181626,-3.3334486454385797],[140.80089784735787,-3.3335617387831462],[140.80095408915997,-3.3336622721960794],[140.80104158689983,-3.333756529240361],[140.80111658766043,-3.3338256529314663],[140.80119784140732,-3.3338947784212678],[140.80125409220261,-3.3339450496242762],[140.80139158415432,-3.3341272738545626],[140.80148533667898,-3.3342089673698752],[140.80157909819684,-3.3342466813392093],[140.80178538738573,-3.3342592880356392],[140.8019354176854,-3.334259317713304],[140.80204168877299,-3.3342593401963541],[140.80209794766222,-3.3342719163158563],[140.80224171508314,-3.3343347717323013],[140.80232296972929,-3.3343913318943805],[140.80239796959074,-3.3344667382493185],[140.80246045718445,-3.3345986849813016],[140.80252295107334,-3.3346929366296649],[140.80256669139976,-3.3347871837814864],[140.80259167276756,-3.3349002762267332],[140.80259165028451,-3.3350196459398376],[140.80261037416949,-3.3351704325693845],[140.80262285675951,-3.3352646743252308],[140.8026540938115,-3.3353652023421887],[140.80267282489103,-3.3354782920894763],[140.80267904370294,-3.3356353586847831],[140.80267901402533,-3.3357861408176745],[140.80268524542782,-3.3358929470018666],[140.80269773431303,-3.3359620590017585],[140.80271648068106,-3.3359934750188245],[140.8027227318687,-3.3359997585819201],[140.80282900025827,-3.3360123445939962],[140.80299153473163,-3.3360060961044269],[140.80312281236797,-3.3360061221847559],[140.80321032719496,-3.3360187045994962],[140.80329783932393,-3.3360501359049977],[140.80336035029995,-3.3360627129238196],[140.8034041077135,-3.3360627219170169],[140.80352289016935,-3.3360250502158237],[140.80361041668743,-3.3359810895556166],[140.8036666836706,-3.3359559696921792],[140.80377295835535,-3.335943425948301],[140.80387297825541,-3.3359434457333919],[140.8040230049578,-3.3359623252010806],[140.80415426820502,-3.3360314587847597],[140.80429178713632,-3.3360817470748998],[140.80442931416155,-3.3360880567183813],[140.80460435190935,-3.3360755282629952],[140.8046981260178,-3.3360504155941726],[140.80479816120624,-3.3359813269765937],[140.8048606982627,-3.3358556871901897],[140.80487322042291,-3.335755168166429],[140.80487323571128,-3.3356734944361506],[140.80484199056548,-3.3356169441665884],[140.80477324279104,-3.3355352560471943],[140.80469199713798,-3.3354284363732063],[140.80466076907931,-3.3352902132726854],[140.80467328944087,-3.3352022586772705],[140.80474207408747,-3.3350954677815707],[140.80481084884161,-3.3350389381964192],[140.80491087773487,-3.3349949802341143],[140.8050171506211,-3.334988719154012],[140.80516092793459,-3.3350013132599656],[140.80527344481368,-3.335032748162746],[140.80540471615484,-3.3350579048983491],[140.80551723303392,-3.3350893398011294],[140.80566725883693,-3.3351145001340115],[140.80574852607367,-3.3351145163218234],[140.80588605759556,-3.3350894126462549],[140.8060048427493,-3.3350391747180765],[140.80611112193083,-3.3350015012182439],[140.80618614427522,-3.3349701022883664],[140.80631119140844,-3.3348570404200473],[140.80639247663157,-3.3347565348861394],[140.8064299972466,-3.3346937163418602],[140.80645500739274,-3.3346685910825613],[140.80653003243515,-3.3346183450605054],[140.80668632831146,-3.33454926723482],[140.80681761943765,-3.3344739013494404],[140.80688014300426,-3.3344173699655926],[140.806898916352,-3.3343168518412085],[140.80689893074111,-3.3342414607747628],[140.80688643735925,-3.3341974803294079],[140.80684894012654,-3.3341472118243018],[140.80672393616078,-3.3340340995939641],[140.8066364420182,-3.3339147136930478],[140.806623953133,-3.3338456025924188],[140.80664272018544,-3.333776496887765],[140.80668023630392,-3.3337325272343037],[140.80683653397898,-3.33365088318169],[140.80696781701124,-3.3336132132791363],[140.80706159381759,-3.3335755370813445],[140.80712411288755,-3.3335441363527707],[140.80718663915218,-3.3334750396413142],[140.80720540440598,-3.3334185001635888],[140.80720543768086,-3.3332425855768406],[140.80720545296936,-3.3331671954097146],[140.80721795804243,-3.3331546327800083],[140.80731798064039,-3.3331358045736579],[140.80736799283864,-3.3331295309030793],[140.80743051280797,-3.3330918493093691],[140.80744301788104,-3.3330792857803431],[140.80753054439913,-3.3330353251201359],[140.80764932595571,-3.3329976516203033],[140.80776184913009,-3.3329976741033533],[140.80780560924154,-3.3329914004327179],[140.80781810622068,-3.3330165328866315],[140.80783683999823,-3.3331170582056302],[140.80784306060877,-3.3332741239016741],[140.8078430480183,-3.3333369514390938],[140.80789929431705,-3.333418635961209],[140.80790554460532,-3.3334249204236812],[140.80791802899387,-3.3335191612802078],[140.80791800830946,-3.3336259647664406],[140.80791799661836,-3.3336825087407647],[140.80793674568429,-3.3337076429932608],[140.80799925576116,-3.3337202209114025],[140.8081930452729,-3.3337202586829449],[140.8082868148847,-3.3337202766693963],[140.80835556895443,-3.3337705523690602],[140.8083742991347,-3.3338899238808608],[140.80840554158249,-3.3339590385787119],[140.80846180227047,-3.3339653320343814],[140.80861808735494,-3.3339527981830201],[140.80865559627875,-3.3339465227138021],[140.80874937488386,-3.3338962802890819],[140.80884941187094,-3.3338083427807419],[140.80896821591045,-3.3336513013664444],[140.80904324634878,-3.3335759246891143],[140.8091307719676,-3.3335319640288503],[140.8092307936663,-3.3335257002508456],[140.8093745736777,-3.3335194463653011],[140.80938082576461,-3.3335194472646208],[140.80944959782073,-3.3334754821077581],[140.80953088034596,-3.3333938236659719],[140.80958091142998,-3.3332870291729932],[140.80959343179154,-3.3331927928130654],[140.80966222003553,-3.3330671539259811],[140.80972474989733,-3.3329729256599308],[140.80983103987069,-3.332878708185774],[140.8099435738369,-3.3328221857951803],[140.81004359823351,-3.3328033575888298],[140.8101186115847,-3.3328033719780024],[140.8101998680296,-3.3328599321400816],[140.81026235922059,-3.3329730308806234],[140.8103123426406,-3.3331112575784232],[140.8103185704457,-3.33323691085468],[140.81031854256673,-3.3333751285592825],[140.81030600781605,-3.3335447568849759],[140.81027473209326,-3.3336515549752335],[140.81027472220069,-3.3337018162857248],[140.81034345198873,-3.3338777416644234],[140.81038094112762,-3.3339782705807011],[140.81046219127722,-3.3340599613980544],[140.81053719563511,-3.3341165188622313],[140.81062471316,-3.3341228177138191],[140.81075599529299,-3.3340914295757784],[140.8108810370303,-3.3340034983627334],[140.81096857074306,-3.3339218408202669],[140.81106862661591,-3.3337396642540398],[140.8111374085646,-3.3336391560221728],[140.81120618511738,-3.3335763437731885],[140.81131246070152,-3.333557515566838],[140.81138747495208,-3.3335575299560105],[140.81148749035549,-3.3335889630601514],[140.81160000183866,-3.3336455277188861],[140.81167500979393,-3.3336832380909414],[140.81172502379093,-3.333664399992017],[140.81185632031304,-3.3335639025519868],[140.81194384683113,-3.3335136592279468],[140.81208137835301,-3.3335011199806672],[140.81223140955194,-3.3334885843306665],[140.81231892258029,-3.3335137311736958],[140.81238767485138,-3.3335765704023288],[140.81246267741074,-3.333651975857947],[140.81259393436267,-3.3337525227606761],[140.81271895541556,-3.33377767679832],[140.81288774557311,-3.3337400131910044],[140.81299402565378,-3.3336960552286996],[140.81305654832113,-3.333645807408061],[140.81309406623825,-3.3335955532921275],[140.81313785332929,-3.3334447783537939],[140.81313786142323,-3.3334007997070785],[140.81311286836421,-3.3333379703709625],[140.81310038217691,-3.3332500112789489],[140.81310664235775,-3.3331997508677773],[140.81314416387215,-3.3331243669958894],[140.81320668833803,-3.3330678347127787],[140.81330046424512,-3.3330301567162905],[140.81343799396836,-3.3330176183683307],[140.81358168314819,-3.3330207390158648],[140.81374430395658,-3.3330302421518923],[140.81389432166566,-3.3330930966690175],[140.81403808728794,-3.3331747973789447],[140.81415059967048,-3.3332250802731664],[140.81434437209521,-3.3333130726401237],[140.81442563123801,-3.3333570656760116],[140.81448812782492,-3.3334387519967663],[140.81459439081857,-3.3334827513278924],[140.81477567435797,-3.3335079161573731],[140.81498196624477,-3.3335079548281783],[140.81513825042998,-3.3334954191781776],[140.8151820087428,-3.333495427272112],[140.81523827572596,-3.3334640247448988],[140.8153383136123,-3.3333698036734631],[140.81545710686009,-3.3332630226703373],[140.81546961103379,-3.333256741805144],[140.81550712985018,-3.3332002050253777],[140.81555091244468,-3.3330745607423182],[140.81558844115375,-3.3329614808876045],[140.81562597256061,-3.3328232712768795],[140.8156259851512,-3.3327604446387795],[140.8156697677457,-3.3326348012550397],[140.81571979793034,-3.3325280067620611],[140.81575732214276,-3.3324400557639251],[140.81582611218539,-3.3323018533478148],[140.81586363010251,-3.3322390330048961],[140.81592615276975,-3.3321887842849378],[140.81597616676675,-3.332163662622861],[140.8160574483926,-3.3320882859455878],[140.81614498300462,-3.3319940639748324],[140.81625752506477,-3.3318872802736905],[140.81641382723637,-3.3317742229020268],[140.81654568223746,-3.3317108611672666],[140.81668264988446,-3.3316800342061583],[140.81676392611439,-3.3316235064196462],[140.81685770831666,-3.3315544151041081],[140.81692022558798,-3.3315230125768949],[140.8169889922483,-3.331510460739139],[140.81708276096072,-3.3315104787255905],[140.81712026898526,-3.3315104859201483],[140.81714527103748,-3.3315230548450359],[140.817151522225,-3.3315293393075081],[140.81717652697523,-3.3315293438041067],[140.81722653197892,-3.3315544843518978],[140.81728904565296,-3.331548211580639],[140.81729529773986,-3.3315419307155025],[140.81730155342404,-3.3315230836233809],[140.817332818355,-3.3314791112719035],[140.81736872108968,-3.3314428838819481],[140.81740609961184,-3.3314147369005127],[140.81744347903339,-3.3313834611777224],[140.81754538301311,-3.3313597820282439],[140.81763915532281,-3.331340952023254],[140.81779543860864,-3.3313284145746138],[140.81792671444634,-3.3313347224194558],[140.81795171829719,-3.3313410095798872],[140.8180329747421,-3.3313912852795511],[140.81810172701319,-3.3314541254075039],[140.81817535810637,-3.3314962145785785],[140.81823140925223,-3.3315525328230819],[140.81825797612476,-3.3316363478391509],[140.81826420482923,-3.3317557202502144],[140.8182641787489,-3.3318939370554972],[140.81826416975571,-3.3319441983659885],[140.81825166198473,-3.3319756080878165],[140.81825164130032,-3.3320886951371449],[140.81825162421319,-3.3321829350943517],[140.81825159813286,-3.3323211527988974],[140.81825157924709,-3.3324279562851302],[140.81825781514613,-3.3325096318139913],[140.81828280190985,-3.3326038762678536],[140.81831404885429,-3.3326604247387763],[140.81841405256648,-3.3327484000186018],[140.81845780638275,-3.3327798214315862],[140.81854532031036,-3.3327986856107827],[140.81863908992216,-3.3327987026979145],[140.81876411457233,-3.3327924434165084],[140.81889539400731,-3.3327861850343652],[140.81898290883419,-3.3327987656504661],[140.81907042006389,-3.3328364778211608],[140.81912042506758,-3.3328616183689519],[140.81919542492903,-3.3329433055890263],[140.81926416910619,-3.3330564052288878],[140.81930165644633,-3.3331694985734543],[140.81932038302932,-3.3333140034384883],[140.81932036234491,-3.3334333722522729],[140.81932034076124,-3.3335464593016013],[140.81932033626458,-3.3335715890575557],[140.81935783169865,-3.3336407046547265],[140.81942033098358,-3.3337098256478725],[140.81947658897343,-3.3337286826325681],[140.81950784221317,-3.3337475378185673],[140.8195828546651,-3.3337663992998614],[140.81973288496476,-3.3337664271788299],[140.81982665367718,-3.3337664442659616],[140.819951680126,-3.3337664667490117],[140.82004544973779,-3.3337602020716304],[140.82010171312368,-3.3337539293003715],[140.82018923604448,-3.3337225321690767],[140.820339279834,-3.3336471689815994],[140.82042055606382,-3.3335969220602806],[140.82059560910011,-3.3335027153779606],[140.82070188828163,-3.3334587556170163],[140.8207894121017,-3.3334210767212653],[140.82081442134859,-3.3334022332264226],[140.82084567998425,-3.3333896732947323],[140.8209582157491,-3.3333143029126973],[140.82109576525738,-3.3332012410443781],[140.82110201824366,-3.3331949601792417],[140.82116453641424,-3.3331635576520284],[140.82126455901221,-3.3331447276470385],[140.82143334557247,-3.3331321937956773],[140.82155211903512,-3.3331384980431835],[140.82162088209805,-3.3331447932975493],[140.82175215074119,-3.3331887953265777],[140.82193967197838,-3.3332830685587282],[140.82198967608269,-3.3333144908710324],[140.82202718230872,-3.3333207807294229],[140.82209593997572,-3.3333584884034622],[140.82225844836876,-3.3334967348863529],[140.82233345272675,-3.3335532932498495],[140.82238345862982,-3.3335784319990012],[140.8224584629877,-3.3336412721269539],[140.82251471288373,-3.3337041077583081],[140.82257095828311,-3.333798356708769],[140.82260844922064,-3.3338926029612139],[140.82262719289065,-3.3339428669696645],[140.82268969217557,-3.3340182706266432],[140.82281470063799,-3.3341125321675804],[140.82287095503057,-3.3341565207068129],[140.8229834737084,-3.3341753893826649],[140.82307723882354,-3.3342005362256941],[140.8231834991193,-3.3342696644134548],[140.82328975671692,-3.3343450752649915],[140.82341477237389,-3.3344016408230459],[140.82348978212781,-3.3344330667325721],[140.82358354814232,-3.3344519318111452],[140.82372732455644,-3.3344645232191397],[140.8238773611514,-3.334439420442834],[140.82394612871099,-3.334414302378093],[140.82399614630515,-3.3343766153884644],[140.82406492375731,-3.3342949533493424],[140.82407742883038,-3.3342823898203733],[140.82417745502562,-3.3342509953870945],[140.82428373240839,-3.3342258827182718],[140.8243267200022,-3.3342045022359343],[140.82437125622857,-3.3341882038225208],[140.82445877914938,-3.3341568066912259],[140.82456505833079,-3.3341191295941144],[140.82472759820018,-3.3340814632888396],[140.82484012227394,-3.3340752013094175],[140.82485887583653,-3.3340752040074335],[140.82499014807695,-3.3341003580450206],[140.82512142121664,-3.3341192294188318],[140.82529020687764,-3.3341129764326638],[140.82546524282679,-3.3341130070095915],[140.82555901243859,-3.3341130240967232],[140.82569028917555,-3.3341130465797733],[140.82577155461365,-3.3341130618682655],[140.82598411207721,-3.3340439921364577],[140.82607163679666,-3.3340000278789148],[140.82621542580137,-3.3339435099849766],[140.82634670613561,-3.3339246862752248],[140.82645297812246,-3.3339247042616194],[140.82658425485954,-3.333924727644046],[140.8267030337181,-3.3338996176731825],[140.82684057063591,-3.3338430988798677],[140.82692810075127,-3.3337802893288426],[140.82698436863382,-3.3337426023391572],[140.82707189065525,-3.3337174869723754],[140.82717816174284,-3.3337175058581465],[140.82741571136603,-3.3337175481262875],[140.8275532401899,-3.3337112897442012],[140.82773452822596,-3.3337050385566158],[140.82783454902528,-3.333705057442387],[140.82788455762625,-3.3337113482000973],[140.82798456943237,-3.3337679092615531],[140.82804706961667,-3.3338307457922269],[140.82815333171095,-3.3338873077530025],[140.82828459765608,-3.3339501577735291],[140.82838461305948,-3.3339815881797108],[140.82844712313624,-3.3340004469629889],[140.82853463166794,-3.3340507226626528],[140.82865339613738,-3.3341072873213875],[140.82879091237078,-3.3341764200057469],[140.82885967003779,-3.3342141276797861],[140.82888467119074,-3.3342392628316588],[140.82890966514901,-3.3343020939664143],[140.82892215223558,-3.3343900521591081],[140.828915878565,-3.3345157027374626],[140.82892212435661,-3.3345534014183045],[140.82897837155463,-3.3346288005786278],[140.82907211868337,-3.3347607518072095],[140.8291408637599,-3.3348738514470142],[140.82915335804114,-3.3349241145562019],[140.82915333555809,-3.3350497669331389],[140.82912206073456,-3.3351565659227163],[140.82911580505038,-3.3351816947793509],[140.82904701770576,-3.3353136181289074],[140.82902200036506,-3.3353952882619069],[140.82902822817027,-3.3355272242019964],[140.82908446187844,-3.3356842997905574],[140.82917820900718,-3.3358162510191391],[140.8292407055942,-3.3359042182050871],[140.82938447301512,-3.3359796335532224],[140.82948448841842,-3.3360110648587238],[140.82962826573191,-3.3360236562666614],[140.8297345368195,-3.3360299560176259],[140.82989705420573,-3.3361242238538011],[140.8299845546436,-3.3362247608639564],[140.83011580619961,-3.3363755663792176],[140.83014080735245,-3.3364007006317706],[140.83021581530772,-3.3364446918689623],[140.83030332833596,-3.3364761213758811],[140.8304783588892,-3.336507564372539],[140.83063463587985,-3.3365390037719749],[140.83078466528013,-3.3365515951799125],[140.83087843399255,-3.3365516122670442],[140.83103471817776,-3.3365453547842208],[140.83118474757805,-3.3365453808646066],[140.83122850589086,-3.3365516716223169],[140.83133476708588,-3.3366207989107011],[140.83140352115561,-3.3366836372400144],[140.83149102339212,-3.336777890687074],[140.83155976756927,-3.3368909903268786],[140.83158475523237,-3.3369977983097101],[140.83159099293005,-3.337073192074115],[140.83162224257251,-3.3371108916542767],[140.83166599908668,-3.3371297477395956],[140.8317472663233,-3.3371297621287681],[140.83184103233782,-3.3371486263080214],[140.83198479706084,-3.3372366069837653],[140.83212855189117,-3.3373811307345704],[140.83219105027683,-3.3374753823829337],[140.83229731416975,-3.3375193781167809],[140.83245359565694,-3.3375194050964296],[140.83260363315117,-3.3374880169583889],[140.83267240340876,-3.3374566162298152],[140.83269115697135,-3.3374566198270941],[140.8327536733434,-3.3374377817281697],[140.83299747415413,-3.337437823096991],[140.83307248660606,-3.3374504019144524],[140.83319125017613,-3.3375195310015329],[140.83331000655164,-3.3376263560714392],[140.83338500821162,-3.3377143250560266],[140.83345375328815,-3.3378274237965115],[140.83350374660074,-3.3379279536121089],[140.83365376071254,-3.3380285014141577],[140.83373502615063,-3.3380410802316192],[140.83384128284899,-3.3381290546121249],[140.8339350281791,-3.3382798538321481],[140.83397876760614,-3.3383929480760344],[140.83398499720988,-3.3385248840161239],[140.83397872623732,-3.3386442528299654],[140.83399746541079,-3.3387322128212986],[140.8340662050914,-3.3388767239815706],[140.83413495286584,-3.3389772582937667],[140.83427871668948,-3.3390715216333433],[140.83447875379147,-3.3390966855635611],[140.8345850266777,-3.3390967044492754],[140.83474130996353,-3.339096731428981],[140.83487884238468,-3.33907790502127],[140.83504138315334,-3.3390339551528427],[140.83522268198124,-3.3389711590916704],[140.83545399480613,-3.338883242267741],[140.83551651207745,-3.3388581224043605],[140.83564780500228,-3.3387639040308841],[140.83571657795778,-3.3387136553108689],[140.83585411487559,-3.3386634173827474],[140.83596664074798,-3.33865087094091],[140.8361541817701,-3.3386383370895487],[140.83627920821891,-3.3386383577739593],[140.8363542278654,-3.3386195232723139],[140.83644175618213,-3.3385567110233296],[140.83663598096587,-3.338423959398142],[140.83678630084717,-3.3383233396503442],[140.83695443539898,-3.3381923992597535],[140.83704821939989,-3.3381107399186476],[140.83715450397722,-3.3380290832755009],[140.83728579060687,-3.337966279120451],[140.83734830877745,-3.3379411592570705],[140.83749834087575,-3.3379411844380797],[140.83762067115708,-3.3379425127367313],[140.83784841277406,-3.3379412419946561],[140.83794218328524,-3.3379412581824681],[140.83806720883467,-3.337941277967559],[140.83826100014505,-3.3379413103431261],[140.838411034042,-3.3379224884320706],[140.83850480455317,-3.3379162201574104],[140.83857982509892,-3.3378848194288366],[140.83868611057562,-3.3378031627856899],[140.83880490292404,-3.3376963781852851],[140.8389549602033,-3.3375393376702505],[140.83911126507292,-3.3374011460460338],[140.83926756094922,-3.3373194965974449],[140.83944260679095,-3.3372629823007287],[140.83956763773631,-3.3372315896660893],[140.83967391511919,-3.337200194333434],[140.83980520894329,-3.3370996941955013],[140.83986148581903,-3.3370054641308116],[140.83993026057317,-3.3369363656207156],[140.84009906422045,-3.3368233055510359],[140.84021785027369,-3.3367542169335138],[140.84034290190345,-3.3365971719218805],[140.84038042341786,-3.3365092209237446],[140.84039919316831,-3.3364149845638167],[140.84041170723458,-3.3363458779598432],[140.84046798500958,-3.3362453652313775],[140.84057426958691,-3.336157425924398],[140.840755577408,-3.3360380858889016],[140.84087436166249,-3.3359752790358357],[140.84099939800387,-3.3359124739814661],[140.84109942689713,-3.3358559461948971],[140.8411744528388,-3.3357994148111061],[140.84126823504107,-3.3357177563693199],[140.84134326727803,-3.3356172463388134],[140.8413995432544,-3.3355292980386366],[140.84144957074113,-3.3354099373187296],[140.84147459977305,-3.335265441446893],[140.84147461955808,-3.3351397881706362],[140.84147464383977,-3.334989005138425],[140.84146841783331,-3.3348382221062138],[140.84146843671908,-3.3347188505944132],[140.84146220441721,-3.3345994808813089],[140.84146222690026,-3.3344549814121933],[140.84147475265775,-3.3343104819431346],[140.84149976999845,-3.3342350953732875],[140.84161231025996,-3.3341345907386994],[140.84175610376121,-3.334040375063239],[140.84189989366519,-3.3339712891436193],[140.842081197889,-3.3338707970995642],[140.84223748836951,-3.3338205609700822],[140.84243128687444,-3.3337577658081727],[140.84265634401515,-3.3336949760422385],[140.84283139075615,-3.3336258946192743],[140.84298768393455,-3.3335568122969903],[140.84311897056409,-3.3334877236794682],[140.84325651017991,-3.3334249204236812],[140.84340655037204,-3.3333621171679511],[140.84354408009528,-3.3333495743233357],[140.84372536903061,-3.3333370368746955],[140.84385039458016,-3.3333370566597864],[140.84400667516798,-3.3333496471684612],[140.84417545543295,-3.3333748048033272],[140.84425671997167,-3.3333873827214688],[140.84439424070172,-3.3334376656157474],[140.84448800491759,-3.3334628106601372],[140.84461301967519,-3.3335319397471608],[140.84475054310315,-3.3335696582130936],[140.84485055670791,-3.3336073685851488],[140.84498182355242,-3.3336702159077163],[140.84513809424777,-3.3337456321551713],[140.84530686731819,-3.3338210511005855],[140.84545688772528,-3.3338839002217924],[140.84560066144138,-3.3339279013515011],[140.84575068634513,-3.3339656207167536],[140.84589446096072,-3.3339907738550778],[140.84603823737484,-3.3340159260940823],[140.84617576260143,-3.3340285130054212],[140.84632579110246,-3.3340473852785522],[140.84648207258965,-3.3340474095602417],[140.84663210468796,-3.3340474329426115],[140.84672587340037,-3.3340474482311038],[140.84683839567549,-3.3340474653182355],[140.84693216618655,-3.3340474797073512],[140.84708844767374,-3.3340475039890975],[140.84718221818491,-3.3340412357144373],[140.84728224527942,-3.3340035559193097],[140.8474072816208,-3.3339281837386352],[140.8475010602258,-3.3338653732882904],[140.84759484242807,-3.3337899948123777],[140.84773863323142,-3.3337083435651493],[140.84796369936532,-3.3335827262617386],[140.84808873210932,-3.3335324838370184],[140.84817625772814,-3.3334822378149624],[140.84825128097191,-3.3334382708594603],[140.84836380504566,-3.3334320052827593],[140.8485075868557,-3.333413179774368],[140.84862011003008,-3.3334131968614997],[140.84873888079483,-3.3334320628393925],[140.84884514198973,-3.33350747099297],[140.84896390016388,-3.3336080116004041],[140.8490701613589,-3.3336834188546618],[140.84922017726944,-3.3337839639586946],[140.84935144231531,-3.3338593757095509],[140.84945145142342,-3.3339347829638086],[140.84955146592745,-3.3339724933358639],[140.84970774741464,-3.3339788011807059],[140.84984527174197,-3.3339976689571813],[140.85003905495853,-3.3340479599453374],[140.85031409731778,-3.3341359586075328],[140.85048287038819,-3.3342176593174599],[140.85057663280543,-3.3342616505547085],[140.85068289579908,-3.3343182107167877],[140.85079541357754,-3.3343559228874824],[140.85090167567182,-3.3344187657133944],[140.85106419665544,-3.3345067481878345],[140.85120796497563,-3.3345821608380106],[140.85136423567099,-3.3346512926229934],[140.85153926442558,-3.3347078626776465],[140.85173304674277,-3.3347518710019699],[140.85188932912934,-3.3347518952837163],[140.85207061716528,-3.334751922263365],[140.85223940192691,-3.3347519474443743],[140.85243319773394,-3.3347142811390995],[140.8526457551975,-3.3346200735575167],[140.85278954959813,-3.3345195743188469],[140.85295210205788,-3.3343939453242797],[140.85306463782285,-3.3343122877818132],[140.85321467981373,-3.3342369191984176],[140.8533584697177,-3.334167832379535],[140.85347099738863,-3.3341427179120728],[140.85361477919878,-3.3341238924036816],[140.85378356755768,-3.334092504265584],[140.85398986304176,-3.3340799704142796],[140.8542024061162,-3.3340800009912073],[140.85438994533979,-3.3340800288701757],[140.8545149717886,-3.3340737650921142],[140.85469001493232,-3.3340235298619518],[140.85483380573567,-3.3339481603792365],[140.85494633880251,-3.3338790681644355],[140.85503386711935,-3.3338099723522987],[140.85511514424854,-3.3337408747415225],[140.85519641867984,-3.333678059794579],[140.85527144642015,-3.3336026804193466],[140.85530992661188,-3.3335882633875826],[140.85536915326384,-3.3335768401989867],[140.8554955817558,-3.3335417612432252],[140.85561632833094,-3.3334932805904032],[140.85576122170312,-3.3334690528544684],[140.85588800812513,-3.3334478513372119],[140.85601176113391,-3.3334751511572449],[140.85626834221034,-3.3334903443039252],[140.8565158572211,-3.3335328165861711],[140.8568135076373,-3.3335716637012638],[140.85712496714359,-3.3339787121478253],[140.85812516614362,-3.3349123936919796],[140.85869673386719,-3.3352715289578327],[140.85933973474107,-3.3357742958470453],[140.86033997780783,-3.3364207330303657],[140.86076870261365,-3.3363489842182048],[140.86169758627466,-3.3363491146199067],[140.86276931465227,-3.3367801290996226],[140.86405535327197,-3.3375702248858943],[140.86484127260667,-3.3380011970975261],[140.86562718384755,-3.3385039792751741],[140.86698466011399,-3.3394377021881496],[140.86762743705663,-3.3416639163565947],[140.86862756770813,-3.3432438830986939],[140.86934194597404,-3.3443929477762708],[140.87005633593117,-3.3454702006891353],[140.87055637607591,-3.3464756148576953],[140.87148513832858,-3.347481085683512],[140.87248536520747,-3.3484147546371901],[140.87484323832484,-3.3491331645638525],[140.87720114111983,-3.3496361382971145],[140.879273232174,-3.3501390706615553],[140.88141676087491,-3.3507856301526431],[140.8822740683936,-3.3519347020248347],[140.8827741067397,-3.3530837316288853],[140.88291686961793,-3.3543045289308111],[140.88370275208035,-3.3552381610122666],[140.88513176491904,-3.3558128152092195],[140.88748964882825,-3.3566748171890026],[140.88863285712068,-3.3571776227490204],[140.88991893531067,-3.358039496125798],[140.891158398941,-3.3586328319395875],[140.89181979814521,-3.3590041188449504],[140.89283106869891,-3.3587364293426845],[140.89402079892079,-3.358230793616201],[140.89494283964041,-3.3578143877237494],[140.89601359764947,-3.3576061847775804],[140.89640026026382,-3.3570410633943197],[140.89682366288184,-3.3566334699586378],[140.89720683702592,-3.3566420890610971],[140.89745644655784,-3.3567652916848374],[140.89767501329129,-3.356873172558835],[140.89789631126587,-3.3573348593162677],[140.89786226113449,-3.3577366629166363],[140.89772618471568,-3.3580873877227191],[140.89734494321465,-3.3585524820113619],[140.89655811196735,-3.3592475446384356],[140.89600794990702,-3.3597459174400797],[140.89547847405242,-3.3602690081082187],[140.89516836712653,-3.3607498378347032],[140.895060336965,-3.3612102610446755],[140.89503336809548,-3.361616763602683],[140.89510079386662,-3.3618672131013341],[140.89541963231022,-3.3619213801675301],[140.89584447564209,-3.3618807757771378],[140.89622879911985,-3.3617790876347158],[140.89645050898389,-3.3616366691968551],[140.89680842297037,-3.3614067557171552],[140.89715367989845,-3.3608495312807918],[140.89746378862299,-3.3603687006549876],[140.89779800187637,-3.3597228192526813],[140.89812454121466,-3.3592889737071232],[140.89856895829087,-3.359076983715795],[140.89891444904265,-3.3590096092060548],[140.89910659909037,-3.3590578371494075],[140.89924092273043,-3.3592024778120617],[140.89935624459508,-3.3594725406251769],[140.8994233888784,-3.3597327936334977],[140.89952880740861,-3.3598486281116493],[140.89975921821338,-3.3599064626131394],[140.90019141889888,-3.359973917162506],[140.90052725003261,-3.3601283838178233],[140.90088711195074,-3.3604028658995162],[140.9009228680959,-3.3604301378405239],[140.90125895913377,-3.3608254438391327],[140.90136463666875,-3.361191923868148],[140.90134533721755,-3.3614619731914672],[140.90126851712841,-3.3615969902089091],[140.90110526229807,-3.3616739856658455],[140.90075013620992,-3.3617415652209957],[140.90048116967034,-3.3617801452374465],[140.89995231704586,-3.3617747798821256],[140.8996833532043,-3.361794157574252],[140.89954898999395,-3.3620255882102583],[140.89955859205543,-3.36236304981486],[140.89960644678013,-3.362768133242696],[140.89985610307679,-3.3631056191289872],[140.90021121387645,-3.3632020741163728],[140.90070096217971,-3.3631539163201296],[140.90132506919667,-3.36291293398466],[140.90139098410668,-3.3628731209976763],[140.90207673335465,-3.3624589067530906],[140.90237436218717,-3.3620442599345779],[140.9025758885665,-3.3618706458136103],[140.90286583179272,-3.3617732357461705],[140.90346723992127,-3.3617869827829736],[140.90394562079382,-3.3620478886990668],[140.90423268888753,-3.3623774119879499],[140.90449225481382,-3.3628168333301574],[140.90461520202996,-3.3633935128003145],[140.90462874761863,-3.3639838691601653],[140.90476531057072,-3.3644369628954678],[140.90491856314122,-3.3652240486508731],[140.90515092097826,-3.365677154077332],[140.90542439941657,-3.3658967748162354],[140.90573234437227,-3.366080074635704],[140.90579338405746,-3.3661164063470324],[140.90623068030175,-3.3662949847256982],[140.90677737367696,-3.3664872606784684],[140.90742467600808,-3.3667320426495735],[140.90784144342797,-3.3667434343619789],[140.907874741726,-3.3667443426772365],[140.90804508771066,-3.3666222021528824],[140.9080938741331,-3.3662067117703032],[140.90800860491322,-3.3657791569824553],[140.90798454804849,-3.3654247386606926],[140.90800866426855,-3.3651559142140286],[140.90830088907478,-3.364923886428187],[140.90850382019516,-3.3649239053139581],[140.90859280811162,-3.3649239134078357],[140.90882376390562,-3.3652293258726331],[140.90888466689398,-3.3655714927301688],[140.9088968077416,-3.3660723746403391],[140.90898180806403,-3.366341208979577],[140.90914420224317,-3.3665638145683374],[140.90924932039991,-3.3667079066445353],[140.90958994761809,-3.3671354857140727],[140.90989540684757,-3.367848843249476],[140.90990151774088,-3.3678782043156161],[140.91000475721387,-3.3683742469738718],[140.90994406916354,-3.3687774795969858],[140.9098343572698,-3.3690951174456814],[140.90948033195184,-3.3694785083264378],[140.9091761938264,-3.3698083832502448],[140.90904238190046,-3.3702238664382662],[140.90906656107302,-3.3702877021157178],[140.90913957073462,-3.3704804439173017],[140.90938301721258,-3.3705903671516921],[140.90973587610983,-3.3705538348914956],[140.91011284313322,-3.3703338661150042],[140.91049010603365,-3.3699796870129148],[140.91121287227634,-3.3694255571436997],[140.91202800788631,-3.3691568046427847],[140.91221410369803,-3.3691899419621905],[140.91223461723382,-3.3691935932097294],[140.91245368578905,-3.3693280256678122],[140.91255087822049,-3.3695600921245159],[140.91275774477413,-3.3698900138130625],[140.91315904385488,-3.3701223095968658],[140.91343875909149,-3.3703421353811791],[140.91354295904034,-3.3705184681527385],[140.91365979176601,-3.3707161823058982],[140.91367761003369,-3.3708289168209831],[140.91374477140414,-3.3712538401925372],[140.91376909626683,-3.3718035462965759],[140.91383091116768,-3.3719588763010506],[140.91391502385932,-3.3721702322703777],[140.91426785397834,-3.3724756546276922],[140.9146206742048,-3.3728911809831743],[140.914778787611,-3.3732821774304966],[140.91477874983946,-3.3737219800852927],[140.91471778839525,-3.3740273655704414],[140.9143008249232,-3.3746454642167691],[140.91399668679776,-3.3749630840790132],[140.91374131800751,-3.3750607063864209],[140.91347348011709,-3.375121759561523],[140.91312090090889,-3.3751707528279553],[140.91293837720445,-3.3751950462143441],[140.91288525784842,-3.3752591103196323],[140.9128167762733,-3.3753417040563249],[140.91281677267602,-3.3753673895932934],[140.91281675468952,-3.3755860165813374],[140.91299926040756,-3.3757815246975724],[140.91331525159762,-3.3760138132868178],[140.91400108897915,-3.3764679781146469],[140.91456082612126,-3.3766757736679551],[140.91487712218145,-3.3766880593064457],[140.91492450386284,-3.3766750775927221],[140.91514467678542,-3.3766147465732388],[140.91537567484761,-3.3764926123441228],[140.9156313242263,-3.3764436082858538],[140.91587449461235,-3.376480398651438],[140.91609356136883,-3.3767002172411935],[140.91625170175473,-3.376785821908129],[140.91657990214082,-3.3767981057479233],[140.91688401688396,-3.3767370552708371],[140.91717878497298,-3.3765889818959636],[140.91737351157838,-3.3764057639148177],[140.91739791108478,-3.3761124266471256],[140.9172885274437,-3.3759169257255053],[140.91715476767843,-3.3757459367255365],[140.91702102679903,-3.3753549429761733],[140.91702980418222,-3.3752019745913913],[140.91703294731269,-3.375147196885564],[140.91741018862933,-3.3750373303084871],[140.91794528524679,-3.3750373752745872],[140.918188732624,-3.3751595517718442],[140.91834685322476,-3.3754894680644725],[140.91842366342144,-3.3758257110876571],[140.91855339062658,-3.3763936068793896],[140.91864963697128,-3.3775043946120604],[140.91865079529805,-3.3775177387526014],[140.91869949268755,-3.3781164722973358],[140.9188573318005,-3.3784341326290814],[140.91905203592273,-3.3785074849324133],[140.91921783673388,-3.3784811392931147],[140.91928331097608,-3.3784707341370108],[140.91941710041897,-3.3782875107599466],[140.91952656409967,-3.3775178115976701],[140.91968475934425,-3.3769556606751507],[140.91986023416257,-3.3765001432669237],[140.92008755309814,-3.3762934358933308],[140.92039388916669,-3.3762454013041747],[140.92043389820594,-3.3762391267342764],[140.92081139942661,-3.3764203500190888],[140.92108880880153,-3.3771479986811528],[140.92123717085883,-3.3776476898889314],[140.92139680321998,-3.3781853315877584],[140.9215200211321,-3.3790678093319002],[140.92157607767388,-3.3798136207020093],[140.92158567523882,-3.3803071497550832],[140.92177808968711,-3.3806554553848969],[140.92180228774544,-3.3806811364252667],[140.92195153023897,-3.3808395196280685],[140.92231770629712,-3.3808877583633148],[140.92248152410309,-3.380887770953791],[140.92266462157511,-3.3807911639809731],[140.92269354736936,-3.3805879127019693],[140.9225972101932,-3.380249217227572],[140.92249122059343,-3.3801233759929801],[140.92239459563416,-3.3798506610791037],[140.92235606957706,-3.3796085923626151],[140.92237535733693,-3.3794151463918638],[140.92253918593474,-3.379269919371211],[140.92281836157815,-3.3791925219173322],[140.92329053982667,-3.3792023640977504],[140.92382051840229,-3.3794538676018533],[140.92418185970507,-3.3797186370054533],[140.92466622286793,-3.3800636897873915],[140.9247118292875,-3.3800961777963039],[140.92545350377623,-3.3805897644060678],[140.92632074160895,-3.3810155394355661],[140.92682407686971,-3.3813181082440451],[140.92729595924118,-3.3815213972945912],[140.92745012462365,-3.38173426322561],[140.92747901894165,-3.3819181134301175],[140.92740191376743,-3.3821309622740614],[140.9272190923873,-3.3823245998003699],[140.92708443060201,-3.3828021838736504],[140.92718076508027,-3.3831988937139386],[140.92727401488389,-3.3832300920950047],[140.92735421462532,-3.3832569197709859],[140.9276333857722,-3.3832569422540359],[140.92766206695092,-3.3832405008483875],[140.92783575841361,-3.3831409288107466],[140.92808631403227,-3.383005513393698],[140.92846214970848,-3.3827442729298127],[140.92895644858129,-3.3826047898791103],[140.92926481262111,-3.3825856109371557],[140.92959245362886,-3.3825372211157969],[140.92975628042802,-3.3824017994034534],[140.92983310231591,-3.382208151984571],[140.92991986081302,-3.3817630442290465],[140.92987171920458,-3.3812114990114424],[140.929892474658,-3.3802800073164576],[140.92997923855103,-3.3797670789874701],[140.9302779906368,-3.3794090067202092],[140.93077908298835,-3.3793510283272212],[140.93123201034905,-3.3793510607028452],[140.93126061688406,-3.3793510616021649],[140.93158824080479,-3.3794963245956637],[140.93179059006377,-3.379689786754227],[140.93190620870462,-3.3799316576198635],[140.93196400633394,-3.3802317407022429],[140.93196399014607,-3.3804541961042105],[140.93201215423755,-3.380705866882181],[140.93210850490368,-3.3808897206840243],[140.93231057177559,-3.3810833878879976],[140.93265944487757,-3.3813479477495321],[140.93290032918685,-3.3817156589504407],[140.93299667265842,-3.3819867379975221],[140.93300629000839,-3.3822770139729528],[140.932967724381,-3.382567284552465],[140.93288124377443,-3.3830926747870649],[140.93291012100531,-3.3835667991684204],[140.93302575043811,-3.3836926404030123],[140.93320883442027,-3.3837698678850643],[140.93328648368436,-3.3837592495896729],[140.93342083610275,-3.3837408773395623],[140.93351720565454,-3.3836442595748508],[140.93359431082888,-3.3834410127924457],[140.93358555502937,-3.3830036589916403],[140.93364339492678,-3.3826843816788141],[140.93375904504398,-3.3824715346335665],[140.93414452504987,-3.3820930396619815],[140.93433726595208,-3.3818996053824435],[140.9344625621975,-3.3815415196253866],[140.93440476276965,-3.3812608421141022],[140.93436058986936,-3.3806482194397063],[140.9343846943982,-3.3804427207548997],[140.93446292732233,-3.3803215910685367],[140.93471530496743,-3.3801649723355354],[140.93471603341823,-3.3801645199765744],[140.93495071420421,-3.3800434010820481],[140.93511936586606,-3.3798015509008223],[140.93530077261266,-3.3795143524054083],[140.93546318657684,-3.3793329672425898],[140.93579451840242,-3.3791515928716649],[140.93614370087118,-3.3790427389312185],[140.93670090642172,-3.3790615689362085],[140.93686454436329,-3.3790927889010618],[140.93705007630001,-3.3791281853174269],[140.93733320626256,-3.3792550571751008],[140.937591954705,-3.3794789595862653],[140.93773823393246,-3.3796760154357344],[140.93782093918503,-3.3797874288467256],[140.93795922883544,-3.3801020215909716],[140.9380320181632,-3.3808972677946372],[140.93803200107607,-3.3811573112608357],[140.93790557438285,-3.381490065813864],[140.93768873344834,-3.3818552957852148],[140.9375864013914,-3.3821153311575358],[140.93753224421778,-3.3824781185702477],[140.93754412156397,-3.3828774778132811],[140.93761043397444,-3.3830225168755987],[140.93780910860357,-3.3830950471985943],[140.93809224665995,-3.3830950651850458],[140.93829688379424,-3.383016637108085],[140.93844738983523,-3.3828593546754178],[140.9384628725636,-3.3827529019248459],[140.93848963908567,-3.3825688781511758],[140.93849561058403,-3.3822483723644723],[140.93845339910513,-3.381951966609904],[140.93849564565755,-3.3816860038060099],[140.93867705600144,-3.3813757206129935],[140.93882756204243,-3.3812245679594071],[140.93917674990712,-3.3810188840142246],[140.93952592967798,-3.3809643653131616],[140.94029485362466,-3.3809233544292283],[140.94069816358945,-3.3809233778115981],[140.9409932005758,-3.3810020424102731],[140.94108360672317,-3.3810927462332074],[140.94113177710994,-3.3812861967005574],[140.94112580920876,-3.381540315433142],[140.94112579032299,-3.3818546932394611],[140.9412039998648,-3.3821026893875796],[140.94136639134592,-3.382272041621377],[140.94163762597577,-3.3822843146693344],[140.94180002914811,-3.3822177306636831],[140.94198086572442,-3.3819999850112481],[140.94202905859424,-3.3818306435692875],[140.94202538576303,-3.3816251430858415],[140.9417785803173,-3.3807001723749863],[140.94167997505087,-3.3802834436259559],[140.94157116607653,-3.379856708120542],[140.94155276055153,-3.379576441599454],[140.94156241117639,-3.3793382579542026],[140.94173049626545,-3.3790604537769013],[140.94191601920897,-3.3788829186117368],[140.94193797255946,-3.3788619113481104],[140.94242291398632,-3.3787303881968],[140.94308499667534,-3.3785418813027377],[140.94376677901369,-3.3782919417196808],[140.94381595394316,-3.378273914809256],[140.94459877961003,-3.3780032962151267],[140.94549781387309,-3.37757661556833],[140.94577444263643,-3.3773880861911607],[140.94593374404712,-3.377048793566928],[140.94593134195793,-3.3769741651255458],[140.94592384161206,-3.3767411561793779],[140.94580538021421,-3.376612251853885],[140.94538054317763,-3.3764236820072711],[140.94486670833203,-3.3763045614063572],[140.94420492781524,-3.3761952362211218],[140.94371093201391,-3.3760761147208882],[140.94332521009039,-3.3758544543195512],[140.94314752563787,-3.3755169819231128],[140.94311778955444,-3.3751102680244003],[140.94317330020772,-3.3750173096011054],[140.94332527394226,-3.3747628086566692],[140.94385896671804,-3.3745346650426882],[140.9444912863438,-3.3743759787683416],[140.94493570431939,-3.3740781718701101],[140.94554848167718,-3.3736416724252081],[140.9458495648056,-3.373479147844364],[140.94621028737492,-3.3732844311315375],[140.94631557370485,-3.373182360777264],[140.94649684015712,-3.3730066332494744],[140.9469948280489,-3.3725966799927392],[140.94789386141269,-3.3721105550580432],[140.94822974290832,-3.3715351310414121],[140.94837799884567,-3.3709893163038487],[140.94843872466743,-3.3703721079863271],[140.94847384679065,-3.3700151328920356],[140.94847953140527,-3.3697005500403066],[140.94836957759401,-3.3694631766842349],[140.94817714425983,-3.3693142498527209],[140.94796288527903,-3.3692368191238415],[140.94769363725163,-3.3692478349195767],[140.94754540739473,-3.3693031845942301],[140.94741899419125,-3.3694576098807261],[140.94724864730733,-3.3696839368641349],[140.94706157663052,-3.3699323260159986],[140.94691333957905,-3.3700979847341728],[140.9467540552555,-3.3701751924311338],[140.94652306708599,-3.3702137868367572],[140.94639490919781,-3.3701607978824768],[140.94633629588338,-3.3701365611533447],[140.94610560179217,-3.3700150051882929],[140.94572073422455,-3.3697445232910468],[140.94531460938174,-3.3695099926919738],[140.94502496922701,-3.3692636207194937],[140.94454515123778,-3.3690938413076879],[140.94428895597059,-3.3688364391503001],[140.94424769507509,-3.3685992051891276],[140.94424419041707,-3.3685790513820848],[140.94452280308496,-3.3683216798016247],[140.94494299602252,-3.3682204458168599],[140.94507972894644,-3.3681875027510273],[140.94554765699888,-3.3680980570796351],[140.94623863040852,-3.3680980948511774],[140.94701008864479,-3.3681869982313515],[140.94773422275625,-3.3681645673408411],[140.94819081215633,-3.3680975894321818],[140.94865874380605,-3.3679409347263345],[140.94929701874253,-3.3675928836046296],[140.94996534182712,-3.3671341169459197],[140.95006802282103,-3.3670374497185094],[140.95018146959922,-3.3669306489302357],[140.9505001767418,-3.3666306063173579],[140.95084710730816,-3.3661015522447997],[140.95117023461864,-3.3654638222974995],[140.95128220560935,-3.3652161490060166],[140.95155062176389,-3.3646224318796953],[140.95181791466507,-3.3640069646496613],[140.95197282828349,-3.3637634030585559],[140.95217533132654,-3.3634450223698309],[140.95243154997615,-3.3632099144059566],[140.95316675474203,-3.3627623829775644],[140.95364574805285,-3.3623595757337625],[140.95441751475653,-3.3618417757772932],[140.95474306394135,-3.361678321297461],[140.95497443971863,-3.3615621486741816],[140.95500586832623,-3.3615477379377126],[140.95548715221037,-3.3613270524015206],[140.95580588723192,-3.3612838372792453],[140.9564028742933,-3.3612028937984633],[140.95664880829588,-3.3611599862443313],[140.95691557689247,-3.3611134436304724],[140.95723867722324,-3.3610015158072883],[140.95770659898039,-3.3609232990709756],[140.9585914212571,-3.3610015742631845],[140.95890022776337,-3.3611124049135128],[140.95905933402116,-3.3611695082661299],[140.95942692021629,-3.3612702314359808],[140.95977167442334,-3.3612856979765411],[140.95992828326371,-3.361292721681707],[140.96026243356448,-3.3611920290888406],[140.96075275023929,-3.3610688714312005],[140.96114245436081,-3.3608562357266578],[140.96183711319225,-3.3607435030102124],[140.96262812718635,-3.3607323001554619],[140.96305154689139,-3.3607995208811303],[140.96314053390859,-3.3609562043652659],[140.9631739680043,-3.3611688553583576],[140.96323034830198,-3.3617195830922242],[140.96335277121352,-3.3620664471088162],[140.9634307055627,-3.362200863379087],[140.96362002364526,-3.3623128127860582],[140.96378723819055,-3.362346320626159],[140.96410583111924,-3.362278347167944],[140.96415483337887,-3.3622678916498216],[140.96456721300649,-3.3619657850928775],[140.96488223023084,-3.3617258306824738],[140.96507029106112,-3.361582583069719],[140.96533756327801,-3.3612802651720699],[140.96549345356004,-3.3609558824080068],[140.9655089218993,-3.3609000866696306],[140.96560513317047,-3.3605530562784907],[140.96556888239809,-3.3598172552621008],[140.96549916695301,-3.3596564888558191],[140.96540875990638,-3.359593568688183],[140.96529029221324,-3.3595935641915844],[140.96516501935025,-3.3596703680929636],[140.96502557407109,-3.3598313305514012],[140.9647821141034,-3.3599992366753781],[140.9644964246703,-3.3601250599235186],[140.96429463478967,-3.3601181072647819],[140.96408576094916,-3.35999206098478],[140.96404382286414,-3.3598033103744456],[140.96405771918842,-3.359530602655127],[140.96410647593314,-3.3592997736655548],[140.96440973991764,-3.3590301416276702],[140.96462146191095,-3.3587323167429872],[140.96463564242106,-3.3584912723542857],[140.96458877335328,-3.3583876128979568],[140.96456507711673,-3.3583352040064369],[140.9645477309931,-3.3583199721888946],[140.96433920159291,-3.3581368450393256],[140.96395802394375,-3.3577397188129225],[140.96346093807188,-3.357069269730971],[140.96315033112296,-3.3566578487806282],[140.96292446009579,-3.3564027012236579],[140.9627552787332,-3.3559347012254079],[140.96267056529439,-3.3552256577378898],[140.96271281274619,-3.3546726870947623],[140.96268477907938,-3.3540772243843548],[140.96258588063392,-3.3537085041440946],[140.96265646032748,-3.3534815566284806],[140.96296708706143,-3.3533398018902858],[140.96320713769933,-3.3533682060777892],[140.96348941330587,-3.3534958873252663],[140.96361637239772,-3.3537794255800009],[140.96364469834418,-3.3541765383165512],[140.96372941178299,-3.3549280702741839],[140.96388470221734,-3.3554810481118125],[140.96408221582169,-3.3561900942973466],[140.96423750895394,-3.3567005827656544],[140.96447755329655,-3.3568707515838696],[140.96468926629666,-3.3568707605770669],[140.96490098289416,-3.3566722127523576],[140.96502796896561,-3.3562042226467383],[140.96508438613557,-3.3557221356679747],[140.96487270641035,-3.3548713230530893],[140.96476332366854,-3.354441727703545],[140.9645655186838,-3.3538883397750396],[140.96452509955373,-3.3537088971478397],[140.96439549915306,-3.3531335378823997],[140.96428242379488,-3.3529419229313362],[140.96409169377671,-3.3527786995772999],[140.96369548126154,-3.3527901245645353],[140.96330011770635,-3.3528042061491306],[140.96292573083792,-3.3527261575860621],[140.96285352517009,-3.3526247041667148],[140.96281974123815,-3.3525772370497862],[140.96277043770556,-3.3522720476168502],[140.96281976102318,-3.3520522497115053],[140.96292576321343,-3.3518749438734972],[140.96313068183554,-3.3515769148427239],[140.96334949228526,-3.3512008534365805],[140.96354817500833,-3.350900780246775],[140.963713929954,-3.3506831182313022],[140.96382366702869,-3.3505390189604896],[140.96384682007476,-3.3505289564461123],[140.96408497674031,-3.350425450773912],[140.9643746303849,-3.3502906397011998],[140.96460760066032,-3.3501276375803855],[140.96473514611012,-3.3498631046984997],[140.96471389602959,-3.3496857943638929],[140.96462207614798,-3.3495438192917959],[140.96438203180537,-3.3493522007433967],[140.96419130268657,-3.3491180937249965],[140.96408531938209,-3.3488041197143161],[140.96408532927455,-3.3485275323197357],[140.96410659464368,-3.348279133275355],[140.96415620214702,-3.3479882466602362],[140.96429819880291,-3.3477725388715385],[140.96449603436452,-3.347403624377705],[140.96463038138711,-3.3471411356548515],[140.96478569610304,-3.3469781299367014],[140.96498351997354,-3.3469213476420236],[140.96519550906555,-3.3470206336952515],[140.96531254773595,-3.3473227609366063],[140.96534343225369,-3.3475268332966834],[140.9654052120809,-3.3476553239340205],[140.96557298870255,-3.347677595644484],[140.96571866628346,-3.347650841712948],[140.96592725863616,-3.3475895664053041],[140.96617779536905,-3.3475895753985583],[140.96648189482369,-3.3476255365891916],[140.96658930535227,-3.3477423864019897],[140.96661622206102,-3.347958102284565],[140.96661621306782,-3.3482097685659369],[140.96660742129552,-3.3483987233223615],[140.96663405471793,-3.3485964626565874],[140.96670575586597,-3.3486773566746137],[140.96679531215398,-3.3487223011932201],[140.96695629080023,-3.3487043309400519],[140.96705934411352,-3.3486728240915227],[140.96716205118776,-3.3486414206649897],[140.96721590259187,-3.3485155893229148],[140.9672246997601,-3.3482097901496672],[140.9672159259743,-3.3478412767534564],[140.96721593406812,-3.3475896095727649],[140.96726072390334,-3.347284016344247],[140.96734519362587,-3.3468844565524023],[140.96734519992106,-3.3466934603349046],[140.96733065788362,-3.3466739720261671],[140.96724459456243,-3.3465586348730767],[140.96694134766517,-3.3464001068794005],[140.96668401205761,-3.3463384079910838],[140.96631501212812,-3.3462540291001233],[140.96614723730522,-3.3461249206285402],[140.96574933406453,-3.3459161376196107],[140.96553678109763,-3.3457755897716197],[140.96534661765236,-3.3455903051483915],[140.96529645976386,-3.3453935874440504],[140.96529668729238,-3.34515046472211],[140.96529675564079,-3.3450777770177638],[140.965330205025,-3.3448755455699484],[140.96547588260592,-3.3447462446434315],[140.96572755428326,-3.3447070333028819],[140.96595683194232,-3.3447407461884495],[140.96603505227586,-3.3447969241386772],[140.96615265572052,-3.3451397034345405],[140.96620848293526,-3.3452688074094681],[140.96633148231217,-3.345341941177594],[140.96648820896371,-3.345324990755671],[140.96655537932736,-3.3452633017599283],[140.96658882511429,-3.3451677029270854],[140.96652195062757,-3.3448463769586851],[140.96648822964812,-3.3447001130197691],[140.96645026027136,-3.3444923651305203],[140.96656363060708,-3.3443101552894063],[140.96672234386119,-3.344218849820038],[140.96692668511844,-3.3441847430314056],[140.96717608690699,-3.34418475112534],[140.96751646321422,-3.3442076415693691],[140.96781121331685,-3.3441277790736876],[140.96785656073178,-3.3440595529060033],[140.96804929084215,-3.3437519209143716],[140.96825335510835,-3.343490047327748],[140.96848037816699,-3.3431709759597084],[140.96869155966783,-3.3428570729954572],[140.96882105304917,-3.3426645901986376],[140.96893442878093,-3.3423342800029445],[140.96885507799948,-3.3421632990969101],[140.96876674029295,-3.3421559336493942],[140.96858300520159,-3.342140616396307],[140.96843534641414,-3.3422088389667124],[140.96826529630641,-3.3423113796663984],[140.96799321271669,-3.3425846908307904],[140.96765282561751,-3.3428923183257666],[140.96741475708541,-3.3430177359796858],[140.96697234999397,-3.3431088274103899],[140.96672295000417,-3.3430632650575944],[140.96659825180791,-3.3429948284485249],[140.96653023877957,-3.3427897335593002],[140.96646223294579,-3.3424253057831947],[140.96648384994978,-3.3419910897169416],[140.96648492194163,-3.3419695680410655],[140.96656429430675,-3.3414456050306285],[140.96657564914699,-3.3409102008450304],[140.96643963658005,-3.3401584629426679],[140.96632629232465,-3.3396116139847436],[140.96607862622773,-3.3386178082652123],[140.96612256890148,-3.3381804562629895],[140.96618578224809,-3.3378256323470055],[140.96641932629097,-3.3373884916854877],[140.96670954291119,-3.3372046531721367],[140.96696801256383,-3.3371793318606251],[140.96707542399167,-3.3372236639409039],[140.96715108755268,-3.3374138471712627],[140.96715731086124,-3.3377876701648006],[140.96711932169944,-3.3381298289284018],[140.96710684630398,-3.3383200103601212],[140.967182512563,-3.3384339976308297],[140.96736559474641,-3.3384403369519191],[140.96764928768459,-3.3384213477669391],[140.96787658773439,-3.3382628377597143],[140.96805315792699,-3.3380791997951746],[140.96806799314345,-3.3379880121369752],[140.96810985208811,-3.3377307080057221],[140.96808123476126,-3.3374825131074317],[140.9680509204137,-3.3371771222263646],[140.96810165926422,-3.3369125866465197],[140.96823345311145,-3.3366378410634638],[140.96849674762689,-3.3363835271779863],[140.9687903645837,-3.3362107197488626],[140.96916531712577,-3.336139438584155],[140.96932604396181,-3.3362388343546741],[140.96942859905062,-3.336302255444707],[140.96965135032963,-3.3366074493742417],[140.96990471093375,-3.3368007010914198],[140.97013767041722,-3.336922864098824],[140.97044148298812,-3.33696352424721],[140.97081615314301,-3.3368822354267991],[140.97115057863641,-3.3367703013083201],[140.97121297180126,-3.336733448889504],[140.97166724274916,-3.3364651289624589],[140.97201725888942,-3.3361991733531227],[140.97271644041143,-3.3358227144466923],[140.97304033034698,-3.3357781341535429],[140.97323281224453,-3.3357516410253538],[140.97361767801351,-3.335863594029604],[140.97370244361298,-3.3359370380638325],[140.97384071617614,-3.3360568439481426],[140.97396002293681,-3.336239198580131],[140.97407366936443,-3.3364129017339792],[140.97417483320203,-3.3369013262351928],[140.97414449367352,-3.3374710494493343],[140.97413484035064,-3.3381343300352455],[140.97417536020475,-3.3384599457698414],[140.97437799095155,-3.3387142740444915],[140.97469200363309,-3.3388873027067802],[140.97504654785996,-3.3389686140102981],[140.97531201243953,-3.3389282461416201],[140.97538097335325,-3.3389177582478737],[140.97555300466752,-3.3388160332332859],[140.97558214000378,-3.3387550942721305],[140.97567459390746,-3.3385617130525702],[140.97563407315397,-3.3383073901738953],[140.97556586407347,-3.3382387539153342],[140.97549237237513,-3.3381648026634707],[140.97519847572914,-3.3381445706153841],[140.97489466225898,-3.3380936986652046],[140.9747022316227,-3.3379411008011175],[140.97471244072665,-3.3376865746756152],[140.97474277126196,-3.3374526798972397],[140.9749048893492,-3.3371168559580724],[140.97504407922099,-3.3368828622542424],[140.97513077566487,-3.3367371136268389],[140.97541448029415,-3.3362997679199111],[140.97561712183278,-3.3361369663478513],[140.97572165632948,-3.3361062131311883],[140.97603231813707,-3.3360148186289393],[140.97657929929528,-3.3359944049178125],[140.97700469301219,-3.3360657067669308],[140.97731870479447,-3.3363098232397306],[140.97784753673454,-3.3367192027290002],[140.97786275056558,-3.33672853859116],[140.97821476410013,-3.3369445431561076],[140.97839450889956,-3.3370548387097756],[140.97885051104231,-3.3372482981703797],[140.97913391709665,-3.3374211199886759],[140.97938728039878,-3.3376043595534952],[140.97966387768588,-3.3380453969774635],[140.98000821190954,-3.3384727467198445],[140.98046421225365,-3.3386964377903041],[140.98077822763321,-3.3388390279986879],[140.98107184009336,-3.3389101221043802],[140.98158717231024,-3.3390118048508839],[140.98158849431366,-3.3390120647549111],[140.98199348511127,-3.3390933742597895],[140.98233243959044,-3.3392580248379318],[140.98277824072329,-3.3394512783537493],[140.98325436429752,-3.3397973293832024],[140.98352784813176,-3.3400414422587232],[140.98383165620601,-3.3406113750148734],[140.98397075074956,-3.340735532718611],[140.98410514273826,-3.3408554878903942],[140.98435822814974,-3.3409165698437846],[140.98458127170841,-3.3408554950850089],[140.98467224982448,-3.3407029044154797],[140.98472298507772,-3.3403670759797137],[140.98467849561609,-3.3399284964029334],[140.98459206627092,-3.3393054559819575],[140.98457761956161,-3.3387694366601295],[140.9846496129893,-3.3383349454013569],[140.98486614365765,-3.3379582652617046],[140.98487245779779,-3.3379231350446048],[140.98496307888308,-3.3374189796022051],[140.98493502363249,-3.3372153173330048],[140.98487295961945,-3.3370453598554377],[140.98461874376005,-3.3368512942518009],[140.98442716118461,-3.3367832668342317],[140.98412306532725,-3.33668704926788],[140.98399326617641,-3.3365399687444892],[140.98397090093636,-3.3362177056825431],[140.98397088115132,-3.3362174178994906],[140.9839989426971,-3.3359557421637192],[140.98415680609185,-3.3357122489210838],[140.98437673619753,-3.3354520049060739],[140.98459156534852,-3.335059595623818],[140.9846085742264,-3.3347934259757608],[140.98463663487291,-3.3345219449317938],[140.98451477313836,-3.3342915206371231],[140.98438639401695,-3.334049860212815],[140.9843061915775,-3.333864580985562],[140.98433028441514,-3.333671134115491],[140.98448275907219,-3.3335824798475073],[140.98473130830325,-3.3336147601130506],[140.98505212255748,-3.3338564223359981],[140.98542366487027,-3.3342371970889531],[140.98562403022493,-3.3345675126805077],[140.98563224643112,-3.3348012042121695],[140.9856322410352,-3.3351799303094936],[140.9856804168179,-3.3353974844063146],[140.98579264501461,-3.335526383335889],[140.98599301396644,-3.3355909366723608],[140.98633820614339,-3.3355827708281822],[140.98659469099221,-3.3355668411367674],[140.98680328244563,-3.3354216042235976],[140.98686761994475,-3.335204051925416],[140.98689964840014,-3.3348898773659243],[140.98681151034305,-3.3347125652326781],[140.98665903658537,-3.3346723205710873],[140.98650656372695,-3.3345916297998315],[140.98645045232661,-3.3343822469431075],[140.98649041729902,-3.3340840056722527],[140.98661143457014,-3.3338321370434301],[140.98678006824559,-3.3334777214196833],[140.98687614731637,-3.3331876513889256],[140.98687615091364,-3.3328732717840239],[140.98687543235542,-3.3328613359818178],[140.9868614173206,-3.3326289592590115],[140.98690959939859,-3.3324918908879795],[140.98700595815853,-3.3324355123889404],[140.9872868146349,-3.3324757588491707],[140.98748718268735,-3.3325805532498975],[140.98781621944306,-3.3325966951812802],[140.9880729857797,-3.3325887316845524],[140.9882333960544,-3.3325241828447361],[140.98826736344813,-3.3324866370485893],[140.98831360119186,-3.3324355285767524],[140.98837793869097,-3.3321354490916519],[140.98832976200902,-3.3319661040524124],[140.98821753291293,-3.3318292380288881],[140.98806506185315,-3.3316921678592166],[140.98787263121699,-3.3314020951305565],[140.9878431937085,-3.3311709181033393],[140.98783239195143,-3.3310860796588031],[140.98781652611183,-3.3307637338591576],[140.98783239914599,-3.3305141099381785],[140.98796078636121,-3.3301674563629717],[140.98798263718902,-3.3300742614179626],[140.98805714871855,-3.3297564562953994],[140.98815379795951,-3.3292392328042979],[140.98825809683376,-3.3287073018004776],[140.98840263857096,-3.3283345013361441],[140.98847462930075,-3.3279880501083881],[140.98847463199877,-3.3277655758205924],[140.98847463289803,-3.3276657043087425],[140.98824139372539,-3.3272522481926785],[140.98823585390164,-3.3272429096325027],[140.98799285078951,-3.3268332756351242],[140.98777633361101,-3.326527066370943],[140.98756576724645,-3.3262410783630116],[140.98742151329225,-3.3261926633607004],[140.98725288681135,-3.3261442465596929],[140.98712450499193,-3.3260717279278538],[140.98711371582544,-3.3260298986608632],[140.98706839269221,-3.3258541738310328],[140.98699613036717,-3.3255238600380608],[140.98699613306519,-3.3252981356004057],[140.98708398963447,-3.3250706170153421],[140.98714861042015,-3.3249032738669371],[140.98726906201762,-3.3246132038362362],[140.98742182175977,-3.3242647129461034],[140.98743797897964,-3.324038989407768],[140.98743182312023,-3.3240260499621854],[140.98734984272107,-3.323853710180515],[140.98713247028729,-3.3238040694022288],[140.98689979409028,-3.3237879265715264],[140.98663509573316,-3.3237474768645257],[140.98649877739672,-3.3236669911386798],[140.98641857585665,-3.3234655753759625],[140.98645060341266,-3.3232962312360428],[140.98661129877246,-3.322972049020791],[140.98676377342952,-3.3228270153544486],[140.9869482720452,-3.3226497059191615],[140.98711661703828,-3.3224644311885072],[140.98718095273887,-3.3222307405561651],[140.98717273833131,-3.3218896016237522],[140.98710663276495,-3.3217262748476628],[140.98708460207274,-3.321671843380841],[140.98688395343174,-3.3215188381238363],[140.98669152369496,-3.3213576616267346],[140.98640954036807,-3.3210581909826828],[140.98621710973191,-3.3209049815795879],[140.9860887306105,-3.3207358397871189],[140.98595156781062,-3.3203640573553344],[140.98590339382667,-3.3200739864253137],[140.98585521894324,-3.3197839136965968],[140.98573477364096,-3.3196550147670791],[140.98554234210542,-3.3196307033941821],[140.98530966770704,-3.3196550093711608],[140.98519743861095,-3.3197354906003511],[140.98514131911668,-3.3200980792628911],[140.98516540386038,-3.320347908229337],[140.9852053598396,-3.3206461512987744],[140.98517333318284,-3.3208234598347417],[140.98506110228811,-3.3209764605951477],[140.98503596893488,-3.3209808510853804],[140.98487632218462,-3.3210087336660763],[140.98453142138806,-3.3208877973339099],[140.98431490331018,-3.3206622743444427],[140.98419445890727,-3.3205010987466608],[140.98419386805267,-3.320478298234832],[140.98418652778605,-3.3201948903818561],[140.98421855624144,-3.3199853051776245],[140.98427467303782,-3.3196952351469236],[140.98430180378523,-3.3196522376605913],[140.98442715039278,-3.319453579219271],[140.98477149181099,-3.3190785358457333],[140.98500020199776,-3.3188615986837817],[140.98519717421027,-3.3184211835907149],[140.98526774940717,-3.3179472669527854],[140.98534399033292,-3.317532385411198],[140.98539557724416,-3.3170392646503046],[140.98542108831259,-3.3167583865902088],[140.98547182086793,-3.3164456419527824],[140.98557356476829,-3.3163053072440789],[140.98577676568527,-3.3162797745918624],[140.98587614706662,-3.316294072913081],[140.98591024935854,-3.3162989787148263],[140.98605619943407,-3.3164393179201284],[140.9863174911593,-3.3169183472039094],[140.98648922929453,-3.3172182261401986],[140.98655515409712,-3.3172812344413956],[140.98661619198379,-3.3173395680665863],[140.9869528747754,-3.3173841042929553],[140.98716183495083,-3.3173604889953481],[140.98729806155632,-3.3173450908032578],[140.98766025091993,-3.3172174239448964],[140.9877554756348,-3.3171536907901782],[140.98779345400476,-3.317013150136745],[140.98781272737551,-3.3168386996462118],[140.98771098707243,-3.3167110255932926],[140.98760301176969,-3.316634421341405],[140.98753953222365,-3.3164685503832629],[140.98754127690847,-3.3164531144196303],[140.98757127559395,-3.3161876723231671],[140.98769824367912,-3.315925995688076],[140.98809869739705,-3.3154855841922881],[140.98847336215601,-3.3150388378720095],[140.98899511103559,-3.314603737772245],[140.98945904519883,-3.3143036627837432],[140.98981528374838,-3.3140724273006299],[140.98989152197623,-3.3139192205954942],[140.98995528930527,-3.3137660147896781],[140.98994253691865,-3.3136575448597796],[140.98983456071642,-3.3135872727344235],[140.98959933674007,-3.3135362020340722],[140.98929978155968,-3.313448563999998],[140.98900107623876,-3.3134577532726439],[140.98865730858802,-3.3133940156212702],[140.98848556775476,-3.3133033153956148],[140.98838609644122,-3.3131396900446362],[140.98840395427908,-3.3128306218357011],[140.9884674401203,-3.3124764085593483],[140.9886482533143,-3.3122672334459935],[140.9886744397736,-3.3122541033441735],[140.98881120956969,-3.3121855246421887],[140.98917311564685,-3.3121309879546743],[140.98933578591789,-3.3122400721215968],[140.98948060194823,-3.3125307572885845],[140.98958007326189,-3.3127581166936579],[140.98968861693618,-3.3128580088899753],[140.98983343476527,-3.3128943711782313],[140.98992171401596,-3.3128694941318031],[140.99005958997816,-3.3128306398220957],[140.9900777302031,-3.3125853047679357],[140.99004145874642,-3.3121765503075267],[140.98999640630916,-3.3114295149600821],[140.98995106608891,-3.3109662184161834],[140.99004176091864,-3.3103458345925674],[140.99005990114358,-3.3100185856891358],[140.99006809126945,-3.3096822023716754],[140.9900689744037,-3.3096459875721962],[140.98995958626597,-3.3092074079954159],[140.98977849428218,-3.3090256010506209],[140.98954327210436,-3.308880357842213],[140.98910003403944,-3.3087075369232366],[140.98881975312918,-3.3086076429283366],[140.98864772990885,-3.3084895700375796],[140.98864767774819,-3.3084894234480657],[140.98858453275,-3.3083077639920475],[140.98859275705013,-3.3078052471144019],[140.98867410162859,-3.3070874253443776],[140.98868402474795,-3.3066388363131978],[140.98876564721695,-3.3064572362124522],[140.98900993995687,-3.3063026031825302],[140.98934463704541,-3.3062117042067598],[140.98954358506842,-3.3061845383857076],[140.98978787690908,-3.3060482883977329],[140.98984537596334,-3.3059641091562639],[140.9899516839231,-3.305808470684326],[140.98992448122988,-3.3055449549356695],[140.98979270716779,-3.3054655645840967],[140.98969832781563,-3.3054087022497356],[140.98958071897505,-3.3052724486645388],[140.98956258594467,-3.3049270190666107],[140.98956258684393,-3.3047725856862371],[140.98969833680883,-3.3045817954134691],[140.98977967599137,-3.3043000998696925],[140.98981595374335,-3.3040729464092919],[140.98981611472198,-3.3040674191760218],[140.98982502520482,-3.303764082346504],[140.9896654728833,-3.3036266029852754],[140.98939709629906,-3.3033851467071145],[140.98928430422734,-3.3032476682452625],[140.98926815330265,-3.3030697445730084],[140.98931683090711,-3.3030004958761197],[140.98936479175177,-3.3029322679097959],[140.98967086611765,-3.3028675167224719],[140.9899687188813,-3.3028352436515434],[140.99029944456379,-3.3029161403675289],[140.99067693319398,-3.3029412701234833],[140.99105924039168,-3.3028603797027358],[140.99125563703808,-3.3026127999407322],[140.99132620593969,-3.3024056662883936],[140.99136701807345,-3.3020520645511056],[140.9914239838298,-3.3018582093887971],[140.99158835561821,-3.3017270648521162],[140.9916513711139,-3.3016881008251175],[140.99180969136421,-3.3015902024258708],[140.99215798979947,-3.3015497590141081],[140.99261199364867,-3.3015328076928654],[140.99292401792911,-3.3015612037864912],[140.99304332828706,-3.3015440456211422],[140.99315668783095,-3.3015042128491245],[140.99328166841428,-3.3014472201130616],[140.99397287924501,-3.3012329404477896],[140.9945626330591,-3.301167166731318],[140.99472426281454,-3.3011995531168168],[140.99480833863402,-3.3012163992174237],[140.99489024169134,-3.3013810452989674],[140.99485765115969,-3.3015785786884067],[140.99461165780178,-3.301792453658777],[140.9942185821219,-3.3019405522146599],[140.99375975790656,-3.3020886480725835],[140.99339927275832,-3.3022204041482723],[140.99307166322671,-3.3023356126983003],[140.99292429402101,-3.3025660342950118],[140.99294072913142,-3.30291166893835],[140.99305522092175,-3.3031749796415397],[140.99328506065706,-3.3032759968896812],[140.99331736430497,-3.3032901926881664],[140.9935795076882,-3.303339425174272],[140.99393999193717,-3.3034054093321288],[140.99416954568801,-3.3035040748531515],[140.99438237744482,-3.3037344982484456],[140.99464451902941,-3.3043105571863975],[140.99502143838879,-3.3048206337651891],[140.99526436775648,-3.3049834227467159],[140.99526714486296,-3.3049852807460525],[140.9955457260545,-3.3050016250249428],[140.99584046266727,-3.3048371839888091],[140.99589320880466,-3.3047223603485918],[140.9959388044324,-3.3046231039730287],[140.99600427058067,-3.3041953513343287],[140.99631572918759,-3.3038331718633458],[140.99669236975717,-3.3032242292147771],[140.9967581191919,-3.302812819056328],[140.99695451673767,-3.3023519740643223],[140.99711860523951,-3.3021215515682911],[140.99734787570401,-3.3020394353716256],[140.99754455383811,-3.3021052108867366],[140.99774094958525,-3.3023190876557464],[140.99798693934588,-3.3028128217542871],[140.99816689728459,-3.3032736667462927],[140.99834713940902,-3.303405424620621],[140.99847835319349,-3.3034054264192605],[140.99859313006891,-3.3032736676456125],[140.99875693618367,-3.3029938112153445],[140.99900264355722,-3.3025331712688057],[140.99921547711267,-3.3020063448169026],[140.99942157564521,-3.301656578688096],[140.99967684281216,-3.3013013770568591],[141.00012207107682,-3.3012014398944984],[141.00246684916578,-3.3009766192755023],[141.00427635077301,-3.3008813819701572],[141.00430555625644,-3.2966611109214909],[141.00460398998223,-3.2500085918230184],[141.00464425982477,-3.2438862105801149],[141.00471944404717,-3.232455555779211],[141.00470787516838,-3.2314714069797787],[141.00412013403707,-3.1814718198685341],[141.00360816078808,-3.1379179265709922],[141.00355535529548,-3.1334256789518804],[141.00351985455768,-3.1302427372124839],[141.00277548570011,-3.130203559146878],[141.00149057662884,-3.1299656129226605],[141.00012207107682,-3.1293091950632288],[140.9999999953036,-3.1292542905530354],[140.99993005592739,-3.1292228340664678],[140.99984068130243,-3.1291896607741592],[140.99974717968871,-3.1291509611479],[140.99963717821322,-3.1290887622365631],[140.99953130282745,-3.1290196529345735],[140.99944742665753,-3.1289602176398716],[140.99933742608141,-3.1288994018858602],[140.99924530132967,-3.1288662285935516],[140.99912429934705,-3.1288233821932749],[140.99902942356914,-3.1287971210902015],[140.99893317272779,-3.1287819162523647],[140.99891117261257,-3.1287736227045002],[140.99882042202489,-3.1287307754049039],[140.99872829637388,-3.1286976030119149],[140.99861141958138,-3.1286478444224599],[140.99851242041188,-3.1286091420981847],[140.99839966880972,-3.1285662947986452],[140.99830616899453,-3.1285372682802404],[140.9982209168619,-3.1285040958872514],[140.99814116678147,-3.1284571009144315],[140.998065540992,-3.1283949020030946],[140.99799541725474,-3.1283299403743854],[140.99792116562935,-3.1282553020404862],[140.99785791630984,-3.1281806628072673],[140.99778366468445,-3.1281060253727446],[140.99772453965579,-3.1280659407904636],[140.9976434154114,-3.1280161822010086],[140.99754578770796,-3.1279401607097839],[140.99746878775443,-3.1278655232752044],[140.99740141324469,-3.1278019430052382],[140.99735466288746,-3.1277383618358954],[140.99729141266857,-3.127654047696069],[140.99723503776681,-3.1275890860674167],[140.99717728690234,-3.1275199758661643],[140.99710716226582,-3.1274370439843437],[140.99704528621101,-3.1273596420338095],[140.99693116134404,-3.1272573603388878],[140.99686378593503,-3.1271882501375785],[140.9967922853358,-3.1271260512262415],[140.99670291071084,-3.1270610886982126],[140.99658328469093,-3.1270058010767912],[140.99647328411481,-3.1269657173938867],[140.99635228303146,-3.1269118111311514],[140.99632203343515,-3.1268869322860269],[140.99625465802615,-3.1268081462789041],[140.99618178326273,-3.1267044823259766],[140.99611990810729,-3.126627078576746],[140.99605665788852,-3.1265524411422234],[140.99597415678193,-3.1264791850662732],[140.9958985327911,-3.1264156038969304],[140.99582565712842,-3.1263506413689583],[140.99574453288392,-3.1262690917451437],[140.99568678201945,-3.1261847776053742],[140.99565378229624,-3.1261018466228734],[140.99564828204268,-3.126061762939969],[140.99565103306884,-3.1259926527386597],[140.99566065761337,-3.1259553335717669],[140.99569915938878,-3.1258364665796421],[140.99571978533993,-3.1257300390100227],[140.99573628520147,-3.1256084057033036],[140.99577341101417,-3.1254715702567069],[140.99579266100261,-3.1253817279842906],[140.99579266100261,-3.1253457901760271],[140.99578853581238,-3.1252324522158688],[140.9957720368501,-3.1251426090441328],[140.99575141179832,-3.1250458563811208],[140.99570878663121,-3.124932516622323],[140.9956537867929,-3.1248302340280247],[140.99560978656245,-3.1247473030455239],[140.99555203839589,-3.1246546971565294],[140.99548741311366,-3.1245759111493498],[140.99542278783144,-3.1245261516605183],[140.9954172866785,-3.1245233880438832],[140.99539528836192,-3.1245068009480406],[140.99530041168475,-3.1244501310686701],[140.99519178797073,-3.1244045192531189],[140.99509553712937,-3.1243671991868496],[140.99500203731418,-3.1243326436365351],[140.99487828700342,-3.1242801214303881],[140.99477928693466,-3.1242068635558553],[140.99475316162921,-3.1241736911628664],[140.99471741177922,-3.1241004359862927],[140.994677536739,-3.1240064469399158],[140.99462803805363,-3.1239027820876686],[140.9945634127713,-3.1238170856898932],[140.99449878838846,-3.1237521231619212],[140.99443828919573,-3.1236830129606119],[140.99438603768556,-3.123600081978168],[140.99433653900019,-3.1235074751897969],[140.99428703941544,-3.1234190142760667],[140.99424991360274,-3.1233360841928857],[140.99423341464046,-3.1232669739916332],[140.99422104086841,-3.1231522519748296],[140.99419491556296,-3.1230637919603623],[140.99415641558619,-3.1229532167175194],[140.99411379221783,-3.1228536986392328],[140.99411241625512,-3.1228523172805467],[140.99411104209094,-3.1228495527645919],[140.9941096670276,-3.1228440237326822],[140.99409729235617,-3.1228191448875577],[140.99405879237941,-3.1227265380991867],[140.99401754317512,-3.1226339304114958],[140.99397079281789,-3.1225357945912151],[140.99393779399406,-3.1224487168347537],[140.99392816944953,-3.1223726962429055],[140.99392954541224,-3.1222759435798935],[140.99393366970321,-3.1221681328530053],[140.99394192098293,-3.1220755260646342],[140.99394604617316,-3.1219621872051562],[140.99395567161707,-3.1218433202130313],[140.99395704668041,-3.1217396553607841],[140.99395567431498,-3.1216290801178843],[140.99393642432653,-3.1215337088135584],[140.99390479876752,-3.1214549237056985],[140.99385667514548,-3.1213899611777265],[140.9938264246498,-3.1213719918239349],[140.99377683603223,-3.1213520556527783],[140.99369442485784,-3.1213388203302657],[140.99359267376292,-3.1213388194309459],[140.9934661751239,-3.1213540215707667],[140.99334929923089,-3.1213733722832444],[140.99321179918525,-3.1213775172585656],[140.99309079810189,-3.1213761350005598],[140.99298629777945,-3.1213747518432911],[140.99287217381186,-3.1213692219120048],[140.99276629932535,-3.1213429599096116],[140.99272092403146,-3.1213222269391849],[140.99261779877247,-3.1212655561604379],[140.99252704998344,-3.1211840074359429],[140.9925036739055,-3.1211522173009598],[140.99243767535847,-3.1210623741292238],[140.99237855122919,-3.1209808236060894],[140.99231392594697,-3.1208992739822747],[140.99224380220971,-3.1208204888744149],[140.99216130290188,-3.120725117570089],[140.99206780308668,-3.1206477147202349],[140.99197292820816,-3.1205772222609767],[140.99188905383687,-3.1205329918040547],[140.99178730364122,-3.1204735574086726],[140.99171030458695,-3.1204155043719766],[140.99163880488697,-3.1203408660380774],[140.99156730608638,-3.1202524051243472],[140.99149168209556,-3.1201528870460606],[140.99142980783938,-3.1200478399358076],[140.99138993279928,-3.1199635266953578],[140.99133218463271,-3.1198460401625994],[140.9912923095925,-3.1197644914381044],[140.99122493598202,-3.1196539161952046],[140.99116993704297,-3.1195917172838676],[140.99108743683576,-3.119532281089846],[140.99104756179565,-3.1195170780506487],[140.99093756211892,-3.1194797579843794],[140.99080693918893,-3.1194217040483636],[140.99065568940864,-3.1193733268175379],[140.99053743935144,-3.1193622669550223],[140.99044256267416,-3.1193677959869319],[140.99031056378158,-3.1194009665812814],[140.99026518758842,-3.1194327567163214],[140.99023768901816,-3.1194604009766635],[140.99017581296346,-3.1195474778338053],[140.99011531107283,-3.1196580521773285],[140.99006718475289,-3.1197644797468911],[140.99002318362307,-3.1198667614418127],[140.98997230807561,-3.1199676599794657],[140.98992005836408,-3.1200754707063538],[140.98983205610455,-3.1202053948630351],[140.98978668081077,-3.1202427140299847],[140.98974955499807,-3.1202606815851368],[140.98967393100713,-3.1202717387496932],[140.98963268000421,-3.1202675919757326],[140.9896079297622,-3.1202551516538506],[140.98958455638228,-3.1202275082928281],[140.98955980614016,-3.1201846600939689],[140.98951443174565,-3.1200644099445185],[140.98949793278348,-3.1200395302001311],[140.98940855905778,-3.1199496870283951],[140.989363183764,-3.1199192782520413],[140.98925318498652,-3.1198722823799017],[140.98913355986599,-3.1198460203775085],[140.98902081006236,-3.1198183752177897],[140.98892043493015,-3.1197990227066725],[140.98882693601433,-3.1197934927754432],[140.98872656088213,-3.1197769056796005],[140.98860006134385,-3.1197534081931622],[140.98849418595796,-3.1197423483306466],[140.98838831057219,-3.1197271443921295],[140.988276935832,-3.1197022628491027],[140.98817656159906,-3.1196884402692717],[140.98807481230278,-3.1196704700161035],[140.98797168794306,-3.1196621755689193],[140.98786306243051,-3.1196331490505145],[140.98774618833602,-3.1195958289842451],[140.98766093890129,-3.1195460685961507],[140.98761831373429,-3.1195087494292011],[140.98753719038905,-3.1194327279379763],[140.98746844081597,-3.11933320896037],[140.98740106810487,-3.1192184878428861],[140.98733231943106,-3.1190996190521219],[140.98728419490976,-3.1190208330449423],[140.98721819726211,-3.1189337543892179],[140.98713432199145,-3.1188522038660835],[140.98702982436691,-3.118769271984263],[140.9869418248054,-3.118698778625685],[140.9868373262816,-3.1186075540953198],[140.98670945257925,-3.1184997406704724],[140.98659945380177,-3.1184306295698434],[140.98647295516287,-3.118349079046709],[140.98636295638539,-3.1182896437520071],[140.98623645594773,-3.1182385020052266],[140.98610170692825,-3.1182025632975865],[140.98600958307588,-3.1181790649118852],[140.9858748340564,-3.1181624760174032],[140.98571395883221,-3.1181735322826398],[140.98555033438049,-3.1181859699065626],[140.98541970785334,-3.1182011720463834],[140.98529045908754,-3.1182246668348625],[140.98516120942236,-3.1182453980066498],[140.98505395807376,-3.1182536897559316],[140.98494670942318,-3.1182661282791742],[140.98480645925076,-3.1182716546131246],[140.98470470905511,-3.1182702705564793],[140.98465521036974,-3.1182495366867329],[140.98460295975883,-3.1182149820357381],[140.98458645989729,-3.1181928659079858],[140.98457683535275,-3.1181693693208672],[140.98457683625202,-3.1181527831244011],[140.98460021322933,-3.118031149817682],[140.98463183878835,-3.1179827752848155],[140.98467721408224,-3.1179426916019111],[140.98473496404745,-3.117908137850236],[140.98482708969846,-3.117852852027454],[140.98490684067826,-3.1177823613668352],[140.98498659075858,-3.1177063425736264],[140.98503609214197,-3.1176386164289625],[140.98509384390582,-3.1175487750558659],[140.9851515947704,-3.1174354361963879],[140.98518597135558,-3.11733730127537],[140.98520659820599,-3.1172211978999371],[140.98520659910537,-3.1171728206691114],[140.98520660000463,-3.117073302590768],[140.98519697456084,-3.117031838448554],[140.98517635220696,-3.116984844374997],[140.98513785312946,-3.1169032938518626],[140.98507322874661,-3.1168245078447399],[140.98499897981912,-3.1167650734493577],[140.9848724811801,-3.1167014895820557],[140.98478310655514,-3.1166627881571003],[140.98469373282956,-3.1166296139654719],[140.98466898258755,-3.1166130268696293],[140.98456998521669,-3.1165439166683768],[140.98448748590886,-3.1164692783344776],[140.98442561165268,-3.1163918736859841],[140.98438573841122,-3.1163158530940791],[140.98434724113235,-3.1162094237258771],[140.98433349229686,-3.1160947026083932],[140.98433761658782,-3.1160477076355733],[140.98436236862847,-3.1159647766530725],[140.98439949534054,-3.1158818456705717],[140.98444899582455,-3.1157643609364527],[140.98449024682748,-3.1156454939443279],[140.98451637393157,-3.1155418299914004],[140.9845287513009,-3.115434020163832],[140.98453012726361,-3.1153151513730677],[140.98453288008841,-3.1151949012236742],[140.98452737983473,-3.1150857082387802],[140.98450538241752,-3.1150000127403246],[140.98448063307478,-3.1149461055782695],[140.98445863385894,-3.1149184631165099],[140.98442838426263,-3.1148977292467634],[140.98438438493145,-3.1148811430502406],[140.98427438615408,-3.1148217059568992],[140.98416851166758,-3.1147484489816861],[140.98414445120557,-3.1147186346572084],[140.98413806062308,-3.1147105128798103],[140.9841341377803,-3.1147042176255013],[140.98412915463689,-3.1146882213842559],[140.98412054632627,-3.1146697250277384],[140.98410643686259,-3.114650025378296],[140.98408188986741,-3.1146199052843713],[140.98403651637216,-3.1145825852181019],[140.98400901600337,-3.1145687617388944],[140.98391139189732,-3.1145176199921139],[140.98383301867898,-3.1144568033387827],[140.98378489505694,-3.114395985786075],[140.98372989611789,-3.1143116707469858],[140.98367077378725,-3.114187272924255],[140.98362677535545,-3.1141292207868787],[140.9836157748482,-3.114122310396283],[140.98360890043045,-3.114122310396283],[140.98358965044213,-3.1141153991063106],[140.98349202723534,-3.1140822240153625],[140.98343015297928,-3.1140449039490932],[140.98339577819263,-3.1140131129147903],[140.98332977964571,-3.1139426213548518],[140.98326653122547,-3.1138458668932003],[140.98320603383149,-3.1137325271343457],[140.98316066033624,-3.1136178042182223],[140.9831579120081,-3.113539020009739],[140.98315653874329,-3.1134395019313956],[140.98316479092239,-3.1133220171972766],[140.98317991661997,-3.1131976202739224],[140.98319229398919,-3.1130732233505114],[140.9831730457995,-3.1129391497219103],[140.98313454942001,-3.1128092237665896],[140.98310980097665,-3.1126765332953141],[140.98310705264839,-3.1125466082393132],[140.98311530482749,-3.1124457079030776],[140.98313455661457,-3.1123309867855369],[140.98315655762906,-3.1122342341225817],[140.98316205968138,-3.1121098371991707],[140.98316319912237,-3.1120436632843962],[140.98315518706227,-3.1119619427893781],[140.98313456290987,-3.1119273890377031],[140.98306031488164,-3.1118389272246532],[140.98299844242422,-3.1117711992813497],[140.98293381894064,-3.1116661521711535],[140.98291869414254,-3.1115998055865361],[140.982899446852,-3.1115016706655183],[140.98287057321841,-3.1113993889705966],[140.98282794985005,-3.1112957241183494],[140.98275920207561,-3.1112031164306586],[140.98272207806156,-3.1111823825608553],[140.9826822039206,-3.1111685599810244],[140.982585954878,-3.1111257108827886],[140.98248558064506,-3.1110925366911601],[140.98239070756517,-3.1110510698509302],[140.98230821005586,-3.1109957813301889],[140.98224083734488,-3.1109252879716109],[140.98222296241988,-3.1108921146793023],[140.98221746306558,-3.1108617068022681],[140.98221746396484,-3.1108243876353185],[140.98222709030802,-3.1107069020018798],[140.98224496523301,-3.1106751118668967],[140.98229721674318,-3.1105686842972773],[140.98233709268277,-3.1104691671183105],[140.98234732966557,-3.1104262047055613],[140.98234396979842,-3.1103530637428776],[140.98232059731777,-3.1102369603673878],[140.98229722303847,-3.1102148442396356],[140.98226697434143,-3.1101996403011185],[140.98218034984336,-3.1101678483674391],[140.98208135157313,-3.1101042662987766],[140.98204972781275,-3.1100710930064679],[140.98197135459441,-3.1100061286798564],[140.98192873032667,-3.1099923061000254],[140.98180223168765,-3.1099688068149476],[140.98165648306031,-3.1099674218589826],[140.98150798430606,-3.1099922989054107],[140.98140485994634,-3.1100185591091645],[140.98134986010803,-3.1100503483448279],[140.98123573434168,-3.1101208372068072],[140.98112023441138,-3.110181651162236],[140.98099923512666,-3.1102175862725403],[140.9809373608706,-3.1102244957638163],[140.98088511115907,-3.1102189658325869],[140.9808328623468,-3.1102023787367443],[140.98076548783706,-3.110165058670475],[140.98072698875956,-3.1101318853781663],[140.98063624176916,-3.1100309841425542],[140.98060324384471,-3.1099743142631269],[140.98055512022268,-3.1098706494108797],[140.98054274555136,-3.1098236544380597],[140.98053587383163,-3.109699256615329],[140.9805400008205,-3.1095914458884977],[140.98055512741723,-3.1094905482501645],[140.98059500425609,-3.1093785907493157],[140.98063625525901,-3.1092873671182701],[140.98070679628165,-3.1091395914189661],[140.98074900776055,-3.1090648370725376],[140.98082738367691,-3.1089528813703282],[140.98088513634002,-3.1088367788941582],[140.98095526277518,-3.1087165296440844],[140.98103638791906,-3.1086225423963469],[140.98112026408899,-3.1085285551486663],[140.98119176468822,-3.1084207462204176],[140.98126189202276,-3.1082714713512587],[140.98131826782389,-3.1081733364302977],[140.98139664374014,-3.1080517049222181],[140.98147089536565,-3.1079300743134581],[140.9815217709131,-3.1078402329403616],[140.98153552244651,-3.1077932379674849],[140.98158914812075,-3.1076646960688095],[140.98163177508638,-3.1075637966318368],[140.98164690078386,-3.1074767188754322],[140.98164965360866,-3.1073661454312287],[140.98164553021707,-3.1072610983209756],[140.98163040631823,-3.107227925028667],[140.98157678334189,-3.1071463754048523],[140.98151903517544,-3.1070855578521446],[140.9814461613114,-3.1070233580414879],[140.98134028862353,-3.1069653050047918],[140.98129491512827,-3.106951482424904],[140.98116979065333,-3.1069418039210746],[140.98101716940687,-3.1069431843803841],[140.9808824203875,-3.1069625323949026],[140.98076829462116,-3.1070012320212186],[140.98061704574013,-3.1070689563671863],[140.98049604555615,-3.1071339161971991],[140.98038604677868,-3.1071933487939418],[140.98025954724039,-3.1072348111375732],[140.98013442276545,-3.1072458656041704],[140.98008629914341,-3.107234808439614],[140.98004780006602,-3.1072002528892995],[140.97998042825418,-3.1071228491401257],[140.97991717983405,-3.1070565025555084],[140.9798429327052,-3.1069873923541991],[140.97976318442352,-3.1069265748015482],[140.97967656082471,-3.1068533169270154],[140.97964356290015,-3.1068077042121445],[140.97959956626698,-3.1066998916866169],[140.9795858174316,-3.106630783283947],[140.97958444416679,-3.106511913593863],[140.97959681973748,-3.1064510978398516],[140.97964082176657,-3.1063377598796933],[140.97971919858219,-3.1062271864354329],[140.97976594804015,-3.1061981617157244],[140.97989244937708,-3.1061110857579592],[140.97998182400204,-3.1060115703776319],[140.97999694969951,-3.1059714866947274],[140.97999832476296,-3.1059300216531369],[140.97999970162505,-3.1057973311818614],[140.9799983292595,-3.1057061066514393],[140.97997770690574,-3.1056024426985118],[140.97993508443665,-3.1054987778462646],[140.97987321197922,-3.1054158459644441],[140.97982646342064,-3.1053785258982316],[140.9797219657961,-3.1053121784142377],[140.97960234337347,-3.1052513599622671],[140.97945384641798,-3.1051974519008354],[140.97936722281918,-3.1051559841612857],[140.97923247739698,-3.10506614009023],[140.9791252314443,-3.1049790596358662],[140.97900835914857,-3.1048809220168891],[140.97896298565331,-3.1048214867221873],[140.97893686304587,-3.1047661991007658],[140.9788969898043,-3.1046570061158718],[140.97889424057678,-3.1046183037916535],[140.97889424327479,-3.1045174043546808],[140.97889424327479,-3.1045104930647653],[140.97889699520022,-3.104405446853832],[140.97891074583436,-3.1043501601317303],[140.97895749799022,-3.1042409680462129],[140.97897949990409,-3.1041165720221215],[140.97897950080335,-3.1040640480173352],[140.97896850299412,-3.1039520914158629],[140.97894238038657,-3.1038705408927285],[140.97889150843639,-3.1037724050723909],[140.9788681341571,-3.1037419971953568],[140.97880351157289,-3.1036756497114197],[140.9787045151013,-3.1035885701563188],[140.97859864331281,-3.1035249880876563],[140.9784735206365,-3.1034558760877644],[140.978342898606,-3.1034033502843386],[140.97823840098147,-3.1033853791319075],[140.97810915311504,-3.1033950522398186],[140.97797302903211,-3.1034309855514834],[140.97785890506452,-3.1034724487944345],[140.97774203097003,-3.1035194410692952],[140.97762790790171,-3.1035429358577744],[140.97759628324195,-3.1035429349584547],[140.9774876604273,-3.1035346396118939],[140.97746016095778,-3.1035221992900119],[140.97734191359848,-3.1034503227741084],[140.97724154206355,-3.1033881229634517],[140.9771274198946,-3.1033231568381439],[140.97700504824445,-3.103254044838252],[140.97690605087359,-3.1031932272855443],[140.97685105193455,-3.1031752570324329],[140.97679467793216,-3.1031697271012035],[140.9767286802844,-3.1031752543344737],[140.97663380540587,-3.1032084249288232],[140.97658430492174,-3.1032485068130882],[140.97657880466818,-3.1032568003610095],[140.97651692861348,-3.1033424940608256],[140.97649630266233,-3.1033922526502806],[140.97646192697641,-3.1034903866719787],[140.97641104963031,-3.1035968142415413],[140.97637804990711,-3.1036424260570925],[140.97631617475167,-3.1037115335603858],[140.97624054896221,-3.1037709661571284],[140.97613879876667,-3.103840072761102],[140.97604254882458,-3.1038981230998388],[140.97601504935506,-3.1039077980064462],[140.97590367641362,-3.1039257637629589],[140.97580330218068,-3.1039257610649997],[140.97569330430258,-3.1039257592663034],[140.97558055539832,-3.1039257556690245],[140.97544993336783,-3.1039146958065089],[140.97534818497081,-3.1038994891700327],[140.9752313117757,-3.1038704608530452],[140.9751020657078,-3.1038262267989012],[140.97495906900588,-3.1037571138996327],[140.97484219671003,-3.1037059712535324],[140.97471157467953,-3.1036741784205333],[140.97456720291416,-3.1036396192729399],[140.97442695633902,-3.1036285594104243],[140.97429770667384,-3.1036437597516624],[140.97417808425121,-3.103650667444299],[140.97406258611954,-3.1036313140338621],[140.97385366101776,-3.1035571901122125],[140.97381234256557,-3.1035262606283709],[140.97371059686657,-3.1034322706826742],[140.97369272284095,-3.1034004796483714],[140.97365972581576,-3.103285756732248],[140.97364185358879,-3.1031903854279221],[140.97367072992029,-3.1031212770252523],[140.97368173042753,-3.1030853401163085],[140.97372573155735,-3.1030093222224195],[140.97376010814253,-3.1029720030554699],[140.97382748355164,-3.102883544839699],[140.97387148468135,-3.1027978511398828],[140.97390861229269,-3.1027024798355569],[140.97392923824384,-3.1026154029784152],[140.9739292391431,-3.1025670257475895],[140.97392099235992,-3.1024605981780269],[140.97390586756183,-3.1024246612690831],[140.97383987171281,-3.1023292881660609],[140.97376974887493,-3.1022643229401297],[140.97371887602537,-3.1022325310064502],[140.97367075240334,-3.1022131802939725],[140.97356487971547,-3.1021869155936201],[140.97354425556296,-3.1021869146943004],[140.97343288262152,-3.1021647967679087],[140.97333663537745,-3.1021302403182744],[140.97323488877919,-3.1020804790308603],[140.97321151360052,-3.102059745161057],[140.97319226631009,-3.1020334831586638],[140.97313039385267,-3.1019311996651027],[140.97307814683904,-3.1018344452034512],[140.97299152593826,-3.1017321608105135],[140.97295715295036,-3.1017100446827612],[140.97286502999725,-3.1016671946852625],[140.97277428300686,-3.1016146697811564],[140.97269453742308,-3.1015358819753374],[140.9726835378151,-3.1015027095823484],[140.97268216275165,-3.1014750662212691],[140.9726972920464,-3.1013506701972346],[140.97273304369503,-3.1012290377898353],[140.97275917079912,-3.1011309037681372],[140.97277429919461,-3.1010037432281479],[140.97277430189263,-3.1008669059828549],[140.9727591806917,-3.1007535662240571],[140.97270830964089,-3.100631932917338],[140.97265881275405,-3.1005531460108386],[140.97256669159958,-3.1004370399373897],[140.97246082160973,-3.1003375200604637],[140.97235219969434,-3.1002670249032462],[140.97221745517152,-3.1002006774192523],[140.97204695900007,-3.1001578247237944],[140.97188746333586,-3.1001274132494814],[140.97174859182417,-3.1000817960380118],[140.97163996990878,-3.1000306515932721],[140.97148597359887,-3.0999960942443181],[140.97131685339014,-3.0999781212931907],[140.97122335537358,-3.0999781176959118],[140.9711216060773,-3.0999850271871878],[140.97092910889137,-3.1000237232162249],[140.97075723675709,-3.1000389217587667],[140.97066098861376,-3.1000361554441724],[140.9705083673673,-3.1000168002350961],[140.97046849412573,-3.1000015935986198],[140.97039699622451,-3.0999490695938334],[140.97031587467791,-3.099855078748817],[140.97026500362711,-3.0997652346778182],[140.97025263075432,-3.0997113293143457],[140.97024988242617,-3.0996546594349184],[140.97025401031442,-3.0995551422559515],[140.97025538807577,-3.0994487128877495],[140.97025539077379,-3.0993353740282146],[140.97024164373693,-3.099234473691979],[140.97023339785312,-3.0991128412845228],[140.9702347747151,-3.099013324105556],[140.97024165273012,-3.0988916916981566],[140.97024853074515,-3.0987935558778759],[140.97026640926742,-3.0986843637923016],[140.97026366273792,-3.0985654959008571],[140.97025266402932,-3.098521265443992],[140.97020316804185,-3.0984106893018293],[140.97016741909113,-3.0983706038202854],[140.97009867221607,-3.0983277547220496],[140.97006017403783,-3.0983180789161793],[140.96999554965498,-3.0983194593754888],[140.96984842686345,-3.0983388046920481],[140.96977555299941,-3.0983636817384763],[140.96965180358791,-3.0984217311778934],[140.96953218026601,-3.0984797788186711],[140.96937130684046,-3.0985253861376236],[140.96925993389891,-3.0985378228621698],[140.96911143694331,-3.098539200623577],[140.96901243867319,-3.0985281407610614],[140.96900693931889,-3.0985253762450498],[140.96900556425544,-3.0985226117290949],[140.96899731387498,-3.0985115536652188],[140.96895331904045,-3.0984120346876125],[140.96895331993983,-3.0983733341619768],[140.96896157211893,-3.0982669056930945],[140.96898494909624,-3.0981964141331559],[140.9690495761771,-3.0980775480403508],[140.96909357730681,-3.0980291726081646],[140.96918295103239,-3.0979628314194656],[140.9693259513316,-3.0978660805551499],[140.96941670191927,-3.0977955925924903],[140.96951020263384,-3.0977098997919938],[140.96961745218368,-3.0976421754459693],[140.96975082703909,-3.0975620125767591],[140.96988282503241,-3.0975067285526166],[140.97001344796229,-3.0974846178207827],[140.97015094530991,-3.0974818569021068],[140.97027744304967,-3.0974846250153973],[140.97040256392722,-3.0975053606837832],[140.97053318505846,-3.0975413020893825],[140.9706583068355,-3.0975565096251785],[140.97071468083789,-3.0975551291658121],[140.97083292909645,-3.0975371643086191],[140.97087555426344,-3.0975178135961983],[140.97096767811593,-3.0974570014394089],[140.97102817820792,-3.0973934211693859],[140.97103367756222,-3.097383747162155],[140.97109143022544,-3.0972800841085473],[140.97114918288855,-3.0971432486619506],[140.97118356037311,-3.09701747127923],[140.97122206304789,-3.0968958388718306],[140.97128256493852,-3.0967576229658675],[140.97134856618345,-3.0966401391310683],[140.97140631884656,-3.096514360849028],[140.97142007037996,-3.0964604545862358],[140.97143244774929,-3.0963526456580439],[140.97142420096611,-3.096244834031836],[140.97139807656004,-3.0961950754423242],[140.97136508043423,-3.0961536086020942],[140.97128395888762,-3.096055470983174],[140.97122208822884,-3.0959490407155954],[140.97116984211459,-3.0958287887675624],[140.97111622183627,-3.0957043909448316],[140.9710763512926,-3.0955965793186238],[140.97104060414063,-3.0954998248569723],[140.97099935943299,-3.0953947777467761],[140.97094848658344,-3.0953049336757203],[140.97088249073443,-3.0952192363786253],[140.97077524568112,-3.0951114220544582],[140.97064737737458,-3.0950298697326275],[140.97057313024584,-3.0949994600570108],[140.97043013444318,-3.094970429941327],[140.97028576177854,-3.0949690440860422],[140.9701400158491,-3.0949704218474494],[140.96997777005811,-3.0949662705768901],[140.96981689933045,-3.0949330936873025],[140.96968490403515,-3.0948708911786298],[140.96958315923553,-3.0948114549846082],[140.96947178899188,-3.094721609114913],[140.96942641639612,-3.0946677028521776],[140.96939616859834,-3.0946110320734306],[140.96935767221885,-3.0945087476804929],[140.9693356757009,-3.0943967910790207],[140.96933430423485,-3.0942972730006773],[140.96933980718643,-3.0941894631731657],[140.96936180999955,-3.0940830347042265],[140.96940581112938,-3.0939848997832655],[140.9694470621323,-3.0939254680858426],[140.9694896872993,-3.0938895320762185],[140.96958318711449,-3.0938231899881998],[140.9696835622467,-3.0937361149296976],[140.96977293687155,-3.0936476576132463],[140.96978943673321,-3.0936144861195771],[140.9697935628227,-3.0936089570876675],[140.96984443926954,-3.09351496983993],[140.96987881495545,-3.0934237462088845],[140.96991319243989,-3.0933200831552767],[140.96993382018968,-3.0932012152638322],[140.96993932314126,-3.0931003158268595],[140.96993932494001,-3.0930049454218533],[140.96993795257447,-3.0929068096015158],[140.96992833162722,-3.0927782650048812],[140.96991183536295,-3.0927202137668246],[140.96987746417369,-3.0925875223961725],[140.96983621856668,-3.0924686527060885],[140.96981284518677,-3.0924327157971447],[140.9697358488304,-3.0923483998587358],[140.96968772700711,-3.0923152256671074],[140.96954060781286,-3.0922488772837937],[140.96940173720043,-3.0922129358782513],[140.96926836684167,-3.0921645550501466],[140.9692023700934,-3.0921258518265518],[140.9690896256858,-3.0920442986054582],[140.96905112840693,-3.0919903932419857],[140.96898238422966,-3.0918563187140649],[140.96896726033083,-3.0917996488346944],[140.9689562652195,-3.0916545189408566],[140.96896451829798,-3.0915715879583558],[140.96901676890877,-3.0914458105756353],[140.96906443297723,-3.0913583982714385],[140.96910614713101,-3.0912813326673358],[140.96915427435033,-3.0911444972207391],[140.96916252563017,-3.0910892095993177],[140.96915427974625,-3.0909385506735134],[140.96914053181013,-3.0908887920840584],[140.96909241178548,-3.0907823618164798],[140.96903603868225,-3.0907436603915812],[140.9689892919223,-3.0907229247231385],[140.9689177931217,-3.0907132480179484],[140.96873217305142,-3.0907187716539397],[140.96868267526531,-3.0907008023001481],[140.96862217787123,-3.090663481334559],[140.96855343189543,-3.0905888412020204],[140.96853281044093,-3.0905473743617904],[140.9685066878335,-3.0904354159616219],[140.96850943975892,-3.090369071175644],[140.9685204420648,-3.0903193125861321],[140.96854794333296,-3.0902156504319009],[140.9685506952585,-3.0901575982944678],[140.96856032340031,-3.090045640793619],[140.96857820012394,-3.0899447413567032],[140.96857820192258,-3.0898908359932307],[140.96856582994917,-3.0897996105635457],[140.96854189359362,-3.0897550968202268],[140.96848608616403,-3.0896793586154558],[140.9684682121383,-3.0896683005515797],[140.96838159123752,-3.0896199206227948],[140.96830459488126,-3.0895521917801716],[140.96828534669146,-3.0895204007458688],[140.9682619742108,-3.0894360866060424],[140.96826197600944,-3.0893849457585816],[140.968278478569,-3.089278518189019],[140.96829360516585,-3.0892356699901029],[140.96831285695282,-3.0891389182264675],[140.96831423471417,-3.0890338720155341],[140.96829636518521,-3.0889094750921799],[140.96825511867883,-3.0887850763701294],[140.96820425032593,-3.0886620599060848],[140.96815200511105,-3.0885376611840911],[140.96807638471739,-3.0884201728526364],[140.96799939105915,-3.08832618200762],[140.96789902222213,-3.0882308080053349],[140.96784127405567,-3.0881934870397458],[140.96771615587591,-3.0881160805926129],[140.96760478563237,-3.0880732296957376],[140.96754016214879,-3.0880663166071827],[140.96737929232052,-3.088067694368533],[140.96728442013989,-3.0880663094126248],[140.96715929836296,-3.0880939491763684],[140.96712079928557,-3.0881188271221163],[140.96705342387645,-3.0881796410775451],[140.96697229873268,-3.0882376914162819],[140.96683037492198,-3.088286951781356],[140.96677292892764,-3.0882819137792694],[140.9667193059513,-3.088263944425421],[140.96667393425469,-3.0882238589438771],[140.96664093633024,-3.0881823921036471],[140.96657906567145,-3.0880773440941311],[140.96653232160941,-3.0879446527234791],[140.96652957328126,-3.0878838360701479],[140.9665240784235,-3.0877539101148272],[140.96651445837563,-3.0876198382848656],[140.96652821170767,-3.0874830019389492],[140.96656258919222,-3.0873599881728637],[140.96657771758771,-3.0872452670553798],[140.96657772208425,-3.0871084298101437],[140.9665529763389,-3.0869992368252497],[140.96653647737662,-3.086964681274992],[140.96650073022454,-3.0869149208868407],[140.96643885866649,-3.0868430461695766],[140.9663962361974,-3.0868223122998302],[140.96633298867653,-3.0868043411473991],[140.96621199478784,-3.086746285412687],[140.96613362336814,-3.086696524125216],[140.96606487739223,-3.086626030766638],[140.96603737972134,-3.0865748890198574],[140.96602500684867,-3.086522365015071],[140.96601951109164,-3.0864311413840255],[140.96601951378955,-3.086331623305739],[140.96603051609554,-3.0862334883847211],[140.96605389217348,-3.0861671426994235],[140.96610889381043,-3.0860579533118653],[140.96615151897754,-3.0860012843317577],[140.96625464513579,-3.0859031521087559],[140.9663508941785,-3.0858091657603381],[140.96639352024488,-3.0857469686476406],[140.96643339708362,-3.0856598926898755],[140.9664430234269,-3.0856032228104482],[140.96644302612481,-3.0854802090443627],[140.9664306541514,-3.0854193923909747],[140.96638528425353,-3.0853088153494923],[140.96632203943068,-3.0852106777305721],[140.96623817135458,-3.0850793668192864],[140.96615155225243,-3.0849784655836743],[140.96604155797161,-3.0848913842299339],[140.96597418705915,-3.0848582091389858],[140.96590269005719,-3.0848430016031898],[140.96572532036726,-3.0848416148485853],[140.96562769895922,-3.0848499047992277],[140.96547782783955,-3.0848540470765897],[140.96534033408921,-3.0848485126487049],[140.96521796333843,-3.0848250115649876],[140.96516021607113,-3.0847973673045885],[140.96508596984165,-3.0847462228598488],[140.96508184465142,-3.0847420769852079],[140.96502685020903,-3.0846591433047479],[140.96501310137364,-3.084627352270445],[140.96497598005749,-3.0845305978087936],[140.96496498404679,-3.084444902310338],[140.96497048609911,-3.0843661172024781],[140.9649773650134,-3.0842334267312026],[140.96497324431982,-3.0841228523876794],[140.96494299922006,-3.0840108939875108],[140.96490725206809,-3.0839625167566851],[140.96487012895341,-3.0839348706977034],[140.96482888064838,-3.0839224303758215],[140.96476700819096,-3.0839210472184959],[140.96470926002439,-3.0839321016850931],[140.96463638616035,-3.0839680358960777],[140.96459788618358,-3.084002588748433],[140.96455388595314,-3.0840689326350912],[140.96449063393572,-3.0841767406640201],[140.96440950789258,-3.0842762560443475],[140.96430638443212,-3.0843619488448439],[140.96417988579321,-3.0844407285567286],[140.9641345113987,-3.0844545502372398],[140.96402313935641,-3.0844849536176753],[140.96391314327695,-3.0844932435682608],[140.96385814523728,-3.0844794200891101],[140.96372890096802,-3.084436568292972],[140.96362578200433,-3.0843840397915301],[140.96351853605165,-3.0843453347693526],[140.96346628903802,-3.084314925093679],[140.96336041994743,-3.0842471953517361],[140.96326142707323,-3.0841642598726366],[140.96318580578043,-3.0840910010987841],[140.96309918667816,-3.0840039197450437],[140.963023567184,-3.0839444835510221],[140.96295344614464,-3.0838850473570005],[140.96286270185226,-3.0838145530991028],[140.96274170886284,-3.0837343821359582],[140.96264821444356,-3.08369153033982],[140.96258084173257,-3.0836790882192986],[140.96247359488052,-3.0836721742314239],[140.96235534931998,-3.0836721697348253],[140.96223985388622,-3.0836721661374895],[140.96210648262809,-3.0836721607415711],[140.96198411187731,-3.0836597168224102],[140.96187824188746,-3.0836306858074636],[140.96179299694927,-3.0835864526526393],[140.96175724889804,-3.0835518980016445],[140.9617228768094,-3.0834979908395326],[140.96169263081038,-3.0834150589577689],[140.96168850831805,-3.0833639172109883],[140.96166651269948,-3.0832436661622182],[140.9616335183722,-3.0831469117005668],[140.96159777391824,-3.0830404823323647],[140.961570278046,-3.0829354352221117],[140.961535907756,-3.0828234759226234],[140.96149466394763,-3.0827032239745336],[140.96145479340407,-3.0826354960312869],[140.96138054897324,-3.0825290639650689],[140.96129943102403,-3.0824309263461487],[140.96122793671998,-3.0823162034300253],[140.96120869032882,-3.0822581503932724],[140.96119081990048,-3.0821282244379518],[140.96119769701613,-3.0820660246272951],[140.96121832386666,-3.0819969171240018],[140.96124445366866,-3.081849023613529],[140.96123620598621,-3.0817978818666916],[140.96121420856889,-3.0817356829553546],[140.96114821631716,-3.0815933148795125],[140.96107122355818,-3.0814785901647497],[140.96103547460757,-3.0814495627470819],[140.96099697822808,-3.0814302111352845],[140.96093785499806,-3.0814177690147631],[140.9607181371324,-3.0814020515633729],[140.96064256889952,-3.0813950683277085],[140.96049787157961,-3.0814039311464398],[140.96039062562693,-3.0814177492296722],[140.96025450514139,-3.0814384768042373],[140.96011013517466,-3.0814398527669482],[140.95997676481591,-3.0814384669116635],[140.95982827055832,-3.0814370792577392],[140.95972927408684,-3.0814343102451858],[140.95963302774214,-3.0814329252892207],[140.9595161581442,-3.0814163336967795],[140.95938278868482,-3.0813859213231467],[140.9592452940351,-3.0813734756053464],[140.95906517601713,-3.0813720861527827],[140.9589400542402,-3.0813928137273479],[140.95889605490902,-3.0814232207050054],[140.95886305518593,-3.0814577753560002],[140.95879980406778,-3.0815462317731317],[140.95874067634122,-3.0816568052173352],[140.95867054990606,-3.0817729058948657],[140.95858942386292,-3.0818834766411101],[140.95848354937641,-3.0819774620901512],[140.95842442434775,-3.0820106326845007],[140.95827592739215,-3.0820797356911953],[140.95813292979096,-3.0821516041131645],[140.95800093179764,-3.0822207080192356],[140.95787305899455,-3.0822759911440016],[140.95773418658348,-3.0823354192441457],[140.95764206363037,-3.0823699702978615],[140.95753069068894,-3.0824211066487237],[140.95741794088531,-3.0824985050019791],[140.95732169184271,-3.0825883427777399],[140.95724469009042,-3.0826768009935108],[140.95716769103615,-3.0827403767669352],[140.9571264409326,-3.0827624910960481],[140.95702606759903,-3.0828067170563145],[140.9569009458221,-3.0828523243752102],[140.95682944702139,-3.0828633788418074],[140.9567511052793,-3.0828620487445164],[140.95668149505502,-3.0828366159170173],[140.9566245823587,-3.082812229900469],[140.95655308625601,-3.0827887297160714],[140.95643896498632,-3.0827569350844328],[140.95633584602251,-3.0827209927795707],[140.95623272705882,-3.0826781409833757],[140.95611860668839,-3.0826242311233045],[140.95600861330695,-3.082577231653886],[140.95584912213928,-3.0825233199951754],[140.95570750319882,-3.082494288080909],[140.95558513244794,-3.0824887545523438],[140.95547513456984,-3.0824998072203016],[140.95541051198563,-3.0825302132986394],[140.95527438880208,-3.0825937881727441],[140.95515614234216,-3.0826352478183594],[140.95504064421038,-3.0826697979727555],[140.95491414557148,-3.0827223156823038],[140.95478835379959,-3.0827910310811717],[140.95465152195027,-3.0829144279584284],[140.95457727122414,-3.0830028852748796],[140.95450164363604,-3.0831051642718421],[140.95444251860738,-3.0831770353918273],[140.95435314218378,-3.0832793143887898],[140.95427614133087,-3.083373298938568],[140.95419089189625,-3.0834382578692612],[140.95408226728284,-3.083493540994084],[140.95396677005044,-3.0835267079911546],[140.95385539890765,-3.0835419074330161],[140.95373577828366,-3.0835391384204627],[140.95369315491519,-3.0835253140419354],[140.95359278517901,-3.0834741686978759],[140.95358453569781,-3.0834672574079605],[140.95358316063437,-3.0834672574079605],[140.95356391244468,-3.083461728375994],[140.95344429271995,-3.0834147280072557],[140.95334804817389,-3.0833939914394932],[140.95323392690432,-3.083385694294293],[140.95310468083642,-3.0833843048417293],[140.95294138283862,-3.0833892780926817],[140.95288606464021,-3.0833732377846559],[140.95283381672732,-3.0833566488901738],[140.95273894724471,-3.0833179438679394],[140.95269494971217,-3.0832820051603562],[140.95259320671119,-3.0832045978139035],[140.95250658940768,-3.0831271922660903],[140.952424093697,-3.083060842983457],[140.95234572497532,-3.0830000236321098],[140.95225635484701,-3.0829502614453759],[140.95214086121189,-3.0829087892092275],[140.95209823784342,-3.0829046406366274],[140.95198686670062,-3.0829046361399719],[140.95192636930653,-3.0829198373805298],[140.95176549588098,-3.0829834095566753],[140.9516238742425,-3.0830456021727741],[140.95155787299745,-3.08308982993168],[140.95145199761168,-3.0831713741595195],[140.95134199793495,-3.0832777972324834],[140.95123199735883,-3.083386984821459],[140.95113986990918,-3.0834864984031469],[140.95106974527255,-3.0835486928178852],[140.95095974469655,-3.0836219452964997],[140.95083187189346,-3.083682754755273],[140.95071362543354,-3.0837173040103494],[140.95059950236521,-3.0837380315848577],[140.95045788162599,-3.0837490815547994],[140.95036713643424,-3.0837407853089758],[140.95024476478409,-3.0837131356526584],[140.95021473012571,-3.0837030731382811],[140.95018530340906,-3.0836980783035983],[140.95009764558995,-3.0836979236202069],[140.94995602575,-3.0836979182242885],[140.94982678058147,-3.0837048223196462],[140.94967416023439,-3.0837324593854305],[140.94954216403971,-3.0837490392866584],[140.9493950439462,-3.0837504143501064],[140.94927267319542,-3.0837504089541881],[140.94911180516578,-3.0837269042731918],[140.94897293725137,-3.0836771375898024],[140.94886569219796,-3.0836370494102425],[140.94871994896653,-3.0836038698226957],[140.94862095339431,-3.0835914250042151],[140.94851920589667,-3.0835872737336558],[140.94840096123539,-3.0835831215637768],[140.9482277167358,-3.083578965796562],[140.94806822197097,-3.08358034086001],[140.94787869974232,-3.0836250713398954],[140.9478193516818,-3.0836591142766565],[140.94766810280078,-3.08375171297115],[140.94754710171742,-3.0838567528867884],[140.94742747569751,-3.0839742331243087],[140.94731197396845,-3.0840737449073572],[140.94719784910149,-3.0841746389483546],[140.94708784942475,-3.0842506532450216],[140.94699159858351,-3.0843045541118386],[140.94687060109743,-3.0843639822119826],[140.94677946470063,-3.0843925033113351],[140.94661348132718,-3.0844275498914726],[140.94647873500571,-3.0844303081121893],[140.94634948983719,-3.0844303009176315],[140.94624224298514,-3.0844275310057014],[140.946119874033,-3.0844012627080701],[140.94598100611859,-3.0843653186045117],[140.945857262103,-3.0843335230736102],[140.94572389174425,-3.0843072538766023],[140.94559877176596,-3.0842989549327626],[140.94552177630896,-3.0842768361070512],[140.94539940825609,-3.0842173963157506],[140.94536228604068,-3.0841869857407573],[140.94529629288968,-3.0840916108390957],[140.94527979572604,-3.0840404690923151],[140.94526605318583,-3.0839077786210396],[140.94526880870865,-3.0837972033781966],[140.94528668813018,-3.0837073620051001],[140.94532244067818,-3.083617522430643],[140.94535681726336,-3.0835663815831822],[140.94545719509358,-3.0834502836036677],[140.94548607232446,-3.0834019090708011],[140.94550945020103,-3.0833203612456259],[140.94550945289905,-3.0832719849141199],[140.94549570766083,-3.083168319162553],[140.94547233697881,-3.0831075016098453],[140.94539809524599,-3.0830010704430038],[140.94530185339784,-3.0828987833521069],[140.94526060869021,-3.082831053610164],[140.94524273736249,-3.0827826763793382],[140.9451959950992,-3.0826430728195078],[140.94514375438087,-3.0825117628075418],[140.94507776212913,-3.0824080952573354],[140.94497739599012,-3.0822975137192543],[140.94493339935696,-3.0822726330754904],[140.94482065584862,-3.0822131932841899],[140.9446900401133,-3.0821233438172158],[140.94461304735432,-3.0820639058245547],[140.94454017708756,-3.0819975583406176],[140.94446868458215,-3.081907710672283],[140.94443981544521,-3.081834453697013],[140.94443569295288,-3.0817542872305239],[140.94446457378115,-3.0816354202383991],[140.94449757440361,-3.081598102870089],[140.94457732358467,-3.0815414365879974],[140.94465157521006,-3.0814806253305278],[140.94472995202568,-3.0813824940068457],[140.94478083027116,-3.0812926544323886],[140.9448248331995,-3.0811972849267022],[140.94487433638153,-3.0811019172196552],[140.9448867128516,-3.0810618344360705],[140.94489358996725,-3.081006546814649],[140.94488396991937,-3.0809277617067892],[140.94485837791183,-3.0808798970895168],[140.94481935183171,-3.0808310054464982],[140.94477948128815,-3.0807936835815894],[140.94471623826382,-3.0806955459626124],[140.94470661641731,-3.080645785574518],[140.94470661911521,-3.080593263368371],[140.9447189946859,-3.0805600918747018],[140.94478224760269,-3.0804550492610474],[140.94481387406108,-3.0804191132514234],[140.94489087581337,-3.0803223641856903],[140.94496100224853,-3.0802380554418392],[140.94505725488841,-3.0801108975998091],[140.94515213336433,-3.0799865060723732],[140.94521676224383,-3.0798524369403708],[140.94524289204594,-3.0797473916287572],[140.94524426980729,-3.0796879581326948],[140.9452374025841,-3.0795442095975432],[140.94521403280146,-3.079455748683813],[140.94515491496736,-3.0793506997749205],[140.94509304610722,-3.0792884981656243],[140.94498855387872,-3.0792152366937557],[140.94493493270102,-3.0791903551507289],[140.94480706439458,-3.079159940079137],[140.94465857103626,-3.0791281418502194],[140.94452382921145,-3.0790839050981162],[140.94444545869101,-3.0790410533019212],[140.94433821633572,-3.0789788489946659],[140.944236474234,-3.0789235559772692],[140.94417661805653,-3.0788702009989493],[140.9441223592595,-3.0788046817905865],[140.94406874167919,-3.0787051610143408],[140.94401237487125,-3.0785752332603806],[140.94400137886066,-3.0785116511917181],[140.9439903846486,-3.0783996936908693],[140.94396014314611,-3.0782766772268246],[140.9439216503639,-3.0781605720526954],[140.94388453174577,-3.0780651989497301],[140.94385566081019,-3.0780182021782139],[140.94377316869679,-3.0779186796033287],[140.9436893006208,-3.077849566704117],[140.94358618435501,-3.0777818342642149],[140.94350093941694,-3.077740363826706],[140.94340331980743,-3.0777044224211068],[140.94330845212346,-3.0776532761777275],[140.94320258573077,-3.0775648098680222],[140.94312971816203,-3.0774804930302935],[140.9430747246189,-3.0773934116765531],[140.9430334817099,-3.0772952749569527],[140.94302385986327,-3.077251043600711],[140.94301011642381,-3.0771473787484638],[140.94301699803611,-3.0770188359504687],[140.94302662437929,-3.0769787540662037],[140.9430610027631,-3.0768916781084386],[140.94311187920994,-3.0768128947992182],[140.9431765062908,-3.0767272028980415],[140.94325900829665,-3.0766332192476398],[140.94333738511227,-3.0765378524399125],[140.94340201129387,-3.0764452492488203],[140.9434432649947,-3.0763595546496845],[140.94347901844196,-3.0762614224266827],[140.94351064759837,-3.0761563780143888],[140.9435162179991,-3.0761267597421238],[140.94351454076354,-3.0760936565969246],[140.94351484743231,-3.0760817891431884],[140.94351376105135,-3.0760645644280658],[140.94351065299429,-3.0760458027715458],[140.94351065928959,-3.0759435210765673],[140.94349691585001,-3.0758191232538934],[140.9434776712576,-3.0757334259567983],[140.94346392512011,-3.0756546399496187],[140.94344468232634,-3.0755592686452928],[140.94343781330451,-3.0754486943017696],[140.94343644273772,-3.0753505575821123],[140.94344332255139,-3.0752468936291848],[140.94346257613699,-3.075184697415807],[140.94348320208815,-3.0751446137329026],[140.94350382713992,-3.0751183544284686],[140.94358357901899,-3.0750188408467807],[140.9436495811633,-3.0749290021716433],[140.9437252087514,-3.0748115201354835],[140.9437705867432,-3.0747161506297971],[140.94378185434914,-3.0746174671223798],[140.94377334496392,-3.0745516709228013],[140.9437527271067,-3.07444938832856],[140.94373622904379,-3.0744134514196162],[140.94364686521078,-3.0742779919357304],[140.94357949699622,-3.0742074958791932],[140.94350387840132,-3.0741480578865321],[140.94342413461618,-3.0740982948004216],[140.94331551719745,-3.0740333259771546],[140.94320690157735,-3.0739476250827806],[140.94314365765376,-3.0738771299255632],[140.94308453981967,-3.0737983421197441],[140.94300617199735,-3.0737264638052011],[140.9429745500355,-3.0737071121934036],[140.94286318428863,-3.0736379965962328],[140.9427793171119,-3.0735550611171334],[140.94274769515005,-3.0735052998296624],[140.94268858001396,-3.0733850460829899],[140.94264321101548,-3.0732993487858948],[140.94259234356184,-3.0732012111669178],[140.94254834962669,-3.0731113661965423],[140.94250023319921,-3.0730132276782456],[140.94244386639139,-3.0728985038628025],[140.94238200022914,-3.0727920717966413],[140.9423256307233,-3.0727229588973728],[140.94224314040866,-3.072642787934285],[140.94220189210375,-3.0726151418752465],[140.94207402559584,-3.0725584648012614],[140.94202178038097,-3.0725474049387458],[140.94186226313298,-3.0725099850477022],[140.94178529285705,-3.0724948683434263],[140.94166292570355,-3.0724644541711541],[140.94151993529681,-3.0724008658072535],[140.94149381179,-3.0723828946548224],[140.94144294343721,-3.0723262229767556],[140.94134945171584,-3.0722294649178252],[140.94130683104549,-3.0722018188587867],[140.94119271697036,-3.0721050590012169],[140.94109372679407,-3.0719875679718598],[140.94105935740345,-3.0719281317778382],[140.9410139902036,-3.0718106434463834],[140.94098787299197,-3.0717083599528223],[140.94095763059022,-3.071581196714817],[140.94092326389762,-3.0714609447667272],[140.94087789669766,-3.0713393087620489],[140.94080778285297,-3.0712204372733254],[140.94073216785534,-3.0710891245634002],[140.94068955168154,-3.070971637131322],[140.94064830877255,-3.0708859389349072],[140.94058369068489,-3.0707974753231611],[140.94052182272401,-3.0707228342913027],[140.9404352081184,-3.0706219303577313],[140.94036921676604,-3.0705265545568068],[140.94030322541357,-3.0704173579746339],[140.9402482363671,-3.0702777544148034],[140.94021249371167,-3.0701616492406743],[140.94017950118314,-3.0700483067838604],[140.94013001059159,-3.0699211426465922],[140.94012454631081,-3.0699044026659976],[140.9401203878457,-3.0698907338702384],[140.94007777077252,-3.0697981252832278],[140.94001315358423,-3.069704132639572],[140.93992653807936,-3.0696115213546022],[140.93989629118096,-3.0695921688434851],[140.93978629869878,-3.0695382580840942],[140.93968868178729,-3.0694760537768389],[140.93958419135743,-3.0694221421181282],[140.93944670030498,-3.0693779053659682],[140.93937245407551,-3.0693682250634993],[140.939218461363,-3.0693668338122961],[140.93907684422106,-3.0693571508118112],[140.93894622578773,-3.0693294993568543],[140.9387839871913,-3.0692852599067919],[140.93864649434033,-3.0692714301323463],[140.93848012695639,-3.069271421139149],[140.93831238540838,-3.0692714112465751],[140.93817764178482,-3.0692658750200508],[140.93807039673152,-3.0692617210515323],[140.9379356549066,-3.0692451267611318],[140.93776378996699,-3.0692133267335748],[140.93760567386278,-3.0691801453473886],[140.93749705734342,-3.0691497311751164],[140.93736197917201,-3.0690912968258317],[140.93726744873379,-3.0690377601844148],[140.93717670624005,-3.0689921429729452],[140.93706946388477,-3.0689423780882521],[140.9369663467196,-3.0688953768201372],[140.9368824786435,-3.0688469950927129],[140.9367972346048,-3.0688082891711588],[140.93677661135155,-3.0688055237558842],[140.93666386784332,-3.0687944593967131],[140.93653599863751,-3.0687930699441495],[140.93642325422991,-3.068787533717682],[140.93636413369791,-3.068772326181886],[140.93628163978588,-3.0687322380023261],[140.936229394571,-3.0686921516214625],[140.93612352907769,-3.0686230360242348],[140.93602591306546,-3.0685580672009678],[140.93591179809107,-3.0684778926406011],[140.93579080869893,-3.0684101593013793],[140.93566156802706,-3.068359010359984],[140.93553507568322,-3.0683285943890724],[140.93538933604907,-3.0682829735803239],[140.93527521837666,-3.0682470285774457],[140.93514322757801,-3.0681972618940563],[140.93501123587987,-3.0681668459231446],[140.93484899638418,-3.0681350458955876],[140.93468950611589,-3.0681115394159519],[140.9345382653288,-3.0680755926144343],[140.93441589817519,-3.068041029869562],[140.93428527974197,-3.0680285832524419],[140.93414503766337,-3.0680258097432898],[140.93399654520442,-3.0680216548754515],[140.93386317844295,-3.0680064419436803],[140.93374631064376,-3.0679663510662181],[140.93369818971973,-3.067937321849854],[140.93360607486056,-3.0678543845721151],[140.93357995315239,-3.0678198290218575],[140.93351808609088,-3.0677479516066342],[140.93340672304191,-3.067642898201143],[140.93333798156266,-3.0675475232995382],[140.93333110984292,-3.0675115863905376],[140.93330224340389,-3.0674106842556057],[140.93326924817734,-3.0673429554130394],[140.93323350282401,-3.067298723157478],[140.93314826238247,-3.0672296075603072],[140.93305477066122,-3.0671549638304896],[140.93303552337079,-3.0671300831867256],[140.93297502957398,-3.0670789378426662],[140.9329722794472,-3.0670775555846603],[140.93297090438375,-3.0670775555846603],[140.93296403086538,-3.0670761742260311],[140.93296265490267,-3.0670761742260311],[140.93290428890191,-3.0670725409649435],[140.93286304059689,-3.0670877431048211],[140.93278466737854,-3.0671347317824029],[140.93270904158908,-3.0671844858752593],[140.93263341669888,-3.0672411512580879],[140.93255366841709,-3.0672964325842713],[140.93244091861357,-3.0673627710749543],[140.9323350459257,-3.0674180524011376],[140.9322250480476,-3.0674830077345518],[140.93220304883175,-3.0674940639997885],[140.93215355014627,-3.0675078829823406],[140.93213980131088,-3.0675078820830208],[140.93205730110367,-3.0675659288245356],[140.93198717556777,-3.0676253578239425],[140.93195417584457,-3.0676460889957866],[140.9318565553358,-3.0676654334129694],[140.93176306001726,-3.0676654271177313],[140.93173006119343,-3.0676598971864451],[140.93165169337101,-3.0676267193975377],[140.93156782529502,-3.0675714263801979],[140.93152108033371,-3.0675313390999577],[140.93145371391779,-3.067447022262229],[140.93140834581857,-3.0673599409084886],[140.93139047539023,-3.0673240031002251],[140.93131211026571,-3.0672300086579298],[140.93122411879813,-3.0671622771173475],[140.93113062617749,-3.0671138926919639],[140.93102888497515,-3.0670724213551352],[140.93091339223929,-3.0670309491189869],[140.93082127378284,-3.0670074453373104],[140.93070715700981,-3.0669687367177971],[140.93058891504643,-3.0669383207468854],[140.93048992127297,-3.0669244918717595],[140.93038130205548,-3.0669161920286001],[140.93030568076267,-3.066909276242086],[140.93026718258443,-3.0669092726447502],[140.93014068934144,-3.0669078831921865],[140.93002244468016,-3.0669106396142638],[140.92991519962686,-3.0669327467488188],[140.92981207706578,-3.0669631492298777],[140.92971170643023,-3.0669907862957189],[140.92959895932461,-3.0670322441426947],[140.92949033740922,-3.0670709383730355],[140.92935971537861,-3.0671151598367032],[140.92924559320966,-3.0671635280743317],[140.92913284610404,-3.0672118981105427],[140.92901597380819,-3.0672505914416206],[140.92891560227326,-3.0672865220553263],[140.92887435216971,-3.067308633686423],[140.9288344771295,-3.0673418042807725],[140.92876985004864,-3.0674192017347082],[140.92873822359024,-3.0674703407835295],[140.92869971821744,-3.0675822946870994],[140.92867358661681,-3.0676901036153481],[140.92864058059843,-3.0678172632560745],[140.92860895144202,-3.0679071028304747],[140.92856219478949,-3.0680328802131953],[140.92852919056975,-3.0681282479202423],[140.92849893377888,-3.0682346736911654],[140.92847280397677,-3.0683480116513806],[140.92845354769315,-3.0684406166411122],[140.92841504321973,-3.0685415151787083],[140.92836829016449,-3.0686354997284866],[140.92833040442474,-3.0686935707516341],[140.92829266077774,-3.0687391591848154],[140.92820741134301,-3.0688082630908298],[140.92812353697173,-3.0688552508690918],[140.92809603660282,-3.0688704539082892],[140.92799704013134,-3.0688980900747538],[140.92789116924212,-3.0689243448825891],[140.92780179641579,-3.0689561287223341],[140.92770417320912,-3.0689975883679494],[140.92759417623029,-3.0690348994410215],[140.92749517796017,-3.0690708300547271],[140.92741405371567,-3.0691122897003424],[140.92732193076256,-3.0691565138619694],[140.92722568082058,-3.0692145588047879],[140.92713905722178,-3.0692670756150164],[140.92704555740659,-3.0693237400984685],[140.92694380900969,-3.0693845486579221],[140.92686680905604,-3.0694343018515156],[140.92677468520367,-3.0694868186616873],[140.92668806070549,-3.0695324250813201],[140.92657118840964,-3.0695863232501779],[140.92645981366957,-3.0696388382617101],[140.92635669110848,-3.0696927373299445],[140.92624256714078,-3.0697466337001629],[140.9261717005636,-3.0697787583829381],[140.92610506889389,-3.0698212621414882],[140.92603219323121,-3.0698834556569068],[140.92595794070644,-3.069970528017393],[140.92590018804333,-3.0700479272699681],[140.9258768119654,-3.0700824801223234],[140.92584793563378,-3.0701115030433925],[140.92574481217343,-3.0701750770181206],[140.92565268832095,-3.0702179180224789],[140.92557018991238,-3.0702552317934533],[140.9254794393247,-3.0703174244095521],[140.92537906329324,-3.0704155521359553],[140.92532268479408,-3.0704874223566208],[140.92526630629504,-3.0705869359383087],[140.92521955144116,-3.0706864504193163],[140.92518104786711,-3.0707707600624872],[140.92512329340536,-3.0708702736441751],[140.9250600395892,-3.0709476719974305],[140.92497616431854,-3.0710319789426421],[140.92488678789505,-3.0711038473646113],[140.92478503769939,-3.0711757130886213],[140.92468741269397,-3.0712337589307594],[140.92459941223319,-3.071307007812095],[140.92452240958164,-3.0713885520399913],[140.92445090718365,-3.0714770066584833],[140.9243684051778,-3.0715640790189696],[140.9242927775897,-3.0716400942149562],[140.92421164974792,-3.0717340760667184],[140.92416627265538,-3.0717976536387823],[140.92412364389111,-3.0718902568298176],[140.92408651268249,-3.071988389952196],[140.92404663224636,-3.072096197981125],[140.9239712312874,-3.07207070579841],[140.92395409920243,-3.0720707048990903],[140.92385620619905,-3.0720534756873121],[140.92384152116938,-3.0720485536977549],[140.92382439088294,-3.072033791326362],[140.92376565885809,-3.0719476758445126],[140.92376076474761,-3.0719378345633572],[140.92375587243566,-3.0719206134455135],[140.9237485366657,-3.0718197391895501],[140.92374609680496,-3.0717213281766931],[140.92374120539239,-3.0716844226978992],[140.92372896921665,-3.0716573593995804],[140.92367757835757,-3.0715958475702791],[140.92364821099625,-3.071576163209329],[140.92361394862485,-3.0715638586850673],[140.92353808001849,-3.0715564725531408],[140.92351360586827,-3.0715589312995917],[140.92342059888165,-3.0716474947360553],[140.92335696015562,-3.0717434434051256],[140.92330311234878,-3.0718246279042205],[140.9232933214297,-3.0718443095672114],[140.92326150341569,-3.0718762921571283],[140.92318318325738,-3.0719131904413643],[140.92312199788194,-3.0719254868716916],[140.92300452393965,-3.0719156383959216],[140.92292131506667,-3.071888567903045],[140.92286258124318,-3.0718492000804645],[140.92281608629344,-3.0717803066158353],[140.92278672612656,-3.0716425286797175],[140.92278673511976,-3.0715244351045499],[140.92278674231432,-3.0714284837374635],[140.92278919386627,-3.071359594769433],[140.92282102087347,-3.0712119809481351],[140.92284794927355,-3.0711111102894506],[140.92287488127079,-3.0709610341243661],[140.92288468118318,-3.070813417605109],[140.92288468837774,-3.0707174662380226],[140.92288469467303,-3.070626435061854],[140.92288470186759,-3.0705231029587594],[140.92288470456549,-3.0704812781883675],[140.92286513082115,-3.0704197690570254],[140.92281618881611,-3.0703361150196429],[140.92278682325332,-3.0702893682596937],[140.92265222172273,-3.070227851034474],[140.92249803925313,-3.0702032356907125],[140.92238301236614,-3.0702007679510075],[140.92234140613107,-3.0702007652530483],[140.92223372040996,-3.0702253590130795],[140.92212603199084,-3.0702548756619308],[140.92204526837452,-3.0702720922831759],[140.92191800441242,-3.0702745420364295],[140.92181766075646,-3.0702745348418716],[140.92170018591491,-3.0702769872930844],[140.92163166027296,-3.070276981897166],[140.92155823782252,-3.0702720563103298],[140.92141140011609,-3.0702203785675692],[140.92135266359458,-3.0701908511268243],[140.92126701216296,-3.0700998136554176],[140.92119849461494,-3.0699817137850118],[140.92116423494156,-3.0699275862890545],[140.92107368939935,-3.0698291671822631],[140.92095377469695,-3.0697381270128972],[140.92085343463839,-3.0696889143118824],[140.92082651433225,-3.0696815308779151],[140.9207310701828,-3.0696323181769003],[140.92062583601364,-3.0695831036772461],[140.92049368243761,-3.069528968986674],[140.92038110620319,-3.0694797535877001],[140.92025384673775,-3.0694133170708824],[140.92021958436635,-3.0694010134459404],[140.92016329759815,-3.0693616429254575],[140.92002625530745,-3.0692164761593972],[140.91996018031818,-3.0691623441667844],[140.91985494704818,-3.0691057498304417],[140.91976439611005,-3.0690762196917376],[140.91968363429237,-3.0690565308341888],[140.91951231793917,-3.0690515971534182],[140.91945847462898,-3.0690540541012865],[140.9194046313188,-3.0690712716218513],[140.91932141615052,-3.0691253919232508],[140.91921127887747,-3.0691918122523134],[140.91908890542868,-3.0692606904284503],[140.91903750917379,-3.069280369393482],[140.91900813911434,-3.0692852868864406],[140.91894450758298,-3.0692828218446948],[140.91891514022166,-3.0692754393100472],[140.91888087785026,-3.0692483733137124],[140.9188417240664,-3.0692040853002709],[140.91878544269412,-3.0690909074194224],[140.91873895134165,-3.0689728093475992],[140.91870958667812,-3.0689186800530024],[140.91864351168874,-3.0688571682237011],[140.91855296164988,-3.0688300977307676],[140.91834248701628,-3.0688251622514144],[140.9181858538941,-3.0688325303968895],[140.91807082610785,-3.0688423626848476],[140.91800474662182,-3.0688423581882489],[140.91793866803516,-3.0688374317020362],[140.91781140767034,-3.0687906759488897],[140.91768904411413,-3.0687266999771623],[140.91756667875927,-3.0686651827519427],[140.91752262726754,-3.0686528773283612],[140.91745899573618,-3.0686479526408448],[140.9173537588689,-3.0686577849288028],[140.91726565138879,-3.0686774611958185],[140.91714572499529,-3.0687414191810944],[140.91699934144651,-3.0689293028449924],[140.91692543516081,-3.0690735406113845],[140.91686179193823,-3.0692088526064367],[140.91680794143338,-3.0693318627751864],[140.91675653258801,-3.0694893178776965],[140.91673694355518,-3.0696246316713882],[140.91672469838613,-3.069742725246499],[140.91670511025268,-3.0698558977314292],[140.91669042162573,-3.0699026417934192],[140.91662188699058,-3.070018270326841],[140.9164970601912,-3.0701412750997292],[140.91641629207822,-3.0702101568732019],[140.9163599972162,-3.0702716597093058],[140.91628901192837,-3.0704020497148008],[140.91626453328161,-3.0704709359848721],[140.91626208083039,-3.07054228459873],[140.91630857038433,-3.0706751441425126],[140.91635751238937,-3.070751417443887],[140.91640645259577,-3.070837531127097],[140.91642847609342,-3.0708891989772837],[140.9164284671001,-3.0710048320073611],[140.91641867168437,-3.0710663393400637],[140.91637705825474,-3.0711770485818874],[140.91635013435132,-3.0712164119078125],[140.91625223235474,-3.0712951340631207],[140.91615433215679,-3.0713541718574788],[140.91607601199837,-3.0714058334124275],[140.91598300411238,-3.0714993170398088],[140.91588754377517,-3.0716518465554259],[140.91585816831991,-3.0717453355787256],[140.91584837020616,-3.0718634291538933],[140.91584836840752,-3.071883111716204],[140.91586549419731,-3.0719593823196192],[140.91595114113227,-3.0721020849431966],[140.91605392195095,-3.0722177269664712],[140.91617628191,-3.0723432120695406],[140.91623990714606,-3.0724342477423079],[140.91625948268904,-3.072466233030184],[140.91628150079066,-3.072579409112393],[140.91627170357629,-3.0726753586807831],[140.91626435791386,-3.0727221036421497],[140.91619337712268,-3.0728082092314253],[140.91614197906915,-3.0728475689600714],[140.91599023466165,-3.0729238269730104],[140.91593327070393,-3.0729529533160758],[140.91582135996782,-3.072990241006778],[140.91571612040275,-3.0730099145758345],[140.91560843468153,-3.0730099055826372],[140.91547138069973,-3.0730098947907436],[140.91537103884241,-3.073009886696866],[140.91527069608583,-3.0730098786029885],[140.91514343212373,-3.0730123301548815],[140.91500882519722,-3.0730123193629879],[140.91490358743067,-3.0730123112691103],[140.91479345465427,-3.0730123022758562],[140.9146074532714,-3.0730122869874208],[140.91443124010971,-3.073019654233633],[140.91435181108727,-3.0730365381057254],[140.91430397434897,-3.0730467067400582],[140.91417425973441,-3.0730786803367778],[140.91407146812378,-3.0730958942600637],[140.9139515444283,-3.0731229467665457],[140.91385854103885,-3.0731500028703067],[140.91375085531774,-3.0731622957033551],[140.91361869544653,-3.0731770472828543],[140.91346205782781,-3.0732237796536879],[140.91335926531792,-3.0732557550489901],[140.91323199775854,-3.0732803470103818],[140.9131243129367,-3.0732827985622748],[140.91303620725523,-3.0732827922669799],[140.91293341834262,-3.0732680218017094],[140.91280860233519,-3.073265552263365],[140.91270091571471,-3.0732655432701677],[140.91251491163393,-3.0732925912799942],[140.9123925426818,-3.0732950410332478],[140.91222122542922,-3.0733024073801403],[140.91203277429315,-3.073331915935114],[140.911929980884,-3.0733565096951452],[140.91176110798881,-3.0733983209756843],[140.91159712920421,-3.0734499726380591],[140.91149923080491,-3.0734794883876475],[140.91139643919439,-3.0734967023109334],[140.9112911996292,-3.0735040740537443],[140.91118840891795,-3.0735089861507277],[140.91103911786104,-3.0735114341053418],[140.91089227565806,-3.0735114224141853],[140.91079682701206,-3.0735114143202509],[140.91069403720007,-3.0735089447819064],[140.91060837767452,-3.0735089375873486],[140.91047377164728,-3.0735064662503646],[140.91030000733952,-3.0735039913161017],[140.91019966458293,-3.0735039832222242],[140.91009442681639,-3.0735088944198878],[140.9099133168462,-3.0735408617213693],[140.90980073431649,-3.0735728371166715],[140.90971017798245,-3.0736072730571777],[140.90961717279436,-3.07365647136902],[140.90951437668718,-3.0737130504168704],[140.90941402943395,-3.0737745478570559],[140.90931612833674,-3.0738385067416516],[140.90924025523361,-3.0738926270430511],[140.90915459121152,-3.0739492060909583],[140.90906403307872,-3.0740107062290463],[140.90898081791045,-3.0740599054402082],[140.90888291681324,-3.0741189441339429],[140.90878501571592,-3.0741755222824736],[140.90871893443136,-3.0742001196397837],[140.90862837629857,-3.0742616188785519],[140.90853292135728,-3.0743354190443029],[140.90842033343176,-3.0744338210639626],[140.90831264141536,-3.0745125414205745],[140.9082441103775,-3.0745543607950481],[140.90814621107882,-3.0745912563813249],[140.90805320768948,-3.074623231776684],[140.90789901442804,-3.0747167100080901],[140.90785740639421,-3.0747486899000478],[140.90779866177888,-3.0748200340173071],[140.90770565209425,-3.0749282782174419],[140.90759061621407,-3.0750242187926347],[140.9075025042373,-3.0750906391216404],[140.90735565214175,-3.0751816577072759],[140.90721124979939,-3.0752505331855104],[140.90712558757582,-3.0752948113064349],[140.90700076527321,-3.0753686087742267],[140.90693223243659,-3.0754350309019287],[140.90686124804824,-3.0755506594353506],[140.90681473601137,-3.0756761292499277],[140.90679269632597,-3.0758237448698651],[140.90678534886479,-3.0758877109490754],[140.90677066023784,-3.0759369155561558],[140.90670457085935,-3.0760402431626517],[140.90665072305251,-3.0760992845542887],[140.90654547899078,-3.07617554526513],[140.90642065488942,-3.0762542638231594],[140.90633499176647,-3.0763034621350016],[140.90621995678566,-3.0763871017832685],[140.90611715977911,-3.0764633606954703],[140.90606331467029,-3.0764904203965102],[140.90593849416621,-3.0765223921945903],[140.90587730879088,-3.076524848243082],[140.90572801863323,-3.0765174531179014],[140.9056325708865,-3.0765149853782532],[140.90562278086668,-3.0765149835795569],[140.90553467788311,-3.0764780709062052],[140.90542699575929,-3.0764313169516413],[140.90536336692594,-3.0764042482574041],[140.90530707656035,-3.076396861226101],[140.90516023076009,-3.0764239110346239],[140.90509904358601,-3.0764485092911968],[140.90500113979078,-3.0765419920192585],[140.9049399472209,-3.0766354774452793],[140.90488364606347,-3.0767609472598565],[140.90482489875012,-3.0768667336128033],[140.90478818302824,-3.0769134767754736],[140.90468538692119,-3.0769823549516673],[140.90455077280001,-3.0770561533187788],[140.90440637225629,-3.0771078049811535],[140.90429134177202,-3.0771299381960375],[140.90421792112022,-3.0771323906472503],[140.90409310331415,-3.077127458765176],[140.90397318321595,-3.0771053048658814],[140.9038165527918,-3.077073307886792],[140.90371865888903,-3.0770462355952759],[140.90363545091543,-3.0770068641754165],[140.90352532263557,-3.0769502662417381],[140.9034127481998,-3.0768985902976738],[140.90339561611484,-3.0768887481171987],[140.90331730225171,-3.0768641381694124],[140.90317780211399,-3.0768469026623961],[140.9030896964324,-3.0768444340233714],[140.90298200981192,-3.0768444250301172],[140.90289145617578,-3.076854258217395],[140.90272013262813,-3.0769083686262775],[140.90262957629398,-3.0769452651118741],[140.90249741102673,-3.0770042993088964],[140.90239216786426,-3.0770633371032545],[140.9022918188125,-3.0771223748976126],[140.90219636656911,-3.0771641906748073],[140.9020397289504,-3.0772084607018542],[140.90196141059073,-3.0772256764237795],[140.90187819722109,-3.0772601123642289],[140.90174602925595,-3.0773486713040938],[140.90164567660679,-3.0774446127786064],[140.90160651472888,-3.0774888953961863],[140.90153552944116,-3.0776069817767393],[140.9014816762384,-3.0777176901192433],[140.90143761305546,-3.0778259388159768],[140.90142292532778,-3.0778603819510408],[140.90138621140454,-3.0778972820339163],[140.90134215541616,-3.0779268022800466],[140.90121733401281,-3.0779636942690445],[140.90116104364733,-3.0779636888730693],[140.90099706935928,-3.0779587542930358],[140.90089183339148,-3.0779366021923806],[140.90079883539795,-3.0779021482654798],[140.90062751904486,-3.0778775302238159],[140.90043172584353,-3.0778848920740529],[140.90033382834361,-3.0779045647438465],[140.90016740160434,-3.0779439136805991],[140.89998873509217,-3.0780127846622349],[140.89990307196922,-3.0780570618838397],[140.89979048494297,-3.0781283997058608],[140.89971216298602,-3.0781923612884157],[140.89965341837058,-3.0782637036069787],[140.89961180314231,-3.0783621110225567],[140.89959220781418,-3.078531869749952],[140.899594642279,-3.0786721064325206],[140.89957938258249,-3.0787574853695787],[140.89954567689153,-3.0788541633888826],[140.89951209710568,-3.0789037592010686],[140.89947714135701,-3.0789476479155837],[140.89946490338264,-3.0789599479431899],[140.8994508739587,-3.0789726310820242],[140.89942201471422,-3.0789969073813381],[140.8993914746369,-3.0790214489806544],[140.89935720866833,-3.0790485077823746],[140.89927888940929,-3.0790780253305456],[140.89913449066432,-3.0790952329585934],[140.89899254167256,-3.0790976800138878],[140.89892890924182,-3.0790976737185929],[140.89878940820472,-3.0790828987567238],[140.89863032892663,-3.0790607412601503],[140.8984443293424,-3.0790361196211506],[140.89832196039026,-3.0790262666488388],[140.89823140675412,-3.0790237980098141],[140.89809679802886,-3.0790360872455835],[140.89802582173434,-3.0790508424224186],[140.89790834239614,-3.0791000371369819],[140.89784470816676,-3.0791172519595875],[140.89779331191187,-3.0791197071087595],[140.89772968217915,-3.079104940240768],[140.89759753220039,-3.07899913500205],[140.89750453690488,-3.0789302370407654],[140.89739196606649,-3.0788268941457773],[140.8973161037552,-3.0787530777922711],[140.89721821524847,-3.0786841807303063],[140.8971790587666,-3.0786620340256263],[140.89701753063457,-3.0786447967199706],[140.89692208468648,-3.0786300253553236],[140.8968217419299,-3.0786226347267416],[140.89672139917332,-3.0786226248342246],[140.89662839668324,-3.0786226158410273],[140.89652560507272,-3.0786324472296087],[140.89640323072456,-3.0786767199546148],[140.89631511964717,-3.0787283779122845],[140.89622700677103,-3.078799718432208],[140.89614623506077,-3.0788710580528118],[140.89606791130518,-3.0789448600172022],[140.89599693141326,-3.079006360155347],[140.89589902671878,-3.0790826190675489],[140.89573259098631,-3.0792179193714446],[140.89564692606484,-3.0792695764297378],[140.89553434083723,-3.0793212316894483],[140.89544133744778,-3.0793507456403404],[140.89529938395947,-3.0793851761848714],[140.89522596060965,-3.0793925497263217],[140.89511827578781,-3.0793900783893378],[140.89489621698692,-3.0793598027127018],[140.89480746289416,-3.0793186991985522],[140.89469488755913,-3.0792621012649306],[140.8945480525507,-3.0791735162447367],[140.89443792517022,-3.0791218403006155],[140.89439142572382,-3.0790972321514687],[140.89429024030244,-3.079079981356017],[140.89422011026988,-3.0790799930471735],[140.89411731865937,-3.0790799822553367],[140.89399005469738,-3.0790799696648037],[140.8938994992626,-3.0790873423069343],[140.89377957376837,-3.0791094728238591],[140.89368901923297,-3.0791340656845136],[140.89360580406469,-3.0791685016250199],[140.89352258799715,-3.0792078577563871],[140.89343447691965,-3.079252134078672],[140.89334147173156,-3.0792939498558667],[140.89323867562439,-3.079335763834365],[140.8931040677985,-3.0793554338061995],[140.8929963820774,-3.0793554230143059],[140.89294009081266,-3.0793627983543956],[140.89286911182012,-3.0793996948399922],[140.89274428502085,-3.0794980941616927],[140.89268309335012,-3.0795694373795754],[140.89262924014736,-3.0796653815520472],[140.89259986739,-3.0797072054231194],[140.89255335715177,-3.0798080715852052],[140.892499501251,-3.0799310808546352],[140.8924510376853,-3.0800331350210968],[140.89240403371923,-3.0801205131510869],[140.89235017961721,-3.0802312205943281],[140.89231100784684,-3.0803640720442331],[140.89230609844776,-3.0805190701988749],[140.89231342612379,-3.080656847235673],[140.89231341173468,-3.0807897031822336],[140.89231339734545,-3.0809471618819657],[140.89231093859905,-3.0810480343392896],[140.89228400300442,-3.0812005692508251],[140.89223014530501,-3.081343260183246],[140.89215671026398,-3.0814711878450112],[140.89206614493673,-3.081576970600679],[140.89200005915552,-3.0816409321832339],[140.89189236264247,-3.0817442543937545],[140.89182138005276,-3.0818205151046527],[140.89177732136636,-3.0818820170413801],[140.89174060024857,-3.081968124429352],[140.89171856416044,-3.0820640730984223],[140.89171855426798,-3.0821624850105991],[140.89172099322934,-3.0822559758325951],[140.89172098063887,-3.0823666886716978],[140.89173319972747,-3.0825438317323801],[140.89174297355942,-3.0827012913314888],[140.89174541521879,-3.0827652592092818],[140.89178210935688,-3.0829350233325954],[140.89183837993733,-3.083122010372449],[140.89186283969832,-3.0832622497529769],[140.89186037555601,-3.0834270891887741],[140.89185301370571,-3.0836337533949632],[140.89183586543288,-3.0837887488516458],[140.89181253611969,-3.0838944830439345],[140.89177466117178,-3.0839757250996058],[140.89174283956049,-3.0840273875538173],[140.89163024893685,-3.0841282483199848],[140.89151766101133,-3.0841995852426294],[140.89141486400479,-3.0842487808565124],[140.89131451495302,-3.0842979755710758],[140.89122885093082,-3.0843422527926805],[140.8911187127585,-3.084386527316326],[140.8910306043789,-3.0844086596318903],[140.89093515213563,-3.0844357139370118],[140.8908103298329,-3.0844750646724606],[140.89065124066224,-3.0845414769075887],[140.89046033617569,-3.0846152653821264],[140.89033306771694,-3.0846373949997314],[140.89019601013786,-3.0846619842631071],[140.89009321672859,-3.0846791945891141],[140.88998797626414,-3.084703786550449],[140.88989497197542,-3.0847259197653329],[140.88977504558193,-3.0847505108273481],[140.88963554004818,-3.0847800193823218],[140.88951806340799,-3.0847996893541563],[140.88942750617457,-3.0848193620238931],[140.88930268477111,-3.0848537925684241],[140.88919254839743,-3.0848808450749061],[140.88907017494864,-3.0849005150466837],[140.88895269830846,-3.0849103428379863],[140.88882298279452,-3.0849226320737557],[140.88868837406926,-3.0849472204378117],[140.88854641878231,-3.0849841097288504],[140.88840446529389,-3.0850283797558973],[140.8882918791669,-3.0850751130259937],[140.88815237093525,-3.0851341463237532],[140.88799572792061,-3.0852030173053322],[140.88786600970866,-3.0852595909573211],[140.88773873765274,-3.0853161637099333],[140.88764328361071,-3.0853604391328986],[140.88751601155479,-3.0854243917222561],[140.88740832043766,-3.0854858882630651],[140.8873153116524,-3.0855424646130132],[140.88722474902306,-3.0856187244245348],[140.88714642616674,-3.0856728420279751],[140.88703384003975,-3.0857244972876856],[140.88693593894254,-3.0857613901759464],[140.88678664159033,-3.085803199657903],[140.88661042573062,-3.0858277826260405],[140.8865223182504,-3.0858326947230239],[140.88641952394198,-3.0858572866843588],[140.88631672873407,-3.0858843382915211],[140.88621883033477,-3.0859138522424132],[140.88617477614503,-3.0859212275825598],[140.88603772036458,-3.0859236737384776],[140.88593492785469,-3.085928582238239],[140.8858321353448,-3.0859359530817301],[140.8857195528152,-3.0859457817723523],[140.88560941913943,-3.0859556113623512],[140.88551396779542,-3.0859703620425307],[140.88536467404049,-3.0859851082261116],[140.88524230239045,-3.0859949351180944],[140.885149299001,-3.0859998463158149],[140.88502692735085,-3.0860121346522646],[140.88492658099699,-3.0860318064226817],[140.88482623464313,-3.0860563983840166],[140.88471609826934,-3.0860834490918592],[140.88459127776537,-3.0860957374283089],[140.88450317028514,-3.0861104890078082],[140.88435387113429,-3.0861645994166906],[140.88426331300161,-3.0862014941036477],[140.88418254488863,-3.0862359291447774],[140.88409687996705,-3.0862752843768249],[140.88400876888966,-3.0863171001540195],[140.88384233765385,-3.0863761280558037],[140.88374933336513,-3.0864056420067527],[140.883597589857,-3.086440068953948],[140.88356577274226,-3.0864449864469066],[140.88348255667472,-3.0864745003978555],[140.88338710083406,-3.086531075848427],[140.88337975786965,-3.0865359960393448],[140.88302806629224,-3.0871615527634049],[140.88291008513238,-3.0879016822167955],[140.88258581478362,-3.0883161257885376],[140.88204682320236,-3.088894800854348],[140.8820371995572,-3.0888947963576925],[140.88194920269359,-3.0888961687231813],[140.88186533012095,-3.0888947765726584],[140.88178008428349,-3.0888878562894888],[140.88169208831926,-3.088867114325808],[140.88159996806417,-3.0888491350794993],[140.88154084573353,-3.0888463642682495],[140.88144185016131,-3.0888339140538505],[140.88134835484277,-3.0888145534488558],[140.88125623458757,-3.0888048668510919],[140.88119436123088,-3.0888103886884437],[140.88118198566019,-3.0888159159217139],[140.88110223198248,-3.0888711954492578],[140.88108848134846,-3.0888850153311296],[140.88108710538563,-3.0888905443630961],[140.8810857303223,-3.0888933070804114],[140.88108297929614,-3.0889043651442876],[140.88107197069496,-3.0889790016795473],[140.88106233895587,-3.0890467278241545],[140.88103482959377,-3.0891365655999721],[140.88101007485511,-3.0891835578748328],[140.88097569557192,-3.0892277838350992],[140.88093031937876,-3.0892678621220853],[140.88085331492857,-3.0893162303597137],[140.8808326898768,-3.0893231380523503],[140.88073506577075,-3.0893424779729344],[140.88065256466416,-3.0893673478248047],[140.88055631472218,-3.0893977449099452],[140.88054118992409,-3.0893977440106255],[140.88053019121537,-3.0894005067279409],[140.88043806466499,-3.0894364328450479],[140.88040781327004,-3.0894557808595664],[140.88032806139097,-3.0894972369079028],[140.88032118607396,-3.0894986182665889],[140.88031981101051,-3.0894986182665889],[140.88031156242869,-3.089501381883224],[140.88030881140264,-3.089501381883224],[140.88023318921034,-3.0895013728900267],[140.8801438172834,-3.089499980739447],[140.88009294443395,-3.0894985930855796],[140.88003382030467,-3.0894985858909649],[140.87993757395998,-3.0894958096837968],[140.87985095215981,-3.0894888903000037],[140.87976020516942,-3.0894874981494809],[140.87965845767178,-3.0894888678169536],[140.87956633471867,-3.0894971496736616],[140.87950033797028,-3.089490232088508],[140.87940546578966,-3.0894888399379852],[140.87930509065745,-3.0895109425758847],[140.87928721573246,-3.0895219979418016],[140.87922121089025,-3.0895814251426259],[140.87921708480064,-3.0895883346339019],[140.87917995089413,-3.0896823191836233],[140.879173075577,-3.0896919940902308],[140.87913182187617,-3.0897265433452503],[140.87911807214141,-3.0897306892198912],[140.87905757294868,-3.0897375933152489],[140.87897507633875,-3.0897417301966357],[140.87890770182901,-3.0897417221027581],[140.87880320600323,-3.0897417104115448],[140.87869045979699,-3.0897416969217488],[140.87859421165365,-3.0897458329038159],[140.87848971402912,-3.0897513493452493],[140.87837834288632,-3.0897513358553965],[140.87828759589593,-3.0897513259628795],[140.87816935033527,-3.089751311573707],[140.87806485271085,-3.0897512998825505],[140.87796035598569,-3.0897526713486627],[140.87786960809603,-3.0897554250727808],[140.87777748604219,-3.0897554142808872],[140.87767271412451,-3.089755401690411],[140.8775750648374,-3.0897597858853487],[140.87747595595067,-3.0897641691810236],[140.87743806391563,-3.0897568397063537],[140.87734187332887,-3.0897451080502378],[140.87723402213248,-3.0897450963590813],[140.87713782884782,-3.0897450837685483],[140.87702123444251,-3.0897377453006811],[140.8769323319616,-3.0897186877671743],[140.87681427975531,-3.0897025584262678],[140.87669476794929,-3.0897010790415038],[140.87658400115083,-3.0897039964422106],[140.87649072256886,-3.0897127756240366],[140.87646886004995,-3.0897215637990598],[140.87638723668169,-3.0897713691533113],[140.87637849077475,-3.0897801582276543],[140.87631726942652,-3.0898607329863808],[140.87627499769303,-3.0898988201743691],[140.87625750767791,-3.0899090742443605],[140.87621961204547,-3.0899207906119273],[140.87620066602801,-3.0899222529096164],[140.87610447184397,-3.0899295679951138],[140.87608261022433,-3.089935426178954],[140.87606074680605,-3.0899456793495688],[140.8760155621685,-3.0899779056557577],[140.87598641064437,-3.0899910888176692],[140.87595288931448,-3.0899984101984046],[140.8758596107325,-3.0900071902795503],[140.87577070735233,-3.0900071803870333],[140.87572844101476,-3.0899983841180756],[140.87570512429215,-3.0899837296653345],[140.87568909387664,-3.0899690779105526],[140.87562497491274,-3.0898870237670621],[140.87561477300346,-3.0898796960910317],[140.87560748579688,-3.089879695191712],[140.87552586692527,-3.0898987320408082],[140.87550546130808,-3.0899089861107996],[140.8754267562399,-3.0899309538503985],[140.87542384063784,-3.0899309529510788],[140.87532473444901,-3.0899309412598654],[140.87523291366813,-3.0899382563454196],[140.8751527525975,-3.0899382473521655],[140.87506384921733,-3.089938235661009],[140.87496619813157,-3.0899455498471866],[140.87494725031536,-3.0899543389215296],[140.87485833704272,-3.0900202583281953],[140.87483938832713,-3.0900436982580004],[140.87477671007719,-3.0901052262751136],[140.87476505036682,-3.0901096185639858],[140.87474027314511,-3.0901125467565862],[140.87464991106458,-3.0901110709691011],[140.87454497367162,-3.0901125242735361],[140.87444149228111,-3.0901344884158561],[140.87443857667904,-3.090137418407096],[140.87442108576454,-3.0901462056827995],[140.87434966430567,-3.0902004078225218],[140.87433800369593,-3.0902135918836962],[140.87431467977876,-3.0902516817696437],[140.87431176507596,-3.0902546117608836],[140.87430593387182,-3.0902634017345463],[140.87426074293899,-3.0903425132963207],[140.87424325202448,-3.090363023234886],[140.87418348757797,-3.0904318762300704],[140.87417911417481,-3.0904421311993246],[140.87417474077176,-3.0904465261862129],[140.87417328387005,-3.0904509211730442],[140.87416745266592,-3.0904597111467069],[140.87416453706385,-3.0904626411379468],[140.8741033157155,-3.0905285641418914],[140.87407416329211,-3.0905637231372793],[140.87404938427176,-3.0905842321765249],[140.87401148684069,-3.0906076694083708],[140.87399982713043,-3.0906120643952022],[140.87398233711519,-3.0906149916884829],[140.87391966605981,-3.0906149835945484],[140.87380598455866,-3.0906164359996637],[140.87368938835471,-3.0906178857068198],[140.87356987744795,-3.090617872216967],[140.87345619504742,-3.0906163937315227],[140.87341975811546,-3.090623715112315],[140.87336728717059,-3.0906486164404328],[140.87328129309731,-3.0906837682412629],[140.87326380308207,-3.0906852314382149],[140.87316469689335,-3.090679358865259],[140.87306704670686,-3.0906778821784542],[140.87297085522084,-3.0906778713866174],[140.8728790362386,-3.0906778596954041],[140.87278721725636,-3.0906675930349365],[140.87277410064428,-3.0906588003633146],[140.87271726259166,-3.0906338864446639],[140.87270268907787,-3.0906309537554648],[140.87259046807571,-3.0906074994364872],[140.87258463777084,-3.0906045676466078],[140.87257152115887,-3.0906016367561051],[140.87248407917696,-3.0905664633715446],[140.8724330687312,-3.0905562012076757],[140.87232084503103,-3.0905503268360803],[140.87220424702844,-3.0905620342104498],[140.87210368213925,-3.0905708115936363],[140.87197396842396,-3.0905722622001122],[140.87186757592792,-3.0905575978547972],[140.87183551419764,-3.0905414766078252],[140.87178013574476,-3.090494586855641],[140.87175973462411,-3.0904667483417256],[140.87170873317154,-3.0903905559793543],[140.87165190141422,-3.0903187577044378],[140.87158049344509,-3.0902572143988891],[140.87152365629174,-3.0902235096072559],[140.87142309679859,-3.0901780785554251],[140.87135459903561,-3.0901619537111742],[140.87132253370805,-3.0901619501138384],[140.87120593930274,-3.0901619357247228],[140.87107184858701,-3.090192688042066],[140.87100042892666,-3.0902249107509761],[140.87091151835193,-3.0902791101927392],[140.87085758690819,-3.0903289173456301],[140.87078616095266,-3.0904109553013086],[140.87072785430712,-3.0904842032833244],[140.87064331173951,-3.0905647744447151],[140.87058500959063,-3.0905969989522646],[140.87049901641649,-3.0906306857575032],[140.87039261942391,-3.0906511858035515],[140.87035180998805,-3.0906511813069528],[140.87022063667314,-3.090668745965786],[140.87010403687191,-3.0907024291737457],[140.87003574325502,-3.0907372032592662],[140.8699276708254,-3.090807895368016],[140.86985187326536,-3.0908943283105828],[140.86979502262227,-3.090976367165581],[140.86978190421155,-3.0909866212355155],[140.86971193875502,-3.0910452183620691],[140.86962302638165,-3.0911126018650634],[140.86956034813159,-3.0911726639872086],[140.86950058368507,-3.091241516982393],[140.86949037997715,-3.0912590969297185],[140.86947725796915,-3.0912971886143055],[140.86947433876981,-3.0913338162026207],[140.86947142226836,-3.0913440720711947],[140.86945683796273,-3.0914305122083192],[140.86944662436224,-3.091518418240355],[140.86943350415299,-3.0915389272796006],[140.8693883177167,-3.0915858053405714],[140.8693693699006,-3.0915916644237313],[140.86933876417265,-3.0915931249227242],[140.86923382677969,-3.0915887173453598],[140.86920467885295,-3.0915813878706899],[140.86907933764144,-3.091571115814304],[140.86897877365152,-3.0915711041230907],[140.86885488664382,-3.0915945296637801],[140.86875140525319,-3.091622353788523],[140.86874994655284,-3.091622353788523],[140.86874557494843,-3.0916223528892033],[140.86865229726573,-3.091620877101775],[140.86858234170177,-3.091603286362556],[140.86856339568419,-3.091593027795966],[140.86846575269237,-3.0915388067704725],[140.8683666510002,-3.09149777070553],[140.86832438466274,-3.0914919062264516],[140.86828794863004,-3.0914933658261248],[140.8682704586148,-3.0914992249092279],[140.86821215736518,-3.091531450316154],[140.86812178988873,-3.0915724620994069],[140.86806931624596,-3.0916134792785783],[140.868043077626,-3.0916457082827833],[140.86797165256974,-3.0917233503523107],[140.86793666984147,-3.0917482516804284],[140.86783609955637,-3.0917951243454809],[140.86779091761684,-3.0918053739188167],[140.86776759909549,-3.0918053712208575],[140.86766849110802,-3.0918053586303245],[140.86762476696947,-3.0918141441074454],[140.867582497934,-3.0918317195581722],[140.86755480421095,-3.091852227698098],[140.86746880114435,-3.091951844701839],[140.86740757709811,-3.0920426753291395],[140.86734198234672,-3.0921232482892265],[140.86729242340664,-3.0921627995734866],[140.86726764438629,-3.0921759827353412],[140.86725452687494,-3.0921789109279416],[140.86723412125775,-3.0921891640986132],[140.86714812898299,-3.0922125950351642],[140.86711606365543,-3.0922140573328534],[140.86702861627771,-3.09221404564164],[140.86690910627033,-3.0922052403794851],[140.86680854497843,-3.0921788551700047],[140.86670215697904,-3.0921334232188542],[140.86667446685328,-3.0921143737792818],[140.86658994137281,-3.0920630827450282],[140.86656953665488,-3.0920557559683175],[140.86647480386921,-3.0920410916230594],[140.86637132607586,-3.092036684045695],[140.86633489094254,-3.092023492789906],[140.86627368218478,-3.0919839271164733],[140.86618915760357,-3.0919194511217256],[140.86616000967672,-3.0919062607652563],[140.86610608632691,-3.0918945336057959],[140.86605944838493,-3.0918930632142292],[140.86596762940269,-3.0918827947551222],[140.86586415340798,-3.0918520145587536],[140.86575630760763,-3.0918021867215089],[140.8656338873941,-3.0917596829629588],[140.86551729388805,-3.0917259709767109],[140.86548086055336,-3.091699593861108],[140.86539196256911,-3.091651233717414],[140.86530743259198,-3.0916321770832838],[140.86526079375074,-3.0916321707879888],[140.86516168666253,-3.0916321581975126],[140.86505237766517,-3.0916292138171002],[140.8649489007712,-3.0916101553843305],[140.86491975284434,-3.0915969650278612],[140.86482065115217,-3.09156032394975],[140.86470260074452,-3.0915310069503903],[140.86466470781011,-3.0915295356595038],[140.864543738203,-3.0915339171564824],[140.86447669194581,-3.0915514890099871],[140.86443733941178,-3.0915705312549449],[140.86434113983182,-3.0916247279987488],[140.86423473744321,-3.0916891788124872],[140.86411959184579,-3.0917345819853495],[140.86400590764663,-3.0917609402151811],[140.8638907620491,-3.0918092742785461],[140.86376250163823,-3.0918341648148271],[140.86365610824282,-3.091840011307454],[140.86354679924546,-3.0918399969182815],[140.8634447765553,-3.0918370543365654],[140.86332526474928,-3.0918370390480732],[140.8632159557518,-3.0918370246589006],[140.86318680602631,-3.0918428810441014],[140.86309498344679,-3.091867776076981],[140.86307749433092,-3.0918692392739331],[140.86306291811923,-3.0918736333614447],[140.86304834370617,-3.091875095659077],[140.86294778241427,-3.091853105436428],[140.86290989307713,-3.091819403342754],[140.86285743292422,-3.0917476050678943],[140.86279914786246,-3.0916479700777018],[140.86275689231684,-3.0915659177328507],[140.86273211869241,-3.0915336833327842],[140.86267674113878,-3.091488256777609],[140.862650508814,-3.0914736023248679],[140.8625805541493,-3.091456011585592],[140.8625528622249,-3.0914560079883131],[140.86251059498807,-3.0914677243559368],[140.86249747477871,-3.0914838384083509],[140.86249309957691,-3.0914999542594614],[140.86249455378072,-3.0915321868608885],[140.86252222771873,-3.0916640508552291],[140.86255719335986,-3.0917754040116279],[140.86258050108927,-3.0918633136409426],[140.86260234562178,-3.0919951776352832],[140.86260670283718,-3.0921182480586253],[140.86260523244562,-3.0922222699417716],[140.86258627113955,-3.0923306859123727],[140.86256731972605,-3.0923629158158406],[140.8625119223874,-3.0924742581804026],[140.86247692976656,-3.0925768123699413],[140.86241715902474,-3.0926940129182867],[140.86237925979503,-3.0927350309968347],[140.86230200443401,-3.0928126730663621],[140.86221891607022,-3.0929152200612862],[140.86214603591088,-3.0929767453804402],[140.86211396968406,-3.0929869958531526],[140.86206429113417,-3.0929905140009737],[140.86196822735189,-3.0929650011338481],[140.86193908122368,-3.0929430199043964],[140.86185455934049,-3.0928594980673552],[140.86178315137136,-3.0928038138449097],[140.86167822207233,-3.0927408001477374],[140.86159369479321,-3.092695370894603],[140.86151499871823,-3.0926455457552606],[140.86144650635129,-3.0925854683446232],[140.86137509928142,-3.0925239232404351],[140.86127891588933,-3.0924477245827688],[140.86119293440652,-3.092389108570444],[140.86110257862117,-3.0923363534399186],[140.86100202002729,-3.0922909205894484],[140.8609014614334,-3.0922425586471149],[140.86082130935597,-3.0921868744246694],[140.8607309517721,-3.0921458392590466],[140.86067119811742,-3.0921326453052984],[140.86055168811004,-3.0921209091525839],[140.86043509190608,-3.0921135679867007],[140.86034472982544,-3.0921091604093931],[140.86024125293159,-3.0920959601604068],[140.86014797614826,-3.092087157596211],[140.86003429914365,-3.0920593046931231],[140.85993082314906,-3.0920285235974347],[140.85981423413966,-3.0919772289659022],[140.85969910023334,-3.0919361911022634],[140.85966120639966,-3.0919332557151051],[140.85956792871696,-3.0919332440239486],[140.85945424271915,-3.0919625313457004],[140.85943092060052,-3.0919845035819549],[140.85936823965255,-3.0920636124457133],[140.85929244209262,-3.0921441827078411],[140.85921081692572,-3.0922027771364355],[140.85916854789025,-3.0922203525871623],[140.85906214819965,-3.0922613607731364],[140.85896303301763,-3.0923184884074431],[140.85886537473732,-3.0923844051161495],[140.85874731263846,-3.0924400641575858],[140.85861905312686,-3.0924737437682097],[140.85855200956769,-3.0924751997706039],[140.85844415927056,-3.0924663963070884],[140.85832027855804,-3.0924356107148014],[140.85819348494147,-3.0924004319343226],[140.85807251803237,-3.0923857639917856],[140.85795883832975,-3.0923710978478312],[140.85784078882136,-3.0923359190673523],[140.85773002292228,-3.0923241838139575],[140.85761342581895,-3.0923314926042735],[140.85756969988176,-3.092344673068169],[140.85747058739776,-3.0923930080308537],[140.85744289187608,-3.0924237729387301],[140.85742831296636,-3.0924516069560468],[140.85738457263994,-3.0925776010753907],[140.85735978282776,-3.0926684353000269],[140.85732770760774,-3.0927534077435439],[140.85727814057384,-3.092860354221898],[140.85722711483959,-3.0929658357047174],[140.85717609540052,-3.0930302937130136],[140.85709884093887,-3.0931020740014787],[140.85702741678188,-3.0931635993206328],[140.85696182203048,-3.0932309864208491],[140.8569224623019,-3.0932969112234332],[140.85691225499659,-3.0933320711181409],[140.85690349470053,-3.0934404888873814],[140.85690347761351,-3.0935694192932033],[140.85690200632257,-3.0936807679530034],[140.85688887532137,-3.0937891839236613],[140.85686846161025,-3.0938507173366929],[140.85683347438544,-3.0939151771436855],[140.85681160916852,-3.0939371511785225],[140.85675184202398,-3.094019189134201],[140.85666292515396,-3.0941085493699916],[140.85658421289122,-3.0941773987678971],[140.85648655461091,-3.0942418495816355],[140.85644137087263,-3.0942608909273304],[140.8564209661547,-3.094263818220611],[140.8563204021649,-3.094262338835847],[140.8561965178551,-3.0942623217487153],[140.85609449336619,-3.0942828199961241],[140.8560041240911,-3.0943282258668887],[140.85596622576077,-3.094363383962957],[140.85588897039975,-3.0944395592381966],[140.85579568102594,-3.0945230576929248],[140.85568781903771,-3.0945962993796456],[140.85557121384056,-3.0946548884123217],[140.85546335814752,-3.0946841748347538],[140.85540651739689,-3.0946856326357874],[140.85530449470673,-3.0946856191459347],[140.85518061309483,-3.0946650903215982],[140.8550756810979,-3.0946284483441673],[140.8549794950078,-3.0945830163930168],[140.85486795479233,-3.0945181968572797],[140.85477400801415,-3.0944745689461683],[140.85466616041504,-3.0944408569599204],[140.8545495669091,-3.0944217940304952],[140.8544592039292,-3.0944217823393387],[140.85435863634211,-3.0944437446830193],[140.85432802701689,-3.0944569269455542],[140.8542172521245,-3.0945169809738218],[140.85413562785698,-3.0945667836301141],[140.85404088697737,-3.0946136535972073],[140.85393740019094,-3.094660522664924],[140.85384119971161,-3.0947220452861188],[140.85376685905339,-3.0947923596796159],[140.85368523208786,-3.094859744081873],[140.8536298437424,-3.094890503593831],[140.85353947806448,-3.0949241886003733],[140.85345931519532,-3.0949388286639419],[140.85336020361058,-3.0949666518894219],[140.8532406873079,-3.0950105891673161],[140.85314740422939,-3.0950472041650983],[140.85306286256116,-3.0950999368125736],[140.85303371103703,-3.0951292340268992],[140.8529812301997,-3.0952156687680485],[140.85293603566959,-3.0953108961808766],[140.85287918232848,-3.095395864127795],[140.85285440330813,-3.0954207672545522],[140.85279609486395,-3.0954896202497366],[140.85271738080257,-3.0955687246168964],[140.85261389131813,-3.0956463612905054],[140.85250748623162,-3.0957137420954837],[140.85238650942995,-3.0957723302287832],[140.85226261792559,-3.0958177298043665],[140.8521751660511,-3.0958528807058201],[140.85207896916916,-3.0958894948042825],[140.85205856265259,-3.0958909580012914],[140.85196146285125,-3.0958982703888296],[140.85184871574575,-3.0958982542010176],[140.85174696824799,-3.0958982398118451],[140.85165622035834,-3.095900990838004],[140.85162596986265,-3.0959092798893266],[140.85159846769523,-3.0959230979725589],[140.85148571519369,-3.0959728412735785],[140.8513757110203,-3.0960198191592667],[140.85125746006383,-3.0960502108484889],[140.85119971189727,-3.0960502018552916],[140.85110346285455,-3.0960529537807702],[140.85099346587583,-3.0960529375929582],[140.850883468897,-3.096055685921101],[140.85077897127258,-3.0960584360479402],[140.85068821978552,-3.0960777741698848],[140.85060021842537,-3.0961192266209423],[140.85055896382516,-3.096149629102058],[140.85050670691908,-3.0962104385608313],[140.85044619693451,-3.0962933596507582],[140.85039232484598,-3.0963427486188948],[140.85031418635072,-3.0963983869759204],[140.85018768231578,-3.0964481275789808],[140.85012993324983,-3.0964536494163326],[140.85003368420723,-3.0964619276757617],[140.84995943258184,-3.0964840330116772],[140.84984667828166,-3.0965337763126968],[140.84976692370458,-3.0965779932797091],[140.84963492301335,-3.0966139122022582],[140.8495084225757,-3.0966332449282845],[140.84935167523963,-3.0966498077423807],[140.84922792492887,-3.0966663759524522],[140.84912617833049,-3.0966663615632797],[140.84899968238949,-3.0966580509282835],[140.84886768709418,-3.0966525030105458],[140.84873293987334,-3.0966524841247747],[140.84858994407068,-3.096652463440364],[140.84844969659628,-3.0966524427559534],[140.84834794999801,-3.0966579582980671],[140.84825170005593,-3.0966717646901429],[140.84816369869577,-3.0966911028120876],[140.84806470042565,-3.0967049110028029],[140.84796020190186,-3.0967104238469574],[140.84784745479624,-3.0967104076591454],[140.8477457072986,-3.0967103941692926],[140.84761920955896,-3.0967103752835214],[140.84752021308748,-3.0967103608944058],[140.84741571636232,-3.0967103456059135],[140.84740884104519,-3.0967103447065938],[140.84731534392802,-3.096710331216741],[140.84722770679332,-3.0966803262360258],[140.84726758722945,-3.0966305730424892],[140.84733360106486,-3.0965186263334772],[140.84734598293085,-3.0964688686433419],[140.84735699782721,-3.0963693541623343],[140.84734738857117,-3.0962560126048402],[140.84733639256058,-3.096228368344498],[140.8472786596825,-3.0961205486243557],[140.84724566535522,-3.0960970484399581],[140.84723466484797,-3.0960928989680383],[140.84717416835326,-3.0960818328102846],[140.84713154408553,-3.0960818274143662],[140.8470366719049,-3.0960790494085586],[140.84694592671326,-3.09606244882292],[140.84682768564926,-3.0960223489522036],[140.84673144470048,-3.0959808686221209],[140.84662420594236,-3.0959200375796172],[140.84651284379277,-3.0958495307311864],[140.84641797970608,-3.0957873192293732],[140.84632724170888,-3.0957209600542228],[140.84622687916715,-3.0956559831370782],[140.84613201418119,-3.0956089746744055],[140.84609214093962,-3.0955992943718798],[140.84597252211427,-3.0955826901889623],[140.84586802718775,-3.095566088704004],[140.84578690833916,-3.0955342859784878],[140.84569479168135,-3.0954914251890955],[140.84559580240443,-3.0954444167264228],[140.84547343974748,-3.0953739080793525],[140.84543081907714,-3.0953586969462776],[140.84533045113949,-3.0953255101641162],[140.8452383335823,-3.0952909420233254],[140.84508930063078,-3.0952520976061919],[140.84497572255157,-3.0952425270209574],[140.84488360229648,-3.0952273095926444],[140.84483960566331,-3.0952093339435578],[140.84473511793146,-3.0951498860583229],[140.84464850602376,-3.0950752351339474],[140.8445412717623,-3.0949881420890506],[140.84450552371106,-3.0949743141132444],[140.84437903316586,-3.0949425050924901],[140.84428828707485,-3.0949355812120416],[140.84427453823946,-3.0949314326394415],[140.84424291627761,-3.0949120774303651],[140.84416592891455,-3.0948374283046292],[140.84409581776788,-3.0947544883289311],[140.84402158322951,-3.0946673988813131],[140.8439707148766,-3.0946286902617999],[140.84395421591444,-3.0946286875638407],[140.84382084375704,-3.0946300500367556],[140.84372184638619,-3.094635563780173],[140.84362972343308,-3.0946383148063319],[140.84352660357001,-3.0946175674467327],[140.84348123277277,-3.0945995908983264],[140.843384991824,-3.094559493725626],[140.84329837362111,-3.0945276910001098],[140.84318425504944,-3.0945041773258595],[140.84309213479423,-3.0944917244135013],[140.84300276376655,-3.0944751238278627],[140.84290514415716,-3.094461287758179],[140.84276489668275,-3.0944681783636838],[140.84264802528617,-3.0944695417359185],[140.84253115388969,-3.0944695246487868],[140.84243765587314,-3.0944695111589908],[140.84234278279325,-3.0944722621850929],[140.84223553414267,-3.0944846854198431],[140.84214340759229,-3.0945123152910696],[140.84211728138746,-3.0945261333743019],[140.84203202655681,-3.0945731148573259],[140.84192064911872,-3.0946131805537789],[140.8418051491883,-3.0946394245697206],[140.84177764881952,-3.0946394209724417],[140.84167315299374,-3.0946297307773989],[140.84165665493072,-3.0946228167895242],[140.84163740764029,-3.094608992410997],[140.84162503476762,-3.0945951680325265],[140.84160854120125,-3.0945578470669375],[140.84160854659717,-3.0945219101579937],[140.84162505814993,-3.0944375987161834],[140.8416374373179,-3.0944127216696984],[140.84168419666844,-3.0943325623977671],[140.84172820858998,-3.0942441095779714],[140.84175847167614,-3.0941487427701873],[140.84175985213551,-3.094114189018569],[140.8417351198799,-3.0940022279204413],[140.84171587258948,-3.0939814931513183],[140.8416663801994,-3.0939469313057657],[140.84155639311314,-3.0938833339486678],[140.8414683998468,-3.0938460021911851],[140.84137628408826,-3.0938086686351198],[140.8412882917213,-3.0937685723616823],[140.84119067570919,-3.0937284742896054],[140.84115905194881,-3.0937257052770519],[140.84101330691863,-3.0937270659512706],[140.84090468590261,-3.0937173739575883],[140.84085931600464,-3.0936952524339176],[140.84076170358981,-3.0936275110007614],[140.84067233885742,-3.0935735921474929],[140.84056922528953,-3.0935251996282318],[140.84045511121451,-3.0934685126616728],[140.8403547477734,-3.093409063877175],[140.84027500938419,-3.0933510000485853],[140.84019526829707,-3.093302612025866],[140.84015814698091,-3.0932887849494364],[140.84005365565179,-3.093250067336669],[140.83996153719522,-3.0932279386184405],[140.83986941514149,-3.0932237792539468],[140.83976766764386,-3.0932237630661916],[140.83964942118394,-3.0932223628217344],[140.83952017511604,-3.0932251066532785],[140.83939092814887,-3.0932306159001541],[140.83928230173694,-3.093259626230747],[140.83916955283269,-3.0932748121828126],[140.83907605481613,-3.0932789445676008],[140.83897292955714,-3.0933024267655469],[140.83890555234939,-3.093335589265962],[140.83882579597378,-3.0933853352649407],[140.83872129025542,-3.0934406066986071],[140.83862366075346,-3.0934875863829348],[140.83858653314201,-3.0935152243480957],[140.83848890274078,-3.0935691144230191],[140.83844765443575,-3.093576017619057],[140.83837065628086,-3.0935732423112086],[140.83831290901355,-3.0935594116375],[140.83828909766385,-3.093556891737137],[140.8382783939328,-3.0935560778506783],[140.83827416262261,-3.093555734309632],[140.83825603408877,-3.0935505722010816],[140.83824500210528,-3.0935407498056975],[140.83823489732276,-3.0935300325849084],[140.83821804492686,-3.0935234549434654],[140.8381864175692,-3.093527601717426],[140.83816991680828,-3.093534511208702],[140.83815479111081,-3.0935469479332482],[140.83813416156238,-3.0935732063383625],[140.83811903406627,-3.0936036106180609],[140.83811353111469,-3.0936243435885444],[140.83811077559187,-3.0936575159815334],[140.8380942613411,-3.0937611772365017],[140.83807087626997,-3.0938275184252007],[140.83799661115472,-3.0939394633355164],[140.83795535655452,-3.0939712471752614],[140.83791960580527,-3.0939892102338149],[140.83784810430666,-3.0940085492550793],[140.83781235625531,-3.0940085438591609],[140.83777523314052,-3.0940002458146409],[140.83774773636901,-3.0939878018954801],[140.83771886633269,-3.0939601531384824],[140.83767350183075,-3.0938979479319073],[140.83766250492079,-3.0938730672882002],[140.83762264786697,-3.0937707801973033],[140.83758140855525,-3.0937044282167676],[140.83757453503688,-3.093700281442807],[140.83757315997343,-3.093700281442807],[140.83746041286781,-3.0936974989404007],[140.83734491923269,-3.0936836601727578],[140.83731604739774,-3.0936670685803165],[140.83729130075301,-3.093644949754605],[140.83727480628738,-3.0936159214375607],[140.8372294516779,-3.0934832246710471],[140.83719097238554,-3.0933671150003192],[140.83714561327952,-3.0932675906267377],[140.83711261985161,-3.0932261210885486],[140.83709337256118,-3.0932095321941233],[140.83700676155286,-3.093137644886383],[140.83691465298887,-3.0930491722814395],[140.83684866613305,-3.0929772867723386],[140.83677167876999,-3.0929081657791926],[140.83675930499794,-3.0929012526906376],[140.83674555706182,-3.0928971050173573],[140.83672080771919,-3.0928943360047469],[140.83661356086725,-3.092894319816935],[140.83648431300071,-3.092906740353726],[140.83638256190579,-3.0929302216523524],[140.83629730977304,-3.0929619991968593],[140.83621205764041,-3.0929923926847209],[140.83608968059434,-3.0930296929658994],[140.83599617987988,-3.0930531760631652],[140.83589030359474,-3.0930780387204777],[140.83579817884299,-3.0930987573017887],[140.83570330036707,-3.0931360611802461],[140.83560154837278,-3.0931775109333444],[140.83556854685105,-3.0931844168273415],[140.83553554802722,-3.0931844123307428],[140.83543105220133,-3.0931816298282797],[140.83535955699801,-3.093160886965336],[140.83524544202362,-3.0931138749053275],[140.83515607639185,-3.093076542248582],[140.8350584585811,-3.0930419723091518],[140.83497046621414,-3.0930170790749116],[140.83495671558001,-3.0930170772762722],[140.83494984206163,-3.0930156941189466],[140.83485497437766,-3.0929825064374654],[140.83476423368245,-3.0929410270067592],[140.83464461935375,-3.0928940140474879],[140.83451538137979,-3.0928414711569303],[140.83440814172241,-3.0927944590969787],[140.83429952790095,-3.0927433020617059],[140.83418816485198,-3.0926879982524724],[140.83408092699324,-3.0926313112859134],[140.83396819067957,-3.0925649476142212],[140.83385408110098,-3.0924916753505158],[140.83376471636859,-3.0924460482464724],[140.83365747761059,-3.0923893630786097],[140.83356261262452,-3.0923423528172975],[140.83347324789213,-3.0922981088705797],[140.8333728826525,-3.0922497172505814],[140.83326426883104,-3.092199940674675],[140.83319964894474,-3.0921847268436409],[140.83311027611842,-3.0921805665798274],[140.83300440612845,-3.092169493227459],[140.83291366093681,-3.0921584207744672],[140.83279266704801,-3.0921487260827689],[140.83270054499417,-3.0921445649196926],[140.8325932990416,-3.0921376374419651],[140.83249980282369,-3.092132094020883],[140.83239530699791,-3.0921279310591103],[140.83230593417159,-3.0921279166699946],[140.83221381121848,-3.0921375771873727],[140.83220831006554,-3.0921417221626939],[140.83219868642027,-3.092144485779329],[140.83217943373393,-3.092158304761881],[140.83212992695462,-3.0922108188741504],[140.83211342259642,-3.0922384613358531],[140.83209554137625,-3.0922868340700802],[140.83207214821118,-3.0924029329489713],[140.83205013370673,-3.0925010651719731],[140.83202261804945,-3.092607488244937],[140.83199785341822,-3.0927070009273052],[140.83195383700001,-3.0928161867175845],[140.83192082468634,-3.0929018768201217],[140.83188506134661,-3.0929930950552489],[140.83183829660015,-3.0930926050396579],[140.83178465743606,-3.0931990236160232],[140.831737896287,-3.0932778024285881],[140.8316842598208,-3.0933593421598857],[140.83163199931732,-3.0934353528592169],[140.83157561272446,-3.0935155112318284],[140.83151510363916,-3.093583229282558],[140.83143534276689,-3.0936675290332118],[140.83135695426006,-3.0937739440122414],[140.83129643798031,-3.0938789803306577],[140.8312648088239,-3.093916294101632],[140.83119467609345,-3.0939770990638067],[140.83115479925459,-3.0939978248396756],[140.8310805476292,-3.0940185470182655],[140.83105167309634,-3.094021306138302],[140.83096092610594,-3.0940212908498665],[140.83086055367164,-3.0940198933033685],[140.83074918432749,-3.0940074349950919],[140.83071756326501,-3.0939880797860155],[140.83070106700075,-3.0939714908915334],[140.83061858657857,-3.0938553749255675],[140.83055948133506,-3.0937503197214369],[140.83049900012884,-3.0936355887113791],[140.83046051633983,-3.0935485046597364],[140.83040140480102,-3.0934655637847186],[140.83031479828935,-3.0933743266638203],[140.83025018739625,-3.0932969139213924],[140.83018695066733,-3.0932181189210155],[140.83011546805449,-3.0931241190828018],[140.83008110136177,-3.0930840309032419],[140.83007285188069,-3.0930785009720125],[140.82998211568213,-3.0930079950229015],[140.82990375055772,-3.0929596061009192],[140.82987625288683,-3.0929513080563993],[140.82981163030252,-3.0929457691319158],[140.82971675722263,-3.0929568110079799],[140.82968925505509,-3.0929706290912122],[140.82960262156382,-3.0930411062619783],[140.82959024419449,-3.0930590729178107],[140.82954485541086,-3.0931585820028999],[140.82950084079118,-3.0932567097293031],[140.82947470199599,-3.0933493120210755],[140.82947469839871,-3.0933741908661432],[140.82949805289286,-3.0934916800969177],[140.82951317409379,-3.0935151802813152],[140.8295612833266,-3.0936036465909638],[140.82961489191382,-3.0936948810139029],[140.82962038857011,-3.0937100849524199],[140.82962450656578,-3.0937598444411947],[140.82962448768001,-3.0938773300746902],[140.82961623190363,-3.0939146474430004],[140.82957221638469,-3.0940238332332797],[140.82956671523175,-3.094032124083185],[140.82956534016841,-3.094032124083185],[140.8295639642057,-3.0940348885991966],[140.82953645034695,-3.094133019023559],[140.82953231796216,-3.0941744840651495],[140.82952130126705,-3.0942822920940785],[140.82951579921485,-3.0942933492586349],[140.82947041133048,-3.0943900947270322],[140.82942914503906,-3.094492369227396],[140.82942501535229,-3.0945241575637965],[140.82942499736578,-3.094637498221914],[140.82942360431593,-3.0947522193393979],[140.82942221396411,-3.0948448252284493],[140.82942908208656,-3.094883525754085],[140.8294414531606,-3.0949070259384257],[140.82950881058321,-3.0950037893933313],[140.82957617070383,-3.095083966651714],[140.82961328302667,-3.0951613748974864],[140.82962427723862,-3.0952014603790303],[140.82963664831277,-3.0952194297328219],[140.82969163106395,-3.0953175736470371],[140.82975349272954,-3.0953880750995495],[140.82977411598279,-3.0953963722447497],[140.82987998507326,-3.0954115932703417],[140.83000235672341,-3.095417142087399],[140.83009585114269,-3.0954351249310434],[140.8302182146989,-3.0954835210475835],[140.83030345514044,-3.0955332931269481],[140.83035844508629,-3.0955816775523317],[140.83041205817005,-3.095649412690193],[140.83043954774701,-3.095706087066219],[140.83047115711827,-3.0958056096411042],[140.83047939490825,-3.0958733375844076],[140.83048075378383,-3.0959756201787059],[140.83047661420449,-3.0960737542003471],[140.83046698426392,-3.0961013957627301],[140.83042297414102,-3.0961801727767124],[140.83039409421212,-3.0962147229310517],[140.83033770761915,-3.0962893522717536],[140.83031157601852,-3.0963404877232961],[140.83028131203298,-3.096427560983102],[140.83023316772653,-3.0965574779452254],[140.83018365465205,-3.0966500757403423],[140.83010251511905,-3.0967537280021133],[140.83002275334741,-3.0968449381433061],[140.82994436394131,-3.0969472081470713],[140.82990860419875,-3.0970190747704578],[140.82990722823604,-3.0970246029030477],[140.82990446731742,-3.0970881831730708],[140.82990996307444,-3.0971116806595091],[140.82992370831255,-3.0971420912345025],[140.82999381496268,-3.0972485313945413],[140.83004605388237,-3.0973010616946226],[140.83013403995403,-3.0973784780342726],[140.83021102911573,-3.0974351596048564],[140.83028526725138,-3.0975028992393732],[140.83034712801759,-3.0975775465664697],[140.8303897378961,-3.0976660137754948],[140.83039523185448,-3.0977047160997131],[140.8304075858415,-3.0978332597970279],[140.83043094842958,-3.0979065185709374],[140.83048318105398,-3.0980115746743877],[140.83052029067892,-3.0981014223427223],[140.83053815211406,-3.0981829728658568],[140.83055876007882,-3.098288022674069],[140.83059724296845,-3.0983875461482739],[140.83061236416938,-3.098408280917397],[140.83063023639636,-3.0984248698118222],[140.83065360887701,-3.0984331669570224],[140.83067148290263,-3.0984345519129874],[140.83077322860163,-3.0984511551965852],[140.83088047275567,-3.0984691398388691],[140.83094096835111,-3.0984926472178245],[140.83103445827373,-3.098541037938503],[140.83110869820791,-3.0985921913764969],[140.8311279436997,-3.0986184551775295],[140.83114443726606,-3.0986557770424383],[140.83114443456805,-3.0986668342069947],[140.831148556161,-3.0986875680767412],[140.83114855436236,-3.0987055356318933],[140.83115953688321,-3.0988064368675055],[140.83115678315903,-3.0988340802285848],[140.83114302802835,-3.0988713966975752],[140.83109076302833,-3.0989750525565682],[140.83107012088942,-3.0990814774281716],[140.83107149235559,-3.0991091207892509],[140.83108110071225,-3.0992086388675375],[140.83110858399402,-3.0993136895750695],[140.83114569092095,-3.0994228879558818],[140.83114980981588,-3.0994574426068198],[140.83115529478107,-3.0995514325525164],[140.83115527409666,-3.0996813576085174],[140.83114426009956,-3.0997725803402432],[140.83112775214408,-3.0998237175904251],[140.83108648315476,-3.099948108218598],[140.83105071801629,-3.1000490013602757],[140.83100120134441,-3.1001637152832018],[140.83095168467253,-3.1002701338595671],[140.83090354666138,-3.1003641148120096],[140.83085128166135,-3.1004608602804069],[140.83078389456114,-3.1005451618297002],[140.83074676784918,-3.1005686530209005],[140.83069726556641,-3.100587994740124],[140.83060238888925,-3.1006073310634292],[140.83056251564767,-3.1006073238688714],[140.83045939308658,-3.1006073076810594],[140.8303466450817,-3.1006100542105628],[140.8302435261179,-3.100586541435689],[140.83020227961163,-3.1005685648873396],[140.83017065675051,-3.1005616500000883],[140.83014315818025,-3.1005616446041699],[140.83004828060371,-3.1005837436447905],[140.82995615585196,-3.1006016977101467],[140.82985303239161,-3.100609975070256],[140.82975403502076,-3.1006071943664892],[140.82961378664697,-3.1006071709841194],[140.82951479107476,-3.1005988630470256],[140.82946392002395,-3.1005767388253958],[140.82942679960718,-3.1005504714270842],[140.82932781842419,-3.1004523212176309],[140.82925633221407,-3.100381817966479],[140.8291724722319,-3.1003016371108174],[140.82909960826032,-3.1002394283069066],[140.82902399326269,-3.1001882748689695],[140.82893737775782,-3.1001440309222517],[140.82881914208986,-3.1000721382185361],[140.8287311524208,-3.1000209829819596],[140.82864591287864,-3.0999670641286343],[140.82854554943765,-3.0999117612187774],[140.82844655656345,-3.0998758081220217],[140.8284396821457,-3.099875807222702],[140.82834205534164,-3.0999020530372832],[140.82831867836433,-3.0999200169951564],[140.82830079804341,-3.0999490399162255],[140.8282746628455,-3.1000222905962005],[140.82827190732269,-3.1000526975739149],[140.82827188843692,-3.100175713138583],[140.82827324641323,-3.1002793770915105],[140.82827323022548,-3.1003788942705341],[140.82826908794812,-3.1004839386827712],[140.82825669888757,-3.1005765427731831],[140.82823468168533,-3.1006788208708258],[140.82820441859906,-3.1007686577473237],[140.82814665064745,-3.1008833698715534],[140.8280957661068,-3.1009593823695809],[140.82802150099155,-3.10106164967533],[140.82795136466382,-3.1011390417333473],[140.82786610443725,-3.1012150470367601],[140.82782938062144,-3.1012357197525944],[140.82780785265038,-3.1012462966792214],[140.82779945208313,-3.1012499569199008],[140.82779226020466,-3.1012526063227028],[140.82778278584692,-3.1012563340125325],[140.82777744117607,-3.1012579527922526],[140.82777010630548,-3.1012602613519107],[140.82775268104149,-3.1012660134157386],[140.82768047177638,-3.1012855080197141],[140.82762272181128,-3.1012924103164323],[140.82752922379473,-3.1012937772859459],[140.8275017270231,-3.1012799502094595],[140.82748248063206,-3.1012550677671129],[140.82746598706569,-3.101221891776845],[140.82743025520222,-3.1011126951946721],[140.82738902938024,-3.1009744702955118],[140.82735466898282,-3.1008804749538967],[140.82731481013047,-3.1007920086442482],[140.82725845141647,-3.1007035414352231],[140.82718146765069,-3.1006026294077742],[140.8271196059851,-3.1005362738299027],[140.82703849433108,-3.1004657687801682],[140.82698212572461,-3.100433969651931],[140.82696975195256,-3.1004312033373367],[140.82696700182578,-3.1004298210793308],[140.82696562676233,-3.1004298210793308],[140.8269615015721,-3.1004270556640563],[140.82696012740803,-3.1004256734060505],[140.82688451330966,-3.1003731377101076],[140.82679515037592,-3.1003109253089178],[140.8267002871886,-3.1002487111090886],[140.82661642181051,-3.1002017026464159],[140.82652155682445,-3.1001560764417491],[140.82645006162113,-3.100136714038058],[140.82634694085868,-3.1001242566291012],[140.82624244413353,-3.1001200927680088],[140.82613657504294,-3.1000993427104504],[140.82602383063534,-3.1000758281369372],[140.82592896115273,-3.1000633716272432],[140.8258203401366,-3.1000509151176061],[140.82571584431082,-3.1000439858412392],[140.82560722239543,-3.1000425855967819],[140.82553297706534,-3.1000246045518338],[140.82550685355852,-3.1000121624313124],[140.82542161221772,-3.0999748279758705],[140.82538723922983,-3.0999679121893564],[140.82530474082125,-3.0999678978001839],[140.82520161466289,-3.0999844669095751],[140.82516036365996,-3.100001046810803],[140.82508336280705,-3.1000134736428322],[140.82500911477894,-3.1000120787943501],[140.82488949685285,-3.0999954719134735],[140.82482900215678,-3.0999747299497926],[140.82473551133489,-3.0999291019464295],[140.82464339557635,-3.0998848571004487],[140.82454853238892,-3.099829554190535],[140.82452103291939,-3.099821256146015],[140.82450728408401,-3.0998212543473755],[140.8244330387538,-3.0998018919436845],[140.82440004262799,-3.0997839171939745],[140.82433955332783,-3.0997355309699515],[140.82432443032826,-3.0997175598174636],[140.82426119719651,-3.099626326293901],[140.82423095929141,-3.0995585938539989],[140.82421721944922,-3.0994991576599773],[140.82419523462249,-3.0994093126896018],[140.82416362615049,-3.0993139359893007],[140.82411414365288,-3.0992116462004446],[140.82405778314023,-3.0991328529987072],[140.8239876737922,-3.09904991032505],[140.82391068732841,-3.098983552948539],[140.82388593888504,-3.098971109029435],[140.82378282261925,-3.0989379186499946],[140.82374707276927,-3.0989351487380645],[140.82362470291775,-3.098929599921064],[140.8235312049012,-3.0989295846325717],[140.82344457860449,-3.0989489209558769],[140.82341982836249,-3.0989599736238347],[140.82332357212522,-3.0990110991828601],[140.82329056790547,-3.0990373539906386],[140.82320805780569,-3.0991119779353653],[140.82315717326503,-3.0991796968854715],[140.82312966390293,-3.0992377427276097],[140.8230870216488,-3.0993427817439283],[140.82304850818218,-3.0994312345637809],[140.82299487081673,-3.0995183042263079],[140.82292473089171,-3.0996150451981066],[140.8229013539144,-3.099630244640025],[140.82279959922221,-3.0996799861424051],[140.82275834821928,-3.0996841248224314],[140.82265385239339,-3.09967857870339],[140.8226208553682,-3.0996661338849094],[140.82254524037057,-3.0996163627049214],[140.82248200184301,-3.0995541539010105],[140.82242289210285,-3.0994684494093576],[140.82236928261636,-3.0993827449177047],[140.82230330205584,-3.0992832169468443],[140.8222235672639,-3.0992016538332336],[140.82219744555573,-3.099183681781426],[140.82211083005086,-3.099140820092714],[140.82207233187273,-3.099131137092229],[140.82196921380819,-3.0991117692926764],[140.82186059099354,-3.099107605431584],[140.8217450946604,-3.0991048211305383],[140.82164609728966,-3.0991075676600985],[140.82153060095652,-3.0991006383837316],[140.82143572607799,-3.0991144438764309],[140.82141785025362,-3.0991254983430281],[140.82134359323231,-3.099176625700693],[140.8212418358421,-3.0992318962349827],[140.82115108075789,-3.0992761114033556],[140.82104657683817,-3.0993175575591749],[140.82094619630993,-3.099365917702869],[140.82086643903494,-3.0994184273185397],[140.8208361849421,-3.0994488297995986],[140.82082518173684,-3.0994667955561113],[140.82081555179639,-3.0994972016345059],[140.8208114194116,-3.0995428143493768],[140.8208155239173,-3.0996630653980901],[140.82082239383851,-3.0996907087591694],[140.82084987712017,-3.0997888490760488],[140.82089248160275,-3.0999035773881474],[140.82092821256697,-3.1000072458376735],[140.82095294572196,-3.1001053861546097],[140.82097767527955,-3.100231168033929],[140.8209804083192,-3.1003306861122155],[140.82098313776169,-3.100446790387025],[140.82098449483863,-3.1005573638312285],[140.82096935205402,-3.1006651718601574],[140.82095387202367,-3.1007121623363787],[140.82093527314441,-3.1007505040324759],[140.82087857988267,-3.1008102846668635],[140.82086620431198,-3.1008171941581395],[140.82075344731379,-3.1008724619944701],[140.82064756923,-3.1009042341430586],[140.82061457040618,-3.1009056110050892],[140.82051144604645,-3.1009069761759633],[140.8204000767023,-3.1008917533516751],[140.82036570461366,-3.1008806889925609],[140.82025158963927,-3.1008322937752837],[140.82015947657862,-3.100775608607421],[140.82013885782214,-3.100747960749743],[140.82010449472671,-3.1006760824352],[140.82006601273633,-3.1005737944449834],[140.82005777224845,-3.1005281808308496],[140.82005503741016,-3.1004328104257866],[140.82005505269854,-3.1003374391214606],[140.82005507158431,-3.1002282470359432],[140.82007434135778,-3.1001149108743675],[140.82009085560856,-3.1000223076833322],[140.82012662614295,-3.0999020638291199],[140.82014864604321,-3.0997790536603702],[140.82015141595514,-3.0996601866682454],[140.82014455862452,-3.0995537581993062],[140.82013081518505,-3.0995192008504091],[140.82009232600012,-3.0994569956437772],[140.8200524599531,-3.0994127597909937],[140.82000434082772,-3.0993809606627565],[140.81997271796661,-3.0993712812595504],[140.81993284472503,-3.099368508649718],[140.81981872075744,-3.0993781655698172],[140.81968672096548,-3.0994016396738857],[140.8195602214272,-3.099419587443947],[140.81947221916766,-3.0994403051259383],[140.81937321460225,-3.0994776063064364],[140.81933196180069,-3.0995038602149521],[140.81925770208136,-3.0995743391843575],[140.81919856716024,-3.0996448199524593],[140.81914630485812,-3.0997194492931044],[140.81906791725066,-3.0998078949183423],[140.81899228426653,-3.0998659335659227],[140.81896615716244,-3.0998769862338804],[140.81890565707045,-3.0998907980218746],[140.81887128228391,-3.0998907917266365],[140.81880803836032,-3.0998700479643162],[140.81879703875245,-3.0998617544163949],[140.81874342656795,-3.0997926352218883],[140.81872418467344,-3.099748402067064],[140.81869533082488,-3.0996309119369698],[140.81866647697643,-3.0995161863228873],[140.81863486760517,-3.099420809622643],[140.81858263498066,-3.0993268133817082],[140.81851115416646,-3.0992300472288434],[140.81843554726277,-3.0991318997173494],[140.81836956670224,-3.0990296072305341],[140.81833657327434,-3.098995047183621],[140.81826783539236,-3.0989356010970823],[140.81820046807718,-3.0988968888802901],[140.81816609598866,-3.0988858254204388],[140.81806022959597,-3.0988484882670946],[140.81794886474836,-3.098809767956368],[140.81791448996182,-3.098808379403124],[140.81779899362868,-3.0988083596180331],[140.81766837159819,-3.098808337134983],[140.81756387487303,-3.0988083191485885],[140.81743600206994,-3.0988069144075325],[140.8173425067514,-3.0988013700871306],[140.81724763457078,-3.0987930612507171],[140.81712938811086,-3.0987916583083575],[140.8170358900943,-3.0987916412212257],[140.81692176612671,-3.0988082076326009],[140.81688188928786,-3.0988234052758798],[140.8167773835695,-3.0988689982056599],[140.81669213143675,-3.0988980103348354],[140.81657662700979,-3.0989353088173743],[140.8164776251424,-3.0989629341920022],[140.81637449808466,-3.0989905613652695],[140.81625212013932,-3.0990264757911632],[140.81615036634639,-3.0990610115563868],[140.81604723659075,-3.0991024604101653],[140.81594823112607,-3.0991494373965907],[140.81585747514248,-3.0992019443142453],[140.81580796836306,-3.0992475471365424],[140.81579559009447,-3.0992696596670157],[140.81578595835538,-3.0993042116200513],[140.81578595385872,-3.0993304736223877],[140.81579281208872,-3.0994272280840391],[140.81581479421743,-3.0995253666023359],[140.81582579022813,-3.0995502481453627],[140.81584503482054,-3.099576512845772],[140.81594401600364,-3.0996760471118137],[140.81601550221376,-3.0997410222303188],[140.81609936309519,-3.0998087627641553],[140.81619009929375,-3.0998792714112255],[140.81626983678359,-3.0999414829130387],[140.81633719780348,-3.1000078393902299],[140.81639493427883,-3.1000838689753323],[140.81645266985493,-3.100155751786474],[140.81655715219085,-3.1002414661707007],[140.81659977286131,-3.1002649699523772],[140.81668088901188,-3.1003050671250776],[140.81678400257977,-3.1003534623423548],[140.81688849211025,-3.1004060034342729],[140.81698198023423,-3.1004599249855005],[140.81706721977639,-3.100509697964128],[140.81714420803883,-3.1005705272079922],[140.81722669025964,-3.1006617652282102],[140.81724043459849,-3.1006894112872487],[140.81725554860475,-3.1007516119972252],[140.81725141711922,-3.100787548006906],[140.81723077767833,-3.1008773857826668],[140.81721977537245,-3.1008939701805502],[140.81715651166371,-3.1009824194030671],[140.81710699768985,-3.1010694881662744],[140.81706160890622,-3.1011579391874875],[140.81702721703255,-3.1012560687125301],[140.81698595703631,-3.1013196408886756],[140.81696808031268,-3.1013362252865022],[140.81688282008611,-3.1014067006586856],[140.81677968223664,-3.1014923790700095],[140.81669854630093,-3.1015683843733655],[140.8166050356939,-3.1016430047208701],[140.81651427611303,-3.1017051874443951],[140.81644414158393,-3.1017742841558515],[140.81643176331534,-3.1017977789442739],[140.81638224934136,-3.1018820840908461],[140.81630248487181,-3.1019746755907818],[140.81623922476047,-3.1020396282262368],[140.81620071489112,-3.1021004367856904],[140.81618833482389,-3.1021349887386691],[140.81618144871493,-3.1021985681093724],[140.81618417815741,-3.1023188191581426],[140.81618828266323,-3.1024335402756265],[140.81618001429626,-3.1025441128205102],[140.81617038255717,-3.1025814301888204],[140.81615387819897,-3.102617364399805],[140.8160864866021,-3.1027127231136546],[140.81602460065483,-3.1027804393657448],[140.81595996278213,-3.1028716522049535],[140.81590769868137,-3.1029518087789256],[140.81584581363347,-3.1030195250310157],[140.81578255801867,-3.1030665083126792],[140.81572892964641,-3.1030886136485378],[140.81569592992332,-3.1030927541272604],[140.81559968177999,-3.1030927370401287],[140.81552681241249,-3.1030706101205396],[140.81549794057753,-3.1030554007860474],[140.81536457831271,-3.1029987084236268],[140.81524771501006,-3.1029420178597888],[140.81515147855794,-3.1028798027606399],[140.81507861368709,-3.1028231211900561],[140.81506211562419,-3.1028162072021814],[140.81504149237105,-3.1028134390888908],[140.81491912431818,-3.102787156402087],[140.81479675806395,-3.1027511979094129],[140.81475826168446,-3.1027318400023773],[140.81468264938485,-3.1026723939157819],[140.8146496568562,-3.1026336870949081],[140.81458504956049,-3.1025355413820535],[140.81452319329082,-3.1024429238018456],[140.81446545681547,-3.1023668933174235],[140.81439122317647,-3.1022839488451268],[140.81436647743101,-3.1022659767933192],[140.81428123788885,-3.1022134392987368],[140.81424961592711,-3.1022009935809365],[140.81419324372325,-3.1021926910398179],[140.81408599687131,-3.1021926721540467],[140.81402136979045,-3.1022092457600365],[140.81399249255958,-3.1022230629439491],[140.81389623902032,-3.102258982765818],[140.81378623574619,-3.1022879903983949],[140.81366660882702,-3.102315612175687],[140.81355660015709,-3.1023791726606191],[140.81352634516475,-3.1024123396576897],[140.81346995587387,-3.1024994066222575],[140.81342869138109,-3.1025892408007962],[140.81339566917484,-3.102717778202873],[140.8133956646783,-3.1027398934313055],[140.81338739631133,-3.1028559950080989],[140.81338600506012,-3.1029472186392013],[140.813384608413,-3.1030674678892751],[140.81337496768072,-3.103160071979687],[140.81337104663658,-3.1032277774399404],[140.81334194817248,-3.1032761699592015],[140.81326768755378,-3.1033397358401089],[140.81322918577837,-3.1033549343826508],[140.81316456139541,-3.1033659798560507],[140.81308756413989,-3.1033576737175963],[140.81303669308897,-3.1033383140119213],[140.81296107988999,-3.1032843951586528],[140.8129418343982,-3.1032608949742553],[140.81293358491712,-3.1032539818857003],[140.81292121204433,-3.1032484510551512],[140.81282084590543,-3.1032069680271093],[140.81273835738932,-3.1031585773064307],[140.81268336474557,-3.1031115733404135],[140.81260500681572,-3.1030286279687402],[140.81253077227734,-3.1029512134277297],[140.81243729044866,-3.1028613540681818],[140.81235617969401,-3.1027853208858005],[140.81228469258451,-3.1027203448679757],[140.81218708196832,-3.1026553652528719],[140.81209084731483,-3.1025793275738351],[140.81197948876252,-3.1024991422215749],[140.81187775205672,-3.1024396898397413],[140.81179388487999,-3.1024009740256702],[140.8116907686142,-3.1023636359729494],[140.81164539601832,-3.1023580997464819],[140.81155189800177,-3.1023580826593502],[140.81140477161296,-3.1023856999400437],[140.8113648947741,-3.1024008966840029],[140.81132364107327,-3.1024257692338324],[140.8112480062905,-3.1024907182720085],[140.8111833711157,-3.1025584327254592],[140.81111185342934,-3.1026648477044887],[140.81109947336211,-3.1026938724242541],[140.81107470603297,-3.1027975309812064],[140.81107194781225,-3.1028445241554437],[140.81107055386303,-3.1029468058503653],[140.81107053497726,-3.1030559979358827],[140.81108427212155,-3.1031278726531468],[140.81109801556102,-3.103161047744095],[140.81114062094298,-3.1032716301815526],[140.81117497864238,-3.1033573319752463],[140.81122858093431,-3.1034872669237643],[140.81127118991355,-3.1035715873588288],[140.81131792318365,-3.1036572900518422],[140.81137153267014,-3.1037319382782584],[140.81143064330956,-3.1038121146373214],[140.81143201837301,-3.1038162623106018],[140.81143339163782,-3.1038190259272369],[140.81148149997136,-3.1039102585515366],[140.81151448440596,-3.1039945780872813],[140.81151723093558,-3.1040111642837473],[140.81151584867757,-3.104051247067332],[140.8115062223344,-3.1040664501065294],[140.81148834471139,-3.1040830327057733],[140.81146359177137,-3.1040982321476349],[140.81143196621235,-3.1041106661742788],[140.81133296434484,-3.1041299989003051],[140.81124358792135,-3.104143805292324],[140.81114871034481,-3.1041741951829067],[140.81113770713955,-3.1041921618387391],[140.81110469032922,-3.1042930549804737],[140.81110330897059,-3.1043262282727824],[140.81109641206979,-3.1044506233974971],[140.81108126478864,-3.1045736335663037],[140.81104686931758,-3.1046980241944198],[140.81101247834329,-3.1047878601715411],[140.81098634764192,-3.1048237907852467],[140.81091758817627,-3.1048859771061075],[140.81087496121052,-3.1049067019826566],[140.81084058372608,-3.1049149892353398],[140.8107498358363,-3.1049191189221688],[140.81065771468184,-3.1049038987958397],[140.81061922010099,-3.1048817763728493],[140.81056010586428,-3.1048292433748088],[140.81055185818173,-3.1048140376376523],[140.81054498736137,-3.1047933037679059],[140.81053811384299,-3.1047808634460239],[140.81053673877955,-3.1047808634460239],[140.81053398955203,-3.1047780980307493],[140.8104405059247,-3.1047020612510892],[140.81036626688979,-3.1046481432971405],[140.81026727761287,-3.1045928376892675],[140.81021503239788,-3.1045776238582334],[140.81019165811858,-3.1045776202608977],[140.81004453442779,-3.1045886513451251],[140.80993178732217,-3.1045831016288048],[140.80986854159994,-3.1045623578664845],[140.80985616962664,-3.1045471512300082],[140.80985204713431,-3.1045333286501773],[140.80983556525916,-3.1044365732892061],[140.80981907259218,-3.1043937232916505],[140.80975584395708,-3.1042845186156001],[140.80972422559262,-3.1042471940527321],[140.80966099336024,-3.1041628700203887],[140.80960050855674,-3.1040785468873651],[140.80955652541343,-3.1039956078109867],[140.80950154536015,-3.1038905517075364],[140.80944106325455,-3.1037951696113169],[140.80941906763587,-3.1037716703262959],[140.80936819928309,-3.1037412525566879],[140.80933794968666,-3.1037371003868088],[140.80924857686045,-3.1037439945896494],[140.80923895141655,-3.1037467582062845],[140.80915094555974,-3.1037799144114615],[140.80913444659745,-3.1037812930721884],[140.80904506927459,-3.1038075379874499],[140.8090436924125,-3.1038199783093319],[140.80904504589216,-3.1039319340114844],[140.80904640386848,-3.1040314520897709],[140.80904776184479,-3.1041240579788223],[140.80905324411196,-3.1042221928998401],[140.8090546011889,-3.1043244745947618],[140.80906970889998,-3.1044143195651372],[140.80907931815602,-3.1045083104101536],[140.80907380621125,-3.1045760356554979],[140.80906279041551,-3.1046672583872237],[140.80906276703308,-3.1047916544112582],[140.80904624918514,-3.1048897857349971],[140.80904210241113,-3.1050169462749864],[140.80903383314489,-3.1051233720459095],[140.80902557916716,-3.1051510136083493],[140.8090021949954,-3.1051966218265648],[140.80895405698425,-3.1052753970419076],[140.8089416769169,-3.1053071853782512],[140.80891140933409,-3.1054094607779348],[140.80889903106549,-3.1054274274337672],[140.80888252940531,-3.1054440100330112],[140.8088646517823,-3.1054536822416026],[140.80883165115984,-3.105463350852915],[140.80880827688054,-3.1054633472556361],[140.80871752809151,-3.1054605656525496],[140.80869552977492,-3.1054536507652983],[140.80867215909291,-3.1054384432295024],[140.80858554988333,-3.105356879216572],[140.80851268771039,-3.1052919031987471],[140.80843294662327,-3.1052504228686644],[140.80839582440785,-3.1052435052835108],[140.80837244922918,-3.1052435007869121],[140.8082748233245,-3.1052628344122581],[140.80823631975045,-3.1052807947727956],[140.80811943756203,-3.1053319149359027],[140.80806443772371,-3.1053429622078852],[140.80803556409012,-3.1053401931953317],[140.80791869089489,-3.1053387893535955],[140.80779494418141,-3.1053360023545906],[140.80766432394944,-3.1053249209083447],[140.80762582667057,-3.1053097097752129],[140.80755571192663,-3.1052627031112365],[140.80752959291647,-3.105232289838284],[140.80746223819176,-3.1051258496781884],[140.80740863320193,-3.1050235589900126],[140.80733302989552,-3.1049129702573168],[140.80726430100674,-3.1048010010653115],[140.80722306978896,-3.1047042412077417],[140.80718871388808,-3.104600571858839],[140.80715298112523,-3.1045121046498707],[140.80711312497078,-3.1044139634336148],[140.80705402332455,-3.1042923202343218],[140.80701691909564,-3.1041803573375546],[140.80698943671325,-3.1040836001779439],[140.80696195792802,-3.1039702559225475],[140.80693310407958,-3.1038624397996841],[140.80691662310369,-3.1037560086328426],[140.80690151629199,-3.1036592541711912],[140.80689053467052,-3.103558352935579],[140.80688228878671,-3.1035320900338661],[140.80683006155812,-3.1034132131492242],[140.80679845758277,-3.1033026334097826],[140.80676685540607,-3.1031879059970038],[140.80674075078514,-3.1030717981249154],[140.80670089463069,-3.1029722737513907],[140.80668302600088,-3.1029294192572365],[140.80668526531281,-3.1028805608891048],[140.8066885460396,-3.1028312888328742],[140.80671881002513,-3.1027469818876625],[140.80676970265972,-3.1026460923432637],[140.80680546869746,-3.1025493459754898],[140.80685499166464,-3.1024194299126862],[140.80689076309829,-3.1023005692158563],[140.80691965561766,-3.1021969106588472],[140.80695267872318,-3.102069756414096],[140.80696782240716,-3.1019633324418123],[140.80696784489021,-3.1018361710024465],[140.8069678691719,-3.1017021000718046],[140.80696789255421,-3.1015735572738095],[140.80696653637665,-3.1014726569375171],[140.80693905669216,-3.1013606949400696],[140.80691706557013,-3.1013109327532788],[140.80686483204647,-3.1012349040674962],[140.80685658256527,-3.1012266087209923],[140.8068552084012,-3.1012252255636668],[140.80678234622837,-3.1011685439930829],[140.80670535886532,-3.1011077138498422],[140.80661874425971,-3.1010620858465359],[140.80655549943685,-3.1010427243422214],[140.80651837632206,-3.1010385703737029],[140.80639600467191,-3.1010316366006805],[140.80629838596178,-3.1010081220271672],[140.8061897730397,-3.1009583436525645],[140.80608803543453,-3.1009030380447484],[140.80599042212032,-3.1008491146948245],[140.80589143913869,-3.100771693858519],[140.80579382582448,-3.1007177723072914],[140.8057663281536,-3.1007122378794065],[140.80567283103642,-3.10070945627632],[140.8055779525605,-3.1007357002922618],[140.80554632520284,-3.1007591905841423],[140.80549956675168,-3.1008117055956745],[140.80548581072162,-3.1008407294160634],[140.8054582959636,-3.1009278008772867],[140.80545691370571,-3.1009623546289049],[140.80545689841722,-3.101053579159327],[140.80547887425075,-3.1011807432965952],[140.80551047462882,-3.1013106737485714],[140.80551320766847,-3.1014005169202505],[140.80551731307355,-3.1015110921631504],[140.80553380214337,-3.1015705292564917],[140.80557778708533,-3.1016437916276232],[140.80560940634905,-3.1016769712152268],[140.8056850177494,-3.10173918271704],[140.80577437978388,-3.1017972501429085],[140.80584861702016,-3.1018553157701376],[140.80586923757528,-3.1018801991118607],[140.80592009423697,-3.1019769598687503],[140.80593108665039,-3.1020115172177043],[140.80593383138125,-3.1020446896106932],[140.80592556391366,-3.1021428236323345],[140.80591043192101,-3.1021773746860504],[140.80584441718622,-3.1022713511418942],[140.80576190438842,-3.1023487378039363],[140.80566701512066,-3.1024385620899011],[140.80555562419272,-3.102540823100469],[140.80549923310321,-3.1026375649715874],[140.8054840993118,-3.102688703121089],[140.8054648331356,-3.1027771586389008],[140.80543731478031,-3.1028794349379041],[140.80543593701896,-3.102896021134427],[140.80543456195551,-3.102896021134427],[140.80543456105625,-3.1028974033924328],[140.80542905900393,-3.1029112241736243],[140.80541530567189,-3.102930572188086],[140.80534929183636,-3.1030162541967456],[140.80527778044529,-3.1030853500088256],[140.80519527304352,-3.1031406223418116],[140.80512926910058,-3.1031654885963462],[140.80502751890492,-3.1031792922904629],[140.80490377219144,-3.1031778866500872],[140.80480065322763,-3.1031529889192484],[140.80469203760754,-3.1031170322252137],[140.80458341928943,-3.103099043985651],[140.80449129633632,-3.1030921156086038],[140.80439780101779,-3.1030824227156018],[140.80428918090104,-3.1030658158346682],[140.80418880936611,-3.1030575051996721],[140.8040746889958,-3.1030491909673401],[140.8039509422822,-3.1030436385530038],[140.80385194760936,-3.1030270343700863],[140.80376120061896,-3.1030159601183982],[140.80367595118423,-3.1030256197365134],[140.80364020043498,-3.1030366697065119],[140.80359344737974,-3.103062922715651],[140.80357694392092,-3.1030781230568891],[140.80355493930904,-3.1031085273366443],[140.80350267340975,-3.103198358817167],[140.80349029244314,-3.1032342939274713],[140.80346002575959,-3.1033268944206043],[140.80342838311344,-3.1034250230463272],[140.80338711412412,-3.103532824780018],[140.80334034398174,-3.1036433910296068],[140.80329357833602,-3.1037401346994216],[140.80325369340335,-3.1037954151262852],[140.80323169059011,-3.1038133790841584],[140.80317668715441,-3.1038423939112931],[140.80309555931262,-3.1038658761092393],[140.80305705933586,-3.1038686334306362],[140.80296493638275,-3.1038686163435045],[140.80287143926557,-3.1038630702244632],[140.80286318978449,-3.1038603030105492],[140.80273945116483,-3.1038146687119479],[140.80263771535829,-3.1037510686568339],[140.8025442308317,-3.1036722682605387],[140.80252361207511,-3.1036418558869059],[140.80248100399524,-3.1035547709358866],[140.80246314166072,-3.1034884216533101],[140.80246314975466,-3.1034469566117195],[140.80248929574452,-3.1033308586321482],[140.80250855202814,-3.1032949262198031],[140.80257731688971,-3.1032064796952454],[140.80260344579244,-3.1031843689634115],[140.80267770820979,-3.1031138917926455],[140.80268458442606,-3.1031042177853578],[140.80274234878038,-3.1030143872041549],[140.80275472974699,-3.1029812166098054],[140.80276023719523,-3.1029425169835463],[140.80276163743963,-3.1028112096695395],[140.80277815708632,-3.1026978753066601],[140.80279191311638,-3.1026660869703164],[140.80283867696346,-3.1025859285977049],[140.802877195826,-3.1024725987314241],[140.80289646290146,-3.1023786141816458],[140.80292672598773,-3.1023039821430416],[140.80294186607432,-3.1022279651484155],[140.80294186877234,-3.1022072321779888],[140.80295838392237,-3.1021229216354982],[140.80296526103803,-3.1021118662695812],[140.80303127397417,-3.1020344760102034],[140.80304915159718,-3.1020206570276514],[140.80310553009622,-3.1019916422004599],[140.80311653060346,-3.1019902617411503],[140.8032402818136,-3.1019709353103622],[140.80335715500871,-3.1019668101201319],[140.80348502601316,-3.1019668344018214],[140.80359089870103,-3.1019668541869123],[140.80371739644079,-3.1019696411859172],[140.80382601835618,-3.1019710441283337],[140.80388239235856,-3.1019710540208507],[140.80398551402027,-3.1019696906486729],[140.80409276177159,-3.1019669468170719],[140.80418763934813,-3.1019489972483711],[140.80427289238014,-3.1019186046598293],[140.80438290194945,-3.1018536619168913],[140.80445991089618,-3.1017956250680072],[140.80446403698579,-3.1017887146774115],[140.80446953723947,-3.1017831874440844],[140.80447641435512,-3.1017721311788478],[140.80449429197802,-3.1017527840637058],[140.8045493053063,-3.1016753920056885],[140.80459607544856,-3.1015648266553626],[140.80461396566204,-3.1014736057222763],[140.80461397735326,-3.1014169358428489],[140.8046043716945,-3.1013035960840512],[140.80459200601638,-3.1012579815705408],[140.80454665320553,-3.10114739913314],[140.80449166775634,-3.101067222774077],[140.80447242226455,-3.1010506320809554],[140.80438030920402,-3.1009925637557672],[140.80428544691586,-3.100940022663849],[140.80422908190667,-3.1008916373391457],[140.80415347320434,-3.1008142201001192],[140.80406411566651,-3.100731273829183],[140.80398575324,-3.1006704418873596],[140.80390051819438,-3.1006026995548837],[140.80382765692093,-3.1005377244363785],[140.80375754667352,-3.1004616912539973],[140.80373555465223,-3.1004271321064039],[140.8036805763976,-3.1003179301283126],[140.80365584414199,-3.1002267020006684],[140.80365309401509,-3.1002211729687019],[140.8036517234483,-3.1002032027155906],[140.80365173963617,-3.1001078332099041],[140.8036490128917,-3.0999875830604537],[140.8036476603113,-3.0998645692943683],[140.80364355490622,-3.0997609053414408],[140.80364357559063,-3.0996461842239569],[140.80366197482033,-3.0994798833898471],[140.80377198079236,-3.0994342922587066],[140.80386411094003,-3.0993914611469791],[140.80395761884904,-3.0993375728706383],[140.8040360037586,-3.0992712433731526],[140.80411164034001,-3.0992021475610159],[140.80417902474221,-3.0991344340068849],[140.80426703869296,-3.09905013785351],[140.8043468031625,-3.0989589277123173],[140.80443344744572,-3.0988469881979199],[140.80450633839689,-3.0987474836094293],[140.80457510415783,-3.0986479799203153],[140.80463561773968,-3.0985678251449826],[140.80469888414621,-3.0984683196571723],[140.80475802356398,-3.0983812526926044],[140.80480753663858,-3.098305242892593],[140.80486943337769,-3.0981808576603953],[140.8049162053187,-3.0980495593396427],[140.80494235220783,-3.0979279332274814],[140.8049684981977,-3.0978104520906413],[140.80500152220259,-3.0976694761653221],[140.80502766909171,-3.0975464659965724],[140.8050620663613,-3.0974248407837308],[140.80512396130189,-3.0973073677407683],[140.80516384263728,-3.097258998603877],[140.80523260210293,-3.0971981954403418],[140.80531236387458,-3.097122190136929],[140.80537975277343,-3.0970351258703204],[140.80543064271001,-3.0969466748491072],[140.80544852572893,-3.0968969198569312],[140.80547467081942,-3.0967863509093263],[140.80547743263742,-3.0967200061233484],[140.80547332993035,-3.096599755973898],[140.80546372517085,-3.0964933257063763],[140.80545137208321,-3.0963758391736178],[140.80543901989495,-3.0962528218102534],[140.80540741771824,-3.0961311849061985],[140.8053826773687,-3.0960828040780939],[140.80533731376613,-3.0960233606895144],[140.8053111938566,-3.0959998596057972],[140.80523145636664,-3.0959445575952032],[140.80512146838112,-3.0958989250952413],[140.80502659889851,-3.0958795572956888],[140.80491385269227,-3.095878155252592],[140.80476260291186,-3.0958974771867815],[140.80463334785077,-3.0959472105952273],[140.80450821438262,-3.0960162974141667],[140.80442295595469,-3.0960729511057821],[140.80427856800156,-3.0961655300151278],[140.80417955983887,-3.096222181008784],[140.8040489279158,-3.0962829733804824],[140.80396367398441,-3.0963161286863397],[140.80382204695002,-3.0963506581563252],[140.80367905024798,-3.0963561602085861],[140.80357317935875,-3.0963492291335797],[140.80343294087754,-3.0963077371123404],[140.80342056800487,-3.0963008249231052],[140.80327071037505,-3.0962303045848216],[140.8031923461499,-3.0961846792794745],[140.80308236266092,-3.0961100202611647],[140.80295038175473,-3.0960229182230705],[140.80282939955725,-3.095948258305441],[140.80275653738431,-3.0958901935775316],[140.80270979332238,-3.0958666870978959],[140.8027070431956,-3.0958666870978959],[140.80268917006924,-3.0958611553679702],[140.80259155585566,-3.095816906025334],[140.80250631721287,-3.0957698966633416],[140.80239357999983,-3.0957173519741445],[140.80230421167005,-3.0956910746833159],[140.80217772112496,-3.0956661715565019],[140.80205397531074,-3.0956633836581773],[140.80196322832035,-3.0956633665710456],[140.80184223083438,-3.095664727245321],[140.80171710635943,-3.0956785246441427],[140.80161397930181,-3.0957116781513605],[140.80155622394068,-3.0957434565951871],[140.80142696078565,-3.0958332745859138],[140.80133482074541,-3.0959313924198],[140.80129906100296,-3.0959880551046126],[140.80122891298402,-3.096122111646082],[140.80118351790509,-3.0962423537015979],[140.80115324582573,-3.0963556871651576],[140.80112572477242,-3.0964800777933306],[140.80112157979715,-3.0965878867215224],[140.80112155371683,-3.0967247221681191],[140.80112703058808,-3.0968463563742148],[140.80113663264956,-3.0969679887816142],[140.80116273277395,-3.0971006837494883],[140.80118883289833,-3.0972278478868134],[140.80123555267869,-3.0973840439384048],[140.80127402657513,-3.0975181229629811],[140.80130012759889,-3.097641142124985],[140.80130149276977,-3.0976936652303948],[140.80129734599575,-3.0978125313231999],[140.80127395462932,-3.0979023690990175],[140.80126983033847,-3.0979065140743387],[140.80126983123773,-3.0978982223250568],[140.80126708290959,-3.097887163361861],[140.80126433188343,-3.0978926923937706],[140.80125332957755,-3.0979037468603678],[140.80119556792124,-3.0979825202770144],[140.80113230691052,-3.0980474711138299],[140.80108555205663,-3.0980778699976668],[140.80099341921095,-3.0981359041485916],[140.80089578521233,-3.0981980832748945],[140.80088203188029,-3.0982132854147153],[140.80080502383282,-3.0982740858802913],[140.80071289188652,-3.0983252096406773],[140.80067439101038,-3.0983321128367152],[140.80055064339751,-3.0983376193855747],[140.80044614487372,-3.098341744575805],[140.800336147895,-3.098340343432028],[140.80022340168875,-3.0983403209489779],[140.80009415472148,-3.0983402966672884],[140.79994428540056,-3.0983361211150395],[140.79980403882541,-3.098330566002744],[140.79968716742894,-3.0983305444190705],[140.79956891827101,-3.0983443427172119],[140.79945066731455,-3.0983678177205434],[140.79933241725735,-3.0983857636919652],[140.79915779319765,-3.0984036988715502],[140.79901067220487,-3.0984022887345759],[140.79889930375998,-3.0983829173377444],[140.79880718800143,-3.0983469624422924],[140.79869582765036,-3.0982847428465448],[140.79858721742619,-3.0982211427914876],[140.7984854834184,-3.0981561595790481],[140.79840712189127,-3.0980870358879429],[140.79833701344251,-3.0980206794107517],[140.79827652773963,-3.0979446471276901],[140.79820642468678,-3.0978409696849667],[140.79811982177239,-3.097737290443547],[140.79802634264172,-3.0976405197940835],[140.79794248715609,-3.097549279975226],[140.79785175365555,-3.0974760068122009],[140.79776926873683,-3.0974068831210957],[140.79769228227303,-3.0973488156952271],[140.79757679583247,-3.0972921242321263],[140.79748192904788,-3.0972630806266466],[140.79738568360244,-3.0972506232176329],[140.79733068466339,-3.0972547583003802],[140.79732243608157,-3.0972519919857859],[140.79731968685417,-3.0972450806958705],[140.79731831179072,-3.0972436993371844],[140.7973155625632,-3.0972436984378646],[140.7972248155728,-3.0972381523188233],[140.79711206936656,-3.0972436588677397],[140.79707356669178,-3.0972547088376814],[140.79698143924213,-3.0972837173696348],[140.79689343338532,-3.0973279289407287],[140.7967957993867,-3.0973914912243004],[140.79672841408512,-3.0974522943878355],[140.79666515217514,-3.0975241547159271],[140.7965895101978,-3.0976250388644075],[140.79651111719431,-3.0977328343028034],[140.7964492267505,-3.0978171358520967],[140.79636945868367,-3.0979235472338473],[140.79630344844543,-3.0979912616873548],[140.79621818462158,-3.098071411966032],[140.79613017426823,-3.0981418864388388],[140.79602153796372,-3.098212356415047],[140.79590602814073,-3.0982814432339865],[140.79581664632121,-3.0983325660949959],[140.79570526078919,-3.0984002706559295],[140.79561587986905,-3.098443101767657],[140.79550999908724,-3.0984873106408486],[140.79535874391092,-3.0985370395526957],[140.79523774102904,-3.0985660417893541],[140.7951346139713,-3.0985922840066564],[140.79502048460779,-3.0986295797912362],[140.79490498108009,-3.0986627297011751],[140.79478535416081,-3.0986972609697432],[140.79467397582334,-3.098726265005098],[140.79458734682862,-3.0987594212102749],[140.79447871502077,-3.0988050123414155],[140.79437558166785,-3.0988630419957417],[140.79426832222532,-3.0989293669966287],[140.79417481071903,-3.0989998387714763],[140.79411842502532,-3.0990620259916568],[140.79406753598801,-3.0991477115975385],[140.79403314411434,-3.0992361644173911],[140.79400287833028,-3.0993218536206086],[140.7939836085568,-3.0994213672022966],[140.7939794671787,-3.0995153535506574],[140.79398082425575,-3.0996079612383483],[140.79399179868267,-3.0997351226777141],[140.79402477502344,-3.099851232348442],[140.79405913092421,-3.0999493735646979],[140.79409348502634,-3.1000516606555948],[140.7941360877104,-3.1001553336017196],[140.79419931994278,-3.1002451866659726],[140.79424606040743,-3.1002908092733605],[140.79432992128886,-3.1003516412152408],[140.79442203075223,-3.1004180030883504],[140.79451551617819,-3.1004843658607228],[140.79460487641393,-3.1005493463752032],[140.79469698677656,-3.1006129437323011],[140.79479184816535,-3.1006682502394938],[140.7948922098077,-3.1007221735894177],[140.79502282194574,-3.1007761050331624],[140.79512456314808,-3.1008092963119225],[140.79521805397007,-3.1008452521066374],[140.79529642359114,-3.1008590881763212],[140.79531017422528,-3.1008590908742804],[140.79541329678625,-3.100857729300742],[140.7955067948028,-3.1008563650291876],[140.79561679178153,-3.1008563857135982],[140.79571028889882,-3.1008577868573184],[140.79579690890034,-3.100875772398922],[140.79582577983592,-3.1008896003747282],[140.79592751474308,-3.1009587267637926],[140.79596050817099,-3.1009919063513394],[140.79602786289558,-3.1010845248309238],[140.7960429813985,-3.1011163185631858],[140.79606771095621,-3.101218604754763],[140.79606770556018,-3.1012462481157854],[140.79606631340971,-3.1013374717468878],[140.79604704543488,-3.1014397489452108],[140.79602641138979,-3.1014895039373869],[140.79596176272526,-3.1016111228549903],[140.79591224875139,-3.1016940439449172],[140.7958737343854,-3.1017769677328033],[140.79583796834766,-3.1018626560367011],[140.79579532339551,-3.1019718400283409],[140.79576780683885,-3.1020644396221542],[140.79574166174837,-3.102169481336432],[140.79572788863118,-3.1022869633725918],[140.79572511781998,-3.1024016826914362],[140.79572509623631,-3.1025150215509711],[140.79572919984275,-3.1026214509191732],[140.79574842824741,-3.102734793375987],[140.79578140278954,-3.1028578134373106],[140.79582675290237,-3.1029877465871891],[140.79585973284043,-3.1030872700613941],[140.795895462006,-3.1031909412089362],[140.79593531726118,-3.1032959937151077],[140.79597517341563,-3.1033872263393505],[140.79602190218907,-3.1034936629021672],[140.79606588443312,-3.1035793655951807],[140.79611398827001,-3.1036844207993113],[140.79616346627097,-3.1037950050354084],[140.79619782127247,-3.1038903817357095],[140.79622942614719,-3.1039940510845554],[140.79625690043565,-3.1041295105683844],[140.79626650429577,-3.1042359399366433],[140.79626648630938,-3.1043299280836436],[140.79626921485249,-3.1044405033265434],[140.79627057103005,-3.1045372559894986],[140.79627055214428,-3.1046367731685223],[140.79625815409065,-3.1047542552046821],[140.79624577312404,-3.1047901894156666],[140.79620175940374,-3.1048648187563117],[140.79617975479186,-3.1048896940041004],[140.79615225172506,-3.1049076570626539],[140.79612612641961,-3.104917326573343],[140.79609175073381,-3.1049228493100145],[140.7959941284264,-3.1049242126822492],[140.79588413414558,-3.1049048412853608],[140.79577689358882,-3.1048619724020341],[140.79569303000937,-3.1048163443987278],[140.79556241787134,-3.1047610306969773],[140.79547717563116,-3.1047306066321312],[140.79538368480928,-3.104694651736736],[140.7952709457976,-3.1046476360795054],[140.79517470664746,-3.1045992408622283],[140.79507159487821,-3.1045439343550356],[140.79496985727314,-3.1044941559804897],[140.79487499408572,-3.1044429962472577],[140.79477050905177,-3.1043738671601773],[140.79468389804356,-3.1043116520610283],[140.79460003806139,-3.1042411452126544],[140.79451480481441,-3.1041651084329374],[140.79443644688456,-3.1040890725525969],[140.79436496067444,-3.1040199497608114],[140.79429760055393,-3.1039494456103967],[140.79423436562354,-3.1038803246172506],[140.79416975562981,-3.1038098213660987],[140.79409552289019,-3.103733786385078],[140.79400616535236,-3.1036536028314572],[140.79392093210538,-3.1035748024351619],[140.79384394744034,-3.103507060102686],[140.7937642153463,-3.1034199670577891],[140.79369960894985,-3.1033328776101712],[140.79363087916181,-3.103238875973318],[140.79357864473877,-3.1031586987149353],[140.79352091365934,-3.1030702279086313],[140.79347005969555,-3.1029651727045007],[140.79343707885812,-3.1028739418788405],[140.79341510662198,-3.1027329560610042],[140.79341375224294,-3.1026306752654023],[140.79341377562525,-3.1025021315680874],[140.79341379990706,-3.1023805000600078],[140.793430317755,-3.1022823687362688],[140.79343032135228,-3.1022685470557576],[140.79343584318963,-3.1021607381275089],[140.79345372890657,-3.1020985428134509],[140.79349500059391,-3.1019810661732095],[140.7935266450387,-3.1018801730315317],[140.79356241377445,-3.1017737517572073],[140.79359406181652,-3.1016535097016913],[140.79362158107119,-3.1015539979186428],[140.79364360277009,-3.1014365167818028],[140.79365599992457,-3.1013190338462664],[140.79365739657169,-3.1012056958861081],[140.79365741815536,-3.1010978860585396],[140.79365194128411,-3.1009845462997419],[140.79363683986833,-3.1008560008037307],[140.79361623819887,-3.100739893830962],[140.79359013357782,-3.100637606740122],[140.79355852960248,-3.1005339382905959],[140.79352417639973,-3.1004288848851047],[140.79348569710726,-3.100330742769529],[140.79343483774767,-3.1002491841524602],[140.79337847723502,-3.1001869753486062],[140.79328499270832,-3.1001150844435301],[140.79323412435542,-3.1000901939072492],[140.79319837720345,-3.1000805127054605],[140.79312963032828,-3.100074970183698],[140.7930320071215,-3.1000763326565561],[140.79293438391471,-3.1000790782867966],[140.7928175107196,-3.1000845839363365],[140.79270063302783,-3.1001122039150459],[140.79261262896966,-3.1001467423782287],[140.79251499766906,-3.1001868053767225],[140.79240636676047,-3.1002351610238179],[140.79232111192982,-3.1002738435630022],[140.79222760402081,-3.1003235841660057],[140.79210934407104,-3.1003912887269394],[140.79199795763975,-3.1004603746465023],[140.79189207236129,-3.1005294632640812],[140.79179856175426,-3.1005957900636076],[140.79170505114723,-3.1006621150644946],[140.79160879041342,-3.1007298232227072],[140.79151940499662,-3.1007933864055985],[140.79141902087122,-3.1008555637332051],[140.79133651167069,-3.1009122174248205],[140.79123337741851,-3.1009730115951584],[140.79112062131969,-3.1010199831856085],[140.79100099260177,-3.1010462209063121],[140.79090199523091,-3.1010503487945016],[140.79080024863265,-3.1010434177194952],[140.79076175225316,-3.1010323515617415],[140.79066963919252,-3.1009825749857782],[140.79065314202899,-3.100967368349302],[140.79059128575932,-3.1008802789016841],[140.79058304077478,-3.1008567796166631],[140.79057892098047,-3.1008277530982582],[140.79057894076561,-3.1007310013346228],[140.79058171517408,-3.1006107520844921],[140.79060099214212,-3.1004670089452588],[140.79063126332221,-3.1003592063122483],[140.790656035148,-3.1002444887921001],[140.79067805594764,-3.1001325366871697],[140.79070558059811,-3.099999853410452],[140.79073584908019,-3.0999044902000037],[140.79075512065231,-3.099789771780479],[140.79077026793357,-3.0996778187762857],[140.79077853630042,-3.0995824510692387],[140.79078406443307,-3.0994428511066303],[140.79078545928155,-3.0993391880530226],[140.79078410580189,-3.0992272323508701],[140.79078412558704,-3.0991263320145777],[140.79078139884257,-3.0990088472804587],[140.79076765900038,-3.0989618496096227],[140.79073605412566,-3.0988637092926865],[140.79070444655304,-3.0987738607250321],[140.79066322432845,-3.0986453098331594],[140.79063024888694,-3.0985209066145103],[140.79058901497115,-3.098447644243322],[140.79051066333648,-3.0983370537119868],[140.79044880526817,-3.0982568755543411],[140.79042543458615,-3.098236138087259],[140.79034020403731,-3.0981531900176833],[140.79026597219695,-3.0980730091620217],[140.79017523959567,-3.0979955901243557],[140.79010375428493,-3.0979333768238462],[140.79002401769435,-3.097871162624017],[140.78994015861144,-3.0978048007509074],[140.78986454811047,-3.0977425883497176],[140.78978481331853,-3.097677611432573],[140.78968995462776,-3.0976057178295946],[140.78958547409047,-3.097524148420689],[140.78948649020947,-3.097455021132248],[140.78937925684727,-3.0973872716052711],[140.7892747727127,-3.0973181434175103],[140.78918403921216,-3.0972531620037671],[140.78910705274836,-3.0971909478039379],[140.78902869391914,-3.0971218241128327],[140.78893521119107,-3.0970485500504878],[140.7888293537917,-3.0969752732901838],[140.78872349279504,-3.0969171995690772],[140.78862312755541,-3.0968840073909973],[140.78856538118748,-3.0968770853091883],[140.78845401004457,-3.0968715337942285],[140.78832338801396,-3.0968756553871231],[140.78823401338911,-3.09688945818192],[140.78816113502842,-3.0969143226378151],[140.78806625475397,-3.09695715195096],[140.78802087496342,-3.0969889321934261],[140.78793148684872,-3.097062170282868],[140.78786822493873,-3.0971367951269713],[140.78780495673345,-3.0972349165580795],[140.78775819018836,-3.0973233666799729],[140.78771417017288,-3.0974297861556579],[140.78767427264961,-3.0975500273118541],[140.78763987717866,-3.0976564476868589],[140.78761923414038,-3.097753196752592],[140.78759033622509,-3.097867910675518],[140.78756281607116,-3.097975716006431],[140.78752841790219,-3.0980918121873628],[140.78748164686056,-3.098207904770959],[140.78745001410698,-3.0982521280332094],[140.7873812492453,-3.0983336632679084],[140.7873111147162,-3.098393083274118],[140.78726573582514,-3.0984193353839942],[140.78716397663629,-3.098474602321005],[140.78703884496679,-3.0985284807047719],[140.78695359103551,-3.0985588723939941],[140.78684908621642,-3.0985975522352192],[140.78674595915879,-3.098623792653882],[140.78668133477584,-3.098626543679984],[140.78654796441708,-3.0986265167003353],[140.78640909560329,-3.0986099026248439],[140.78628673204707,-3.0985697937609302],[140.78617674586019,-3.0985144845557784],[140.78608876068779,-3.0984550339725843],[140.78607089115872,-3.098431532888867],[140.7860172888669,-3.0983237122694618],[140.78601179580778,-3.0982891558198276],[140.78600906726467,-3.0981868750242256],[140.78600358589688,-3.0980928859778487],[140.78599947959242,-3.0980016614474835],[140.78601187674678,-3.0978883252859077],[140.78603939060542,-3.0978136932473035],[140.78609028503865,-3.097710039186893],[140.78614805478901,-3.0976063878244986],[140.7862099461322,-3.0975165599412549],[140.78627871728906,-3.0974004700556179],[140.78633923716609,-3.0972940541772118],[140.78640663236024,-3.0971834942228611],[140.78648089927412,-3.0970867568482845],[140.78654691131101,-3.0970176610362046],[140.78664180327667,-3.0969223104162324],[140.78670781441417,-3.0968545959627818],[140.78676695473121,-3.0967675307968534],[140.78681509813828,-3.0966721702843643],[140.78685911725449,-3.0965685162240106],[140.78688938483731,-3.0964731521142426],[140.78691553172644,-3.0963612000093121],[140.78693755342545,-3.0962506310617073],[140.78695132294524,-3.0961511165806996],[140.78696371560306,-3.0960585133896075],[140.78697611455607,-3.095936884579487],[140.78697614333441,-3.0957945192016609],[140.78696240888814,-3.0957171145531674],[140.7869225554316,-3.0956162079216369],[140.78686757268042,-3.0955318838892936],[140.78686207512476,-3.0955263548573271],[140.78683457835314,-3.0955152913975326],[140.78681395420074,-3.0955152869009339],[140.7867438268662,-3.0955304773495982],[140.78670395092661,-3.0955470545528669],[140.78662969300603,-3.0955967978538865],[140.7866173156367,-3.0956092345784896],[140.78660906255823,-3.0956216731016752],[140.78660906255823,-3.0956230562590008],[140.78660631243145,-3.0956299657502768],[140.78659530922619,-3.0956451669908347],[140.78652792212597,-3.0957156450609205],[140.78648804438785,-3.0957377521954754],[140.78637253996078,-3.0957750479800552],[140.78636016528947,-3.0957750452820392],[140.7862707969598,-3.0957556765831669],[140.78624880313987,-3.0957280278261692],[140.78623643476374,-3.095694852735221],[140.78623232216398,-3.0956368005978447],[140.78623234015049,-3.0955455769667424],[140.78623236623082,-3.095417035068067],[140.78623238511659,-3.0953230460216901],[140.786232405801,-3.0952193829680823],[140.78622968085517,-3.0950894579120813],[140.78622558534255,-3.0949484747922043],[140.78621598418044,-3.0948296060014968],[140.7862160030661,-3.0947369992130689],[140.78621877297803,-3.0946361015747925],[140.78623116563585,-3.0945421161256945],[140.78625730802844,-3.0944550437652083],[140.78628756841658,-3.0943969979230701],[140.78634258264412,-3.0943140777324629],[140.78641823001738,-3.0941938446701442],[140.78648287508463,-3.0940846651751031],[140.78652552363405,-3.0939575136283111],[140.78654067541186,-3.0938234453956284],[140.7865365601142,-3.0937750681648026],[140.78651320292204,-3.0936893690690681],[140.78649671025505,-3.0936548099214747],[140.78647059304353,-3.0936230161892126],[140.78644309807055,-3.0936008946654852],[140.78636748307292,-3.0935607965934651],[140.7863001139591,-3.0935455791650952],[140.78618736775286,-3.0935386453921296],[140.7860663729648,-3.0935372379531145],[140.78597012572084,-3.0935372190673434],[140.78583812862678,-3.0935454847362962],[140.78569925081979,-3.0935772469923108],[140.78555212263245,-3.0936200646142424],[140.78540636770981,-3.0936670290101347],[140.78524549338488,-3.09369463999559],[140.78512587276089,-3.0936877053233047],[140.78506950325504,-3.0936697251776195],[140.78497051667603,-3.093617182287062],[140.78491965102114,-3.0935770887116405],[140.78490040642873,-3.093554969885929],[140.78483580542809,-3.0934512933424685],[140.78481656533233,-3.0934015311556777],[140.7847808469586,-3.0932494845760061],[140.78477262535648,-3.09311264733077],[140.78477127187671,-3.0930048366038818],[140.78476991929642,-3.0928914977444038],[140.78476857391058,-3.0927463687498857],[140.78476722492758,-3.0926192082098396],[140.78476724741063,-3.0925072516083105],[140.78475764534915,-3.0923925286921872],[140.78473291938883,-3.0922805666947397],[140.78469719831708,-3.0921409604369501],[140.7846697276259,-3.0919985905624685],[140.78466424805663,-3.0919032192581426],[140.78463677466743,-3.0917719056488977],[140.78460930037897,-3.0916475051282077],[140.78460519857117,-3.0915327831114041],[140.78460522375212,-3.0914070048293638],[140.78459149829905,-3.0912936632718697],[140.78457363506527,-3.0912356084365342],[140.78453240744466,-3.0911333186476782],[140.78451591297903,-3.0911084362053316],[140.78446505541808,-3.0910324057209095],[140.7844430660947,-3.090979879018164],[140.78441422034007,-3.0908444186349584],[140.78441012842472,-3.0906827034439743],[140.7844225282771,-3.0905555456018874],[140.7844321780027,-3.0904270046025317],[140.78442531527617,-3.0903675702071496],[140.78438684407763,-3.0902307266666753],[140.78432224757375,-3.0901021712781471],[140.78425627420779,-3.0899832898968498],[140.784188924879,-3.0898630271569232],[140.78413120459152,-3.0897289436358051],[140.78409135832953,-3.0895934823532798],[140.78406251527292,-3.0894455834468886],[140.7840391688726,-3.0893073603463677],[140.78400620242439,-3.0891470211180945],[140.78397872723656,-3.0890240019560906],[140.7839471295564,-3.0888954528628005],[140.78389216119433,-3.0887489299191202],[140.78383443730945,-3.0886341980097995],[140.78376708888015,-3.0885139352698729],[140.78369561705915,-3.0883853780827053],[140.78363514214811,-3.0882720257333744],[140.78356779461808,-3.0881476171188069],[140.78352381507204,-3.0880577658531365],[140.78352381597142,-3.088050854563221],[140.78352244270661,-3.0880439441726253],[140.78349221289534,-3.0879513310890161],[140.78344136162957,-3.0878379832362839],[140.78336988711067,-3.0877329226362349],[140.78328328419627,-3.087638917402046],[140.78318705943536,-3.0875324691480728],[140.78312658002767,-3.0874398506685452],[140.78305648327012,-3.087318204771293],[140.78299875668733,-3.0872076187365565],[140.7829547771413,-3.0871163861122568],[140.78291904707646,-3.0870265366452827],[140.78288194824336,-3.0869048979426452],[140.78287234798051,-3.0867832637366064],[140.78287100169541,-3.086643663773998],[140.78287240283919,-3.086510975101362],[140.78288479010109,-3.0864487788879842],[140.78291506487835,-3.086321624643233],[140.78295496869691,-3.0861723578679516],[140.78299349835129,-3.0860230901934074],[140.7830223926693,-3.0859166689190829],[140.78304441526757,-3.0858074813301641],[140.7830636868398,-3.0856886179353182],[140.78309395981842,-3.0855739040123922],[140.78312148536827,-3.0854453657109957],[140.7831380068136,-3.0853306490901105],[140.78314765563982,-3.0852131661546309],[140.78314768172015,-3.085081858840681],[140.78314771139787,-3.0849381130034885],[140.78314223002997,-3.0848468875737467],[140.78312848838914,-3.0848095657088379],[140.78311061975933,-3.0847819187504797],[140.78302676697183,-3.0846879126170279],[140.78291541381532,-3.0845980487608813],[140.78281643263233,-3.0845261551579028],[140.78269821135348,-3.084414175174004],[140.78262948156544,-3.0843243194117917],[140.78260611807798,-3.0842745563256813],[140.78255664277492,-3.0841584421583548],[140.78252091540799,-3.0840589177847733],[140.7825016879026,-3.0839483398439711],[140.7824989620575,-3.0838336178271675],[140.78250448299559,-3.0837271929555641],[140.7825251251345,-3.083642884211713],[140.78253750520173,-3.0836166249072789],[140.78259114166792,-3.0835447627805479],[140.78263239806677,-3.0835060703488466],[140.78269702874491,-3.0834646178977323],[140.78274928025519,-3.0834438957191423],[140.78286065769328,-3.0834079821925684],[140.78292940726635,-3.0834010852918254],[140.78305590230809,-3.0834011113721544],[140.78316452242484,-3.0834011329558848],[140.7832373926916,-3.0834039127603319],[140.78326489216113,-3.08340391905557],[140.78335288902463,-3.0834053184006507],[140.78340101084802,-3.0834053282932246],[140.78353300614333,-3.0834053552728733],[140.78367600284537,-3.0833929446286561],[140.78380525340981,-3.083362562831951],[140.78391938097468,-3.0833252679466909],[140.78403351123757,-3.0832755327396058],[140.78407338987506,-3.083246515214455],[140.78416415305333,-3.0831649853757312],[140.78424392022077,-3.0830668666425254],[140.78430443380262,-3.0829839482505577],[140.78436219995558,-3.0828913540527196],[140.78442271623544,-3.0828001430121503],[140.78449010873157,-3.0826964934483385],[140.78450799264976,-3.0826439739402076],[140.78453414133764,-3.0825292582186421],[140.78454241240252,-3.0824214501897131],[140.78454793423987,-3.0823094953868804],[140.78455207831587,-3.0822141249818173],[140.78455210259756,-3.0820897289577829],[140.78454938034963,-3.0819528926118664],[140.78453840142618,-3.0818533736342602],[140.78450679565219,-3.0817621437079197],[140.78444632164053,-3.0816460277419537],[140.78442020442901,-3.0816142331103151],[140.78434872181617,-3.0815423449032551],[140.78425799730883,-3.0814386638631959],[140.78419614193842,-3.0813529548749443],[140.78415353655657,-3.0812603408919585],[140.7841260595701,-3.0811539070271579],[140.78411233501629,-3.0810322728210622],[140.78411236019735,-3.0809092590550335],[140.78412474206323,-3.0808677958120825],[140.7841247429626,-3.0808664153527161],[140.7841357506644,-3.0808235680531766],[140.78417152299744,-3.0807088550295703],[140.78421141872207,-3.0805927606473347],[140.78426093899122,-3.0804849607123401],[140.78429119488283,-3.0804462655826228],[140.78435720422169,-3.080389610092368],[140.78439158080687,-3.0803716479331342],[140.7845043333084,-3.0803371166645661],[140.78455245603107,-3.0803329797831225],[140.78467070428962,-3.0803178001263518],[140.78479995755208,-3.0802722143911296],[140.78490309000563,-3.080210037063523],[140.78494434820323,-3.0801658155998553],[140.78501449262478,-3.0800483452549088],[140.78502687718867,-3.0799999707220422],[140.78504202626857,-3.0798783419119218],[140.78505442881885,-3.0797359801313178],[140.78507645321577,-3.0796102072451959],[140.78510535742635,-3.0794609377720121],[140.7851141240177,-3.0792714218385981],[140.78511366086684,-3.0791872677781384],[140.78511505391668,-3.0790946618890871],[140.78511645236244,-3.0789813239289288],[140.78511922407301,-3.0788693682267194],[140.78511787778791,-3.0787297673648482],[140.7851055148077,-3.0786717134287755],[140.78507116700086,-3.0785445456941716],[140.785064325858,-3.0783745369552662],[140.78507121916152,-3.0782819319655346],[140.78509599908114,-3.0781271325610646],[140.78511940303804,-3.0779764799305553],[140.78512080418182,-3.0778451726165486],[140.78511670776993,-3.077705572653997],[140.78510298501476,-3.0775742626420879],[140.78507825995382,-3.0774540079960389],[140.78504665957576,-3.0773378992246307],[140.78500268002972,-3.0772466666003311],[140.78497931114634,-3.0772217832586648],[140.78495044111003,-3.0772038076095782],[140.78484870440423,-3.0771609396256281],[140.78478133618978,-3.077145723096578],[140.78464522739534,-3.0770945543701487],[140.78455311883147,-3.07703233837168],[140.78452012810146,-3.0769977774254471],[140.78448099320337,-3.0769489028695034],[140.7844566827298,-3.0769188502247289],[140.78444353374221,-3.0769063631381073],[140.78443352698571,-3.076896860002023],[140.78442390423982,-3.0768927114294229],[140.78440465515075,-3.0768885610581833],[140.78437440915172,-3.076876115340383],[140.78436066301424,-3.0768622900625928],[140.78435241623106,-3.076847085224756],[140.78430294002874,-3.0767392646053509],[140.78425071369952,-3.0766342094012202],[140.78420260356734,-3.0765733828553152],[140.78418473223962,-3.0765595575774682],[140.78412973869649,-3.0765360501985128],[140.784043124091,-3.0765083879517192],[140.78393176014265,-3.076477957591635],[140.78384376957433,-3.0764516776027904],[140.78375302887923,-3.0764267798719516],[140.78362928756167,-3.0764101693937391],[140.78351929418011,-3.076410146910689],[140.78339004631368,-3.0764308538007867],[140.78332541923282,-3.0764571014140643],[140.78317966790746,-3.0764971554193608],[140.78313292114751,-3.0764971446274672],[140.78304080089231,-3.0764860685771396],[140.78301605604622,-3.0764708601420239],[140.78298993793533,-3.0764418291270772],[140.78293358731526,-3.0763409179988912],[140.78292122073776,-3.0762994511587181],[140.78291573127603,-3.0762496907705668],[140.78291712702389,-3.0761404986849925],[140.78292951338642,-3.0760824510442148],[140.7829735334019,-3.075973267052575],[140.78303680070781,-3.075873763363461],[140.78310831659564,-3.0757784082468902],[140.7831922098527,-3.0756664687324928],[140.78324585441271,-3.0755586687974983],[140.78325548705118,-3.075519970070502],[140.7832582479698,-3.0754605365744396],[140.78325414526262,-3.0753554912628829],[140.78323628292821,-3.075294671012216],[140.78321841609704,-3.0752601127639423],[140.78318954785937,-3.0752296985916701],[140.783141431432,-3.0752034275960796],[140.78309331140724,-3.0751895960229945],[140.78293519979968,-3.0751605380283422],[140.78279909190462,-3.0751107515598619],[140.7826822366959,-3.0750388543596046],[140.78260113043791,-3.0749697297691796],[140.78254339666046,-3.0748992274173474],[140.78252140733719,-3.0748522270486092],[140.78248567997025,-3.0747485568003867],[140.782469200793,-3.0746518023387353],[140.78246647135063,-3.0745522842604487],[140.78247336735205,-3.0744500043641665],[140.78248987890481,-3.0743864267921026],[140.7825215206517,-3.0742924449403404],[140.78257378475246,-3.0742136724230136],[140.78263979588996,-3.0741376653209613],[140.782715431572,-3.0740671899488348],[140.78282956813018,-3.0739884291226645],[140.78294232332962,-3.0739276358516463],[140.78307982967044,-3.0738599375860076],[140.7832035862765,-3.0738005301702742],[140.78333834159127,-3.0737342123639451],[140.78346484922349,-3.0736706572749881],[140.78359273101978,-3.0736029572106531],[140.78373023825998,-3.0735338757876889],[140.78384162109398,-3.073466172126075],[140.78395438168945,-3.0733846458846301],[140.78403276480037,-3.073321081802419],[140.78411114970982,-3.0732575177202079],[140.78416478437737,-3.073195331399404],[140.78423904589533,-3.0731207083539402],[140.78431743620081,-3.0730239709794205],[140.78436695197331,-3.0729299936242569],[140.78438897007493,-3.0728387735904903],[140.78439173009428,-3.0727821046103827],[140.78437937970466,-3.0726632349202987],[140.78436701402654,-3.072621767180749],[140.78434089861366,-3.0725761499692794],[140.78427079376218,-3.0724987336296294],[140.78418693467938,-3.0724392830464353],[140.78411855832485,-3.0724103968223062],[140.78400958117732,-3.07237981357747],[140.78388996684851,-3.072353528192707],[140.78378684968345,-3.07234245034374],[140.78369335526418,-3.0723410483007001],[140.78357236497277,-3.0723272023384425],[140.78344862815175,-3.0722926216071755],[140.78334001792757,-3.0722428423332531],[140.78323690795696,-3.0721985911919774],[140.78313929824003,-3.0721488128174315],[140.78306368773906,-3.0720962753227923],[140.78299632941719,-3.0720312984056477],[140.78293997160245,-3.0719580324371805],[140.78288774797124,-3.0718391528545794],[140.78288088434545,-3.071786628849793],[140.78288366055256,-3.0716567046931118],[140.78291118430377,-3.0715378430969622],[140.78293043968813,-3.0714949993946448],[140.78297858219582,-3.0714037856561163],[140.78305422417316,-3.0712973733750459],[140.78310923570268,-3.0712241289903091],[140.78318213115051,-3.0711080400039918],[140.78324677262049,-3.071003008182231],[140.78331416511674,-3.0708993586184761],[140.78336092986308,-3.0708150561698631],[140.78339807276291,-3.0707169284434599],[140.78340770899865,-3.070660260362672],[140.7834118575712,-3.0705386297539121],[140.78341188185289,-3.0704225272777421],[140.78342427990663,-3.0703050452415823],[140.78343528670916,-3.0702677278732722],[140.78348343461289,-3.070136431351159],[140.78352058021062,-3.0700272455608797],[140.78355084869281,-3.06992358880251],[140.78356324404854,-3.0698213098055476],[140.78356464429294,-3.0696969137815131],[140.78356741510424,-3.0695932507279053],[140.7835674339899,-3.0695020279961227],[140.78356470364827,-3.0693983631438755],[140.78356059824307,-3.0693071386135102],[140.78353999477497,-3.0692034719626236],[140.78352076726969,-3.0691011857710464],[140.78351391083834,-3.0690058135674008],[140.78351256095596,-3.0688800361846802],[140.78351120837567,-3.0687736077157979],[140.78351122995934,-3.0686657978882295],[140.78351675269607,-3.0685483140534302],[140.78353052491389,-3.0684377433071859],[140.78353880137468,-3.0683022910178579],[140.78353883015291,-3.0681599256400318],[140.78353473014374,-3.0680369109746266],[140.78352512628362,-3.0679332461223794],[140.78351002127056,-3.0678420188939981],[140.7834921751238,-3.0677024153341677],[140.78348670364846,-3.0675572854403299],[140.78348673602409,-3.0673983347653007],[140.78349363832081,-3.0672656469919843],[140.78351015886676,-3.0671523108304086],[140.78353217966639,-3.067040358725535],[140.78354319995879,-3.0669408451438471],[140.78356797807976,-3.0667957224445672],[140.78359961982665,-3.0666989751775304],[140.78362988561082,-3.0666132859743129],[140.78367665305518,-3.066515160945869],[140.78368903042451,-3.0664999588059914],[140.78368903132377,-3.066497196088676],[140.78369454956385,-3.0664004443249837],[140.78371932408766,-3.0662705237656382],[140.78374822200294,-3.0661488985527967],[140.78378949638818,-3.0660203638486792],[140.78383626922846,-3.0658904477858755],[140.78386929143471,-3.0657702057303595],[140.78390094307417,-3.065627848446411],[140.7839298427881,-3.0654923997544188],[140.78395186808427,-3.0653652437109713],[140.78396014274642,-3.0652353213529295],[140.78396291355773,-3.0651316582993218],[140.78396431110411,-3.0650238493711299],[140.78396295942309,-3.0649105096122753],[140.78394648294386,-3.064790255865546],[140.78391625942788,-3.064668618961548],[140.78388052936305,-3.0645842976271638],[140.78381180137364,-3.0644916782483165],[140.78378155807252,-3.0644667931079539],[140.78370457070946,-3.0644266950358769],[140.78362757884975,-3.0644073290349638],[140.7835918307984,-3.0644073209410863],[140.78346396339123,-3.0644100593767121],[140.78335396371449,-3.06443906341201],[140.78331545924107,-3.0644722268117448],[140.78326732482719,-3.064534414931245],[140.78320405392401,-3.0646532702322133],[140.78313802839739,-3.0648066792847999],[140.78310225336634,-3.0649407430208271],[140.78306922666354,-3.0650789544301347],[140.78303757682272,-3.0652116368075326],[140.78299905256426,-3.0653456996442969],[140.78295640761223,-3.065454882736617],[140.78289038928006,-3.0655654453889269],[140.78282300217984,-3.0656469797243062],[140.78278999885947,-3.0656718522741357],[140.78275149798333,-3.0656884303767242],[140.78263187016478,-3.0657395469424955],[140.78253699168886,-3.0657782276830403],[140.78242286772127,-3.065805847661693],[140.78236374628989,-3.065808601385811],[140.78223038042779,-3.0658058089908309],[140.7821066427075,-3.0657767581907933],[140.78204752577278,-3.065747719981232],[140.7819292990979,-3.065671676007014],[140.78189355824122,-3.0656384973187301],[140.78183307883364,-3.0655527892297982],[140.78176435444152,-3.0654477304283887],[140.7816846277434,-3.0653509597789252],[140.78161452289203,-3.0652735452378579],[140.78155404438371,-3.0651878362496063],[140.78150181355795,-3.0651048962739083],[140.7814605841387,-3.0650191908828788],[140.78143173298815,-3.0649072288854313],[140.78143036781728,-3.0648574702959763],[140.78143176266576,-3.0647607176329643],[140.78144965557726,-3.0646681162405116],[140.78149092366721,-3.0645630790228324],[140.78151705526795,-3.0645257661511209],[140.78157069173415,-3.0644525208671212],[140.78163945479707,-3.0643682220157871],[140.78170684459531,-3.0642756296165885],[140.78177560675886,-3.0641927130232602],[140.78185675078851,-3.0640780089928512],[140.78191176861333,-3.0639729753724509],[140.78195166523722,-3.0638582623489015],[140.78196956084662,-3.0637463093446513],[140.78197370941916,-3.0636315900258069],[140.78196548062249,-3.0635279242742399],[140.78195036661623,-3.0634781620874492],[140.78192507857955,-3.0634309278949559],[140.78192150467373,-3.0634242522274349],[140.7818692729486,-3.0633482208436931],[140.7818087881451,-3.0632943037890641],[140.78179229098146,-3.0632846252851778],[140.78167818140298,-3.0632403723452626],[140.78157094444362,-3.0632099419851784],[140.78147745542026,-3.0631836619963337],[140.78137021486361,-3.0631684355747666],[140.78125472302713,-3.0631656467771222],[140.78114472874631,-3.0631656251933919],[140.78103198613735,-3.0631683663269769],[140.78090961178918,-3.0631932199910352],[140.78088211231966,-3.0632056540176791],[140.78078173179154,-3.0632609209546899],[140.78072672475855,-3.0633092855949826],[140.78070472014679,-3.0633396889754181],[140.78067583302334,-3.0634060283654776],[140.78064831197014,-3.0635193609297175],[140.78064692791349,-3.0635663550032177],[140.78064552587034,-3.0636962791598989],[140.78064137909644,-3.0638082348621083],[140.78062348618505,-3.0639008371538807],[140.78058634598312,-3.0639865236590822],[140.78054921477451,-3.0640252178894229],[140.78051346222651,-3.0640500904392525],[140.78042821099325,-3.0640804803298352],[140.7803924629419,-3.0640818553932831],[140.78028934577674,-3.0640763047775863],[140.78017523260098,-3.064048638034194],[140.78013536385606,-3.0640292801271016],[140.78008037570885,-3.0639864202370291],[140.78001164322279,-3.0639200619612552],[140.7799387891439,-3.0638412633635426],[140.77986456090082,-3.0637555516773318],[140.77976146262142,-3.0636560138139544],[140.77967210958025,-3.0635703003290473],[140.7796020038295,-3.0635039411538969],[140.77952364679891,-3.063436197922158],[140.77944254144018,-3.0633670733317331],[140.77936693903303,-3.0632772148715048],[140.77930921514826,-3.0631652465788193],[140.7792707448491,-3.0630325498122488],[140.77926389741106,-3.0629012415989791],[140.77926116796857,-3.0628031066779613],[140.77926256731371,-3.0626842387865167],[140.77927909055768,-3.062562610875716],[140.77930386508137,-3.0624382202475999],[140.77932313305621,-3.0623414720812434],[140.77934790308336,-3.0622364312662285],[140.77936992478226,-3.0621230969033491],[140.77939470110459,-3.0619890313686824],[140.77940022384132,-3.0618715457351868],[140.77940299914917,-3.0617512982837525],[140.77940715221837,-3.0616144628371558],[140.77941130708621,-3.0614651888673166],[140.77941408778997,-3.0613131485828831],[140.77941411566894,-3.0611776962936119],[140.77940727272755,-3.0610201260778922],[140.77939491874054,-3.0609206062009662],[140.7793646943253,-3.0608100255622048],[140.77931659498495,-3.0606994422254274],[140.77927124037546,-3.0606151190924038],[140.77919976315866,-3.0605238810721858],[140.77913790239234,-3.0604754921502035],[140.7790952844199,-3.0604561333438483],[140.77898804656115,-3.0604229375684895],[140.77888218376586,-3.0603966548816857],[140.77880931439836,-3.0603938750772386],[140.77871719504253,-3.060395239348793],[140.77860307107494,-3.0604214770694398],[140.77848482191712,-3.0604546242814195],[140.77837756966915,-3.0605029781298754],[140.77830260128405,-3.0605637498171632],[140.77826755560329,-3.0605983251525117],[140.77819466375274,-3.0607033560749528],[140.77817678163319,-3.0607448184185841],[140.77814926597591,-3.0608318889804309],[140.77811212037807,-3.0609479842620431],[140.77806534483989,-3.0610820461994308],[140.77801719513752,-3.0612174903948244],[140.77799105274494,-3.0613073245733062],[140.77796078696076,-3.0613943960345296],[140.77791676244874,-3.0615312233871919],[140.77785761493703,-3.0616542236634245],[140.77780397487356,-3.0617440551440041],[140.77773520641472,-3.0618546150983548],[140.77768156904926,-3.0619306239990465],[140.77763205597466,-3.062008015157744],[140.77754678585552,-3.062132393195327],[140.77750139707189,-3.062213932027305],[140.77747663064201,-3.0622982407711561],[140.7774738724213,-3.0623410871713759],[140.777482106614,-3.0624101982720049],[140.77749584915421,-3.0624447547215823],[140.77754807458405,-3.0625511939823582],[140.77759342829415,-3.0626410452479718],[140.77763465321675,-3.0627488631694746],[140.77767587813935,-3.0628608278648812],[140.77770060499904,-3.0629603504397664],[140.77771570641482,-3.0630778378718446],[140.7777156767371,-3.0632160555764472],[140.77769365683685,-3.0633169514161409],[140.77765788989973,-3.0634109323685834],[140.77761111526081,-3.0635436120480222],[140.77755609923463,-3.0636403521205011],[140.77751759476121,-3.0636721341616067],[140.77745434184442,-3.0637052939641194],[140.77740346719634,-3.0637204871107429],[140.77735809370108,-3.0637232417341806],[140.77727697665125,-3.0637038739345712],[140.77721786421307,-3.0636679262337339],[140.77713125680214,-3.0636043270779965],[140.77705840092449,-3.0635365847455205],[140.77697729826377,-3.0634536366759448],[140.77690031179998,-3.0634066273139524],[140.7768769402187,-3.063399712426758],[140.7767862022215,-3.0633706661233191],[140.77668034302349,-3.0633222682080827],[140.77656898626981,-3.0632655749462856],[140.77646724686599,-3.0632434399327622],[140.77643012375131,-3.0632461963548394],[140.77637649807696,-3.063264153118098],[140.77632424476815,-3.0632931679452895],[140.77627473888811,-3.063336005352312],[140.77624860908611,-3.0633705537080118],[140.7761922143992,-3.0634838808763334],[140.77614268873413,-3.0636193232730875],[140.77607253801727,-3.063764437878433],[140.77602027031924,-3.063868090140204],[140.77596387473307,-3.0639800341512],[140.77588135743872,-3.0640905923069681],[140.77581534720059,-3.0641596863204086],[140.77573145844008,-3.0642481283484244],[140.77566269807517,-3.0643144587452298],[140.77559806379963,-3.0643794068840862],[140.77552517644585,-3.0644637048360437],[140.77541103359238,-3.0645756380552029],[140.77530102492244,-3.0646502521074126],[140.77516351678298,-3.064724860763647],[140.77504251480025,-3.064773211014824],[140.77492701307131,-3.064814651774725],[140.77480051533155,-3.0648408867974126],[140.77468914508802,-3.0648505383216502],[140.774598398997,-3.0648546662098397],[140.77448977798099,-3.0648684636086614],[140.77440040335603,-3.0648891776933738],[140.77426427837383,-3.0649292325979332],[140.77414052806296,-3.0649651434266048],[140.77401815281553,-3.064999671097894],[140.77392052870948,-3.0650245301578707],[140.7738091539693,-3.0650535323945292],[140.77371290402732,-3.0650825373292037],[140.77362490356654,-3.0651087804458257],[140.77351765761387,-3.0651184319700064],[140.77341591371351,-3.0651211758015506],[140.77330866955947,-3.0651211533185005],[140.77321380007686,-3.0651211326340899],[140.77310518175875,-3.0651211092517201],[140.77298006717638,-3.0651100260068347],[140.77294019663282,-3.0650961953331262],[140.77284671210612,-3.0650505628331643],[140.77279722421258,-3.0650077047417312],[140.77278073064622,-3.064980057783373],[140.77275599928998,-3.0648998859209655],[140.77275600378664,-3.0648791538498017],[140.77276977330644,-3.0647824038848057],[140.77278215337378,-3.0647561445803717],[140.7728302922842,-3.064674608446353],[140.77289080766468,-3.064582014248515],[140.77295544283947,-3.064515682952333],[140.77298157084283,-3.0644977207931561],[140.77298844615996,-3.0644949571764641],[140.77301457236467,-3.0644783772752362],[140.77312183540448,-3.0643871761272408],[140.77322084626508,-3.0643097948611171],[140.77334460826717,-3.0642185982097203],[140.77344361732912,-3.0641467450761866],[140.77355637792459,-3.0640638392746951],[140.77365813801271,-3.0639809298759815],[140.77376540105251,-3.0638897287279292],[140.77385891795473,-3.0637819386854517],[140.77389468219394,-3.0637045448288518],[140.7739414613294,-3.0635552798522099]]]]},"properties":{"OBJECTID":701,"nama_kawasan":"Kawasan Perbatasan Prioritas Kec. Towe, Kec. Waris - Kab. Keerom","delineasi_asal":"Towe Waris","Shape_Length":4.4315511050239573,"Shape_Area":0.1489909248894252}}]}